src,dst,time,relation
2613,589,83.296288,1
122,207,3.473621,1
2694,279,87.054848,2
39,2018,87.286522,0
1299,2955,11.937819,0
2749,2658,10.711705,0
2452,2249,79.239372,1
2794,93,17.032763,0
2685,1694,42.705513,1
1113,460,1.236188,0
81,1331,42.544342,2
2280,616,22.972309,0
957,2463,39.999920,2
2803,2131,7.164898,0
743,2215,12.793461,2
12,1741,99.703415,0
1433,2979,1.522447,0
2499,1050,13.602482,1
1363,1070,81.407539,1
1851,2913,67.459023,0
2916,2560,26.996317,1
760,2065,96.962982,0
1425,273,3.483939,1
641,2889,23.901390,0
537,298,6.368989,0
1383,2808,98.882301,0
1928,1275,95.757622,0
2867,1990,23.901758,1
1975,363,89.468956,0
983,605,63.409569,0
1895,249,6.459743,0
1904,347,68.694473,0
1727,1042,55.813923,0
2730,1228,65.851341,1
1862,262,30.349024,1
1636,245,49.548679,1
836,533,68.851662,1
79,2676,38.794216,2
59,103,10.673760,0
1339,1232,93.141174,0
1282,2764,67.068504,2
1126,1418,51.343201,0
2933,658,77.785439,1
2070,2350,71.140839,1
1616,1474,39.480686,1
1309,46,42.906963,1
102,2720,76.434006,0
2926,2889,98.540344,0
1200,132,8.191258,0
1185,237,67.114861,0
1659,2612,41.167068,1
2885,2668,70.324707,2
2353,224,8.434832,0
1958,1269,26.862957,0
801,2126,74.490829,2
2252,165,90.411240,1
1196,2100,26.957012,0
2498,2381,86.314491,2
223,2685,9.327838,1
1384,18,49.121597,0
2462,1988,9.053420,0
2217,1003,20.759514,1
1998,1167,21.777975,2
815,804,78.253288,1
2415,1451,28.015764,0
551,2387,71.096947,1
1420,2744,42.005730,2
1533,2766,21.751812,2
1344,1857,3.621841,1
90,403,23.888618,0
268,1415,48.856682,0
1918,2864,42.377106,0
1439,2225,31.025772,1
3,2533,72.876587,0
315,1403,67.048714,2
1221,2174,89.912819,1
1877,2969,12.955374,0
2647,2207,71.732819,0
1961,396,23.583893,0
1119,2954,41.245781,0
2968,621,47.272396,1
2741,1354,63.407455,0
1722,731,37.749187,2
2865,1314,45.492729,0
2735,2827,93.662117,0
2746,2347,14.362920,0
710,610,46.370197,1
1571,2655,71.700432,1
873,2266,86.569405,1
2848,186,40.899303,0
2914,1895,44.021503,0
1065,356,94.285851,0
1466,1512,31.886913,1
2919,1922,39.745239,1
1324,2032,25.725225,2
393,664,57.956345,0
1853,2770,32.510372,0
2143,1642,89.207268,2
965,591,48.566006,0
1526,776,8.236109,0
1884,1137,22.957222,2
684,887,10.335713,0
1751,1327,76.848198,1
1757,424,82.359726,0
915,2052,40.896629,1
602,547,80.764267,2
1773,964,60.472759,0
771,725,99.479065,1
979,1633,57.439281,1
2400,1181,1.311792,0
1888,916,50.529461,1
76,1790,5.952576,2
1732,1257,36.507866,0
1661,2210,59.679321,1
584,98,68.205635,0
455,2677,64.151970,0
1934,2085,11.544432,1
873,1998,40.129826,1
359,1536,95.947891,2
60,1141,80.348045,0
2742,11,65.745010,2
681,2625,98.832718,1
334,1789,73.334305,0
962,2507,67.138130,0
2557,195,33.262684,2
1065,2984,11.331573,0
2472,2930,15.954410,2
2808,1284,98.092567,0
2821,531,67.687851,2
2820,1569,75.075508,0
1259,526,33.838482,1
2740,1223,13.609715,2
2958,2777,66.496269,0
1237,1804,55.313011,1
1055,239,11.561897,1
551,2295,25.363333,1
1610,2375,92.605675,0
591,963,40.583809,1
1684,1939,73.630203,0
363,458,3.321796,1
677,1792,24.042130,0
2294,2200,63.647331,1
2689,978,98.578285,0
1365,2985,4.942413,0
2645,2836,4.632025,0
1900,2120,30.328840,0
2717,359,36.680237,0
560,484,70.519417,0
1685,720,87.800659,1
602,1288,52.578461,0
121,2531,20.255520,0
833,861,40.362312,0
2736,2928,83.501419,1
600,2697,24.221649,1
1549,44,56.592285,0
400,1465,47.753811,1
2891,1053,80.849182,1
2498,1791,47.867161,0
1266,521,77.690521,0
188,1232,30.965446,1
2892,266,39.483673,1
133,397,99.115814,0
1579,651,61.031990,0
2746,2677,65.477364,0
13,2389,71.343071,1
57,2210,81.742302,1
695,554,17.645317,2
350,849,79.087608,1
1475,2529,54.896320,1
2572,1549,70.826408,0
892,2508,92.629082,0
1845,25,57.107204,1
125,1090,98.002129,1
2928,2477,58.227642,0
2653,2189,7.279631,0
2861,2342,74.657112,0
529,2682,83.902176,0
2243,609,26.154577,1
935,412,51.141739,2
657,355,89.623672,0
876,869,40.535538,2
19,2095,85.778526,2
244,1650,42.881077,1
228,2288,42.337955,2
2305,2030,72.179184,0
798,2752,80.876053,1
2742,1020,86.746323,2
14,545,13.392986,2
226,2722,62.281769,1
1835,539,97.274933,2
712,207,11.928541,1
1717,1165,22.307287,1
958,2481,33.867619,1
580,89,4.754638,1
2052,2930,73.307877,1
1698,1713,42.405029,0
234,166,68.172668,0
804,1564,24.524233,1
499,2835,7.626847,1
1018,1193,65.636505,0
2712,406,60.285664,1
2315,745,61.539658,1
469,1581,61.501842,0
1955,1112,86.512344,0
517,1043,70.091919,0
2255,1890,60.850471,0
913,2360,51.193386,1
2375,1420,78.637718,0
2328,2924,19.833656,2
1888,2109,20.121994,0
1369,2448,31.691994,0
166,2111,16.413855,0
58,1965,23.517597,0
2511,1056,36.936615,1
425,989,83.248833,2
233,1074,68.002396,1
764,2353,98.585548,0
1671,1074,81.293076,0
2965,673,77.265381,1
1335,1300,42.624527,0
2574,717,56.379787,2
2664,2900,84.554222,0
2932,1340,70.878670,0
2756,2175,43.412350,1
2306,749,66.409523,1
2257,204,96.407257,0
158,2048,41.526775,1
1881,867,22.619526,1
1965,1134,44.308109,1
2586,2526,13.349521,1
1511,2994,65.754105,1
2097,1196,19.605360,0
1763,1685,97.143898,1
2010,2994,50.167580,2
2084,270,3.755329,1
1730,1685,42.535198,0
2054,2099,17.812111,1
2302,1655,40.550514,1
2127,22,2.393604,1
1460,1131,72.413216,1
1473,2197,30.818119,2
17,2273,72.407829,0
2393,3,63.601551,0
1256,2860,40.849823,1
2120,2758,71.213005,2
2037,1915,47.334568,2
2652,263,66.937874,2
2501,1543,9.653100,1
2510,754,40.657803,0
1477,928,93.974205,0
297,2017,70.143532,1
1312,892,73.915390,0
2179,1671,51.511158,1
1869,2905,72.459473,1
1005,2538,31.120783,0
255,1041,56.042328,1
1540,1378,4.244537,2
2986,2189,91.740311,0
1637,2949,55.348156,2
1329,2348,77.233894,0
952,1451,31.012806,1
1365,1743,97.228867,0
162,1624,0.628077,0
1089,1934,46.879414,1
1367,1577,66.142395,2
1422,1268,7.808067,0
1543,1677,98.765831,0
1132,598,28.412971,0
265,1043,74.446579,0
22,1666,21.099352,0
680,76,30.928913,0
1276,303,21.507351,2
2617,497,25.253256,2
1307,1793,40.566982,0
358,2696,90.048523,2
871,845,89.807434,0
2558,431,58.943417,0
217,668,81.172432,0
453,1467,82.519737,1
1937,880,96.668701,1
1879,759,33.420868,0
2093,2777,74.365311,2
1654,1398,19.837542,1
925,2397,1.378986,2
2734,2337,89.700417,0
940,997,79.290642,0
10,1889,71.084854,1
461,66,51.183311,2
627,2214,68.222084,0
399,1793,80.866371,0
2244,2610,68.265526,1
1128,790,33.598789,2
1669,2632,26.006721,1
2228,1529,0.628788,1
1935,1566,97.644447,1
1912,2883,69.423462,0
2805,1266,20.305620,1
1698,1812,33.020176,0
2400,1264,84.222130,1
543,2664,96.960884,0
1523,1153,4.648640,2
393,1091,2.985215,1
797,701,81.768944,0
2165,1108,1.288197,1
2219,252,81.656555,1
492,1296,53.935493,0
2774,99,79.091675,1
2088,19,27.023975,0
91,2701,57.442455,1
858,1226,48.963596,0
1275,2107,0.939079,0
2724,2219,72.787163,1
1243,2855,32.550819,0
1671,2312,61.244026,0
955,452,43.860767,0
2223,2308,77.933342,1
1690,1249,87.215660,0
1890,1413,65.278137,0
683,1046,35.078304,0
2039,1297,50.008270,0
419,2999,93.438011,1
733,1309,95.602295,0
1331,2939,58.732960,1
119,596,78.622780,1
35,1651,46.134670,1
202,221,26.971758,0
303,238,37.124580,0
2236,2242,32.262024,0
2901,1952,87.371368,1
1075,171,33.479095,0
481,101,10.830585,0
535,1108,29.946869,1
2998,2839,12.613041,1
466,1457,50.042255,0
615,683,23.438129,1
1822,1935,68.128906,0
1252,140,62.854610,0
274,973,98.981323,2
583,1633,42.988277,1
1126,2105,79.831268,1
658,2276,17.289225,2
45,2751,99.524178,0
2272,594,55.490959,2
695,1428,72.279427,0
668,729,86.256416,1
2199,1288,27.395374,0
1440,1668,36.833351,0
198,885,73.772453,2
2368,2845,52.339115,2
607,2357,66.322609,0
2454,2057,42.725479,0
2615,37,38.006557,0
1376,1957,47.533997,1
2173,280,71.863396,1
2227,2871,27.101715,0
2193,1129,97.140030,2
871,2475,26.741655,0
1106,1211,12.928411,0
1277,2533,41.503487,0
353,1996,32.972698,2
338,1503,48.397747,1
2260,842,0.305089,1
294,1879,72.463066,1
189,1659,43.331120,2
616,1942,91.071152,0
2378,1080,82.747635,0
1025,1276,47.468407,0
1455,1885,19.631762,2
415,2205,19.481247,0
760,2165,88.367867,1
778,1604,85.333855,1
2902,2141,77.647202,0
931,2430,12.885538,2
2314,221,71.490776,0
25,2607,80.324799,0
1190,2928,48.487770,1
1588,954,39.220875,1
810,137,2.498324,2
1178,1979,81.738045,0
678,2523,17.228230,2
234,2513,67.387184,0
914,1768,9.806669,1
2204,1274,11.242298,1
1505,126,7.433513,1
118,1488,50.290291,1
2597,1517,32.370766,1
67,1797,99.976830,2
2001,2291,61.100414,1
2351,1538,7.600952,1
1092,1432,76.136971,0
1943,272,84.705200,0
2236,1649,52.331303,0
1140,196,89.469864,1
1362,2536,46.143997,0
1183,2810,93.830620,0
469,1450,23.916174,1
1298,174,44.703445,0
797,189,79.382095,0
1418,659,39.854752,2
445,968,7.527390,0
1706,1365,10.819869,0
2680,2323,76.318672,1
1035,861,15.094196,1
387,1191,18.195198,0
724,926,7.172445,1
2228,458,33.319836,1
699,102,65.269341,0
2172,1555,18.792877,0
1160,173,87.262344,0
1724,1682,44.636646,1
1654,277,23.426369,0
1472,2622,40.552601,2
289,1922,28.066467,1
1160,2585,45.400269,1
2125,1547,75.685165,1
1124,395,96.386314,2
536,1007,42.151253,0
2072,1721,3.553452,1
115,2452,55.785839,1
1275,367,13.856336,1
515,2978,18.573263,0
1870,917,83.364868,2
2474,816,80.985611,0
1096,1250,54.401142,1
2689,2871,25.286016,2
2521,71,55.380623,1
374,1181,50.377499,0
2155,1635,39.420830,0
2270,1082,25.808052,1
426,79,88.567657,0
2556,2272,11.930274,0
1459,376,36.451584,0
1532,2385,12.915745,0
1508,1932,98.774445,1
1877,1768,27.572611,1
1372,1229,13.654230,0
2115,982,59.508980,0
756,1884,90.240311,0
2096,956,22.711039,2
1562,2806,23.366520,1
363,118,30.485069,0
2575,2580,90.473289,1
362,328,53.640026,1
2654,1172,31.258043,1
1741,840,86.433182,2
496,721,16.833500,0
1616,2005,61.833229,1
2056,1316,31.720800,2
2616,2083,62.514908,1
1787,1772,85.738846,1
1411,1364,63.574631,0
2471,2239,35.760250,0
2200,1441,69.077393,0
1569,600,52.513813,1
1619,2689,1.209766,0
605,1042,87.968994,0
1790,1798,27.224346,1
441,155,87.663177,0
1060,2360,73.935699,2
1739,2650,85.592392,0
1948,2091,68.654640,2
2210,2242,56.361977,2
1770,2255,96.583504,0
1485,1755,6.867378,0
2914,877,22.967524,0
1136,2215,18.133936,0
38,2769,29.015846,0
166,2471,40.390236,0
1044,1662,42.284790,0
1438,1525,55.032745,1
1955,1480,87.966866,0
653,37,37.705391,0
954,2566,51.337627,0
2632,2189,70.521637,0
586,1275,68.285568,1
187,332,61.615608,0
977,1156,5.796629,1
1295,2749,3.560120,0
2633,2342,43.057163,0
2252,598,37.840458,0
1605,2534,9.703364,2
1583,1609,26.694956,0
2719,710,76.730873,1
227,1137,73.236031,1
2493,2811,84.258286,0
2937,787,42.721596,1
381,1064,99.560471,0
602,1603,22.694427,0
2705,567,3.861157,0
1176,84,18.810936,0
1140,898,67.008316,2
2102,2381,74.682861,1
181,1091,42.198719,1
2550,1047,6.317054,1
1876,2251,61.216084,0
1553,203,99.665848,0
1005,260,71.410828,0
2138,113,42.271023,1
1959,69,19.567883,0
1322,1561,5.410225,2
1006,8,30.862389,0
2253,576,5.604273,2
1535,1668,84.181885,0
579,1658,64.846634,1
2951,2095,34.843143,0
773,2699,30.992332,1
84,1287,67.879105,1
963,1160,62.098408,2
2596,457,47.054794,0
2357,95,16.343618,2
2903,1531,28.535162,1
1078,104,3.231509,0
2535,1730,45.760361,1
808,1069,12.339275,2
2966,1402,44.957096,0
2526,2287,39.983482,0
719,1906,79.941246,0
175,641,50.839558,0
1722,79,94.978806,0
1796,1559,50.378990,0
980,1250,75.928566,0
2018,979,53.808243,1
869,1274,16.467196,2
2749,780,12.219188,0
2818,1348,73.845764,0
232,133,54.894360,0
2878,681,56.939217,0
1172,2438,2.125413,1
1536,1476,12.027704,1
2599,275,92.183449,1
1194,2164,24.009359,2
569,533,68.506020,1
1607,973,46.557190,2
2857,1283,36.445148,0
295,1448,78.263580,2
1479,1443,70.529800,2
1281,2658,84.594170,0
2595,508,81.959618,1
78,2612,12.318909,1
29,2897,58.392254,1
1532,2691,80.526421,0
1821,1637,70.788208,2
2930,341,43.342178,0
563,2497,11.695947,1
249,346,55.805538,0
2913,769,51.381290,1
2921,2124,6.193238,1
1161,2701,68.691025,0
2377,35,76.508812,0
624,2621,40.692757,1
58,1965,24.412437,0
662,220,56.845005,1
522,2412,87.674904,0
822,2534,85.462234,2
6,1973,86.923065,1
1407,2154,81.186073,1
2443,2566,90.205696,1
1802,2556,20.639193,1
2739,2166,95.584831,1
2183,566,55.646694,0
2979,2616,46.526356,0
516,2745,53.476814,1
1273,2683,12.672320,1
2511,1292,86.239220,0
1527,1857,19.598787,0
1657,2154,30.396685,2
1196,699,33.324383,0
1779,483,13.180042,2
1304,424,89.736153,0
483,946,62.878441,1
1150,2321,19.544441,0
937,790,46.665295,1
1461,2749,27.950348,0
859,2840,94.434692,0
2172,2902,65.351860,1
2278,2392,49.985764,0
2819,308,77.688538,1
69,818,95.999802,0
2453,571,64.580414,1
2783,512,0.760259,1
563,208,42.645966,0
1321,1993,25.541315,0
573,29,20.541414,1
1774,1187,22.933620,1
9,1197,18.664005,0
2437,333,23.293148,2
2302,540,67.961617,2
1050,848,18.906233,1
896,2162,10.097396,1
11,2839,5.854378,1
1597,2969,42.085876,2
1012,2960,13.860815,0
2125,2662,21.408405,1
44,2595,71.911873,0
823,2507,88.763420,2
2325,2551,83.514793,1
1001,795,13.611964,1
1820,576,34.640339,2
2871,437,79.970688,0
2151,1839,52.318432,0
1688,44,43.597717,0
1878,2584,14.934314,1
1921,752,28.439219,0
533,904,49.845493,1
191,1737,64.444824,0
513,1144,37.121902,1
2328,1482,53.413246,0
2745,1387,93.926666,2
836,1305,88.779579,1
2109,808,41.385464,0
1007,148,78.384865,1
2668,6,95.329941,1
761,2479,45.581009,2
2680,1092,93.363045,1
2746,805,77.317329,2
2169,2280,13.902852,2
1574,972,94.887222,1
294,20,98.370209,1
869,1621,74.343849,1
1578,2201,43.565838,2
2436,73,1.073443,1
2364,1451,15.366934,1
1658,2462,84.985886,2
332,1888,57.394722,0
1079,1720,65.188850,2
1973,690,19.798981,0
799,1588,67.574615,1
465,2272,98.982857,0
2793,738,38.476444,0
2709,1450,80.629951,2
1958,1905,76.620422,2
1645,641,47.218826,0
2566,274,8.539057,0
1219,1676,15.358002,0
206,550,19.295801,0
66,549,17.280287,0
1017,702,11.884371,0
2410,823,52.540989,0
2287,2868,82.337982,0
1996,2599,25.760246,0
2485,3,7.309731,0
1428,2522,53.384281,0
999,1256,77.569679,0
2589,2812,69.218323,1
1443,2723,34.232990,1
2557,1393,64.185120,1
668,204,45.991135,0
1446,2823,26.276005,1
1623,2623,90.731537,1
1230,1816,15.022708,0
506,532,96.270012,0
885,688,17.451895,2
775,210,46.964733,0
600,1679,11.337217,1
393,955,9.670206,0
1487,2166,51.113159,1
1481,828,62.202374,1
2450,722,0.939267,0
2031,1315,80.367981,0
1805,493,42.461140,1
1032,569,10.948683,1
1262,380,38.772373,1
658,2718,6.507728,0
1481,1307,10.307778,1
1154,298,65.488373,0
1240,99,47.667091,1
381,450,33.641315,2
2839,171,17.290588,0
1617,1073,52.524567,0
920,2549,47.307076,2
866,2978,89.493729,0
85,2098,28.406487,2
1189,2108,54.346329,1
937,1579,77.129517,2
804,1357,52.866985,1
360,760,38.988037,0
420,241,64.621140,1
949,1987,57.279312,1
1341,1564,65.243965,2
2554,1852,66.293129,2
811,376,65.956642,0
253,243,50.899368,0
151,2215,2.942253,0
1114,681,41.732750,1
2220,228,82.310120,0
890,1872,63.705101,2
1621,511,77.253044,0
1774,2261,5.796957,0
356,250,16.069099,1
2665,360,12.553997,1
2912,389,96.737335,2
1039,2447,51.271446,0
121,2843,28.525908,1
2514,1491,53.910393,2
1518,2099,75.926064,1
251,2879,53.918354,1
1163,395,63.332432,2
1353,78,50.394661,0
842,2097,77.651123,1
2903,1945,1.597111,1
1356,2453,90.059631,1
727,372,79.227478,0
618,1576,17.512924,0
2015,2663,73.728226,0
2388,1295,77.451790,2
2807,1793,52.835667,1
1547,2596,93.802582,1
830,1147,8.076780,0
376,1258,58.661423,0
504,659,9.165198,2
2351,633,26.578798,0
482,195,95.159431,0
1764,2427,14.226141,0
1302,2528,40.951260,2
1998,1484,85.092239,1
837,2750,49.083557,1
63,1096,64.656555,0
1086,2234,13.062099,0
1410,133,29.073288,0
398,1589,9.805400,1
1216,2487,77.521278,0
2993,391,46.787102,0
2899,2327,7.922970,1
121,1787,82.402206,0
602,2193,97.847748,2
666,1798,70.481262,0
2328,617,92.946007,1
907,2482,67.171272,0
116,2436,95.019089,1
1054,1970,48.063309,0
1001,2872,38.610981,0
25,2902,47.795837,2
1603,1250,0.749683,1
826,1351,13.951118,1
2373,1275,86.736900,1
1378,2902,74.505943,1
381,785,34.903549,0
2933,407,80.365082,0
973,217,43.232517,0
1386,1298,55.930500,0
1013,436,84.591568,0
333,1788,32.007748,2
2943,1582,97.198868,1
697,1522,73.471092,0
2104,1251,12.933375,0
2348,1040,97.436302,1
2070,2298,51.270264,1
108,2431,54.472912,2
493,2724,72.359558,1
1670,1525,94.929527,2
516,789,90.860680,1
2441,2177,9.379930,0
24,1384,9.152395,0
2601,22,97.036621,0
126,470,49.414234,0
638,357,35.319363,1
1599,726,5.558999,0
597,1477,76.209938,0
723,2432,15.931799,1
1381,809,32.998383,0
638,2033,69.650337,0
431,75,42.398708,0
2081,925,46.070858,0
948,2555,10.405457,1
1952,265,49.184879,2
1475,1099,57.925888,2
1934,847,95.242790,0
403,2908,19.353289,0
1403,1274,30.217539,2
2104,790,16.361418,1
1157,2527,91.555954,0
938,412,47.937790,1
2194,1409,56.771816,0
1359,551,59.107746,2
609,49,60.128967,1
80,873,74.783638,2
1415,2319,94.389046,1
1463,1016,96.599121,1
2506,206,96.550346,0
27,2965,68.346848,1
582,560,68.417679,2
1178,126,56.250710,1
154,2346,85.782372,1
2440,140,70.231331,1
1261,1182,46.562370,2
1987,497,69.973457,1
1387,2726,19.726717,0
2386,102,46.399891,0
2896,1009,66.979538,0
2924,1705,51.564560,0
635,2745,98.451828,1
2793,1739,9.861516,0
2092,119,3.765095,1
912,2555,85.628174,0
2899,1662,89.675636,0
1086,422,38.678753,2
770,2134,43.830471,2
563,1303,45.390308,0
643,233,32.715588,1
1090,2297,36.323273,1
2785,1701,79.910606,1
2661,1178,37.964024,0
1245,427,45.613575,1
2327,1026,36.086636,0
1019,1143,4.827683,2
1417,2897,32.529087,1
1816,964,51.217014,0
1230,2995,8.980299,0
1796,1162,4.859792,1
611,206,50.122673,1
152,1992,36.164001,1
47,589,86.157852,1
2164,1643,47.411804,1
2036,552,95.793030,0
254,1139,15.866044,1
1612,2320,74.536217,2
2011,2440,26.851343,1
1718,757,23.621723,2
2729,947,40.572922,0
2498,2054,76.779968,0
807,39,77.296211,0
2830,2475,59.424046,1
2901,515,89.994835,0
711,446,57.284088,0
1522,978,7.437139,1
2006,2470,28.802740,2
1046,210,18.155107,1
1865,666,26.628702,0
1676,215,16.636789,2
872,702,4.827846,1
2213,1754,38.293667,2
48,734,3.654530,2
915,2655,44.824612,1
1196,1822,60.956955,1
461,1785,4.262767,1
1074,1938,33.821934,1
1235,430,30.358727,1
1907,2506,81.747749,0
1209,160,6.656582,0
1737,2479,60.868073,1
1700,652,47.867065,2
1752,1522,45.347897,0
2416,1694,52.741535,1
2082,867,40.528053,1
2171,2590,61.920414,1
2936,870,68.846695,2
171,1125,81.327126,0
978,1070,59.935116,1
1549,18,4.506844,0
1797,1524,80.591156,1
838,866,49.173061,0
2025,2240,38.205776,2
1425,2156,73.880577,1
2784,637,42.360123,1
271,2841,69.405220,0
1769,2261,14.127431,0
539,2836,71.377113,0
2306,1619,33.367599,2
1718,2267,41.771885,2
2507,1507,96.852753,0
2031,365,22.189941,1
1578,658,59.652473,0
1225,411,24.716867,0
1498,1888,69.375999,0
1133,2718,82.749352,0
2176,2512,78.078934,2
2621,1857,65.932884,0
1799,1865,38.636734,1
2520,10,38.103661,0
1174,1246,36.476105,2
2408,78,29.645306,0
259,2461,73.968307,1
2567,623,88.644157,2
1060,2985,89.847267,0
67,2383,58.609173,0
2806,2279,35.055210,0
1573,598,54.840199,1
547,751,27.381350,2
2410,1948,67.320442,1
1029,2329,85.251419,0
2178,1593,96.311089,0
2172,753,50.959431,1
743,320,24.211929,2
2680,323,54.591633,2
2615,1631,79.726761,0
1399,1662,69.934593,0
2443,17,54.872772,1
2884,2152,86.966736,0
1252,1332,9.628513,0
1800,2788,47.407845,1
724,2606,7.909862,0
2212,627,33.341099,0
2086,2340,85.439804,1
2855,1144,96.062416,1
2408,1645,9.050030,2
1604,1428,77.169151,0
2685,1822,91.203789,2
417,1265,66.272552,0
2082,508,50.056217,1
738,1313,88.290092,0
2257,192,81.855934,0
2691,786,45.632545,1
398,518,76.953972,1
367,2634,47.457329,0
301,387,12.331558,1
1753,2767,57.071217,0
2508,1700,62.298073,1
1775,8,18.822815,1
2167,2727,98.050911,1
1081,2499,87.903053,1
760,572,23.936123,0
1645,1174,80.159737,1
2128,2180,78.487755,1
2126,2682,14.787109,2
9,2635,84.842880,0
2156,1801,60.202625,2
1230,2145,74.465378,2
149,2267,36.224972,0
2402,21,95.951347,2
1379,1951,82.082298,2
965,603,92.797302,2
922,1953,15.790236,1
2609,855,70.197006,1
1496,1196,16.451649,0
1460,1866,43.492229,0
1099,2356,44.455948,0
308,1695,75.224968,1
178,31,13.686886,0
2563,707,59.573090,0
2998,2524,83.341812,1
751,1410,89.169022,1
1416,873,4.402499,1
826,2597,78.622162,1
2196,1331,99.258553,1
1918,2538,65.042381,0
613,2939,27.826159,1
2772,1148,6.983145,0
1398,1115,68.811394,1
1334,1426,60.183624,0
1628,2073,55.118713,2
2339,2107,16.673704,1
1178,2505,28.673302,0
2357,2256,40.185963,2
580,1540,58.978760,0
2897,1556,54.961166,2
2121,2331,83.512367,1
1223,829,58.912025,0
634,1446,68.984543,1
1887,2023,63.188164,0
1211,1600,86.557861,1
1207,2062,22.778486,1
64,2963,9.831756,2
1662,737,29.057281,2
797,1221,6.307652,0
971,1266,79.220596,1
1240,191,31.149481,1
841,2665,76.280800,1
2942,2393,66.770020,0
1857,2717,82.823036,1
1310,168,4.110015,1
869,1151,77.606071,0
470,2791,2.931738,0
138,1854,26.078415,2
2729,1586,84.945862,0
1623,1234,72.157944,0
257,827,70.928825,1
1233,2785,10.119597,0
247,121,61.751789,1
1585,1060,49.380135,1
1163,2803,76.418915,1
725,2578,0.423693,0
1217,694,34.958961,0
1340,1226,8.984653,0
642,969,44.785416,0
1814,2747,4.825130,0
827,2538,0.985704,0
1881,1024,16.198214,1
891,765,19.649784,0
1431,844,70.735870,1
1041,24,14.222383,2
1352,242,63.946266,1
682,700,32.616749,0
988,621,8.279604,1
1534,628,22.417147,0
645,767,35.961868,0
2238,1811,23.146635,0
2957,1926,88.174782,2
1178,1279,55.259247,0
2449,1216,61.717506,0
2908,922,94.710381,0
1228,1073,45.677116,2
2879,1726,86.661385,0
2564,788,43.156395,1
1100,2206,53.460747,2
1576,2259,38.989445,1
172,2883,92.780098,0
380,12,95.258492,0
1523,2569,68.233543,1
438,521,40.636345,1
973,1801,33.682350,1
1675,1720,19.139244,2
623,1132,74.567505,1
627,2146,5.358696,0
52,1281,1.964796,0
1862,1133,42.119221,0
1301,218,68.708168,2
2642,934,75.772499,1
1017,1177,85.452171,1
2657,51,32.717110,0
348,1968,5.603053,1
453,2046,76.343163,0
560,926,81.505829,1
748,1967,75.329834,2
2875,2880,54.402714,1
1638,663,41.414619,0
1205,2149,92.262009,2
1618,424,95.494965,0
2576,1715,51.821026,0
2241,1113,73.368927,1
696,1120,58.372143,2
449,132,30.373447,0
1124,2490,50.127327,1
61,1150,61.851299,1
2335,407,83.560753,0
245,2006,15.545712,0
1028,442,14.146668,2
1100,359,88.922279,1
402,1662,88.040718,0
1062,2832,90.478569,1
2782,634,78.666489,2
884,1243,40.054184,0
1310,1479,25.985809,2
2750,2171,37.925243,2
2538,122,60.915615,0
1600,2446,4.573880,2
1539,210,6.023726,1
607,2966,71.621513,0
2697,1792,77.167824,0
2808,2796,49.208157,2
1746,1264,93.285789,1
901,2553,87.919617,0
1882,1500,76.115784,0
2390,32,76.172844,0
792,2737,29.967508,0
382,926,53.053558,2
2217,143,87.999611,0
72,1553,28.413788,1
325,865,98.403442,2
772,1869,60.655781,1
1869,407,48.483776,0
2947,2030,4.337304,0
583,351,51.970909,2
1622,1447,6.913132,0
1507,2844,65.828506,0
200,2790,92.401939,0
1862,2220,32.578060,0
908,236,78.133492,0
2734,616,30.782990,0
363,130,33.066956,0
1207,1313,98.900810,0
1755,1126,91.237518,2
574,873,96.894501,1
1617,2112,45.699062,0
2375,1262,8.420413,0
2892,2859,29.804373,1
769,1187,67.932266,0
396,1228,89.454903,1
1677,1104,69.200684,0
2883,1203,41.031006,1
2806,2353,26.362806,0
2801,2034,67.198425,0
2943,640,95.802856,1
1809,60,78.661835,1
576,2999,36.667408,1
54,1526,18.181154,1
385,1001,60.826057,0
655,2259,97.649574,1
1213,2063,93.659256,1
1492,2528,74.881798,0
2602,1632,11.609571,2
963,69,79.457382,1
2386,546,92.386536,0
1950,531,23.218582,1
2969,554,30.801722,1
1977,1069,42.297108,0
1237,2475,69.825539,0
115,443,73.311333,1
1704,2406,17.845974,0
2767,2361,96.954758,0
2074,603,84.811462,1
137,1263,86.707451,0
2802,2664,55.265171,2
2961,2132,29.711290,1
1749,38,66.220345,1
800,125,67.002937,1
2220,582,45.095375,1
273,1988,87.259048,0
2081,1951,32.369633,0
1717,1584,63.900677,0
302,1322,40.217602,0
2936,2077,88.083199,0
446,61,4.377466,2
1961,1730,88.440140,1
2118,436,78.502136,0
2138,1600,11.189757,1
2225,806,38.760864,1
2908,2234,97.760689,0
635,1470,49.046551,2
2608,1494,47.225273,0
584,1630,3.547692,0
359,220,40.122700,1
2217,689,81.698410,0
237,2081,46.050537,0
977,1444,98.596779,0
2600,1041,36.225910,1
68,1035,53.701118,0
2750,576,85.373466,2
1976,2473,14.568494,2
773,426,4.812748,0
941,1988,28.447626,0
2337,2163,66.521736,2
1787,2622,13.719180,0
2140,1428,12.106230,0
889,1179,53.699028,0
643,653,37.551533,0
2050,1140,30.557178,1
2057,1636,84.267654,2
1600,497,56.671108,1
1660,1610,72.153252,1
2875,951,9.090688,0
2775,2420,55.659428,1
1592,1346,50.099819,1
2314,1854,46.195518,2
1094,2866,62.029831,1
1390,2353,51.236607,2
2543,255,28.223591,0
724,1872,37.193947,2
725,987,67.073250,1
54,2682,1.706020,0
122,2058,88.959358,0
1439,2253,57.297375,1
1705,78,97.334656,1
2672,2861,89.692635,1
2640,782,1.603468,1
76,366,81.485054,0
1151,2487,52.987961,1
1330,2500,54.034340,0
2012,296,55.241741,2
493,1590,57.459656,0
1749,803,34.470692,0
1689,2101,36.074730,0
2984,2460,64.204414,1
638,1357,89.492043,1
1888,2266,80.387184,1
1932,498,13.072020,2
2657,1137,90.926720,2
2205,1213,85.089806,1
514,1604,82.260086,0
2776,549,97.094902,0
1204,227,14.207482,1
1623,459,95.899956,0
1611,2969,49.716805,0
1509,1477,11.910209,0
1520,331,5.582495,1
1703,408,77.404305,2
1100,498,5.077820,1
2865,1954,62.547188,1
2299,252,2.374945,2
39,722,48.752113,0
229,170,12.165769,2
560,312,41.702702,2
864,512,49.442757,2
372,1362,26.933243,0
2659,410,47.888050,2
2035,1379,3.990440,0
2713,1677,66.092369,1
2769,1595,50.794777,1
2136,67,41.860413,0
95,2908,84.009300,0
2378,981,56.631321,0
1685,284,51.226147,0
2050,687,49.919510,0
837,2866,61.474365,1
1554,1974,51.544689,0
939,522,51.596134,0
85,433,92.319321,0
2331,1442,16.932150,1
839,1879,95.324783,0
584,2675,90.367065,0
1010,2302,59.645435,2
780,2888,73.411926,1
170,2268,88.919090,0
1308,908,74.946251,0
1366,1735,50.513687,0
864,2171,64.036362,0
0,2861,91.876999,0
35,2659,21.945463,1
997,2595,66.656700,0
599,917,32.914356,1
2106,1278,22.241096,1
2746,261,39.079071,1
708,379,19.064180,1
973,2195,30.318405,0
2773,279,33.016064,1
1262,519,36.973774,1
1339,2249,39.307354,0
2119,2768,30.205786,0
480,1551,87.327614,0
92,158,28.846952,2
41,574,41.635048,0
922,1356,98.657402,0
858,503,19.324739,0
2956,2256,74.589211,0
676,595,42.050091,1
406,2208,83.847549,1
2102,488,24.581123,1
516,1543,73.039650,0
1974,2464,72.404678,2
104,440,93.214584,0
1450,447,82.598251,0
1117,884,89.809486,0
186,783,68.256088,0
1039,1858,70.019409,0
804,2866,45.465984,1
1154,756,90.894432,0
1489,622,30.077488,1
480,629,88.070251,0
425,853,34.678513,0
2389,2441,9.586193,0
2556,1778,24.277462,0
2103,545,23.205212,0
1961,1750,44.663647,0
2564,2617,35.803032,2
270,2543,31.085670,1
1392,767,84.165512,0
1205,1916,47.611073,0
908,1507,39.413277,0
883,2660,66.192413,0
780,2191,6.902248,1
637,2438,27.122276,1
1702,2857,42.343285,1
179,824,85.686539,1
1018,1089,72.223587,1
969,2691,31.876469,0
1656,1214,60.502186,1
1056,511,46.982033,1
2226,1266,41.751232,1
564,1307,85.943451,2
342,994,13.777349,2
872,629,42.361919,2
1138,939,42.986084,0
1633,664,53.743156,0
780,121,6.955824,1
2203,1346,43.160458,0
549,2317,74.459099,0
1535,598,76.572060,0
671,2815,13.189755,0
984,2766,28.772858,2
1209,796,96.420715,2
1092,758,24.663757,1
2379,1469,21.295242,0
1544,2561,82.494057,1
2182,846,38.407291,0
939,1665,99.086960,2
2705,910,71.937393,1
1229,1324,73.163879,2
394,2188,97.000526,0
1556,2028,79.952843,0
356,706,74.048149,0
2266,472,46.497406,0
2700,171,51.405384,0
2566,2096,80.598778,0
71,88,73.801949,0
1074,1126,33.592838,2
2671,574,99.413811,0
1792,1519,65.609970,0
72,641,71.270119,0
1795,1716,12.876014,1
2447,2556,25.941006,2
1398,1571,16.995718,2
1420,2842,39.453171,1
838,1094,82.018051,0
903,2737,48.835964,0
1189,1562,74.825043,2
1231,2312,86.059448,2
1805,891,90.353020,2
1982,311,17.222271,0
2260,2521,77.410522,0
1048,1328,54.301243,0
1586,733,74.268837,0
2756,2108,0.859928,2
479,103,5.518085,0
1384,1811,25.906372,0
18,1784,95.126717,1
1578,2660,88.388412,0
2697,2686,18.314632,0
2775,639,24.886683,0
860,851,45.022633,2
1254,306,96.718796,1
450,2421,35.615509,1
137,2989,39.563892,0
2363,974,47.176453,1
376,2820,52.342491,1
408,2802,37.636013,0
1174,448,34.385033,2
2341,1565,60.462170,1
2479,1481,32.556801,0
249,2277,7.849349,0
806,1743,77.984314,0
2641,502,93.875633,1
2894,204,7.091664,0
1929,1366,54.991741,0
1897,2849,36.535484,1
134,1679,74.246109,2
164,205,58.007385,0
2320,2037,33.720745,0
1776,2607,48.222107,0
1282,1199,43.351292,2
2759,1548,4.841651,0
2998,2952,65.888603,2
2877,677,2.585872,1
1211,2059,10.339617,0
309,391,49.325329,1
2575,2888,40.460972,1
663,1876,89.310867,1
804,2295,47.373150,1
1651,1889,2.940228,1
2936,974,92.644043,1
938,454,92.502907,0
2188,1350,55.341644,0
2126,1250,44.370724,1
2737,975,8.918921,1
1193,789,54.861538,2
573,2413,22.368139,2
2138,423,95.952721,2
264,952,43.676155,2
1762,1127,15.843039,0
958,2462,49.445007,1
1097,231,11.522224,0
2933,387,87.047203,0
2395,72,62.145672,0
1958,799,41.237782,0
2530,2752,17.438152,1
2951,981,90.004875,1
1778,776,18.510286,0
1831,1248,86.047974,2
209,1997,80.155205,1
1404,2794,72.449875,0
1878,1274,8.804782,2
1393,2114,73.353912,1
1674,2048,23.547159,1
1688,342,95.682358,0
110,95,73.929207,1
1553,274,20.281170,1
2610,1430,8.310905,1
2806,1337,57.262848,2
2606,657,11.118120,0
2838,2510,3.597265,0
356,2690,75.847160,0
1370,2811,41.671547,0
968,222,9.818598,0
869,2553,28.928329,0
2864,2411,16.977566,1
2672,2443,58.982227,1
1477,1184,55.683079,0
728,1751,81.835312,2
1174,546,1.243015,0
2117,13,65.362923,2
1905,1383,65.330627,1
2587,2907,62.518322,0
861,2432,84.907997,1
277,1965,19.898359,0
555,413,55.723576,2
2327,1876,75.941414,1
1937,1586,40.922684,2
1941,910,69.965363,0
2356,53,16.918760,0
2543,1896,21.697517,1
2400,2925,72.618225,1
1444,1668,25.034155,0
1625,979,89.194443,0
1902,1059,14.225330,2
2589,1025,32.237392,0
2749,1567,25.022190,2
646,549,31.017954,0
2573,2539,85.710670,0
1055,720,43.237301,1
1877,1698,6.993871,0
1826,2033,88.727661,1
3,320,75.613426,0
2422,820,47.911076,2
1567,2113,24.786118,1
833,375,74.068459,0
279,2326,39.468845,2
2592,2181,53.015411,2
2485,88,17.164682,1
1883,445,24.459606,1
1539,1207,83.875580,1
30,425,50.422573,0
753,176,87.145538,0
2193,1848,74.469528,0
1165,1974,62.717422,1
2528,1083,82.963814,0
459,1069,68.851501,2
202,864,67.596672,1
2077,1995,2.939011,0
1454,1247,70.837830,1
2744,2424,86.299461,2
2095,334,33.540546,0
2145,2191,98.782684,0
941,856,43.232491,2
1534,1818,55.822990,2
2964,2891,69.375015,2
1419,1956,13.572266,2
1664,1925,14.455773,2
291,2102,92.819176,0
2443,2950,29.509155,1
1496,2985,22.119574,0
693,1510,27.850340,1
2664,491,91.021126,2
2169,1566,54.136829,1
2682,85,55.627571,0
2699,2900,57.653694,0
284,869,36.392067,2
365,603,74.984245,1
293,2161,51.330521,0
1283,1525,40.463104,1
724,1437,89.365280,1
530,2219,36.816086,2
2498,1791,47.059521,1
2969,2635,86.047508,0
1415,2089,77.870392,0
188,1576,80.726654,0
2725,2174,93.339088,1
2384,2588,1.416528,2
417,2066,57.564964,2
554,986,16.928453,2
1283,2726,61.253479,0
648,1589,96.454422,1
1210,1179,85.172844,0
1979,64,34.659191,1
2685,2092,17.182640,1
881,801,9.943148,0
192,2482,76.146706,0
2972,249,28.918129,2
1485,376,97.418991,1
2193,936,90.283821,0
1829,173,50.694180,0
624,591,9.912261,0
1560,2840,39.415955,1
989,974,9.194450,0
1086,1780,98.900368,1
2818,1556,41.500282,1
2952,135,90.291580,1
2199,641,25.981007,1
2515,1942,41.824482,0
545,1951,80.144081,0
1225,1765,13.020312,0
2603,152,8.011986,0
2164,2508,20.609903,0
2797,949,10.453832,2
2087,1245,18.633343,2
484,1133,1.507898,0
70,271,41.730358,2
461,1939,73.713188,1
2192,352,40.254101,2
1293,1006,76.142151,1
1264,2112,41.718910,1
40,2826,73.690849,0
658,1593,78.399658,0
2509,2516,81.941704,2
125,1985,82.631096,0
753,2816,5.918753,0
532,1732,18.812969,2
1133,2625,1.783067,1
2063,1513,59.501690,0
2880,1578,64.025475,2
1945,1593,67.310593,1
752,1865,80.376015,2
2235,1036,79.388893,2
1819,1377,96.622818,0
1239,2785,56.163601,0
1036,2393,52.157833,0
24,1925,55.014099,1
1537,2538,70.825172,0
1142,1232,67.442673,0
2366,2296,25.301109,0
394,1680,2.522729,0
2712,2708,23.198399,0
661,1534,11.294230,1
197,1331,61.760365,2
1410,698,81.124550,0
1895,2740,46.571522,1
1888,1500,50.395607,0
600,2364,78.918320,2
899,942,25.551111,0
1800,1496,53.023262,0
1029,893,61.180603,1
2597,443,53.657650,2
1756,352,2.632995,2
1575,242,28.424828,0
1584,963,2.753173,1
2036,1229,10.589600,2
2152,1442,46.934147,1
1003,2880,3.035643,2
1272,2874,84.270805,2
1664,862,51.525726,0
800,2263,16.580593,0
1790,2400,20.525331,2
1244,2948,84.788345,0
1056,1417,11.879607,1
881,1667,28.072536,1
2804,2384,37.628399,2
2032,411,30.792471,0
2747,939,52.275425,2
2032,709,54.522789,0
2074,1990,33.146976,1
1097,2416,36.148609,1
2349,2858,22.841877,2
1734,1900,61.572208,0
988,1234,32.334919,0
1001,2738,83.493492,2
1543,335,22.281603,2
55,649,59.666962,1
2649,1373,64.543510,0
2830,1828,4.654542,0
2721,1315,86.845497,2
2903,989,10.935690,1
1441,2178,26.062674,1
2980,207,39.502495,1
2310,715,57.416729,0
86,2134,65.265877,0
1508,167,72.492889,1
629,726,32.330009,0
2246,2694,1.956226,0
1759,997,3.236384,0
110,1126,96.334877,1
1967,1969,24.378275,0
93,2866,16.641273,1
219,1116,93.284538,1
2535,2986,47.775696,0
2818,2343,16.795313,0
1324,1971,66.785751,1
2991,1692,36.703835,0
1973,255,62.620174,2
2315,2976,77.563370,1
2985,2861,42.856968,1
2532,1498,34.104107,1
2253,21,31.204784,2
1511,2236,10.846354,1
1591,1291,61.306736,2
601,869,3.285055,0
963,425,6.228737,0
2993,201,31.906780,0
2940,319,25.867636,0
2780,647,81.178261,0
54,2270,33.996601,1
1272,1873,55.815231,1
680,2355,79.434792,2
2201,1826,41.592758,2
155,1324,30.912472,0
925,372,74.410965,1
1709,960,61.685562,2
2872,298,2.929053,0
720,1067,11.267798,0
1357,2190,91.643227,1
1677,20,44.002647,1
38,277,78.710770,1
2927,2102,53.858109,0
124,665,54.743786,2
795,320,96.613739,1
1624,1889,55.491066,2
2842,1994,22.447493,1
159,430,16.332970,0
349,2703,61.856194,1
167,2018,84.809303,0
1602,2326,79.381699,0
2174,1002,68.919907,1
2237,2311,67.172646,1
2817,147,62.544647,0
574,1318,23.800508,1
293,198,58.697102,0
961,2581,84.019691,0
1962,1541,86.058990,0
2258,636,14.233139,2
350,2201,94.677528,1
2472,2321,85.646057,0
2583,303,3.965061,1
574,1783,43.156540,0
1376,1068,53.923843,2
35,916,44.253883,0
2704,1130,10.579070,0
1350,1212,68.298546,0
2135,2545,61.260590,0
2481,1697,21.673567,0
1199,295,28.979649,2
1978,1238,4.631305,0
776,1582,74.881905,2
815,859,61.883327,1
560,1796,60.329754,0
1905,2942,93.910645,0
2771,1037,31.598639,1
2427,1517,99.439339,0
2674,2634,34.283382,1
603,2178,18.439701,2
2140,2778,83.871620,0
1459,2832,24.549150,2
1412,620,69.946419,0
969,2331,69.885620,1
589,2683,26.608721,1
2306,1274,80.032333,2
1910,1312,16.444895,1
187,2967,22.801991,1
353,1744,13.345525,1
440,2315,6.899925,0
1631,1367,0.576107,2
1020,652,93.893761,1
86,1762,53.176632,0
2357,1791,89.324112,2
2958,1189,92.143044,0
636,2119,12.125463,0
528,2256,72.673683,2
131,2640,20.947371,1
893,536,47.862564,0
453,2262,59.910862,1
1368,2038,62.567429,0
140,1777,61.644711,2
200,1606,56.553020,2
635,2088,71.302040,0
2150,1473,11.940280,2
293,2189,20.455814,0
2761,2219,96.685387,1
2249,1638,69.303337,0
409,1199,76.430923,1
2129,2633,85.230164,2
1893,61,34.240673,0
296,308,25.012058,1
2201,666,73.571510,0
2299,1927,15.534543,0
1936,2910,33.642879,1
2642,690,32.876137,1
2830,2729,75.977211,0
2383,2062,64.812439,0
2025,333,99.731155,1
179,2176,12.569153,2
1164,2884,93.775146,1
356,2280,83.660492,1
437,173,71.114922,0
201,203,53.358894,1
1941,2537,66.714073,0
1588,1875,4.711215,0
1267,759,80.875137,0
1157,2221,48.568184,0
1688,1506,36.333454,2
1031,1681,70.970833,2
1519,2658,91.695648,2
1502,249,39.333614,0
2211,1605,22.789801,1
98,606,51.589497,0
1942,857,5.993191,0
642,581,29.506350,2
1759,2941,46.907593,0
1292,2618,69.728233,1
2807,182,95.738228,2
1188,953,43.385731,2
2734,2037,39.314011,2
29,2272,4.127293,0
1084,843,28.825928,0
1043,2382,76.535805,0
1439,1612,66.599480,0
838,2488,34.323906,0
1426,1555,28.826128,0
2695,1266,46.785336,1
2606,1507,40.763245,0
208,1872,49.635517,2
2005,1370,39.395226,0
595,1299,26.261370,1
96,917,40.781761,2
2217,1126,52.852531,1
1488,273,0.722005,0
1913,2691,74.086960,0
656,2990,52.905704,2
2060,2727,64.676514,2
706,1142,81.680359,1
776,816,94.269348,0
541,854,93.577110,0
319,1890,36.720791,0
1219,286,83.832657,0
2621,820,9.641913,1
1115,442,92.341446,1
2502,1975,81.150467,1
1976,331,31.212471,1
2608,2112,19.956188,1
1852,1047,13.116839,1
1244,2173,22.789526,1
2223,680,12.577907,0
1334,2489,69.455032,1
2237,2324,97.886810,0
1250,358,62.920895,2
823,2150,35.755627,2
2769,1335,30.168123,1
995,2629,90.157059,0
194,922,9.086391,0
126,2616,94.594864,0
2498,1242,53.276894,0
1703,1635,83.722748,0
673,789,8.687269,1
2741,605,16.960678,0
150,1218,93.580841,1
1066,1111,1.682554,0
7,861,81.987991,0
1675,2644,9.025282,2
760,1867,88.713402,0
1847,1616,22.813875,2
2542,159,54.302753,2
1667,463,5.487390,2
1129,2341,44.315453,0
1469,2763,16.235542,0
2241,522,40.508495,0
402,2016,58.485016,0
339,2905,95.400131,1
853,2414,15.683146,0
2620,2068,29.703316,2
1545,963,56.250225,2
1452,2946,58.714863,0
1333,505,2.950823,1
1140,1738,24.056360,2
2886,2555,7.227732,2
814,1153,95.765686,1
1290,169,34.734501,0
1423,321,39.359077,2
1176,2437,54.217606,1
2102,9,74.455826,0
2243,263,69.115761,0
719,115,5.545119,2
416,469,80.917519,1
796,1320,11.658781,0
2361,431,47.870506,1
1740,581,24.508598,2
1382,2260,3.655915,0
224,2631,61.246101,2
639,1218,82.577080,1
2574,2912,94.632957,0
2564,399,0.302825,0
474,1718,73.710167,0
2395,1166,70.820007,0
598,906,6.626891,2
494,1713,34.301804,1
1522,1048,78.710228,1
97,2292,6.764803,2
301,2489,20.082962,0
2406,2037,95.622192,0
1337,2013,40.262226,1
2684,1029,72.222206,0
420,145,63.852032,2
2511,2716,53.586823,2
618,2261,15.328074,0
376,2448,72.759010,0
1080,2412,63.118961,0
1789,1422,71.275414,0
2044,1074,36.850494,1
2735,1204,98.172173,1
2058,2954,65.738548,0
1450,364,10.314982,0
2924,17,95.065170,1
1829,17,56.402081,2
1400,51,24.049994,1
204,1016,55.689247,1
1986,220,84.196693,1
409,1427,40.099823,1
2523,725,73.429314,1
2716,2964,64.884117,0
2282,2870,32.241905,0
1114,1999,74.178024,0
2210,1910,55.727821,2
2467,186,33.857403,0
2000,530,85.334427,2
2957,841,67.169502,2
2318,1721,40.378304,0
1122,2209,33.315777,0
1413,1919,44.126938,0
2732,2299,78.626381,0
2596,2280,1.750995,2
2319,2007,75.203041,1
1376,2599,64.373032,0
2931,287,50.902599,0
2364,2416,64.219620,1
2815,1045,72.712883,0
2421,2017,45.308437,1
780,2785,29.775553,2
2680,2751,82.206871,1
324,2945,55.294189,1
20,2481,60.439419,1
570,2886,47.514626,1
1392,2603,38.802208,0
2459,2892,39.296375,1
2089,1080,86.854980,0
1704,2663,52.854778,1
1799,1302,48.784332,1
2656,2452,43.246822,0
2085,2002,50.558929,2
2708,2951,72.084480,1
1698,878,89.810081,2
2122,2300,57.233112,0
2746,55,97.478508,1
934,564,81.309441,1
2531,2987,87.442894,1
2019,941,42.969978,0
1145,1827,67.087288,1
2397,1213,74.352966,2
1620,1153,63.703358,2
887,2866,50.318993,1
2892,907,3.912859,0
926,761,95.125610,1
618,2908,36.321697,0
486,677,94.959297,1
839,257,18.745411,1
1126,1488,68.519470,0
1882,2048,87.870857,1
1829,513,32.425369,0
2520,1970,57.899971,0
1526,2757,96.802574,1
1812,2111,90.550278,0
372,1492,68.068016,0
511,2973,44.272896,2
431,1658,50.380993,1
1577,331,11.582883,1
2018,260,82.175438,0
2160,951,23.148994,0
2952,1400,91.696320,1
2715,1876,2.727973,0
585,1458,69.774185,0
224,2679,96.452377,1
825,2232,98.305458,0
1364,2958,46.187782,0
1552,1762,7.949142,0
604,1968,71.633553,2
2481,2532,91.100708,1
1746,145,34.204914,2
1512,833,27.412443,1
1212,2499,54.548283,1
2301,2749,23.658594,0
1130,1972,67.837997,1
1225,1340,16.906210,0
417,656,0.584240,2
2372,821,65.495850,2
35,2446,19.074793,1
2847,2034,90.417267,0
1741,1245,78.555397,2
1264,2640,9.422023,1
1301,2947,46.993465,0
1688,13,12.827506,2
923,247,33.462952,1
2282,1181,68.502129,2
325,726,8.482618,1
1313,386,80.618195,2
2154,1502,3.886207,1
510,1274,78.662857,2
2102,864,60.004826,2
2751,2534,42.866264,1
1519,2976,73.171707,2
901,779,68.859932,1
11,2335,52.828926,1
1843,2951,90.334763,1
612,1828,57.965919,0
923,1701,72.280907,1
655,2956,85.997047,2
314,1468,24.957560,1
2112,10,9.212581,1
1173,171,78.991493,2
845,2070,49.004829,1
562,1587,43.199162,2
1523,2408,95.830986,2
509,675,71.514175,0
599,2150,4.640799,1
2725,990,17.949703,2
58,842,41.584511,0
2,2718,64.930473,0
2020,1228,99.023308,0
1626,2055,26.802723,1
1746,1214,59.480064,1
1834,2097,69.073883,0
194,2677,15.356333,1
2619,1425,18.411373,2
2455,2769,30.311598,1
1396,2480,74.302574,0
2936,1414,88.004700,0
740,1720,66.037331,2
951,1630,64.393341,1
2716,741,37.553528,1
2276,2555,87.737503,2
552,84,88.331894,2
2662,1878,83.358368,1
1443,2377,7.838155,1
710,418,98.628838,0
2419,8,17.347321,1
832,1,90.027649,2
461,1769,96.694450,2
1966,1885,58.458870,1
1747,60,20.523195,0
819,525,14.311415,1
2727,1955,50.449368,0
1691,648,31.939522,0
297,773,69.869713,2
2363,1869,78.568581,1
1961,2829,58.734867,0
2283,1556,27.013140,1
1003,2365,17.993847,2
607,527,26.267101,1
401,1168,32.648678,1
2075,1274,49.471863,1
2753,1880,82.661598,0
1089,1915,58.948002,1
2808,2534,93.977486,1
132,16,82.975746,0
709,1027,4.875068,0
1614,2798,97.710365,0
2879,2208,55.447056,1
2340,2226,41.845177,2
2297,410,33.358719,1
1746,924,60.139996,1
2964,1934,89.996216,1
1098,2564,88.359291,2
2502,2871,45.465656,0
2127,2595,34.018028,0
830,2964,44.480320,1
522,170,17.905287,0
1721,159,18.725897,2
1770,183,84.528183,1
814,547,87.258430,2
1289,2793,63.532211,2
2604,1849,24.403610,0
897,2511,96.253418,1
797,2539,48.138695,0
771,2904,34.568863,2
2402,2387,29.447071,2
1582,358,45.456200,1
2790,416,5.025360,0
2423,1198,76.516335,1
2749,2006,76.020905,0
2128,850,72.052368,1
2221,527,6.032432,1
1682,1934,67.400467,0
1883,1806,63.603298,0
2032,2447,92.493401,1
1337,956,59.458847,0
2472,657,89.904678,2
167,478,18.147306,1
1840,1322,17.333218,0
349,2521,8.165800,0
2474,259,15.135438,0
681,725,24.470877,0
1028,2229,51.841026,1
906,554,61.398643,2
1201,2779,21.926634,0
1800,1524,71.995193,0
1105,506,67.526474,1
1731,1164,82.618927,2
2417,2550,9.708210,0
616,1816,34.592800,0
360,312,87.579597,1
1169,1992,10.444745,0
1405,2430,69.931221,1
911,1841,37.534924,0
1433,1388,19.385721,0
383,691,61.394337,1
15,377,5.778287,0
973,1374,8.972395,0
2744,525,12.025510,1
292,1155,20.020069,0
2760,407,38.322857,1
1050,962,47.882862,0
2356,2927,68.505753,0
584,985,20.770094,0
2330,153,46.445267,1
1897,2139,4.531672,1
2015,112,48.383915,1
2406,938,51.916904,2
2020,2461,1.202866,1
1311,1855,97.347153,2
2037,2777,53.161213,0
1777,1811,76.282562,0
1764,721,52.398697,2
1465,1183,12.124825,0
2531,2560,63.545002,1
2717,528,19.451157,1
967,1407,33.755974,0
1944,2090,18.718378,0
605,839,10.869297,0
159,2176,88.575607,0
1142,1626,3.947378,0
978,165,39.365135,1
1516,2954,58.532509,1
2,337,19.286749,2
2485,241,63.595291,1
1972,2066,54.645145,1
2911,1481,31.440241,0
1058,801,17.864916,0
2950,533,55.003498,1
782,1302,97.811546,0
347,1840,49.408253,0
2694,2205,79.309944,0
1541,2264,92.857887,2
1666,1077,55.043297,1
2122,1866,63.124943,0
2079,308,26.523390,1
1118,173,21.376417,0
529,179,18.394398,0
2019,1983,58.719585,1
2185,2327,57.764946,0
2828,2404,51.051563,0
2763,2099,33.997391,0
390,1062,32.439770,0
1055,2924,27.954443,0
626,2279,58.281693,0
2356,767,9.006300,0
2307,1998,47.334702,2
1785,186,54.352367,0
479,949,78.864799,1
1978,1556,91.367340,0
290,554,11.521581,1
1465,17,15.233175,2
2611,1468,62.704407,1
579,2321,31.990318,0
1782,2757,11.739976,1
191,1416,42.222572,1
1979,857,14.017775,1
212,1082,59.043602,1
1987,2661,78.693329,0
1336,209,20.315655,1
485,1008,5.183570,0
1803,2507,29.317427,0
521,1089,98.297691,1
526,1549,7.558823,0
109,2898,27.173548,2
584,2611,62.996510,1
418,1379,1.004205,0
2047,1574,41.913403,0
1778,356,9.048570,0
2862,1510,2.878932,0
1529,2936,97.086121,1
2586,2623,74.423523,2
2106,53,64.185547,0
2298,2532,82.912956,1
948,1770,32.528835,1
2512,1544,22.263252,1
1492,939,59.360886,2
2608,2916,72.457062,1
2540,98,26.494341,0
1571,1253,14.336485,1
1655,1917,4.813396,1
866,2322,12.449805,0
333,792,17.656649,0
2372,2855,41.598705,0
881,780,43.052528,0
1278,2165,28.708693,1
909,611,72.285210,1
7,1670,62.020073,1
113,2933,95.357780,1
356,1033,61.512169,1
16,1014,93.970840,0
881,1058,65.990570,0
1577,1464,48.437374,1
2122,884,73.925735,0
1298,803,75.768456,0
2463,138,39.242889,0
2888,71,63.519825,1
1384,1626,78.037590,0
1467,2737,75.411652,0
1201,544,54.239094,2
2532,760,82.613213,0
2944,464,42.426384,0
566,2844,54.140316,0
1573,434,71.563171,2
209,2562,40.585239,2
998,1915,13.294517,1
1285,2734,35.759651,0
2348,308,0.967843,1
2082,194,10.783486,0
305,851,22.882044,1
350,2146,44.945652,0
2081,1385,51.238075,0
122,752,77.073013,0
2800,1590,71.019333,0
134,2900,8.729085,0
479,2155,99.146042,0
1688,1596,66.566437,2
1952,2642,50.168049,1
2483,1782,15.174414,2
1088,333,5.182380,1
2810,113,64.232742,2
2470,2707,53.723755,2
1977,2103,5.823288,0
1652,2566,58.986107,0
1181,1039,1.313412,1
2883,2886,27.832443,1
1831,267,60.267975,1
729,2772,97.927971,1
2164,2756,73.081154,2
2965,1703,70.258743,0
1034,2370,67.269615,1
2252,262,2.808092,0
1585,2965,3.609186,1
1482,2778,20.567640,0
1968,1919,75.340294,0
1496,1216,36.975296,0
772,2147,92.462158,1
929,671,86.165779,0
1908,816,51.134575,2
164,925,87.652367,2
91,2156,65.170723,1
2131,473,23.690243,0
1685,2642,46.123962,1
1775,801,27.764130,0
1900,1547,47.377460,1
2497,1760,85.293968,1
2621,1637,9.408691,2
452,1330,31.430063,1
430,840,59.774841,1
1106,2864,83.726616,0
1485,185,9.581971,1
1683,1621,64.393517,1
1460,2144,78.548424,0
1975,924,28.267851,1
1326,2473,88.060707,2
2754,159,81.822906,0
1339,206,67.247383,1
69,2144,92.175804,2
2662,2080,89.782394,2
273,1765,58.102959,1
673,2611,71.860992,1
1221,1777,5.921690,0
1742,2973,23.517977,0
667,1556,39.331516,2
2073,2328,98.615791,1
656,1727,42.328808,2
1618,2838,71.256348,2
126,791,58.768723,0
2416,1973,61.785267,2
419,1702,77.432480,0
2513,87,1.200130,1
861,2255,39.464539,1
2042,2412,58.083332,2
19,2391,43.874161,0
2698,1550,56.056599,2
712,1487,80.166435,2
181,1873,46.004871,1
2599,719,14.347180,2
1851,350,4.891133,1
2375,99,82.287811,0
2460,414,96.117149,1
2658,2063,84.734642,0
2712,975,40.474056,1
1909,2427,34.262291,2
1793,882,43.651661,2
1529,2597,60.083179,0
2809,1898,8.106620,0
867,1588,6.846692,2
1528,1004,9.174368,0
2802,501,72.987885,0
201,2398,63.292595,2
1838,1488,98.645355,1
1022,1804,42.921947,1
583,880,36.694000,1
2345,2644,87.543694,1
597,1352,55.861900,1
1369,55,95.998573,1
1027,1802,58.317738,1
1146,478,23.497833,1
1379,2616,4.087732,0
2439,1125,86.643890,1
1576,783,34.722282,0
2451,943,1.088652,0
832,2601,80.303986,0
1345,1780,45.864784,0
425,1658,88.377762,1
338,2136,5.782038,0
896,2458,63.922146,0
88,1950,40.900173,1
1397,2162,72.996643,2
1228,1914,91.600716,0
2796,2585,57.661789,0
1170,1541,22.814775,2
1780,2053,57.352600,0
2292,316,35.861412,1
1685,1677,0.847011,1
1200,1624,5.702341,0
2485,2109,48.042801,2
2904,1214,83.230057,0
964,1792,37.869137,0
1752,1877,52.442432,0
617,2363,13.405020,1
1852,331,86.553482,2
223,870,35.342171,0
2904,1334,74.355675,1
1129,2528,32.373592,1
90,1430,32.109119,0
2037,2927,49.617558,0
2417,40,74.662643,1
2531,2824,97.635643,1
1105,2521,45.538841,0
25,792,78.985153,1
251,741,70.071259,1
167,2586,75.069733,1
2189,2584,44.479412,1
2096,267,76.670609,0
247,1128,50.556244,1
2710,450,24.664953,0
735,358,93.065865,0
2995,2143,23.933977,2
371,94,43.067856,1
2629,2747,1.661521,0
1046,1418,10.832609,0
1542,767,98.267975,0
956,331,58.984501,1
2460,1912,42.257057,0
64,2527,40.259350,0
1933,2610,57.228130,0
2832,723,29.764219,1
708,1962,74.787247,0
1658,1513,38.149914,0
874,1833,38.916565,0
2247,606,77.198822,1
349,132,45.742043,1
1562,2269,1.392859,1
2819,1632,92.054062,2
2470,2013,65.015984,1
1856,2078,90.033470,0
2850,971,29.197691,1
1805,1778,27.262384,0
40,135,65.681503,1
1659,1632,3.301509,1
1117,2591,61.830315,1
957,1883,9.026981,1
274,1487,81.127220,1
2250,1562,47.086929,2
1787,2893,88.010933,0
188,1901,30.639103,1
366,2063,73.782234,0
1975,1419,65.018486,0
1540,933,1.383080,1
658,2464,59.621090,1
34,2673,70.622276,2
949,858,7.696790,0
1746,1506,84.113785,2
36,1491,40.468300,0
2755,1265,62.004887,0
587,1076,83.478569,2
2798,2896,43.015274,0
2102,2113,76.077393,0
1409,1836,85.093407,1
2062,249,82.573898,0
305,2337,70.341248,2
963,1928,56.769077,0
1225,2516,80.215584,2
1312,2273,93.577393,0
493,1186,83.686768,0
772,1802,42.938671,1
146,2959,66.244110,0
667,952,74.815002,2
1065,2030,71.750221,0
380,2619,43.832134,2
2034,600,23.799309,2
665,1113,65.048248,2
2249,313,27.205851,2
2324,1174,50.689518,1
851,270,86.734573,1
934,1428,8.117718,0
2580,2765,24.897131,0
412,2631,17.248640,2
103,1229,81.815453,0
1041,662,8.868327,0
2910,2960,84.734344,0
299,2590,65.097031,2
445,1383,57.715656,2
2864,27,60.675877,1
778,2258,77.954491,0
915,653,58.199989,1
2330,2170,89.492752,1
48,2552,34.605522,1
804,2674,57.826405,0
2893,866,52.877621,0
2936,1529,20.748178,0
233,69,26.637260,1
237,916,43.895679,0
2308,875,42.221214,2
2467,2921,77.901466,1
2797,1445,17.679916,0
1136,969,1.299697,0
2495,953,83.673378,0
1351,2778,38.153175,0
1076,2718,3.909157,0
2047,1877,74.391258,0
844,976,66.355934,2
201,2102,71.131294,0
886,1258,67.209602,0
1405,1162,58.595947,1
1249,585,90.292068,2
2313,994,31.753191,2
377,1013,84.569832,0
2913,2797,20.599276,1
1252,2831,44.396801,1
2812,919,11.261362,1
723,1450,46.995804,1
2983,2281,90.986015,0
495,100,86.852348,2
2147,49,34.881271,1
2943,2562,47.303490,1
1668,117,59.144226,1
2034,2802,88.318520,0
1277,1155,33.078644,2
2310,1282,42.932423,2
2106,1741,57.882935,0
1082,2417,91.074142,2
903,676,81.575333,0
2548,467,42.109112,1
340,1733,37.538883,0
1636,60,0.385048,0
2113,219,60.859695,1
2477,1256,7.212343,0
946,1802,55.110691,1
564,1154,1.109396,0
358,152,85.384041,0
2641,2838,90.052605,2
901,2655,42.264172,1
310,1256,15.704913,0
2869,2042,79.367676,0
255,2890,16.765261,0
962,1981,84.313278,1
2960,1798,39.304821,2
2692,2712,55.886417,1
1814,123,85.200790,1
2442,1460,55.633221,0
1851,525,29.937298,1
754,2772,48.244915,1
2831,2265,33.430134,0
601,971,83.704453,1
2545,1785,49.145329,1
305,2004,53.484890,1
2447,18,57.104649,1
874,137,17.549871,2
1217,1601,60.777187,2
2643,2973,15.374284,0
2733,359,80.220688,0
306,569,18.967052,0
1929,1289,50.951027,2
2922,2361,81.472168,0
2343,2171,10.221151,0
2459,2402,34.899406,1
583,1787,6.387169,0
2593,346,26.023258,0
2453,2822,4.062387,2
1751,2517,72.035156,2
797,2813,15.258862,0
408,258,88.676567,0
98,1816,98.685516,0
79,62,23.065010,0
592,1161,34.609467,1
238,2379,63.748497,0
2782,983,70.451385,0
431,2464,86.859337,1
391,517,7.913558,2
1642,2864,32.995613,1
2211,491,44.585770,1
1863,1191,51.939285,0
2170,220,14.388777,1
1599,842,39.389431,0
1163,2678,97.013977,2
1262,929,24.977465,0
919,2784,58.748276,1
1600,2636,18.751755,1
2389,2162,85.364098,0
2367,542,52.108284,1
1291,1468,72.435226,0
622,1974,70.607430,1
411,1498,75.988640,0
352,764,84.604645,2
1993,2497,14.395215,0
2278,1314,5.246948,0
2687,1134,28.911022,0
2296,612,48.480267,0
1509,833,5.364996,1
2758,215,52.187119,2
1174,544,45.971111,1
448,1523,57.297287,1
97,1139,92.003403,1
2943,635,10.562339,0
2351,1519,17.225599,0
382,1171,69.268944,0
2446,1838,10.274280,0
1842,2235,81.107765,0
2510,457,20.393272,1
1352,2779,86.087326,0
1182,2673,26.062254,0
856,1707,12.334329,0
2387,1354,68.011452,1
46,863,82.063919,0
348,2164,96.821365,1
2120,1773,98.082985,1
1679,1045,99.594620,0
1815,2814,19.883150,0
1161,1512,45.234669,1
995,1792,86.980186,0
156,1055,93.991318,1
2834,2305,31.573963,0
11,1604,1.532158,2
529,2449,18.846592,2
1234,859,69.898659,2
361,1597,65.722839,2
305,2191,47.240395,0
2624,1603,87.447258,2
1015,2613,41.521740,1
1908,2406,31.421646,0
2682,897,64.707741,2
774,90,38.065990,1
1670,582,43.624428,0
1972,2244,25.357462,0
631,647,81.333473,2
2781,2996,73.729713,0
2785,1182,62.190899,0
1990,1183,67.174973,0
345,1355,59.881573,0
1370,1670,92.473877,1
1065,81,30.155451,1
1583,1027,61.580383,0
1859,949,45.189907,1
2529,946,42.475975,1
1926,1554,71.798851,1
2129,2287,61.714359,1
644,2447,87.553528,0
1655,1985,94.800812,2
129,580,20.781662,1
412,653,23.679413,0
1763,2588,78.621368,2
2758,7,90.410057,0
2026,2986,33.287712,0
1894,1073,97.155212,2
2688,2454,43.943115,2
1598,2079,12.240022,1
661,1084,20.383890,1
2943,2443,20.524469,2
446,42,7.357092,1
2630,1820,49.146183,2
2693,1492,46.751495,0
1253,1820,14.499409,2
2659,1658,64.067627,2
918,2364,66.291756,2
2925,2594,90.662148,0
2475,1898,1.729245,0
1714,2725,40.750271,2
1043,87,20.350128,0
2321,872,4.936477,0
2780,2433,4.821778,0
1030,1718,61.753132,2
127,211,25.639517,0
953,2186,91.562805,0
2216,100,91.403755,2
365,670,32.274918,1
1770,429,6.978214,0
2417,777,17.157578,0
1787,2799,61.146515,1
1730,2580,92.319862,1
1314,2881,34.569355,1
698,775,97.354317,1
1504,1700,15.085252,0
2574,903,96.341148,0
2343,688,68.978889,2
917,1202,27.853186,1
573,2790,92.343262,0
418,1975,64.624451,0
1616,1869,46.589455,1
2991,2993,86.706291,1
1408,207,15.571413,1
1402,1027,59.123219,0
1330,1346,29.781094,1
874,1668,62.988747,0
2929,1881,84.301476,1
1108,1808,20.637066,1
483,2802,73.454796,0
2740,2854,18.325315,1
233,1833,12.701860,0
1129,2610,22.101080,2
2568,2931,75.994965,0
1275,2346,25.184361,1
1338,2413,9.596478,1
836,1019,64.088470,0
369,1039,4.314650,1
811,2909,85.966461,1
1424,1124,99.339859,2
1359,2503,71.491722,1
1705,1761,31.160690,0
1822,440,38.039768,2
2547,2745,65.304695,0
1483,1482,61.459278,2
2089,2302,45.325874,2
2857,2558,31.208147,0
2701,2358,99.454376,2
1267,116,69.779106,0
1108,352,64.131729,0
2921,1605,53.795914,1
883,474,90.271652,1
1221,2207,45.251225,1
2671,1341,20.783733,0
197,6,66.771416,1
36,841,49.883678,2
1224,2655,48.944344,2
1354,1513,69.258835,0
2597,2669,26.441690,1
2090,2424,96.432022,0
939,777,6.057456,0
1759,1877,57.520519,0
279,217,52.281380,1
2446,820,60.717968,2
2314,2294,22.436342,1
13,1975,20.477076,0
2201,272,37.291752,0
867,778,16.108337,0
1216,469,31.347300,1
947,2684,45.609806,2
364,1598,66.635818,0
2990,507,92.129227,0
2719,1934,91.195045,1
1530,332,79.447823,0
2980,533,14.394732,1
1126,576,59.097099,1
1551,1303,36.442303,0
1967,546,25.526953,0
1298,12,73.113747,2
1521,1692,90.570526,0
2828,2012,4.456733,1
2192,784,33.051815,1
2274,1400,36.089146,1
2505,1528,92.266815,1
1305,1724,47.308098,1
2820,1360,68.604195,1
2678,2287,99.925125,1
570,1520,45.649258,0
2119,901,37.981750,2
1266,1087,11.115350,0
1119,470,5.694712,0
152,2443,8.672219,2
429,255,82.264580,0
2579,1178,8.476999,1
1640,2829,99.898888,0
1667,805,16.629591,1
2023,1282,74.479668,0
275,2506,64.178291,0
1436,1307,30.049793,1
1248,2834,95.832771,1
2134,2698,27.779049,0
178,2624,11.839058,1
929,60,6.237450,1
1458,1093,14.818256,0
1019,2849,34.385845,2
2177,15,20.391787,1
661,1453,23.711245,2
1857,1353,75.590027,1
36,1435,13.674855,1
1329,2438,79.669189,0
2130,178,86.541008,1
827,2771,69.206924,2
426,1228,13.276185,0
2791,2573,37.516361,0
2354,1650,22.549124,1
2345,2941,59.357498,1
2066,453,7.201232,1
1578,600,9.268322,1
2081,937,87.884140,0
2682,1564,95.352341,0
242,1953,33.918419,0
1003,1348,5.843214,0
2687,2430,54.964489,1
2466,259,9.663519,0
140,1528,44.520306,1
908,721,49.803154,0
1542,2450,50.036312,0
687,908,74.073051,0
834,613,6.728398,0
1435,2858,31.882673,2
2816,700,84.415298,0
2052,2946,33.636799,1
2710,2059,6.315637,0
2191,293,40.832470,0
1349,653,17.064545,0
1193,107,73.676239,0
1402,2109,42.938618,0
2685,2384,24.163113,0
2350,241,98.862526,2
937,2845,74.624084,1
1862,616,60.745224,0
2755,1268,44.466076,1
1425,1790,81.164337,0
2421,1362,59.229378,0
2135,55,9.310356,1
2296,310,18.216818,0
317,430,4.136283,0
2890,2335,48.204094,1
1748,720,90.626602,2
2992,151,55.473686,2
1939,728,4.506202,2
644,1512,39.552002,2
489,2290,64.219681,0
969,1187,95.521324,0
1617,1408,72.159653,0
1680,1455,63.620491,0
681,1986,49.495464,1
619,1329,87.038391,0
1703,1967,99.576996,0
1528,2845,6.417538,1
1669,1650,88.441383,0
1535,2318,74.000328,0
2294,975,12.105857,2
1957,627,50.466896,0
712,55,65.993637,1
312,1265,37.924675,0
77,1856,79.999008,0
1368,1138,90.522270,1
2390,2961,62.499485,0
1323,267,21.626770,1
1582,1307,53.179340,0
995,1148,24.481415,0
1364,2385,36.943310,1
2824,2675,32.978798,0
1124,2822,82.153427,1
1635,1239,90.180893,0
923,2664,87.843384,0
2472,328,87.033447,2
2489,1730,6.345462,2
954,2613,94.143372,0
2232,1477,97.157578,2
1200,1056,63.946148,1
2684,2551,48.555370,1
2057,1289,96.291000,0
1270,190,2.936013,1
240,1047,94.798378,1
5,1409,51.368549,0
247,2312,53.364704,0
1345,1495,67.183456,2
442,870,21.735638,1
2838,1863,77.134995,2
1234,1682,55.048843,1
43,178,81.858505,1
96,1733,70.035492,0
1137,1499,39.789429,1
650,705,88.031975,0
2226,1531,55.141499,0
2789,175,30.935656,2
1544,2464,88.536156,1
1300,542,41.597298,1
1837,178,56.179138,1
2791,2003,82.456718,0
2616,405,91.987419,1
1826,728,96.480263,2
889,2224,62.068104,2
332,994,34.333401,0
1098,852,82.438835,0
626,2746,86.558159,1
1286,137,13.717299,1
1923,1042,49.226578,0
1147,2083,91.510597,2
2169,2613,75.779282,1
2415,792,10.194881,0
2384,2897,62.680450,1
1508,1199,22.064787,1
1064,2119,6.978780,0
673,2349,91.147141,0
1979,898,25.635456,1
681,677,15.664106,1
173,2553,11.823860,0
1926,2080,49.453979,1
471,2484,97.656837,0
2819,427,46.707588,2
2937,1956,58.702271,0
2550,1352,10.546178,0
2654,695,30.767040,1
183,2983,38.963684,0
2142,2843,47.292675,1
1442,2992,33.541687,2
276,2228,27.651665,1
854,122,54.075329,0
995,1464,92.783379,0
1767,2367,23.223314,1
2868,11,74.916855,1
347,2889,68.305115,1
2826,2545,50.026150,1
276,620,70.328644,0
2950,138,63.979988,0
1956,1851,77.566689,0
61,2652,41.808704,2
1664,914,46.570545,0
51,2348,21.976603,1
1553,2865,81.059853,2
1755,70,31.062191,1
390,1552,24.438028,2
2214,1736,16.660526,1
66,2620,98.248184,0
2887,944,10.098769,1
672,2320,62.231796,0
1172,753,95.261528,0
2245,2556,70.503571,0
718,2545,81.033371,0
125,2490,27.444550,2
2066,405,86.417366,1
2313,89,89.694740,0
391,1502,42.692707,0
989,67,73.917496,0
377,2532,49.300488,1
1928,1915,78.487099,1
2042,423,30.533497,0
2805,2558,37.575676,0
2651,2630,23.841270,0
1942,80,11.071650,2
2418,1551,49.812592,0
1254,1391,88.655533,0
1036,2163,22.222593,0
1622,2926,13.624029,0
201,2574,54.073536,0
1633,1861,57.935722,0
461,1924,76.641289,2
528,1084,51.585735,0
2501,1823,46.257359,1
728,134,70.244247,0
1460,2335,9.091244,1
379,2884,88.350052,2
823,1993,17.748617,0
2217,1918,88.658745,1
878,467,97.831589,1
2685,40,64.676010,1
2110,1039,84.528351,1
2220,2967,50.365704,1
177,2642,8.737125,1
11,2934,80.717072,2
2002,705,6.113613,1
1982,964,55.482235,2
1471,2918,96.013321,0
1853,2232,80.363518,2
1841,2258,37.129486,0
617,2554,10.881347,2
2933,2234,92.498817,0
2934,2322,85.418343,0
2407,1801,37.236244,2
494,1453,7.345095,2
2455,1202,25.417618,1
743,629,96.767235,0
899,2236,90.866989,1
1605,657,79.896614,1
1393,2781,32.292080,1
95,2415,24.838682,0
343,2639,64.993195,0
698,2980,26.223188,1
135,2646,39.559700,2
855,1068,86.073578,0
2614,2426,19.887571,2
253,1323,11.943787,2
577,1930,29.005823,1
335,2312,22.185499,1
643,545,8.656802,2
1265,799,27.997108,0
1582,2122,60.550671,1
1679,2614,24.494396,1
1648,1919,13.896809,0
1635,2004,47.191299,2
1561,761,89.795448,1
2237,366,4.547738,0
98,423,56.838554,1
736,438,40.090534,0
2281,1757,94.001854,0
2040,1767,89.743484,0
1434,2500,15.128499,0
2252,833,23.054304,0
1899,959,98.769348,0
1820,1267,90.020325,0
2593,2971,63.584389,0
1490,1366,1.418445,0
468,2241,39.945049,0
2492,2985,43.653751,0
2722,49,68.848503,2
467,1627,55.047478,2
358,1674,16.509714,0
1044,2609,32.433285,1
1346,1212,29.448603,0
2113,1724,4.206517,1
993,2517,38.758976,1
2006,1718,46.127171,0
538,2686,0.508825,0
1541,1898,82.480164,0
381,1711,23.590355,1
454,1320,55.650005,2
2195,8,75.288811,1
2857,82,90.448601,0
138,2997,87.103119,0
1615,2810,70.306015,0
1929,2233,25.375612,1
1777,230,46.692680,0
1341,2516,93.606598,2
1902,350,25.211945,2
748,2021,67.005699,0
1991,227,44.123859,1
2601,1241,8.119640,1
230,1081,3.732061,0
794,860,27.744581,1
39,711,95.407532,2
2041,2491,38.894539,0
1982,2344,59.679634,0
621,1930,38.625233,2
16,1756,92.626060,1
1183,153,75.165115,0
2509,287,36.314014,0
2961,2550,0.725325,1
2316,1036,12.722062,2
1245,240,5.866128,2
1191,2392,37.008389,0
2666,1378,97.460136,0
1924,2930,60.001476,2
678,1845,16.405787,1
1217,1490,22.136833,2
2843,365,34.883183,2
395,149,68.535873,0
2190,1253,95.629555,1
633,293,36.309448,0
1169,2476,99.458473,1
650,1061,8.209748,1
2298,1544,14.326006,0
1271,2327,29.563292,2
1480,817,36.206806,0
1292,402,87.603783,0
1843,133,41.022606,1
2564,905,76.778435,0
2515,2444,99.491844,2
1607,213,77.032013,1
787,197,34.497025,2
2525,2431,80.687714,1
780,2031,32.656181,0
881,2427,27.259157,2
1387,473,49.868404,0
109,303,90.726234,1
1621,2548,24.401573,1
2621,1105,19.669647,1
2666,1597,5.743507,1
1011,648,49.184589,0
1751,2587,51.901871,1
1754,895,99.514122,0
2707,2759,98.137810,2
2925,1354,43.921959,0
809,2015,17.015968,1
1481,2814,23.975746,1
1440,2540,90.725563,1
2037,180,27.951176,1
985,2214,16.089933,2
1753,2894,30.317530,0
2113,317,59.366016,2
1380,1230,36.650780,0
1214,358,46.271454,1
969,2047,67.651817,0
109,635,83.101212,1
206,827,63.498768,0
1323,2139,5.592750,1
2280,2314,52.699306,0
2292,1988,10.554553,2
903,805,62.423748,2
2777,969,15.118159,0
481,2053,56.445839,1
1001,584,15.059448,0
30,2989,83.124084,1
2054,357,18.724602,1
1885,623,98.624977,2
833,2128,63.990597,0
2564,441,71.471581,1
770,585,0.795476,2
2067,1048,24.491474,1
2724,2864,51.239815,0
1170,497,77.331047,1
426,550,85.447052,0
2811,1505,41.399181,0
414,1350,75.604958,0
2492,141,84.458305,0
472,2655,73.982216,2
2319,358,15.661995,1
1957,1187,42.108021,0
2452,1610,38.764729,2
2528,2743,33.535370,0
176,1461,4.764434,1
117,1069,51.889153,2
2893,1876,63.113174,0
1148,173,14.506716,0
2638,2995,68.463493,0
99,1684,88.066406,1
1461,551,58.281036,2
767,2179,64.892281,0
1651,2963,33.094143,1
1326,2428,43.513943,0
2231,1446,93.558693,0
92,1187,11.787854,0
2369,2507,89.992508,0
2662,2797,34.794949,1
2121,1043,61.226536,0
453,1850,17.263279,2
2606,2048,64.487793,1
2663,1438,38.027916,1
1159,870,86.281303,2
209,700,80.125557,0
560,640,99.678810,1
75,264,86.483452,0
176,2268,13.100718,2
287,2674,87.555267,1
18,855,69.769081,2
558,1457,48.104877,2
340,1215,55.510899,1
2438,1911,61.750275,0
2112,1742,42.760239,2
666,1918,23.910194,1
178,581,56.891060,1
361,2849,77.035103,1
2954,1886,26.063723,0
357,369,2.501832,2
1761,179,41.703911,0
1875,732,21.569468,0
1668,51,15.544978,2
1451,1877,34.157310,0
1068,2903,26.950693,1
2432,2116,53.411381,1
67,2442,40.221119,1
2307,809,16.491041,0
1410,1830,14.536433,0
1803,413,86.697487,1
179,636,3.113995,0
2596,1175,14.262068,1
1066,1702,7.456200,0
1085,870,92.157089,1
1674,335,94.819847,1
210,771,12.105373,0
171,2570,78.019501,1
858,826,29.329477,2
1493,35,3.124356,2
2104,2721,54.091911,0
402,1816,66.141212,0
1708,1657,71.092140,1
1881,2317,62.183453,0
303,421,21.306221,0
1213,2109,25.665270,2
1894,548,83.477646,0
486,703,81.911919,2
317,1212,2.905864,0
956,2254,68.431488,0
1510,2490,23.417078,1
2704,696,97.419571,2
385,2701,1.335599,0
208,821,82.471924,1
2635,1887,92.233116,0
1889,2903,46.879616,1
802,2708,22.900661,1
2520,2495,28.541546,1
2176,2869,76.299210,0
2078,428,16.243547,0
641,1948,85.499809,1
2283,1703,84.476540,0
710,879,12.456951,0
1810,2931,49.699665,0
2023,1971,15.907240,1
2178,1291,82.052925,1
1192,1556,15.709336,1
788,1168,84.891258,1
1120,2386,17.198162,0
2734,1769,26.035667,1
1765,1421,67.808365,0
2494,2283,28.478712,0
2592,168,74.311165,1
136,1776,52.007698,1
1528,2459,0.543643,1
2776,1074,96.942139,1
693,733,18.332439,1
1370,1629,94.825752,1
2195,2245,39.038589,0
2583,625,44.911331,2
1117,1851,22.231567,1
1630,718,90.267952,0
822,1702,54.579323,0
1019,2860,23.614819,0
2384,285,64.590157,0
1354,424,52.540085,0
1562,782,93.395691,1
373,1736,13.687473,0
2101,2244,18.476479,2
1471,2594,48.651703,1
745,830,87.992256,1
2866,940,17.401180,1
2223,1997,97.439651,0
2191,1631,21.979668,1
1698,1935,88.884834,0
2353,977,23.560471,0
2447,213,29.515532,1
2209,1419,63.888309,0
1361,548,23.309965,0
556,2032,5.460921,1
16,1387,22.397635,2
2592,1926,74.591461,1
2189,2001,8.571383,2
1623,260,0.822921,0
88,663,83.163086,0
2167,2621,59.432896,0
842,2668,22.009315,2
2705,1249,12.074071,0
475,2461,70.283783,0
1611,460,40.372414,0
2237,1339,7.981282,0
1772,1274,43.252323,1
760,2859,65.981850,1
1172,491,86.640877,1
1027,2872,79.591728,0
2916,99,87.892860,1
2498,1799,70.203377,1
2106,11,49.510567,1
147,1242,27.754902,0
2530,2977,17.232859,1
865,229,17.264372,1
2568,2543,77.956963,1
1391,430,78.058868,0
440,1137,45.443886,2
2604,2127,5.955382,1
2133,2269,38.735451,0
904,2146,76.100082,1
672,1566,67.118202,1
2503,1105,56.642715,0
349,1035,43.428875,0
409,1488,73.708618,0
2937,2744,46.787590,0
982,2252,82.839180,2
593,328,29.224287,1
808,2164,64.251816,1
719,877,5.960112,2
1370,2060,71.537003,1
1820,673,6.300827,1
2192,511,15.758224,1
748,2421,43.688442,0
629,2931,75.638161,0
1500,2763,3.205030,0
2080,1331,36.418118,1
2030,2656,50.339664,0
2547,282,80.445389,1
808,2817,81.900681,2
346,2854,20.625629,2
2964,178,54.782551,0
1760,820,74.312447,1
1573,2895,24.070187,0
2829,1427,55.521656,2
638,1282,95.203331,2
771,582,26.297646,1
2788,207,61.493591,1
1895,1703,73.240891,2
1350,2332,57.354820,1
2582,2404,7.179079,0
1622,1186,77.471840,0
261,796,52.819382,2
762,1291,11.918569,2
281,620,75.898552,0
2219,1343,26.159332,0
1067,2644,62.191887,1
440,961,0.041223,0
1167,332,24.103710,0
2305,158,69.833672,2
2964,1742,39.508793,1
1988,1819,82.948189,2
1154,833,44.415550,0
2539,896,99.760109,1
917,1971,30.764870,0
1578,1973,52.903664,1
721,1004,0.375953,0
471,890,49.180389,0
908,1426,64.614578,0
2956,799,35.257877,0
1864,1124,34.245609,2
976,1367,91.105530,2
597,708,0.574031,1
2,192,84.034531,1
88,782,94.354088,1
350,2687,97.987862,0
1913,1996,79.694893,1
1645,864,16.093769,0
2836,1078,69.291641,1
2572,2056,17.415457,1
430,1428,25.733521,0
2881,977,94.981194,1
2371,1006,26.322359,0
60,2861,58.314873,1
153,2751,89.957077,1
1683,1211,46.966141,0
195,485,69.036980,0
967,1636,93.918747,0
618,1476,76.496513,1
470,633,96.163422,0
1515,76,60.791100,0
332,1315,84.155724,2
2784,2874,42.677437,0
2998,1593,37.605309,0
1147,2761,25.349236,0
581,313,58.501236,1
2899,866,90.252258,0
503,2336,8.279353,2
70,944,34.183403,2
16,2831,95.740463,0
2645,1139,94.777466,2
388,2104,40.184044,0
370,2422,3.899026,1
54,2699,72.399857,1
662,1107,71.480110,0
804,782,81.841736,1
1084,473,83.028702,0
420,1118,93.402519,2
480,2689,59.514282,0
671,2383,27.600426,0
392,2391,27.682072,0
2607,811,36.882370,1
2101,2009,64.387451,2
87,446,7.717408,0
1180,1949,89.382355,0
960,1252,18.126329,2
2706,718,19.126451,0
1046,1765,13.772736,0
2315,871,80.133034,0
2631,512,28.311571,1
1371,678,19.811045,2
354,603,1.213772,2
1649,1217,96.564148,0
1363,1639,96.695465,0
2178,1175,35.284702,1
283,1629,40.889053,1
2876,1467,40.481163,0
1838,9,12.172822,0
66,1922,35.601856,2
2150,977,23.392263,0
1042,2810,68.839005,0
107,2384,40.910004,0
1043,1083,53.056690,0
354,1583,41.215389,0
2407,446,54.500000,1
1398,1405,15.295811,1
2136,2300,11.040853,0
708,2238,28.577717,0
1809,2658,28.073076,0
751,305,5.395072,2
2359,1016,17.078581,1
1089,178,33.158245,1
1673,525,8.666013,1
2922,2898,24.191357,2
1231,659,94.233154,0
11,302,23.736788,0
2848,841,58.191216,1
499,1653,91.155655,2
615,1964,37.478462,2
1484,2436,74.245338,1
1286,2849,62.766933,1
1603,2756,84.349083,2
961,41,54.563038,0
948,314,62.500977,0
236,868,23.325926,0
1758,1542,72.677803,0
1456,1611,80.012047,0
2171,1306,43.243023,1
223,1262,64.108505,0
1258,1009,79.267464,0
2297,2245,74.344261,1
2285,2457,73.627586,0
2597,2513,13.963065,1
1240,1157,44.380672,2
1183,2080,2.298120,1
2030,2456,15.167214,2
1936,1265,58.724468,0
1350,1681,75.974953,1
2809,626,55.582561,2
2580,1581,81.954193,1
2770,979,29.206659,2
2072,1159,95.634552,1
985,176,16.969837,0
1907,784,32.478645,0
1286,2076,80.723167,1
340,1680,35.419952,0
1710,2854,52.285889,2
481,1870,26.659657,1
340,1613,88.457878,0
1540,651,34.956104,0
2930,2166,56.291729,2
331,1855,29.379967,1
2837,1437,25.144821,1
2869,1203,86.633316,1
2451,2102,77.198479,2
1464,2712,82.544510,2
2248,1284,23.940201,0
1950,804,27.908346,1
65,2250,35.324966,1
2348,1294,42.072853,2
1119,1278,75.521240,1
2672,2491,28.542185,0
1883,1362,16.641211,1
537,1014,16.286573,0
2429,2258,61.936134,0
673,92,82.854774,2
628,122,37.473492,0
1987,1823,18.129889,0
2620,2912,38.715977,0
28,38,99.762688,1
1454,2416,9.184896,0
2319,2955,10.822943,0
756,796,21.626354,2
2071,1234,57.815014,1
1731,2427,43.407051,0
1728,719,49.687092,0
130,388,77.696358,2
1664,1802,40.420254,2
466,1458,94.468735,0
991,2599,72.928680,0
2243,365,18.381647,2
1246,2396,72.361488,0
37,1960,82.831009,0
1471,2287,62.119942,2
1238,2478,43.967953,2
2481,1479,54.537117,1
2556,1774,6.701260,0
1756,1464,17.820696,0
292,1946,60.135075,2
1436,997,4.612014,0
2340,1300,92.379181,0
946,2362,76.259720,1
943,2693,18.679726,0
747,2414,41.823456,2
1859,427,90.830826,2
2460,1322,73.496590,0
383,2706,92.003716,0
1929,2477,74.650772,0
2407,2819,56.320587,2
1147,2969,51.914211,0
2330,179,21.682026,1
981,2741,62.968674,1
2849,1306,47.957104,1
432,377,70.375725,0
1941,2252,80.992744,1
1126,917,70.640198,2
2725,299,38.473927,2
1557,706,10.087396,0
1792,1246,25.339083,1
2772,1974,25.310301,1
403,501,62.211548,0
2122,1175,62.136230,1
2738,1146,59.457829,1
1815,1677,13.130087,2
727,1657,25.397856,1
2769,1112,10.179500,0
2788,2667,11.661744,0
1143,2917,16.392008,0
2522,2303,35.733120,0
1415,1755,75.013206,2
1521,2217,55.912102,2
1994,1866,25.365963,1
1930,1351,28.364119,1
2576,2166,38.954803,2
1504,319,46.505642,0
560,1764,44.978741,0
1329,2691,15.091830,0
1577,86,49.474026,2
1852,589,93.911217,0
1133,2589,88.353111,1
2507,2777,2.710866,0
1472,700,78.582932,0
2543,1485,60.003040,1
2380,781,19.184093,2
1312,1824,67.492546,0
2747,619,27.885677,2
571,201,57.560410,0
2051,742,84.353844,0
2285,657,77.771797,2
1750,2938,49.223820,0
979,614,70.237175,0
906,283,87.123550,1
1443,1051,94.713699,2
2075,869,39.613953,0
1455,1045,55.984669,0
1768,700,71.314934,0
1431,2302,80.137184,1
1944,2556,5.035217,1
1938,2105,24.508547,1
118,848,79.618286,1
2446,371,16.362953,1
2426,517,57.862507,0
2274,78,40.382652,1
916,1881,68.264580,2
2168,1727,83.002441,2
1489,201,42.608589,0
2411,1557,95.315056,2
653,673,84.378952,0
1381,1798,64.870247,2
1235,1779,14.577968,0
2228,1536,22.348980,2
2309,778,34.641796,2
370,2452,79.189857,1
70,370,98.180084,0
2201,2544,19.377472,2
122,1127,13.464291,1
704,354,3.392840,0
213,1475,95.501465,0
784,2769,57.679611,1
1900,605,65.845985,2
2714,218,95.804520,1
1384,2324,38.302662,0
1985,2074,73.441040,1
1488,1826,12.344646,1
37,2261,73.950974,0
812,792,24.678732,0
2625,2040,29.584721,1
2032,2612,69.351234,2
472,2309,33.889320,1
1512,554,21.831980,2
2405,1209,24.216505,2
2566,2144,11.438768,1
325,2820,79.975342,2
887,1686,51.896004,1
890,2814,79.323677,0
1821,195,7.858752,0
2296,1066,96.522171,0
1033,2138,59.060856,2
2945,2931,54.632126,0
1387,2196,97.764671,1
63,680,70.973267,2
2706,932,71.078484,0
2411,2180,8.991531,1
280,1498,27.890213,1
2832,136,86.072800,2
2104,546,80.769882,0
2773,1440,65.023453,1
841,1826,83.973648,2
2329,2590,6.710932,1
1671,2219,24.589331,0
2314,2025,52.160221,0
442,299,62.587116,1
2559,55,39.911957,1
2653,754,97.558861,0
2451,1624,71.444115,0
1965,2730,29.049934,0
2548,287,63.941788,0
1985,462,83.866455,0
2221,2966,30.344305,0
1703,1840,86.343201,0
967,227,94.821823,2
2564,2759,79.929131,2
1659,739,18.547668,0
1391,1704,53.311657,1
1346,66,94.219009,0
2413,1437,28.253044,1
131,2836,61.731869,0
2806,1957,18.449699,1
814,2660,26.863974,2
865,1421,35.864372,1
2773,1360,46.280415,2
876,214,68.153549,1
2647,702,79.575653,0
1006,1459,91.858025,0
2751,2225,99.235298,0
1554,2196,95.603905,1
1124,783,47.762043,0
2228,444,33.250801,1
553,2071,97.267868,1
2918,1942,66.335762,0
2,2878,2.650745,2
400,785,7.711287,0
1575,1858,32.877197,0
836,1580,99.676308,1
956,2271,72.742104,0
79,2102,70.473579,0
2391,370,17.224121,0
2920,2640,5.839437,1
1535,2990,20.252457,0
1671,2868,74.054947,1
425,54,75.260094,1
2,70,93.858421,2
627,58,87.470482,0
2178,50,10.971655,1
219,771,51.787991,1
2404,2484,48.701305,0
706,651,78.935120,2
2247,1154,12.641774,0
711,2787,43.147022,1
408,2005,15.924865,1
2714,791,4.301922,0
2197,1054,36.924263,0
1603,2429,23.387884,0
722,55,64.001884,1
2714,2067,98.020485,1
2883,72,19.349293,1
2879,2308,9.945277,1
400,2102,50.270992,2
1876,187,83.238533,0
2754,2827,27.036835,0
2466,2595,65.760056,0
44,2142,93.558914,0
933,2302,85.777527,2
746,396,16.275400,0
1676,212,92.737167,2
1129,2122,12.636523,1
248,2033,43.800156,0
1273,663,47.880215,0
1715,1705,67.095284,1
2406,2123,69.632538,0
1313,2579,93.796616,1
789,969,72.777832,0
1768,165,79.398979,1
1241,2076,48.208248,1
1868,395,83.204720,2
1941,1304,22.666058,1
354,448,71.346550,2
1285,774,20.718309,0
2132,1658,38.669502,1
1987,1596,61.551468,2
1734,1743,66.309204,0
2551,695,75.763893,1
404,2454,98.181778,0
998,475,91.827446,0
984,140,14.210840,0
839,1251,51.182861,1
17,860,88.739746,0
565,270,58.007256,1
349,382,90.687668,2
2362,1287,95.264389,1
1155,921,43.540054,0
98,2313,66.758484,0
394,767,80.251968,0
1965,679,83.439789,0
2553,1669,59.392822,0
2444,13,76.074905,1
2661,1794,52.459972,0
1327,2951,69.859558,0
2760,2332,75.604576,0
2290,2893,67.269485,2
1448,1427,44.657776,2
2749,351,68.223930,0
1543,1476,62.744884,1
2317,2942,86.009628,0
1467,374,18.920885,1
1825,312,97.257843,1
2547,28,44.195950,1
1127,1701,98.849823,2
1799,2924,78.336739,2
1455,2933,92.617142,1
1914,1680,74.065804,0
2827,2005,23.011286,1
968,2772,60.342518,1
33,1835,65.931610,2
1851,1190,35.492874,1
2461,2255,54.848145,1
1745,2944,89.278419,0
1609,1155,18.591860,0
2360,1604,86.081993,1
883,2720,56.030266,0
35,2985,93.358421,0
1802,214,85.670601,0
2799,2600,50.146858,2
2258,2090,36.419071,0
1139,2060,38.615154,1
1421,2490,55.650658,2
1889,2148,44.508018,0
2586,2725,16.525522,1
2320,340,81.915703,0
2415,2570,89.309517,1
1920,1140,91.501015,2
2602,1206,38.600235,0
1357,843,73.885567,0
2091,1997,43.116383,1
2555,2520,42.632584,1
754,2730,28.846649,0
910,1720,63.535866,1
535,2570,86.665024,0
1351,2289,58.107220,1
2604,2709,30.989189,0
2134,466,35.421585,0
472,588,16.263330,1
2733,1215,51.723171,0
2372,1832,62.191696,2
2894,2474,56.731644,0
1268,2494,68.973228,1
30,2369,76.166321,0
1640,63,97.028175,0
2049,1710,44.773903,0
345,1777,28.032288,0
1387,2882,88.451538,1
528,496,12.724367,0
2692,2771,58.649483,0
1954,322,43.499046,1
1870,1969,83.443077,1
2138,2991,62.705036,1
747,1799,82.313744,0
1635,126,35.034340,0
1203,2558,19.828583,1
522,1321,50.752861,1
1701,1015,41.499981,1
2150,1437,65.902412,1
1315,2771,66.019333,0
2103,2495,63.604588,1
2873,2825,47.628567,0
2169,510,32.306984,2
1473,1568,21.157999,2
2531,1679,47.061661,2
2179,1777,19.523588,0
2466,2461,42.074921,1
1348,1487,40.749180,1
900,2233,51.041759,0
1155,2452,67.949188,0
1830,428,35.670353,0
290,2916,45.237961,2
99,990,20.932812,2
830,513,69.957253,1
2142,2156,96.684700,2
196,171,87.277351,0
1067,1259,90.887535,0
1697,630,94.479660,0
2601,493,82.060257,0
2541,2709,8.297048,0
293,775,37.547558,0
1439,1121,41.866318,0
134,2975,82.468643,1
435,751,95.310059,1
2152,124,52.549595,1
584,2635,93.648933,0
1923,227,65.713608,2
2407,1711,61.426186,1
2185,1183,74.786057,0
1843,2596,32.670403,1
635,2273,37.734795,0
1863,2654,50.151512,2
252,1462,87.467201,2
2542,699,10.567726,0
1077,1112,34.017372,1
965,2440,6.483666,1
920,2901,59.352016,0
1220,2727,70.404945,1
2560,1969,76.154282,0
2005,1566,73.156960,0
1542,938,1.458535,0
1561,2683,83.838066,1
2989,310,29.547924,0
2311,65,43.559444,2
1741,915,37.047760,2
1055,2345,5.430654,1
1760,1241,20.308680,2
64,2201,25.439377,1
2141,2057,46.619308,0
2896,1746,90.994736,1
1711,1812,34.498257,0
862,487,0.700933,0
764,2066,61.858669,0
2341,1206,87.712479,0
2494,2333,17.364353,1
1487,318,41.232098,2
1903,2094,53.970837,0
549,2968,99.220177,0
1425,2516,40.854465,1
2694,2262,58.014206,1
2072,2398,91.683479,2
257,2614,84.178947,1
453,2467,78.380653,1
10,1545,46.290962,1
1419,188,86.800156,1
551,195,3.238842,0
1943,681,72.657738,1
1751,369,36.503044,1
2959,254,6.948215,0
918,2102,89.233307,0
2456,2670,51.491264,0
2901,1117,39.808933,0
1439,1057,12.857231,2
800,2490,7.535520,1
1653,804,44.058922,1
1737,1893,2.366005,0
1272,200,7.568701,1
2882,2275,63.209496,0
2963,283,98.120842,1
2219,2296,42.049870,0
921,459,29.920393,0
2823,640,91.630661,1
2749,996,4.428649,0
2716,636,91.105286,2
656,2273,50.676201,0
2117,645,6.487382,2
2279,2287,3.285623,0
2564,2638,33.533810,1
2554,2468,15.457607,2
1043,1718,66.784691,2
2057,1686,95.625671,1
1576,1743,55.229797,0
1829,547,5.983893,1
2597,683,52.196442,1
2344,1446,2.121654,1
2165,816,97.260849,0
2037,1899,28.484198,0
528,1868,72.430168,1
2110,2443,19.270493,0
1659,2303,82.301903,1
1042,1281,50.001686,0
364,1520,62.992851,1
802,751,98.596130,1
1899,866,7.498082,0
2725,1685,57.033119,1
678,919,26.348818,0
639,2809,69.476089,0
157,2343,93.203354,0
2070,2769,84.359657,0
1049,531,57.916489,0
356,1191,15.026469,0
1063,884,15.582443,2
1111,787,34.828445,1
1307,2698,96.728294,0
2162,461,65.627670,1
682,779,83.370781,1
45,605,4.555180,0
722,2042,24.410948,2
2787,2704,44.935135,2
574,2223,62.233597,1
2350,727,70.913864,1
729,1170,66.147827,0
2665,1618,59.929413,0
11,1352,13.281837,1
136,2286,32.148300,1
986,1643,11.766390,2
1594,472,87.613235,2
1115,931,31.929941,2
1641,715,55.457394,1
1063,1908,81.384010,0
1757,1802,72.019615,0
1448,1614,45.000603,2
2,2962,64.829720,2
2166,847,63.102478,1
667,1081,81.088142,0
1618,1515,26.695974,2
1786,2588,12.298812,2
806,1991,21.123426,1
1204,2817,16.273350,0
1462,2230,57.579491,0
1530,939,5.997184,0
680,1411,86.406631,0
2875,1494,3.503356,0
912,1827,43.459625,0
1684,961,6.983666,0
2535,688,85.341675,1
1471,2007,82.455856,0
870,1862,58.097507,0
2447,2881,77.359909,1
2392,1914,60.965218,0
309,1274,70.441521,1
134,1747,28.991997,1
2137,472,61.491341,1
1301,2672,31.959412,0
1807,928,72.748764,1
663,2630,56.846539,2
2700,542,75.617172,1
2062,2264,91.051178,2
1358,761,9.063469,2
2980,104,50.162849,1
1765,1906,26.324919,0
600,2833,97.548111,1
2198,962,55.396915,1
1535,187,90.993027,0
2704,2767,77.508209,2
1463,2890,7.760567,2
1102,1823,72.662247,1
2214,2456,76.385895,1
1766,2415,60.519852,1
26,2776,1.463913,1
1888,2215,19.999382,0
2025,1662,35.778587,1
815,359,77.136124,1
279,1811,65.446777,0
1564,1102,5.822035,0
2294,335,55.179726,2
1366,1692,32.968426,0
2198,1087,41.141144,0
1671,2235,36.851574,0
1623,2375,62.628059,0
433,630,77.669983,0
1065,241,26.694080,0
1442,1176,65.322227,0
868,191,94.259865,1
336,1286,45.986874,1
774,628,45.749809,1
2352,924,23.804585,1
1302,1794,27.951809,1
2477,1377,88.189621,0
2079,1380,13.612286,1
2412,1486,22.499523,2
2427,1751,15.733939,2
1471,2083,89.720627,1
663,2779,35.390667,1
925,347,17.488623,0
2494,1474,22.185003,1
1976,236,9.568470,2
2638,1875,89.271210,2
2237,2886,85.101250,0
204,1991,17.545364,2
1756,2706,84.014565,0
1231,790,67.398239,1
1985,1455,54.325424,0
2220,1069,0.982177,0
2040,2935,56.207569,0
1826,2879,18.193373,2
2541,1166,6.182596,0
715,1479,60.993130,1
2836,1515,70.624626,1
1271,1437,55.134201,2
532,1598,89.233696,1
1104,1090,21.549749,1
994,194,25.995539,0
2027,1073,42.159679,0
1721,1408,76.134537,1
811,1437,94.724030,1
630,791,51.922424,2
192,843,8.309208,0
2346,191,24.930681,1
2135,800,71.573189,1
2013,928,48.636154,1
942,2068,24.175770,1
61,1984,91.220146,1
610,1781,59.550476,1
2289,1142,97.385689,2
2712,21,83.362900,1
678,1164,57.308727,2
2930,2047,90.328819,0
370,1408,63.535439,1
1136,2873,67.895935,0
1513,1478,65.414490,0
324,752,15.229509,0
687,159,73.874763,2
2827,1001,27.856115,0
543,2841,86.531517,0
2605,853,78.245743,0
1718,1957,63.567856,2
2462,1419,58.169853,2
1357,2402,70.428825,2
1512,2523,84.827881,0
2509,1921,55.461330,1
2575,326,36.266403,0
1533,2308,10.835679,1
1178,1506,41.118954,2
1931,246,35.694599,0
1298,2384,58.870377,0
2869,1226,57.831757,0
1175,180,65.678238,2
435,916,72.659393,1
1696,1271,51.065254,1
851,1972,62.516285,2
2057,1255,41.312050,2
816,2507,10.482669,0
2961,1787,70.218895,1
2368,174,4.117377,0
2841,926,80.522240,1
1426,1298,33.635143,2
2685,2298,31.275702,1
630,1578,37.974461,2
663,1017,35.824474,0
2185,2919,95.092079,0
2566,2436,72.359680,1
594,2548,21.511183,1
1444,443,82.844376,1
594,417,30.232800,0
1506,1323,43.733315,1
1902,2628,20.562506,0
1496,1581,78.513039,0
1862,68,73.958961,1
2782,629,18.818439,0
2507,1636,48.292896,2
2394,1642,93.663818,1
800,1126,51.469776,2
632,355,10.180182,0
1512,2229,54.053066,2
1363,447,76.769806,0
2356,959,54.641438,0
2880,1430,4.392820,0
501,2901,12.161429,2
2529,2400,31.953156,1
200,2158,30.928808,1
648,31,26.249790,1
964,2604,21.724981,0
2898,2181,12.198998,2
2733,715,42.229385,2
2390,2865,27.505503,1
1687,1108,58.772984,2
767,971,24.583851,2
711,566,80.574661,1
2869,170,71.055389,2
741,754,92.662422,1
1481,1955,84.326645,0
1085,74,47.708500,1
1222,2794,39.459496,0
362,1361,61.038975,1
1044,2230,57.871956,0
1945,714,73.068115,1
1912,1815,56.937862,0
1547,2818,96.723099,0
2275,1303,41.479431,0
1141,2592,78.434074,2
714,849,56.685207,0
2979,1997,77.985153,1
1922,1456,4.895429,1
1268,1639,58.636047,0
848,2239,42.747898,1
821,2782,27.289516,0
2211,1669,63.274250,0
2228,2464,27.217871,1
1263,596,48.454983,0
646,2122,69.505814,0
2892,412,5.938130,1
1272,2350,32.883110,1
2027,1563,30.560005,1
956,1043,8.963459,0
2011,2889,14.428558,0
1689,1978,98.310349,0
1824,481,73.374214,1
1647,1965,19.326393,0
473,201,58.783913,0
2996,1461,44.064819,1
173,1238,28.206596,1
106,328,34.877872,1
161,2362,17.826412,2
162,557,22.061068,2
2376,167,51.208927,1
1060,2288,69.558601,1
332,2244,79.217125,0
2566,2091,61.411148,0
2304,2163,27.976387,2
2902,696,84.914940,2
726,2642,79.067261,0
2261,972,76.191406,0
2196,1203,17.061102,1
769,10,32.548710,1
2897,1526,5.617234,1
2658,1228,64.446075,0
29,2266,6.372154,1
2313,134,48.797398,0
2482,2961,72.725533,0
1162,1071,55.989159,0
1208,982,4.415840,1
2872,1569,35.137539,2
1646,631,76.095047,0
800,219,71.032372,1
493,476,91.891182,0
1960,1312,22.723267,0
1082,1509,13.655527,0
1541,1172,2.066248,0
2857,2565,89.119057,0
2938,825,3.402635,0
796,1299,37.595440,0
423,1512,87.894890,1
2799,1575,56.844372,0
2259,957,52.458141,1
1323,2970,88.872055,2
979,2634,53.604374,0
1783,64,45.742001,1
1854,1303,38.283836,0
2912,608,41.165791,1
282,1497,17.031872,0
2700,2098,19.824995,2
1886,273,1.829764,0
2348,1383,64.249374,1
431,1085,73.386673,0
2229,2115,15.324818,0
2864,685,12.298838,0
825,2241,47.754581,0
692,2421,58.065380,2
385,2809,90.557281,0
174,1471,27.964647,1
336,160,33.897453,0
1189,2580,71.613319,0
1021,2345,49.065296,0
241,2448,72.142723,1
2486,144,83.005165,1
113,996,33.636810,0
193,1292,91.292145,0
2087,2137,24.751171,2
2206,2762,87.425224,2
737,1136,8.526256,0
1633,1719,21.629814,0
1776,463,54.852119,1
1089,2478,69.358192,1
1027,2428,45.989223,0
1665,1715,71.671127,0
960,2206,74.054817,2
1023,227,97.515305,2
447,120,56.234230,0
737,275,82.663368,1
733,1182,39.088570,0
1666,31,99.501961,1
1581,2462,15.498077,0
641,1568,81.787636,2
514,2243,91.505989,1
317,1438,89.704811,1
1449,2766,26.364447,2
1083,882,96.346245,1
2370,1101,53.625198,0
1991,2558,9.294538,1
1584,889,39.447144,1
1130,2475,43.951756,0
1379,1433,83.635178,1
2573,1107,82.841408,1
2913,1943,97.403229,1
1932,1998,91.982376,2
511,705,2.288596,1
320,2988,42.973213,0
866,1380,84.638519,0
447,1140,65.091446,1
1885,962,81.498741,1
2498,1483,17.325590,0
2978,939,66.991333,0
1293,634,23.165199,0
2467,2830,23.791510,0
1666,91,64.329514,0
625,1501,58.986607,1
2576,1242,72.062241,0
899,108,73.596413,0
179,2941,68.331528,1
2698,2606,58.321465,0
1136,2756,45.833012,0
2998,1664,19.492441,2
722,1657,13.665418,1
2038,755,20.519646,0
367,2244,79.347870,2
2007,1896,60.784290,1
2568,1558,90.866180,1
2786,457,35.588108,1
619,2782,62.764816,0
316,1388,11.798295,0
2473,1822,26.855791,1
796,2307,84.152748,0
1006,2048,87.981560,1
2401,1036,29.120926,0
2046,843,63.505081,0
909,2576,67.444817,0
2983,1410,41.536022,0
1598,935,40.848274,0
882,1252,76.974792,1
2345,2590,39.342392,2
1995,2999,62.705994,1
448,1871,43.665981,2
609,1738,87.233894,2
1351,1089,89.985176,1
1602,2917,13.662124,0
2843,1268,70.471725,1
2944,1325,73.791534,0
135,2925,23.726946,0
594,374,23.955008,2
134,796,80.658516,0
2322,2980,37.592712,1
973,2398,91.490349,2
1967,2401,48.632214,1
1400,1276,57.880581,0
1932,1107,3.196211,0
1424,2597,36.796677,1
2260,308,72.824875,1
1085,2498,15.828032,1
2320,2223,22.297729,2
2714,1438,51.226307,1
2031,844,45.835674,0
1402,1847,10.825261,1
596,2450,10.151937,0
867,912,53.498978,2
880,2645,2.140440,2
1948,2096,50.628586,1
1542,1702,12.795309,1
1373,2279,71.734055,0
2057,151,9.975949,0
1361,457,56.390152,1
26,295,89.820152,1
1540,2451,26.147058,2
1004,1621,14.538290,0
1009,2364,41.128361,1
2801,1394,55.979519,2
1470,153,3.545346,0
1203,2649,12.204269,2
1594,2,21.557915,2
2039,2553,2.774478,1
1759,1956,70.188828,0
164,1831,66.475479,0
2625,1988,25.701693,0
2796,1118,85.437439,0
2192,200,34.000568,2
873,772,81.118675,0
1216,2929,95.389954,0
1970,898,58.069668,1
552,1074,77.792465,0
846,255,57.975380,0
1086,917,98.451469,1
1724,1333,95.433365,1
1182,894,8.846761,0
2969,2684,67.670959,0
1753,636,57.953209,0
2881,645,91.381538,0
1479,1771,49.325344,2
550,2828,70.343399,1
1354,176,52.516953,0
2653,2383,11.735267,0
1169,2318,76.067116,1
2612,1444,95.167679,2
1105,1406,96.526253,0
1385,1971,11.255007,0
1022,2381,74.163185,1
2528,7,87.033424,1
2210,401,20.072462,1
299,1597,29.813375,1
1470,1490,10.404639,1
2497,2474,48.724724,0
2410,1219,7.699544,0
503,709,95.005394,2
343,683,81.243172,1
2132,1543,86.370987,0
535,1079,43.960117,2
736,1185,13.815024,2
2597,830,38.305946,1
1710,1398,99.458580,1
1977,1030,82.876694,1
808,2028,65.094711,0
1010,483,84.430901,1
1488,1463,43.414982,0
2341,2304,66.628891,0
83,2817,86.577705,0
668,1070,72.653816,2
2988,1731,64.917358,0
1716,1003,16.783548,2
176,134,0.177832,0
1797,2088,8.896446,2
2856,261,36.128227,2
2403,332,51.033684,0
2568,266,90.004944,2
906,1835,76.138153,1
286,783,34.971218,0
2684,1225,57.426403,0
2140,1759,81.614731,1
184,1580,46.115330,2
1970,1008,2.223063,0
619,2516,38.065712,1
2286,1593,48.682693,0
1171,1625,31.078348,0
2655,2152,36.859966,1
2734,1777,83.258553,0
730,1671,69.756027,1
2173,2576,99.540115,1
1359,2101,93.377800,0
2495,2239,37.657894,1
676,2538,41.717434,0
2531,2889,4.916985,1
64,2733,57.826168,0
2687,1113,21.585281,1
1318,2226,92.658791,1
208,1314,1.600383,0
2567,1606,87.916161,1
2547,422,19.855391,1
2420,2323,46.573498,1
2955,298,55.292812,1
1792,1875,98.335129,0
734,2018,65.804985,2
869,1800,24.270166,0
818,473,2.655122,1
2265,1821,38.265038,0
1523,2587,91.992523,0
2125,1187,49.018055,0
966,1629,34.756760,2
368,2891,84.684998,0
1325,1721,29.487362,2
1074,1839,70.255409,2
2224,2086,94.326080,0
2450,2751,14.514954,0
1460,2560,32.085060,0
1913,318,22.269453,2
521,2253,45.210976,1
2548,1017,19.304941,0
1450,2165,44.431683,1
913,547,56.542000,2
2189,1745,82.928909,0
85,2364,34.426125,1
258,2919,21.930941,0
2734,2378,15.450644,0
1423,588,32.742073,1
2048,787,85.797386,2
966,1739,78.995827,0
1723,2571,62.170380,0
1098,627,44.581547,0
2323,2682,45.212872,2
622,64,31.820616,1
1609,1553,98.652023,0
2077,2385,58.894020,1
2663,1695,93.582970,1
89,1190,30.778603,1
198,1233,84.070908,0
696,113,66.250732,0
2220,1746,29.827826,2
2705,1163,48.739445,2
931,2411,5.020722,2
1695,239,2.550141,2
17,1511,32.757034,2
302,2043,46.446747,1
733,552,62.096111,0
527,627,84.377670,0
1472,2125,64.681297,1
2064,1064,81.914162,0
128,904,58.930481,1
2893,2000,53.336563,1
1484,1748,94.506447,1
2686,972,82.213432,0
2718,1419,98.190254,0
1595,2164,54.212963,2
2409,1077,84.117561,2
947,547,55.289284,2
1927,16,98.898460,0
847,2679,63.578960,0
2955,129,22.158781,0
2690,739,68.328468,2
2168,2906,98.153999,2
23,557,0.140509,1
777,1339,10.179310,0
137,275,17.797707,1
2725,555,95.278214,2
1783,1276,50.263538,0
2695,1401,76.529045,1
2960,818,48.983570,0
526,2094,54.868431,0
1578,1633,33.208378,2
671,1464,97.504379,0
509,2741,91.423874,1
1746,83,14.096868,1
2399,2090,33.812336,0
529,1501,28.322258,0
2203,446,14.124208,1
876,2571,96.175499,0
1537,585,45.125076,0
1831,2299,33.395996,0
1446,1285,37.833214,0
2842,1127,42.702866,1
1103,322,35.042900,1
2143,1871,8.205156,0
944,1699,92.970398,2
1087,1160,62.614769,0
2061,2910,89.004265,2
1401,2167,93.146904,1
693,2783,20.011242,1
118,299,96.093811,2
3,1856,62.858215,0
1322,1630,66.327271,1
1639,2148,87.986099,1
2390,565,17.475292,0
2388,479,25.758327,2
2490,627,8.162098,0
2137,1746,80.140671,2
2845,2832,70.726936,0
1529,1677,82.170105,1
1132,1466,1.785286,2
107,2046,81.351624,1
2477,1431,63.612694,1
1542,2232,60.224216,2
2915,1247,77.625557,2
1029,2733,5.101370,1
2758,2147,84.158554,1
1046,376,98.081924,0
2610,2059,66.504425,0
178,1295,35.009098,0
2955,671,52.923428,0
2170,1505,32.355824,1
1123,2006,40.760414,0
2270,1310,32.272526,2
2060,1896,61.960144,1
2465,2560,35.377163,1
343,2535,10.569917,1
527,283,31.636511,2
982,229,17.768473,1
2782,2613,6.890437,1
1424,1217,89.329254,1
2146,2413,15.851721,1
2213,2219,82.381058,2
1124,2084,66.970589,2
2431,2277,56.088203,0
499,2440,81.041183,0
1856,12,99.686279,0
2708,2953,73.284882,1
637,499,60.678097,1
2247,1050,10.814334,1
2248,1366,28.112690,0
1553,1048,12.799900,1
154,2288,64.585457,2
2564,1461,49.777718,2
2005,2252,61.270466,2
1703,2686,55.049122,0
2428,1123,20.774691,2
1862,1241,81.017799,1
2686,2844,56.426800,0
2196,2910,73.916313,0
53,2705,61.421997,0
1689,1360,86.267441,1
205,2018,41.737431,0
2140,2265,54.205784,0
2477,1580,83.651192,1
1994,516,63.201771,2
828,530,64.784271,1
1172,1098,98.538406,0
2773,1619,87.325150,2
2426,2728,93.248459,1
281,2129,43.078106,2
2745,970,70.307533,0
2800,2050,15.908532,1
2233,2532,94.901657,1
918,546,82.156044,0
430,1894,6.744804,0
1844,2885,65.052040,2
2478,741,91.739891,2
2512,1071,24.777981,0
628,645,51.378635,0
1519,1005,16.118458,1
2238,753,37.056355,0
1173,231,19.333740,0
1997,2728,79.215103,0
2277,1260,27.276167,1
2315,2736,42.186596,0
577,2278,5.763944,1
1228,1392,83.499237,0
2811,2023,42.555588,0
1273,2987,73.488243,0
337,2250,5.397528,1
1581,1604,93.209633,1
2221,1980,82.472038,0
123,2166,90.601791,2
2025,117,42.912708,1
919,2744,96.115166,0
825,770,32.017994,0
821,2683,28.222326,2
80,2343,11.399762,2
1924,594,96.229263,0
1408,1547,81.212242,0
1047,2541,19.485415,1
2302,1424,92.468910,1
1884,934,93.255409,0
1489,2994,10.222844,1
410,1556,64.046440,1
718,771,63.314903,0
106,1404,51.530502,1
2749,1305,29.910681,2
67,2427,69.586029,2
2840,2859,93.565765,1
845,1887,55.569260,0
1581,416,42.922779,0
1835,2934,86.445488,2
316,1159,82.498116,0
519,1147,76.104637,0
738,385,84.058937,0
6,1393,41.614487,2
1318,245,29.594753,2
2257,838,98.035919,0
1342,1078,0.373153,1
376,1235,55.654846,0
2021,1505,21.631598,0
2561,2347,99.600861,0
2982,1205,47.131767,0
950,2938,4.883352,0
1440,2171,55.673832,2
2634,7,51.604004,0
513,1823,18.161163,1
1559,2958,3.116977,0
1596,2134,91.905411,0
1077,1737,86.652908,0
1817,1258,81.402794,1
1989,2432,29.633854,0
2714,2381,4.228309,0
576,1822,11.560206,2
1544,2709,65.551765,0
1835,740,61.634037,2
606,2946,12.104048,0
1108,333,22.918489,1
2428,1796,84.130043,0
1497,1325,64.504005,1
2101,183,76.760208,1
1595,316,73.879532,1
1544,1380,20.853251,1
1162,692,77.720024,1
521,342,22.916903,0
1682,343,22.717968,2
2502,565,87.209656,0
2727,742,81.294128,2
2939,1631,93.964592,1
1592,2863,34.120453,2
2389,2521,71.620674,1
608,1718,3.976045,0
2449,1686,5.757043,1
905,596,83.386993,0
2796,2298,29.195520,0
1684,1523,39.512070,1
2960,2706,15.314860,0
933,1480,94.968681,0
1792,2638,39.301289,0
865,778,38.929577,2
1703,637,75.367676,1
555,1599,92.979294,0
925,2351,24.914150,0
736,629,24.829159,0
2815,631,80.518867,0
2301,2306,52.026581,0
2075,2063,73.966469,1
871,2161,57.326485,0
1881,2143,55.339859,2
2879,849,46.230961,1
639,1861,82.725258,0
2784,1851,94.000648,0
2180,2058,82.213661,0
2175,2945,11.484294,1
2543,121,76.311882,1
961,1132,50.922741,1
1982,421,73.336678,1
1189,250,84.796478,2
782,2278,27.793886,0
1221,1035,94.834435,0
2620,1778,77.670242,0
1661,2448,80.181816,1
1520,1844,62.122383,0
2647,1086,86.774170,1
2445,878,24.902618,2
188,2420,51.454494,1
808,340,31.199787,0
2307,2620,62.839191,0
873,2132,84.391083,1
1043,537,60.129093,0
897,443,76.859482,0
300,82,28.917830,0
720,2695,70.958847,0
1293,2446,65.096420,1
1667,190,37.783123,2
1907,645,57.960751,0
1794,2571,24.249659,0
2521,1686,3.042434,1
2199,1494,68.058731,0
880,1326,89.429688,1
1825,1061,46.857662,0
2663,2546,57.312862,0
1970,1512,33.432556,1
1542,1953,8.273684,1
34,448,60.178726,2
423,2668,66.148628,2
2974,42,39.219971,1
1750,340,50.050201,0
236,2342,41.953632,0
1512,2345,4.172153,1
463,1345,66.187164,2
2865,2534,40.394276,2
144,458,92.660675,1
459,323,54.107071,0
810,73,69.928505,1
556,379,44.868294,2
1262,2449,33.991215,2
2594,2973,45.308083,1
1693,1262,8.260749,1
2786,2764,94.723312,1
2692,2291,23.360680,1
622,272,41.612610,0
1199,2727,72.563789,1
2502,2712,25.314978,2
569,394,51.010555,1
590,1299,69.030563,0
974,695,20.562698,0
1052,434,90.450165,1
2584,241,5.891336,1
1002,551,60.654892,2
1254,1512,94.066795,1
1712,574,45.895779,0
2898,2523,47.852440,1
1179,1369,24.408157,2
528,963,68.459015,1
2877,2025,1.142511,1
960,737,37.674759,1
2339,2126,3.652760,0
2659,2659,25.107250,1
346,2761,49.222466,0
1380,1178,8.438254,1
2609,314,67.305565,0
343,1910,94.459427,2
608,2160,63.814922,0
585,1708,90.599281,0
1190,116,52.567539,1
1489,78,72.405807,1
2815,2541,85.747238,0
1810,605,7.421327,0
1085,2606,79.082733,0
710,2751,5.544190,0
2295,1964,29.529728,1
12,484,89.965942,1
207,1707,31.945488,0
113,188,96.042870,1
658,1890,60.817741,2
1272,2750,3.591942,1
1739,2339,24.355747,1
2922,2676,60.730461,0
1656,2160,50.008614,1
1842,2742,51.173916,1
2225,2842,26.258318,1
2360,1213,65.383949,2
392,1039,27.697239,1
2579,512,47.020000,1
2851,1266,98.130493,2
2096,1888,39.826817,0
1903,439,98.855766,1
2713,745,58.823124,1
2837,1103,90.403534,0
970,926,0.787190,2
1145,573,87.228188,2
2191,578,64.949791,0
446,1778,26.611755,0
2427,150,7.385628,1
80,2652,31.017778,1
2606,2217,78.184807,2
2908,701,77.153107,1
1321,2139,38.659641,1
2914,1970,0.491061,2
400,954,88.911774,0
293,2476,66.255486,0
60,1331,81.630531,1
639,1629,83.485031,1
2746,685,57.556541,0
936,2194,50.558887,0
166,632,96.308815,1
522,1696,85.886139,0
2434,2422,48.030933,1
1307,1769,65.175591,1
2427,199,17.170868,0
1797,2931,30.630863,0
325,1904,80.837334,0
917,1034,5.142984,1
724,2744,52.852039,0
918,1509,19.022041,0
186,2030,0.772068,0
666,1609,7.819961,1
1483,148,80.137184,0
1146,1489,80.122604,0
242,494,26.367439,1
1050,227,26.471386,0
2117,521,59.056942,1
2873,1571,62.611359,1
671,623,80.335884,2
1516,2026,86.490326,1
1843,2272,23.092152,0
2299,1301,68.192978,0
1428,1231,94.819077,1
2258,656,66.453140,0
1324,613,97.464020,2
1449,1336,27.884317,1
2477,2307,91.005463,0
1510,1291,46.376045,1
2290,2948,57.375816,0
2068,785,77.529312,0
1294,1826,24.452921,2
813,2085,13.152037,1
2029,757,87.365593,0
2947,1193,92.607605,0
2413,1055,58.957218,1
574,1160,89.663506,0
481,1328,99.399147,0
2237,818,80.978386,0
319,932,58.926773,0
1511,190,35.069946,2
1071,2207,8.169899,1
2946,2049,55.047905,2
1962,929,23.288313,1
2251,2967,58.518375,1
2175,2636,8.177214,1
1141,1765,27.592834,1
399,1355,1.465604,2
2801,2787,3.098826,1
1305,2968,18.126144,1
2112,2884,20.749964,2
211,155,3.400372,2
2749,90,14.914773,1
2746,1264,49.094978,1
2321,1721,33.496174,1
96,381,18.594000,0
1614,1440,86.774406,1
306,30,54.242302,1
1052,1842,15.109825,0
2622,1501,58.865547,1
2113,1170,45.483391,2
73,2587,64.965378,1
2586,2925,11.288907,1
2648,1013,86.354134,0
1106,828,57.368473,0
2510,1559,60.867901,0
2516,2712,39.442188,1
1177,2488,48.894299,0
1311,1231,9.421267,1
1477,984,93.067093,0
1698,1762,54.610039,0
2949,605,42.608719,2
346,2069,62.655277,1
2719,1276,20.577908,0
749,1376,65.759758,0
609,35,60.533714,1
879,1510,80.292213,0
1412,659,0.416117,0
177,2512,32.317760,0
1848,101,96.850052,0
2590,1673,47.770374,0
1390,902,43.157040,2
886,2097,37.167694,1
1677,27,42.571587,2
493,1218,85.213921,1
992,2607,73.716042,0
242,477,81.848068,1
1020,1374,81.669495,1
898,70,90.885895,2
1835,2678,98.079369,0
69,1299,64.885857,1
2051,1993,39.049908,0
416,627,55.978378,0
2138,1591,87.293571,0
2062,2845,20.313265,1
612,2231,31.316885,0
289,2895,32.487545,0
2005,2078,93.762909,2
2449,401,36.856926,1
46,2511,96.824486,0
2000,1683,50.756004,1
2059,919,42.248623,1
1106,303,42.210732,1
2473,2231,94.620697,0
2459,1162,16.543692,0
1734,1515,4.481396,2
2876,486,49.954372,1
2752,1497,91.186066,0
2261,148,83.255020,0
793,1571,7.391326,1
1816,636,65.177055,2
2173,2801,30.914444,2
178,2950,76.905647,1
43,79,86.699760,0
2863,1936,82.068047,2
1989,1931,64.486382,1
2400,466,87.658020,0
1898,1251,28.514406,1
938,1465,45.917324,1
1737,2489,12.068756,1
595,1843,87.576248,1
246,2131,12.093961,1
371,673,52.313938,1
2804,603,69.432556,2
453,1640,67.992363,0
43,419,54.742088,2
2612,2478,45.191048,0
700,2296,70.079369,1
1743,1149,89.172913,0
1438,451,35.272045,1
356,1200,60.839676,0
969,885,7.172460,1
2083,433,49.149105,0
1257,941,5.505803,0
2099,1618,36.176067,0
2190,2933,15.436662,0
1197,182,60.348576,0
2970,1691,78.753578,0
2250,1527,3.362034,2
1006,1505,43.064709,0
2746,1829,2.577484,2
2200,1787,65.917175,0
2578,2776,99.587753,1
2201,2342,82.495193,0
1198,2203,45.776745,0
785,1509,21.148062,2
1633,2251,16.886713,0
240,2412,14.230164,0
2813,1410,33.270294,0
1028,2447,30.184544,1
859,634,70.007576,0
2170,2413,97.152573,1
864,2178,79.774971,2
1463,1459,7.720967,0
2013,554,49.441357,2
1556,1542,97.037735,2
2718,954,87.147408,0
165,2327,92.528847,0
347,796,85.571060,0
2954,209,14.620229,1
1531,1614,47.573483,1
437,1986,61.687725,1
2695,48,0.197494,0
1544,905,93.704170,0
2292,2560,31.311544,1
355,455,13.938715,1
740,435,38.158440,1
2106,2926,9.605443,0
1870,2306,80.596390,0
1300,2039,75.516541,0
1908,2745,19.996258,2
359,1346,93.491539,1
2457,1000,25.053625,2
2053,1909,1.383387,2
792,900,72.770020,0
2690,2090,29.177008,2
2572,2609,93.739456,1
1914,132,36.665768,0
2993,2149,47.018341,2
839,1228,40.538517,1
2528,1422,38.291759,1
2199,80,25.290735,1
197,473,91.892853,1
532,724,43.312138,0
2343,2450,17.265568,0
1446,1889,60.023094,1
449,2292,74.058311,2
722,1475,93.830551,1
1818,2141,85.752068,0
604,1885,0.884320,2
2838,1196,81.604691,0
697,1066,37.116383,1
839,1776,43.334904,1
708,1014,43.981853,0
1575,2578,88.528572,0
2444,968,21.703655,0
2572,240,24.592686,0
553,1213,98.140808,2
2490,1469,70.923706,0
1969,486,96.488205,1
1034,547,39.330322,2
1518,2033,74.138054,0
1201,594,60.522465,2
2580,1577,4.525028,0
779,1465,41.825809,2
2047,2257,84.601006,0
1611,204,10.072989,2
671,1464,42.804092,1
2443,2239,64.738312,1
2980,2023,96.231476,0
1309,509,19.854109,0
876,1500,31.258802,2
2945,2059,38.667099,0
2291,2013,17.223032,0
1696,2447,92.656349,1
1570,853,47.811867,0
1220,2061,14.744763,0
2995,1033,68.830795,2
240,2666,58.918255,0
550,1040,79.275970,1
440,1712,85.224785,0
1675,864,97.584152,1
702,1771,74.549591,2
2235,738,78.711273,0
634,1758,74.122185,0
2734,2527,54.211597,0
2860,512,14.760903,2
280,2253,64.416222,2
497,2661,63.564774,2
60,2290,6.339796,0
2724,864,88.360870,2
2976,512,90.559425,1
1650,720,47.145557,0
2836,333,40.612865,2
2358,352,59.729851,2
546,1890,16.765409,0
1608,1166,63.792900,0
2782,1240,27.688625,2
2349,73,5.275514,0
2666,1522,74.089676,0
1634,1795,29.044947,1
905,1308,93.172592,0
877,373,83.304649,1
836,2031,98.935158,0
2227,1647,37.548965,1
1347,12,50.725018,0
2338,473,47.949856,0
387,2599,93.864059,0
1789,1824,14.064490,0
1708,2086,68.913811,0
1465,398,21.708361,1
1977,1560,47.337528,0
2778,2344,30.196505,0
1707,2675,41.372391,0
1238,267,65.801384,0
1533,1666,35.785057,0
174,2535,62.601456,1
2490,2238,38.371113,1
2207,2225,62.008732,1
896,550,62.252613,1
1962,1917,34.072495,0
2513,1108,7.819229,0
1736,271,40.052452,1
1704,347,94.987343,2
2564,2495,96.603355,1
1125,437,36.544796,1
2850,836,53.787956,0
838,1394,75.637230,1
2233,1791,92.178093,2
412,258,26.840216,1
2132,1415,19.900560,1
2736,2607,80.209343,0
1788,2531,73.565811,0
671,2597,72.954521,1
2581,956,85.219093,1
1909,2310,86.237091,0
2677,1140,69.300613,1
2076,1669,18.678183,0
733,2765,42.948997,0
2051,2538,19.221071,0
2554,2337,26.193508,0
2611,1788,17.661945,2
1670,544,45.220509,0
2136,1336,36.608265,2
994,1717,30.661352,0
2869,2869,95.189377,0
1849,842,20.778664,0
1375,1630,62.388985,0
454,315,25.585667,0
2897,2027,68.114662,1
1016,1138,42.972874,2
735,2228,64.158852,1
716,1544,7.702168,0
1664,2277,33.573853,0
1835,917,43.767365,2
118,2131,32.837498,0
2897,2772,24.949015,1
2227,2084,35.510906,1
2507,727,39.403835,2
2846,1409,81.100037,0
65,2600,9.094895,1
2161,1929,0.698388,2
126,1544,39.547413,0
2630,1611,61.073380,0
1849,2122,8.221323,0
2568,2914,73.413544,1
605,2020,68.808266,0
1163,1495,37.493111,1
1752,2972,70.217201,0
963,581,47.110828,2
1935,1238,12.230030,0
2295,1010,33.250824,2
398,627,65.746300,0
2497,233,66.113426,2
2072,2796,9.747132,0
2688,725,96.616791,0
1709,1778,45.696743,0
809,741,85.340195,1
145,2916,29.240007,2
841,2875,21.099718,0
368,42,36.538166,1
131,2970,96.941376,2
2605,1489,6.510575,0
2824,361,76.654190,1
1428,1833,20.945227,1
566,2727,74.492592,2
2027,1271,71.399292,2
1964,2089,44.895332,0
1441,2526,81.007820,0
889,1668,8.116303,0
1422,2324,21.936993,0
294,1686,1.983850,2
1971,1444,13.158381,2
2768,1414,76.340622,2
2951,922,13.135411,0
2347,333,31.367622,1
1532,2984,89.015366,0
2363,2926,77.618324,0
1975,1113,13.750407,2
1660,55,33.682850,1
1609,511,58.130287,1
2016,1029,88.170021,0
317,1475,14.335634,0
2855,1410,65.442039,0
1615,415,59.693573,0
392,1830,57.663361,0
30,1529,74.676903,1
652,1869,21.267960,2
415,1718,28.632515,2
2371,2875,17.730211,2
1607,2103,74.109367,0
819,1461,44.280754,1
1442,696,81.565826,1
1429,2935,14.489959,0
1710,2088,4.574772,0
1355,1944,86.468094,0
2262,2991,17.507792,1
967,1484,62.836933,1
286,430,90.405022,0
2410,154,78.145912,1
1792,1637,10.718361,2
1402,1804,43.655941,1
2782,1052,51.709175,1
894,495,95.364601,1
1551,773,23.481831,2
716,2602,31.610098,2
1601,2117,73.626648,1
2177,1221,72.253639,0
1826,2409,65.419373,2
2584,1641,98.732101,0
2727,1175,24.182171,1
2568,303,80.165199,1
845,1817,20.924793,1
485,2933,71.048523,1
2944,1540,90.408966,2
217,1046,82.746620,0
79,812,72.986229,0
2627,2929,98.597687,0
1933,2433,81.055031,0
338,1730,92.589455,1
1695,982,46.088974,0
86,1710,54.330803,0
2092,1834,10.042134,2
1223,1437,27.163525,1
2445,1412,7.850101,0
2102,2651,60.150600,1
768,328,9.507367,1
1684,2058,87.634048,0
2682,1032,2.597808,1
2308,2401,89.206108,2
2766,665,51.267323,1
347,2111,0.989436,0
1495,1376,61.594563,0
338,650,25.947226,1
122,1429,13.460592,0
743,1345,50.489815,2
697,1962,90.349716,1
2815,1442,93.044762,1
540,1178,89.151810,1
1459,816,29.943062,0
2213,1260,82.363052,1
1569,1480,88.249702,0
1491,1016,44.213963,1
955,651,15.371086,2
2801,2137,45.402229,1
323,2212,79.052429,0
666,102,28.780287,0
1167,1729,4.072481,1
467,735,26.642521,1
1224,58,45.423092,0
1143,2897,51.142967,2
2015,1775,81.178032,1
266,1042,79.079872,0
2157,2559,61.608727,1
512,706,91.308296,0
787,295,95.999176,1
572,1325,36.287224,0
1595,2245,55.756832,1
2278,49,85.766861,1
1751,704,31.334072,2
2335,481,8.822545,0
1446,1667,83.994354,2
2921,2261,99.388885,1
1091,605,44.853634,0
2110,417,14.023409,0
555,1003,78.939690,1
2320,2263,31.382597,0
1769,1266,15.704190,0
615,177,32.202637,0
966,498,37.872597,1
274,1733,98.509308,1
2960,1112,25.135031,1
2409,1585,86.432533,2
702,1260,36.058662,1
2757,820,91.027107,2
2095,1710,92.627640,0
627,377,73.953560,0
525,720,24.793928,2
929,917,85.519936,1
2729,409,69.586143,2
1654,587,15.480207,1
2484,2675,80.791794,0
2120,572,82.386391,2
22,789,91.121902,1
2318,356,25.260427,1
2747,1681,7.976501,2
2715,1416,38.465519,1
2060,1512,69.439362,2
610,1466,36.468880,1
2048,2327,89.857666,1
464,1232,66.587433,1
2781,1276,45.058865,0
2984,2125,53.936443,0
1805,2183,62.308796,0
749,1035,63.887661,0
2818,1233,14.033756,2
1981,1716,55.582165,1
2082,2773,96.045029,2
2547,555,96.823555,1
2615,748,68.413208,1
2406,2008,24.061649,2
426,2521,15.519530,0
1091,1319,22.336622,0
526,1787,76.243576,1
1805,2027,4.684996,1
1686,1187,96.295998,1
1073,2121,30.226118,0
2927,2664,94.592735,2
2184,1837,91.430687,2
2623,1339,58.242798,0
1706,1885,70.094925,2
2777,2368,17.548130,0
611,1840,74.348343,2
2577,2001,96.626633,2
2885,746,12.909564,0
1213,340,85.005943,0
1200,1856,14.820686,0
2352,441,59.783127,2
888,1050,6.809982,1
932,1193,46.136944,0
847,90,22.440290,1
2918,78,38.380016,0
2676,2961,2.246548,0
1420,1626,15.788290,0
2244,2792,29.928141,2
2439,1247,70.002174,0
557,2246,24.718090,1
2892,523,48.055191,0
902,396,75.707718,0
708,1630,88.953217,0
530,2159,48.061657,1
2542,1917,96.871269,2
1025,1830,83.350891,0
2785,596,61.243427,2
327,2413,41.018379,2
1443,2873,65.234711,0
2810,150,49.697647,1
2947,1402,97.671997,0
2970,844,54.710888,1
904,875,83.384109,2
1864,1557,52.488174,2
2549,2630,83.533653,0
1326,684,12.708816,0
2548,2787,86.437675,0
2181,344,51.606834,2
714,1991,6.018205,2
648,870,43.220299,1
311,1421,0.041487,1
2413,2549,84.007454,1
1559,2676,56.385086,0
80,2583,97.586693,1
250,1265,89.551147,0
1773,1096,40.400719,0
12,2186,8.121846,2
921,2886,96.602264,0
1595,1793,74.216148,1
137,1757,19.696697,0
1207,632,47.367657,1
2870,1787,40.762802,1
1328,2156,61.390213,1
1231,261,86.373657,2
82,2243,5.896300,0
1589,1962,80.747826,2
1135,1616,72.700615,2
1203,1699,92.781456,1
1130,2391,97.533630,0
137,2957,99.467789,1
2668,30,30.349531,2
1280,1975,49.630424,1
39,1811,60.621063,1
2983,138,71.566658,1
1660,2547,25.695503,2
2919,2083,36.155750,1
430,2968,29.828568,0
2026,1980,21.483194,0
1950,385,78.886292,0
1001,1808,6.114563,0
984,1640,22.884426,1
401,2022,8.825837,1
317,862,80.664787,0
738,808,21.542791,0
248,172,53.229237,1
739,644,33.667942,0
955,2440,32.444302,1
1483,669,30.579000,2
2758,1387,2.021441,1
634,2308,60.868496,1
1616,239,25.562078,1
2263,2780,92.558220,0
217,2584,35.566536,1
308,483,93.505005,1
911,1780,43.684044,1
177,2487,12.093052,0
1408,1642,31.782440,1
436,2503,26.299505,1
2190,660,3.973604,2
1643,1698,64.903008,2
412,1815,52.705292,2
773,1170,22.244551,2
2304,648,52.819260,2
2463,875,91.163658,2
301,1671,59.331486,0
2147,1150,17.907721,1
839,2767,97.673019,2
1156,2112,50.980732,1
416,2995,47.796135,0
2871,2688,49.524986,0
2797,617,5.245376,2
2331,1533,6.479728,1
117,2600,72.813087,1
1820,2085,50.096088,2
1849,2226,17.550789,1
2217,869,82.845337,0
2131,1011,83.077950,1
1674,1740,51.670967,1
1131,2724,51.192486,0
2703,2711,62.399517,1
1888,1806,77.567528,0
30,2260,38.548382,0
2294,1301,91.644768,2
2403,417,38.310066,0
1549,2888,38.926201,2
1376,2508,44.872711,1
1242,2340,57.225163,0
1863,473,76.690552,0
2929,2540,20.625778,1
120,772,95.949989,0
1919,1709,62.178120,0
2577,1054,54.825783,0
1268,2174,94.093735,2
342,208,67.839188,2
2220,130,56.833813,0
2524,2066,17.763891,1
668,1070,38.962620,2
968,2888,67.504089,1
628,22,72.363167,0
2378,2875,18.933565,2
2807,2556,52.718521,1
1935,794,49.716457,0
747,1758,8.876265,0
2889,1490,0.819892,1
2932,595,13.874314,1
2246,2276,47.252800,1
1171,818,25.364971,1
2339,698,65.549034,1
2740,2501,30.448917,0
951,1277,96.925461,0
458,2587,9.198490,1
1393,1312,60.142956,0
1379,276,27.573183,0
1150,2852,27.828695,1
1913,2198,53.097958,1
2910,1246,18.371567,1
287,1719,47.612720,0
1891,956,16.827915,1
154,2632,55.594021,1
2137,2046,70.907654,0
2957,1461,88.762344,2
1279,428,63.940258,0
2340,2985,67.530952,0
72,1521,9.547834,1
308,1344,20.845638,0
2238,942,47.267071,0
511,1457,4.953190,2
2397,2439,81.146324,0
498,1629,47.215141,2
2109,2606,52.359871,0
2732,1313,97.192268,0
884,1371,89.810783,1
2276,1647,35.699863,2
2625,984,99.929245,1
2274,1351,72.049721,0
1093,2828,89.725731,0
1536,2850,82.806641,0
524,2566,90.453911,1
1339,2929,95.609169,0
52,422,11.264530,1
1000,1339,51.983521,1
2227,2174,41.204662,1
1190,2028,52.342793,0
2283,1584,23.712496,0
2554,816,93.998940,0
311,2747,81.357124,0
569,2925,98.672691,0
197,786,87.345245,0
921,2515,79.342979,0
1682,302,29.401995,1
130,2547,28.003967,2
1195,1523,83.549423,2
2700,2304,39.124290,0
226,111,65.451538,1
2209,2676,49.479290,0
1108,121,5.668149,1
1878,2703,86.184776,1
2876,480,78.530228,2
2558,2577,35.818336,0
1062,1830,14.163110,0
205,785,55.821342,0
1120,2905,61.040730,1
2585,1735,64.626312,0
670,1697,37.552448,0
2440,2697,15.078616,1
2186,1429,15.756432,0
943,1560,57.150986,1
1981,2552,22.967962,1
892,259,45.750175,0
614,933,31.446842,2
965,1992,66.237053,0
305,2348,26.239834,1
815,1232,4.450315,1
1795,746,25.134375,2
507,2116,60.819057,2
2618,10,11.583596,1
2799,2866,55.363930,1
1292,929,21.460741,0
628,2775,55.254723,0
1144,277,51.737286,0
2066,2365,23.150944,2
2113,2000,6.680026,0
212,1299,55.484901,0
119,1056,94.239082,0
676,985,74.083946,1
1747,1668,53.242622,1
512,405,52.382732,0
2346,678,30.681648,1
590,1274,78.339142,1
1353,108,98.680748,1
2190,1988,95.006775,0
1777,398,46.999935,1
1110,1686,9.006477,0
2763,2474,43.731640,0
2191,1216,72.529846,0
797,1575,53.235779,0
608,807,94.628609,0
185,683,77.587212,1
1616,87,64.693275,0
1501,1415,93.460426,0
2169,277,28.874754,0
61,1293,21.810343,0
2477,1574,42.077492,0
2550,2733,44.389599,1
1346,74,85.483444,0
1581,879,19.618790,1
2112,956,14.232543,1
81,163,92.392792,0
747,346,43.035465,0
878,1221,81.622925,0
2279,132,55.407810,0
2668,1424,59.668694,1
2025,2342,83.350349,0
582,1890,74.366287,2
591,1770,29.510614,0
802,1408,90.035629,1
1541,2729,98.113800,0
417,2299,30.188993,0
2295,1745,34.330391,1
1736,1317,70.532410,1
1181,2937,34.478680,2
1375,49,38.107601,0
2893,722,5.210689,2
528,2773,33.087475,1
1371,1173,76.862061,1
2949,2025,9.297887,0
865,1286,87.202736,1
2525,1406,62.524059,0
2385,57,63.882492,1
2633,1381,74.686020,1
2778,2704,70.697006,0
5,83,26.031399,1
322,768,83.930473,2
828,2812,64.829720,1
2514,2290,26.303040,0
70,1981,73.811096,2
1552,2991,33.994743,2
2943,1149,75.431190,0
1105,1188,92.404976,1
2747,757,66.759354,0
1440,1538,36.438534,1
2012,309,49.324440,2
77,2602,49.295765,1
400,1150,84.019341,0
1773,2408,0.690460,2
2034,854,70.320145,0
767,1673,13.377493,0
520,1162,12.485613,1
2752,1344,8.434492,1
2141,2061,40.327888,0
730,2623,60.780460,0
905,2537,60.649834,0
1589,2770,92.536362,1
2537,2637,19.632792,1
578,177,41.514133,0
1857,765,36.130962,0
2921,1998,83.092812,1
910,2576,85.615646,0
358,1560,21.907158,0
439,1028,49.352036,0
1275,799,16.026592,0
1745,2642,43.970787,0
846,564,28.117580,2
535,780,17.281609,2
2316,629,58.491638,0
2985,2978,19.724905,0
2361,144,60.381771,0
2565,971,91.294746,0
2975,1043,9.730571,2
1219,1186,38.831112,0
2096,2067,88.290459,0
1731,1148,21.634106,0
662,1019,78.311066,0
2230,735,40.410549,1
1426,2514,87.136978,0
2068,2489,24.312004,2
244,1397,47.164841,1
378,2038,72.000946,0
82,2802,51.183861,0
656,148,20.677837,0
1156,2638,27.346785,1
2365,294,54.880611,0
1901,1860,34.903797,2
1822,242,62.820065,1
2811,2829,73.011383,1
1122,2009,0.827314,0
2602,36,76.338188,0
2374,1100,70.023956,0
1317,2653,71.258041,1
1755,1392,30.553711,0
1322,2072,56.038239,2
993,1856,59.229065,0
375,274,40.043098,0
2938,1624,84.018570,0
1339,1476,32.939854,1
2504,2823,13.632927,0
1802,2301,60.382652,0
1580,1971,38.940369,1
1081,1141,64.341446,0
821,540,82.691620,1
1355,2806,4.780677,1
1102,2991,31.585548,1
1041,1979,43.071419,1
1684,1773,55.015587,1
2074,2364,49.462254,1
1067,2628,24.361246,1
324,2176,95.267212,0
465,1614,61.117470,2
2272,862,13.969050,0
59,1609,70.590111,0
139,2033,64.084976,0
2290,2234,36.172653,0
2946,2659,46.561039,1
1578,2692,23.770357,2
1619,2696,78.607140,1
825,644,25.267382,0
1409,893,35.390621,1
1022,2855,9.171214,0
361,2624,15.419499,1
887,514,12.435061,1
2531,2945,53.770203,1
1674,192,20.810862,2
639,155,98.410851,0
2037,893,64.931015,1
129,1652,89.261337,2
2550,1777,41.044743,2
1605,313,40.348385,2
2157,1842,40.379475,0
872,2596,61.417992,1
2332,2275,68.123795,0
901,596,63.450909,1
673,194,78.976639,2
879,1109,37.222153,0
2354,1671,72.141960,0
1621,1396,89.310081,0
2087,2833,58.495140,1
2269,2300,33.776581,0
2987,350,40.659523,1
775,1920,40.730038,2
991,470,30.922560,1
1468,51,21.310968,1
2438,2957,61.327362,1
2542,1234,1.883168,0
2849,1079,74.718712,1
1706,2561,46.717800,1
934,1021,42.701126,1
1163,1266,4.187922,1
1355,2901,35.114243,0
2413,1915,92.280571,2
519,897,23.231380,0
1507,2017,44.611855,0
1964,1938,42.369343,2
1305,732,8.821337,1
310,2072,98.285912,1
596,2069,93.744667,0
2022,594,28.071266,2
358,1964,6.153604,1
2201,2816,65.109184,1
1335,1685,69.268822,1
1799,2449,66.928421,1
436,2214,38.589294,2
2269,1420,52.122780,0
1390,1055,96.640953,2
84,1197,44.917999,2
680,2055,62.654797,0
2629,989,59.472748,1
2830,1421,9.388696,0
795,1823,47.321880,1
2949,809,92.732933,0
2233,879,66.044159,1
1178,2638,98.248978,0
1481,2906,41.395538,0
1630,2774,55.183086,1
1052,2410,11.461946,1
2040,329,78.691330,0
481,1262,42.049992,0
1708,374,59.272896,1
1358,741,84.450813,2
2359,866,1.235629,0
2853,1121,69.011597,0
292,2170,21.669424,0
2054,1566,80.763977,2
2447,1325,79.489578,2
2940,2302,75.418045,2
1223,2304,45.988602,0
485,2373,45.851818,0
2459,2542,54.488754,0
445,1846,37.495171,1
997,1693,20.076397,2
1814,657,29.133177,2
509,1293,47.333958,2
202,1336,41.214931,1
2300,535,47.588879,0
2890,2810,69.986107,1
2058,1067,44.214169,0
2894,699,73.322273,0
2192,2328,14.100117,1
2858,2732,8.077847,0
1081,457,19.261578,0
1156,2945,77.709457,1
1014,1625,1.179763,1
173,1204,26.083757,1
75,2244,80.716240,2
2536,2018,52.236988,0
1568,2219,62.201859,2
656,466,33.156563,0
614,418,98.096947,0
2942,1835,1.802055,1
2345,1985,38.779716,1
1458,2920,31.864519,0
176,429,91.605011,0
1544,872,16.517462,0
693,605,41.667866,0
2981,1056,45.792027,0
1591,1738,36.224564,1
2638,830,69.472015,1
1932,2378,10.877467,0
1933,1672,75.740990,2
2263,293,71.277504,0
2776,2491,33.611588,0
1498,1571,28.708193,1
1599,210,13.444561,0
380,2339,35.579494,1
1707,2792,82.927048,2
2629,975,76.548103,0
2815,2707,72.044052,0
215,2120,10.697911,0
2545,2475,76.292862,0
757,910,86.213928,1
2469,398,27.902964,1
2988,336,6.381251,1
864,2910,50.837337,1
1952,2591,44.806026,1
373,2405,63.146645,0
122,2552,51.966263,1
1115,2943,24.310942,2
2043,1480,76.110649,2
2364,1050,18.672792,1
1217,1990,12.776246,0
1113,408,32.646168,1
273,1455,74.262444,1
1851,1160,4.986511,0
2858,261,88.704498,2
1721,1236,79.738411,1
1673,796,45.491833,0
2862,2489,20.565693,1
2107,987,47.853607,1
2637,1263,23.501801,1
2689,1963,25.766981,2
1698,687,58.787983,0
1914,2502,47.450092,0
2948,196,28.490265,0
2491,1237,22.971767,1
2119,1026,80.223701,0
450,340,35.669285,0
2969,975,77.200073,2
315,680,65.296997,0
2736,2002,4.080478,2
223,1573,93.153969,0
1354,1883,54.428280,2
1797,2536,71.971565,0
1259,330,79.451294,0
1793,1213,75.001137,1
2878,89,72.148842,0
2113,2510,90.482048,0
705,2555,45.574966,1
2550,1032,66.978455,2
903,578,23.390017,0
1963,315,93.710732,0
2087,946,30.620613,2
987,544,33.704979,1
1022,642,21.188213,1
385,1659,93.691895,0
2999,2768,31.262274,0
822,2673,92.019516,0
934,2784,14.231737,0
110,1635,47.460770,0
2677,2644,59.085228,2
2771,2881,59.264954,1
1682,2825,91.289452,0
2947,884,87.273842,0
1542,683,64.305420,1
1485,339,31.492086,1
730,528,45.442589,1
904,1317,71.736153,1
389,1281,49.413483,0
1778,2234,81.306961,0
2239,1563,27.314383,1
1334,443,58.002140,1
2959,1613,97.061317,0
2693,2462,52.086170,1
2234,2747,68.511658,2
1880,1067,9.344352,0
997,1532,69.560402,1
700,995,44.360340,0
2905,2551,26.912548,1
879,456,20.813349,1
2699,2565,17.741463,1
1450,40,52.894848,1
2320,648,12.070799,0
2910,1219,30.606186,1
968,1096,8.651973,0
1247,2571,68.355156,1
1152,1573,98.636925,0
1107,1907,44.889744,1
65,1284,57.928177,2
2482,2261,71.169281,0
2603,475,45.245979,0
889,2241,33.358150,0
1695,1592,55.511543,1
2999,2240,45.970100,1
1566,2540,99.497437,0
77,2015,83.830078,2
1312,76,29.885418,0
1816,1147,6.909992,0
2710,2081,81.779381,0
1473,2006,18.167820,0
2530,1002,53.375801,1
1896,2885,13.798151,2
2128,718,30.260565,1
471,344,4.000823,0
636,513,53.373905,1
2003,1179,44.359180,1
2094,1971,45.242840,1
1154,1552,36.696533,1
2066,512,8.822017,2
617,414,61.348061,0
1523,1509,77.108047,0
1296,1133,91.006699,0
357,1769,29.106569,2
1108,381,74.451836,0
739,2024,14.013968,0
2564,2948,23.084431,0
401,145,8.435381,1
928,437,21.075304,1
1996,2340,62.076160,0
2703,1346,46.084137,0
868,2033,58.232018,0
1574,1402,63.327057,1
2255,1642,48.940712,1
1583,2932,39.278168,0
771,1881,64.863907,1
1043,1335,79.848236,1
882,2781,54.207649,1
2953,2011,90.486252,1
737,2233,21.722660,1
1502,38,99.849312,1
1177,282,83.992599,2
2120,1491,0.883042,2
1594,2762,16.013590,2
467,1135,60.084122,1
1109,2657,98.977974,1
848,1446,13.654947,0
1369,529,6.668292,0
1087,40,21.964153,1
395,1808,23.166231,0
2555,1588,17.807827,2
983,2812,84.447113,0
1391,476,78.023018,0
1251,1530,42.061104,0
1992,2861,81.542046,0
2110,2689,60.358021,0
289,1361,64.529053,0
1246,989,90.613541,1
2141,2656,94.334778,0
104,370,52.291782,0
740,831,35.609634,0
1447,2498,92.268204,0
126,921,77.955605,0
2778,2327,1.434654,1
974,1170,30.167973,0
1749,2284,32.657932,0
2819,2285,58.264309,1
1678,1906,98.437172,1
2537,1711,73.811310,1
2777,1860,2.015207,0
441,1454,4.806117,1
2540,1346,60.969284,1
1979,1073,7.021296,2
2964,2000,53.519066,1
2341,1223,48.281296,0
2306,631,75.607025,0
2743,1994,48.660561,2
251,1860,91.272072,2
2548,2071,66.161995,1
1235,1827,94.604919,0
1622,314,83.800957,0
1395,838,10.179600,0
1221,1236,52.313965,1
240,811,4.936257,0
1882,1911,57.879097,0
1211,1697,23.915573,0
2271,2574,99.913673,0
186,694,50.843681,0
74,1128,86.187241,0
2747,1403,65.153198,2
1804,928,87.969086,1
1276,1877,15.851564,0
891,1917,49.519402,0
1599,1210,68.393188,0
110,2524,95.278893,2
2836,916,38.364262,0
487,2408,59.752773,2
1899,2596,47.662292,1
1644,1768,93.305786,1
1989,1733,64.995415,1
1283,1406,94.339821,1
118,274,32.893799,0
2607,211,50.500492,2
819,2027,92.889137,0
2484,1092,4.481564,1
527,2570,14.499413,2
1239,326,98.497002,0
497,1802,82.682312,1
97,587,0.516507,2
1029,1589,94.125504,1
2907,1552,49.133938,1
2295,2268,31.304157,2
627,1420,31.837444,0
985,296,82.323410,0
2203,114,69.562363,0
1430,2340,97.475067,1
1824,1141,37.001400,0
660,2518,96.988380,0
1811,774,27.002853,0
2081,1001,29.601736,0
634,2744,2.681533,0
2564,706,68.853859,2
1667,1828,75.263237,0
1504,2241,84.970238,2
1824,1001,97.529427,0
73,2729,98.447037,0
2000,140,10.454947,1
1138,1149,10.286884,0
76,72,64.585876,0
2526,902,12.293097,2
2141,326,26.012089,1
998,48,67.435661,0
141,18,70.951378,0
27,1760,80.042534,2
1354,1010,46.504684,1
2982,2949,7.599777,0
1475,2921,48.554279,1
542,2135,11.823516,1
2364,2991,84.279282,2
267,2461,47.019753,1
1007,1321,88.815376,1
94,562,77.271751,0
0,2216,54.672226,0
895,193,19.216640,2
1482,319,63.082516,0
2211,110,6.275818,1
643,2620,10.583348,0
689,130,3.120976,0
1820,275,14.942244,2
2122,2972,14.850995,0
2448,1524,34.511139,0
499,2286,62.977585,1
2925,220,9.725229,0
2648,1275,31.978804,0
272,2327,89.537689,1
178,127,58.576962,2
1877,1649,41.697315,0
1504,922,12.670094,0
2445,1205,24.933575,0
1676,2467,49.412003,0
1171,2588,93.817375,2
2769,2781,47.546543,2
180,2623,10.418122,0
988,2229,36.365868,1
1674,213,32.863083,2
996,985,13.337284,0
1350,2295,8.484282,1
941,1087,0.740273,0
1226,480,48.219826,0
150,499,55.420509,1
824,956,49.434277,2
1301,2056,76.525070,1
952,1637,86.756332,1
866,231,40.654148,0
1741,334,10.653609,0
1637,746,81.009811,0
161,1736,76.153877,0
1290,2074,60.582394,2
2813,791,18.820221,0
2338,1774,6.023158,0
1869,727,92.809998,1
2893,2091,22.953234,0
2277,1850,59.506210,1
1190,1682,17.381069,1
1396,742,52.765079,0
445,2142,43.516186,0
137,962,55.703949,1
1413,280,21.077776,1
102,2186,79.901878,0
1338,1792,95.697395,0
2098,2401,65.355515,2
669,614,13.597321,2
2222,1030,94.971519,1
847,2673,9.882998,0
2693,2589,83.968323,0
2349,1096,28.859562,0
2911,32,34.735386,0
1053,1757,83.787369,0
1467,58,25.156698,1
1533,409,70.321465,2
2138,2795,37.068783,0
1970,2338,10.853234,0
2886,881,76.752426,1
560,1981,15.183601,1
1085,2552,38.174507,2
793,1621,69.592941,1
2033,1392,40.394211,0
2160,2172,91.008499,1
2239,2553,72.613083,0
1533,956,33.799000,1
1146,829,64.640732,0
2679,1757,18.230986,0
1104,752,95.298416,0
127,2076,88.582314,2
2810,1362,22.638763,1
994,1455,63.499878,0
639,2322,12.496093,2
2588,2997,81.574295,1
2408,1753,97.983925,2
257,106,71.891457,1
2023,1202,60.939720,2
2045,1291,90.703224,1
787,2887,80.780685,1
2674,1491,73.529053,0
2619,536,82.030762,0
231,498,43.446922,2
1968,2733,71.045227,0
1344,111,97.776764,2
22,199,35.340359,0
1708,603,20.351130,2
386,1545,34.455784,1
2503,2488,99.129272,0
2298,1325,96.883980,1
2040,1230,84.895485,0
1908,506,20.760269,0
2331,1102,29.639130,0
1779,997,98.738792,0
1389,103,22.859089,1
1074,80,54.224033,2
786,336,71.486748,0
664,1253,27.477707,1
731,1864,88.300095,1
1149,2123,95.558624,2
1765,1878,60.825905,1
2567,310,81.918884,1
2874,957,83.224831,1
2191,1236,22.635437,1
1778,1544,68.376572,1
2679,2556,76.222603,0
1602,503,1.233214,0
1872,833,33.572655,0
2204,2640,26.452646,1
488,2783,49.784088,2
1837,660,40.031590,1
1413,2371,40.180908,0
1996,1605,33.861530,2
1296,517,84.122795,0
2344,985,50.947762,0
933,1978,84.604080,1
1459,1984,24.730465,0
1051,453,44.474449,2
1485,882,49.877132,1
967,153,8.993006,0
440,2128,15.999290,1
1045,2138,62.690861,1
2319,2833,34.954876,1
2189,841,11.570868,1
1572,295,42.541553,2
360,2365,86.125229,2
217,1168,62.841381,1
2237,2671,59.155830,1
2868,2618,47.877895,1
2878,425,74.228287,0
2972,1790,59.557289,2
592,2928,17.165689,0
312,61,87.872986,0
2447,224,76.535744,0
2998,1751,73.205971,2
2014,2856,13.671925,0
912,163,75.575241,0
2189,2678,20.124361,0
2535,1261,27.441881,1
273,693,17.542686,0
1261,98,38.284439,0
1763,1885,87.844879,2
1283,2208,61.088394,2
1985,2480,41.217472,0
52,850,88.218483,2
693,2699,65.655350,1
752,2912,5.553904,0
2454,523,15.211960,0
731,2449,25.070946,1
1579,431,14.602543,2
1299,1027,43.225918,0
1868,2008,2.831399,0
440,544,9.135844,1
1314,671,43.283165,0
851,2634,96.104912,0
2707,2400,44.617832,2
2347,1735,43.100922,0
743,1104,62.837299,0
1661,20,56.508533,1
354,599,67.158554,0
1286,2687,31.737818,0
2573,1932,0.251659,1
273,1596,53.960030,0
1144,2295,69.857216,0
2242,2424,58.989300,0
1206,1593,57.210125,0
2642,584,2.000161,0
1413,2925,16.404478,0
2971,2383,97.754425,0
2765,2153,66.337624,2
1498,959,63.403278,2
266,1316,59.164192,1
1321,2053,86.285439,0
1701,1421,71.101250,1
1534,1753,42.274170,0
1937,1606,41.473816,2
896,2045,99.539169,1
2702,2914,57.499771,1
1815,1922,85.965317,2
1080,2505,81.669762,0
2817,1101,77.410133,0
2905,1566,70.669868,1
2645,1310,90.436745,0
2744,1871,51.499546,0
738,2706,18.769487,0
1303,888,20.294426,2
534,310,12.515451,0
1972,1595,10.515363,1
2132,63,8.539309,0
1758,1426,72.601494,2
2402,558,88.812965,1
1070,2830,64.009277,0
1994,2437,42.112099,0
665,2447,21.792288,1
1601,254,5.734488,0
1442,2206,41.652573,2
2105,189,4.768656,0
1489,585,85.998329,0
2295,265,88.369164,1
12,1598,35.380096,2
2843,2930,82.002846,2
1961,2315,62.797028,0
1085,1032,62.949352,2
2756,1009,93.483299,0
1518,72,19.670076,0
200,695,92.727821,2
2344,149,41.429604,0
1447,426,72.952713,1
2834,944,94.278984,1
78,719,8.602994,0
617,445,46.879131,2
836,1923,7.443403,0
662,918,51.010944,0
138,1749,96.267075,0
1689,445,23.121883,2
2707,1313,20.709360,0
1743,1463,16.223063,1
151,2670,20.468134,0
1484,2299,94.039230,0
2441,1216,87.611252,0
814,1022,14.976234,1
2301,2432,74.567596,0
2872,1521,12.661310,1
1124,1867,25.583763,0
1,1682,71.786819,0
553,1048,55.504318,0
1559,243,49.550243,2
474,2083,70.166870,1
528,809,50.783955,0
2965,2833,91.081619,0
1848,1921,59.726204,1
2671,288,44.634747,0
1593,2624,76.971848,1
1326,1710,47.725574,2
346,1261,86.946014,0
1061,1433,11.541593,1
2825,554,64.645485,0
2211,1152,59.081738,0
2123,1884,1.513871,0
965,2681,37.130493,2
1545,845,9.101460,0
1570,384,5.455831,2
1356,572,74.817680,0
1291,2071,82.151794,1
2096,430,93.423073,0
566,2030,77.486168,0
1329,758,77.373825,2
1336,416,97.948471,0
308,1208,68.669258,0
478,1075,98.827072,0
513,1447,61.374702,0
2925,1808,46.754314,1
694,2593,82.539108,0
990,2765,23.361994,0
1725,1733,92.950699,0
2657,1889,28.129269,1
2853,214,18.603767,0
140,1581,1.815771,1
2517,1177,16.224508,1
1394,65,22.590115,1
1135,392,3.211272,0
232,767,72.613640,2
2163,1478,13.076466,0
998,2807,37.805954,1
2478,2944,52.609348,1
2996,2261,25.746130,0
1853,133,73.442673,0
301,2486,0.222732,2
2135,2749,71.081528,2
2154,1992,32.706390,0
371,2404,11.605621,0
47,2128,11.676542,0
714,1814,62.797016,0
988,2402,81.023422,1
1181,1914,12.373725,0
213,272,3.998320,0
2507,629,80.432831,0
144,1728,80.893730,0
738,1898,95.335220,0
2690,2858,41.718922,2
2268,1414,86.760391,0
720,464,25.095577,0
2495,1146,13.639366,0
376,2859,86.636406,0
129,246,52.261078,0
2055,702,42.849346,0
1249,2877,79.604080,1
653,1720,91.811417,1
1278,818,44.227345,0
2135,1722,13.781158,0
1324,1254,27.939011,0
1756,153,80.329918,0
1486,460,30.276102,0
2858,2804,66.607246,0
922,1981,21.245142,1
779,1969,98.389473,1
261,619,81.074104,2
1790,2905,82.119904,1
1360,2559,67.832359,2
1463,584,24.087711,0
122,473,56.913971,0
653,2995,87.090912,1
132,1659,47.329834,0
1960,433,23.857786,0
1510,2271,25.290461,0
2405,232,7.253746,2
1745,2752,50.634995,1
2488,1952,98.180183,1
2643,2116,60.865543,2
410,2652,94.859688,1
863,1134,57.957817,0
2400,1013,67.026405,2
786,1973,88.223389,1
2404,2217,10.721068,0
7,2083,97.247711,1
2033,274,64.191605,0
2227,1279,15.814946,1
633,2645,28.206463,2
140,235,55.273701,1
2494,559,32.129856,0
853,1893,20.420048,0
2060,402,19.782158,0
2430,1832,52.424217,2
2106,254,66.988159,0
190,826,18.499430,1
1439,2433,50.001675,0
11,1301,41.535797,0
2247,2316,21.289131,0
1094,681,59.700867,2
1802,1338,53.650822,0
2906,1222,63.090542,0
2445,749,87.558807,0
858,159,60.117085,2
677,130,53.265453,0
2129,522,44.619995,0
586,462,80.096863,2
47,1961,72.311691,1
72,135,45.362373,0
397,1718,46.738541,2
446,2933,26.235243,1
1544,255,22.072607,0
1822,2524,67.903313,2
2141,1550,51.991207,0
881,1167,38.195164,2
1882,624,3.162227,1
1377,1628,42.729435,2
139,942,41.400051,0
2419,42,85.567879,1
2957,1651,16.647089,1
505,1768,63.856525,0
146,208,87.861961,0
2757,2900,9.833840,0
2764,2126,89.704254,0
904,2266,69.908455,1
1703,2441,38.728420,0
2129,2780,42.288177,0
1298,2650,47.368179,0
2200,1942,54.780975,1
872,244,70.524071,1
1513,747,9.694158,0
554,448,50.906639,1
1024,2245,77.998421,1
1595,1413,60.447235,1
2178,350,43.179211,1
661,1256,63.090405,0
2827,2747,14.492972,0
1474,657,88.972694,2
2026,2726,54.702576,0
2380,2123,28.674423,0
721,2384,57.441692,0
1409,1636,51.726746,0
674,780,77.004486,0
2052,2290,59.169838,0
2870,398,49.107281,2
1624,2077,50.828571,1
2242,2696,22.489462,1
2250,1144,27.974020,1
1871,253,74.058449,2
2379,887,81.774483,1
2347,1228,61.162312,0
1472,915,33.216225,1
2025,1431,7.311718,0
1945,201,22.274494,1
942,1489,49.420273,1
2272,450,22.740677,2
2512,2241,97.543327,2
2330,767,59.818748,0
352,791,66.189522,0
730,1714,38.855789,1
2614,1350,47.440189,0
1182,620,30.329586,2
2828,1673,50.011040,0
202,2947,58.350567,1
2751,996,27.423981,0
109,504,97.572433,1
1107,1622,58.339691,1
2519,2762,16.900373,0
2943,365,68.774788,2
1419,1793,97.398972,1
351,1010,60.223038,1
370,782,98.661850,1
672,2479,13.928350,1
1568,329,50.872292,1
1599,598,32.818783,0
581,1466,6.443738,1
2596,437,9.524530,1
876,2605,80.614296,0
2021,860,63.383144,0
2939,2083,80.446037,1
131,1191,49.189754,0
1859,789,39.173901,0
2333,1622,91.878761,0
2330,123,40.308147,1
646,905,52.608921,0
412,2360,86.215454,1
1650,2274,75.809212,0
1507,2283,49.125340,0
1048,2382,54.600327,0
2020,1285,28.895245,0
33,1493,83.320625,1
1815,1117,92.618027,2
2668,1985,37.137768,2
277,1856,94.739410,2
372,59,32.756672,1
1988,460,81.262604,0
1062,1236,94.081841,0
1151,2677,90.105377,0
2621,570,82.729149,0
2356,34,97.829041,0
2846,222,92.609375,0
476,1481,83.806503,0
2990,612,86.596405,1
2164,2463,85.719757,2
638,1944,61.933784,0
1666,1117,3.244966,0
2253,440,65.361343,2
1258,60,16.748896,0
2157,2147,72.136856,1
1632,2460,52.982327,0
2964,257,20.000690,1
1466,1251,5.656959,0
1361,2358,79.398849,2
1883,1049,89.570992,2
1974,1711,59.725185,1
2740,554,57.839546,1
728,1557,37.785583,1
1563,1227,52.849789,1
1816,699,93.997803,2
1365,2413,15.020130,1
1590,396,77.392136,0
1619,2599,88.120743,1
2769,634,19.845079,0
847,293,71.489586,0
2333,306,43.676910,1
1513,1228,54.000172,0
1493,885,33.020885,2
675,842,69.094681,0
2675,1596,37.066780,0
37,1773,87.545807,1
2956,2245,25.451057,1
1114,622,84.262367,2
782,2130,35.915077,1
474,1955,38.402206,0
2741,697,92.451744,1
1298,400,96.410461,1
2255,1540,11.430527,0
438,2986,48.515060,0
1602,1350,30.682629,0
625,2021,10.174906,0
442,2082,81.910210,1
1629,1882,32.529125,1
1886,1205,15.846542,0
1651,938,34.215343,0
2375,2036,50.659912,0
2763,1042,27.634388,0
2958,1388,8.611279,2
1568,848,37.994339,1
343,1290,23.694000,1
286,1514,30.223110,2
2291,1117,9.997895,0
2027,1433,62.157795,1
2589,1656,42.868885,0
1978,1971,90.051414,1
589,675,7.438945,2
999,2809,98.275154,2
1767,2664,39.705128,0
2793,1057,99.054588,0
849,1561,5.069971,2
1331,635,58.580814,2
499,2580,34.946602,1
2707,41,62.354885,2
424,2704,9.581820,0
232,2428,5.923686,0
2542,946,35.282719,2
1334,1381,77.232109,1
60,2955,70.647499,0
2807,1595,80.095573,1
1388,71,91.290161,0
2628,2700,41.609818,0
2786,150,64.073204,1
759,864,5.321361,1
2383,469,84.192940,1
1704,176,71.116936,0
1051,2608,49.496025,1
713,2369,57.520664,0
2166,76,16.258341,0
2427,861,8.081361,0
2087,2953,32.350578,2
1831,1189,16.999491,0
1181,222,36.547646,0
438,2229,35.798679,1
2412,2215,45.227238,0
1836,847,32.918785,0
2235,2817,63.981087,0
1503,465,88.120636,1
2274,2715,82.044640,0
2705,1784,24.942822,0
2705,2954,67.028107,0
977,653,11.956241,1
1249,2777,57.879890,0
2155,1859,34.305141,1
965,780,47.636997,2
1767,1795,34.483673,1
1764,727,43.980907,1
2826,1522,71.850983,1
1446,1367,40.862320,0
2065,1534,25.612206,0
2814,1093,9.409957,1
1731,1756,48.031208,2
2369,1717,63.011852,0
1372,1043,14.502158,0
175,2650,31.344967,0
2636,1112,30.856838,1
1130,1758,1.056468,0
2300,2629,67.681923,0
1495,821,8.159024,2
2667,681,24.992098,1
2755,565,8.477605,1
1060,1386,29.288517,0
2605,1381,65.699127,1
484,549,60.463909,2
2170,726,31.969353,0
2753,1917,46.598843,1
10,673,87.158676,2
899,794,71.159004,1
562,1859,92.026619,1
151,734,23.008127,2
2564,2195,24.114561,2
862,2861,90.953888,0
1481,948,13.336349,1
1480,1837,3.442983,2
293,142,52.832970,2
2860,1247,91.317848,2
553,2269,10.950199,1
2002,1703,89.143921,2
2928,700,98.120026,0
576,819,47.428623,2
1088,619,83.521004,2
251,1369,67.661179,0
2556,688,77.743591,1
2464,1847,97.107887,0
100,2024,95.841774,0
1685,730,59.589836,0
2632,2262,84.882233,2
1283,1025,9.077790,0
2931,204,32.837669,0
2663,2339,53.078365,0
2996,1512,18.340979,2
1429,1870,95.761772,0
2626,1352,61.908718,0
456,1955,37.070030,1
2976,2298,42.085457,1
1025,433,13.775547,0
1522,2966,98.671303,0
157,2787,65.760345,1
728,1247,51.133713,2
427,2819,72.599220,2
1226,2692,33.820854,1
1869,2490,17.597795,1
2141,2521,72.025604,0
1724,1432,28.072367,0
2806,1087,58.376606,2
263,2569,47.780605,2
295,120,90.188202,0
1863,59,32.113129,0
1925,1481,66.143181,0
2351,2736,44.821510,0
1296,54,51.152302,1
2103,1602,43.445019,0
184,640,97.102226,1
1987,903,90.737724,1
723,1802,0.728777,1
953,1910,57.479443,2
2358,1441,28.712337,1
64,1062,37.299465,0
1616,2483,36.951439,1
1436,1231,37.264351,1
1459,1407,78.229050,0
2249,1986,69.517731,1
2627,180,18.676094,1
2905,686,89.947296,0
326,2317,99.053566,0
891,2068,30.602478,1
1634,208,10.107590,2
349,1091,86.046463,2
2500,1297,10.303359,2
860,2885,96.032707,2
2947,231,66.103378,0
2399,2215,22.930880,2
2846,1188,41.021946,0
1962,2633,64.295280,1
1722,1914,10.846200,2
165,1442,33.294888,1
1759,72,23.983843,1
603,375,43.272289,0
2502,2231,59.909462,0
1308,2214,49.459084,0
870,432,98.409691,0
754,1964,77.054558,1
322,506,29.719641,1
309,2092,66.784180,1
854,2222,25.926266,0
2778,2002,6.938230,2
567,1890,10.375226,0
650,1584,90.844658,1
1414,1013,45.585995,0
2113,338,51.309879,1
2602,186,25.033703,0
934,1787,95.787895,2
641,2961,64.721146,0
2460,2344,13.407813,0
2767,1627,79.709145,2
2713,887,49.364578,1
2503,1559,84.269051,0
1734,2419,5.755169,1
2363,2454,47.740044,0
2661,1237,65.184319,1
2734,228,27.955141,1
2410,1767,46.734589,2
2842,1993,95.563713,0
1746,688,74.679031,0
1011,2873,36.527390,0
2976,1498,26.301466,2
1316,2713,40.486366,1
1063,87,77.453743,0
2948,1666,50.720325,0
740,374,81.403717,1
2836,2254,4.334382,0
1436,813,60.940990,1
1863,551,13.611906,2
439,1349,33.691750,1
479,1970,95.728012,0
1861,575,77.120071,2
1552,1534,28.097204,2
1167,31,57.252293,1
1494,1071,20.112656,0
2975,1678,46.634892,1
909,813,84.836327,1
763,1079,47.216808,1
2536,686,69.005905,0
1919,1261,46.502541,1
1766,664,86.110344,1
2358,1882,90.261932,2
2845,2807,32.118065,1
74,2365,76.388474,1
1912,1914,16.437492,0
2868,1997,40.845005,0
925,1307,23.080208,0
1717,522,46.943848,0
88,1781,70.221252,0
885,1508,36.155571,1
1738,247,7.546663,1
837,1994,78.205780,1
2063,1481,42.112484,0
265,2291,16.939625,1
1872,2499,14.076617,0
1312,2787,19.515812,1
304,2642,52.291031,1
668,759,33.582783,1
1670,810,40.716717,0
1503,1243,3.967047,0
2069,1007,36.589039,1
1633,2965,82.042915,1
1550,2059,38.061916,2
1032,2377,29.900850,1
1306,794,60.875828,0
2294,303,9.740653,1
604,805,91.029129,1
760,1386,36.220707,0
1582,2884,18.819931,2
2708,2418,38.607670,0
1018,1057,97.681740,0
2305,651,61.542110,0
671,818,94.732033,0
1297,2625,33.705601,1
2558,2510,11.116689,2
1134,1322,35.994640,0
2148,1628,97.241028,1
195,33,44.009327,1
253,153,8.098106,0
1138,2713,85.566971,0
590,202,62.248016,0
459,964,91.669891,0
2336,1396,28.110497,2
2419,1670,65.141220,0
1513,1992,25.062294,0
317,2245,76.730812,0
2418,742,18.040636,0
2222,812,2.043162,1
512,2588,51.933735,1
1597,580,71.574318,1
1848,1335,4.511696,0
524,1482,62.906216,0
409,1326,76.360832,2
216,2998,49.783493,2
463,1792,84.887039,0
2080,485,87.843605,1
738,2698,18.042919,0
2333,1637,69.323517,2
2715,1844,4.613204,0
2503,85,90.131767,0
1471,1889,10.052873,2
930,1827,84.808739,0
2955,207,9.377405,1
1112,984,67.769653,1
2082,66,42.317257,0
182,1010,39.836788,2
2337,254,74.581100,0
2806,385,74.176987,0
2006,2577,14.621510,1
1232,2151,3.521339,1
953,2444,36.203403,1
1764,2023,69.278000,2
1613,1342,15.837606,1
881,1609,38.392021,1
317,1491,35.383854,0
2241,1831,75.664581,2
748,2606,34.188122,0
439,1034,52.213451,0
2184,330,96.404541,0
66,703,91.700127,0
1552,1964,48.159851,2
1340,1966,5.027938,1
2413,1149,55.998337,0
1637,49,21.753090,1
1634,2479,49.253208,2
548,1884,99.431145,1
1058,1039,41.405628,0
412,2908,91.158241,2
2995,153,58.766014,0
24,1747,31.194805,0
49,1963,48.956589,0
1932,2877,26.356855,1
2329,751,19.679293,1
250,2683,29.472866,1
1978,2385,90.201141,1
2819,1970,21.726917,1
2379,2321,14.281625,0
2932,2864,98.680824,0
2897,2151,60.201015,1
2754,2150,11.754473,1
1846,2622,92.804039,1
2207,704,44.594593,2
1512,2152,17.897230,0
587,2666,85.791084,0
2359,1958,71.585350,0
2577,1525,36.574844,1
1487,2877,75.111031,1
2494,976,82.291656,0
842,1012,96.834953,1
1055,2565,97.173203,0
1332,771,68.279724,0
2068,1533,33.912556,2
1924,1126,76.590012,1
1074,883,87.426201,0
921,1526,15.973668,1
1900,2437,98.023247,0
2710,2555,33.139061,2
1335,1218,78.585983,2
2976,2633,80.307793,1
958,700,28.362135,0
1861,2068,95.316597,2
1955,1735,72.966034,0
1031,54,74.400169,1
2663,1165,17.992598,0
2061,1619,9.098150,1
2672,2304,23.987799,0
2073,288,31.877928,0
2569,2745,41.096607,1
1373,2427,39.667305,2
1013,1908,25.775574,0
2705,2990,35.506210,0
2564,2816,3.933766,0
1651,2782,7.442614,0
2312,845,3.095753,0
2747,1281,20.082932,0
1607,10,39.540329,1
2347,2644,35.636333,1
486,1341,80.728775,0
1234,818,22.815247,0
2564,2727,88.993324,2
2322,2414,85.076714,2
2131,1924,66.923355,1
6,683,46.392590,0
29,885,91.082771,2
234,2053,6.948638,0
669,350,39.315464,2
1473,2475,25.765644,0
2134,18,63.426708,0
2948,53,80.833748,0
810,2453,19.411198,2
323,745,60.658539,0
1572,1093,65.656372,0
864,2271,19.232271,0
2175,2,43.687889,2
2569,2507,42.873100,2
698,1777,88.651894,2
1379,507,47.202297,2
1780,332,61.160976,0
1286,286,98.355186,0
1480,2380,28.958351,2
1171,2831,69.460777,1
766,268,31.262951,0
1295,275,78.301392,2
1269,2212,81.900452,1
213,1903,97.945770,0
1091,1882,3.367235,0
1747,1711,23.012087,0
852,2919,99.771751,1
1485,1815,31.161430,1
2914,1268,53.686420,0
1524,2348,88.845528,0
987,2640,40.462597,2
2220,225,51.052563,1
1252,1448,84.110428,2
478,2771,82.110558,2
1971,2958,47.653358,0
2624,2235,98.736679,0
1166,2563,11.238017,1
1775,735,71.775055,0
1180,555,32.189960,1
2215,1160,99.957184,0
2115,2227,47.116623,0
2303,327,63.314503,1
692,506,76.206573,1
1945,725,45.815632,0
1734,1471,62.159843,1
353,2679,65.248238,0
2193,2598,51.637760,2
2103,1738,78.874519,1
1815,2614,36.388550,1
500,1566,10.600585,1
547,2680,72.655067,2
2763,1505,44.076374,0
1403,2549,74.344238,1
2298,2704,27.977402,0
1841,1156,2.836508,0
2898,1611,33.555424,2
2925,1352,8.616668,2
1742,2979,37.449535,0
1554,2824,3.788007,1
552,1601,72.597664,2
543,640,0.948455,1
2419,2831,79.014725,0
2330,1484,68.483688,0
1516,693,2.875035,0
1710,935,84.467049,0
1383,2365,62.103386,1
2834,757,28.800171,0
2156,1429,8.788596,0
2238,1739,44.686539,0
139,1474,45.258984,1
1308,2388,28.948957,0
516,1015,20.420853,1
1955,1293,95.858864,0
2505,2687,50.457966,1
44,2045,84.459587,1
453,1087,85.750183,2
2423,256,71.929344,0
435,905,27.445889,0
467,2633,59.221066,1
2935,780,70.526558,0
1886,1482,69.397865,0
2735,2489,1.085005,1
1653,2422,72.899986,0
980,2643,32.740665,2
1035,1145,52.157803,0
411,2650,39.394943,0
758,1456,30.782190,1
748,1250,55.473259,1
2124,1075,40.935966,0
1025,1100,13.469131,0
629,308,79.302483,0
1788,2736,66.210281,0
1950,1473,10.333594,2
50,2642,24.694870,0
301,619,72.847664,1
653,1908,73.154892,0
6,328,34.094166,1
345,2449,30.781307,2
2749,223,71.312981,1
2946,2253,74.980537,2
2917,1138,20.034903,1
2195,2117,1.959740,1
2647,146,38.781803,0
1483,432,59.904854,1
1051,2211,90.584648,1
907,2334,74.734596,1
2879,1676,18.301682,0
516,1692,57.172146,0
2695,713,57.671711,2
2013,1530,51.870113,0
1414,1567,83.036339,0
1911,1650,47.072388,1
1680,1087,75.176201,0
616,2710,91.421028,0
2071,2271,72.336166,0
1074,1241,16.501936,1
2184,1533,57.005257,1
2253,2296,36.238640,0
1822,1369,99.788795,0
53,385,61.227959,0
892,2287,65.188721,1
1543,2833,28.128765,0
2705,2992,17.282074,2
1270,627,41.497425,0
1947,432,2.063956,0
331,1390,2.998517,2
191,1359,54.592911,1
850,221,8.732874,1
816,853,88.318535,0
1184,1245,82.945595,2
1764,1023,7.961225,0
732,681,8.466522,1
2579,1633,33.933834,1
872,533,85.909393,1
2258,2121,25.897329,0
1891,1296,16.199785,0
2264,1817,9.992714,0
2222,1671,27.160070,1
2782,838,43.487232,0
486,1860,23.071344,2
2402,1750,37.062172,0
2863,2947,91.787514,0
1753,703,65.457588,0
2245,486,33.365189,1
627,1337,34.085117,1
22,2764,9.823650,1
1293,1718,73.493393,2
2310,2962,85.847740,1
1864,632,77.107040,2
2000,1930,1.430632,0
30,1264,27.013433,1
1326,966,16.593256,2
1038,1566,8.072041,0
1341,519,16.013292,0
2649,440,69.818596,1
976,256,55.818687,0
1179,2340,8.648934,0
545,547,6.288823,2
567,2729,3.963077,1
1534,518,13.071458,1
2086,138,53.575447,0
858,253,12.111213,2
977,1345,88.723831,2
1565,1565,86.982384,1
702,300,80.236359,2
1827,1894,52.157436,0
1386,681,94.426964,0
1849,2349,33.552082,2
724,2978,79.998436,0
280,396,56.933212,0
2535,631,62.645123,0
1066,2984,51.299274,0
1074,1729,97.319664,2
337,2915,65.126755,2
856,1614,34.066616,2
639,1006,96.363487,1
358,2144,2.325731,1
733,1206,12.963138,0
2178,2367,41.387272,2
1134,160,15.764163,1
2497,551,32.269333,1
1860,1869,36.325962,1
2711,2481,32.683449,1
2012,2915,19.554171,1
2102,1187,26.098204,0
664,113,90.033043,0
962,1237,77.576439,2
347,2840,58.361618,1
2876,2089,59.331612,2
844,873,79.475266,1
414,767,57.515984,0
1945,1267,23.169655,0
2431,2116,93.718857,1
1769,2396,42.519127,1
1536,2699,51.021931,1
1692,627,44.051708,0
1391,1831,63.569164,0
462,2274,38.208195,0
1165,1121,32.225586,1
1300,2589,92.946114,0
1577,504,50.430370,1
2591,945,55.537910,1
1743,1071,19.647493,0
2708,2489,79.064476,1
2289,2810,12.655385,1
2763,489,55.397823,0
871,1396,16.459969,0
667,2701,82.550461,0
1094,519,38.905396,0
2189,1597,40.932331,1
1743,1048,68.829056,1
2792,1263,90.439705,0
2468,845,19.349323,0
631,2337,56.625523,0
2791,877,4.778378,0
1845,1602,13.221427,0
1570,2768,35.034397,0
2850,92,12.753046,1
1751,1512,7.051297,2
574,1462,20.182104,2
667,1847,83.131035,2
129,288,44.803875,0
2082,1969,13.804734,1
2053,2538,89.089523,1
2140,277,67.801750,1
2990,66,54.937317,2
1896,6,89.337654,1
150,742,67.182114,0
2491,1667,28.645094,1
627,2598,63.926826,2
2342,805,3.236239,2
1212,2470,47.907162,2
2689,1989,58.299702,0
2272,1110,38.101852,1
2481,1354,24.849472,0
1075,2566,36.102230,1
882,2898,11.768052,1
1243,902,8.821276,1
90,2956,21.854456,1
2650,336,54.806171,1
984,2214,9.763050,0
1962,1575,84.211761,2
568,181,68.210327,0
388,1676,73.232170,0
272,1314,26.261074,0
840,582,55.432072,0
2602,2570,43.660633,1
1015,1303,52.712032,0
1489,2751,56.116543,0
1652,2938,86.674667,0
2979,1498,10.873342,1
632,1000,34.118534,0
2526,2621,40.218220,1
2903,881,14.091326,1
433,2140,80.356987,0
1240,2233,96.255402,0
2656,1436,8.689831,0
1938,1041,84.443436,2
2172,1238,23.512793,0
1441,50,77.677330,1
76,1029,39.126019,0
2846,2183,68.830292,0
1794,2463,9.364811,0
975,538,93.124352,0
2877,2511,63.004860,0
2385,2170,80.914726,0
1411,365,26.777382,2
1901,731,57.239033,1
2953,2106,50.050724,1
70,1606,37.156765,1
1755,2407,30.087004,1
160,568,31.303360,2
2581,1269,19.349525,2
181,2271,54.695358,1
2562,2371,88.196762,1
347,2949,8.560321,0
525,1017,71.163567,1
562,1540,30.806841,0
1962,2085,35.152603,0
302,2039,31.122583,0
866,722,21.924246,0
418,2084,46.075985,1
424,2253,94.003166,1
2113,349,90.841881,0
2414,1172,8.222566,0
1168,1,78.801338,2
2198,2781,11.279856,1
2037,2098,28.908985,2
1740,1250,91.703537,1
2725,1077,37.275719,2
2039,1374,30.015833,1
2404,2821,64.693108,2
1093,2276,1.899159,2
775,2828,71.329063,1
240,2424,82.489799,0
1447,806,14.818102,1
2072,2277,38.114288,2
2400,1685,38.425442,2
2026,1233,16.591671,0
2955,1593,38.503666,0
2857,2305,74.189293,1
2703,1044,78.848389,2
1641,709,39.423813,2
1412,2458,52.975735,2
1707,2253,68.605919,2
1782,2286,89.989876,2
2301,1098,9.811868,0
922,2355,27.937899,2
1047,1545,22.301661,1
2985,1096,53.817425,1
551,1619,20.671021,1
1284,34,56.826920,0
576,482,1.333446,2
1365,2292,40.238174,1
1591,452,43.590412,2
1975,1385,50.292763,0
2985,2471,54.430969,0
1768,130,33.014324,1
1418,1757,16.645775,0
184,1203,89.658333,0
2048,1056,35.954472,1
1697,1364,86.629066,0
1775,1997,58.387398,1
2744,2104,24.476875,0
1349,2872,96.992973,0
2957,695,86.106987,1
2315,1089,9.669286,0
2828,946,80.876152,1
946,880,37.386425,2
2287,387,20.249100,1
2010,2196,90.624565,2
1325,2023,43.749573,1
2113,2366,13.253881,0
2699,2280,31.566826,2
450,2432,34.559452,0
318,1848,41.839996,0
2348,609,41.142323,1
2553,743,19.816956,0
2378,1718,58.427120,0
1772,15,59.494328,0
25,2357,75.550484,0
1499,2075,51.447308,2
607,2977,64.528931,0
2832,855,55.114746,2
754,2934,83.901085,2
1183,203,17.213110,0
1120,235,49.627369,1
1654,2605,34.677692,0
1761,1573,99.099258,1
2101,2771,13.280628,0
1845,423,42.302708,1
2107,576,42.374691,2
581,1066,99.438660,0
966,2510,8.496871,0
2342,1879,98.771576,0
1738,2007,97.053200,2
1010,1309,84.237938,0
2260,1748,95.557518,0
539,739,20.544825,2
1804,2769,55.291538,0
2197,2483,87.835487,1
363,2459,54.080864,1
1234,2829,30.414406,0
255,1597,41.521641,1
455,393,51.191685,2
287,1412,15.096325,0
1777,1352,92.283081,1
1403,1168,42.975849,2
2758,803,60.125034,0
2568,2540,26.564764,2
840,2391,28.117075,0
20,1581,94.024071,1
510,2148,12.865369,0
740,2,94.331650,2
1032,51,68.777176,1
362,1444,48.596558,0
1244,812,81.396210,0
459,1635,4.360004,0
2574,1248,14.444585,2
2602,728,77.882011,1
2486,1635,3.061947,0
1637,70,12.612835,1
1727,907,50.068447,1
2332,701,7.434425,0
1708,883,54.080067,0
2168,1991,1.210867,2
2458,1751,65.105469,2
472,1805,24.170012,2
944,529,29.907110,2
1573,363,13.530941,0
2871,1829,77.148026,2
1174,2694,38.699112,0
2703,975,2.327042,1
322,1321,98.118790,0
1890,822,47.585346,2
1799,2724,60.667938,0
2318,1239,43.054150,0
942,2599,69.234947,0
334,1472,80.029976,0
1363,2510,23.914473,0
1618,936,49.129341,0
1999,417,73.818855,2
2394,1717,83.231720,2
1069,2352,14.764836,1
1605,663,52.531460,2
141,2546,48.254627,0
1639,2208,45.907558,2
434,2923,12.985187,0
2769,1930,19.139200,0
2346,1328,82.894966,0
1795,988,43.343952,1
768,564,90.658295,2
41,2043,84.482681,1
390,2564,70.451210,1
1654,234,49.213654,0
784,2358,89.354568,2
2031,2887,9.018811,2
77,1736,74.771004,0
45,1995,65.374916,2
2223,1440,4.679245,2
2061,495,67.288116,0
607,210,73.908112,1
2203,2812,70.501740,1
1725,1249,16.688465,2
384,1331,4.077848,1
2192,1283,39.389812,0
205,164,88.710526,0
450,1812,17.435541,0
1185,1246,85.703773,2
636,510,6.064679,2
1003,2413,37.014591,2
888,520,82.264580,1
1725,47,67.354713,0
1078,465,50.074512,1
246,2654,79.369141,2
1711,960,25.598972,2
2416,140,14.752841,0
519,1009,28.531334,0
917,1558,7.117256,0
2572,736,63.373768,2
844,155,20.497808,0
622,311,18.836538,1
1621,1525,74.152512,1
2135,1115,80.988220,1
2827,224,6.015692,0
1856,255,90.892738,0
2252,92,50.021969,2
972,856,95.799484,2
1553,127,98.477081,1
2467,2571,68.727783,1
2094,2337,12.580229,0
1976,1772,47.452316,1
189,107,17.697660,1
1080,776,32.789040,0
680,759,32.495777,0
626,1433,27.726892,1
196,1365,86.504341,0
2366,2942,21.055260,0
1705,2872,56.161980,0
2330,1035,70.584442,0
2822,2845,30.884205,1
1273,2803,10.188093,1
2073,1987,6.273531,0
2365,2159,38.714703,0
1331,1294,7.204793,2
1967,396,48.896591,0
403,87,87.743187,0
1878,1807,41.030922,0
1014,1996,1.475311,1
67,329,82.677902,0
1010,2543,31.768095,1
2479,2530,72.213661,1
152,954,91.517357,0
2869,2311,93.432114,1
822,681,46.474934,1
2420,1667,59.256977,1
1966,705,19.295115,1
2646,539,55.381004,2
2920,1573,24.902555,1
2113,1714,27.730204,0
1550,2150,79.873367,2
142,1291,95.629150,1
2656,2321,79.497124,0
2304,2279,1.081013,0
2956,2669,78.081940,0
1808,1790,76.865303,1
1542,872,98.990509,1
1722,152,85.213966,1
1477,1490,46.575161,1
1147,2348,59.504608,1
1781,391,29.775190,1
2692,708,80.172295,0
2636,1881,77.923782,1
74,834,9.639072,1
2761,2452,17.151695,0
84,154,59.848305,2
60,209,34.798565,1
378,418,86.232353,0
2463,2927,84.443970,0
48,1691,67.395493,0
2156,1113,79.715675,1
1647,1274,8.865952,1
2416,1812,47.646233,2
171,1965,60.478889,0
429,2897,7.256094,2
2804,2290,61.930790,0
972,1031,81.686142,0
1760,507,51.572285,1
28,1685,64.126427,0
385,688,57.575760,2
1807,1132,33.058460,0
1605,856,65.083588,2
2727,2042,96.576736,0
1644,310,50.832405,1
1034,294,74.895805,1
2604,2669,27.061930,0
1097,2710,28.812119,2
1037,2064,24.390909,2
1798,165,20.046804,1
1062,320,89.878593,1
1696,1126,9.717273,1
498,1746,79.917397,2
220,1014,51.497749,0
2551,1933,18.401318,0
2363,2089,56.865280,0
2118,2650,19.632612,0
1115,728,41.411041,1
815,707,46.643066,0
1131,1678,73.101555,0
1147,2154,13.475226,2
2963,541,9.064995,1
74,474,65.999779,2
854,84,36.951443,2
1137,2975,5.803724,2
598,1357,79.466133,0
2537,1709,39.757488,0
697,1893,20.842484,0
1424,2091,84.738510,0
2953,2308,56.332615,1
255,421,68.062897,0
2451,193,19.357136,0
702,1353,51.199654,0
581,458,11.406451,0
853,2019,61.372078,0
1890,1432,55.450352,0
527,2533,50.671028,0
2297,517,10.193401,2
2597,592,76.625015,1
423,2276,2.738753,1
891,1772,86.473885,0
1291,1827,8.254190,0
2372,1041,55.991165,2
338,613,31.360798,1
1396,2295,58.101379,1
1259,1736,58.422874,1
87,1192,60.815166,1
1966,816,80.690208,0
2100,322,80.773392,1
1533,675,99.543762,0
2990,2078,7.868875,0
1184,403,34.743134,2
277,1601,62.834358,2
879,1353,69.883263,0
243,321,3.707660,1
1335,2592,43.334965,1
1573,547,67.744492,1
119,2735,6.780606,2
242,919,2.244361,1
917,1812,24.785250,0
1398,131,9.362621,1
2312,2953,53.224617,1
1735,1918,44.688499,0
2107,1800,65.248840,0
2187,1237,43.514313,1
1424,2253,21.625755,1
96,1706,42.008038,1
1092,1528,17.576237,0
1812,625,91.642967,1
1613,2836,92.987457,2
2911,2396,19.852476,0
2767,1661,73.503784,1
1593,2371,81.148094,0
1812,1636,90.922981,0
820,1728,16.450397,0
2654,2721,24.605152,0
1249,2879,31.541634,1
1551,2679,8.891721,0
1533,1909,41.046059,2
2896,2583,92.010635,2
709,824,54.197247,2
1749,994,31.173269,0
699,174,10.772117,0
712,2177,12.636966,0
558,1178,66.038887,1
764,1998,26.575029,2
1366,1309,22.828587,0
1351,402,37.520210,0
2795,1631,4.332364,0
2447,260,21.568661,0
233,246,89.717049,1
343,1912,67.506828,2
225,2166,56.804852,2
2599,543,78.529976,1
1198,1239,88.945900,0
1414,2928,37.672825,0
2511,1276,74.984100,1
2086,2588,46.476646,1
1265,2869,96.082573,0
2637,385,96.064896,0
2986,1581,85.039429,0
497,2913,26.596979,1
1395,121,13.539465,1
1846,1286,43.005241,1
1193,496,78.687538,0
1828,1098,69.607475,0
1859,2930,88.504547,2
1276,1959,75.745445,0
1798,2867,37.311474,2
2324,294,16.734045,1
1617,2643,66.066673,2
1265,1229,12.383258,2
201,607,64.893074,0
1937,1705,99.867500,1
793,2153,40.899033,2
1532,573,28.179905,2
90,139,91.414581,1
2835,1898,57.357655,0
483,2399,53.533710,0
1869,1995,76.661003,0
2556,697,28.514282,0
2856,1992,24.610479,0
352,1839,54.713615,0
1482,115,20.020170,1
2823,2304,6.332734,0
97,520,79.534409,1
2536,12,93.860596,0
1327,2203,9.990020,1
1440,1632,86.604919,2
1455,310,87.803566,0
2495,2402,2.609629,1
1368,1785,25.981415,1
1442,2452,87.362839,0
404,546,41.024292,0
1785,2410,35.037239,0
2580,2443,41.629799,2
1062,1255,94.405632,0
2612,790,55.682301,1
1788,2840,69.838188,1
1901,396,84.595177,0
1680,435,37.063099,1
273,2313,12.241499,0
263,2114,91.308846,1
959,2251,86.015778,1
1129,2661,83.478790,1
2074,704,38.258663,2
254,1634,45.161373,0
1516,2754,82.612679,0
714,1068,65.353928,2
272,2533,92.125420,0
1196,2047,60.057678,2
1261,703,63.494095,0
2351,924,16.491171,1
1813,886,43.219734,1
1358,2252,92.801270,1
1155,2155,97.918678,0
2693,2440,75.034767,2
1866,110,14.527333,1
258,328,7.533694,1
1587,2037,66.669960,0
839,2086,33.815300,1
970,1837,53.639252,2
1560,2024,79.676064,0
2611,2943,95.867188,1
2752,1470,67.489723,1
2894,1418,74.454575,0
44,1354,68.106613,0
2558,1322,35.624550,0
410,1049,59.253025,1
1087,1987,36.121605,2
2883,2741,92.752815,0
104,1108,40.528622,1
2001,2760,94.163765,0
416,676,24.133900,0
1149,859,66.516563,2
849,2581,93.729836,0
2666,871,60.745464,0
2483,803,86.275253,2
1045,2596,53.557087,1
155,2574,48.143097,0
2991,2486,24.008524,1
2107,485,82.384354,1
2907,1208,98.219917,0
2134,347,75.669548,0
1051,2651,13.916472,1
1812,931,99.251610,0
1893,2438,42.565693,1
51,2481,70.147797,1
2023,1696,25.533926,1
112,644,22.783016,0
2514,2011,0.777329,1
967,552,58.149391,0
1041,1036,8.422424,0
625,1747,19.724251,0
1684,1142,9.815104,2
1913,1971,46.065380,1
2936,558,30.440161,0
2620,2767,15.300356,0
2776,2455,80.504539,1
1661,1052,24.611597,0
1961,1886,2.580393,1
2950,1795,35.068829,0
2339,1307,71.526207,1
306,1581,28.404505,1
2628,1688,74.660362,0
432,1500,73.687531,0
311,1099,20.749306,0
574,1285,12.693462,0
1821,2832,59.522762,2
2846,72,89.951378,0
2388,2518,73.781006,0
1389,1556,31.130945,1
792,1665,35.254883,1
1741,300,53.816151,1
922,1173,51.463287,1
1540,2227,84.229912,2
2599,2476,98.022453,0
279,1046,98.786591,0
157,2439,57.039955,2
2093,2536,25.415033,0
1366,430,44.202538,0
688,1675,31.255421,2
2783,2069,90.970818,2
720,825,78.452171,0
358,476,65.662735,0
2633,2644,67.518959,2
258,1627,40.310593,1
2410,1335,76.799248,1
2584,1518,9.970703,0
2985,899,59.160595,0
144,264,64.025398,2
840,1390,15.548817,0
173,787,93.434776,2
2651,1849,44.447742,0
1035,2127,38.994514,0
351,213,49.531090,2
135,2318,15.134130,0
1784,1127,23.155582,2
2290,2490,70.010170,1
1626,983,29.821419,2
2804,492,40.550629,0
233,2866,96.851097,1
2797,572,67.965874,0
2563,2755,32.600357,0
560,72,95.492950,0
782,1805,15.114332,2
987,2135,77.763283,1
1523,1445,73.439850,0
1411,1070,13.280687,1
1259,2071,13.107150,1
1143,2481,63.937508,1
1736,717,86.405861,0
2155,2713,25.407921,1
2793,2616,44.340847,0
252,2867,24.540012,1
1646,187,19.447588,0
2028,2714,91.200775,1
2654,1878,14.203490,0
1514,2214,48.746853,0
1128,2686,68.128189,0
669,1351,46.042454,2
945,1553,69.988899,0
1366,1989,38.611950,0
693,330,32.936218,0
2944,191,92.005325,1
795,51,26.269753,1
2084,2695,29.802517,0
2727,159,81.585854,0
1859,831,78.258766,2
10,2314,63.493122,0
1169,1390,96.116600,0
1326,1360,75.680191,2
1516,2729,63.983997,1
2977,307,53.890240,1
1885,2026,4.643479,0
2686,1163,90.118439,2
1612,414,88.823952,1
2970,2956,69.405602,1
2062,2092,62.542313,1
1901,1860,25.812952,0
2364,1654,42.519421,0
601,1050,41.440006,1
246,1986,83.227798,1
1204,2974,51.526009,0
2984,2527,1.633470,2
1853,1757,22.944971,0
302,1721,0.092709,1
1513,2459,15.579151,1
2923,713,22.658587,0
1499,2265,7.362291,0
621,2956,73.400459,0
122,2154,58.833458,1
588,1661,33.485180,1
1648,1053,38.427376,0
635,2197,13.420691,1
1548,431,72.069336,2
2946,1020,88.973366,2
469,2198,63.496765,1
1467,2474,32.155136,0
2315,1226,1.452744,0
1517,1814,53.706371,2
1151,2182,32.511395,0
1737,2739,79.306725,0
1391,2660,30.292234,2
2133,2618,59.441566,1
576,884,96.207848,0
502,559,12.675162,0
1877,2660,52.014008,0
436,1414,95.748062,2
2885,982,47.815590,0
738,2893,25.637405,0
1193,1907,23.489073,2
1253,1825,27.553282,0
2741,1638,13.152088,1
1648,1038,81.458786,2
2477,754,55.487358,0
2943,2459,87.273376,1
1696,1096,39.116890,1
657,1688,24.291092,1
2702,924,85.566292,1
942,1695,11.558392,1
2817,243,46.484455,2
2038,854,45.838680,0
2254,1071,20.967024,2
2734,1226,54.562008,0
1822,1456,53.011276,2
72,28,43.071728,2
2137,747,93.967323,2
1360,2988,87.708145,0
2930,313,14.778029,2
280,1654,48.137199,1
1609,1711,67.229858,0
1391,2703,1.999031,1
1294,1201,82.907257,0
437,2944,53.879292,1
2078,2921,78.699921,1
2154,2712,73.309631,1
1683,1745,44.620102,1
232,2854,97.394974,2
2518,9,47.512074,0
527,2801,71.340927,2
1146,1491,21.267624,0
1175,2292,19.895571,1
2499,1093,25.133904,1
527,819,34.100815,1
1553,1054,16.380356,1
798,980,59.472000,1
961,876,93.533943,1
2199,1812,31.491556,0
621,1651,62.125717,2
2823,2488,91.260094,0
740,1629,58.037193,1
458,1052,16.722763,1
641,297,49.170429,1
2697,2391,51.734356,2
1310,266,37.553761,1
2989,381,47.872124,2
2505,1939,59.780365,1
1569,792,60.065479,0
506,503,16.943548,0
1112,2856,51.696762,1
2698,2460,32.621162,0
2714,2126,84.681618,0
1010,674,53.755802,2
1293,2342,69.541351,0
2703,1536,83.139503,0
2309,59,40.325600,0
2825,2406,14.146312,2
102,333,96.890114,1
49,1809,88.077354,1
795,297,70.291534,1
2834,6,76.111984,0
1676,2248,7.559603,1
1104,2940,71.836533,0
2557,1801,36.271320,1
1711,1950,91.258057,1
122,1733,67.011040,0
2165,247,42.266582,1
2190,730,39.008347,1
517,2764,53.436668,1
1833,2202,72.192841,1
1614,1650,63.414158,1
2935,513,75.179947,0
2035,556,92.038765,1
1157,688,88.863159,1
2703,2757,31.800615,1
1875,482,71.947174,0
103,1812,13.939305,0
263,1316,42.710979,1
1473,2725,14.137925,1
6,2371,48.586380,1
2309,2723,5.510154,1
751,2859,41.910969,0
2135,1944,83.325645,2
1557,2201,56.836140,2
334,1409,91.410385,0
376,313,49.363964,2
2699,844,10.230438,2
2524,2647,16.794201,0
2653,2561,44.101574,2
1019,314,8.719406,0
1690,1375,38.639694,1
125,1449,74.652702,0
1038,1651,21.530508,2
607,2715,97.129074,1
361,343,95.677841,2
1505,1219,91.398666,0
2292,2680,76.325432,2
817,1144,59.802925,1
1986,1231,55.932510,2
2471,419,93.343201,1
892,242,71.829773,2
1876,1204,38.612514,2
1319,2211,80.368820,1
129,1943,18.093489,1
2899,2887,77.405777,2
720,2719,69.390503,0
982,1520,63.996384,1
117,109,70.813232,2
999,1621,77.934441,1
646,1713,22.771255,1
2195,1334,64.986115,1
2514,1144,14.828258,1
1675,464,55.979649,0
2803,2216,38.328674,0
19,965,17.182926,0
1011,283,92.239143,2
2106,701,91.144432,0
1456,1619,71.192215,1
1433,749,70.883171,0
1796,2101,53.976822,2
56,826,79.481529,2
1029,2185,9.753126,1
2670,898,69.042000,0
2060,1704,49.874546,0
2992,2533,41.745338,0
1272,2578,54.148865,0
2859,472,69.432297,2
794,71,15.708456,2
1710,707,22.103031,0
129,1397,21.194288,0
2665,2186,62.540340,2
2236,2501,13.224651,1
1916,270,38.866432,1
1885,1985,57.677036,1
2456,595,57.416225,2
619,914,76.743904,0
2397,737,65.202858,0
2279,2234,39.690620,0
2466,137,76.080429,1
704,2608,75.261620,2
2277,2235,40.570244,2
987,2685,40.831783,1
2742,2205,84.810745,0
822,2902,35.065681,0
204,994,86.445671,0
2321,950,94.247124,0
482,1840,49.602764,0
699,1903,84.813278,0
2139,1231,50.439495,0
688,894,79.171005,1
1387,1776,92.865593,2
44,460,4.799480,0
2313,2124,86.066368,1
2415,2316,64.450745,0
1107,2736,83.619667,0
1910,2213,36.654835,2
1235,1488,84.249413,0
2486,2549,15.541347,1
1390,1054,92.941612,0
806,2980,65.289520,0
1608,2787,97.356331,1
2403,1727,28.959942,2
2934,1266,61.738575,1
398,961,38.378197,0
2230,573,6.290014,2
2621,599,11.140055,0
2605,2796,94.557388,1
1468,637,20.086800,1
971,2091,66.144966,2
1415,929,96.996353,0
2470,2622,17.046967,1
776,213,15.610007,0
1436,2633,76.727173,1
1159,169,92.438461,1
2365,2242,64.342430,0
2011,979,74.483116,1
208,663,99.464386,1
30,1917,17.834818,1
832,2651,26.770649,1
740,520,36.277992,2
2705,1771,87.585915,2
483,1537,13.060723,0
169,2269,57.923916,1
2518,696,31.332903,2
2709,1959,14.423463,0
45,2074,24.007769,1
1176,1870,59.796074,0
2921,508,79.207870,1
2109,321,31.055288,1
2605,1892,4.561900,1
1729,1052,94.644081,1
725,2021,79.050743,0
1830,1408,4.396647,0
2024,1753,80.949883,0
824,2042,53.244629,0
1108,2199,65.788826,2
2352,95,50.773140,1
1984,1279,96.285042,0
1819,1116,58.698601,1
1750,1464,62.129971,0
2730,1982,13.106062,0
783,1417,63.117386,1
1864,2246,57.714878,1
2902,2208,44.084713,2
2013,2704,57.704567,0
1965,1983,11.048082,2
668,1867,49.961498,0
344,2492,33.748234,0
917,2248,44.657024,2
892,1603,65.064270,0
1809,2353,28.837658,0
140,1646,47.142200,1
2547,459,25.666462,0
1213,1976,91.027557,1
1685,1326,22.891027,1
1774,1493,74.992081,1
1560,289,70.881119,1
2203,2357,20.648350,0
2242,2894,10.567819,0
2980,666,9.969090,0
994,1425,25.031605,2
1851,1675,19.356569,2
1450,1867,14.257285,0
1931,1808,32.556774,0
1973,2182,78.835632,0
443,35,30.557158,1
2964,5,47.592712,1
552,1315,65.177925,2
1381,254,36.214466,0
1944,2572,37.002304,0
1381,1016,21.678282,1
994,649,20.026272,1
1557,1044,74.550293,2
1217,304,57.174141,0
1274,4,53.516033,2
1748,2033,18.792950,0
2680,1758,52.902813,0
1788,2375,52.103695,0
1266,2087,19.394592,2
60,606,89.898399,0
2423,2821,76.347847,1
1813,790,37.417587,0
2653,479,94.412270,0
1008,297,72.495499,1
2651,473,46.965000,0
2781,2729,96.849579,0
499,745,30.792049,0
2393,273,10.104136,0
2049,391,86.889954,0
2048,2981,75.705605,1
2207,2469,7.388929,2
800,2272,91.468666,0
2942,2728,51.774605,0
2436,1350,66.476814,0
721,1532,4.269841,1
2273,2108,34.744438,1
1011,2956,23.672897,0
549,1549,51.472286,2
8,1352,73.552116,1
2997,68,3.557831,0
2817,1159,36.750004,1
1621,114,90.698097,1
2142,1883,27.439373,2
715,216,40.039642,1
2358,609,95.107666,2
1644,2911,47.483921,1
1454,2727,74.771858,2
2085,1824,0.038602,0
1351,1759,46.349129,0
1877,2720,87.954147,2
2605,2111,16.197701,0
2375,1344,17.988804,1
622,145,62.690205,1
666,1600,66.380714,1
988,936,59.722839,0
189,1207,7.045029,1
2362,2041,79.293533,0
368,535,41.548637,0
287,1875,35.663589,0
1805,2889,9.603441,0
759,2075,54.944809,0
358,41,56.322727,0
1815,864,42.110771,2
406,148,12.443448,1
2748,2273,5.462437,0
1242,2402,86.879120,0
1911,2921,79.246620,1
512,590,19.132261,2
2476,2739,4.887964,0
79,2343,83.738358,0
1201,653,34.851795,1
1154,244,9.282267,1
663,949,41.415546,1
1513,2920,10.864216,1
766,336,11.727455,1
119,2609,92.081589,0
1807,633,55.187019,0
622,286,92.386429,1
1979,492,23.056105,0
1776,2158,25.573479,1
2938,643,39.514187,0
2512,1920,65.330841,0
2071,2622,97.919014,0
2035,1399,47.794292,0
269,2254,37.438194,0
1995,1707,64.925941,0
2054,1430,40.688988,0
2531,100,11.836642,0
1488,2602,70.343422,1
842,76,88.606880,0
1046,913,74.760498,0
739,1226,8.014682,0
1396,2977,69.053207,0
2164,865,27.262888,2
2902,1988,49.085804,0
1919,2071,8.180126,2
2840,2187,32.421471,1
672,1571,60.490829,2
2122,226,70.246124,1
435,1754,98.150948,0
482,2808,27.032772,0
495,1061,31.920883,1
1979,2836,36.892738,0
2348,1796,22.978205,0
1874,1101,11.516867,0
729,2119,69.251846,2
1588,2137,69.240166,1
285,1213,54.100262,2
953,944,35.624737,1
2208,1364,77.952126,0
1149,2678,44.600113,1
91,828,43.180996,1
496,552,11.254486,0
2705,720,91.876907,1
1907,1885,65.849792,1
961,1615,4.716943,2
176,77,37.788933,1
172,1912,15.995891,0
669,2117,10.483209,2
2351,1950,28.654514,1
384,1435,82.973251,1
399,866,22.921850,0
1172,2824,77.569405,2
2155,383,27.680368,1
1464,1520,44.088120,1
1669,2379,48.939983,1
1204,1527,40.091484,1
2923,591,52.815460,0
2252,1564,15.435391,1
1379,1319,72.040764,2
183,2079,68.002289,1
2269,239,44.729744,2
519,717,60.317524,0
396,907,75.219879,1
2541,1662,47.161282,1
6,2728,27.192450,0
2062,469,78.288834,1
646,1701,86.037560,2
2715,1488,71.576195,0
238,2296,25.814095,0
580,665,20.582836,1
59,1447,37.578388,0
1306,64,33.757610,2
0,393,50.821152,2
1260,556,9.859540,1
1254,2081,20.292847,0
1865,2310,62.545181,2
2971,267,5.479648,1
1451,2472,54.686680,0
1470,1293,58.111649,0
1820,434,26.049988,1
2424,873,87.615211,1
2758,1817,91.203049,0
1370,339,39.359138,1
2541,2395,45.885647,1
2882,1673,53.740387,1
1836,1594,42.438942,1
1550,2101,90.185295,0
2137,2373,82.006386,0
1278,1585,37.383114,2
1605,2373,20.411964,0
22,892,64.286270,0
2581,396,22.037148,1
1825,98,32.013973,0
1404,2288,25.476349,1
488,918,68.203392,0
2076,1063,69.139557,0
1532,1595,56.059151,1
1279,2440,29.248564,0
1028,2929,11.593891,0
782,2015,94.801323,1
88,1075,92.899094,0
564,1343,39.592690,0
1249,832,47.779503,2
2328,549,37.719265,0
1380,318,11.785255,2
615,1714,83.761841,2
452,1676,11.521505,0
710,1666,94.121979,1
2410,1007,82.059898,1
785,2567,90.860695,1
1552,2544,61.028107,0
325,820,8.532332,0
1766,1090,74.372696,1
2510,2817,37.826195,0
2278,1465,81.628990,1
746,2184,68.707893,2
2050,1104,82.744530,1
1630,1488,55.878010,0
1143,1252,71.428741,2
2563,2977,15.323229,0
806,867,95.588814,1
2341,1463,93.033493,0
1375,851,25.168339,2
2503,1127,24.139725,1
2124,1162,45.275654,1
1628,247,88.247231,1
396,597,52.969707,0
1058,236,83.204330,2
1708,1470,75.366348,2
2430,1641,96.956566,0
2456,2285,85.133110,2
1530,699,48.089336,2
1288,1944,76.494446,0
1662,2107,49.564072,0
2587,2666,2.114584,1
635,2519,19.339479,0
76,860,34.571663,0
1549,1826,40.086811,1
582,1573,17.993069,1
950,188,44.409809,2
2286,2824,78.500992,1
737,2313,76.166306,1
667,87,40.151169,0
11,1637,41.293274,2
2678,1606,13.494792,2
2308,1424,48.000530,2
2682,2947,32.948460,0
347,1872,46.615707,2
193,1760,44.100681,2
2610,2986,62.876133,0
2506,625,46.634857,1
2036,2760,95.032944,0
482,734,6.388311,0
2572,2863,64.813927,1
309,2300,55.841938,0
783,1217,23.200388,1
2374,2154,50.738930,1
1464,2814,32.791458,0
486,1487,72.014618,0
2604,1102,25.631689,0
2002,1077,28.433641,1
135,419,30.252455,2
2809,2324,46.583042,0
1186,2275,93.228783,0
370,2736,66.665726,1
177,2541,97.382416,1
1354,1256,30.510424,0
2840,743,62.568153,1
428,1120,83.712730,1
532,1793,75.192429,1
792,1237,35.436840,0
2723,1398,34.498810,2
1112,541,97.710426,2
2919,2256,36.216778,2
804,1299,95.521362,1
467,1066,61.282890,0
1371,1323,22.638153,1
1891,2708,68.643555,1
1378,377,55.416031,1
2493,449,0.204930,1
340,2320,52.692768,0
717,2850,84.527466,0
1541,2322,86.102730,0
1520,285,0.730274,0
1730,1512,36.234512,2
609,2443,22.961580,1
1211,743,77.739876,1
2885,2821,76.410332,1
177,2166,19.708517,2
351,1336,86.903221,2
2502,1483,58.737457,0
1636,2770,30.233681,0
402,913,71.786049,0
2719,58,66.938248,1
2213,1565,10.882921,1
263,2147,84.976250,0
675,1656,53.835869,0
559,829,44.480202,2
1735,64,57.191570,1
199,1094,27.474726,0
2529,1752,91.567688,2
1170,174,84.350883,0
2134,2087,75.976753,2
66,2817,51.882484,0
334,2115,21.626366,0
979,2566,58.039459,1
1384,2775,89.736618,0
864,2502,25.229549,0
2460,2965,88.516083,1
1004,1659,37.456924,0
1509,388,65.645805,2
1495,2772,16.597078,0
675,1525,46.993755,0
930,1265,46.003864,2
2858,971,31.742662,0
2926,2028,15.930130,0
2661,1745,40.086590,1
2,1225,29.497553,0
499,434,66.918060,1
216,2410,39.065987,0
1701,1523,92.700317,2
2180,2738,68.972862,1
2350,1903,35.320889,1
541,140,91.974068,1
2415,454,81.359421,0
2848,2797,66.385864,0
1434,1472,48.972549,2
2621,2142,43.558998,1
154,1120,35.451008,1
1505,1348,92.804329,2
2886,281,53.054138,0
1726,2249,0.321040,1
566,2045,29.666029,1
1396,2436,78.381416,0
2607,563,32.469395,0
2874,988,76.345184,0
1791,2194,52.617073,0
1639,999,48.226128,1
998,1376,39.952202,0
223,2896,11.265171,0
2765,2316,82.778015,2
674,2526,90.532852,1
2834,920,98.503517,1
1958,2407,11.741336,2
266,504,32.312046,1
2941,2124,23.857759,1
542,295,78.277863,1
508,266,0.593711,1
947,1185,32.044060,0
1786,770,22.275505,0
337,23,31.205297,1
2938,750,81.164970,1
2203,1475,11.283309,1
328,2180,51.365067,0
402,1074,89.952019,1
239,1557,12.984194,1
256,523,51.407623,0
1644,1009,49.240765,0
1299,715,86.394875,1
2179,2082,84.674744,2
1863,1863,51.470497,1
2366,1644,7.592427,0
1785,872,51.457485,1
508,915,38.371429,2
777,584,58.291241,0
2452,2200,53.539986,0
2301,1067,26.598408,0
1985,2370,47.694248,1
2416,692,21.376276,1
2729,1345,94.403458,1
1393,2157,76.668312,0
2398,1479,13.653589,1
2138,1858,50.802959,0
20,2799,92.420097,1
145,158,71.202209,1
664,2661,24.536922,0
1507,2727,79.679420,1
2808,2126,74.807617,0
2892,2106,13.289148,1
2728,2573,21.674950,0
2336,477,75.756943,2
951,1438,25.489626,0
1906,2493,41.560844,1
2106,1779,14.243620,0
2573,313,8.069359,2
379,1237,91.159836,2
1418,1796,98.928246,1
2933,20,84.107735,0
2204,1691,76.545013,0
1945,2152,28.731388,0
73,970,27.352068,1
1577,1829,21.932518,0
714,82,19.727087,0
1022,23,42.686924,0
809,523,13.223992,0
1901,800,29.586227,1
61,1285,40.004200,2
2280,2381,26.297514,2
1735,638,48.750187,1
695,1011,17.242931,0
414,547,1.189078,2
180,43,53.777069,2
2183,2146,39.896999,1
1502,663,47.997292,2
2020,1856,56.475876,2
632,917,89.697617,1
2522,2982,33.938740,0
108,1898,23.977892,0
1023,2435,16.430315,0
840,2630,3.678379,0
716,1542,79.587463,2
1120,2426,46.806961,1
1325,2274,51.799969,1
1069,2648,56.702915,0
991,2475,93.876694,0
425,1294,8.451331,1
1449,2927,34.741623,2
2964,2199,4.863201,0
450,617,79.779549,1
208,573,92.068352,1
1096,1213,95.819595,2
226,2302,3.295989,1
2835,2831,44.666172,1
1178,2691,35.010895,0
1285,2031,29.747898,0
24,901,11.812268,1
917,2282,15.269465,2
1575,578,44.806934,0
1286,2213,82.228317,2
67,2809,77.057129,0
2785,2242,69.238266,0
1411,2788,77.424034,1
535,40,3.687921,2
2191,150,56.583263,0
2055,230,59.867344,0
2705,2329,4.751626,0
1046,1694,87.818748,0
1646,339,44.052464,2
2844,2378,66.596855,0
1820,164,11.078807,0
2537,2037,77.137253,0
2494,1442,82.863472,0
1923,2466,17.497501,1
2078,1795,2.516647,1
108,971,32.999588,1
2702,1083,93.052750,0
947,1506,32.222126,2
791,2192,62.083630,1
2054,349,63.416569,0
2862,1608,44.149334,0
2490,980,46.421368,1
531,2798,51.772861,0
1150,2597,18.789549,1
1349,1533,31.318619,2
2086,1910,70.224190,1
1431,55,24.776682,2
2113,2353,88.052330,2
2912,1315,11.243363,0
1612,1649,69.217186,0
2984,497,11.336746,1
164,2686,72.861328,0
229,1699,19.226948,1
38,1654,45.530624,2
1203,493,22.520727,0
1761,2272,2.913312,0
1578,96,84.351418,0
525,1473,90.594788,1
117,1609,4.950159,0
107,2760,34.773079,1
1096,2948,81.732460,0
1864,2981,57.121113,1
2071,588,43.317123,0
1626,1666,58.262363,0
204,1575,45.975712,0
925,1727,16.223042,0
2486,313,44.417374,1
1491,204,55.738033,0
853,510,67.981255,0
2066,677,67.212791,1
2584,1134,39.548065,0
219,1604,39.464806,2
1056,2768,70.194405,0
1123,322,36.113514,1
917,2677,35.934990,1
1164,27,17.665777,2
1722,2645,33.100342,1
234,2836,81.194023,0
585,404,41.771343,0
740,1998,19.757158,1
294,1125,56.906033,0
2717,743,1.383556,0
2646,583,5.017951,1
1961,1269,79.350288,2
655,1952,68.505249,1
1797,135,80.521507,1
1150,2568,67.201630,1
2457,1163,86.473289,1
2410,2888,13.028154,2
682,345,11.241457,1
268,2063,63.976799,0
1865,1310,55.230881,1
556,1721,27.258978,1
2336,2768,57.739544,0
497,124,2.729549,1
1641,2572,30.853979,2
2614,459,32.127003,0
2123,773,36.107269,2
2071,1687,42.758472,1
1483,2205,64.505188,0
2827,174,57.793362,2
2188,2065,79.047440,1
1312,2871,35.877888,0
225,302,28.298605,1
139,2726,71.476166,0
2985,2538,27.243654,0
1678,967,75.965324,0
739,2690,50.812080,0
1155,219,42.715816,1
926,272,58.913452,0
1403,952,57.320694,0
2163,1617,80.034912,1
1851,938,12.325735,0
2406,2369,40.192741,0
2821,929,61.985561,0
2035,1780,93.065712,2
1643,1385,98.398087,2
1482,1803,26.181129,0
798,239,35.271538,2
508,1779,24.762524,0
786,2051,60.406265,0
2602,2738,74.575058,0
115,2812,42.921135,2
1423,1190,21.118671,0
1852,2058,40.503872,0
1997,1406,87.857857,0
2282,442,86.641884,1
1,1352,59.894562,1
2657,1082,8.686543,1
2971,1446,51.365486,1
11,207,21.288773,1
2713,217,76.580940,0
1545,1565,90.440331,1
989,2003,45.954666,1
347,409,39.412849,2
759,956,70.666161,1
229,357,21.806200,2
527,442,38.204685,2
2321,2410,63.044598,0
2088,1758,37.535892,2
1781,1298,93.894348,0
1697,1640,55.124939,2
2088,846,3.872003,0
2770,2026,90.723915,1
754,2488,17.715591,1
2830,1735,70.769455,0
2115,798,23.059124,1
259,2097,64.954994,1
1522,846,83.735046,0
2079,1433,33.611118,0
2782,1482,56.947613,0
2671,1591,71.816544,1
2657,1726,95.859039,0
1418,2122,53.915997,0
387,1352,17.835842,0
2749,1144,70.530792,1
1233,1535,73.777519,0
1257,1378,23.762154,0
2406,1109,51.078564,0
2478,1721,84.898125,0
1394,197,24.439362,2
255,969,59.926281,2
280,2780,33.222488,1
2726,1262,24.536600,0
1119,1932,18.100779,1
168,1674,24.898939,1
2327,2163,45.316044,2
1079,1996,22.415771,2
1582,2345,62.565395,1
206,1558,95.039940,0
759,259,58.381557,0
1163,2388,73.107567,0
94,1720,44.132812,2
1779,1920,74.078468,1
469,2704,9.347414,0
1075,1918,75.793976,0
500,1520,65.721809,0
1793,545,0.903138,0
2736,2219,18.650211,1
2961,2668,88.902237,1
1621,1099,5.565256,0
148,1189,17.657885,0
2403,668,41.845562,0
124,154,3.885661,1
2031,2363,39.251221,0
2796,2310,8.970233,2
121,393,46.366112,0
2288,1917,44.653584,2
1160,2174,78.428391,1
754,2697,50.853832,2
1902,1781,18.920158,0
1969,2249,81.151451,0
1757,2783,13.502378,2
2192,326,31.359144,0
1082,2916,56.762352,1
2597,1505,63.267124,0
381,596,68.907524,1
1219,1686,91.983810,2
729,2520,50.699623,1
502,1525,68.437744,0
2771,2028,95.512764,1
1186,755,84.282784,0
2195,478,11.617169,0
2850,164,4.056212,0
941,2867,49.799980,1
1299,110,40.358509,2
16,1228,39.687717,0
1521,771,1.696223,0
697,521,99.877510,0
1005,2703,59.456776,1
199,1779,68.284584,0
480,287,90.618187,0
1396,1535,76.159332,1
896,2873,56.366116,2
2208,2340,37.296947,0
1879,2573,65.809441,0
754,2991,10.455903,2
514,532,5.879062,1
1735,2817,0.643577,0
902,1238,38.416462,0
2044,2426,25.745878,1
1719,2996,28.963028,0
158,2682,40.750275,2
1037,1328,31.581068,0
2731,1648,38.462269,0
1714,2176,48.269180,0
2698,2726,93.755165,0
640,270,66.202293,1
355,2252,8.776700,1
2357,975,62.935341,2
1241,2928,47.749069,0
188,1640,23.906731,2
2300,1734,87.969048,1
2836,1513,94.564240,0
1777,1032,29.418621,1
2392,2805,43.936012,0
2539,1641,19.148525,0
1321,338,69.143433,0
1815,2293,60.642170,0
2018,1203,65.818336,1
1473,463,56.920464,2
1028,333,37.907452,0
2636,1055,78.956154,2
410,789,7.261128,2
1442,73,84.574379,1
2019,189,37.416435,2
1541,2069,8.327391,2
2149,518,43.692268,2
203,2195,64.516502,0
908,833,34.674213,1
1328,1915,12.715919,2
1771,2153,31.232683,2
1100,2361,32.486736,0
114,1867,43.213284,0
1430,337,51.205051,1
1435,2795,5.389060,0
1578,1648,26.250902,0
2907,441,80.965828,1
688,1262,35.010750,0
86,184,53.526466,1
1362,974,22.805153,0
353,2960,48.871738,0
404,1070,20.442801,1
2003,2571,91.624756,0
2332,2954,99.764015,0
708,2342,10.622607,0
2435,1144,23.202795,2
1081,1811,90.904617,0
1689,736,77.282982,2
1778,406,49.746197,2
1666,1212,75.058197,0
895,694,29.180882,0
1753,428,26.518782,1
2133,2712,81.913872,2
1579,229,86.235291,2
1453,780,6.233059,2
166,967,4.064920,0
448,166,46.917206,0
1849,679,2.752141,0
419,1991,40.833027,1
1378,2484,44.200294,0
422,2436,7.163237,1
1283,2106,95.716515,1
1224,2202,53.178661,2
1949,992,44.103912,0
2135,1760,13.044269,1
2595,1567,55.202160,0
543,1499,35.425495,0
2537,2184,28.090408,0
1390,1155,73.304207,0
431,306,47.133621,1
2163,454,74.424072,2
2226,1513,40.669731,0
777,2383,59.473976,0
188,483,46.433430,1
1826,1737,57.789822,1
804,199,11.389623,0
2203,1408,29.059807,1
1940,1622,41.617912,0
443,195,4.419808,0
168,2199,55.490055,2
1021,826,98.630829,1
1472,1763,58.004688,1
1793,836,71.095718,1
1307,2861,6.290460,0
2928,2820,37.053928,1
2139,2570,91.193024,0
1838,2953,81.099724,2
164,1859,32.058830,2
2878,1957,48.839008,1
2996,1068,78.319962,0
2032,1110,29.219702,1
2085,2280,57.336327,1
2850,2052,43.403839,2
543,2367,83.252808,1
2050,26,37.360420,0
2759,2362,1.557417,2
2534,50,83.322037,0
1844,1814,16.026373,0
1566,2892,87.040726,1
598,268,54.833817,0
2455,209,55.777493,1
706,1838,20.538473,0
2677,2208,67.372192,2
161,1237,59.392117,1
2433,1680,75.022682,0
2995,1582,58.514614,2
2790,1134,33.544369,0
411,2117,98.000366,0
1855,2411,58.831249,2
1256,698,71.862892,0
1980,1364,37.624252,0
2873,1169,41.480591,2
1180,1374,34.440472,0
2964,833,95.418343,1
2686,1677,82.344910,1
600,1141,33.198318,0
1425,1107,93.830368,0
114,22,17.361015,0
1,180,57.203091,2
336,2673,86.959633,0
1448,1160,27.834124,0
2918,861,39.649189,1
1552,2264,47.281693,2
2883,2122,86.968964,0
1639,373,68.494530,0
2039,2938,87.225235,0
42,1964,57.805115,1
1471,2219,28.577467,2
2286,2612,18.613016,1
1569,2385,79.208061,1
2256,961,7.869939,0
371,2803,93.387390,1
2373,713,62.125500,2
248,2442,57.450993,0
1125,467,58.037544,0
1484,1460,24.865929,1
2867,271,16.657108,1
853,75,82.243065,0
1849,2033,52.736553,0
587,2604,25.002701,0
1418,2373,19.036547,0
1079,1976,34.165318,2
2963,1635,62.064472,0
2441,1151,48.762867,0
211,2171,47.311913,0
556,1580,64.994270,1
2239,2260,71.898689,1
1600,2819,15.633806,1
658,506,79.368904,1
205,2228,36.179256,0
1302,918,18.747583,0
984,1495,32.123394,2
2400,1614,97.973335,2
257,626,77.754898,2
1248,1247,8.756482,1
2586,2564,87.426086,2
2002,318,5.592757,1
2990,1364,7.977089,2
707,2491,30.702482,0
2811,1607,38.752563,1
2699,895,33.704468,2
459,840,74.992493,0
1019,291,17.472794,1
1385,2069,51.806461,1
2361,2747,75.416054,0
1198,2642,36.450344,1
1907,474,1.836381,2
2225,1283,95.199074,0
1964,1825,50.677856,0
703,2774,76.779366,1
1846,2823,49.533195,0
1848,2451,0.387442,0
414,2868,8.922172,1
2569,552,77.021484,0
93,165,25.429098,0
1663,2073,21.439741,2
2577,73,56.749969,1
393,2948,79.720261,0
641,348,65.570038,1
1595,2119,35.567101,0
2655,2962,34.851273,1
2876,2243,28.658112,0
2153,2358,18.183790,1
2183,2644,64.239777,0
734,2702,15.821403,0
650,2288,33.298538,2
2817,324,8.384681,0
1833,316,32.651112,2
1520,1793,38.579193,1
539,898,31.591106,2
1212,631,14.186909,1
553,1127,69.417114,2
2497,2278,58.135883,1
1119,430,86.940208,1
2264,1766,66.943985,2
1110,0,63.310650,0
176,810,52.968964,0
949,2992,98.431198,2
590,2366,13.463855,0
98,649,18.646536,0
2552,2288,41.382793,2
2371,2668,22.873041,2
1135,317,29.021940,1
493,2163,52.514084,2
2156,2845,52.854710,1
2076,2091,67.306908,2
638,210,80.579742,0
1099,1027,38.016632,0
2521,2826,95.646683,1
1162,926,64.810188,1
53,1935,10.727212,2
1626,1669,19.149622,0
857,907,72.835304,1
1781,582,17.789162,1
1775,2412,11.970918,0
1981,1211,99.465805,1
2577,58,26.763714,1
455,2760,12.843802,0
2457,182,35.497635,0
372,473,45.958206,0
2897,2942,7.925035,1
433,286,47.090473,1
782,1029,3.408009,0
1040,866,27.875788,0
1103,2167,56.650856,1
1865,1003,52.042519,2
364,1735,94.193802,0
110,1705,33.862896,0
1749,712,80.938164,1
2916,1028,69.058815,1
2349,2648,9.815140,2
1172,2409,20.580376,1
2541,2368,19.923841,0
1975,1898,9.223644,1
26,2576,86.646835,0
2566,2548,70.471382,1
2928,2078,21.643044,1
1309,1955,55.186207,0
2595,1133,5.596135,1
614,670,32.487747,1
1765,1699,15.623943,1
1664,521,26.644945,0
1714,1847,86.160820,2
967,2930,6.578865,2
171,174,85.150452,0
2497,1950,91.107178,2
673,765,20.658949,0
1486,2784,43.749989,1
2529,2367,26.441797,1
2721,1089,47.063190,1
1280,1280,64.395378,0
1758,2852,37.010582,0
1656,2179,63.005322,2
2952,1456,68.020805,1
1962,9,19.037975,0
504,527,98.864342,1
747,124,4.711739,1
749,1491,3.449777,0
1249,2971,49.108925,0
61,748,65.971207,1
1094,225,88.416214,1
138,2907,0.356966,0
2451,1928,4.467009,0
2314,2486,18.712973,1
1054,1347,40.287548,0
526,1427,74.798569,1
1223,5,65.119347,2
2229,2670,32.100414,0
815,1004,71.370781,0
1195,1895,44.646984,2
999,2557,97.597626,1
359,1226,40.017448,2
1246,761,21.014059,1
2219,2138,60.048264,2
972,824,15.127065,1
129,1976,92.864830,1
2363,2705,88.599808,2
9,385,96.566017,0
1589,306,39.113758,1
1502,1336,33.869953,2
2270,837,17.894779,1
1856,874,67.959480,0
2043,2644,97.439545,2
1870,2719,95.731613,1
9,1820,81.651497,2
1630,2166,82.990021,1
790,1032,67.394196,1
2609,2709,75.986626,1
2239,13,37.189156,2
445,2246,46.832226,2
1035,718,65.185936,0
2034,2631,94.743843,0
113,2649,19.909069,2
1918,1890,69.617188,0
2291,2337,76.434761,0
322,1450,55.267212,0
2419,2981,66.480392,1
2405,939,98.250938,2
2720,894,45.526268,1
49,1263,21.377417,0
2163,2008,23.823906,2
1974,790,56.681297,0
1389,805,70.914833,2
183,512,97.314491,2
403,1160,15.199784,2
1237,1444,83.158737,1
285,2477,83.780113,0
1163,1417,62.193058,1
150,278,64.017929,0
1146,601,25.429054,1
2716,1963,44.721268,0
1212,600,88.730934,1
2368,1309,39.540737,0
2338,2804,21.368242,0
2813,2369,38.244606,0
781,830,28.168825,1
2133,2198,70.477013,0
181,2446,34.020424,1
403,340,19.919180,0
669,1273,80.260292,0
1299,784,39.664658,1
2774,872,82.721489,1
182,1832,95.307518,1
2741,1215,72.913300,0
796,2019,36.792362,2
847,191,46.047028,1
700,631,52.706802,1
512,2262,35.012924,1
346,2219,54.620377,1
2601,2843,79.543327,1
1154,1633,64.095383,1
645,1117,48.760567,1
1957,988,58.909573,0
1954,2434,74.859802,0
2129,2295,33.786610,1
2872,643,71.436508,0
1837,940,30.979080,0
2766,319,39.147301,2
1720,1897,35.176460,1
846,2960,90.863480,0
251,2188,62.957294,1
1090,501,23.315775,2
2643,845,91.116302,1
849,2725,28.118816,1
2317,1423,6.334199,0
1683,2150,77.383263,2
1587,311,23.766451,0
185,1386,13.560607,0
912,2802,94.326324,0
1490,670,12.219746,0
1769,2044,54.941395,0
2611,1330,81.451332,1
2847,1689,43.482132,2
2143,1077,57.522991,1
2093,809,41.166630,0
1904,958,70.998550,1
1792,549,40.896820,2
1911,395,75.910164,0
307,966,37.483513,1
1088,2976,41.421272,2
1573,1678,81.820175,0
1040,1065,30.435421,0
2817,1567,21.928499,2
1795,297,69.261208,0
2477,228,92.470299,1
2835,2866,46.677750,0
1111,2449,14.658115,2
1542,1433,43.435562,1
396,1790,76.037849,2
2058,274,56.152882,0
677,2327,90.733238,0
2334,2781,70.809402,2
1147,1293,96.859955,0
871,571,55.223934,1
2797,1467,48.538090,1
83,2887,30.364883,2
906,2618,2.239906,1
1258,937,10.596217,2
657,1249,12.287981,0
1103,1128,67.759300,0
2866,196,53.204510,0
1241,2938,86.058426,0
881,203,93.096649,1
1403,2659,0.863120,1
522,2231,40.472649,0
1329,290,49.019001,0
1439,416,53.615322,0
54,1063,50.153831,0
1625,1940,12.781483,0
827,2541,71.679886,0
22,1428,45.937027,0
2027,2980,71.633514,1
839,895,75.771103,1
2826,684,92.317123,0
926,2153,27.780825,1
1020,2077,50.655281,1
1575,303,40.274284,1
973,225,1.282123,2
1870,1009,94.984940,0
1189,1088,44.766293,0
1468,2364,47.474648,2
1922,2581,33.398075,2
739,852,94.435272,0
2545,2592,72.893150,2
2480,1811,58.957291,0
2760,550,66.803497,1
1297,1687,37.890316,1
1969,510,83.999130,2
443,1879,47.867233,0
140,1526,2.422579,0
1491,666,53.390324,0
1447,778,7.239340,1
2227,278,78.786453,1
1078,2210,13.895630,1
404,1795,37.678146,1
1983,2114,10.935414,2
2092,1331,54.710094,1
1323,1726,54.718906,2
1399,2736,79.040039,0
2716,2927,18.239737,0
829,1631,3.655632,0
2432,892,70.702881,0
2325,1847,55.061134,1
998,1244,87.082123,0
1370,380,75.118141,2
2603,419,82.080132,2
2575,2337,36.076347,0
2350,611,29.690355,0
1143,1549,57.572536,2
1828,2506,10.520080,0
820,2818,61.400948,2
78,981,26.847733,0
1446,1305,42.606125,1
1584,2128,50.015957,0
84,2280,22.150774,1
837,2048,30.794315,1
366,148,2.369052,1
1876,2029,67.055511,0
1654,469,55.259712,1
2323,2489,71.982079,0
1080,2100,11.259034,0
2052,1496,39.312347,0
2975,1734,20.133030,1
267,2734,51.049137,0
1925,73,22.455347,1
727,1074,55.362480,1
1779,1462,44.820892,2
2987,934,82.289871,1
923,1306,69.147064,1
976,386,62.312542,1
1000,2865,80.730148,0
201,1891,46.476799,1
1599,614,65.056053,0
2747,2042,84.350868,0
1767,168,40.026592,2
1633,698,69.193741,0
2533,1608,26.978746,0
1637,1033,39.068375,2
1563,751,41.259254,1
293,1691,84.215141,0
2154,35,27.614391,1
874,2398,43.876762,1
1630,112,72.715286,1
1707,2164,53.902470,2
2822,497,68.217461,1
2613,425,84.203560,1
1956,2334,42.475605,2
747,920,65.728386,2
2337,658,43.291580,1
1904,2663,83.686157,0
162,1735,2.326761,0
1050,2228,65.649590,1
431,2422,47.376289,0
1449,959,0.085703,0
1120,1033,23.817533,1
415,897,29.587156,0
2462,2737,60.682461,1
2897,1584,21.616600,0
405,418,87.378448,1
2682,2540,9.737990,1
1046,637,15.276263,1
582,2764,98.312584,1
191,2579,20.112825,1
2985,2544,89.126938,0
2821,1791,73.943275,2
1232,2452,66.475029,1
472,2649,55.130859,0
1536,979,15.490713,0
2785,1967,47.649231,0
1322,2343,24.831974,0
2238,819,79.238518,1
739,393,77.924675,0
696,1758,39.192745,2
2191,561,70.888618,2
84,1087,35.174622,2
2835,108,57.978020,0
1294,920,29.013296,1
1709,206,10.316926,0
480,2626,67.472336,1
1970,39,13.775010,0
503,19,67.888290,2
273,346,61.163994,0
237,706,9.698123,0
2775,1768,28.327524,0
1935,1980,38.519238,0
1965,2284,48.365055,1
1334,1020,80.899765,0
91,1420,35.557907,0
1677,1088,74.818779,1
1242,2995,34.446949,0
2654,2176,54.120770,0
1302,947,53.479393,1
1989,1211,67.324364,1
643,1207,86.721420,1
1310,1537,61.038200,0
2146,2352,76.825974,2
1165,2407,96.401688,2
702,2026,58.590065,0
2966,1610,0.043849,2
1354,2720,72.363358,2
2721,2433,1.348456,0
2237,150,25.475950,0
2467,2029,84.242096,0
1361,624,51.303093,0
1459,2359,82.968399,0
2026,2261,9.468016,0
753,88,34.776108,1
2572,1861,91.111191,2
167,223,45.921734,2
599,1880,15.873616,1
2380,1251,10.962319,0
1246,1598,72.970062,0
2624,242,29.192015,1
2232,439,22.940783,1
1792,2660,35.735050,0
2228,430,83.665504,0
304,2807,18.121937,1
1377,2425,16.236437,0
1448,2139,7.747348,1
1918,755,25.495064,0
2231,2609,42.308277,0
1095,1751,68.546288,2
2529,1535,91.435593,0
495,894,73.298409,0
1078,1722,84.242569,2
1132,1279,72.468895,1
1737,804,2.074983,1
2317,925,86.720810,0
2954,221,44.104095,1
607,1992,72.466797,0
2773,610,3.822378,1
57,1147,96.896927,0
765,2038,24.616747,0
2925,260,45.998962,0
2276,1529,13.934148,2
214,1155,63.008530,0
1071,2694,92.446060,0
1824,1721,4.818044,1
2476,2401,73.108917,2
433,2152,66.618660,0
1677,1119,70.964088,1
168,2805,99.467575,1
206,1554,80.911423,1
1235,244,60.941231,2
2620,2380,67.186234,0
602,626,70.492989,0
558,704,8.008819,1
885,1546,22.405132,1
2534,45,24.076284,0
989,2292,82.861687,1
1793,624,58.040493,1
2175,1722,72.642525,0
2807,762,16.522673,1
610,1191,23.615307,2
2776,1945,1.971502,0
1474,1059,9.977798,0
141,295,81.815285,1
2232,2698,34.498856,0
1287,1854,65.677673,1
2199,1634,73.282516,2
2139,2803,91.232552,0
908,230,52.402245,0
1488,1018,78.312119,2
146,1114,65.132721,2
40,11,54.722454,1
33,261,81.851662,1
2529,2407,27.499882,2
2826,402,40.735054,0
1330,1767,48.795307,1
2080,1637,29.899261,2
2692,2927,64.158745,0
2335,1161,34.755974,1
184,1353,99.385338,0
810,1863,3.359443,1
2759,2168,5.467914,1
1542,208,59.026783,0
2136,746,4.145651,0
2529,1076,38.296120,1
1822,1633,81.956535,1
1136,1380,98.966248,1
1546,813,94.778664,1
672,2211,61.566933,2
577,2513,45.989601,1
775,1330,14.196247,2
1006,524,66.115883,0
1711,621,43.512539,1
1590,929,42.945675,0
650,621,87.421928,1
1444,1722,13.476907,0
519,1096,33.594242,0
1640,849,74.803062,2
788,2615,6.780014,0
1980,868,91.868980,0
2622,1650,26.364674,0
738,2589,78.376503,1
1251,1276,37.568748,0
1206,694,34.432716,0
2399,734,92.301651,2
1441,2729,59.982388,1
10,2384,46.839157,2
2587,2677,17.211086,1
2751,325,54.239849,2
653,1992,5.671789,1
2104,180,98.762695,2
655,2785,57.807507,0
273,1485,14.433734,1
1682,1361,99.480263,1
2210,1421,56.382442,0
35,2531,15.967823,0
440,2151,25.817755,1
1545,1115,86.964096,1
1446,2474,60.585579,1
1404,2840,44.705421,1
1569,1171,72.377808,0
2208,2200,76.499443,0
2749,917,96.397247,1
1450,1116,32.034405,1
101,1020,94.969643,1
526,142,57.897381,1
253,2136,19.927561,0
2197,1113,2.292918,2
2699,1866,37.006104,0
237,2992,38.498669,0
2442,1503,68.510155,1
2760,2099,82.771797,1
1904,1969,45.942333,1
1,609,5.278690,2
222,627,55.341717,0
1736,2620,99.415634,0
1327,2074,94.977036,2
163,955,44.822159,0
2382,2639,86.382172,0
441,446,96.281639,1
126,2737,81.818153,2
556,1987,41.373569,1
636,564,42.707092,1
1857,1804,40.200104,2
2689,1883,28.050684,2
1918,785,7.539554,1
2214,151,79.254517,0
2783,2156,71.432487,2
174,438,94.644669,0
682,52,53.069836,2
1364,2898,46.612602,2
1420,1534,50.786415,1
144,1093,70.068703,0
807,1238,60.116894,1
992,1575,83.593689,0
2917,9,67.912804,0
625,2783,86.509506,1
2305,2963,46.423767,2
2489,1308,52.828899,0
599,946,56.196827,1
1162,2469,14.206087,2
1233,1536,6.274824,0
2710,1039,85.877411,0
2529,2256,49.335808,0
183,2489,56.884388,1
2602,2170,64.183281,1
659,1233,56.577888,2
1071,260,36.774433,0
2314,2279,97.857506,2
1162,2425,49.279369,0
1455,2373,70.719093,0
2008,1440,47.187725,1
1342,666,88.288849,1
2812,1709,7.048857,0
2090,2074,63.154881,2
1450,1143,29.612169,1
2212,1372,55.305370,0
1680,198,30.485594,0
1438,2514,64.553474,1
1786,2067,6.112761,1
313,192,92.248123,0
2845,1245,80.631233,1
1462,2644,81.541695,2
1285,829,52.838947,2
2688,1765,94.892624,0
1553,2862,60.792873,1
2636,1338,5.495480,0
286,1809,17.578375,0
1445,771,32.788380,0
673,2548,95.501701,1
2187,2478,37.560722,0
2131,47,99.342514,0
1714,2321,16.139929,0
1194,1610,97.052818,1
869,2365,63.474388,1
306,2169,24.771755,1
1701,2835,70.486458,0
1287,1996,28.837639,2
2083,2358,13.834121,1
1424,1443,21.367142,2
1347,1051,12.707306,0
335,2109,73.215668,0
2341,960,47.628487,2
1051,314,18.513374,1
413,2211,54.161434,2
1759,620,43.216896,0
1612,2289,56.097015,1
1536,962,43.417530,0
1543,2883,1.884179,0
2960,1878,47.263851,0
1084,2531,80.654701,0
1757,290,62.531284,0
813,564,81.513893,2
596,1468,65.466995,1
2782,1331,14.065368,1
2714,724,77.466461,0
707,2720,20.634171,0
934,2579,46.707954,1
570,1522,38.290665,0
1353,1113,17.562199,1
1831,195,77.293190,0
2834,869,1.987285,0
649,26,89.291130,0
1600,868,37.032722,2
2101,1446,54.384415,1
61,1557,66.720062,1
2579,591,81.750992,0
2097,1725,71.227219,0
400,2198,92.319504,1
736,346,31.620726,0
1676,2158,97.592285,2
771,627,50.966267,1
1982,1927,2.925664,0
1311,2139,7.271422,1
73,280,53.266644,2
2481,2044,80.988716,1
1258,879,33.517136,0
2206,2771,24.703787,0
668,774,31.488993,0
2800,823,71.950768,0
2708,621,68.246613,1
800,310,65.376801,1
2331,483,94.687073,2
2769,155,51.828999,0
247,528,88.110023,0
588,2485,34.928654,2
5,1186,5.430216,0
70,644,48.758720,0
1368,352,78.171791,2
257,1855,99.699593,1
569,778,94.188721,2
2409,1202,61.178703,1
1180,2664,55.152611,0
2650,2147,52.285545,2
462,205,77.362862,0
2211,585,12.777714,2
2038,801,59.156303,0
2104,444,85.290482,1
740,2932,85.139427,1
101,2396,92.315773,0
980,407,74.834984,0
46,2050,87.975212,0
2947,895,32.211937,1
2118,631,93.128471,0
1976,796,48.085232,0
2063,1311,14.853529,0
1245,1895,49.595863,0
1430,984,14.434668,2
2513,389,13.467465,2
218,543,94.681046,2
2740,2359,19.068338,2
2728,714,44.190945,1
2536,2926,70.921173,0
1403,1559,72.244705,0
1240,2442,37.032143,0
1810,568,43.478424,0
1411,1212,62.586227,0
960,52,75.520164,1
1517,944,98.643829,1
1906,2966,75.722893,0
942,1179,48.039223,0
2350,2696,32.558296,0
2236,2623,88.515976,1
2399,519,53.891338,1
1682,2367,53.911343,1
132,2009,29.111689,0
520,2549,5.267048,1
98,2941,54.726006,0
2296,1270,23.651436,0
1549,1633,30.023354,1
1916,2038,65.792068,0
509,1986,86.833504,1
1077,807,97.891220,0
1272,884,81.737183,0
1132,2626,97.206429,1
2686,1682,84.414383,1
774,162,94.779770,0
1506,368,41.693134,1
2739,210,61.801353,0
2735,677,53.697453,1
196,2634,60.069065,0
2075,787,16.590757,2
969,707,70.374664,2
1930,1686,6.643997,2
848,1270,44.495750,1
786,2490,75.234344,2
2274,2628,33.119259,0
2894,1227,32.790302,1
1718,1319,24.415144,2
842,2877,85.760712,0
890,628,8.643386,0
1150,1334,80.141418,0
2462,756,27.155693,1
2504,538,21.480991,0
1395,800,36.943928,1
2617,767,99.837387,0
1821,1377,62.639744,0
1064,693,54.897266,0
1561,2137,83.722282,2
563,108,53.105831,1
2692,318,6.047704,2
744,943,17.872734,0
1095,1928,89.524010,0
2579,1646,73.917656,1
63,1483,26.574240,0
712,406,52.826546,1
1845,2705,79.696640,0
1561,852,64.105103,0
2867,1525,64.622749,1
147,1421,38.693043,0
2846,2385,4.062211,0
1116,2053,32.180679,1
1835,352,76.332108,2
533,2130,45.162411,1
1216,63,49.010128,0
714,1720,48.184124,1
144,2565,76.488106,0
2558,1128,20.824766,1
224,1745,61.122219,0
2302,1869,3.189648,2
2473,2625,16.973907,2
2931,1824,62.059925,0
988,554,77.471809,1
1511,659,3.550308,0
384,346,58.575680,0
1273,2443,82.761940,1
2543,1972,67.394806,2
1507,2057,65.432564,0
2352,1522,19.667286,0
2137,84,12.996367,0
380,339,38.245270,1
2502,2625,44.338444,2
905,2684,95.201279,0
663,1124,65.606659,2
1723,259,94.506485,1
425,659,22.980383,2
2306,1796,41.240246,0
1099,1875,4.408587,0
545,827,50.932156,1
58,2307,52.204365,1
799,1257,18.816599,2
955,1214,75.919983,1
339,321,24.634254,1
375,1777,39.321205,0
1564,2980,58.705639,1
2688,1600,29.599245,1
2639,2556,90.513512,0
2606,293,5.931350,0
617,1086,54.273560,2
1498,1812,76.033676,1
1663,679,45.605965,0
2545,956,94.032402,1
850,714,33.441452,1
2047,2890,6.861704,0
487,26,41.956837,0
1116,2830,58.046650,0
1032,371,37.947369,1
1398,1360,75.827866,1
1083,1641,79.547516,0
1250,492,52.856075,0
616,2694,31.531843,0
382,402,46.771564,0
2286,412,76.688461,0
1987,934,86.711563,1
1668,1021,3.572621,1
780,1192,51.960030,2
2291,1605,61.235443,1
607,164,0.357739,0
616,1352,60.833721,1
989,181,32.443100,1
2499,1702,61.143227,1
229,18,68.340248,0
441,2186,89.840332,0
2301,2195,70.477684,0
195,1949,4.719731,2
186,1078,90.232010,1
2650,871,95.102913,0
2011,2328,27.959003,2
1828,476,86.759201,0
2486,2083,3.392660,2
1815,250,31.704447,2
869,1797,78.754150,0
530,1495,1.242760,2
2929,2576,95.608994,1
1426,2052,94.492317,2
1498,934,35.444675,0
740,2824,12.702831,1
2850,2771,71.245682,2
94,2702,81.312820,2
1487,1306,74.138695,1
1338,2238,77.843666,0
2411,2574,74.161224,2
1305,692,43.839405,1
1453,2494,61.913475,2
1983,2159,97.516312,1
1120,901,73.637650,1
1166,2698,80.630585,0
615,23,52.357258,1
146,2346,10.813293,2
1344,1791,75.166870,2
1136,860,78.359283,0
999,1865,61.948769,0
687,1607,67.920685,1
712,558,72.281013,1
2247,544,20.609287,1
2548,1373,59.970177,2
551,2598,75.369186,1
1958,1521,58.187870,2
1515,461,25.564480,1
2168,1597,5.980441,2
1582,1423,27.721863,1
1749,662,48.689674,0
1805,2035,18.695038,1
2954,748,90.981056,1
1407,1804,60.841675,2
204,421,73.720612,0
1713,1840,58.646183,0
2665,2480,20.177979,0
744,342,6.443286,0
1765,2051,80.000435,0
1955,1992,70.830460,0
2031,34,19.484024,0
870,2393,30.401888,0
495,28,4.499137,2
480,2994,21.762535,2
2552,2700,76.024246,1
1010,152,42.469688,1
722,2686,74.434830,2
1332,1882,12.073156,1
2140,2886,64.970871,0
2017,1114,56.375168,1
2820,1476,85.132874,1
2029,1216,44.165154,0
45,2229,84.350281,0
2680,2227,51.060757,2
153,2782,58.751823,0
2933,453,78.526199,1
2918,2848,2.432806,2
953,1935,83.413589,0
1994,1122,82.404671,0
1670,1390,71.380707,0
576,1922,40.900200,1
1748,2544,27.490238,0
1485,1968,55.575199,0
1037,1165,30.072468,1
2350,1795,7.236836,1
566,1391,27.915524,0
1448,1860,40.202560,0
1291,1989,76.900642,1
404,2546,12.230562,1
1595,1730,70.486397,1
1866,1912,33.248848,0
2356,1950,86.808578,0
1449,875,31.435923,1
507,2158,3.597370,2
171,1254,33.418171,0
1711,1072,98.161079,0
2300,2888,3.605447,2
1399,2769,17.993130,1
1477,484,34.803940,0
679,1559,74.893791,0
1679,2415,4.372207,0
519,2970,2.032959,0
1179,793,33.997955,1
1273,52,75.438705,2
578,450,78.254425,0
1790,1086,13.921471,1
2658,1791,74.166100,0
1889,2925,24.366850,0
1647,2404,82.759521,0
2514,2666,33.893761,0
1735,1113,47.410339,1
2393,1455,38.771221,0
392,68,40.528950,0
837,2236,75.995880,1
2709,548,14.776038,1
2164,1171,35.350552,0
2940,42,98.698784,1
1268,843,23.202803,0
2599,2689,59.652992,2
728,2105,27.843138,2
986,551,95.248436,1
2409,1557,54.310558,2
1884,906,44.247742,2
793,410,16.376781,1
2220,1834,39.148815,0
431,1644,28.584604,1
2850,509,40.407005,0
2556,1623,68.962090,0
2669,810,25.021935,0
2889,1559,99.668518,0
2426,1403,54.716274,1
1174,163,67.232521,0
530,361,88.104805,1
2823,31,33.247299,1
2876,738,67.218834,2
2942,222,34.380844,0
2766,1438,72.561020,1
1680,1738,69.839867,1
917,2001,63.987251,2
710,1726,68.994881,2
1665,556,8.882748,1
1525,237,27.019415,2
740,497,70.625427,2
1173,467,35.726906,0
1944,627,94.261497,0
2145,960,82.651497,1
480,1719,56.681900,0
62,541,46.699757,1
1473,46,70.571098,1
1875,832,63.870140,1
913,873,16.958351,1
1301,1627,56.492828,1
2523,1356,21.221186,1
2694,2324,58.689793,0
1709,2948,41.324047,0
2325,1183,92.156647,0
940,2563,42.445091,0
1595,2788,81.099815,1
1358,2540,22.811073,1
730,1127,59.234306,2
2779,7,92.841431,1
1188,73,92.755913,1
1544,329,95.012451,1
925,1099,2.159882,2
2672,1311,22.949514,0
1928,1531,18.225945,1
1616,807,99.974983,0
619,824,84.181580,1
559,1456,34.216530,1
2581,186,90.463150,1
1059,1342,46.314037,1
2121,2427,81.857590,0
1168,2913,26.938704,1
55,1062,14.251128,1
201,1205,18.358704,0
1892,1346,47.159573,0
1954,1150,52.409729,1
885,70,84.567345,1
2068,953,78.003387,2
1390,984,13.925227,2
81,1486,60.786316,0
2562,2851,55.453098,0
2705,150,53.744812,1
2509,953,42.893860,1
896,1866,31.700953,1
31,316,29.739382,2
1356,2919,11.254689,1
1341,2209,93.826660,0
2710,757,1.833005,0
313,216,56.641953,1
2689,2175,60.277897,1
84,1355,32.092384,0
2605,835,75.742905,1
1676,2126,44.985977,0
558,1787,71.081123,0
2069,923,2.424212,1
1783,2653,69.650887,1
2188,891,78.556190,1
732,11,38.339691,1
2772,2093,52.806210,1
639,2851,11.541201,0
2227,2411,58.424824,1
957,504,73.336250,2
479,2278,63.130367,2
1253,2255,52.490868,2
1356,226,10.367450,0
1722,1915,60.620598,1
1166,2193,87.828552,2
2740,1301,69.996086,2
2123,2968,1.014354,0
1300,2087,60.850704,1
2675,1698,87.521683,0
2463,1528,51.703739,1
1902,12,72.714699,0
2496,372,53.375732,0
782,1979,71.044914,1
1906,2431,44.558891,1
1829,1673,76.511101,0
680,2153,74.475502,1
1970,454,25.703180,0
2630,2082,74.255119,2
2127,1228,99.994576,0
1554,829,53.764194,2
128,1344,60.927471,1
1758,744,45.225239,0
2626,2327,93.792206,2
1228,2441,20.007233,0
104,1613,81.896515,0
228,1369,65.870163,2
2227,347,14.561362,0
2868,136,8.194693,2
2137,856,48.926998,2
1026,567,84.772476,0
1134,2016,10.864745,0
523,1870,76.982704,0
511,2089,98.941238,2
2698,236,66.703270,0
656,493,71.200287,0
1877,2336,80.827904,0
124,1273,40.574692,2
757,1132,69.370613,1
541,838,34.877686,0
20,1659,74.028717,0
1689,844,15.787093,0
1519,240,80.390503,0
579,1717,22.656414,2
2249,311,81.678482,1
387,2014,77.512901,1
1975,2312,34.811810,0
587,573,16.051428,2
965,2293,48.395405,0
615,2688,38.619652,0
2032,151,95.293404,0
1340,2575,13.583460,2
2514,1584,48.038204,0
992,951,17.639128,1
1133,1366,52.811989,0
1180,2369,34.363949,2
863,26,73.722511,0
293,552,10.770120,0
2005,2121,43.614967,2
1926,2745,77.767281,2
1698,1043,0.459136,0
2260,2164,97.533974,1
318,2203,64.385078,0
2733,328,78.463089,0
1361,348,21.424744,1
2579,2347,71.472839,0
1930,1243,45.115871,0
2077,2505,94.440720,0
908,2281,93.441666,0
1355,100,47.409695,2
1959,1665,35.518501,1
1455,2789,72.750404,0
2167,113,58.231327,0
2942,2250,63.882282,1
2155,1391,28.131084,0
2361,1138,65.158302,0
512,423,73.622932,2
1245,933,43.248028,1
1743,2871,4.501536,0
1847,886,93.987221,1
1904,2598,6.358524,1
653,1075,73.829399,1
1192,2892,29.546640,0
206,2599,12.799404,0
1692,1430,34.505058,0
2434,228,32.168320,1
2018,2091,9.348843,2
2351,1339,83.567268,0
2990,629,20.845543,0
1620,679,18.455267,0
1288,2111,26.237017,0
2996,735,51.401112,2
2726,26,91.180168,0
2599,1735,69.104912,0
750,1090,72.464546,2
831,571,56.970089,0
408,2508,92.004089,1
2017,2129,65.774719,2
805,2940,44.251358,0
2813,2353,94.257126,0
604,1892,17.647764,2
1509,2360,56.711693,2
472,1161,67.439072,2
394,1030,41.748306,1
2347,2748,79.407646,0
990,119,65.830376,1
1579,953,19.030859,2
2239,241,47.949402,1
906,581,4.666679,2
342,367,61.302345,0
999,949,2.993377,1
882,2694,15.727040,0
2927,367,71.299026,0
647,114,35.689293,2
1474,1338,88.002220,1
2433,2512,41.615753,0
1284,747,38.779339,0
1906,2817,51.676941,0
1017,199,31.354710,0
1106,697,46.075287,0
2870,1219,0.451602,0
1371,61,16.339334,0
607,1551,30.348785,2
2119,1051,85.637924,2
850,2911,94.258736,0
1078,2829,71.901154,0
882,53,47.282146,0
1941,638,64.881897,2
2206,2400,51.377468,1
2469,425,26.604605,1
642,1643,13.114817,2
2401,1790,22.925680,2
1332,194,93.092789,1
2588,1940,89.829826,2
43,1214,74.391685,0
1051,864,47.554955,2
1601,1091,55.077316,1
0,800,57.785656,1
1877,2639,56.167732,0
2821,2196,54.402122,2
1665,1506,84.898140,2
182,2422,97.821724,2
1528,987,17.217867,1
752,2124,89.550079,0
2423,1494,65.842033,0
731,1539,87.009018,2
1528,2066,72.765160,1
516,1328,69.087326,0
2515,895,41.037270,0
2389,1849,34.931629,0
2972,730,48.530708,0
1984,1238,36.091064,2
2037,770,74.472420,0
1895,2313,20.821899,0
2953,95,70.057999,2
2848,2763,29.898378,0
223,2531,46.230606,0
1579,508,26.662500,2
2879,2872,50.903316,0
1045,1238,90.762863,1
707,2530,91.357056,2
1596,2704,63.049057,0
276,1667,26.368134,2
656,350,18.416779,2
2834,2623,86.257935,1
1266,1470,16.455860,1
513,1593,16.033861,0
1755,1940,92.366699,0
54,1625,12.488441,1
2202,121,83.099045,0
515,48,81.160881,0
2574,402,64.715195,0
2681,1821,86.314018,1
198,1988,93.914719,2
332,1925,69.537796,2
2568,2843,24.502739,0
504,285,19.508720,0
888,325,18.184937,2
1489,1056,93.916573,0
455,2089,16.369173,0
872,276,44.512978,0
704,635,26.713615,1
374,1294,96.318649,1
2459,352,59.693909,1
1295,2670,24.569412,0
973,805,75.518326,2
982,571,70.167160,1
1896,682,67.393677,2
1445,609,50.179043,1
2247,1162,22.804890,1
478,2165,97.331581,1
1670,552,6.090302,0
1860,1423,20.795296,0
1551,953,47.070587,1
629,151,67.797073,0
1440,1288,69.427559,0
1767,247,34.305847,1
2014,2324,63.967144,0
2695,61,69.100128,0
2852,1094,42.756702,0
1264,1299,10.834599,0
562,424,51.131069,0
1459,833,67.934258,0
1107,190,75.748672,1
1633,923,21.661491,1
1419,2068,52.249855,2
2037,1831,27.071341,0
269,1097,80.748825,2
772,2580,77.587196,0
2401,1118,19.410978,0
1917,527,29.715488,1
1675,1527,9.629749,2
1871,1869,37.390862,1
440,1349,11.397326,1
1412,274,55.744446,0
153,2728,38.246410,0
1925,1679,38.998806,2
2924,831,80.544373,2
2944,2545,55.656750,0
2806,1410,85.995941,0
181,1132,16.144329,1
1531,241,61.858681,2
1458,701,45.279358,0
710,1842,66.930939,0
1777,368,52.289204,1
2615,662,66.508080,0
2885,694,8.768066,0
22,1764,44.972961,0
654,836,59.197937,1
2542,2770,62.592121,0
2745,726,68.060875,0
822,1572,89.759132,1
1758,1975,68.674988,0
2073,2918,38.543098,0
2045,130,55.756710,1
2038,905,67.078873,0
1324,2104,65.483383,0
2339,1125,94.634552,1
828,115,47.355885,1
2696,1406,34.929386,0
337,2089,9.971804,0
661,590,28.327906,1
210,1468,92.929794,1
1383,271,92.575920,1
2180,1547,40.441448,0
469,1159,55.285202,1
1000,71,17.079554,1
2881,1212,55.378338,0
2596,2700,8.590799,0
2500,2224,39.708790,2
1945,643,71.913673,0
319,2710,91.361855,2
2043,1339,47.003399,0
818,138,42.987114,0
2611,2707,7.864518,2
2097,699,20.186541,0
489,2763,74.434006,1
2490,722,7.407898,0
260,925,63.419334,2
82,2155,63.032295,0
1392,2189,56.714649,0
795,944,75.509598,1
2798,505,25.499287,1
1809,2089,33.293800,0
2792,2411,80.607658,1
2908,2140,28.869221,0
245,623,28.341051,1
200,1741,35.337391,1
841,164,45.354359,0
2036,2378,84.495323,0
2084,2725,77.764946,1
1414,862,75.229370,0
1843,1734,86.273895,2
1053,1825,37.749397,1
2076,1895,33.166496,2
656,2091,73.396698,2
491,2905,59.189655,1
337,1720,20.789743,2
2868,613,49.624958,1
1657,1247,57.438202,0
1984,160,1.363562,2
2215,874,96.871315,0
737,143,96.629417,1
2435,1131,50.860634,1
674,2046,48.177143,1
1641,385,92.736954,2
1542,274,12.316408,0
6,2935,84.863129,0
1130,1370,33.561710,1
998,1255,40.349277,0
2733,1956,32.336197,0
38,1132,8.704222,0
2366,1053,76.901535,0
2838,2317,67.719345,2
2906,1593,11.896275,0
2399,1657,8.193864,1
520,325,74.553864,2
2829,175,64.866463,2
1692,349,69.235909,0
2799,754,75.158554,1
651,2313,72.199661,0
710,138,56.433308,1
1447,176,16.259464,0
451,1674,83.906998,0
1505,46,78.103340,0
1974,1227,1.657092,2
586,1412,14.273870,2
1395,243,82.714676,0
2268,407,96.590736,0
40,2797,37.232121,0
1849,983,15.004695,2
805,1360,69.693840,2
828,805,71.505501,1
93,2005,49.156414,0
1118,2093,98.761047,0
2065,1258,27.361540,0
2387,1867,99.272842,0
1488,846,98.444237,0
2449,2095,39.137329,0
2725,906,37.718052,2
204,75,77.400970,0
665,1902,82.759979,1
1789,1154,67.531540,1
366,2131,21.670353,0
2813,2994,77.020508,2
1556,245,35.000763,2
2022,820,46.680813,1
831,1859,41.660931,1
781,838,46.567699,2
1375,355,13.931526,2
920,1917,83.362144,1
2969,1098,22.502377,0
2176,1148,37.063614,2
2117,257,60.578869,1
2193,330,74.186920,0
605,1777,31.173460,0
2529,152,48.622597,0
1979,1843,64.826660,0
1652,596,5.116653,1
2932,1817,41.256584,1
2646,1319,79.475288,0
33,2263,93.994125,0
1299,2836,68.812263,0
196,819,71.181503,1
1741,1633,43.590611,2
2323,2465,89.138725,2
1971,214,25.383766,1
8,50,15.360003,1
2540,1813,36.795364,0
1065,2868,22.144300,0
2599,2942,72.208900,0
1387,2943,17.062899,2
1298,1908,20.843315,2
1669,2319,38.818024,1
1968,2116,70.992920,1
2294,447,94.645515,0
2230,2929,95.915733,0
298,1964,40.707024,0
2137,675,38.675056,0
1295,1477,97.938599,0
1670,2422,83.053818,1
1390,1496,46.274834,0
2254,646,65.634865,0
2497,743,11.269918,1
1890,1071,22.447168,2
52,1448,7.252038,2
2288,500,83.242867,0
2470,2303,12.741571,1
2361,1499,43.528286,1
2584,2739,75.864845,0
2565,1955,69.957695,0
2416,1162,85.887146,0
2297,2481,94.106750,2
2121,1160,46.007290,0
2904,1964,52.581585,1
1022,482,51.827221,0
2571,2440,96.648788,1
1629,2240,21.688036,2
2778,1549,34.127468,2
264,1877,80.603615,2
1123,316,75.710457,2
1842,1094,96.758141,0
1040,2701,78.903519,0
2729,2585,14.471365,1
2897,2083,90.142731,2
1052,2442,76.228539,1
2163,2463,38.089310,0
600,705,32.336342,1
779,2124,57.799633,1
1915,469,18.803583,1
855,293,27.821745,2
82,981,19.247828,0
1944,2235,58.726826,0
2590,2668,61.420982,1
601,2950,7.533720,0
1739,1045,62.986916,1
2233,433,72.456055,0
432,2928,1.678125,0
2783,934,33.185352,1
2134,2832,64.899590,2
242,1578,62.963383,1
647,2856,63.912258,1
944,537,31.468931,0
1207,1804,99.127045,1
1805,2216,53.651161,0
2695,2992,91.467216,0
1503,1023,40.307255,0
279,2892,74.685539,1
809,1204,97.778992,2
1093,1205,23.634459,0
191,2269,14.837587,1
207,808,59.692978,2
2411,1817,78.046234,0
2980,2147,66.105461,1
1748,1680,59.251041,0
1605,2009,24.549597,0
2929,1220,78.327896,0
2168,1652,78.015465,1
2402,2197,35.638039,1
2576,1626,58.940575,1
159,2278,45.160946,2
2386,1654,73.583435,1
1461,405,91.035118,1
2781,1647,44.852470,1
1095,123,30.780725,1
985,1476,57.358257,0
478,357,99.962341,1
1626,1857,28.611053,1
2837,476,90.501808,0
2993,29,48.137367,1
2838,2023,95.496460,1
2233,1314,9.641970,0
1584,2349,76.859299,0
608,1153,75.217216,1
1787,60,72.632530,0
64,2066,51.472317,2
1382,2485,27.149790,1
2522,719,67.322777,0
1416,2687,31.870546,1
2117,1643,7.058781,0
2198,2726,29.390886,0
1162,1195,53.965912,0
2538,2445,96.617874,1
1879,1544,22.272022,0
2724,139,3.204703,1
1941,1965,74.456154,0
1942,880,79.964867,2
1199,1677,42.955589,2
93,2984,75.247169,1
2859,813,90.408501,1
2525,475,0.730114,0
1417,419,62.580799,1
294,464,92.394257,1
192,461,62.572960,1
1928,2208,42.667027,1
2295,2699,66.734550,0
1068,759,30.476845,0
1106,241,9.122189,0
1166,1705,27.061216,0
2190,2394,54.385689,1
1237,877,42.283543,1
1490,1451,87.873825,0
2581,2581,23.429018,0
207,2150,93.756454,1
2922,331,15.193031,1
2297,2248,67.918983,1
288,414,11.516175,1
542,1888,59.605862,0
2038,2918,54.358353,0
1375,1595,45.152843,1
2286,2248,0.386729,1
1337,581,92.517784,1
770,639,63.351082,2
152,1995,32.764706,0
46,1795,61.724701,0
786,15,35.628487,0
982,1928,81.003174,0
2968,466,3.336673,0
523,2080,87.967972,1
1324,1180,14.487385,2
2457,610,70.557503,1
2207,2513,17.744459,1
1440,2752,80.478760,0
2797,2762,5.321013,0
443,2903,5.248544,1
1244,205,67.119858,0
2429,1070,78.939774,1
1263,1220,23.481771,0
329,2216,28.604948,2
2256,2206,46.947662,1
2748,2790,72.251404,0
2283,2495,35.109459,1
2766,2391,51.452358,2
450,1072,20.351358,0
388,2903,22.015238,1
1729,2326,52.497452,0
149,1141,63.487576,1
2286,1304,72.297646,0
2502,945,11.480542,1
1951,689,95.081123,0
854,749,88.761276,0
1997,1227,97.951645,1
142,1171,20.913004,0
2658,2908,39.999344,0
2456,1175,88.764694,2
2618,1090,85.509491,2
719,2244,76.222458,0
1439,2760,16.770300,0
1624,192,94.101059,0
2775,2657,56.250172,1
1390,2921,26.469328,1
746,1289,96.805252,0
11,95,3.910512,2
1312,2276,58.797699,2
1919,2960,87.196396,1
681,307,65.737793,1
835,2604,12.453925,0
2168,2386,13.893556,0
2112,1413,77.942795,1
106,124,57.354076,1
1588,2309,30.148365,1
614,1103,79.309105,0
164,2744,87.344421,0
1811,2021,74.977585,0
2144,1657,45.308704,2
225,2581,77.717957,0
1130,2369,98.493294,0
462,101,20.330763,2
2288,1757,40.610012,0
1791,495,17.370714,0
2489,535,96.349281,0
2299,2205,86.712646,0
373,189,80.840034,0
124,2710,80.288734,0
1155,1678,90.897873,0
1619,524,59.084919,0
1510,1950,61.096287,1
53,1732,6.029284,2
1389,433,59.463890,0
1319,2701,36.250214,0
2861,165,62.506618,0
2937,1781,64.274788,1
782,1417,34.775642,2
2972,565,22.553452,1
2757,309,68.409698,2
1928,2052,62.348602,1
242,1132,6.184348,2
2932,466,87.408195,0
2815,422,23.566879,1
2945,2762,16.114353,0
1357,2418,89.442139,1
2957,1047,36.747501,2
2755,1702,48.949791,1
2172,2898,13.386844,2
1185,2316,72.292717,0
2030,2541,16.849737,0
383,29,7.132436,2
773,2990,50.552338,0
2816,2792,19.287470,0
2089,2929,99.292641,0
2169,1330,69.011673,0
2720,327,35.187553,1
551,831,16.673113,2
254,1520,47.441040,1
1150,2462,94.764534,0
2295,2515,72.788284,2
511,1023,97.136490,0
1430,1248,0.188153,2
2917,940,76.787682,0
2389,2513,19.790541,1
2031,2268,5.235305,0
2173,289,13.000532,1
390,698,75.291588,0
2661,2878,71.439186,0
1393,317,27.341707,1
1190,177,34.724640,1
15,2913,14.956924,1
353,317,80.613380,1
1774,92,96.239014,2
186,783,30.935602,0
2950,302,97.952950,0
2361,766,85.268806,2
2154,594,84.111717,2
1803,1625,98.921356,1
1283,281,89.982201,0
914,1454,97.459038,2
2622,670,46.239594,1
39,1983,14.657573,2
1907,868,84.664291,0
2582,1480,99.798820,2
2045,2251,43.327713,0
1072,1006,59.521564,0
1356,2280,94.229393,0
1764,1590,50.715530,0
1733,1516,33.241543,0
2101,975,54.633305,1
2470,2356,87.806923,0
2520,1866,53.326042,1
2836,2825,67.320618,2
1529,2020,41.496750,0
1082,2000,73.291695,1
2340,2515,89.248970,0
2338,1749,74.209839,0
1488,2335,96.704735,1
70,1351,86.972893,0
174,1268,46.128540,0
2591,2641,16.861620,1
1966,2092,21.838137,2
11,2068,25.708117,1
2775,1166,38.461708,0
45,2479,80.788902,1
1788,2746,81.608826,2
2248,1285,11.033772,0
2453,2659,50.393547,1
31,2752,99.393982,0
2677,2874,90.337173,0
497,1556,62.801098,1
1176,1824,89.342392,0
2788,712,99.752808,0
239,713,24.507483,0
1645,1521,35.047123,2
1041,2257,1.746830,0
1657,124,34.804932,2
1767,30,31.417158,2
39,2623,5.952449,1
580,1410,46.381859,0
872,1683,60.347618,0
834,2012,48.647114,1
1656,326,80.453926,0
932,1261,80.493996,0
278,2682,68.226341,0
2451,2825,30.953112,2
2048,2597,18.371758,0
2117,1750,89.822258,0
774,2379,75.831528,0
1142,1000,97.842941,0
857,2880,51.180820,2
26,2709,98.791748,0
447,2285,52.705242,2
1224,2507,79.852379,0
576,465,7.588295,2
2526,2186,80.165123,0
2377,1737,55.497757,0
1286,948,9.186208,1
63,2112,50.101212,1
2427,514,33.244492,1
1403,1105,59.429092,0
1035,901,70.942543,1
2423,200,45.250072,2
13,2242,17.574135,0
2746,33,77.757195,1
2705,1668,57.178951,1
1112,2427,32.815136,0
1515,2095,98.753548,0
2769,724,14.893883,0
1386,1732,22.041990,0
2641,386,8.728759,1
1231,913,10.965142,0
108,1459,44.014145,0
2763,422,3.754942,1
1410,2643,70.319275,1
2075,358,28.254799,0
2978,1530,49.874306,2
937,1856,30.937027,0
2800,533,50.945412,1
406,2618,17.362389,1
1733,1803,19.340742,1
262,2402,17.882481,1
1098,1080,18.382700,0
1619,1736,97.507301,0
1670,2195,55.351509,1
2456,1550,92.078476,0
114,432,4.419859,0
1889,2419,46.945839,1
965,1496,53.623749,0
1390,1308,65.080452,0
2545,2177,66.734276,0
2980,2245,76.943474,1
277,448,93.924294,1
741,2981,22.624256,2
1912,288,5.360692,0
2916,875,57.383015,1
1363,2079,6.043680,0
805,2680,14.253746,1
2332,2524,48.758266,1
2737,610,66.358765,1
1327,2591,25.748907,2
1729,2773,72.981888,2
259,755,4.081168,0
420,738,85.220642,0
2724,856,7.685558,1
2048,483,12.849578,1
1668,1242,72.810204,0
2779,886,83.968353,2
823,2291,96.658928,1
1185,1268,20.636055,0
2869,2959,9.586196,0
1824,187,9.625471,0
749,2995,14.445723,0
1121,1251,69.154823,0
1357,2229,96.041214,1
586,2903,23.792589,1
1817,1763,19.606062,1
2705,1269,93.328300,0
1229,1953,48.272507,0
427,1210,46.802376,0
1372,1790,74.647148,2
786,900,78.516701,1
1846,2081,52.654831,0
2969,2640,51.572586,1
408,2609,85.340210,0
2086,2733,91.046425,0
1188,1221,47.246830,0
878,1933,37.708794,0
1024,2392,38.062874,2
5,576,50.302372,1
2712,10,90.171478,1
1541,2510,77.565987,0
379,1983,64.598854,1
2058,80,88.706116,2
2039,1898,24.949572,1
1994,1780,76.522118,2
1620,139,23.584896,1
221,2030,34.107986,0
726,2691,28.420090,0
2475,1356,3.456030,1
2964,2923,84.646881,1
1632,1742,57.563374,1
1844,1087,43.657784,0
2327,92,12.160323,1
2190,1903,37.189808,0
2301,1039,90.011665,0
571,2553,17.139084,1
1592,1968,67.187279,2
1195,926,92.270981,1
777,2556,40.404152,0
1316,1050,69.311485,0
1823,2787,38.940178,0
1706,1787,53.887272,1
429,1559,97.152695,1
1406,978,17.141247,0
1836,329,96.740234,2
635,2302,9.933043,2
2223,671,76.486908,0
154,1257,29.069160,0
1677,2318,34.200832,1
376,454,99.423691,2
1921,2359,16.102991,0
1919,2580,19.840979,0
811,2964,31.109625,1
1577,2063,71.215477,0
1617,2070,38.664005,1
892,2156,15.637417,2
232,1452,48.676678,0
138,2995,51.722458,1
447,1243,48.119019,0
2183,733,77.665588,0
2350,213,37.604202,1
1667,1453,32.984032,1
2953,2832,89.641167,1
2117,2211,56.904518,2
1638,2306,9.459045,0
2417,498,41.192806,2
811,2726,74.970367,0
1316,616,70.662910,0
912,2093,23.309803,0
1755,1118,96.954887,2
1739,1374,56.461651,0
2164,1921,54.147434,1
243,2043,31.398497,2
1307,908,60.577011,0
2091,1087,52.517418,0
1093,1960,16.063379,0
2203,199,6.094409,0
1607,1389,86.029869,1
1082,2980,60.995445,1
1442,2909,86.937584,0
2763,1503,67.640221,1
95,2931,50.785954,0
2506,198,83.554878,0
1307,2167,73.396568,0
1654,2930,37.301777,1
2469,291,27.513062,1
1067,2909,43.006382,2
336,233,27.113766,1
1028,298,39.627861,1
1365,2506,95.668678,0
1017,779,98.447594,1
57,2729,36.577602,0
2671,2938,48.707714,0
1803,1406,65.442383,1
56,1143,95.686279,2
142,575,98.167366,0
127,2807,79.985855,0
177,2336,15.086691,0
235,2445,71.307121,0
2365,1732,62.325607,2
1234,856,85.389809,2
1161,682,32.975010,2
1135,784,60.261169,1
2269,127,68.493385,1
1019,68,55.932606,1
2807,1682,52.195461,1
348,2340,57.233212,1
2272,185,76.117676,1
1444,1789,52.257290,1
216,2325,24.049530,0
682,1607,64.229416,2
810,2344,52.718639,0
2022,2544,83.137527,0
169,1353,65.331352,0
1576,2758,84.554367,0
1882,660,70.511253,1
489,59,98.128716,0
2861,292,26.789772,1
1422,2693,85.814583,2
2975,2112,23.709873,1
2556,2547,28.935837,2
2009,81,47.513050,0
757,1743,80.529480,0
991,791,53.522003,2
133,2600,74.343796,2
67,2480,13.122478,2
500,1585,77.477951,1
1148,1636,32.910374,0
917,1443,49.090405,1
2591,2697,40.521656,1
1847,787,88.878693,1
988,1953,89.594940,0
2642,2849,1.253235,2
21,332,74.755852,0
1023,2750,63.112900,1
1438,1266,98.082138,1
62,470,19.891016,0
1039,2409,27.352770,2
2230,1281,12.602890,0
1055,253,88.129440,0
2335,2545,62.463787,0
7,1084,39.484650,0
1550,250,59.463787,2
315,62,13.675017,0
2409,2144,80.457146,1
2459,298,48.564358,0
1330,2203,73.342209,1
1543,205,87.770111,0
2071,2466,66.483727,1
231,105,66.587196,1
1586,1378,49.560268,0
836,2417,50.373581,1
832,2250,96.604225,1
2765,2313,11.167368,0
246,1550,64.591629,2
2106,903,15.270604,1
2110,664,39.379684,0
2058,1804,54.263035,1
1490,1305,65.799515,1
436,776,42.913631,0
1124,1332,75.073875,1
376,2509,91.204384,1
2597,1146,53.660500,1
2250,2393,8.591459,1
733,2669,59.223389,0
2468,2898,29.590771,2
1556,539,86.676888,1
2638,2228,12.398299,0
665,1369,76.295296,0
186,1141,60.803108,1
965,565,51.851780,0
1174,2331,66.385017,0
2124,2786,60.498798,2
2635,2231,58.851032,0
1964,2680,74.425873,1
2123,1670,73.476852,1
2340,767,32.403980,0
183,1694,27.573328,1
1534,603,59.398209,1
2801,2355,86.017853,0
1550,878,43.996574,2
2311,2544,43.495037,0
593,396,37.315037,0
822,411,71.959061,0
2058,1809,20.618580,0
869,2855,17.301998,0
1081,1050,68.303925,1
2981,1241,15.101868,1
221,590,92.704643,1
2013,1386,28.502420,2
230,1624,76.377327,2
1474,536,80.726852,0
1200,559,67.056366,0
587,1371,44.722584,0
1234,2915,66.775528,2
537,2189,28.172285,0
643,236,76.265602,2
2996,1765,84.842339,0
867,966,69.252029,2
487,787,0.390117,2
2930,1681,19.338028,1
265,2551,9.106735,1
102,1201,32.998154,1
1608,1718,46.554226,2
2702,1578,91.389755,1
5,2158,45.334248,2
1903,209,86.802681,2
2427,1671,73.136772,1
1126,49,95.802879,0
2725,189,22.583021,0
2908,2360,23.666779,1
2581,2774,60.389824,0
495,2672,14.920260,2
983,2705,11.176206,0
1492,455,25.040386,2
1642,2206,50.263439,1
2043,112,18.452114,2
501,1997,79.811623,1
23,1917,77.422829,2
2119,303,54.727169,2
832,231,43.293125,0
374,2863,21.525217,1
2576,481,26.913189,0
2276,1580,94.078423,1
2691,1905,61.875221,0
2831,1690,28.755384,0
1266,2250,65.598183,1
1545,1304,31.329788,0
2852,1261,69.931236,0
1179,1085,98.774368,2
2571,2961,54.826633,1
199,1699,9.997149,2
335,1540,46.758877,0
1020,477,86.698425,1
526,984,55.874332,2
300,2522,75.421448,0
2258,1671,38.120586,1
474,1231,33.470829,1
2228,2987,68.555229,0
2972,1597,11.347717,1
824,1782,33.932690,1
1385,1117,41.801548,0
1319,1865,39.464867,1
1771,1176,58.480392,0
491,710,59.912308,0
185,2226,9.484943,1
2938,1292,72.727180,0
1605,2863,40.763630,1
2534,585,16.457146,2
1472,1222,36.677944,0
203,682,63.649555,2
538,671,68.962456,0
1358,2221,45.202034,0
2241,661,24.194780,0
108,1955,0.100149,0
2237,1891,7.951008,0
2599,835,10.118527,1
2896,1430,45.525642,0
2279,1574,24.818007,0
978,2839,30.310125,1
2712,14,69.282532,0
2892,1473,90.824516,1
2148,1621,44.333660,0
2556,213,10.373738,1
635,1132,43.337002,0
941,2228,42.396820,1
2358,770,48.184200,0
2913,731,26.195353,1
370,402,6.428853,2
1450,2027,50.294472,0
1087,1118,44.252934,0
792,1438,92.786026,0
1442,1412,97.958321,0
1705,2003,39.989021,0
1100,2908,3.620377,0
38,959,11.186846,2
2872,2876,82.704277,2
381,182,85.684753,2
1005,1681,21.123690,0
1756,2187,34.943588,0
1495,1484,19.010525,1
2594,2641,58.108429,1
1311,196,75.588959,0
1047,1052,20.762434,0
780,1189,60.957649,0
497,632,5.601288,2
2759,2524,33.160397,1
1987,2513,19.982079,1
907,2327,98.938477,1
1170,444,69.536316,0
0,2390,37.239353,0
484,2745,18.545189,1
1944,1879,56.415150,1
1387,803,59.491631,0
1153,2643,19.191330,1
2593,2342,30.548819,1
1203,1781,92.999847,1
2042,1777,83.932045,2
2071,1168,39.910233,2
2879,107,35.211205,0
1452,845,15.171135,0
186,1463,75.866394,0
2653,2768,92.710037,0
595,1410,93.177330,1
1147,899,88.256195,2
1642,2973,74.717339,1
2852,1414,85.811775,0
542,2628,89.609344,1
1775,148,48.759468,0
246,968,53.074257,0
2558,78,67.966270,1
1007,1106,98.707344,1
1860,806,15.326303,1
2266,2100,83.773033,0
295,131,82.347511,1
2446,1698,50.374779,0
973,1331,82.046448,2
1738,21,95.720589,2
536,1464,10.103797,0
2158,2164,75.031433,2
1193,602,98.425644,0
2789,2136,21.736586,0
560,2404,28.162556,0
269,315,69.821266,0
1050,235,13.228174,1
441,1605,3.764663,1
1520,495,13.013016,1
2742,585,78.336044,2
2793,1877,41.535305,0
2642,2412,63.277931,0
772,954,37.708210,0
796,1324,3.348526,0
1157,826,51.179623,1
198,2537,31.003103,0
1394,1994,51.806000,0
2420,1243,23.525337,0
2743,1008,18.334684,1
773,2355,1.927791,0
1086,460,68.794945,0
2931,393,22.799492,0
2394,1531,76.851486,1
697,575,83.530937,2
2281,2049,72.512886,2
2843,322,30.627913,1
388,928,88.192314,1
735,129,57.108109,1
2914,506,11.422141,1
1314,253,37.232136,0
291,2916,71.035027,1
139,2337,60.871906,0
2380,545,94.656799,0
684,651,13.312765,2
786,871,81.444870,0
1880,2526,93.350647,1
132,2402,72.679764,1
865,1588,66.715370,1
2979,839,53.864128,0
785,1581,32.926403,1
2369,2313,34.594933,0
842,2752,94.953476,1
188,713,19.678606,0
1503,315,67.882118,0
1687,1497,5.790196,1
92,1618,52.793148,1
832,2632,10.947649,0
576,1474,26.712526,2
1254,2199,53.970127,0
2451,1186,27.931290,1
1941,114,57.193855,1
1075,2490,92.901031,1
1901,1192,11.921721,2
1407,1157,38.673904,2
775,1987,75.655022,1
2164,1443,73.267838,1
1361,981,10.024359,0
17,2116,60.672718,1
2003,1172,7.608462,1
2347,2012,12.926077,1
1903,1171,20.844088,0
117,831,15.955017,1
1610,2181,40.671982,1
2706,416,40.900764,0
876,2893,28.953255,0
832,917,83.214401,1
2228,308,5.596331,0
1309,2536,60.581814,0
2212,2962,94.305115,1
1910,2705,83.040565,0
33,1923,7.733054,1
436,915,80.496063,2
981,2511,6.650812,1
33,181,25.265810,0
2691,1668,40.646675,1
2109,2300,95.534943,0
980,1186,21.048872,1
1316,2443,3.580604,1
2677,439,99.100159,1
172,411,78.229149,0
1099,2537,86.248299,0
2983,925,83.040970,2
2329,2942,41.020493,0
2772,328,94.851204,0
540,1936,12.585445,2
1247,2793,0.019123,0
852,1546,64.261513,2
986,2586,90.911224,1
742,2894,79.573616,0
2258,212,74.759758,0
2518,953,20.537342,2
579,2234,28.950993,0
254,2962,52.219265,1
555,224,6.348110,0
1132,2701,25.540400,1
2196,1853,19.847748,0
1921,2323,73.548538,0
2351,916,42.602345,0
2082,424,42.037991,0
227,999,71.228447,2
1211,1327,29.901398,1
1957,1107,92.643440,0
108,1652,67.401558,2
2392,955,16.288425,0
2567,2282,37.124599,1
2803,2501,88.170502,1
2578,1051,94.491882,1
2982,1689,91.608780,0
2580,1536,55.854454,2
630,414,60.118179,0
1450,150,19.463186,0
1493,920,88.823952,2
197,946,46.422096,2
378,1265,91.337807,0
1092,410,26.193642,2
6,576,12.795779,1
1084,116,5.437376,0
1237,1012,2.632292,0
1599,383,83.498444,0
542,2867,37.134544,0
913,56,10.608142,1
1498,1269,64.444580,0
2648,1536,59.820190,0
1331,1376,41.188526,2
2329,2393,46.694027,0
507,763,59.575237,1
1529,649,75.507454,0
643,1974,88.908279,0
2409,2758,15.715796,2
454,2794,75.490494,0
1229,1639,51.067432,0
2178,676,3.264682,0
1779,108,51.735664,0
571,679,11.150199,0
2405,2517,30.953693,2
2805,2536,60.206490,0
1968,2218,82.616707,1
1668,663,42.801300,0
995,2704,46.842926,0
2572,2662,86.139450,0
107,1332,79.795036,0
50,1852,4.131647,1
2407,1781,86.303665,1
674,282,37.519821,2
2708,1507,64.822823,2
198,14,48.035347,0
663,1103,2.229864,0
1366,1739,9.410014,1
2817,2633,62.274509,2
1624,94,72.095398,2
129,594,56.200443,2
1408,2346,53.022339,2
1405,473,74.025421,0
1409,1731,0.275058,0
2589,2968,92.779999,0
973,2362,13.665551,2
736,1018,81.576759,0
1673,874,25.995123,0
1031,2077,17.259449,1
836,307,96.991417,1
2714,1598,73.545547,1
1319,254,67.924500,0
1868,613,18.056107,1
2897,814,26.693329,1
356,1552,15.318524,2
2302,1390,62.807076,2
1597,419,97.354446,1
2447,1052,69.582214,0
361,1603,31.237885,2
1090,497,42.065784,1
2065,997,98.831284,0
975,325,33.524670,2
193,1265,44.867130,0
1085,938,46.965214,2
1886,1003,91.844635,1
236,1921,62.375839,2
1709,2636,73.423172,2
2084,2251,41.560371,0
1551,1619,16.980717,1
145,296,27.726658,1
1570,105,2.060378,2
240,1013,99.991661,0
1541,2688,81.931717,0
292,497,39.946003,2
458,2326,66.096695,2
174,1904,88.828888,0
624,2138,71.269455,2
819,2115,24.641708,0
958,1907,67.404305,1
419,2271,92.050316,0
1368,2037,23.478281,0
1643,2640,24.684052,1
1430,2915,59.181061,1
2807,2394,69.414619,2
1993,1863,29.555819,2
1075,2083,42.419483,2
1870,701,44.316734,0
226,2559,20.229319,1
534,246,43.329269,0
448,1329,15.667519,0
1097,2782,37.710514,2
2501,748,11.446749,1
2094,2643,61.577038,1
2595,118,94.674454,0
2505,1418,43.566181,0
1475,956,77.476929,2
2749,2605,11.894444,0
1175,380,22.527378,1
1882,2560,86.878296,0
1744,2000,50.740505,2
668,2645,33.946602,2
1026,925,56.916996,0
1009,1700,69.774658,1
1284,2544,50.715000,0
2072,805,16.621918,1
1843,1311,26.918846,1
2686,1861,76.183403,0
2262,2736,59.499432,0
387,2323,73.572449,1
1313,755,87.994629,0
747,2691,14.737892,0
2033,1594,22.536718,1
425,2674,43.264194,1
1901,2529,28.712206,1
1153,2463,71.833984,0
508,1545,75.593620,2
485,2505,82.674866,1
928,464,4.443902,1
1197,8,40.066708,1
813,1849,38.065731,0
183,181,64.172852,0
1152,1101,93.001984,0
1421,1981,27.904106,0
445,2040,3.188832,1
1153,2417,35.775219,1
408,560,22.874413,1
1053,1584,25.962521,0
2828,151,15.474555,0
1268,2967,65.762695,0
2930,1941,17.236883,1
2870,2502,64.984528,0
288,482,64.172356,0
1488,2179,88.110107,0
1827,2315,5.811407,1
716,2454,76.680458,2
2375,2275,45.283829,1
2658,2649,35.682659,1
2429,128,85.727219,0
1241,1239,62.367901,0
724,1537,16.891682,2
2917,537,56.510155,1
2010,2617,33.499859,2
2696,2683,89.344147,2
2817,644,25.255919,2
665,1437,86.532936,1
87,415,93.803986,0
746,2688,11.625949,1
2321,700,39.167114,0
939,2715,70.661736,0
1338,2975,46.042042,2
1586,242,58.635448,0
29,1326,98.200958,1
2279,1919,48.920246,0
947,1133,56.711380,0
1765,52,93.299088,1
1895,2123,73.179878,0
839,1754,83.082664,0
1579,1478,24.259125,0
127,2287,61.829971,1
1289,2726,96.400429,0
1510,2500,22.967644,0
1,1993,38.258270,2
2192,2966,99.601974,1
2051,950,63.253613,0
2118,716,38.582050,2
620,2052,60.930473,2
1129,436,97.215607,0
1550,310,54.900444,1
1967,659,76.513008,0
1269,773,72.675064,0
1899,2768,65.396767,0
2867,2443,34.342747,1
1162,1341,2.162240,1
2035,1287,96.841118,1
622,2796,32.443863,1
1671,716,60.033386,0
2515,995,55.988594,0
2783,2321,3.340160,0
1441,433,20.491463,1
2462,2371,10.434291,1
2215,2259,12.723185,1
248,1709,78.665619,0
1021,132,76.564194,0
1182,1723,0.903346,0
1349,2464,9.184782,1
219,2406,51.808865,0
984,1651,36.711361,1
1848,2188,28.667295,0
2347,2186,27.114517,0
2004,1575,61.605576,0
2533,467,83.540344,1
2402,650,15.261807,1
1086,279,52.068497,1
2402,957,75.712547,1
1311,701,4.613075,0
952,1802,23.344828,1
206,2676,49.101200,0
1573,2260,35.861092,0
2205,464,14.003510,2
71,1945,8.461534,0
2815,1961,44.967926,0
1800,1188,9.640697,0
1618,2985,56.023750,0
1801,1163,53.813072,1
900,757,93.243614,0
1873,701,14.570272,1
565,2034,95.142090,0
1856,2536,70.356407,0
1255,2504,30.128235,1
800,882,98.400330,1
768,1456,60.552975,2
1606,1630,65.088783,0
151,120,50.768505,2
1645,1576,69.200424,1
138,1379,3.835682,0
621,2010,3.617807,1
1088,2647,47.509228,0
1592,2164,95.424034,1
564,1847,41.853168,1
2488,2662,29.556105,1
2833,2718,6.506354,2
561,2938,62.817707,0
1582,329,71.415695,1
2049,867,99.889236,1
1796,199,15.303122,0
357,709,75.611778,2
1164,1621,34.906097,1
1700,612,35.484138,1
1580,1653,70.226204,1
2948,12,10.052059,0
1761,235,78.782707,0
1754,1250,67.546028,2
2637,2109,19.519705,0
1980,2478,85.379730,0
1298,1701,90.868591,1
2337,1388,48.590549,0
1783,1732,52.957352,2
2415,223,57.299740,0
85,1225,56.458836,0
1761,1807,25.550274,2
823,98,10.741748,0
680,1751,74.775887,0
1211,2622,39.252136,1
585,803,78.656120,0
673,657,47.217716,1
1590,2115,78.705780,0
480,1021,48.961887,1
2878,265,41.334282,1
290,2003,12.601315,0
250,1660,55.830330,2
1820,1910,59.544628,2
2570,1132,75.207756,0
208,2689,80.157280,0
2763,2886,40.205112,0
1315,2848,38.332752,2
1602,2058,36.309509,0
2849,1083,65.993584,2
1470,2535,33.858017,2
1121,2195,89.669655,1
686,895,87.471825,1
2547,401,29.145260,1
1381,224,97.737808,2
2239,840,2.247326,2
2566,2295,92.756531,1
1471,1255,32.059792,0
2303,2050,62.285572,0
157,2997,79.194229,0
2587,1612,3.531883,0
2139,2502,68.144554,0
1625,981,40.098915,0
555,1477,75.659744,0
425,823,23.224812,0
2790,86,5.896982,2
1620,2448,17.751207,2
646,588,23.855019,1
2659,460,99.635551,1
75,2281,87.350533,0
751,2627,66.416824,1
1048,2117,45.259945,1
779,374,59.041920,1
435,2876,23.267580,2
1253,1669,1.300875,0
595,283,93.110748,2
2043,94,29.022745,2
1999,1549,72.789627,2
2358,922,94.310394,0
2852,1947,82.946220,1
700,1311,48.408913,0
128,2687,74.624672,1
318,2038,59.909134,0
2987,839,68.731445,0
338,882,26.553349,2
2280,2163,16.891592,2
257,1730,55.722004,1
905,906,13.238723,1
554,1737,95.187698,2
2262,1098,50.252434,0
212,1007,68.345337,0
2913,1655,15.832123,0
202,1611,84.722687,0
2845,1860,17.913853,0
12,2676,84.312813,0
1100,382,3.492526,0
1977,2719,71.722534,1
2906,1834,45.995804,2
2261,2801,18.156096,2
1424,299,11.946967,1
14,1451,15.346336,1
2169,197,80.128189,1
316,664,43.984787,1
1922,2043,2.886460,1
1826,597,71.325310,1
809,2783,30.877188,1
1122,36,7.995207,2
796,2991,39.627880,2
1079,920,82.850807,2
2749,2091,11.536037,0
2743,2500,15.749356,0
1375,65,64.947578,1
459,2159,59.435795,0
1876,1085,37.881073,1
630,1215,12.659187,0
2616,2039,98.772041,0
220,2722,43.100327,0
378,2876,79.413399,2
2065,1219,47.971935,1
2611,1724,53.030018,1
697,1172,93.934799,0
1135,958,66.569138,0
86,1494,75.671242,0
670,1393,80.536201,1
1737,2279,65.271454,0
1767,17,99.211899,2
2554,891,71.108620,1
1601,2507,14.391088,0
561,2168,9.657756,2
2833,2684,76.757980,0
2641,2007,77.129990,1
504,2336,87.436684,0
488,1614,20.926781,1
659,707,42.772823,2
91,2648,94.757561,0
402,204,5.146132,2
802,2409,9.376205,1
1193,2923,33.944202,0
437,358,69.908440,2
2729,2830,72.990570,0
1076,2113,80.794884,2
2968,340,45.753471,0
1440,1864,99.555222,2
820,2760,58.435474,0
1109,2715,31.830534,0
1921,845,20.280037,0
1108,1396,54.124310,0
874,1379,95.120834,0
2150,2048,41.089893,0
62,1413,17.428272,1
31,870,35.385960,1
2711,2932,80.757233,0
417,708,5.381561,0
2340,656,35.371246,2
2753,1159,52.590126,1
1546,281,18.403435,0
1262,1297,33.105614,0
2401,396,87.251350,1
427,397,59.514378,0
651,2484,81.111732,0
521,1589,55.487797,1
608,1795,2.020328,1
939,1096,40.365482,0
1716,2725,98.399544,2
693,2104,15.235446,0
1768,853,53.661663,0
231,76,97.671539,0
1399,638,13.891624,1
2181,1787,71.647797,0
609,1785,76.386803,2
1520,2376,87.063156,1
1485,2685,28.438673,1
1664,1610,75.902084,2
1424,1434,27.022419,0
2737,2849,52.265499,1
1547,2752,77.172813,0
2478,2062,53.506973,1
1995,1826,32.717415,1
972,58,68.583435,0
2837,2497,79.939072,1
2783,1287,28.752684,1
409,2552,88.206833,1
2839,1112,15.002108,1
318,640,44.486275,1
2826,620,56.961136,0
261,2948,77.260574,0
641,2243,39.066891,1
1757,838,12.631296,0
517,1556,60.698818,1
2758,332,96.153397,0
1555,587,15.640995,1
2490,2496,10.198427,1
1641,1127,79.401855,1
1592,1119,34.843887,1
2081,2210,65.753082,1
2000,992,68.111290,0
2292,2163,92.889618,2
2230,406,10.661107,1
170,1806,31.684605,0
1479,1638,45.980083,0
1261,2118,56.354942,1
322,2870,65.484688,1
773,1626,67.162483,0
2594,1650,5.051452,0
767,185,18.880007,1
467,2286,28.760483,2
1652,2367,69.559639,2
2283,2745,53.302898,2
2395,37,94.530495,1
383,2929,25.872469,0
2799,1812,19.912746,0
426,1526,40.417725,0
1439,934,46.823597,1
2962,804,46.073425,0
1815,144,17.885870,1
180,2280,18.824814,1
957,468,12.234601,0
54,586,65.362778,0
1922,1942,6.209944,0
2392,2571,98.646370,0
525,1007,15.851682,0
2,2443,59.929214,0
1887,2028,72.089569,0
1539,1048,83.486145,0
1094,752,91.268074,0
733,2410,52.976673,1
1792,2539,4.143837,0
1494,39,55.351292,2
1058,1765,91.068146,0
1988,1624,67.529427,2
323,2573,11.022259,0
698,1141,73.549187,0
688,990,75.190964,2
569,1712,65.588921,1
1504,1131,26.643879,1
2798,2910,77.712334,2
2952,2177,96.285355,0
2452,2349,63.721237,0
2276,1901,81.589333,1
2329,1258,70.988335,1
2850,2990,65.837433,0
682,245,74.719719,1
2854,2373,26.465584,0
1830,1420,49.191631,0
2626,306,62.584721,1
1468,1884,56.770203,2
1195,1140,85.483856,2
2506,2922,39.352394,0
432,285,89.141472,0
2788,2826,5.884393,0
2575,2902,20.294062,1
2478,33,42.318630,2
2556,1733,59.803574,0
2172,37,17.988176,0
2553,2492,9.415215,0
2840,1493,47.750202,1
584,149,80.529602,0
2421,1547,61.342815,1
1378,2802,36.851017,0
954,1283,69.939827,0
2629,659,8.271282,2
945,1165,15.299013,0
1627,1523,74.524673,2
1793,1486,90.432823,1
2120,1963,88.484352,0
1118,573,83.469467,1
606,1166,81.977249,0
1813,2478,89.735718,1
1603,2388,8.802354,0
2396,1353,77.668388,1
475,747,58.535835,0
85,91,63.778751,0
1691,2121,45.589409,0
393,2675,96.648560,2
596,549,74.377419,0
140,851,17.226444,2
765,2179,92.361641,2
2963,1044,10.417629,2
21,946,95.200241,2
2463,552,37.375217,0
827,426,77.655190,0
1228,2222,26.431501,1
142,550,56.562096,0
2079,2281,57.580692,0
2911,387,88.237404,1
1475,2712,57.399216,2
210,2467,26.275145,1
2364,1821,72.470535,0
1512,2528,92.576859,1
2920,2679,83.989189,0
1268,1104,51.426891,0
1322,489,30.248026,1
1809,415,24.471216,0
1520,1904,93.928741,2
424,2775,93.032318,0
1654,449,17.082903,0
98,2726,98.462761,1
2889,54,64.825195,0
499,2896,90.538658,0
621,1661,33.051601,0
1577,2107,8.328215,1
2505,2530,35.367661,2
682,2365,4.576705,2
1675,145,85.504784,2
926,202,83.328751,0
2293,66,54.447865,0
675,935,31.271296,0
1393,480,13.374359,2
43,1966,55.817150,1
1339,1831,89.981468,2
2214,2069,46.023975,1
2298,2842,82.586014,0
2481,2930,42.015499,1
365,2052,54.903297,1
1391,2059,63.534119,2
2051,2791,55.094887,0
1951,749,64.209564,0
1432,651,1.462850,0
2665,2472,79.562340,0
67,808,54.127262,0
1825,109,74.128418,0
2105,1495,61.170982,1
432,366,89.458031,0
1355,1633,21.771849,1
438,1718,78.582672,0
696,1472,78.108589,0
1258,1974,47.389008,1
149,2462,88.806992,0
729,977,92.951851,1
2855,358,46.272469,1
2317,2572,65.192184,2
2239,425,79.951347,2
719,99,99.938950,1
106,335,14.500768,0
1289,900,48.860744,0
1214,796,90.568520,0
659,1297,1.715230,0
1685,754,15.408986,1
426,2854,5.993051,2
2621,577,98.989166,0
708,1990,36.559723,1
2948,2995,1.134958,0
1398,2136,75.904167,2
2034,372,6.948665,0
1022,64,28.286526,2
1157,1758,68.586563,2
1755,2978,77.594658,0
1402,1575,22.649876,2
1671,187,11.347941,0
1989,1692,40.118027,0
1242,1256,24.815329,0
366,310,42.757450,0
2602,2530,14.897972,1
2151,1031,90.431160,0
268,1208,87.589790,0
985,851,71.829552,1
978,2562,73.431549,1
918,764,6.452458,2
186,348,22.075077,1
2906,2043,10.352100,2
142,1263,59.666149,0
1963,2749,72.188843,2
1947,2683,7.795109,2
2978,713,65.464592,0
2824,2709,11.917996,0
1499,2959,36.958508,0
2795,880,69.925720,0
2998,1564,2.146925,1
354,1516,18.064840,0
1747,918,40.576939,0
2899,714,26.701546,1
2533,207,58.062141,1
909,1426,18.344501,0
2251,792,0.172675,1
2432,724,99.961578,0
1227,2954,32.540066,1
1547,889,43.301659,0
274,2464,58.156776,1
143,1722,86.082664,0
2289,156,23.878716,0
2153,466,84.338753,0
502,347,6.872167,2
2657,1978,0.831087,2
2925,2606,92.064476,0
499,140,38.296726,1
435,2582,33.130878,0
274,2177,95.212463,0
680,852,73.097771,0
360,2472,86.742233,0
1344,2376,87.489059,1
995,1690,2.522785,0
761,1507,32.974049,2
2924,248,74.140533,0
389,2946,33.562813,1
2759,1186,3.689972,0
696,1423,42.306175,1
530,2989,19.901461,1
201,2058,43.648991,0
989,2627,83.765877,1
481,567,96.077126,1
1253,2995,99.604134,1
1395,965,81.222443,0
443,1567,48.261383,0
2025,2315,35.200558,0
468,1648,95.233498,1
2028,574,48.191383,0
1664,978,29.561050,1
1257,1589,21.687258,1
1678,425,17.656288,1
300,124,96.729378,1
633,1095,99.909592,1
1977,2406,12.878438,0
1219,1562,23.626394,2
711,274,81.267914,0
1273,64,63.492661,2
208,1385,39.533161,0
2766,2530,94.321365,2
618,260,25.580233,2
498,216,85.316048,2
2325,887,83.572426,1
1316,2617,59.999474,2
228,683,11.900216,1
883,1808,79.616066,0
147,2131,5.035011,0
268,2932,9.851975,0
2419,1534,14.602042,1
899,166,74.086731,0
1674,801,90.661659,0
265,29,39.201614,1
296,665,61.497559,1
2565,2551,85.926483,2
647,2031,93.536644,0
386,1997,21.445021,1
2113,594,34.211182,1
1282,1827,69.659782,1
1836,383,61.604527,0
2157,2111,95.150269,2
2702,273,75.271545,1
2732,1615,13.107834,0
2393,1007,5.321251,0
1462,1656,18.560335,0
55,1835,83.304642,1
1721,56,84.738373,1
710,995,30.029034,0
1003,282,2.035561,1
192,655,46.867355,0
2987,1806,92.794334,0
1286,235,51.876961,1
551,2002,29.837883,1
2347,1938,12.493506,1
2244,333,77.716110,1
1157,1949,5.991759,0
2113,934,61.785194,1
123,1751,23.512585,1
508,2636,64.672157,1
2981,1512,17.524210,1
2021,614,46.841457,1
696,339,17.689138,2
483,115,29.511860,1
1999,1914,48.940987,2
2510,389,70.965263,1
2672,1831,49.128441,0
716,2815,94.837669,0
1367,268,14.560872,0
172,2204,57.573147,2
2405,161,49.696388,0
975,1527,74.432571,1
761,2174,26.320248,1
199,2767,13.210619,0
2423,2885,27.505627,1
1481,1308,4.375170,0
1054,780,67.612068,0
1380,283,19.907053,2
859,789,47.844807,2
1084,1654,67.122597,1
2030,2643,67.954422,1
900,1435,99.678520,1
2283,1814,27.815491,0
94,1672,73.256927,2
342,749,24.348232,0
2069,2806,46.651520,2
209,1979,93.308395,1
2458,837,21.304663,0
385,2518,85.195961,0
2947,1547,79.125923,1
2383,2783,13.687410,1
2425,2436,22.944063,0
2933,241,43.406380,1
968,2270,68.522255,1
1432,468,71.141121,0
1450,313,41.375874,2
76,1535,35.812012,0
576,677,74.965591,1
2678,2397,50.860626,0
1557,70,63.965290,2
2080,993,11.299301,1
2659,235,52.607624,1
293,2268,6.985638,2
418,176,64.825104,0
1094,2281,20.525480,0
1726,2903,16.325182,2
2115,2430,79.059212,1
2420,2821,60.149040,1
2278,1124,95.472778,2
25,270,66.231369,2
2497,1505,29.227882,1
479,2751,21.317869,0
778,218,43.896748,1
828,1162,53.179409,1
2483,602,27.120071,0
2468,133,28.985409,0
2007,223,9.711086,2
1335,1617,37.820763,1
2797,1207,99.200722,0
1223,730,53.380306,2
1901,1194,3.024330,1
1685,2461,18.513121,1
844,2752,59.718296,0
2856,1201,87.162834,0
1280,2777,32.013866,0
2473,859,32.140221,1
258,968,74.833839,0
217,161,93.019524,0
2490,1113,37.624474,1
2888,1274,62.414577,2
1868,2006,72.041954,2
1543,946,10.704646,0
2859,806,29.587225,0
2250,1265,66.810410,2
2524,1478,24.553730,0
2021,2792,14.341082,0
1168,1068,10.027699,2
1228,705,71.154480,1
1255,2355,64.616997,0
1349,2776,3.592925,1
2992,1071,44.281227,0
1347,1317,53.761410,1
2723,2717,92.311325,1
1711,2332,5.753222,1
2983,985,60.957970,0
2918,2638,7.257946,0
467,1372,58.570396,1
1524,177,32.398098,1
1585,414,12.037890,0
1279,1665,6.251052,0
2606,2399,96.305748,0
2860,2681,92.246674,2
1285,1585,96.372948,2
315,2026,25.610252,1
2085,2402,5.963497,1
403,1558,46.298313,0
1397,1616,70.966820,1
2202,1901,47.874508,1
1465,2313,99.127396,0
2167,1074,56.064209,1
260,443,11.307261,1
1947,1766,24.436007,1
2667,1730,78.759132,0
1333,2086,48.209377,0
2595,464,16.176661,1
2342,913,25.555714,1
1858,492,41.054028,0
1944,2848,37.329926,1
2366,342,78.892921,0
455,2407,18.980783,0
1625,30,5.314438,2
2233,446,54.898476,1
773,2201,74.121361,1
2879,2674,37.417892,1
1013,496,59.859787,0
509,389,24.757675,1
1807,174,48.266842,2
748,621,87.141441,1
981,395,11.155716,1
434,1582,31.833361,1
537,953,17.581400,2
1411,2969,64.889244,0
1200,2906,51.128323,0
1439,2090,10.828824,0
2770,1293,20.382162,0
2281,1030,68.992950,1
1366,1049,97.882187,2
2405,2044,59.771450,1
452,2633,73.741432,1
1483,719,83.339043,0
2599,526,43.699612,0
2325,2232,31.666170,0
1785,2154,65.270325,1
67,1548,17.256853,0
2866,2061,66.519585,0
2901,952,19.500372,2
868,464,61.622746,1
2617,498,55.724785,2
1279,1545,18.771931,2
1288,2901,37.252392,2
1524,2260,28.492987,0
1573,2693,52.631248,1
2035,1790,33.011013,1
2178,1049,49.360012,2
1319,780,74.573868,0
1439,1577,54.945000,0
636,795,80.559761,2
1258,2941,88.243805,1
1457,2545,69.166458,0
2297,2775,26.287188,0
184,956,49.463669,2
2835,929,4.615297,1
715,336,86.433975,0
1594,1976,49.020527,2
1121,2699,11.619208,2
2113,2478,89.423981,1
1421,2619,55.728062,2
244,784,65.896057,1
2682,1530,52.192825,2
296,2976,51.684647,1
2713,273,85.327957,0
1767,855,80.273636,1
2838,616,56.937641,0
2636,666,92.875755,0
2567,2588,24.342901,2
1031,1846,54.512470,1
751,234,80.893707,0
1304,2281,47.502220,2
1076,2173,0.949768,1
1488,799,62.206837,0
1540,1363,80.798019,0
2298,1342,22.776310,1
1296,2666,61.780212,0
263,2998,67.660164,1
130,889,29.263733,0
2420,2745,79.287613,1
2580,1719,85.543701,0
283,1705,57.226067,0
1081,1392,48.176594,0
569,1586,16.263332,0
1644,2690,23.621508,0
1200,2316,17.297377,0
1294,1883,92.109505,1
1055,139,82.497948,1
453,2544,89.410042,0
1582,886,10.372117,2
1035,2678,68.759750,0
2352,17,71.904045,2
604,1632,82.623604,2
604,537,7.657907,1
500,1880,72.676056,0
1871,2230,17.459415,0
1186,2896,80.748314,0
1848,372,13.590365,0
2899,550,27.838581,1
661,1332,89.057304,1
2008,107,19.729771,1
1810,2408,50.631355,2
2695,1473,41.074532,1
1704,1580,63.919724,1
304,1609,3.077451,0
961,2122,71.360947,0
512,1318,89.024849,2
2432,19,23.142118,2
1547,1669,33.852806,0
1462,2982,63.503342,0
1309,2912,23.102375,0
868,1537,57.080418,0
2246,775,44.146526,0
1107,2055,20.038824,0
1579,2304,20.106171,0
2388,879,19.896521,0
306,2973,36.037781,1
551,23,35.754272,1
2221,1913,18.729277,2
192,2641,39.654743,1
2881,1714,93.692253,1
2742,1696,2.760879,0
2979,2294,4.260459,1
1115,721,74.504189,0
2979,1085,74.706787,1
1084,1900,90.367905,2
2493,2857,57.397495,0
1431,683,85.090881,0
2113,1647,91.218445,2
1536,1533,77.163933,1
2039,412,56.005219,1
692,1129,1.873968,0
206,2742,27.894316,1
2203,2638,47.802570,1
2596,2853,77.181953,1
2057,1569,55.534203,0
1558,1854,75.188919,1
608,1562,88.036377,1
589,2569,34.603344,1
2811,679,25.375040,1
1729,252,99.395393,2
497,2998,20.488611,2
520,1294,55.440384,1
1082,1829,69.541412,0
281,1979,68.777031,0
2809,1878,81.199570,0
1987,1642,77.370018,0
721,810,37.962532,0
1429,2184,13.772964,0
799,147,53.266163,0
1313,1846,37.281879,1
2498,27,5.334097,2
191,2206,87.093155,2
2985,1735,29.433510,0
535,1771,59.512341,1
122,2189,35.973194,1
1016,2180,38.879868,0
2889,1264,49.975998,1
1659,154,64.691330,2
2803,1960,47.582947,0
1839,2556,9.075852,2
2600,2346,85.198341,2
2663,2593,68.568459,0
538,2407,4.149529,2
434,2297,54.315289,0
1837,935,92.928780,0
748,1037,63.024658,1
1935,166,30.960291,0
2720,731,21.651548,1
1071,1649,43.143559,2
2353,151,97.520882,0
1409,814,75.022682,1
591,844,82.635704,0
2521,2577,83.488853,1
1909,2132,49.891811,1
2957,2488,49.370144,1
906,944,53.063942,2
703,2959,44.273983,0
148,1470,5.553352,1
73,329,20.262281,1
103,2788,75.325600,0
1251,1116,44.816479,1
2696,2201,8.680566,2
2378,319,18.763298,2
2920,2210,32.641888,1
690,1422,84.719261,0
2606,773,7.269102,0
1303,1609,85.667458,0
1471,2280,48.847408,1
109,514,7.622793,0
2406,716,56.472160,0
1527,1544,27.847111,1
2947,1427,17.998854,1
2040,2735,18.736826,1
2428,1732,79.941864,0
620,1184,20.355818,2
2108,2129,65.379807,0
2881,624,45.770416,1
301,1030,16.782959,1
1078,1884,55.156509,1
2715,388,87.775978,0
941,2194,57.080669,0
116,2612,50.279163,1
1070,1521,25.011475,0
956,2783,97.909187,1
557,1568,8.401807,0
1598,732,28.439587,1
979,902,73.482574,1
199,228,26.531523,0
838,2747,2.476043,0
1093,1332,73.765915,0
371,2945,84.042374,1
862,1312,41.813854,0
1647,2516,33.232277,1
697,1021,82.386826,1
1748,2194,87.885841,0
1554,1938,17.629116,1
1730,2004,75.006821,1
1922,2567,19.155222,1
2115,2596,90.407143,1
1847,479,95.500298,1
2651,1628,39.497795,1
947,2703,61.519360,1
1608,1753,34.472351,0
2372,1123,20.001390,2
1669,2152,2.658791,0
504,1305,92.150406,1
811,392,25.271713,0
1227,2520,41.328651,2
2772,99,21.989845,1
525,437,17.763325,1
82,2128,24.684450,0
1828,824,78.190460,1
36,1376,89.127525,0
535,2710,39.456642,0
1288,1388,39.704670,0
732,429,58.041557,0
748,1903,67.564781,1
2705,811,47.852119,0
2353,2363,11.342749,1
2372,2232,95.005936,0
2323,1010,58.617542,1
2111,1079,50.003048,1
629,465,35.399307,1
1981,2099,52.310856,0
2507,663,69.513268,0
2715,2709,7.512212,0
1685,877,89.618729,1
366,2390,92.136673,1
2924,2420,34.744370,1
1395,594,23.119564,2
2331,2495,46.839302,1
1755,2018,87.731201,0
1197,1810,37.586887,2
1328,2028,2.137659,0
2050,1056,35.474850,1
1265,1965,33.067116,0
2963,841,30.973621,2
1170,892,49.490990,0
2202,675,47.973293,2
2528,1737,29.088789,0
2680,2913,14.823375,0
2381,2355,2.895695,0
1503,408,29.952465,2
571,2709,92.014275,1
1760,2102,56.828159,0
548,2589,54.087265,0
628,472,61.522461,2
2036,2704,50.045097,0
2077,1756,79.511894,1
1506,449,46.267117,1
1341,2550,29.064795,0
1834,2883,48.894020,0
1856,2134,3.232948,2
326,965,8.643002,0
468,707,8.681217,0
186,802,35.112976,1
2029,1415,2.824898,0
168,2552,8.315216,1
2477,1438,10.024293,1
1438,1680,69.608360,2
421,1151,17.350500,1
2006,763,75.024750,0
2357,2066,60.644844,2
2412,318,99.555038,1
1028,1052,89.449722,1
634,1124,33.942986,2
1917,640,25.972744,1
771,1779,30.790665,0
246,2578,38.191132,1
1126,1659,16.219076,0
529,2288,59.996193,1
370,985,91.143089,0
2603,1954,79.889938,1
826,1826,94.143089,1
1429,245,81.765160,1
2980,2602,19.515390,1
1952,721,4.504346,0
2558,2293,14.328947,0
2350,1498,5.782209,1
2159,989,8.558599,2
1643,2665,57.491821,1
702,1650,70.312607,1
2625,934,83.690445,0
979,67,74.001556,2
2761,2782,70.814278,0
650,2876,6.169874,0
2024,939,91.099228,0
2391,2970,83.243881,0
525,1381,9.430341,0
812,2487,75.209724,1
185,978,93.385338,0
109,1123,55.450893,1
107,2333,40.044456,2
2999,1448,4.836677,1
1307,90,37.886574,2
1823,2979,92.796219,1
1292,565,41.992043,0
1062,1722,62.762913,0
1468,1544,46.807644,1
1897,409,80.201103,1
1941,2000,62.678822,1
636,2101,39.256374,0
2007,307,90.550110,0
1463,929,24.041073,0
2849,2627,12.916670,1
1018,2693,32.317719,0
2244,2036,30.320877,2
4,941,21.989889,2
1085,2105,88.223373,2
1667,2387,71.742950,0
1127,502,2.939563,2
1276,2474,47.566288,0
2960,600,71.247406,2
1494,995,40.586826,0
940,1657,27.780519,2
2485,617,41.879501,0
2442,1200,19.467609,0
1215,1162,26.199495,1
2187,2250,71.608253,1
348,1498,98.276840,0
1437,1112,21.050043,1
2966,2493,22.362696,1
1166,808,27.492697,0
347,1497,6.464051,1
652,2946,87.547173,1
1047,2994,37.000713,1
2582,1198,44.821407,1
601,2418,2.445978,0
955,830,41.544411,1
738,1582,27.495369,1
386,898,63.278942,2
813,2860,58.756676,0
347,629,13.282529,2
2899,2560,37.602127,2
1186,1410,80.728668,0
1256,839,28.820402,0
1305,194,56.633747,2
598,2452,10.524482,0
2015,352,87.525200,1
2359,2451,25.275404,0
625,2482,47.379589,0
154,529,43.308582,0
2592,145,4.475931,1
628,2432,55.123535,1
1043,2416,63.604298,0
2486,1410,95.516876,0
192,1658,86.086693,2
575,2983,76.577118,0
103,2982,86.129204,2
1378,1307,59.373360,0
51,1314,68.201591,0
2796,2246,40.889259,1
458,2717,16.827816,1
228,2882,51.879139,0
987,446,45.003265,1
756,2821,20.051546,2
908,1071,99.394463,0
777,1827,71.345200,0
2848,117,46.960297,1
944,1852,69.603004,1
875,1360,89.294128,1
1375,2879,28.641674,1
1374,745,2.677966,0
2604,2261,80.399910,1
1942,1811,32.486259,0
1473,119,39.730778,0
142,837,62.366215,1
1833,468,19.777048,0
2535,2009,5.673903,0
987,1066,66.120735,0
185,1371,57.704044,1
203,2869,93.406548,0
747,885,70.757103,2
376,2795,99.720306,0
2473,1396,3.286660,0
679,1372,16.240360,0
2263,643,32.436337,0
232,1877,82.693405,2
2963,1467,38.360516,0
2062,1665,22.223969,0
2548,2402,17.068844,2
1968,490,38.469028,0
2756,285,10.702188,0
1526,495,83.971489,1
1614,2896,35.924850,0
1027,1209,69.207649,0
915,168,83.100418,2
1828,2864,6.037596,0
2597,2525,17.122421,1
1697,2324,19.854189,0
1757,1883,7.639130,1
2031,1209,15.502378,0
1040,2109,33.264278,0
1082,348,11.993955,1
1922,2288,86.737373,2
2031,2418,71.563431,2
1643,396,24.120398,0
1846,2557,28.747456,2
1458,2894,93.873367,2
1966,2725,27.713730,2
505,39,40.744621,2
143,900,67.411179,1
1837,2232,68.501709,0
98,1283,50.661270,0
2395,1747,21.542727,0
171,687,43.858273,0
2969,2491,79.880455,0
878,331,86.874840,0
467,93,70.397392,0
2725,498,6.140741,2
2260,2666,91.656586,0
2405,494,80.292603,0
2544,170,63.318607,0
2432,2679,12.886185,0
2676,698,79.382568,1
668,2312,8.524612,1
1180,1439,40.851719,0
2772,2936,63.293415,1
683,1566,81.426476,1
2566,1448,55.752174,1
1076,2067,8.591822,1
1005,2436,36.668354,1
547,1943,97.295738,1
2116,395,21.288586,1
1122,1358,51.955566,0
489,842,78.451942,0
1325,2378,33.421066,0
1242,1460,86.003365,0
2149,1522,17.298138,0
552,26,18.425917,1
238,201,59.437542,0
2573,730,59.900223,1
986,440,67.833214,1
2423,1187,97.661873,0
1403,292,47.440559,0
1913,434,83.041756,0
1170,1718,5.827399,0
189,563,0.826281,0
430,1854,81.831558,2
2299,1161,83.572395,2
1171,1311,28.442625,0
1107,2300,80.086136,0
43,711,80.567368,1
718,2555,62.442108,1
2910,928,9.238093,2
2512,2786,57.381413,1
1409,186,25.854780,0
889,1270,60.331219,1
920,2362,78.973289,2
2675,161,87.661156,1
433,192,46.485905,0
2068,229,43.459721,1
2658,1716,46.937820,1
2299,718,0.693974,0
70,1910,73.873642,2
2627,2254,23.851839,2
184,2087,79.101456,1
55,2249,57.692680,1
1801,2775,94.562126,1
861,821,42.945126,2
2208,2430,86.658974,1
1328,604,54.220978,1
1712,781,51.000435,1
2258,252,76.641151,2
2081,928,36.559040,1
2729,775,70.983704,0
657,2460,86.638031,0
1590,1427,66.088188,1
1326,560,18.196064,0
1827,349,80.644897,0
1809,2997,66.484795,1
1325,2561,51.407055,0
888,2822,24.646683,1
2823,2185,85.723877,0
2316,617,80.656380,1
2583,1,35.599857,1
1299,2498,78.890648,0
2578,1276,87.115097,0
717,34,72.366394,0
2076,2305,11.020311,2
737,563,61.389904,0
39,2263,41.243904,0
1882,2812,91.804512,1
1332,681,99.149384,1
928,2112,56.729229,2
2464,1325,49.860260,0
1584,289,31.956919,1
2425,2794,25.916634,0
1005,203,81.668610,0
2684,829,65.211433,0
350,1714,36.872379,1
497,545,62.540852,0
552,1363,85.311073,2
365,2858,69.809494,1
1535,514,4.458606,1
922,715,56.009842,1
2191,829,9.024520,0
724,1261,22.117435,1
729,2451,54.098747,0
1005,2423,13.351293,1
2362,2683,59.662102,1
229,1675,78.622093,2
1451,201,85.838112,1
336,1826,3.800769,2
2841,480,59.453930,0
2646,2834,9.281290,2
518,522,35.027100,2
1413,150,36.208450,1
881,1411,74.823532,0
331,1010,29.948381,2
1748,2642,56.911907,1
1428,2489,37.249718,1
2282,2318,20.124310,0
1379,264,65.654419,0
2090,1190,50.380810,1
1601,939,87.715897,2
302,1131,62.686455,1
233,219,23.201530,0
30,979,99.414169,2
2842,735,56.935730,1
1428,375,43.926979,0
2204,1812,60.817883,0
2025,1516,7.765346,0
2780,1296,5.892515,0
2578,2164,30.716408,2
567,2876,8.709419,0
163,1412,12.298510,0
978,1882,69.777451,2
1944,1755,54.962780,0
2075,1961,51.937824,0
1528,2944,88.240952,1
2157,2,10.879367,0
1158,387,93.974663,1
2914,1486,24.705582,0
1806,1634,21.054262,0
1766,127,80.680878,2
700,122,89.087997,0
83,701,97.481010,1
588,103,74.504341,0
1981,517,93.931435,0
1897,1734,45.339931,1
2613,653,35.224335,0
826,592,57.453896,1
886,1996,67.535561,2
1569,2102,24.604380,2
993,2788,78.584686,1
433,53,66.502563,0
393,2242,9.692764,0
2898,1536,65.110992,0
448,1239,12.213737,0
88,2233,0.776817,1
2476,1153,25.571974,1
381,2315,22.241129,0
2405,803,6.097158,0
655,1694,81.129120,1
2350,2807,94.908295,0
2192,80,36.372498,1
2883,1648,31.648586,1
128,2011,60.533211,0
2182,149,72.288887,0
1056,2587,49.438030,1
2569,2495,66.942993,1
1016,2478,58.793213,0
932,2705,33.520985,0
1431,256,70.636421,0
1436,2170,47.079731,0
842,1702,55.207180,0
455,2714,5.816624,2
687,952,7.326226,0
2256,1586,47.396606,0
2704,2109,60.495216,2
753,2864,73.235146,0
2121,124,25.395361,1
2125,1947,82.197189,1
455,2259,0.919388,1
2927,458,56.112690,2
2508,1930,14.906095,0
2116,920,12.701474,2
430,177,57.544785,0
2427,1012,31.111467,0
123,1237,87.244217,1
1032,938,32.433022,0
1762,2149,20.953300,1
1845,2145,65.625961,2
1581,1491,59.078720,0
2859,302,18.733725,1
1974,2451,8.705039,0
981,1668,36.866474,0
2123,2870,29.868074,0
2913,93,9.115396,0
1297,51,62.033440,0
1977,1248,28.252632,1
290,184,38.340443,1
1121,128,68.144096,1
677,2039,98.660973,0
2880,2618,17.848970,0
796,447,26.022243,0
408,2666,51.818802,0
2085,1017,65.302094,1
2859,2233,22.459373,0
1769,94,98.919548,2
1756,2123,23.110044,2
2037,84,54.411354,0
400,1400,17.389498,1
1040,1214,7.048441,1
2222,1789,57.811256,0
1440,2451,23.616129,2
621,2886,69.787720,1
837,1890,45.383236,0
2942,2405,99.153107,2
1007,978,23.808657,1
2716,2574,95.334373,0
2005,2087,58.665024,2
2680,68,18.224205,0
2144,2303,9.927410,1
2044,2933,26.355108,0
319,776,4.089756,2
1235,1107,75.036392,0
1815,2923,87.750809,1
1409,157,3.017191,0
452,267,94.816383,1
2709,486,46.370022,1
2419,2184,88.932076,0
1263,530,82.675613,2
1035,2598,81.342667,1
327,54,78.006111,0
1139,1687,26.020952,1
1765,2938,14.967816,0
371,1329,14.281322,0
942,788,38.140991,1
522,1292,5.021046,0
1167,2403,34.568329,0
2714,1856,24.332399,0
453,1912,0.505186,2
1754,766,96.484467,0
213,2964,90.223671,1
267,1396,87.983238,0
2824,2582,3.912115,0
7,2972,35.614929,0
845,1120,95.479652,1
92,1044,45.388180,1
1142,1070,39.525448,2
2646,932,79.947258,0
1764,2063,84.692680,0
1187,2340,86.501129,1
2251,88,43.636143,0
439,2202,73.526024,2
2985,749,46.980148,0
1060,1741,17.159651,1
1188,2925,17.555796,1
1696,2165,16.027567,0
963,2793,91.645386,0
2476,2860,44.911537,1
2686,1018,8.903508,0
852,1800,2.955531,0
1310,2007,55.944839,1
2971,400,52.700287,1
2408,1672,82.693260,1
2954,2285,14.326774,1
2892,1564,12.665393,1
2275,640,54.879360,1
2722,1757,97.350098,0
2211,1858,18.537136,1
613,2787,86.784859,1
1592,1291,33.292736,2
164,930,23.929115,0
2160,2458,23.051340,1
11,1728,22.184570,1
2787,1947,91.513557,1
2802,1963,84.775604,0
604,2552,12.376465,2
1789,1660,78.676003,1
691,1739,20.905560,0
174,2026,97.527931,0
1825,2341,92.137253,0
2804,1772,44.528240,1
446,1450,42.684715,0
1321,313,30.149372,2
47,1419,88.452644,0
141,1865,68.955963,2
1045,2844,80.209541,0
1158,487,86.629967,0
2183,1125,83.349655,1
2209,1944,60.889141,2
1522,1333,74.148560,0
1093,1114,74.678841,1
639,1118,89.149696,0
2707,361,87.152374,1
2354,2580,86.572861,1
1393,1222,15.898129,0
2246,2154,28.503916,1
2098,2000,51.757286,1
882,516,87.379601,1
237,725,44.774967,0
46,1283,2.727448,0
1047,2829,44.346817,0
2678,1267,70.602188,0
758,1606,22.113670,2
1744,1828,93.972786,0
2166,1674,24.162474,0
1177,826,64.444687,1
2162,2680,25.081177,2
1131,2839,68.535774,1
1072,1309,83.852730,0
1817,1778,14.253940,1
2208,1069,19.213076,0
2916,2202,78.886208,2
2939,2005,80.761993,0
2777,1153,84.108040,1
47,2319,70.724152,0
1141,1721,65.114632,1
1323,857,29.229759,1
629,2707,63.938377,0
15,2406,45.010418,0
1341,485,82.977638,0
1054,765,44.671276,0
1525,2318,56.967674,1
481,1136,26.885386,0
2804,1109,73.763435,0
2407,1753,36.658218,0
1969,2021,17.549908,1
49,2438,71.322685,1
709,1791,20.338064,0
1911,2965,92.049591,1
1734,2085,63.869663,0
581,819,32.551876,2
521,427,42.498127,2
978,345,52.897617,2
2087,836,4.817915,1
1041,779,27.946035,1
566,681,90.692009,1
2682,898,69.763885,1
1756,1420,99.096123,0
2294,1444,30.500040,1
2470,1051,2.721267,1
1355,971,78.386780,2
2632,175,70.961830,0
2096,2456,86.532768,2
2376,1048,88.780479,0
1250,474,71.225235,0
2054,2990,71.152054,0
2775,2581,85.196503,0
1172,299,23.553267,2
2020,1555,92.629387,0
2915,1,72.146400,1
1530,290,49.823185,0
2153,392,62.268620,0
645,26,87.889328,0
915,1394,23.481201,1
529,2838,24.142878,0
697,2780,48.623646,1
2809,3,90.584404,2
781,1330,86.220963,0
412,1555,21.589802,0
407,2378,82.883484,0
2784,1389,61.588028,0
458,40,87.492271,0
2626,1727,20.322824,0
1206,1318,1.194840,1
118,1372,12.714647,0
2772,2312,1.299153,1
586,649,56.389469,1
338,275,37.250248,1
1027,2867,97.214432,1
1072,2748,94.922005,1
1798,2527,17.654755,2
1439,1773,98.622711,1
1480,2523,21.002415,1
1137,1554,64.795929,1
1956,442,27.513109,2
1869,509,96.946182,0
2366,1212,14.789205,0
1205,2081,52.571136,2
683,2266,20.663851,1
922,798,2.434473,2
2477,2486,28.388615,1
717,2395,58.745163,0
1826,55,14.617456,1
1336,1568,44.111588,1
532,175,28.637964,0
2903,2310,80.249573,1
352,635,53.968578,2
355,2845,28.675674,1
1481,2990,34.391125,0
1521,2024,17.164553,2
1947,2984,33.345024,0
2683,835,83.377838,1
2835,476,58.194836,0
2308,1025,2.677881,1
546,2518,35.186356,0
1160,2478,92.554306,0
1616,2431,80.035057,2
1630,812,46.065250,0
1826,961,3.855004,0
2605,2347,88.120956,0
598,1583,60.452614,0
1039,1666,41.914234,0
1210,1002,42.505474,1
2387,891,71.436928,1
1902,1942,33.993366,0
1497,1766,58.099110,0
2275,2800,88.727623,0
1000,2290,80.649376,0
140,1903,73.718170,1
798,805,52.589340,1
1783,456,5.191123,0
2672,154,66.023003,2
689,2269,28.986227,0
2446,1832,88.319748,1
2417,335,34.291325,1
162,568,4.915702,2
1083,1691,72.870651,0
687,2689,85.986740,2
2952,1208,42.230324,0
587,1034,39.592926,0
1592,425,29.461571,0
2964,133,38.064831,1
907,2664,88.786758,2
2253,2011,61.516727,0
785,1115,60.965256,1
77,2885,28.852623,2
178,369,32.277435,1
2519,2352,62.830849,2
2610,322,3.561581,1
2298,894,90.575439,1
153,2322,49.104942,0
1853,438,4.050834,2
1269,86,65.266563,0
2754,2431,74.758827,1
403,1810,5.556800,2
1967,1642,71.673096,1
1520,824,36.471218,2
2710,2263,88.485497,0
2513,1129,93.477470,2
1703,492,47.854427,1
717,1232,42.227665,0
163,452,36.639725,2
2672,1840,67.099648,0
474,2837,67.429329,0
229,973,58.406139,1
1068,2008,22.335358,0
1184,2227,82.741272,0
81,2122,48.914364,0
77,1024,35.891933,0
2708,1622,1.421618,0
594,499,49.272667,1
878,2111,2.410185,0
2441,2421,87.733498,1
627,668,22.866375,0
596,705,19.088259,1
879,2828,13.501127,0
445,2695,84.770546,0
2246,2626,16.894638,1
1608,955,86.622276,0
1155,2823,13.149893,0
1262,1555,44.444477,0
1683,2804,35.100693,0
1615,92,44.086395,1
2607,2020,17.626028,0
36,2741,8.570749,1
1066,2261,59.206001,0
107,1898,31.890205,0
723,1799,57.057240,0
2293,1701,85.581146,1
1534,2478,25.176279,1
2639,2445,68.417946,0
1339,1052,9.698683,1
1447,2339,39.728966,1
2784,268,64.818573,0
2491,1754,16.627806,0
2026,2547,32.350800,1
2328,2888,78.348457,0
632,254,15.478757,0
2478,1158,93.121368,1
2713,1018,59.798294,0
1909,2147,67.709145,1
635,2436,18.897038,1
869,1097,64.027672,0
74,2483,77.172676,2
48,1631,98.600784,0
2828,896,85.270729,1
1110,2674,7.840840,0
1147,2846,15.552924,0
108,950,14.838191,0
1804,2636,30.868113,1
1929,1706,33.648548,1
2529,2089,55.104233,0
692,358,19.695831,0
516,1386,81.506973,0
1505,2907,43.347187,1
2456,1578,93.407455,1
1187,1438,16.492699,0
1873,661,45.838112,1
1036,1167,44.317493,2
982,7,68.467239,0
2700,2718,75.296471,2
281,1499,71.880341,0
1813,2465,29.458548,2
2600,2617,14.409554,1
2106,2318,30.822203,0
2597,1974,14.065472,1
2864,472,38.846130,2
935,1844,21.047884,0
777,1174,7.334914,1
936,1549,44.843231,2
2809,1900,45.203659,0
1151,2404,20.031725,2
2058,2431,55.610466,0
1488,783,85.354630,1
2747,794,61.566284,1
357,2783,17.992559,2
570,395,14.494929,1
1378,709,27.699335,0
1071,2121,59.413460,2
1952,1749,23.440216,0
1497,144,7.752189,0
290,2739,60.039139,0
2301,1496,96.252007,0
2299,1848,29.478355,2
2820,30,72.081947,2
435,423,89.233688,2
1601,2270,92.928459,0
2828,2531,54.524792,0
2164,2266,80.871544,2
394,1577,66.272560,2
1390,964,26.509199,0
147,2111,30.370241,2
122,2795,11.745268,1
2614,2429,41.391354,0
33,2389,99.053688,0
2919,2256,63.981548,0
886,1730,56.753422,2
2338,799,13.462324,0
2534,1477,43.899811,1
1075,2942,88.542336,0
1449,496,18.759789,0
1585,1506,60.129505,2
1186,2578,87.501518,0
75,1197,71.162170,0
462,1933,59.942623,0
287,1119,11.811194,1
620,858,6.420908,0
757,2514,17.411972,0
981,2763,7.787866,0
870,104,18.501183,0
463,1464,80.072662,0
124,948,25.447407,1
670,2789,86.332611,0
208,1063,98.907982,2
1566,2870,15.401958,1
2224,1818,84.630463,1
1775,504,68.712479,1
1520,848,49.169037,1
1017,1113,75.237556,2
58,861,9.286798,0
1443,1133,55.273254,0
2385,1445,98.259598,0
1029,1522,24.565676,0
1894,805,19.847631,2
607,2379,64.850609,0
743,1471,36.153797,1
1213,1359,52.929588,1
550,2399,41.360779,2
2021,947,69.007385,0
79,1221,12.715316,0
109,1483,20.037102,0
1720,2631,63.131966,2
1849,129,78.289268,1
1032,2114,4.157247,2
2728,2533,6.525119,0
3,1588,55.687984,1
696,695,49.436954,1
2044,1497,47.397087,0
1629,1555,14.445351,0
1363,1376,3.738148,0
1013,1476,67.002617,1
1411,1063,29.464540,0
2759,1909,76.222565,1
850,2770,30.696333,0
965,1545,99.208450,2
2956,2413,35.261719,1
1004,2368,14.828144,0
1252,244,36.076252,1
1361,1676,63.935314,0
2090,403,46.428280,0
1585,420,18.211786,1
1473,2617,66.068832,1
462,905,66.494194,0
1594,13,72.930031,1
165,2382,91.716583,0
2366,1685,40.025795,1
2272,2007,96.713356,0
1061,1331,88.747070,1
2462,1094,60.552429,0
2466,2213,57.641453,1
428,1376,28.499510,2
535,515,11.515357,2
2345,932,21.932026,1
612,1557,28.341722,0
2089,170,92.853951,2
615,2086,21.621906,0
657,2479,38.110485,0
2453,1635,80.554924,0
1179,559,94.000885,0
1874,2488,44.569992,1
2521,929,48.041836,1
1442,333,34.532326,0
1303,281,71.602661,0
737,129,62.784431,1
2970,560,12.614792,1
516,2567,67.813866,1
252,2611,5.105068,2
2404,1041,24.632450,0
667,1415,84.690254,0
2771,2999,37.558578,1
1686,1452,14.173000,0
323,101,20.895720,2
724,1773,91.686089,0
1590,2221,70.930199,0
2628,1388,94.731590,0
340,438,87.374947,0
1297,1296,73.112892,0
2385,2475,16.740868,0
58,521,44.686970,0
2434,1682,94.622612,1
1687,1288,85.638542,2
1166,2078,56.351311,0
675,687,71.109833,0
1332,2099,54.726593,0
1507,1160,68.699371,2
1505,2122,88.070099,0
909,1959,93.383492,2
824,1926,43.302746,0
1370,2385,64.915077,0
1830,1894,1.469661,0
2982,2098,5.059812,1
848,2495,92.762672,1
2856,1252,81.293022,2
2138,698,76.615730,0
1901,2459,92.107101,0
799,1133,40.647816,0
2671,1539,71.384872,2
2016,964,60.161831,2
344,1702,10.527129,0
1120,2589,83.546860,1
382,2505,98.284393,1
2255,493,74.550232,0
2785,2875,28.862146,2
1924,2458,22.809248,2
1097,2217,54.234661,0
1780,1282,21.242697,1
2662,2906,6.951506,1
670,368,65.993744,0
658,2005,83.344177,0
119,1719,69.449783,2
2977,2653,45.312241,0
695,625,65.412163,1
673,1301,5.750576,0
2493,419,0.025150,1
1900,1388,65.499649,0
2053,2396,97.548683,0
2540,529,58.940941,0
325,441,31.538269,1
1032,779,80.377350,1
2377,2684,33.978626,0
1354,1590,45.069195,0
198,2068,10.360094,1
2521,1187,57.365467,1
2584,2541,59.059666,0
938,2886,89.346848,0
2714,2241,40.381542,0
1474,1520,97.252419,1
2956,145,53.793030,1
592,1927,64.580574,0
1973,516,80.723503,1
234,512,19.697098,1
2992,27,90.833725,1
176,1712,78.350777,1
2932,1950,71.419289,1
1888,1641,72.695076,0
2814,2267,46.058769,2
753,666,9.805149,0
2818,2876,43.410305,0
116,2604,89.685310,0
1864,2849,23.889551,2
2848,1456,79.201347,1
249,1810,78.625504,0
2768,964,11.697931,0
2117,2944,9.284944,1
429,1389,29.977312,2
959,2414,12.433551,0
2354,2518,38.431019,0
2154,699,47.776581,2
2457,1570,73.122047,0
1749,1641,29.324345,0
183,2891,98.223976,1
315,444,68.509186,0
2793,2682,95.582504,0
1815,318,90.125832,1
1435,436,99.421753,0
1783,1093,64.806076,0
423,1682,35.036289,1
2504,1889,93.608719,1
2450,2228,0.448287,1
882,1267,92.499611,2
20,1736,9.443828,0
2012,2669,87.212891,0
1811,2993,81.864632,2
1052,654,85.958817,1
1794,1531,72.279755,1
2441,149,3.739507,0
742,2414,56.784584,0
1756,218,71.672005,1
1554,59,76.367661,0
32,1509,4.669889,2
648,1373,12.705037,2
195,204,72.976639,0
1007,729,65.941978,1
1261,1846,27.082090,1
1404,1232,66.133339,0
2799,1260,21.309547,0
48,2070,37.233585,0
801,556,82.372383,2
1972,2583,67.149353,2
839,341,27.315622,1
965,2828,8.855901,0
1338,2005,15.498409,0
2191,2191,22.189802,0
1413,1649,71.860527,0
2633,882,63.402130,2
5,693,28.906130,0
2061,47,52.501957,0
2478,136,17.612659,0
1696,1413,96.519691,0
1382,2667,67.445518,1
131,1617,3.207958,1
2141,198,80.357590,2
1661,1940,42.595882,0
2531,954,53.784302,1
990,933,28.172155,1
230,2194,32.718224,0
457,320,35.895401,1
2664,709,87.773155,0
438,2121,50.164406,2
315,2535,49.766449,1
2168,2950,25.931719,1
337,2756,50.152077,1
609,1707,86.558716,2
357,2622,20.404272,1
1583,134,70.777679,0
1368,804,8.271992,1
515,12,29.308933,2
2862,1602,26.278065,0
1964,2133,79.817520,1
1702,1211,26.155928,1
1900,231,97.684288,2
2318,1625,12.561917,0
1714,2708,1.706069,1
995,1943,59.582191,1
934,91,29.460958,0
1541,1680,62.188702,2
1032,1926,15.248082,2
416,2765,91.380020,2
1070,2697,52.655323,2
2440,427,93.861549,1
1905,1568,36.597298,1
1483,1696,4.429542,0
2130,1481,9.611472,1
791,910,62.260128,0
2286,1246,44.739613,2
1047,1337,52.274822,2
331,1913,93.995911,0
1371,1440,94.854103,1
2769,1988,54.667591,2
220,102,88.671188,0
2625,1907,30.003054,1
834,1250,27.888153,2
1622,546,15.239847,0
2762,1046,36.101849,0
427,2930,21.249096,1
2544,539,29.073566,2
149,569,52.946190,1
2171,2034,43.540638,0
789,768,33.854755,1
1884,2532,57.802822,1
1854,1545,82.151733,1
1302,2917,5.944080,1
1976,2075,8.283788,2
618,628,88.022308,0
2162,2339,98.539223,1
506,801,8.548365,1
2816,1201,10.486464,0
2187,844,34.781734,0
116,2670,57.728928,0
2827,2287,23.354166,1
2386,2494,19.356823,1
1571,2130,42.628452,1
632,405,89.582870,1
859,2934,90.369362,2
1819,901,98.409798,1
2742,1540,96.389542,2
34,2573,84.758835,0
176,1499,25.554399,1
707,2754,33.642384,1
2950,1144,14.671453,2
1483,1904,50.338787,0
2438,1820,45.741982,1
2844,1171,73.822952,0
1672,646,28.987106,1
897,2529,96.937424,1
1583,430,1.498530,0
633,1022,41.106003,1
2622,1793,64.616432,0
1589,1302,9.178292,0
2257,2319,91.613754,0
2598,289,93.541908,2
1144,92,35.942844,2
533,2759,38.678410,1
2972,1932,53.105904,1
706,100,67.307541,0
2143,726,38.264446,0
923,883,48.450420,0
941,2813,63.881203,0
529,983,42.687130,0
2693,2967,22.803699,1
258,2725,22.958666,1
965,2995,48.331581,0
1438,875,28.162502,2
2048,2440,68.741119,0
1530,1845,92.109383,0
2290,2907,39.965172,0
1092,443,91.930099,0
107,633,44.913776,0
1187,951,74.278328,0
596,335,34.411140,1
1927,584,68.186089,0
1274,2704,70.141258,2
1088,2462,9.395128,1
2559,2195,54.767578,1
1244,1735,64.509529,0
816,559,35.641876,2
577,1394,77.714851,1
1706,1248,81.360771,2
2963,906,93.529182,1
445,2169,6.069984,1
1633,1462,73.218254,2
861,854,82.441521,1
1945,1655,43.209366,2
102,706,90.170425,0
349,2569,47.496342,1
2,1545,19.977581,1
1724,1250,94.116188,0
2460,1052,59.522129,0
668,2257,54.881428,0
2582,2409,82.862808,2
446,1662,61.741009,1
1258,2200,99.540176,1
593,1021,25.930948,1
666,1266,81.057877,2
2097,1870,49.848980,0
1044,645,91.336571,2
2228,279,50.109684,2
696,949,61.445759,1
2926,2971,69.089371,0
2270,294,64.872475,1
2583,497,92.528351,2
2202,1159,81.248093,1
2745,296,14.268486,1
1510,2373,75.612495,0
396,965,14.483540,0
488,1081,78.819321,0
291,1190,28.544859,0
2014,1817,56.326191,0
941,1900,96.750664,2
1652,458,45.631817,0
2902,1708,79.100784,0
2969,947,87.055061,0
275,1675,20.806786,2
1764,1721,20.339487,0
1479,668,36.047729,0
642,725,50.573441,0
724,1099,29.176350,0
2536,1670,92.114746,0
2156,1189,63.050819,2
265,2815,61.176121,0
2015,2007,43.338840,0
2971,1909,30.701443,2
1656,896,18.651869,0
773,183,66.963020,1
1322,306,73.779251,1
306,356,49.924900,0
1206,2857,54.126270,1
2112,324,55.261990,2
1424,1534,11.031158,1
2288,263,95.965347,1
2522,183,71.416847,0
2988,2445,85.161110,0
951,2260,7.634458,0
710,2368,22.901062,0
212,1048,99.857254,1
2696,1377,43.247559,0
2479,1407,20.046661,0
2435,2604,5.503345,0
2790,2579,86.179138,1
1684,2747,78.486992,0
185,2811,53.137638,0
2248,2413,19.540087,2
2503,174,19.124203,0
250,956,8.999670,1
2040,2502,66.013176,1
2455,1547,87.664780,1
2839,223,97.837082,1
2583,544,27.752926,1
1563,531,65.310326,2
2914,723,68.657646,1
1997,1020,81.257172,1
1218,489,21.632362,0
2552,1102,56.465534,0
327,536,61.127541,0
675,2852,41.463181,0
586,2908,56.102600,2
2164,2282,83.243279,2
2305,2651,48.858875,1
1642,1225,84.455025,0
946,2379,61.393318,0
1288,1027,9.519364,0
13,1995,22.340523,2
876,2483,73.388458,2
663,1808,48.270763,1
440,2996,95.272415,0
1341,172,72.413559,0
2447,395,15.763336,1
2846,1052,34.049805,1
2397,1288,71.322777,0
515,260,11.448956,0
1412,959,39.707867,0
2096,1193,19.437180,0
349,1156,80.056198,0
2734,1117,63.429482,2
2301,972,70.741989,0
2211,1311,74.025414,0
275,1443,88.820557,1
1745,1491,53.387657,0
1623,1686,60.891747,1
1941,74,81.564377,1
444,2621,92.596146,2
1655,1454,93.884102,1
571,850,76.553322,0
950,473,17.762178,0
1558,514,98.165359,0
606,2226,41.433376,1
1772,2122,49.283508,1
2010,1692,48.265465,0
34,1917,41.604038,2
2396,2799,19.399923,1
1002,375,25.533733,0
385,2826,39.837833,0
835,1400,71.574234,2
710,524,94.907478,0
1065,2086,16.074442,0
860,1931,42.893215,0
2160,2383,85.870674,0
2188,425,7.458167,1
1678,1011,14.723791,1
1728,1201,93.518532,0
660,2717,23.439171,1
1789,620,73.126297,0
400,2682,87.264343,0
783,2831,89.304497,0
2085,1848,90.636322,2
2412,1164,0.144099,2
296,814,75.933693,1
1832,1720,91.271935,2
1125,2985,62.649292,0
561,2858,38.966904,2
405,169,45.533768,2
934,2858,25.561029,1
1466,420,92.780769,2
1871,1176,99.610466,0
2972,2073,95.889854,1
236,898,31.682728,2
331,2691,52.849045,0
411,1856,46.419735,0
2895,718,74.779678,1
1024,1712,93.934212,1
2485,1595,8.969414,1
730,2497,30.899977,1
264,1618,49.826084,0
410,829,39.084190,0
2583,1987,9.456846,1
2271,858,80.585869,0
1047,1761,83.200760,0
354,15,78.919807,0
2963,1049,32.282646,2
2735,1563,65.345413,2
328,182,66.787086,0
1132,1687,64.072021,1
188,2953,77.829208,1
1815,232,77.934326,0
1047,2524,35.205120,2
1349,1052,84.421356,0
1884,2573,40.808636,0
2898,91,69.541939,0
2983,1084,60.846806,1
878,96,42.644104,1
1599,2471,47.573776,0
487,2907,93.874161,0
2911,1526,36.195763,0
506,368,82.561272,1
2003,2270,93.809593,1
1968,2483,59.499264,2
1380,1521,98.779739,1
968,2324,10.334724,1
2810,996,22.286478,0
2825,2169,46.087112,1
465,474,47.232849,1
2119,2347,99.652191,0
1280,2293,58.223881,0
2647,423,53.281776,2
1164,569,72.747185,0
2259,1695,73.891869,1
140,1953,41.583755,0
2816,1115,85.113274,2
1791,332,48.026928,0
2395,697,80.722145,0
2322,2838,41.593903,2
2698,762,22.481915,2
1932,922,97.000816,0
2811,947,63.843349,1
2162,2304,50.408295,2
1847,1614,9.262622,0
454,2894,32.204536,0
2660,1786,73.024361,1
1567,2837,14.703094,0
2377,2993,15.662941,2
2802,2466,47.659111,2
213,768,57.477768,2
279,2530,62.457329,2
2909,381,42.918446,0
2221,2329,74.570656,0
1303,1570,37.309334,0
1576,529,1.169790,1
1121,861,79.363068,1
2019,191,96.250214,1
1045,1982,79.323044,0
1277,290,98.523224,0
565,1221,69.907570,0
2020,86,89.462883,0
2864,1600,49.119282,2
2346,1966,50.203079,2
1501,7,31.194130,0
194,462,56.898178,0
110,1982,43.072407,0
485,586,21.491938,0
780,1138,95.847672,0
2711,187,71.020111,0
2707,937,27.614277,0
2909,2703,5.428091,1
1323,2744,11.396801,2
465,1357,65.001495,0
2944,2028,95.607826,0
1275,2337,25.909369,2
2232,731,23.378101,1
2947,765,62.052883,0
103,2841,22.180002,0
2066,1816,11.417890,0
1306,2989,51.553200,1
2287,1705,29.579515,0
817,503,80.517059,0
2723,1566,47.672462,1
87,1122,89.680176,2
1605,844,56.324986,1
2328,1854,18.883368,2
1627,720,14.678779,1
1749,1979,65.777328,0
538,2238,13.313340,0
133,2715,72.760826,0
1268,1437,15.956710,1
2698,891,17.494482,1
758,50,62.402752,1
801,2381,18.949327,1
2594,241,48.914948,1
2870,2320,24.583023,0
866,752,28.448786,0
2776,1305,26.122107,1
1337,2382,56.522366,0
1008,1907,12.015924,1
694,521,71.616219,0
2635,2545,69.529099,0
1836,474,39.961464,0
2403,1988,63.703140,0
1319,292,46.876266,1
2458,1599,58.361984,1
0,463,36.287979,2
2518,156,80.301453,1
2850,2482,42.289948,0
1921,2884,12.931514,1
2351,1254,10.507920,2
145,1713,96.004326,1
1775,320,85.207207,2
1404,2575,64.152092,1
924,472,95.205414,2
1816,607,48.975227,0
2043,2466,10.788554,2
1049,2680,74.248207,1
201,2300,42.959442,0
953,2712,68.352425,2
2806,1222,18.591543,2
2168,1915,54.739368,1
1371,539,1.815412,2
1389,1646,94.429642,0
1328,1594,54.763054,1
2790,559,89.521042,0
2758,675,87.735352,0
1212,1336,53.973473,1
2072,1679,12.107050,1
67,2084,63.609215,2
1439,880,38.234875,1
1489,2980,26.111605,1
1383,1113,44.829376,2
45,840,41.195839,1
1227,1621,92.927261,2
947,2102,10.284649,0
485,526,23.907997,1
2868,1504,4.816721,1
1281,332,56.648849,0
2585,1545,1.907396,2
2447,646,15.271868,1
2748,2471,57.407925,1
1523,2910,10.507357,2
2154,1395,10.570024,0
2030,2490,32.928326,1
232,2499,57.295940,0
1903,400,75.529655,1
56,2272,20.449011,2
2955,2234,92.549622,0
947,432,28.968441,1
551,2197,68.290672,1
1465,898,57.078430,1
2320,1540,92.518524,0
2979,384,34.419357,1
1505,1201,94.581261,1
47,2565,15.508193,0
1758,2873,87.982956,0
33,2656,98.480957,0
301,2255,48.838181,0
34,1807,46.159519,2
2696,1654,50.883835,2
2955,26,73.774887,1
408,2950,9.545397,1
2905,1136,91.498817,0
1839,2541,52.175652,0
662,2195,51.120876,1
778,1871,17.688213,2
1960,2148,21.185482,1
215,1918,18.458609,0
2284,2815,7.383807,0
1331,1647,11.978668,2
1885,384,84.310570,1
2750,115,21.413752,1
1835,621,47.669548,0
2525,2514,1.323057,0
1441,1953,17.956417,1
2358,957,76.734360,1
1493,2530,12.498371,1
406,2295,37.906406,1
906,1934,40.298401,0
1921,669,46.628090,1
2293,2457,54.029083,0
1774,2332,20.773373,0
2463,1383,98.994072,2
1630,2581,17.125019,0
1033,381,15.608171,0
2941,335,56.628799,1
1098,2845,73.822121,1
2306,392,63.459599,0
2942,1766,87.188805,1
2208,1679,55.174202,2
2434,1836,70.985184,1
941,2768,97.294342,0
1816,2442,12.421504,0
1756,634,73.371025,0
118,2063,41.849854,1
2057,2637,27.390816,2
2,603,0.470130,1
2843,1204,25.899387,1
1511,1254,23.588484,0
2744,1165,81.327835,1
1285,611,43.025948,2
1964,1916,97.991280,0
2806,137,55.719460,1
1509,2222,39.893806,0
2122,990,21.403154,2
1229,557,87.043716,2
2540,562,22.716433,1
2179,2101,57.457024,0
2683,806,6.432372,0
1514,2689,68.706161,2
1452,1763,38.095009,1
1641,121,97.967995,2
921,39,3.689081,0
2745,1619,62.866386,1
1614,1741,12.318518,1
1556,2168,62.933762,1
365,1452,98.056717,0
2032,1605,76.210815,1
2467,2494,47.822186,1
2456,1615,47.201195,0
898,1192,96.499458,1
2596,1775,94.564468,2
280,2848,60.897926,1
466,270,61.006451,2
2441,2932,43.086063,0
1046,318,55.575806,1
2148,465,95.167870,1
2385,1638,75.870567,0
1754,552,88.987137,0
1146,2488,40.224876,1
195,938,71.002228,0
1463,322,68.038719,0
905,2769,94.589607,1
1783,202,86.538361,0
1337,220,4.615742,1
695,1693,14.676427,2
2478,836,12.777974,2
161,905,83.209244,2
671,929,60.477745,1
2521,103,15.992353,0
541,585,3.146862,0
1850,2821,25.519844,1
963,1526,82.969040,1
4,2554,92.731270,2
1543,387,89.016251,0
388,1977,32.907864,1
1833,2816,84.090256,0
2176,9,99.676888,0
889,2039,54.929153,0
2637,1917,20.830811,2
542,2933,65.950897,1
684,1905,25.751663,1
1738,526,19.261757,2
2232,1118,55.849724,0
2228,1757,35.841579,0
2582,1225,16.365139,0
2093,2518,49.983387,0
1121,685,1.621479,0
1594,744,75.168541,0
1996,883,84.800133,0
2620,1212,65.007751,0
1916,1884,59.244030,1
2223,289,85.949715,2
195,2236,81.409546,0
1085,2261,7.520509,1
2202,1679,34.378170,1
64,1334,62.946892,1
2224,1655,43.642311,2
1668,1799,27.416145,0
57,2270,75.957115,1
2931,2357,30.456772,2
1839,2744,46.791386,0
892,304,42.314640,1
2270,537,64.760201,0
529,968,48.682613,0
2088,2405,59.960342,0
1214,1777,18.735649,0
108,2288,29.863829,1
2124,1487,65.131386,1
1193,1210,17.186636,0
1562,2654,75.392883,1
2137,207,34.640175,2
830,2640,57.744179,1
102,551,44.687534,1
2617,374,99.395096,2
1114,1013,78.264374,0
911,901,81.782120,1
2403,1839,17.457794,2
1630,1331,46.702217,1
2639,2270,70.276794,2
1442,556,39.926533,0
2261,2727,7.932772,1
863,2049,86.102928,1
1149,2494,74.245110,1
2408,2762,3.389037,0
2090,2399,99.318535,2
1919,24,64.363686,2
653,2441,11.134749,1
1249,1320,37.114563,0
2852,696,29.228710,2
2780,1878,26.686749,0
584,2342,37.439262,0
110,2509,67.065666,1
630,2474,24.646025,0
1596,2193,30.825369,0
1395,552,43.510548,2
1361,1266,96.020218,2
276,59,26.982647,1
125,2088,50.745113,0
1722,2983,95.322571,0
2702,471,0.855467,0
2056,674,73.233704,1
1050,195,73.324509,0
407,2194,57.593685,2
1600,357,25.949057,1
2551,2991,69.353081,1
2541,2251,2.657032,0
2930,1775,95.166847,2
2685,1229,54.207958,0
761,2389,89.310371,0
465,2902,35.878120,1
738,851,74.814018,2
2634,616,43.570477,0
2907,2224,14.126334,1
2517,576,35.039860,1
2261,1853,46.922390,0
2342,1038,10.799363,1
1013,2473,41.849407,2
2713,2076,66.024048,1
1183,2917,34.689930,0
1197,2931,55.574207,2
1887,890,59.882935,0
1698,1851,93.799614,1
1343,1023,99.050934,0
6,1756,25.710024,2
2370,1557,47.055752,2
701,2744,33.364464,0
2109,13,42.081528,1
2578,1888,42.157684,0
326,694,34.755863,0
1529,2489,69.426949,1
1219,784,68.931206,2
1292,2183,78.135315,0
788,2465,57.636101,0
616,1179,19.778280,0
2643,1778,30.257528,0
1366,1093,55.978920,0
1344,1172,77.448997,0
2036,2279,25.970629,0
2890,1680,0.314808,0
2330,2961,48.048229,0
1739,671,38.145317,0
1453,2106,59.644901,1
1782,1004,60.121586,0
2158,2308,83.684853,0
38,474,86.008278,1
178,2110,33.972755,1
2606,682,34.980473,1
573,2284,30.241716,1
1303,1766,8.737680,2
35,339,36.120117,2
2939,1504,63.407085,0
2637,2310,55.318096,2
705,1686,99.532005,2
38,2652,1.742573,2
402,652,97.557945,1
2578,975,60.080315,1
2888,129,70.905968,0
2361,1167,21.685961,1
1695,2295,68.717041,0
429,907,21.999043,1
445,1352,81.446747,1
1958,1839,16.833500,0
1986,2064,15.298271,1
2656,2904,68.053261,1
285,1212,5.338412,0
2093,218,94.020111,1
2424,610,5.022847,1
2544,752,6.446623,0
2416,646,28.284786,1
28,875,71.276817,2
634,1603,52.084846,0
1930,696,12.164804,2
1714,536,83.969475,0
2809,1649,18.541748,0
1933,2144,64.080582,2
2346,1769,23.561663,2
301,1658,61.604790,1
751,2377,87.055191,2
1598,2084,99.937248,2
128,2671,50.253681,0
1840,2067,40.053371,2
896,516,62.939716,1
1874,2649,71.160065,1
1209,2519,83.990715,2
2154,1092,2.671131,1
932,2508,41.049835,1
1804,120,3.516783,0
2622,2586,96.931870,2
2273,1552,87.041481,2
811,1887,7.559184,0
1189,1617,46.179379,1
1949,1450,36.329254,1
1331,2223,7.054754,1
2491,2941,55.628838,1
2000,2546,87.836311,1
2965,2158,46.893024,1
1289,132,91.873001,0
752,1915,72.542587,2
2154,395,12.127661,0
2462,2119,54.160755,0
150,1817,15.369329,0
2974,2174,65.192230,1
682,1446,31.460783,2
740,413,40.088657,2
2149,1572,79.984627,2
2116,2560,5.290787,1
1895,1544,4.598367,0
1235,116,91.708313,1
2299,1228,9.257843,0
469,1684,14.753875,1
2183,1491,72.711029,0
1079,2220,56.876801,1
2226,167,18.396418,1
1095,782,13.267829,0
2281,966,23.975821,2
1032,2921,25.275900,1
372,861,33.003422,1
1198,2478,17.755367,0
2618,359,68.896378,0
832,1255,36.385818,0
2239,1067,37.898983,0
1033,2405,3.567212,0
1968,323,66.661606,0
1833,247,4.277517,0
876,1792,35.918633,0
1925,1569,24.068775,0
1375,2293,59.701561,0
582,2592,13.477552,2
1923,1735,5.818635,0
1082,587,28.215252,2
97,1445,17.027931,0
2008,1250,82.971931,1
483,2535,65.997498,1
448,720,26.209930,0
2033,1219,52.994396,0
2926,2560,62.652481,0
1895,1542,20.371021,2
1334,245,60.361389,1
775,2054,64.160004,0
435,282,87.584564,1
359,2174,68.912910,1
1472,2500,23.317553,1
1797,2216,26.846457,2
1190,137,7.905098,2
534,2781,98.671310,1
1902,1179,18.409594,0
2761,1462,97.768715,2
2445,2229,86.273674,1
2509,1632,14.811601,1
563,380,33.112404,1
1364,1410,43.495850,0
1145,49,74.453773,2
2955,2596,92.661522,1
2065,1301,65.122192,0
2214,1209,56.369827,2
1560,1099,17.184019,0
998,69,70.943237,1
1877,776,5.774765,0
2368,2790,91.760193,0
1400,1398,34.489613,2
2327,1360,53.401505,1
946,1568,20.787947,2
98,2995,12.410316,0
1124,1854,80.851738,1
854,818,86.843384,0
23,1151,10.994933,0
2051,1374,35.709614,1
253,2386,3.903042,0
917,2617,19.498653,1
994,1756,75.609505,1
2437,2259,9.335947,1
682,1002,42.652565,0
2977,988,9.319231,0
484,683,3.129770,0
2472,2400,44.830769,1
2061,2967,97.501167,1
2091,2549,58.726875,2
2631,1239,98.342743,0
2749,1308,6.538862,2
582,2516,40.604584,1
2554,2453,58.699306,2
2412,928,51.466125,0
2547,13,29.457651,2
1784,2045,47.338951,0
1262,2480,17.078014,0
2275,1020,3.659189,1
1804,740,82.148056,2
1340,2442,32.406948,0
1907,1290,88.143974,2
699,431,75.572235,2
481,2152,3.467546,0
1567,1213,21.261433,1
638,2181,86.974167,1
1440,2040,63.232365,2
2574,2144,75.970299,2
2398,2846,74.752106,1
806,2996,39.776905,0
424,2861,46.104507,0
2900,1359,30.778116,2
2254,1752,73.667694,2
1134,313,85.741455,1
2515,2581,11.590038,2
2911,608,84.548553,1
1735,1042,23.281498,0
1061,1960,48.710590,0
2055,1789,38.803776,0
1152,2172,78.161903,0
2048,1425,21.547609,2
153,2573,34.625797,0
1043,1505,83.221107,1
2653,873,14.834895,2
443,2875,99.695206,0
505,1963,81.010536,2
1004,2853,80.841133,0
753,1459,11.876333,0
1056,2945,9.837295,1
2760,1239,54.858574,1
2399,1697,5.980791,1
2303,1823,38.077927,0
1636,1103,96.863319,1
1029,2159,65.868698,1
261,66,88.431664,0
2973,51,25.316729,1
2470,2703,92.644791,1
1347,1556,39.847191,1
1376,1749,72.140450,0
151,1257,40.845139,2
1688,506,66.653534,0
1384,2286,55.422348,1
457,109,20.852718,2
509,767,96.112144,0
894,1002,43.136532,1
1922,1148,39.614407,2
1014,1251,7.642596,0
1543,2050,73.915237,1
1882,2418,5.854353,1
297,2512,96.131096,2
1612,403,48.557663,0
2851,2186,93.029373,0
1609,2247,53.953297,0
1332,290,52.278687,0
2933,1646,73.299385,0
1787,1811,20.072788,0
1304,1182,85.641220,0
40,2864,54.770863,0
1269,1084,9.465401,0
2473,910,82.594849,1
2396,2500,87.711960,0
1421,2780,48.557766,0
372,153,94.183899,1
2424,1391,12.125381,0
1609,2797,68.335953,0
2083,2660,22.872450,2
2820,963,57.219547,1
267,1599,77.779297,0
261,1405,98.725609,1
600,802,79.570549,2
2531,1348,89.630020,0
2638,634,89.965767,0
2379,753,25.495405,0
351,1243,2.913880,0
1411,2326,11.722483,0
198,2980,83.696785,1
878,413,60.807152,2
105,494,17.048252,0
1676,1490,35.000397,0
576,698,30.414677,0
2016,2316,45.745922,2
2814,2321,32.756863,0
975,1932,82.248947,1
2491,2817,80.220810,0
230,1541,88.308945,0
269,1166,60.767761,0
1278,862,83.829765,0
2375,1063,74.715057,0
1087,2205,47.149292,0
112,1311,73.041824,1
2187,2229,84.412651,1
2789,24,60.360783,1
1514,561,89.719955,1
2238,2684,88.294800,2
2988,1862,65.037727,0
2886,425,11.511974,1
435,671,70.149872,0
490,409,34.738770,2
2976,1967,60.412251,2
963,2312,77.371880,1
2749,2272,3.425510,2
1951,1243,75.218613,0
2089,2546,19.875172,1
2828,742,16.076462,0
2992,1315,9.394530,0
2416,439,42.442829,1
2597,3,15.783080,2
410,1110,60.742393,1
2918,322,67.637733,1
138,981,35.021099,0
1850,1514,39.625370,0
1502,1782,65.195114,2
912,40,5.577904,0
291,1600,27.656515,2
1772,229,25.964762,1
1815,369,53.834320,1
953,377,25.423273,0
2834,2684,72.119820,0
367,1690,30.010513,0
24,2215,80.832962,0
1750,871,7.576107,0
750,854,59.029686,0
652,1862,87.691490,0
2217,2061,61.561867,0
2329,2520,91.347870,0
726,342,24.088549,0
586,1906,71.217606,0
1980,1842,39.386337,0
1923,1861,77.227341,0
1213,727,64.646736,1
1552,435,12.497603,1
2392,2575,24.663549,1
1150,2106,71.912750,1
917,2888,97.881027,1
2967,79,55.780884,1
1547,2096,36.307495,0
2200,564,30.694178,1
2712,928,19.610018,1
2492,2599,60.394730,0
523,1000,77.857224,0
1923,1016,91.341385,1
1441,235,73.651138,1
910,2925,29.234526,1
2394,223,57.138596,1
2538,2983,55.188316,0
2698,1362,27.204641,1
1224,938,46.134682,0
2448,2495,23.044313,0
2601,1259,48.876133,0
1385,2236,91.205345,1
1379,1257,5.124748,0
810,101,80.915070,2
786,66,60.486526,0
999,920,59.610146,1
151,434,87.833282,0
1637,695,4.404771,1
642,2989,58.730099,1
1368,792,83.439499,1
766,937,57.775303,0
522,296,12.775127,1
1486,147,30.022675,0
1178,919,60.114536,1
1851,975,25.550146,1
1872,734,52.987114,0
2905,847,12.074508,1
2445,2099,44.473984,0
1581,2723,36.430058,0
2163,2837,35.661327,1
1109,290,93.784988,0
1289,901,75.283684,2
47,1718,34.913380,0
2547,1161,43.537174,2
752,918,20.873777,0
2831,2583,27.419500,1
2478,2604,22.546566,0
1028,460,10.646897,0
634,196,92.090981,0
1689,2425,71.924957,0
1597,2130,3.981366,2
2756,1927,77.559715,1
2360,1205,16.534128,0
68,2787,89.584000,1
1959,1442,35.313869,1
2072,2901,27.663012,0
310,1980,54.253677,2
2395,2086,49.978489,0
2549,2181,58.958588,2
1212,1035,43.800209,1
775,2207,4.827292,0
1405,2394,94.434937,1
1592,2898,68.798378,1
2228,2485,96.891830,1
2833,1887,25.867846,0
583,305,38.972626,1
78,2500,65.804070,1
2238,2761,96.972504,1
2824,1579,2.665737,0
2659,2470,27.296423,0
624,457,34.394962,2
2991,232,10.122572,2
323,809,41.207680,2
1268,44,15.554100,1
2376,2027,91.315025,0
2597,2838,50.552063,2
1900,2071,65.680542,0
1577,1609,75.203209,1
442,1444,76.430054,1
708,975,99.218605,2
924,263,15.398837,2
1040,1930,21.706919,1
1569,1820,83.294815,2
2568,1208,83.328156,1
1263,707,0.787064,2
1793,1150,51.862907,1
566,81,68.463341,0
2254,1492,99.350868,2
1372,2153,73.645233,1
2623,2444,27.056549,1
1947,2807,99.431168,0
294,1254,34.969749,0
2818,2584,18.538107,0
2778,1469,19.338530,0
2610,1810,23.338743,0
721,2352,86.333839,1
164,2648,10.149302,2
294,748,40.972824,1
2167,1661,93.809845,0
2305,526,75.369370,2
1909,2530,46.146618,1
191,2158,48.337399,2
1443,635,86.986298,2
1320,2558,27.018578,0
2346,1377,94.011513,1
1733,744,82.346733,1
1198,2324,77.674355,0
397,1856,88.345299,0
501,2116,92.520393,2
2589,1215,55.090542,0
2131,967,36.475315,2
1277,2714,83.956223,1
1712,1173,4.353357,1
145,1389,71.618240,1
324,316,95.540543,1
2619,2101,86.246399,0
2219,2417,69.239761,1
2366,1377,83.893837,0
757,596,75.416084,1
2453,2995,42.864887,1
2565,26,55.018459,0
784,1207,76.092583,1
2250,800,85.233490,1
2555,2289,32.053432,1
1603,1937,17.632006,1
928,1058,73.013329,1
2687,2640,65.207680,2
245,1947,68.832237,1
537,2798,35.951912,0
2526,1905,77.223389,1
1046,330,83.031090,0
100,107,30.758408,0
1147,1777,30.219715,0
1231,1824,74.220642,0
1490,956,91.358261,1
417,2493,78.089714,1
2530,408,87.486816,1
149,2042,49.849209,0
286,1535,99.083389,0
995,1518,41.948112,0
2240,2753,70.027573,1
671,1377,11.361715,0
2408,2849,96.569832,2
1393,294,74.709587,1
934,2494,81.538422,2
1189,2944,80.038521,0
1841,416,27.788477,0
1294,1571,40.986950,1
2585,2127,0.113641,0
1094,189,2.019582,0
591,1176,88.551422,1
1863,2214,24.775099,2
1939,2159,77.234116,1
2470,43,64.729858,0
1242,2954,38.704971,1
996,961,76.905960,0
2996,648,74.784477,0
571,1673,39.338596,0
298,1828,96.399361,0
1665,1342,85.440323,1
513,1131,50.919930,1
1615,2018,30.470337,2
668,2614,32.563747,2
2495,886,27.827532,1
2668,558,32.307568,0
1324,735,73.307655,0
992,634,89.775200,0
305,1245,25.977156,1
2246,1959,19.529303,0
1983,1615,90.674995,2
2496,2158,54.754417,2
702,90,69.365791,2
2100,630,9.368409,1
565,278,55.655392,0
1924,2943,41.481018,1
45,2650,12.372190,0
1090,2561,22.895792,1
2810,2770,53.868805,0
2147,2902,89.524651,1
2944,2613,81.624725,0
204,673,83.942329,2
1606,218,92.467010,2
473,185,33.828373,1
1544,2731,81.525757,0
6,1788,87.280281,2
1499,2237,92.848885,0
1216,121,65.281525,0
2365,2819,62.921104,1
2263,2983,72.365448,1
1679,1128,84.136032,0
2639,1573,18.153528,1
605,2090,82.325180,0
1264,2689,39.364143,0
2220,1134,93.855461,1
1373,11,5.322347,0
294,2845,75.945595,1
753,879,39.708008,0
2909,724,94.480942,0
2225,2948,68.470245,0
228,2664,76.928864,2
88,506,45.459995,1
674,478,20.194080,1
1340,1069,10.302512,0
1427,1743,2.522310,0
1116,2000,92.541153,1
457,1511,33.163010,2
2207,2273,23.593058,1
1337,679,85.672798,1
2846,1745,57.468899,1
1705,773,36.555244,2
1152,2518,10.326834,0
2180,1974,13.712861,1
479,336,82.239136,0
1999,1759,47.690609,1
103,1989,18.471054,0
1313,1040,48.468479,0
176,2593,87.189728,0
21,1370,95.187210,1
293,1073,11.419789,2
2495,455,47.202843,0
2962,707,4.943305,0
2254,739,27.769102,0
783,1846,26.277445,1
2074,1815,71.994720,1
1709,151,22.352470,0
1458,1413,57.617809,2
1519,415,7.744169,0
191,62,13.861753,0
425,2825,85.582138,2
2583,2895,0.163137,0
1027,1949,13.073808,2
530,1973,80.482414,1
2661,2621,50.996143,0
1037,680,36.699490,0
2484,402,90.254105,0
1319,583,7.071317,2
2985,2128,6.829717,0
1497,262,21.943741,1
2595,1039,71.966599,0
1138,1930,80.428040,1
1498,2504,83.557037,0
602,385,8.211768,0
2778,2051,27.217304,0
964,1457,26.259953,0
2163,119,31.155088,1
958,2913,48.523514,0
930,2388,10.449280,0
247,2402,68.205902,1
1745,1121,10.292036,1
471,705,3.975975,1
799,1555,84.759216,0
1635,272,13.096940,0
2881,1780,16.270502,1
527,224,54.680927,0
2172,774,34.373970,0
2941,1538,46.814072,0
2002,1198,70.893478,0
1441,906,13.779871,2
1088,2770,43.149273,0
2774,86,32.070412,2
2915,1100,44.568356,0
1907,1274,71.442093,1
320,1634,85.389687,0
208,1993,92.552933,0
177,854,54.982777,1
1344,78,43.824123,1
2629,2403,65.960945,0
133,2319,30.720367,1
557,1924,69.177879,2
1307,1082,56.884537,1
605,315,94.051140,0
143,391,33.363167,0
1413,1119,34.902180,0
2423,2210,11.157856,1
1354,2589,7.965362,0
1355,2134,50.117168,2
1525,477,87.915154,0
2655,373,7.868441,0
2726,1879,9.247123,0
459,1041,46.977062,1
2302,562,81.628677,1
594,1227,36.135761,1
1315,2359,3.364710,0
363,615,54.686588,0
2337,2323,32.137600,1
2384,1504,91.870338,1
76,1907,60.279362,2
1249,868,11.109980,0
1473,1864,20.981325,1
2348,2361,13.696528,2
105,1479,97.693382,2
1312,2423,51.398102,1
2446,2745,59.490170,0
991,741,67.592270,1
861,1994,4.051879,0
2220,2159,44.082394,1
1115,310,34.994816,0
2330,2759,96.056648,1
2778,1165,75.586647,0
2703,2434,8.828783,0
190,2439,78.965744,2
506,2682,96.814285,0
2247,1622,50.468014,0
2517,777,3.167338,0
2920,940,76.249390,0
1709,1063,18.124788,0
64,800,60.897736,2
2884,2034,84.160042,1
1710,333,64.468834,1
2185,2837,18.910124,0
2069,1442,19.789000,0
1172,2165,61.879406,0
858,757,58.514366,0
2932,2413,49.177219,2
1748,669,17.916100,1
2618,2615,51.366734,0
2316,1485,45.934185,2
2336,2368,68.446083,2
708,740,91.286301,1
1838,1373,38.890476,0
1221,94,33.643425,0
158,1927,88.174889,0
2743,1337,19.490599,2
807,100,93.206841,2
2206,2781,56.024536,1
1527,1473,40.417336,1
310,2973,45.095863,0
222,2117,19.239204,2
1005,156,69.446404,1
188,126,37.869053,0
2005,1401,57.710331,0
2771,958,85.114494,2
2833,1028,44.882923,1
407,947,23.896980,0
2839,839,89.254768,2
1570,1828,15.547531,0
1184,2790,44.413647,0
2576,2004,15.194379,2
1824,2775,94.968781,0
1514,1197,51.657043,2
303,374,51.377769,2
2023,1506,35.709595,1
1838,1998,48.039997,2
815,888,23.497482,1
2385,312,20.735765,0
238,1834,54.848412,1
2151,1259,74.849243,0
631,2602,47.916283,1
372,1931,29.010456,0
2610,1550,11.949819,2
1101,2695,91.793816,2
2630,1490,31.458490,1
12,39,55.139034,0
12,736,54.210148,0
2718,2582,94.786514,0
2828,1713,80.107925,1
2805,2215,17.011358,0
369,2146,70.266083,0
1466,244,10.179338,2
2061,1428,45.822216,0
823,2596,8.815288,1
2737,1031,10.961137,1
2316,971,57.107018,0
2674,1846,22.365784,1
233,2369,68.141479,0
1498,2075,82.696327,0
2965,875,59.788517,1
2774,1906,28.878433,1
233,1375,62.725845,0
2602,1038,36.343796,1
2403,1308,3.020837,0
894,1569,70.009926,2
1937,153,84.292725,0
494,77,77.700066,1
2577,965,92.115616,1
2022,655,69.021614,1
1144,2135,44.293640,1
853,1472,15.798750,0
597,1626,27.528275,1
1929,1009,8.680367,0
2679,1549,42.988827,2
1162,2526,17.473309,2
2764,1682,87.479279,1
1678,159,71.255173,0
66,2458,2.756702,2
1031,1406,96.454033,1
850,2856,67.153282,0
1895,347,3.535102,0
1729,441,67.737190,1
1195,1997,31.162577,0
1793,2391,55.772789,0
1750,653,17.480850,1
2447,2840,54.635735,0
291,541,53.706009,2
2619,2895,73.076752,0
1360,2428,33.346783,2
1948,2035,40.178818,2
1591,428,10.242470,0
1449,1762,71.005157,0
193,1137,58.043934,1
654,2455,96.381638,1
1153,2951,95.513718,1
1067,2506,89.365585,0
476,1515,38.335571,1
2345,1603,4.889861,0
914,2935,17.444613,2
876,1107,86.992149,0
168,1562,79.185646,1
667,1698,77.189751,0
2853,1400,21.369127,0
2306,691,7.789097,1
779,2005,73.622551,1
2928,2169,93.993294,0
1011,2565,29.878912,1
2715,576,14.586256,1
1911,1458,0.762778,0
129,974,50.119320,1
120,2095,16.706717,0
2550,1142,17.558361,2
850,1637,25.553791,2
1930,834,33.256458,1
1341,807,78.530708,0
2349,2042,28.367191,0
2458,2690,70.713867,0
2520,247,17.702724,1
1167,824,70.397942,1
1892,549,48.190273,0
2989,1245,38.408348,1
2325,2609,74.985001,1
42,198,51.286148,0
1092,1587,80.112381,2
2628,2275,68.959419,0
2213,2573,77.781662,0
875,1976,96.059563,2
471,609,7.221053,2
2325,1471,68.034538,1
1145,2435,29.554403,1
2631,384,22.344027,2
241,869,32.527020,2
371,608,39.599506,0
2034,2833,93.787193,0
1568,2882,65.803879,1
104,2895,18.611969,1
1351,1236,39.925884,0
1514,692,39.579529,2
2015,1368,24.046011,1
29,1107,27.836760,0
2654,562,16.503159,2
1667,672,77.192223,2
168,1756,16.371674,2
1184,517,75.705338,2
2238,93,16.627167,0
70,1618,33.483730,0
2801,436,67.017143,0
2672,1956,80.596573,0
2457,1542,34.481747,0
405,1647,23.180859,1
2797,1169,80.268326,0
638,2395,21.105806,0
2659,1652,97.909126,1
1025,1194,91.425117,2
2146,2812,59.322857,1
2678,2617,15.789495,1
1693,1512,26.992887,1
2721,2837,30.340260,1
2165,195,22.938118,0
1927,2864,99.097008,0
976,1514,18.385918,0
2674,2634,11.568704,1
289,2288,21.895041,1
2311,2502,68.715500,1
554,1597,19.894743,2
1608,2373,73.530502,1
2833,749,11.709002,0
1169,913,83.729568,0
670,238,28.470577,0
2743,2372,33.543114,2
2264,575,40.188122,0
1362,42,98.456062,0
1311,1946,67.216957,0
2311,2420,92.359947,2
2827,1011,76.527611,1
720,1671,95.569206,1
1196,496,12.059772,0
1502,1080,46.404480,2
1542,2294,97.032532,1
1522,823,56.969410,0
160,1565,98.137451,2
2869,1252,44.493969,1
968,330,41.935535,0
2569,2652,48.148952,2
1031,2023,94.343384,1
2243,2331,41.290039,2
222,2296,67.540115,1
2267,2536,46.540413,2
231,2268,92.972725,2
2946,2437,38.767097,2
1141,390,27.349813,0
692,316,85.019341,2
822,1299,82.468079,1
408,837,51.986862,1
466,2498,77.981041,1
319,14,57.108631,2
709,1518,49.356731,0
1161,188,83.986015,2
2828,1268,51.885628,0
2263,1175,92.751717,2
1031,1883,27.714697,2
1938,2731,71.985870,0
2637,1263,20.845625,0
2294,2410,50.848125,1
1239,134,27.823412,0
1496,2239,5.813509,0
751,1552,29.885782,1
1,1854,20.092943,2
2166,2123,12.070002,2
1977,182,92.509308,0
2406,1680,39.689026,2
2751,172,29.064745,0
2752,2586,96.182594,0
2337,127,20.266333,0
1816,1688,11.695386,1
2439,427,14.544118,1
2321,940,13.231482,0
2391,2933,33.067184,1
666,598,83.029022,0
1865,339,45.489197,2
1244,956,52.590889,0
1204,2941,29.397835,1
402,1725,34.688393,0
1967,807,83.886436,0
1053,1886,39.117146,0
771,2473,3.583488,2
2368,336,32.016422,0
735,99,34.960567,1
1324,545,52.449730,0
2712,1303,4.472474,0
1716,2478,25.077785,1
209,1802,31.757545,1
2308,51,4.447777,1
1692,1202,9.639874,1
2106,2798,54.275951,0
1455,1293,15.084908,2
1523,1521,82.309242,2
612,624,52.464302,1
1743,2899,18.138702,0
813,956,52.919563,1
904,977,55.054829,1
1987,2843,90.479691,1
2964,2370,46.129898,1
2563,783,27.023411,0
1623,913,87.124619,0
20,1240,2.943591,0
1892,1294,69.884033,2
2428,922,22.413658,0
1283,2755,45.271477,0
1308,1755,64.236290,0
2815,2029,58.731792,0
258,31,66.680527,0
1368,1004,53.215237,0
2244,433,55.466225,1
1379,2194,99.460548,2
2018,1602,18.574614,1
735,2455,32.771580,0
1163,2510,65.948715,0
249,2241,29.391403,0
1727,2150,57.853912,2
388,2366,37.348942,1
409,1225,80.196404,0
197,2978,5.293342,0
1207,1194,28.322195,2
625,2635,86.952515,0
1978,1851,36.581375,1
194,565,27.761436,1
121,156,80.322121,1
695,2746,39.941422,1
2557,226,11.246623,0
967,241,46.738754,1
677,2409,94.255791,1
194,588,77.653999,1
860,2774,78.991974,1
2865,2062,10.110229,2
1003,1562,21.038649,1
2119,2095,37.998959,0
90,785,72.118263,0
942,1356,93.222305,1
1616,851,59.731499,2
698,1495,14.297665,2
995,375,14.945170,0
618,889,62.417305,0
1185,1837,97.029747,0
2446,2073,81.486740,1
2337,734,26.165121,2
350,32,66.850105,2
550,1125,14.528383,0
204,685,6.525838,0
205,373,77.609344,1
562,1542,10.698637,0
478,2139,74.542816,1
1057,1753,22.065193,2
2984,951,20.159855,0
2401,178,31.843794,1
1660,2889,39.695038,0
779,674,70.935242,2
869,1521,2.215563,1
556,1317,13.622010,2
1055,300,95.972862,1
2400,944,97.492805,2
2615,2643,35.656395,2
1022,2840,75.106285,0
2563,338,18.867550,0
2864,2666,70.391243,1
852,886,57.578217,2
28,753,58.630669,0
761,2931,3.139599,0
371,478,13.935378,0
133,248,51.319923,1
598,2506,37.164623,0
1397,2681,52.329659,2
925,1726,90.335068,2
426,1262,34.596115,0
2735,117,72.734398,2
2271,388,23.780167,2
2773,442,88.701965,2
953,1741,93.173409,2
2444,1962,26.939127,2
2584,2275,27.412296,1
2326,1297,48.307453,0
2372,1936,88.900970,2
1110,2628,64.886650,1
2478,724,79.585159,0
2447,1173,58.158302,1
2209,1703,96.309517,0
2317,1271,3.322426,1
1917,1914,17.442707,0
2566,2144,81.224495,1
715,45,57.831089,0
2785,1393,65.361969,2
542,2774,93.954781,0
11,2274,57.387218,1
1831,2286,74.677132,1
2124,2228,99.847725,1
86,2958,9.954711,0
2381,2560,53.881699,1
2516,1443,15.840851,2
2916,1864,43.560070,2
80,1228,24.002190,0
1108,2419,4.792592,1
2153,1646,83.678787,0
2174,2313,52.183571,0
846,1898,12.444273,0
1605,2608,84.726837,2
2025,1798,62.651535,2
1011,2437,93.014244,0
1606,2529,27.108208,2
2138,1291,52.865337,1
1017,2846,4.391390,1
2008,896,43.799847,1
1905,1536,11.685642,2
2278,1776,23.202368,1
2953,752,31.759172,0
2967,2037,90.360298,0
1056,1152,89.172104,2
1923,1238,10.387720,0
1362,262,17.874434,1
1636,1087,97.926659,0
1408,2209,82.291885,2
963,2927,9.163550,0
2639,1883,82.733826,2
1754,193,89.623596,0
2238,476,33.936207,1
2640,763,31.720327,0
963,1800,78.704292,1
2077,2334,14.007873,1
2319,285,45.810535,0
515,2806,68.766747,1
1253,525,50.611431,0
216,2963,45.803295,1
520,224,42.015465,0
2362,981,71.075912,0
1164,1477,48.592197,2
2049,1085,54.831482,1
2720,2480,85.865395,0
52,2665,34.941528,2
2116,2286,29.047976,0
1453,112,39.412624,1
1599,65,80.711357,1
1182,2652,63.612160,2
1051,513,1.606141,1
516,1535,21.769821,0
612,1295,32.241562,0
1778,417,89.295563,0
364,2051,12.298221,0
2323,2697,65.448433,1
1738,357,38.845467,1
407,2971,10.466278,0
1185,1090,90.167877,1
410,2153,75.903648,2
2828,2088,36.829674,0
1219,2968,39.833237,0
2911,1898,79.098991,0
1289,853,17.802458,0
892,1114,32.065083,1
2611,457,27.701601,1
339,154,5.626953,1
2038,1590,43.086166,1
1323,462,61.820469,2
1300,301,58.508305,1
221,884,57.503422,2
2149,587,21.422564,2
1077,1505,9.852699,0
2128,2261,70.276550,0
2164,1451,29.115910,1
393,1184,32.733753,0
248,1039,48.773624,0
1289,2542,11.970941,0
2000,2245,52.772469,0
1187,749,10.388982,1
307,2071,2.231137,2
2049,809,16.161388,0
1857,1987,85.464706,1
1867,707,44.517040,2
2091,436,63.731792,2
419,507,10.661922,1
799,2866,65.725204,0
725,2706,10.540314,0
2062,1589,96.725594,1
999,786,37.095455,1
19,1405,2.006166,1
1574,1904,45.146191,0
2553,507,8.116381,2
1308,1575,17.566788,0
581,2879,67.178703,1
117,2792,63.274879,2
692,2331,36.200157,2
676,1248,89.431625,1
2254,2780,58.720642,0
1907,425,91.095490,0
1782,2257,74.892342,0
1613,1133,26.343996,1
346,2709,8.318539,0
1907,791,67.237122,0
339,1651,66.455719,0
440,894,83.884407,1
2873,92,10.611806,1
1673,302,34.397575,1
1103,637,12.452326,0
2822,2529,56.527534,1
1300,1668,88.748428,0
2239,2368,78.049156,0
612,503,1.574441,0
1325,2261,60.733135,0
2490,227,84.850952,1
2503,1609,87.179626,0
431,979,82.792686,2
2892,657,28.589809,2
2368,1416,72.642578,0
181,465,5.649342,1
186,1845,49.225822,2
711,2677,5.724379,0
2332,970,97.632690,1
2763,1758,51.136276,0
42,2517,67.188370,1
2010,530,50.220314,2
339,1544,66.211578,1
684,1390,68.901550,2
2417,425,44.092175,1
2872,588,83.944260,0
2005,2387,73.932434,0
257,2562,76.200394,1
423,2881,56.411255,1
1894,380,35.129604,1
536,269,66.516884,2
2132,1044,73.883385,1
1537,1193,7.741293,2
742,422,79.640129,2
1010,1825,92.768387,0
940,2773,57.616268,1
2822,590,61.531395,2
2750,474,99.773308,0
1720,442,61.687126,1
1607,1927,32.616737,0
502,1873,5.483739,0
192,394,1.998981,1
1979,877,63.458530,1
2843,2229,54.274685,1
2600,1717,96.986923,0
296,1436,63.259426,0
2794,53,76.221352,2
1337,2845,8.227543,1
1524,2330,67.840492,0
32,1421,3.999632,0
582,289,6.153101,1
1258,177,6.347572,1
389,2896,10.550377,1
2153,728,60.939743,1
162,1566,53.459995,2
783,524,81.798637,0
2773,1162,62.878727,1
918,741,1.594164,1
293,1615,35.305855,0
2219,904,16.786430,2
841,2696,40.546986,2
160,2869,56.976101,0
2322,1958,24.768578,0
241,9,23.109938,0
88,2676,17.500174,0
2066,2413,71.666847,1
1306,1517,65.916542,1
1298,297,11.699005,2
1330,2099,36.939110,0
2739,1866,65.157875,1
934,1538,39.116802,1
1094,2676,47.527134,0
863,8,25.009466,1
518,2310,15.641205,2
2105,607,66.725037,0
2286,450,85.413094,0
333,970,76.813690,0
483,1360,12.631890,1
1298,1241,64.819588,1
1908,1584,62.480591,0
2297,10,17.308828,1
108,126,26.932095,0
1931,1876,95.561623,0
2759,64,16.448729,2
2506,666,13.329314,1
1396,1831,18.815289,0
107,694,71.322014,0
1097,1714,15.411349,2
778,2727,40.959152,1
1678,2534,65.348137,1
1399,2419,36.752960,1
2454,2985,50.688305,0
2807,1444,26.531132,1
2418,616,39.315807,0
180,2122,93.275398,0
2914,1988,85.539429,0
817,2594,84.793716,1
559,2111,87.492439,0
1699,670,13.469435,1
2477,1304,12.489988,0
1941,24,46.305538,1
1972,1872,48.705437,1
526,238,61.409973,0
758,530,11.890998,1
2488,2080,37.222408,1
306,1997,43.291740,1
1875,2836,63.574986,0
458,274,3.294980,0
2377,2943,10.063447,1
2221,2391,86.760704,0
735,1106,90.537239,0
2985,1723,51.599056,0
2461,1444,53.780334,1
194,2397,81.147362,0
2447,1548,80.959793,2
46,1464,80.074394,0
1793,2597,80.745857,1
374,844,47.056324,1
1219,2930,26.677183,2
1399,2706,11.939343,0
1654,1962,95.581566,1
1792,691,2.158404,1
2694,94,32.094296,2
2578,102,63.010136,0
854,2258,68.195038,0
453,1273,9.439371,1
639,2223,15.617677,2
364,789,38.651161,2
894,748,19.002207,1
2180,2483,65.247826,1
405,2585,39.886955,0
1481,1392,24.163212,0
1341,1907,14.718601,1
2831,2354,86.274841,0
1452,2013,63.669426,0
1306,768,48.715988,2
1557,2901,8.865295,0
2802,2859,55.503532,1
2337,1830,19.909082,0
1864,2544,15.510198,2
812,2962,66.049225,1
1359,1724,89.391068,0
2235,1934,68.008904,1
638,171,76.992943,0
2391,1122,81.107315,0
1160,1508,96.544441,1
549,912,51.776688,0
2348,219,74.299492,0
1596,204,6.371167,2
2849,343,87.056572,1
1914,868,1.672563,0
2658,412,36.607456,1
2138,1832,84.111923,1
1590,424,6.665504,0
1951,1983,92.045952,1
905,1583,4.638893,0
1810,19,13.808321,0
1992,1950,61.330257,0
1746,557,75.632851,1
548,2671,65.745010,1
721,2252,49.467079,2
665,1569,82.528702,2
1402,2012,33.320774,2
980,1429,84.719864,0
1280,423,66.052689,1
1266,1582,24.338324,1
2673,1554,11.654899,1
2842,8,36.049568,0
2759,2705,76.922897,0
2313,2702,55.477489,0
324,374,92.733116,1
2080,861,48.371819,0
1370,1158,42.216785,1
423,1857,6.741408,0
1368,747,29.791418,0
1304,387,0.708885,0
1203,2591,13.442445,1
1622,39,62.393402,2
706,39,56.320484,0
1746,1972,75.996223,1
1621,1804,78.194244,1
2962,1087,67.304459,2
2223,1946,82.013199,2
440,1881,28.671087,1
882,1263,10.184855,0
1777,808,81.798462,2
2161,1886,17.227724,0
2840,2496,71.776688,2
1937,1753,31.211756,0
455,2230,59.341953,2
909,1121,38.005169,1
1095,200,21.386166,1
99,1783,67.500290,0
1523,720,80.891014,1
370,2785,74.505081,2
1584,1960,40.863091,0
2150,2146,79.567253,0
1386,598,55.182850,0
957,931,61.061272,1
279,1561,96.364159,2
1313,1791,45.059067,2
1762,2036,40.299149,0
839,2382,76.170097,0
2979,2124,59.398758,1
57,74,44.259865,1
683,2261,97.692162,0
1466,1968,0.581143,2
2267,324,97.052162,0
1661,1866,68.534241,1
1375,669,98.899689,2
1547,2446,84.869072,1
41,809,71.827881,2
590,1494,78.133736,0
89,1618,56.850960,0
2069,1808,87.094086,1
1030,304,1.122048,0
2693,1077,61.615810,1
1319,2085,5.477526,1
1519,273,33.531582,0
1540,2885,16.844751,2
220,2736,45.889431,0
226,2662,49.179951,1
95,395,35.855045,2
1599,625,92.664810,1
1521,1273,36.472614,2
244,2068,72.524147,2
172,424,2.429729,0
2133,2824,90.554184,2
629,1490,28.836390,1
507,2934,22.756519,2
249,1312,2.669568,0
2421,1754,33.635952,0
2946,2866,42.058876,0
462,192,16.496519,2
2933,1855,91.996010,0
1982,349,10.637591,0
421,2452,51.381123,0
1126,1192,0.986087,1
1569,815,95.238914,1
2783,1167,15.498484,1
2970,1664,12.956944,1
2312,23,80.566566,0
1221,1688,98.281647,2
1644,476,75.845566,0
436,2649,75.616737,1
20,390,97.164055,2
2186,1058,66.654961,0
1849,1137,43.856834,2
2193,1830,93.115677,1
2091,2755,73.669525,0
123,2537,65.380043,0
95,993,87.673042,1
766,399,54.047966,0
890,390,38.560268,0
2192,362,96.514717,1
685,1055,68.444427,1
1517,635,91.345627,2
1016,1275,25.843979,0
1723,2736,78.823097,0
2811,153,26.588655,0
856,2116,26.201319,0
2227,2940,41.660271,0
2508,2261,12.554849,0
1376,706,5.410852,0
798,821,33.070244,2
2069,2353,80.342010,0
2986,1288,7.469427,0
1729,2531,72.908577,0
1420,1916,67.908508,1
2768,1904,75.114372,2
1732,2761,6.608244,0
2389,1778,56.419689,0
1705,1150,28.477840,1
1793,2053,76.875687,0
2919,1022,31.935968,1
2660,864,32.066624,2
1603,1245,17.628202,1
150,2816,8.856511,0
1125,1121,94.163078,1
885,891,67.814018,2
2600,1927,96.644524,1
190,1973,46.569778,1
2607,726,59.077408,0
2991,2073,15.437182,1
1196,1589,73.779846,1
2469,670,90.127281,1
1206,1333,64.228470,0
1,2812,54.440506,0
1422,277,70.835037,0
1745,2284,52.381527,1
2510,26,1.079150,0
778,686,38.254604,2
233,1355,75.757294,0
317,2644,91.582039,2
2534,1451,46.067722,0
393,2219,58.925587,1
1724,2079,64.305176,1
379,798,32.748112,2
1555,833,17.135485,0
1345,465,92.661964,1
48,585,78.105789,0
1627,2270,31.006044,0
910,1024,47.856506,0
1847,1832,14.585160,2
1039,2601,9.142252,0
2281,1082,94.699585,1
1599,2576,57.701939,0
1448,797,0.723576,0
974,1633,74.104454,1
850,1225,97.352089,0
1744,367,73.990463,0
811,2499,56.880905,0
2214,2835,89.226234,1
2379,1975,34.759140,1
603,713,94.573158,0
1198,2203,96.489212,1
2954,2055,62.264072,0
2,1899,44.000664,2
2357,624,50.587128,1
2563,1464,44.527084,0
2399,969,75.791649,2
418,1268,93.438469,0
2133,2936,82.739571,1
123,740,84.901718,1
751,1867,30.832397,0
634,2183,89.772629,0
124,2762,16.298359,2
364,2398,53.645645,1
1616,584,6.275307,0
1799,917,24.295498,1
1357,929,89.109352,0
2326,2405,95.403976,0
184,758,54.217125,1
2377,1726,71.701889,0
1740,2039,96.984718,0
203,982,20.104429,0
1351,962,42.278252,1
340,2820,41.442688,1
1705,2639,66.922203,0
1209,214,15.600608,0
2588,1663,57.648670,0
1049,1667,86.413139,1
625,2516,12.159595,2
1495,1788,15.846897,1
1075,46,90.691017,1
2135,919,54.971313,1
957,2939,83.169189,0
1356,2950,57.947018,1
2746,2138,75.239311,0
894,2116,8.534572,1
1686,1750,42.498573,1
672,1714,54.668278,2
381,2290,78.115456,1
1820,759,66.177872,0
2484,2821,79.856125,2
2828,2860,91.834000,1
25,51,33.300728,0
555,1468,1.757589,1
2102,1041,54.250412,2
2057,231,58.913647,0
477,1828,61.726620,0
2980,525,9.060320,1
415,307,7.231003,1
550,2582,2.199992,0
1315,568,79.526085,0
1637,915,71.984276,1
1431,782,12.378963,1
2016,2273,94.966599,0
2821,2888,59.361134,1
447,397,28.154146,2
1009,1040,12.466325,0
2966,727,89.582199,2
1366,292,4.827054,1
2426,1917,5.757744,1
2351,1517,41.292404,2
790,835,59.473358,1
2076,626,6.077762,0
1200,185,49.590652,0
1469,1790,16.594593,1
1528,1599,84.195892,0
2083,531,23.497978,1
2332,2853,81.277069,0
1357,768,18.897507,2
1074,454,25.180080,0
2533,1981,38.176323,0
2127,126,93.493057,1
2438,1244,70.504616,0
197,441,50.082104,2
1779,285,34.146000,0
73,26,77.633957,0
2856,1346,70.684639,0
1821,1860,47.200985,2
2658,2739,7.488935,0
144,2308,33.699017,1
226,1913,32.536785,0
2542,2739,50.892178,0
484,2063,29.992180,0
1534,2372,6.252200,1
1043,2789,18.076326,0
828,2714,35.427570,0
2603,2759,81.165207,2
1093,731,9.984344,2
1530,2231,47.433781,0
424,879,84.034149,0
62,1712,29.557508,1
2033,2615,46.486416,0
2837,2723,91.786728,1
1574,2667,19.169886,0
1553,1927,30.762558,0
1400,1323,97.826134,0
42,1737,22.401489,0
554,2517,14.163178,1
109,2064,74.819344,2
985,1576,95.777267,0
1410,1752,70.230530,1
2904,2943,75.693901,1
715,148,40.724499,1
2726,2375,50.715591,2
238,2132,50.634327,1
2501,1162,34.112404,1
1980,351,61.832306,0
1850,991,94.773453,0
1592,2290,70.453735,0
1167,245,38.156212,2
620,2355,81.595871,0
2196,567,36.520184,0
2673,288,57.015816,0
2683,197,30.441488,2
2991,886,39.876213,2
2657,2211,63.296700,1
1797,1400,65.238525,2
678,395,22.171089,1
1505,2686,85.138733,2
1057,1163,84.937889,1
2140,2857,57.020023,1
1400,1115,6.046133,2
1473,397,9.066729,0
159,1944,14.019957,0
2330,1689,80.512177,0
1150,2200,86.985016,0
2070,1733,51.718483,1
114,417,8.054366,0
2110,2775,89.857033,0
267,431,62.517189,0
1605,2568,46.484722,0
948,2805,19.397491,1
2734,538,50.818539,0
1341,2138,9.949041,2
2091,790,70.390312,0
738,369,93.054688,2
12,1975,71.004303,0
92,405,58.582432,2
2352,1769,32.565983,1
2183,417,44.384449,0
2174,625,15.746277,1
2041,2072,72.872208,2
2879,2463,68.485229,0
2185,2041,94.208908,1
1589,2711,34.266972,2
314,1268,84.634651,0
2763,161,60.373726,0
2551,2659,39.084709,1
1985,1864,63.801167,1
543,2787,75.228424,1
2009,2767,30.474873,2
1546,361,11.093588,2
907,2843,57.048649,1
792,915,22.837543,1
713,1530,96.071434,0
1355,2016,23.719513,2
1135,2492,44.176647,0
2324,1857,65.306320,1
1010,1439,72.228470,2
2796,2744,92.065285,0
1026,2560,99.509239,1
2160,8,0.026519,0
1813,2107,75.437027,1
67,399,98.728752,0
145,980,62.179729,1
1618,2795,73.160263,1
2102,1603,28.135391,0
780,1306,46.693443,1
2541,1093,18.858065,0
2993,2880,84.596222,2
2373,395,54.943752,1
1399,981,96.832382,0
2007,650,25.994562,1
2494,2266,96.095917,1
206,993,17.079258,2
454,1363,54.500065,0
1084,1789,67.279297,0
1928,1172,11.034143,1
2956,535,30.793671,1
246,211,80.302910,0
352,1962,67.735336,1
2078,352,12.030543,1
1350,2973,77.230087,0
2038,1013,38.572140,2
1159,1227,19.371861,1
1763,2340,25.094090,0
737,431,31.988077,0
944,2625,29.977358,1
2899,896,35.182770,0
492,2747,61.146988,0
1578,180,47.006458,1
826,2043,87.194244,1
289,364,59.952522,2
1425,2508,31.529135,0
427,2916,49.604088,1
530,1090,33.397495,1
2532,2781,84.497574,2
2875,2160,84.816521,0
224,211,68.720879,2
2473,2101,29.538473,2
2117,1971,70.049042,0
2893,1794,62.909245,1
633,1717,46.222424,2
385,42,11.579415,1
183,347,53.510792,2
2696,1790,66.636559,2
680,916,72.568787,1
358,1509,92.785172,0
1238,2711,14.496468,1
2136,2870,28.729704,1
1736,2113,32.121246,1
2981,798,84.601318,1
1776,1290,44.178371,1
2208,1211,74.353302,0
1449,2357,10.587027,0
466,1085,39.558411,2
2662,304,36.322987,1
1583,2069,26.320196,1
1287,2082,91.727173,1
813,2322,59.784748,0
1949,2610,60.717907,0
1687,2335,17.824011,1
195,1013,84.099113,0
712,2894,2.401832,0
277,2188,57.520382,0
2156,2906,88.783272,1
1261,2377,19.736776,1
2426,949,97.108871,2
1256,587,43.115925,1
2888,801,9.118869,0
1913,2962,33.987717,1
163,412,9.388527,1
2868,1749,32.347298,0
1532,764,82.678436,2
993,1376,60.638271,2
123,2495,68.618797,1
2949,2468,73.881981,1
2200,2922,92.780487,0
552,1995,74.456367,0
1515,1393,80.345734,0
110,1137,9.763270,1
1118,2640,55.541103,1
1818,2588,65.792709,2
2633,1149,30.392040,0
961,577,84.482124,2
922,1489,64.752914,0
348,1284,19.555500,0
2009,2588,45.818909,2
1285,611,87.351364,1
1882,1007,5.765443,1
2300,292,86.735703,0
193,1381,27.285789,1
1724,1899,93.413910,0
428,2351,40.483093,0
871,1376,25.308132,0
933,968,10.238086,1
902,306,72.755249,1
46,2525,12.565211,0
2633,623,79.759628,1
2976,2393,51.998940,1
477,1221,21.329580,0
1776,2225,45.185349,0
612,433,31.635839,0
2411,1591,55.332054,1
2645,1742,24.901434,1
1786,2014,78.730385,1
1822,489,37.290852,0
906,865,29.252512,2
2736,129,2.584899,1
542,2394,61.318699,0
1690,1289,27.649523,0
2401,150,88.418335,1
2259,1560,61.029503,1
271,2130,15.902790,1
2902,1742,37.380482,2
1543,62,53.907276,0
979,2511,4.696961,0
2766,2640,28.547871,1
2727,1848,41.319263,0
1823,2146,30.782040,0
354,2789,59.777264,0
1878,920,43.007576,2
2856,1264,14.461933,1
1656,2003,81.547432,0
2639,1019,58.919029,1
962,1050,74.776192,1
2043,2017,48.218269,0
2205,2153,92.907547,2
2731,1997,18.094528,1
1223,1859,30.696182,2
1969,2912,2.890975,2
704,1270,47.617062,0
1549,1197,16.055387,0
2944,1542,67.265076,0
1492,1350,10.816671,0
2638,2190,60.932102,1
2546,714,47.929657,0
352,1821,27.279583,0
1202,270,20.359287,2
1002,31,60.115215,0
1012,819,32.255230,1
2533,2838,33.453072,0
2747,29,60.302216,2
2368,256,1.777414,2
2926,371,95.348633,1
2098,1517,73.372009,1
1466,298,28.306232,0
521,718,65.091827,1
1050,871,12.936391,0
2977,2737,14.595923,1
2318,366,2.062854,1
2076,756,5.677125,0
2870,2591,83.133629,1
335,1766,10.782621,1
589,259,32.113960,1
469,1798,93.697121,2
490,1151,60.583881,1
2715,1555,80.634384,1
1443,1600,70.617699,1
2554,516,14.464165,2
1399,2511,44.715881,0
2143,778,29.859892,1
2189,1628,74.449425,1
2807,1741,70.844818,1
2761,599,70.242119,0
983,350,29.378769,1
2673,275,47.652115,1
2010,671,89.906715,0
23,1674,91.502678,1
2554,2089,91.514618,0
2934,662,21.744076,0
830,1918,4.986200,1
2443,1800,31.174957,1
2217,2411,78.620537,1
2784,185,20.714178,0
2815,1467,32.658573,1
486,1753,22.838661,2
2867,1793,24.426985,0
1157,1330,33.905994,2
267,664,39.695293,1
1911,2086,33.887478,0
328,1502,24.512171,1
2048,2184,75.170921,0
42,1687,91.921089,1
614,1659,71.495834,0
157,2957,53.780842,2
1361,2713,50.107346,0
2258,198,48.004772,0
1971,1598,55.001152,1
1080,785,57.237221,1
19,1734,10.789272,1
1947,916,75.248093,1
2787,535,17.604452,1
136,1466,70.562332,2
954,2995,71.402237,1
2204,378,78.857849,0
1355,221,19.709412,1
180,2221,53.240688,0
19,1654,89.221504,2
29,1818,97.780128,1
2481,140,98.024269,1
1864,1487,46.099922,1
220,2372,51.906857,1
965,588,86.373123,1
1511,1673,73.803642,0
2925,1224,27.068333,2
214,413,30.218130,2
1790,64,87.378166,1
1301,14,70.524323,0
797,742,95.852638,0
2640,1817,7.559197,0
2020,1509,97.669624,2
2152,1090,46.310169,1
62,514,23.578423,0
2492,1561,20.614285,2
2894,1806,74.686378,0
524,2553,86.727669,1
270,2681,59.520969,2
382,2997,22.187117,1
843,61,60.516281,0
282,168,88.269096,2
2278,32,50.395855,2
2517,2060,22.101141,1
2680,2740,21.041559,1
1927,2098,27.568947,2
194,2469,10.028582,1
2792,1385,1.154093,0
552,347,88.776245,0
2090,2906,83.447205,1
1200,219,82.647804,1
2004,2764,95.807152,1
1611,243,0.354077,0
1711,1008,44.870331,1
282,1931,31.431610,1
2271,393,6.616934,2
336,1173,9.560445,0
2518,1274,95.195000,2
2912,434,61.308971,1
2219,305,80.244804,2
1424,535,19.073902,1
993,1930,43.813644,1
1571,2575,59.789013,1
457,2238,5.753755,1
2975,1818,37.848919,2
415,1613,24.850262,0
2325,1897,32.193325,0
1509,1886,36.727768,1
933,163,60.938774,2
1788,2475,93.043068,0
435,1206,53.983540,0
481,1524,63.612007,0
1126,841,77.643166,0
2894,1292,37.553894,0
512,1456,44.854893,1
1708,372,66.565872,1
2764,56,50.035686,1
1612,2404,72.111984,0
1791,259,4.138761,0
859,1720,34.214283,1
112,1400,24.265638,1
97,2195,19.414761,1
1949,590,18.543131,2
36,2734,54.737076,0
528,2755,97.150360,0
2800,2748,85.731819,0
424,2186,47.575512,0
2572,22,21.980103,0
2604,2382,77.210571,0
1685,1147,26.849024,0
34,257,73.371811,1
2618,2141,99.178596,0
287,1885,22.147484,0
2090,2006,71.758064,2
1955,9,99.693291,0
2628,2943,4.771044,1
841,2619,0.060712,1
1743,1255,39.942318,0
1993,147,16.742691,0
1646,489,65.726517,1
1332,1261,64.267235,0
1044,933,93.230186,1
1595,2164,77.772659,2
1660,296,70.517326,2
1742,1092,62.308506,2
1220,567,65.060562,0
1614,187,94.505081,0
1943,1759,57.963520,0
84,1436,63.437542,1
1176,70,2.674063,1
584,273,48.393211,1
569,1127,26.149132,1
1630,354,78.090797,0
5,2262,64.552444,1
2985,2975,77.148857,1
731,1543,90.927040,1
1903,2196,74.966400,2
2096,1781,6.678518,1
2929,762,53.043289,1
2092,1192,25.083075,2
590,1971,54.110397,1
384,2184,6.248868,2
1929,488,86.061478,0
2981,1080,38.825520,2
2269,1196,45.916672,0
425,355,63.070045,2
1425,2235,7.599165,2
2862,2728,54.021191,1
1771,90,2.115281,1
800,1120,21.829124,1
570,1691,32.348228,2
936,1700,33.094463,0
2415,503,44.107201,0
2028,2988,53.149876,0
2449,1699,40.065010,2
813,611,50.546356,1
1634,1501,63.903164,0
471,514,87.617630,2
2743,1807,36.325615,0
1379,2196,96.399261,2
1505,792,72.960716,1
1778,2271,22.579340,1
1580,2173,62.730679,1
661,1474,18.414476,2
2384,187,25.268696,0
183,155,41.149147,2
2015,1849,6.658484,1
437,1947,4.970294,0
1797,956,48.657944,0
2332,2650,18.006565,0
2006,1780,30.283388,2
2166,492,49.890884,0
618,1887,55.372448,1
1506,2213,36.864655,2
683,2318,45.638638,1
2788,514,67.565773,1
122,1480,5.500049,0
434,950,16.206125,0
2430,1087,9.838254,2
2530,160,22.463869,0
1063,707,4.659168,0
847,2325,91.409973,1
2892,714,91.892151,1
445,2845,43.051640,1
2974,2527,72.799561,0
875,648,19.187069,2
1927,906,83.516907,2
640,162,66.861717,0
2623,1328,91.959984,0
1085,2721,43.097977,0
2585,383,70.417656,0
2413,2748,2.596692,0
2644,703,33.752483,0
1749,415,74.383011,2
1387,2630,68.136345,0
1342,1524,52.916538,0
2759,1976,20.679920,1
1099,1083,46.199276,2
1015,1629,86.684433,2
270,119,84.012825,1
307,2409,17.998623,1
512,824,5.511676,1
1650,1957,5.258859,2
2947,1785,78.966324,1
610,1071,56.760227,0
2255,1009,75.297897,0
1392,2445,66.145782,0
2288,406,9.468184,1
1589,548,77.847198,1
504,1614,10.816794,1
2757,405,56.846512,1
1438,51,28.222080,1
682,1059,22.623892,0
2111,2793,29.107277,0
2254,2074,18.993406,1
202,500,99.188126,0
1764,2090,63.719383,0
23,2936,70.411697,0
602,2484,32.994595,0
659,2537,38.207806,2
1152,2279,71.284813,0
2617,1310,60.895851,1
2371,2078,6.616127,1
800,71,22.172333,2
2269,2584,89.864250,1
2794,2254,10.807070,2
2761,2367,56.002865,2
1171,1596,14.054544,0
203,1605,59.601414,1
1563,1808,82.589081,1
983,963,79.105042,1
1946,136,80.962227,2
2597,611,82.163033,1
678,2741,19.797945,1
2817,623,73.318596,2
2622,2846,43.992023,1
1794,875,84.297600,2
1535,2591,99.764923,1
1972,83,32.769138,2
2055,2602,60.270447,1
674,2268,16.884706,0
2063,1967,58.790848,0
728,2629,31.222805,0
946,2652,20.810442,1
2323,2683,11.422462,2
2662,1349,21.420729,1
1707,2544,71.950508,0
2834,427,71.063599,1
2380,1508,24.051029,1
2289,89,20.165836,0
522,795,54.430248,0
1946,780,71.058014,0
2271,2654,76.967842,1
46,2398,66.664108,2
439,1486,12.632572,2
790,1799,46.469799,0
2219,2188,64.305786,0
2437,2672,86.817757,2
1613,2313,67.943130,0
2850,2357,18.067213,2
1401,2785,57.238842,0
1219,1644,25.040646,0
2317,2391,37.743801,2
1451,1320,49.072052,0
115,1011,79.975822,0
2899,1195,48.968849,0
464,837,64.114517,1
2819,2567,56.480534,1
2986,1141,69.057999,0
568,1715,8.268291,0
979,1105,88.571243,1
2110,2415,16.845585,1
616,2470,32.098072,0
1211,2586,36.367527,1
2199,1894,25.510349,0
2855,2069,74.859779,2
2728,1111,34.259117,0
1123,71,35.400902,1
2151,2275,4.237445,1
373,303,82.795761,2
574,1673,93.962906,0
578,962,63.009186,0
2727,1637,84.776886,1
2606,2808,5.824770,0
2221,2463,44.629440,2
481,1069,50.669453,0
852,2968,50.836533,1
2327,830,47.478390,0
1896,1677,35.613110,2
1479,1144,47.470001,1
559,2151,67.818733,0
490,606,58.454498,0
2803,896,67.619522,1
572,2139,28.490681,1
873,2233,57.536385,2
1726,2859,15.007553,1
1585,1539,12.836733,2
2623,2667,78.426277,2
2489,1497,19.848770,1
1110,1808,23.559906,0
1060,1241,50.540489,1
2477,1302,74.553520,0
1688,2601,30.057589,0
1041,2337,62.535137,0
2103,1549,76.290382,0
1606,590,15.643653,1
2606,2948,91.497437,0
1566,1498,12.064101,1
1771,1132,52.791737,1
2157,1078,24.721741,0
514,1067,34.820503,0
2165,134,48.945225,0
2413,398,20.705055,2
668,1736,19.573679,1
686,2573,94.980522,0
1587,2158,34.996319,2
1833,1421,43.631531,0
1088,1564,19.317211,0
1164,695,51.768623,2
2590,2855,14.668311,0
2938,2670,91.530533,0
160,2829,45.230610,0
1171,1855,60.040211,1
1370,2381,60.380695,1
1207,1023,80.790680,0
1463,960,87.303230,1
1044,2848,64.348160,1
707,647,21.227892,0
1766,2195,18.153326,1
2662,2428,87.618484,2
419,1274,41.293736,2
2977,2452,37.970325,0
1269,2257,49.909435,2
731,2787,4.462737,1
234,568,25.244089,0
1940,1266,47.263271,1
1712,261,3.270427,1
1356,534,58.934395,0
16,480,17.894419,0
2564,2026,83.801781,0
1905,2493,34.217064,0
1617,1393,87.128433,1
182,1814,31.701702,2
787,2964,68.438927,0
1338,506,1.836733,2
1822,1195,24.387405,0
1403,1212,16.499929,0
1460,2124,14.098547,1
1863,1736,69.207565,0
306,388,54.935520,2
2075,794,10.310731,0
1485,1015,20.230930,0
1300,2647,53.033642,0
564,1633,2.866028,2
747,2357,97.725716,0
1129,880,21.728970,1
433,1992,30.403261,0
2176,2205,93.521667,2
630,2978,73.298569,2
2724,505,22.952848,1
820,1822,25.229570,1
1035,2576,84.470932,0
2196,132,26.600117,0
1880,340,82.771133,2
224,1749,66.203537,2
2407,716,88.216354,0
256,1734,71.299362,1
426,2761,95.938324,0
1171,597,7.670238,0
2730,706,72.039894,0
503,905,56.548203,0
603,1853,46.071056,0
2951,336,82.620773,0
2105,970,17.364613,1
354,1311,47.237488,0
2760,1535,12.714137,0
1727,1719,79.819016,2
1485,1040,82.614082,0
2625,89,95.132309,2
2436,595,39.502178,2
184,1995,14.281766,0
1257,757,55.959572,2
2861,1105,10.619064,1
636,1698,25.641478,2
682,2836,92.562370,0
492,2965,6.661727,1
610,625,94.218605,1
979,2133,82.019043,1
2013,714,30.501547,0
1912,1193,86.546921,0
1337,230,61.250515,0
2950,2807,19.499569,1
590,2401,36.213375,2
2832,1887,31.650372,0
4,284,36.296093,2
2926,1062,69.361038,0
1614,749,88.442245,0
859,997,76.705795,0
525,1495,92.334984,2
2869,1158,25.268816,1
2122,1198,63.071381,1
2844,725,74.431747,0
2319,2954,81.517715,1
1500,160,98.726433,0
1902,2011,0.941036,1
1832,71,90.797363,2
2959,2549,22.921581,2
1376,16,18.509544,0
1096,2135,37.561081,1
2194,999,16.964064,1
2000,2970,24.366972,0
452,835,57.344650,0
51,2023,52.996670,0
150,729,94.196884,1
454,1762,46.559940,0
2860,1859,89.758888,2
121,2576,15.261405,0
989,2590,77.948540,1
252,385,48.745350,0
2353,1079,20.651400,1
1421,1327,83.436790,2
902,1266,38.295433,2
1417,2508,70.151627,2
2602,1164,15.397751,1
1267,152,16.327087,1
385,471,18.715706,0
2123,246,40.010017,0
2150,2697,11.119154,2
575,1099,62.360947,2
2581,2355,29.436348,0
1042,1062,32.577839,0
1333,17,26.125557,2
2854,331,6.146787,1
1770,1375,8.814670,0
747,939,3.338413,2
260,2572,56.464195,0
2362,1034,27.236090,1
2775,206,58.533958,0
2419,570,42.824005,0
2545,30,26.863766,1
2219,2460,30.884768,0
2695,1390,98.490761,0
2062,889,33.594196,0
251,2520,78.772430,0
2699,1383,65.525658,2
2097,1096,31.709389,0
612,1499,33.831459,0
725,1959,5.984247,0
359,1796,70.167282,1
1742,2266,86.295967,2
2671,1934,42.706879,2
806,1881,18.139687,1
1347,1239,93.853493,0
2686,2433,44.555931,2
517,2507,69.044922,0
1379,1285,81.232216,0
1602,349,73.140587,1
1569,1181,72.734406,0
211,2214,95.270020,2
744,963,53.323025,1
2772,1207,0.397157,1
1716,1475,17.163027,1
289,318,92.417618,2
1597,519,56.191189,0
1550,572,26.622377,0
2269,2890,70.558838,2
1665,943,55.592293,0
904,1310,32.437077,1
1479,1746,60.544151,2
322,535,29.460577,1
2479,2884,23.833191,0
1163,1769,84.450470,2
2335,108,16.157366,0
1836,181,43.917679,0
909,384,44.546219,2
1727,502,51.015484,0
489,1737,67.533470,0
2651,299,70.006020,2
832,1730,40.536839,1
1124,2470,24.015348,0
461,723,43.684212,1
684,1691,61.384701,0
527,316,27.974375,1
510,930,44.717934,2
2040,55,68.080780,1
815,315,3.822040,0
192,488,31.138084,0
366,2521,94.063309,0
2666,412,28.260431,2
2784,2580,71.865402,1
969,2230,91.737671,2
859,1575,72.211830,0
2858,2650,82.666969,2
443,1371,72.732742,2
2601,85,38.032402,1
1550,2205,20.294167,0
1153,1229,9.191761,0
372,1415,21.293083,0
1898,1234,66.835075,0
207,538,41.120747,1
1650,614,84.869202,2
170,2027,79.470787,1
1733,1900,5.417948,0
284,2809,50.787334,0
851,2888,25.452805,1
70,1500,67.105011,0
1082,2151,51.599110,1
2717,1487,76.496552,1
42,907,92.987289,0
1693,2348,26.744095,0
2996,1742,92.607468,1
26,1555,82.141228,0
363,2114,45.433559,2
2973,464,95.768456,2
1688,1565,44.241680,2
121,2443,65.839966,1
853,2263,19.499130,0
137,303,98.849457,2
49,588,59.821140,1
921,1691,19.928658,0
2033,652,82.036194,2
452,531,0.293666,1
882,107,76.293800,0
721,1981,85.937325,1
2803,2699,34.262573,1
1435,2488,56.696571,1
2444,635,18.537882,1
2809,2691,59.948826,0
1241,691,57.610596,0
356,2741,18.555552,0
49,2360,30.131748,2
1034,1687,59.080769,1
1801,2875,34.034126,0
1912,1667,84.300552,2
2294,235,87.829666,1
2370,1594,53.346142,2
789,508,95.437401,1
2052,917,75.072411,1
12,2454,76.912743,0
1846,1115,78.985886,2
1972,1517,88.331764,1
230,2918,35.486546,0
772,1967,5.785620,0
1145,2306,2.999944,0
2233,1045,66.482468,0
1824,1528,29.048557,0
2450,2710,30.621977,0
135,1480,89.939079,0
2040,723,80.031113,1
2337,744,44.598709,1
240,199,14.024006,2
2512,2290,28.500616,0
1617,2743,73.153709,1
2614,1103,32.666603,0
1547,68,31.015360,1
310,822,59.981846,1
840,1178,43.957623,0
1236,2710,96.770241,0
568,2801,7.451911,1
1550,108,98.355858,0
75,2522,1.747731,0
1342,2134,64.166069,2
864,1374,40.119991,0
2807,870,64.191422,1
1727,892,59.653904,0
963,2435,62.288258,1
256,2450,58.404186,0
588,1529,61.584290,1
1191,1148,5.277886,0
1170,834,25.872000,0
1034,417,97.389221,0
635,9,84.108070,2
522,739,40.310444,0
2268,803,28.064697,0
2979,2088,11.993517,0
2096,2676,62.684959,0
1140,1411,2.795833,2
869,922,78.427856,0
2252,697,25.763416,0
2899,718,83.261459,0
2026,2102,28.163475,0
518,2280,52.714260,0
2288,2243,21.738186,1
878,2372,53.665291,2
785,1518,6.163587,0
2139,712,82.765533,1
2759,1938,60.988476,0
2342,2377,9.533192,1
2986,1569,99.279984,2
2356,2320,88.321899,0
2725,1780,61.495415,0
796,846,86.203522,0
2743,835,33.474049,1
753,375,36.826714,0
1109,410,34.488117,0
1719,22,25.326239,0
1352,1663,18.776987,2
142,2994,46.576027,1
1557,1338,78.512688,0
1479,794,69.871361,1
1633,1461,25.012033,1
1237,722,31.287226,0
461,2996,14.698396,0
794,1700,46.195026,0
65,2763,13.048089,0
1369,2298,69.230316,1
2553,2170,54.216354,0
926,387,48.919086,2
1393,33,65.177269,2
1985,2106,17.427866,0
2175,829,99.945152,0
1518,2064,71.875084,1
2874,599,64.478630,0
29,400,91.617622,1
235,1433,10.384368,0
2212,1048,45.023312,1
1961,1721,68.770699,1
225,1506,1.766507,0
2093,2582,37.877144,0
171,1900,29.016689,0
1746,595,99.791931,1
262,2568,28.388527,0
2122,2779,26.949797,1
2842,987,68.640335,1
251,1567,42.212257,2
1082,1782,15.653821,1
2077,786,78.137337,0
616,1950,72.345329,1
1375,2597,63.675331,0
1419,2039,51.215988,0
2621,65,25.048679,2
2495,1556,83.092941,2
2844,93,43.380692,0
827,437,73.422188,1
435,1420,86.184914,0
2317,1373,40.737736,0
2140,1237,45.812359,1
485,120,75.071045,0
453,1172,37.003407,1
1480,2687,90.482780,0
1477,36,31.241093,0
2740,869,46.603394,0
2512,2874,90.921051,0
2072,1772,18.073954,2
1806,2150,84.492760,2
1552,802,6.007039,2
1477,2810,33.610054,1
2896,1761,11.526997,1
1533,1622,22.821491,0
306,1306,50.350113,2
5,215,64.155121,2
1305,2078,22.260326,0
1693,2361,99.356651,0
2491,756,27.889713,0
1209,965,27.493139,0
602,1475,91.871597,1
885,1241,27.651047,2
1983,1493,24.044113,1
2028,1949,42.042107,0
986,1331,47.866001,1
4,1684,74.621109,1
481,2326,46.675903,2
622,1345,26.561436,2
2105,1051,42.116478,2
750,2667,47.004036,1
213,1486,40.939831,0
1541,232,24.181252,2
1694,1016,29.350523,1
283,2342,13.477408,1
1035,968,32.979954,0
1760,2900,94.136505,0
2075,2126,93.943718,0
785,581,16.736753,1
305,1737,95.195877,1
2694,978,81.645027,1
2351,377,80.248619,0
2973,2326,56.097015,0
2024,1741,38.108791,1
2392,1492,85.240242,0
2006,2605,16.895483,0
2207,2895,12.812521,0
2578,1059,49.245422,1
1581,2952,14.061362,1
968,430,79.573128,0
430,1235,43.525688,1
880,1518,13.237556,0
1833,1542,85.792480,0
1189,2110,90.805534,0
2364,1573,52.618118,0
385,890,18.464071,0
2163,1745,42.203575,2
956,1767,17.485647,1
1417,318,83.863770,1
1510,2474,33.091465,0
2426,1992,89.169937,1
2958,1900,20.377466,0
1300,250,71.520653,2
2300,1048,34.745697,2
1248,530,76.566727,2
2486,597,50.528900,0
579,453,79.979347,2
1744,391,55.183884,0
2122,795,27.893103,1
55,1709,18.446409,0
921,1737,44.938519,0
1574,2671,21.320347,2
2523,362,21.868668,1
1417,2138,64.439705,1
1444,2011,72.498848,1
2539,1909,20.878929,1
1083,48,1.754465,0
1527,2162,27.437042,1
1947,2885,32.013950,1
62,1576,60.609699,0
1997,225,21.126541,2
2974,1137,78.426498,2
2461,402,23.204924,0
919,2431,48.489956,2
259,993,72.781754,1
1814,1574,82.143562,0
2848,1675,42.273792,1
832,1660,72.961227,2
2956,377,65.701088,0
1447,247,62.741653,2
2395,2099,54.923168,0
2658,1421,7.878520,0
553,789,53.131153,1
1782,669,41.358036,1
629,2713,99.553093,1
256,1083,43.513168,0
2869,767,96.834152,0
2433,558,93.978050,0
2483,494,12.566782,2
819,2158,3.671140,2
973,1643,97.783989,2
1417,423,92.613274,1
1563,2731,56.887493,1
2060,110,59.264904,1
1847,2030,31.552814,0
2046,1531,47.180286,0
2647,803,2.523134,0
2157,4,37.622406,1
1221,182,59.646832,0
2306,1973,12.304639,1
2644,1250,46.851158,0
2790,1916,38.938347,0
498,2157,81.261864,2
1673,1955,31.483568,0
435,1488,12.370490,0
2621,2876,98.220108,0
1920,1473,3.923393,1
253,1750,53.769993,1
1497,2118,68.483879,0
132,1193,95.610542,0
79,2400,9.839054,2
56,408,15.697795,1
680,855,67.211617,2
2073,520,61.779881,1
1901,2092,64.659050,2
2132,2624,99.797516,2
2815,1175,21.558270,2
1717,39,94.361366,0
691,1235,45.147373,0
190,598,69.464073,1
2125,1769,13.924415,2
1033,2725,95.859406,2
2160,1411,60.220051,0
1394,2740,70.140175,2
2387,2985,22.820417,0
417,1373,22.252077,2
2197,984,21.955339,2
759,2042,45.783611,0
2831,763,21.245556,1
68,36,6.548763,0
1969,2957,1.272938,2
82,2668,48.317417,2
2264,255,55.713135,2
1610,819,59.053520,1
1938,2719,52.414791,0
1552,1398,11.987738,1
917,1354,45.968151,0
1381,1563,53.803768,1
1342,1695,92.020264,1
167,1134,24.383732,0
579,2162,52.032787,1
2450,2349,19.247818,2
2201,239,28.540550,1
1825,388,92.984055,0
745,126,63.402397,0
2315,925,36.761700,2
1755,770,93.267754,2
1489,221,78.521393,1
918,2372,23.050165,1
1273,1767,79.168533,2
597,2649,96.335701,1
161,997,91.728378,0
529,2003,75.635689,0
499,2175,14.580875,2
1929,2303,42.142361,1
920,1969,7.006871,2
4,2654,55.577404,2
2882,2785,61.820656,0
2175,711,5.993897,2
226,1544,23.090092,1
2868,495,85.022560,0
2501,262,47.739513,1
124,125,66.986549,2
2095,1886,92.264481,1
1825,113,27.409988,1
1753,2374,66.657288,0
2640,14,73.288330,0
23,1932,79.385017,1
1956,2279,47.901840,2
1639,1601,82.641365,2
436,129,32.992222,1
517,1636,87.409019,2
2477,1035,98.668831,0
539,2745,92.353180,2
3,2424,68.095894,0
2200,2046,27.652370,0
1593,1164,94.462463,2
609,1124,68.155144,1
1743,1445,18.796984,0
2800,2571,78.609604,0
1123,1651,15.998343,1
1213,1529,73.638931,0
2201,1279,95.574432,1
1562,1014,93.615051,1
423,2165,46.820721,0
2563,2795,37.176258,0
1202,1221,1.580739,1
2461,1240,46.880360,0
1507,2856,53.252426,0
2363,467,8.513219,1
983,1101,3.454629,0
2321,524,27.901379,0
1290,1670,40.596684,1
2845,199,10.864297,0
1008,2737,68.859268,1
1782,1790,1.947228,1
1189,1472,74.406113,0
399,2522,19.590427,0
2824,2655,66.550591,1
2038,2168,50.259827,2
576,672,32.517216,1
734,2020,39.642212,2
1548,2782,32.285805,0
131,363,18.030781,1
581,87,97.164322,1
2152,1784,93.037254,1
975,2489,98.789673,0
2676,1374,51.319153,0
361,1223,17.628525,0
1015,1563,5.389260,1
2632,980,46.525429,1
304,880,29.331469,2
1093,2345,21.577181,1
2757,784,81.331429,1
474,587,13.126806,1
1310,2453,64.535263,2
2030,672,83.183472,1
2163,2038,83.893471,2
1846,2788,14.884777,1
1328,2200,99.462776,1
842,2149,15.781363,2
2268,2207,84.823845,0
599,2795,96.654465,0
1213,812,47.533516,0
837,983,34.627132,2
1742,2645,76.052750,1
1900,1861,90.906799,2
2308,17,15.222804,2
2601,1396,70.881477,0
914,1991,2.566495,1
231,1191,74.604675,0
1094,2275,66.697556,0
570,2051,24.649157,0
1120,1960,94.441650,0
1211,969,90.613724,2
1308,1402,57.186676,0
599,2798,53.564987,0
2796,2045,9.493977,0
2166,1920,28.190607,1
1927,200,50.934143,2
1029,1061,23.828550,0
2137,1077,91.215721,2
1365,1056,57.184345,2
2292,636,92.882820,0
2763,31,21.233419,2
1857,1730,81.023399,1
1697,2108,48.907398,1
1981,1884,2.541833,1
2798,1268,43.265026,0
160,2768,5.662907,0
14,1783,70.434875,0
2120,230,82.271660,0
2870,2944,6.811725,1
704,2043,55.599369,1
1924,2543,40.947178,2
2906,1537,82.802338,0
395,1811,55.817326,0
244,200,18.143398,1
1787,1850,77.132988,1
388,2748,2.784143,0
2270,2003,8.952950,1
562,2561,61.151062,1
863,415,72.614594,0
1937,1261,96.956337,1
1136,2825,64.395638,2
939,1885,14.525049,1
1732,1943,0.090816,1
2179,2852,41.438339,2
974,1128,9.103746,1
2278,1316,98.575592,2
560,1658,40.792294,1
957,1885,8.138090,2
630,1045,80.916939,0
2202,2323,23.603189,0
2150,1495,96.811241,0
2800,1328,86.666168,1
2366,1089,54.610573,1
1405,1160,17.735676,0
2063,2672,51.749977,0
1173,804,98.578156,1
2046,1605,37.767216,2
109,2929,58.360020,1
2566,2015,34.591690,1
367,278,93.520828,2
417,868,58.033695,0
445,363,6.374794,0
1080,49,32.746979,0
2029,1627,21.087120,0
2344,399,19.302837,2
1791,1677,60.824665,1
791,1313,9.811179,2
2322,2616,92.535477,0
2280,34,46.642818,0
1788,298,39.264206,0
732,1932,80.685951,0
1117,2655,53.539299,1
850,983,80.708221,0
2806,1621,63.002625,2
1866,1105,40.873993,0
384,2666,29.374823,0
2846,717,49.067493,0
1486,1330,84.087868,1
843,911,69.135506,1
252,1105,49.925129,0
1975,1953,55.549534,0
190,2895,45.471085,0
1484,986,72.585022,1
1904,2008,36.185802,2
2708,2279,64.615417,0
667,2183,63.908234,0
1696,1523,14.758105,1
2660,1826,91.826317,1
421,343,63.905346,2
1450,2867,72.069595,1
701,149,65.894066,0
1991,1498,51.145287,1
2833,1695,77.849472,0
475,1769,91.922195,2
649,841,69.628769,1
2213,2655,88.551826,1
1049,1751,2.371476,1
1082,2667,19.311092,1
42,2190,91.927765,2
1947,1716,16.473989,1
927,2968,52.989140,0
1105,1803,42.155937,0
2280,740,44.352383,2
519,1914,65.502296,0
564,603,18.839375,2
2923,29,45.088146,1
2161,1247,0.276281,2
2724,2772,20.970354,1
1660,2891,15.701139,0
2027,828,2.610373,1
2861,91,98.132599,0
530,2188,92.961380,1
13,1032,8.697825,2
2210,2099,26.743408,0
2501,1899,61.470222,2
1530,1719,56.565014,0
2602,973,17.012836,1
2201,826,5.306235,1
158,2611,84.431938,1
727,1207,97.001091,1
130,856,37.484085,2
1267,667,63.933430,0
2759,64,40.350483,1
665,2344,40.398846,1
504,853,27.686323,0
981,625,71.449631,2
595,1587,97.192650,2
2350,2147,6.978961,1
2007,2029,14.733505,0
181,1856,70.985077,0
214,1963,60.148735,0
1917,424,34.682583,0
373,8,18.697519,1
2665,1599,75.542763,0
2080,1055,43.531734,2
1730,1628,47.435326,1
662,2655,70.409813,2
805,720,70.588036,1
2583,1275,62.749069,1
2014,2274,19.721273,1
1742,995,24.918541,0
2082,2469,31.841373,1
2020,710,61.453411,0
280,2087,18.203741,2
2156,248,5.890285,1
2704,55,39.157780,1
1854,1014,39.264790,1
1683,1462,55.696079,2
438,1895,2.620527,0
270,2651,18.699043,1
1282,2046,70.702728,0
402,2463,92.505516,0
305,2935,58.766079,0
47,2482,9.597894,0
576,967,93.774353,0
1778,1046,9.343150,1
1901,781,9.440584,1
2924,2543,88.917053,1
2796,1408,93.366524,1
2009,435,45.257523,1
40,2754,94.195511,0
765,1355,71.026085,2
752,26,25.908669,0
193,439,76.660431,0
2927,2498,36.319386,0
1137,506,43.862499,1
477,51,54.690182,1
316,225,47.629841,1
1848,858,30.971889,2
1287,1250,43.235798,0
1871,2636,28.843866,2
1137,1100,11.121223,2
1421,1693,16.997053,2
190,1585,93.139549,1
535,1007,44.407684,1
2538,2177,80.406242,0
2941,1654,32.934132,1
1909,2446,60.566589,2
1939,85,95.391418,0
446,2907,65.485298,0
2714,1815,92.361038,2
2272,11,24.364023,0
906,72,13.241052,0
1476,1594,93.544006,1
1263,1660,99.929817,2
64,2832,58.334976,1
1986,74,95.346848,1
2862,2391,37.894722,2
20,77,47.908035,0
2166,2927,90.498047,0
1131,2626,8.069682,0
1439,1824,46.522808,0
798,1926,56.607613,1
2256,1717,80.615143,0
2874,806,83.630592,0
2068,1058,35.245502,0
1732,624,16.949968,1
1905,227,8.533995,2
1374,871,51.846466,0
232,90,47.296627,1
368,1098,28.159193,0
635,457,23.302813,0
1197,2946,71.593987,0
1761,513,43.346455,1
124,442,4.517054,2
289,2663,54.546288,1
273,2031,91.841316,2
1350,2991,23.155554,1
2235,1396,93.166611,0
1666,775,38.534771,0
2393,1799,83.964645,0
167,877,34.650547,0
570,2172,76.853966,0
1260,2280,3.287661,1
847,2846,58.956245,1
1269,2033,78.230667,1
1035,2946,69.591309,1
1356,1948,47.928818,1
2574,1295,29.444744,0
1149,1431,72.183060,1
2216,237,82.384430,0
1453,849,64.262535,2
2424,1007,54.946087,1
48,1803,46.860744,0
199,541,50.842995,1
1662,1707,54.302593,0
784,197,71.008308,2
2300,276,36.654369,1
2164,383,31.577263,0
1364,1388,32.866280,0
85,619,73.686676,2
2672,2082,10.341228,1
60,1635,87.534637,0
1760,105,37.822094,1
2009,2134,10.303106,2
1237,2515,56.626450,2
283,715,52.928123,1
620,351,87.013664,2
2570,67,48.355953,0
2010,1843,64.543053,1
1332,97,52.108448,2
803,310,61.050766,0
1215,539,70.420479,2
1370,2319,39.457973,0
431,51,92.014832,0
2654,2892,75.397392,1
479,2431,66.374992,2
213,1659,73.535988,0
2519,1072,36.400990,0
685,55,49.944019,2
2505,415,98.093208,0
2605,2199,78.345741,0
802,727,92.974190,1
329,319,8.755060,2
183,1362,59.498753,0
238,168,11.094006,1
420,1193,52.932655,0
2717,2336,73.620918,0
309,2259,86.306602,1
2390,947,16.272093,0
2928,2612,87.774231,1
59,1101,48.532467,0
2169,163,47.718704,0
188,2826,98.751526,1
1227,1393,78.919891,2
2641,1297,7.851846,0
1617,1499,19.105679,0
645,2533,41.289764,2
825,2187,86.252243,1
2362,1163,64.164406,1
580,150,91.133263,1
765,1248,35.222355,2
1569,399,19.339598,0
741,108,29.776468,0
2342,350,41.941231,1
1264,2624,0.961853,1
1621,730,7.395444,0
66,102,61.928913,0
1407,2356,99.895279,0
262,1247,82.720161,2
322,78,91.704315,1
2233,206,86.212601,0
754,735,49.953930,1
657,2781,51.746181,0
2535,704,92.586411,1
2758,915,38.644821,2
296,2262,60.038548,1
2009,1255,55.127216,0
52,281,4.279663,0
1461,1707,91.376129,0
1468,472,27.289377,2
784,555,95.872185,2
2600,943,15.076962,1
1958,839,51.607979,2
586,2864,17.935820,0
944,2587,59.350765,1
2847,2654,38.955727,1
807,52,26.422638,1
1053,2299,48.358505,2
2352,316,87.333427,1
1814,1904,13.950107,0
624,863,55.008953,1
2702,123,77.560776,2
503,126,97.208046,0
2627,40,66.496666,0
1592,887,1.179688,1
1788,727,86.210815,2
337,43,14.628230,2
803,1072,69.051094,0
891,2219,90.450478,1
966,2570,97.137787,1
2505,1160,12.837214,0
2812,2229,76.722954,2
2861,1985,58.480930,1
150,2367,84.707085,1
1393,2554,4.688890,2
1707,1753,37.700104,0
1865,341,75.433510,2
2229,2331,15.591001,1
910,638,82.469696,1
1627,1991,98.152061,1
744,396,80.899353,0
2971,1746,75.436279,2
2709,73,4.097955,0
2371,2166,33.691494,2
2111,2306,88.978043,0
355,1983,13.007498,1
2844,2452,63.784061,0
501,940,26.025887,0
355,1634,46.834457,0
758,2808,91.497635,0
1018,2961,82.924606,0
294,1748,33.823280,1
1633,2562,66.503807,2
2202,2166,42.374104,1
1001,1285,88.336517,0
1309,2253,52.353928,1
1705,1706,66.361382,0
750,70,23.974283,0
1602,323,6.113322,0
611,1399,91.219635,0
1936,2760,62.160015,0
1672,1403,75.644455,1
885,1431,92.669510,2
80,193,64.387657,0
1210,1452,92.929749,0
2783,2176,82.941727,0
891,2539,76.019974,0
2174,1782,73.223671,2
2604,2355,30.731852,1
169,596,75.567284,1
203,1328,20.610287,0
2481,872,39.634670,1
782,1677,15.406851,0
1231,364,86.073959,0
1461,2594,40.536430,1
696,1481,41.806175,0
2698,197,58.229652,2
2119,735,74.324745,1
2324,1145,79.658440,0
1497,1803,88.700317,1
909,51,7.210748,0
1678,19,64.548790,0
381,319,42.575241,0
2833,281,57.122242,0
2739,2897,54.879131,2
146,2612,15.584375,1
2389,179,67.884201,0
1202,2611,49.442177,2
2690,1826,49.898388,2
1924,1922,88.029480,2
2776,2156,40.063560,1
1763,2877,27.811960,0
2749,2664,72.336052,0
684,2840,72.988747,1
842,983,53.224453,2
2105,2746,75.562691,1
386,2288,83.432808,1
2068,2418,72.229614,0
2943,2623,97.742157,0
1535,489,92.652771,0
550,2635,86.578751,0
981,28,67.559807,1
2477,1927,54.246387,0
1854,1884,26.634474,1
1436,1154,26.583553,0
724,2693,5.180141,0
2196,1359,99.388275,1
2821,1221,81.543800,0
2953,793,65.450256,1
2211,2486,89.682755,0
2358,1920,18.427168,2
2837,1147,40.713451,0
2233,1536,59.475647,2
1399,2791,61.528858,0
483,2914,50.037762,1
398,233,73.811584,0
817,1780,11.606264,2
927,1717,16.170210,2
1641,537,97.269890,1
1368,1226,75.606613,2
879,2955,44.981705,0
291,2529,3.217272,1
2667,810,49.748585,1
688,2046,9.711784,1
1254,738,26.890148,0
1668,2680,98.060013,1
202,1831,95.540596,2
457,2069,84.507881,1
2996,810,68.255028,1
905,13,73.032814,1
1206,1630,63.565113,0
1969,2196,28.175339,2
1377,358,75.365616,1
1975,1383,27.802845,1
2132,2427,51.055115,2
1018,1766,94.998489,1
274,2896,56.027096,0
931,1653,42.348080,1
2163,1605,8.142344,1
427,1830,88.262756,0
6,2957,96.873550,1
1510,627,25.778862,1
2442,1207,19.047447,1
407,1489,71.138046,1
1916,1982,84.997864,0
2198,593,65.978447,0
331,2550,34.312397,0
84,2299,41.050045,0
2532,2076,35.509205,2
1870,767,78.240768,2
2898,1762,52.437923,2
67,2115,22.907810,2
2509,2164,47.327278,2
1598,297,95.222458,1
2662,2946,57.999752,1
147,1376,82.562042,0
1730,465,72.705299,0
509,2129,56.139153,1
2930,1128,14.606776,0
2751,316,78.154587,2
1034,1370,80.072021,0
1223,1136,57.463917,0
2305,989,16.806023,2
2303,2624,66.672134,1
1374,854,5.987914,0
259,1009,76.362640,1
1889,2485,60.549156,1
2634,1115,24.848473,1
2120,969,90.447845,0
2626,2280,20.782471,1
1885,2882,72.521126,0
1923,2695,46.362617,0
216,71,29.096684,1
1410,2495,29.897219,2
1391,2798,18.375526,0
2650,2917,28.343777,0
253,799,75.835281,2
971,166,73.116333,0
1114,2380,37.303154,1
2661,1089,81.499084,0
579,2611,49.290215,2
714,2984,1.057586,0
67,1187,46.695431,0
2958,2450,10.221660,2
2514,1446,97.951187,0
2243,2378,43.212303,0
1662,2879,6.324862,2
2745,340,0.127887,0
283,1369,93.006226,0
608,913,24.433064,0
2640,2640,95.445099,2
567,152,5.094450,0
2129,2962,8.016382,2
947,1992,60.443470,0
866,1878,75.920105,0
158,1777,32.555248,2
1376,1316,11.608930,1
2524,1883,86.163414,1
1495,1664,11.609446,1
1611,807,90.503082,0
2273,2033,69.856659,0
2341,2477,34.933369,0
2193,699,41.246468,0
734,2875,58.969414,2
883,1054,97.133507,0
2865,196,50.504532,0
1163,1169,23.347931,2
1899,1298,64.827187,0
433,2954,16.738985,0
2050,2321,74.634178,0
2703,2691,37.075905,0
2651,409,92.765465,2
1917,2408,80.901421,2
220,2803,91.045204,1
333,2628,57.518436,1
35,609,17.789446,2
2786,2806,73.639931,2
162,1768,64.205956,0
2165,2497,74.436569,2
1934,2980,50.740929,1
2023,712,38.886047,1
2197,704,64.355087,1
1672,1124,75.275093,2
478,2843,50.064125,0
1018,1618,86.903877,0
306,1609,3.626590,0
1301,1316,33.692188,0
2655,2251,5.925139,2
2745,2600,76.961296,1
2316,1578,46.860382,1
1595,711,76.324615,0
2270,1463,84.826309,0
652,1472,83.537933,2
2771,2745,11.744376,2
1423,2249,46.754230,0
1773,790,15.304859,2
265,227,5.989810,1
154,2963,41.700302,1
2751,1397,56.744156,0
958,937,84.138000,0
321,1579,75.549400,0
2490,2469,41.298588,2
1749,2785,85.179466,2
2619,1508,77.768562,1
2397,2734,24.716736,0
59,2589,75.243607,1
1084,2377,96.986107,1
1868,298,84.912766,0
1146,1475,78.566154,1
1166,2013,45.992451,1
2182,890,57.847122,1
734,1043,31.975138,2
1185,3,87.825333,0
1058,2747,63.782372,2
2186,2817,22.522284,0
2401,1446,98.919884,1
1463,2453,72.033333,2
809,1588,26.341351,1
184,1521,81.517159,1
2772,183,96.559280,2
2810,714,71.911652,0
335,2628,34.418522,1
683,1871,95.130806,2
111,615,3.925050,0
122,782,50.434803,1
2308,1163,5.557910,1
146,597,84.478180,0
783,257,66.085297,2
1149,467,32.128567,1
149,2731,3.677484,1
1531,863,35.487057,1
794,2100,20.867107,2
941,2767,90.864449,0
690,2228,42.260326,1
1942,161,94.520149,0
214,2356,1.767261,0
2922,1011,34.963551,1
2108,1922,59.757042,1
1399,214,92.845589,0
1225,1099,41.523895,0
531,2858,58.456448,1
1966,55,30.343317,1
1176,1104,93.233658,1
25,2788,82.103081,0
1706,2924,31.314747,2
2226,714,5.965080,0
1052,1621,32.504890,1
1323,2882,18.045765,2
1589,729,65.483452,1
2509,1206,98.076866,0
2307,134,49.191681,1
917,469,81.526497,0
2700,1174,68.236893,1
91,461,78.005486,1
2727,2989,68.921120,2
793,2072,38.450954,1
381,1869,92.872246,1
2956,929,70.838837,0
2997,2500,92.789757,0
958,212,0.894745,0
1090,1844,2.954867,0
155,1466,93.316170,2
523,1648,39.344818,0
323,738,36.389290,2
1688,1775,46.882828,1
1032,2431,33.269867,2
1275,261,28.099560,1
1339,775,18.250399,0
2019,1275,87.449654,0
2862,977,50.728882,1
1666,1176,62.138584,0
21,333,72.560112,2
1207,705,72.616051,1
2076,972,37.065830,0
1629,2434,74.097511,0
2391,1170,89.032402,0
1058,134,34.375378,0
467,939,29.901545,2
160,1130,56.462490,2
2047,1872,34.272606,1
2767,2057,98.020126,0
1331,371,37.345551,0
2319,812,82.712608,0
207,729,69.032318,0
2757,1199,25.909634,2
1488,1568,58.452950,1
90,2215,49.435665,0
2879,2588,40.817833,1
1195,689,73.281570,1
2472,2553,8.929524,0
532,298,67.769081,0
2932,450,32.051708,2
489,2809,6.773446,0
2157,1378,53.611763,0
2896,593,94.031021,2
1559,2381,26.158428,1
960,1464,77.587280,0
2588,2130,17.623129,1
696,116,59.372765,0
832,1947,87.876328,1
550,1183,12.677366,0
368,927,31.410192,0
167,2546,81.111168,1
2408,2680,88.961662,1
265,1753,79.124771,0
1002,1654,33.947269,2
162,367,48.345303,0
830,380,74.888000,1
504,1784,30.737492,0
280,2693,23.174507,1
2209,312,88.012337,1
2544,883,13.054493,0
1606,424,67.562538,0
335,2032,29.046394,0
1228,1345,86.557373,1
842,516,29.742558,1
2633,2624,57.752163,1
608,514,55.866463,1
143,1535,40.780434,0
1703,578,31.196600,0
2576,2350,30.659134,1
988,1323,54.244736,0
2703,760,42.950787,0
257,1752,41.978741,1
2353,2428,11.662461,0
897,2645,27.236206,1
1101,415,94.444008,0
1671,1723,31.417879,0
923,1659,5.946524,0
134,1700,97.059364,1
2432,636,34.384926,0
2816,615,99.718704,0
253,475,72.828430,2
1535,2578,94.666718,0
745,1270,52.918282,1
1097,275,18.764177,1
403,1865,49.003773,2
1464,2563,63.310490,0
2222,2818,95.654160,0
178,2332,37.992661,0
2902,1576,46.644566,0
2561,2139,50.621204,0
1135,1152,81.073990,0
2873,2848,31.700397,1
605,2447,2.398815,1
798,652,62.426498,0
1626,1485,56.776417,1
2639,2275,71.523224,0
1632,730,1.088556,0
1287,2216,90.333580,0
2730,2804,53.614929,0
1562,1417,76.870438,2
434,1786,43.937080,1
1036,1956,70.171730,2
885,472,68.139053,0
2027,1442,70.956909,1
456,872,46.121914,1
269,640,99.673767,2
2600,2405,88.279930,0
1918,2739,16.717386,0
634,7,21.139324,0
1474,540,93.749939,2
1575,88,11.120577,1
2661,2257,67.763725,2
1481,2315,31.067867,0
929,259,33.768562,0
2640,2544,60.872044,0
762,2028,1.442363,1
1244,1836,44.340420,1
1888,1038,3.046692,2
1138,1813,11.518024,0
952,2693,78.617569,1
2166,1196,23.367331,0
1720,290,96.438049,1
2129,301,3.595215,1
585,2484,40.892525,2
133,733,78.056046,0
62,2478,1.624704,0
277,2896,30.016123,0
2732,2747,65.364311,0
1205,909,39.957230,0
2168,2137,50.195999,2
325,1922,22.215588,1
1600,993,43.513756,1
1376,1793,9.360665,1
69,1066,42.730045,0
2130,680,81.512489,0
1445,2099,70.783936,1
2940,2955,16.753683,0
555,218,82.787338,1
210,1367,70.174019,1
2182,2525,82.253059,0
102,1375,96.086037,1
540,1252,25.432249,2
2642,1149,69.724945,0
217,2175,2.871264,2
1452,1964,58.398636,0
438,1896,81.579720,0
453,2090,48.460995,0
1288,2847,29.048603,0
2194,2537,20.000456,0
2396,2371,75.025177,1
1519,2308,42.037289,2
970,137,80.222092,2
1404,1894,74.568642,0
1297,471,53.832546,0
1654,1840,71.779449,0
1569,1914,44.858929,0
2060,944,54.137005,1
1444,2687,33.320004,0
2131,162,89.606995,0
2885,2885,87.774902,2
1966,2712,62.509995,2
2051,2838,95.459663,0
266,2617,2.734474,1
1726,1164,55.581093,1
145,669,24.049801,2
1312,543,83.730148,2
2236,1273,55.592587,2
128,2571,42.492966,0
2922,1739,46.794083,0
437,321,99.885651,1
2598,1450,70.099869,0
2640,97,11.230094,2
1059,2306,68.246124,1
2709,2603,35.650497,0
2531,1998,77.767601,1
693,371,59.099838,0
2545,1924,95.896576,1
1386,2323,93.292107,1
1647,791,11.059249,0
450,2675,79.939278,0
84,508,94.804916,2
2616,2259,28.641882,0
965,1290,13.852982,2
2553,1977,94.189285,1
871,598,55.073601,1
998,1518,86.074455,0
656,50,66.721558,2
702,134,16.382551,0
1575,2871,92.061028,0
1936,2496,19.059280,1
1959,1299,9.211066,0
328,1330,50.367634,2
2447,2412,44.657463,2
2610,2404,69.599297,0
252,902,44.399055,2
833,646,58.986530,1
653,640,43.847160,2
106,532,74.684456,0
1139,434,7.692953,1
452,707,63.655075,0
795,708,33.362194,0
1129,2181,37.958466,1
397,2810,89.690590,1
1179,1550,80.441353,2
1900,2556,65.073723,1
525,2941,57.421524,1
2326,2544,59.700191,2
833,1071,21.796644,0
863,147,53.301422,0
1421,892,86.517921,0
2245,2365,72.226196,2
370,1089,81.002640,1
2091,2611,40.447342,2
1248,339,62.153221,1
231,1753,69.039703,0
572,2236,56.086617,1
1996,2576,81.170052,0
1931,992,33.999500,2
2163,715,98.019882,1
1619,2621,66.496353,1
974,2415,92.836380,1
2778,724,89.231239,0
2030,823,26.394131,1
355,2918,74.542328,0
2563,2500,26.824408,1
419,234,3.407463,0
2318,1763,65.788513,0
444,2860,88.148117,2
2595,470,64.244400,0
341,2594,63.359425,1
2511,2020,9.917752,0
2253,1311,36.483315,0
1902,855,18.901398,1
1631,611,25.620983,1
461,2509,98.933357,0
34,2401,80.583054,1
682,1394,81.007904,1
61,2962,16.770819,1
1189,2453,84.992279,1
2292,797,10.463410,0
1090,2113,66.620903,1
1549,1685,88.374191,1
2739,2521,1.134126,0
1330,2013,10.133394,1
322,2269,65.419701,1
897,1282,40.699879,2
1412,2803,50.042404,1
492,1309,96.647728,0
476,1702,11.772125,0
2597,1329,46.213882,0
1311,1065,10.801968,0
352,2632,22.635670,1
686,243,35.727917,0
1662,2608,5.369470,1
930,1198,9.158401,0
477,2815,21.576994,0
1175,1561,8.027635,0
923,1936,80.374130,1
301,1031,31.805809,2
1927,1007,11.865391,0
2403,2116,55.601654,2
1009,2511,82.041748,0
33,2173,60.551773,1
2443,2235,32.128063,2
2512,1371,89.774719,0
2215,1125,40.025238,1
842,2617,4.430092,1
2131,1304,73.144951,1
665,548,39.141796,1
2577,91,53.615757,0
2939,1056,25.293701,2
1592,752,43.067318,0
2027,1213,90.223000,2
1363,2653,65.024841,1
1122,2385,83.693893,1
975,2316,51.262959,0
1846,2999,16.085850,1
1435,1444,9.286448,1
2394,2985,56.428726,0
1959,2710,26.343954,0
1669,1333,60.806698,0
618,2678,18.099360,0
1830,108,65.979881,0
311,2920,71.474823,0
682,1427,80.302811,2
2072,557,0.791767,1
835,1133,29.437962,0
2245,2442,58.361160,0
2927,426,51.090237,0
2590,1818,82.094170,1
1078,2033,33.249020,1
1414,1268,93.689377,0
2373,1019,64.618576,0
285,544,10.323084,0
1758,709,4.724690,0
1456,1962,83.718719,1
2088,225,76.129395,2
1235,2565,75.530609,1
2537,2470,76.825104,0
1521,2624,50.003643,1
1620,2131,75.919792,0
1359,882,30.234207,1
990,1217,70.417961,0
1635,2729,13.255976,0
2555,1643,42.761410,2
2304,2322,62.038387,2
1097,883,5.004331,0
2113,1665,81.575638,1
1062,1822,41.295956,2
883,2334,32.090836,1
1636,2672,73.157372,2
1223,1472,50.783966,0
2167,2810,51.113850,1
2512,791,45.315571,0
95,290,26.811634,0
2107,2017,1.653591,1
1904,193,88.890274,0
2461,179,47.582470,0
2264,2361,52.486790,0
2447,524,82.078651,0
2588,410,89.885567,2
277,1395,76.388527,2
1036,2549,58.074303,2
620,1384,77.284180,0
379,2788,46.986519,1
1907,2582,90.416428,0
969,605,32.621124,2
824,1780,18.165258,1
2847,773,37.103233,0
214,1244,81.286636,1
2695,1363,48.241222,0
1176,2506,36.632435,0
2807,2366,16.478336,0
2628,1177,86.997627,2
1405,660,81.259064,0
1547,2626,29.184082,1
915,491,35.731693,2
2600,18,95.207962,1
791,63,4.679554,0
2206,2960,24.318209,0
1486,2685,70.683083,1
2200,1377,76.775055,1
2599,1267,50.571449,0
1549,2841,46.386288,0
1119,1802,1.652755,1
792,986,29.867088,1
2243,2394,67.490417,1
2913,476,94.501312,0
1443,1247,13.499492,1
1746,802,6.715983,1
1379,719,18.149677,2
1644,1734,83.614677,2
1605,530,95.730347,2
2274,1405,35.890377,0
327,909,19.754858,0
2187,2205,69.615494,0
833,2313,48.290043,0
2510,2322,26.449024,0
321,102,92.170395,0
1155,1526,56.163971,0
2752,947,56.155540,0
886,1334,22.545645,1
1887,360,82.477669,2
2629,242,73.753082,1
1974,2269,22.270145,1
1567,551,87.190437,1
1324,2444,72.044357,1
2207,1343,72.746872,0
2142,1732,19.826757,0
2320,1348,50.943611,0
1456,2992,69.777397,0
2331,2738,43.656372,0
1373,2831,58.532642,0
2848,520,6.559224,1
568,2519,99.491028,0
1699,2534,18.643803,1
1668,2937,60.055073,2
1123,1345,21.805916,1
1551,2818,43.526169,0
363,1649,39.292671,2
2251,2867,33.628960,1
1324,2337,52.312683,2
2443,2010,25.529480,1
758,131,59.252998,1
951,914,72.644379,1
1191,2008,4.548845,0
1280,1499,18.171949,0
2402,2504,33.742851,2
2653,1120,99.861359,1
1270,2688,62.294586,0
1420,2330,3.024109,0
2254,2636,27.905182,2
2186,1730,45.111858,1
337,2378,88.923370,0
2473,448,29.827501,1
1560,2895,50.651772,0
2946,135,43.537128,0
2392,2701,18.989523,1
897,905,40.695030,0
1042,568,56.670109,0
823,747,10.224111,0
515,984,79.968445,2
2599,371,24.377840,1
974,262,27.798035,1
2941,2529,46.997711,2
23,2327,80.294441,0
2493,2432,23.657406,1
1847,2921,75.603981,1
281,2025,94.929886,1
2333,1403,69.876648,1
1798,2272,55.410107,0
977,458,59.489563,0
709,2263,30.003716,0
2985,2277,89.596703,2
631,742,45.129787,0
138,2342,50.094170,0
2277,1056,17.425459,1
1746,2668,93.923149,1
2507,957,38.707367,2
932,2232,30.918266,0
922,2527,36.830959,0
1876,697,6.893144,0
2007,1793,82.122246,1
2041,2104,3.839205,0
1940,690,23.124584,1
249,2011,41.755268,0
1030,1166,29.961473,1
174,328,79.361115,1
1193,1722,34.233398,0
324,1511,73.134689,2
2670,2890,15.726156,0
2055,578,13.645419,0
2150,1893,47.045147,0
2366,19,24.331656,2
554,2092,21.329748,2
989,429,28.175880,0
1220,2397,75.579109,0
895,2478,44.129570,1
1609,744,94.709846,0
662,1251,81.841431,0
378,44,2.511421,0
311,553,9.095824,1
1149,1366,55.999218,0
2227,2291,17.964869,2
2468,2828,3.710331,0
78,2159,3.837140,1
1467,133,48.188572,1
667,682,97.292801,1
663,2617,61.361153,1
313,108,42.977268,0
2041,2447,57.400330,1
1752,820,7.727895,1
29,2346,52.008339,0
526,1128,20.759075,1
1428,1662,45.173176,0
2389,1814,16.993368,0
591,506,3.729149,2
1913,215,81.485313,0
1167,2226,20.348608,2
294,2754,66.313362,1
2339,1621,70.715858,0
392,2432,47.912544,0
2420,1693,52.301865,2
2212,915,15.083849,1
92,2944,22.468191,1
1607,1489,74.053886,1
2473,803,19.972853,0
2739,346,19.508009,0
797,1587,96.271149,1
1056,2271,34.207222,0
1145,1390,45.375916,0
2494,508,47.382442,1
2994,782,26.881378,0
2084,250,24.964031,2
2898,2107,57.866703,0
1868,2906,7.679183,1
430,1296,74.162132,0
2903,1088,12.701553,1
1733,1001,11.746474,0
2278,638,12.658199,2
1208,2113,42.631557,1
23,2871,14.226592,0
878,1704,20.704884,1
1938,1685,33.912495,1
683,2286,4.633862,0
2590,2553,36.326099,0
1466,1312,21.156467,0
753,833,73.977798,0
174,645,54.127552,0
261,1318,43.255039,2
2470,894,61.518597,1
2955,2941,74.030945,1
1414,752,13.873667,2
2953,2941,18.095442,2
2992,2570,86.242966,1
1610,2526,10.264211,0
2397,2456,4.406978,2
1820,999,93.985847,1
2667,334,91.724739,2
2775,226,9.129050,1
2656,2758,85.868568,0
918,2664,11.579432,2
8,799,66.814247,2
285,2183,11.327312,0
791,2030,33.308361,0
2979,1121,90.727715,1
672,347,89.535431,0
717,139,20.481815,2
2096,2227,48.583450,0
37,802,21.002531,2
2824,1434,81.251373,0
747,792,51.861996,1
2010,1606,3.908741,2
2294,110,49.607529,2
1030,1948,63.786175,0
2507,1104,51.097942,0
13,658,91.723396,1
2577,2738,24.657946,1
2439,2501,55.464756,1
2150,1539,59.457779,1
2929,1187,21.304121,0
100,2159,67.136490,1
1347,1244,83.483032,0
2904,1931,86.038818,0
2128,1610,78.169838,2
2105,2924,87.583786,2
1696,898,88.184731,1
1193,151,43.874638,2
180,2121,73.730667,0
121,2964,83.749443,1
2757,136,7.968787,2
1092,848,13.787092,0
1399,1617,59.839840,0
1578,539,80.332893,1
1177,2797,1.528188,1
2931,2460,31.236366,0
2635,703,39.044743,0
1916,1130,86.911926,0
2921,2936,42.511478,0
1891,2846,98.178612,1
1932,2840,73.462730,1
484,2699,95.879318,1
475,977,7.014516,1
949,1798,42.556747,2
1723,415,67.045242,0
1005,1321,59.483391,2
175,211,3.246185,0
1100,907,33.309067,1
2110,1882,56.766270,0
966,1734,9.614801,1
1755,765,53.122097,0
7,1354,59.728947,0
1127,1884,89.656395,1
2178,528,85.334702,1
1930,1526,96.308113,1
1980,2933,71.801506,1
2536,1622,36.896503,0
2631,1798,27.808735,2
1986,45,66.752037,0
1727,2686,97.175140,0
443,2352,1.898216,2
2174,2180,26.187653,0
1093,2450,2.850344,0
1243,2825,77.281960,0
2179,1885,60.638901,2
1680,2203,50.945225,1
260,1523,14.046856,1
2359,1077,45.375942,1
2820,2469,70.465828,1
2847,2814,23.415878,1
2537,55,7.890968,1
2335,394,97.840454,1
2122,2980,86.778603,0
150,303,4.344474,2
2313,2890,68.645615,2
721,54,64.558685,1
1227,1251,94.421417,2
652,2638,39.671665,1
17,2618,63.345768,1
538,2607,79.959557,0
1651,610,15.308238,1
1035,2378,84.048622,0
2601,1544,28.363531,0
2501,1623,24.561810,0
1196,1297,81.268753,0
1429,1192,55.341488,2
267,1246,13.184155,1
1922,383,42.961727,0
1247,279,59.466530,1
1075,934,24.879509,0
342,740,78.295601,1
1206,500,70.010696,0
2986,1770,60.617481,0
2041,1594,84.369820,2
2771,2126,49.435642,0
2150,1604,32.515217,1
2740,1329,29.534853,1
2454,645,76.798996,0
581,797,99.953613,0
401,757,34.136578,0
1585,1891,74.208801,0
1682,1815,11.313330,1
1751,2637,90.779251,1
949,579,40.708447,1
2271,2050,3.406485,0
1442,108,85.095871,1
1435,1522,15.415082,0
2205,2776,63.971298,1
1470,2576,78.496094,0
459,1141,99.512543,1
2924,184,96.177803,2
2617,1154,32.602348,1
1421,1689,55.785683,2
1397,2051,18.728809,0
2214,2342,29.395041,0
1479,1515,22.556484,1
2995,2149,94.778816,2
10,893,86.013771,0
2817,2232,92.401810,0
968,419,46.458282,1
287,1220,67.545082,0
258,1341,0.305326,1
2244,189,81.530647,0
2537,2131,95.240112,1
1202,2989,14.820951,1
1866,1558,64.584946,1
2740,1783,96.024147,0
1735,2005,74.189812,1
1074,1942,1.060471,0
1257,220,74.217957,2
2968,1893,22.610605,0
1936,1287,35.098839,2
2610,1434,66.436096,1
1887,1113,40.442993,2
2732,1543,65.166481,0
1963,2439,42.677444,0
2156,1719,14.736748,0
1983,2464,84.292419,0
136,1139,74.766792,1
874,2545,86.264511,1
1046,2309,61.284824,2
1742,2001,17.223585,1
2402,928,73.520012,1
2448,2552,78.685280,1
1719,199,39.992550,2
943,714,27.679581,0
1316,1252,72.810699,1
811,2994,78.203232,2
791,395,94.887642,2
1925,1380,34.172367,1
436,2732,14.347183,0
2993,1763,89.174362,1
2326,2355,5.255752,0
1606,1885,28.717476,2
1110,2703,50.313469,1
2868,2542,36.063396,0
823,82,89.516907,0
610,250,9.559164,2
404,2932,43.046089,0
649,1260,21.191412,1
1796,603,50.984505,2
2443,218,59.044945,1
1544,2416,9.567480,1
1336,1905,27.215881,1
44,1524,80.952278,1
2744,2767,90.066261,2
2656,2460,97.463364,0
1488,2435,91.453255,0
564,776,68.780884,0
2421,2839,66.123505,1
212,2228,51.932831,0
1869,2593,29.330557,1
1438,1627,71.885208,0
2451,656,43.486713,2
1027,1731,19.177713,0
2966,370,32.945084,1
22,1644,84.735161,0
2449,1827,2.679213,0
2892,2254,2.226016,0
489,726,19.004578,0
532,1004,50.231190,0
560,1366,50.715843,1
2781,1679,14.555894,1
2047,2492,58.692951,0
2362,1652,39.106522,2
1920,1253,88.329483,1
2673,2421,44.786839,1
2176,1258,19.419886,0
2732,2553,20.447889,0
2752,1368,86.401024,1
2098,1844,27.740715,0
1169,834,16.137617,1
169,2950,60.431797,1
1069,819,74.370033,0
2866,1218,54.278057,0
2897,674,88.286209,1
2160,468,18.129034,0
2674,1247,9.758547,1
2354,915,19.586767,1
2864,2552,0.431853,1
2643,1788,27.049253,2
768,435,98.002975,1
2458,1467,30.402683,0
2579,2528,4.027737,1
373,2222,60.678711,0
1365,1975,87.957001,0
1428,214,69.638695,0
1499,2595,63.633511,0
739,1281,49.854542,0
2012,2168,63.765358,2
260,2394,48.214012,2
2612,889,55.178993,1
1489,978,74.657051,1
1250,1400,16.889360,1
1587,122,20.662165,0
2428,2241,54.566025,0
293,335,99.094078,0
2328,1966,8.608428,1
504,498,69.613808,1
2916,2206,20.310902,1
43,2674,34.923832,0
77,689,67.062103,1
70,675,60.096687,2
395,758,89.999016,1
2833,237,74.011528,0
2667,2144,61.166817,1
2098,1406,22.050787,1
2661,487,8.523246,0
1621,591,74.246758,0
2086,2726,54.859116,1
1875,147,34.550179,0
1811,1898,50.003857,0
893,1613,55.858429,2
1512,1287,98.178757,2
994,2695,58.359444,0
2758,152,44.834621,0
2316,2274,38.179569,2
1479,1120,71.132622,2
708,2652,62.695751,2
1448,849,52.039383,2
704,2508,20.167171,1
1264,2701,79.025566,0
1723,2796,54.805843,1
1522,2886,68.185509,0
2813,2963,66.258614,2
1223,2633,70.162018,2
1385,1293,61.632324,0
441,1266,22.296597,2
1848,56,26.582825,1
1702,2955,33.209881,0
1449,1247,28.274803,2
122,1205,40.754383,0
2155,1369,65.408066,0
2547,1455,89.312302,0
2562,1348,35.884548,2
1069,702,3.751009,0
1865,2880,67.517975,1
564,448,4.426440,1
2504,1870,23.728565,0
261,1984,41.551140,0
856,1626,58.583752,0
2336,1155,28.919477,0
339,621,53.782711,0
1536,1014,22.724552,0
2424,931,3.528194,0
1676,1099,21.601992,0
2171,2242,74.274055,0
1925,2724,79.181458,0
499,850,76.130615,0
749,1218,59.429295,0
687,480,43.107067,2
1367,2551,33.538368,2
1384,1166,6.782311,0
1721,2084,46.498882,1
2093,1369,7.759723,0
1643,1055,6.585257,1
2847,868,15.357165,0
2890,572,9.795841,0
2133,2439,97.680206,0
5,1633,27.918991,1
903,887,32.167099,1
240,1390,22.198902,0
889,2691,90.525337,0
291,2627,97.301147,2
2866,135,61.270519,1
1627,1916,0.924484,1
296,905,11.890640,2
1250,1803,20.229538,0
1355,922,31.737146,0
1705,1919,9.260564,1
1006,2390,0.290681,0
2852,1572,57.270489,2
2804,1656,18.469147,0
1370,2898,72.320145,2
1145,242,86.162872,2
47,2661,65.125267,0
1306,1822,18.608648,1
147,2800,34.314835,1
1592,2603,12.076320,0
637,616,34.994900,1
2884,972,45.406631,0
1414,795,57.291729,1
2790,1460,78.291229,1
357,1545,32.479141,2
2027,1943,45.534817,1
535,2594,59.322166,1
2995,1867,97.510612,1
1036,225,61.890091,2
1799,842,9.137450,0
1675,93,54.753952,0
110,1315,27.592596,0
1742,2588,85.235855,1
1173,1662,54.635532,0
8,894,80.410751,0
950,999,95.721962,1
1130,117,26.921087,1
2134,963,98.590591,2
2404,2812,75.507805,1
303,1975,21.584312,0
662,2210,13.823769,1
915,975,28.443954,2
92,344,78.300774,0
1829,141,31.139206,1
89,475,77.199440,0
2542,2720,90.138336,0
1198,2700,7.811208,0
594,1284,0.297579,0
2855,2744,13.964424,0
877,2322,65.308983,2
2820,1181,90.363708,0
1390,1101,5.578400,0
1450,590,84.188232,2
625,2504,72.473152,0
367,1656,40.346920,1
1612,2581,45.240982,0
2868,1790,76.583405,2
175,2328,22.359985,2
2418,685,18.961264,0
997,922,74.749695,2
2661,2958,62.087936,2
492,2388,5.205815,0
1800,2520,16.606630,1
797,2017,19.328745,1
1282,1126,19.356644,2
2711,1104,74.666122,1
2843,2842,89.362869,1
1189,539,21.725590,2
2403,1301,98.227165,0
556,1217,42.501835,0
1896,1785,9.683608,1
1222,912,32.201889,2
1749,279,15.243865,1
1774,186,93.415192,0
269,2277,97.883614,2
129,748,72.616455,1
1175,2301,20.510593,1
1577,794,89.138496,1
2703,813,70.448265,0
2068,1761,60.811680,1
791,1707,71.604973,0
481,534,99.657349,0
2993,2370,11.354693,1
2413,295,10.619271,2
2482,2963,52.939648,1
2958,652,10.833941,2
1480,2970,83.855858,0
1776,2650,74.532799,0
1102,1552,65.091217,2
1366,85,51.087463,0
760,2147,50.944851,1
2194,167,24.554567,0
2046,997,0.632610,0
2651,2855,23.372696,0
1478,1260,38.778461,1
2796,780,72.386772,0
335,2438,17.611238,1
2350,2980,79.350639,2
605,2663,42.470356,1
28,617,91.199379,0
1296,1602,15.196636,1
2467,1453,47.342247,2
55,1683,61.511066,1
793,2184,1.110446,0
1877,1971,6.631258,0
1732,904,49.653805,2
1805,1995,90.568924,0
555,919,23.652996,0
1182,1649,10.393418,0
2747,2930,51.172409,1
563,2268,26.688000,2
1891,47,96.381073,0
2814,1370,70.827866,1
927,363,13.907150,0
2845,2783,70.167412,1
578,1411,79.188065,0
235,2723,70.316505,2
2605,23,75.763718,1
1623,63,96.400604,0
2182,1014,41.504326,1
57,1660,35.856030,1
45,656,65.401695,0
85,1422,38.986362,0
146,2881,74.852219,0
599,2749,62.361549,0
1260,1427,13.694456,1
2968,895,76.650749,1
2867,1833,80.417458,1
463,2440,47.947205,0
1151,1623,49.355350,0
499,2498,71.038696,0
2055,832,42.300644,2
769,2967,25.451298,1
2505,2488,93.576668,1
2158,929,61.160553,0
1275,2816,99.306824,1
2917,1127,52.941376,1
2648,2388,26.261826,2
1206,2872,27.759527,0
2019,1766,92.588936,1
266,583,39.011242,1
2050,2032,41.968769,1
640,1203,13.430778,1
690,1608,48.982533,0
2800,2344,30.768637,0
1959,2689,77.803955,0
1625,2233,97.870438,1
2607,1880,93.446960,0
1462,2998,72.146111,1
1734,304,26.045671,1
1416,2548,45.192314,0
1314,1522,43.826881,0
1945,2072,50.854984,1
1083,987,50.105442,1
179,427,61.518185,1
1621,1546,76.459564,1
1185,2198,29.702518,1
1358,686,54.195278,0
2387,2348,27.226330,0
1648,2442,24.331007,1
157,1211,28.838270,0
683,456,79.403267,0
248,43,81.038345,1
1212,1210,72.413010,0
288,1757,68.930054,1
622,2808,94.291298,2
2880,1864,14.870227,2
889,2233,71.801308,1
1626,2350,85.967964,1
2770,119,83.029060,1
473,1531,20.148504,0
844,1889,69.172485,1
1539,1396,62.980587,0
1888,1933,43.543488,0
1783,349,61.942783,0
1512,2108,38.130131,1
462,1480,84.767830,2
1607,2632,20.201096,1
73,1740,21.022949,2
964,488,97.437019,0
2877,1550,67.199493,0
1174,536,57.781261,1
1736,741,90.406265,2
1697,745,57.513138,0
1040,1794,48.065289,0
1408,2756,80.872742,2
809,2388,84.846954,0
2169,126,3.701462,0
1459,2290,5.392020,1
2205,559,83.468346,0
2006,1519,55.112293,0
2434,1999,8.355489,0
1062,2265,88.382210,1
2415,1655,89.904030,2
2403,2309,30.409519,1
1250,2661,10.791836,1
2681,1425,99.433311,2
1809,834,75.402290,1
2859,2442,70.189362,1
656,992,2.930787,2
1553,1448,75.309143,0
1033,450,21.054495,0
787,1655,46.907391,2
159,515,48.879559,0
302,1451,24.281960,1
1916,99,54.684860,1
98,1810,49.060226,2
1799,186,20.916214,0
2747,1775,20.056034,0
399,2283,30.344057,0
1258,182,32.734730,0
1264,2044,22.593555,1
950,2728,12.572180,0
403,1759,35.596836,0
240,1501,72.556625,0
764,918,88.029350,0
2429,1782,37.611526,1
2772,2323,77.857262,2
2368,2716,62.683620,0
523,2372,69.904526,2
2537,1746,99.232033,1
658,788,41.402905,1
1654,2219,60.615246,1
2300,2565,94.257774,1
740,1449,49.008408,0
960,1351,39.177719,1
1996,959,40.579891,0
1379,343,52.624737,2
202,2546,89.614319,0
740,976,14.798830,1
1121,1066,21.827793,0
1556,1816,28.530880,0
677,1783,11.639799,0
326,1294,96.687904,2
1601,480,99.482597,0
1283,1919,72.839729,1
2180,2081,47.870945,0
1801,827,9.588152,0
178,1425,50.111805,2
304,1297,70.366684,2
469,565,37.847816,0
2223,665,4.421326,1
34,83,26.946566,2
1988,2043,14.983097,1
408,1547,97.174240,0
1417,2238,17.368299,0
1558,543,96.836311,1
1941,2963,80.049088,2
1532,2017,83.769531,0
452,1413,47.245926,1
1144,372,74.458130,0
425,79,78.714355,0
2105,1820,51.796013,2
570,2234,90.712326,0
194,768,54.249043,2
504,1921,47.544525,1
2224,717,93.335381,2
1489,699,35.327251,0
2540,2381,13.376106,1
940,1648,37.923038,0
752,2397,51.881939,2
2296,950,36.121155,0
1777,580,6.263324,1
2296,2123,9.675921,0
2725,1182,65.890083,0
405,465,99.433830,1
2459,446,83.759834,1
1997,2389,48.095928,0
2355,1199,7.414192,1
1194,916,46.184067,0
1649,249,13.985694,0
111,2591,96.295937,1
280,832,62.798328,1
294,1434,20.205706,1
757,2167,84.733688,1
2344,2736,98.885223,0
2829,2287,15.806942,1
645,602,14.900205,0
1614,2766,19.591318,1
2870,2797,50.603779,1
1747,2423,86.985031,1
974,1349,70.355957,1
962,1671,12.733150,1
1938,2452,88.547005,1
1076,1962,29.102177,1
408,2750,88.349518,1
1970,2825,64.700638,0
1799,2895,78.260994,0
491,96,84.393425,0
262,65,31.102686,2
2823,1550,20.065697,0
51,152,87.157776,0
513,1231,57.825298,1
1607,2694,62.070953,0
2830,1455,78.099945,0
2572,345,94.222031,2
174,1551,7.985136,0
949,1142,49.092690,1
1843,2860,70.156746,2
1627,676,17.755325,1
1606,106,54.100327,1
1971,101,57.620136,0
1815,576,40.169079,1
1204,1245,51.715050,2
582,2722,49.534168,1
2426,872,29.882866,1
1935,2126,77.020676,2
221,2550,52.960602,0
1360,2114,41.111362,1
95,1157,60.513050,0
1663,2854,89.719650,2
1747,1837,23.077677,0
2692,976,89.564499,1
367,2090,69.926559,2
1102,1898,13.851976,0
2085,2638,52.106133,2
1814,1919,20.423773,0
2889,2373,34.501869,0
400,2112,87.996254,1
2651,2590,72.737900,2
2791,1369,68.948624,0
2195,329,54.969746,1
1391,1186,31.488926,0
742,2258,3.397549,0
1936,2537,81.675552,0
1383,2285,25.688353,2
2478,1684,25.942917,0
2741,2301,62.446678,1
2204,1917,98.102989,2
1331,1643,38.453419,2
412,2645,84.036911,1
1956,767,24.346882,0
1414,2995,35.168251,0
283,1534,87.204216,2
2385,30,30.835539,2
818,2361,82.025467,2
2723,1978,75.175682,0
1711,1887,75.380371,0
1363,969,14.027580,0
2253,1924,93.418915,1
908,45,80.747681,0
278,1927,10.617479,0
2687,2236,65.576790,0
2493,534,9.756134,0
2442,1835,76.145477,1
2517,401,95.115303,2
2252,209,56.987476,2
395,2174,2.075863,2
2201,34,19.232603,2
1770,1520,85.063637,1
2253,2206,81.281479,2
904,1310,83.324135,2
1332,873,19.606647,0
2302,1856,53.159351,2
55,686,84.150360,0
290,2930,97.189301,2
643,1727,73.097305,0
1867,2595,18.556805,0
2114,2706,91.166969,1
2857,2784,7.891428,2
1215,1396,43.748005,0
2688,868,72.326843,0
2956,978,70.465981,1
66,2079,10.579255,0
2863,2894,92.020874,0
1254,1004,29.203026,0
2940,134,52.162056,0
1250,1899,66.969124,0
1306,2289,56.029243,1
2352,1164,21.887812,1
1975,1859,31.128546,1
1411,2274,53.826008,0
544,1366,39.996067,0
1968,2291,25.200445,2
2179,2272,78.285721,2
1802,1968,53.702454,2
780,148,67.892189,1
2131,234,89.282814,0
2599,1873,93.538307,1
824,2156,41.301823,2
1553,1069,36.894917,2
588,1938,24.666367,1
1900,2131,72.979210,0
1191,2698,62.173790,0
940,1997,27.923370,1
768,2568,83.009499,1
2892,1418,75.573730,0
513,2102,58.235332,0
694,2008,10.614237,2
2562,880,75.575691,1
2026,2311,27.949068,1
1638,563,7.191126,0
296,2451,9.434477,0
2234,974,62.270851,1
1107,709,96.226089,2
1229,634,10.205028,0
1907,501,82.713058,0
1194,2930,36.772659,1
2456,59,73.057289,0
2671,2979,81.762810,1
2454,1439,54.543499,0
2318,2522,57.097023,2
1276,2716,71.018250,0
1872,993,78.189522,2
1440,1590,83.148399,0
258,40,59.940266,0
2916,433,14.143121,0
2778,1131,65.681122,0
2498,74,80.939865,0
2879,1432,31.506811,0
237,1754,26.123928,2
372,2538,98.956161,0
963,2881,85.460106,0
396,2907,5.321017,0
1638,82,59.862644,1
462,35,77.590828,1
955,605,65.621651,0
1369,1731,54.864273,0
2875,666,98.049011,1
717,1838,0.063259,0
2240,2885,11.803963,2
1817,2691,51.862602,0
2371,2374,13.806744,0
1055,851,94.063759,2
2836,683,22.285421,1
549,231,52.355927,0
1345,1746,48.093239,1
2678,1308,51.924347,0
827,519,41.946930,0
655,317,16.896040,1
822,1236,82.004524,1
763,626,96.632530,0
2067,2615,28.938419,0
1959,2696,87.292374,2
1990,1323,14.429147,1
1812,547,58.350033,2
916,1947,85.661560,0
2301,2336,81.486816,0
1941,627,67.836586,0
214,2237,3.657491,0
615,635,67.968666,1
243,2197,19.530537,1
1348,1222,98.610481,0
1901,2821,12.524143,1
863,2669,89.093018,1
1732,2101,51.126583,0
1295,1487,94.602867,1
1150,1153,4.953673,1
216,592,49.408413,1
780,1211,62.273670,0
486,1604,91.531746,1
2932,1658,92.375130,1
1382,171,57.827568,0
376,1524,99.242531,1
146,318,86.930740,1
378,2239,71.472374,0
1886,757,27.602819,0
1785,182,28.808567,2
1954,253,7.008327,0
191,1468,19.035782,1
2257,1328,12.954164,1
1075,2097,91.852058,0
1974,1974,32.900967,0
2338,2890,70.627151,0
1083,2404,51.489937,0
1172,511,66.951561,1
1044,300,11.780790,2
238,1073,76.904587,0
1479,1605,50.432308,1
2950,322,1.401025,0
2617,363,41.213951,1
452,1535,63.409977,0
243,2404,70.316391,0
2971,2940,5.416580,1
2305,2473,14.877134,2
2566,875,22.893944,1
1807,2825,61.441505,0
539,1598,49.008507,1
1998,18,98.508522,1
2124,1763,80.100586,1
2433,1406,52.828403,0
2188,2775,45.695312,1
1625,317,65.558685,1
2622,2994,80.763733,2
1239,336,82.856941,0
86,2517,82.937035,1
2245,1542,61.242599,0
1695,1944,88.078949,0
1869,1892,96.016495,2
326,2269,68.636024,1
596,1093,95.098511,1
2443,472,40.980640,2
92,1069,70.098831,0
466,1779,88.501602,0
2950,1263,28.615417,0
2390,316,70.221245,2
1181,2211,14.865867,1
2639,1200,56.190010,0
347,2095,16.250492,0
1092,646,68.324768,2
1782,2866,83.669136,0
2504,1221,27.731089,0
1996,152,99.317787,0
1084,2832,26.916264,1
1205,1013,78.864082,2
1179,912,7.441003,2
905,1332,91.172798,0
2190,2884,89.512466,1
2302,2447,49.835285,1
242,517,99.417633,0
2157,2693,4.663697,0
2762,973,87.777046,1
2791,70,36.497883,1
2998,2110,61.688446,1
1217,653,54.874355,0
2150,2949,88.862381,0
2607,2300,42.984806,1
2213,2740,74.641335,2
2480,2077,18.268120,1
7,932,28.881371,1
1807,2351,66.670204,0
718,2472,68.733025,0
2631,2372,34.507782,2
424,1107,88.296600,0
2046,141,95.492073,0
570,2948,18.572670,0
2011,841,20.414057,1
1806,2067,16.814814,1
1025,1251,33.909126,0
2045,691,44.808887,0
2109,2134,40.223576,0
2482,1596,61.670834,2
597,1028,23.159504,1
63,1198,76.266197,0
641,2079,74.464386,2
2237,1103,76.732742,1
1443,1883,77.644333,2
386,2327,69.687622,0
405,1086,67.709259,1
298,2770,86.131668,1
1441,1516,60.280537,0
771,8,27.590595,1
2522,2274,55.516571,0
536,1943,80.625633,0
845,462,95.905609,0
1489,1061,54.394161,0
303,1014,25.885004,0
1162,2325,37.308792,1
207,2094,21.072649,0
887,2133,26.929861,1
1172,1796,42.789509,1
1351,1904,51.274384,0
421,2900,89.885208,0
1880,1269,90.116478,0
1329,2550,87.953377,0
2375,1720,85.190269,2
2496,2128,56.486618,0
1779,2289,2.317945,1
174,1176,70.549210,0
2281,894,10.584819,0
2508,2921,33.300335,0
2539,2074,96.299637,1
2031,2953,34.212074,1
876,1,48.830322,1
2558,821,64.954597,2
1132,1940,82.542488,0
313,2269,88.847176,0
869,2573,38.914845,0
736,2828,64.326675,1
458,2955,93.176537,0
1186,227,86.582428,2
2432,354,88.192604,0
1193,1147,36.602551,2
2391,2727,26.354624,1
198,1560,24.236073,0
1930,657,33.851067,1
1724,448,9.394829,1
1422,284,11.760322,0
1936,1946,1.018821,0
1020,930,32.129955,0
1279,235,69.946754,1
2662,2812,50.932480,1
1827,152,78.246422,0
1522,950,6.729425,0
1025,250,99.235313,1
2971,1771,29.056437,2
1124,572,98.157158,2
2072,2510,42.916931,0
1616,97,19.368238,1
2843,1793,71.691635,1
2933,809,17.210173,0
1462,2154,48.626797,0
2978,1526,7.484975,1
1297,1406,69.433083,1
707,1197,4.473460,0
2439,1877,42.548008,0
1918,1392,58.840580,0
2051,753,72.395256,1
1673,2138,24.782316,1
670,950,88.928749,1
295,1390,45.771004,0
52,2825,44.044361,0
70,682,11.730235,2
2972,1302,67.166466,0
2042,1087,52.096882,0
2635,1031,51.281857,1
2126,1277,50.249073,0
1491,41,49.894390,0
1023,1915,85.765312,1
1284,1691,19.417549,0
2735,1840,43.636726,2
1839,1603,88.357903,2
1252,2083,37.363995,2
475,1915,57.412823,2
1588,1032,94.867996,2
970,848,98.458008,0
1291,1568,7.441576,2
2122,2896,91.637840,1
595,2627,72.072998,1
1849,1731,8.546829,0
621,1751,21.529003,2
320,1072,32.930294,0
347,868,80.139496,0
149,722,72.255371,2
2957,324,48.452831,2
1610,867,18.317177,1
1553,1844,21.261538,0
2604,2882,47.519344,1
1882,1673,48.766296,0
40,2103,76.589401,0
271,2803,37.722771,1
2561,2223,73.229393,2
1962,518,43.012909,2
2740,1051,34.342197,1
2937,1717,90.821373,0
1183,2670,91.030128,1
1331,1380,75.377533,1
2158,1200,31.542927,0
2603,2318,40.608280,1
1995,1962,8.690683,2
2756,901,98.038437,1
1380,1073,60.457439,2
943,1452,48.277168,0
369,2302,73.952538,2
694,2876,47.289627,0
2916,609,65.653313,1
748,1380,9.140463,1
1022,1236,5.757838,2
2242,2160,36.582653,0
2205,1768,12.958322,0
1729,715,99.858589,1
1369,2803,37.050144,1
2469,2244,83.664177,2
2415,2922,26.193754,0
1210,25,24.668747,0
1672,71,5.459832,1
731,818,45.574657,0
87,1247,60.560844,1
546,1005,19.510336,1
421,2976,93.776146,1
531,2822,89.793877,1
203,1510,91.221130,0
997,98,27.115211,0
1732,2066,92.973854,1
2743,919,11.857738,1
1726,1228,1.311906,0
1398,197,79.853813,1
1507,1961,61.675838,0
417,1091,53.017330,1
857,1716,41.022808,0
542,257,40.550987,2
2325,738,2.362792,0
515,995,81.481071,0
172,1793,44.194599,1
0,2740,20.119089,2
1807,129,94.116234,1
1152,1874,87.129333,0
662,1434,39.802937,1
934,2621,13.377743,1
1653,1976,93.382523,2
2418,2913,90.816292,2
947,1862,61.002171,0
2395,732,86.894768,1
1877,2100,12.297576,0
2513,2724,45.352322,0
2187,1930,18.138815,1
1578,1004,50.699589,2
1037,511,11.305506,1
337,2332,7.688623,0
622,2407,36.350986,2
2790,2080,26.402052,2
664,1061,74.940071,0
2795,2679,31.008400,0
1544,135,15.330563,1
1670,2503,98.985641,1
2546,1874,27.176483,2
1411,1816,13.113720,2
2319,1228,57.429131,0
2077,1370,4.393598,0
1358,728,9.055747,2
2299,2896,75.957565,0
2511,2607,32.899914,0
2231,843,17.975082,0
1702,889,29.394176,0
1404,1229,58.490974,0
518,159,64.237297,2
1904,471,51.701679,0
1445,1343,64.826683,0
2613,1542,86.408951,2
2111,2466,4.264000,1
1605,328,81.965790,0
509,2145,49.561073,1
254,1916,52.594322,1
1117,1829,15.102869,0
485,1114,82.300812,1
1526,320,79.586655,1
1003,1140,89.042908,2
886,491,65.885490,1
584,1817,18.235937,0
1361,533,84.150078,1
983,2820,66.901581,1
550,190,31.598656,1
1935,2706,33.554138,0
423,90,48.604198,1
804,2478,25.994417,1
2131,2399,79.130470,2
2962,2924,27.281572,1
2817,2517,31.019081,2
2391,1752,83.673943,1
1993,459,73.382889,0
1717,1122,92.717171,0
623,1747,76.443481,0
2227,1117,89.320526,0
402,868,17.573799,0
2973,73,44.258724,1
2431,1655,72.201439,2
2834,433,20.012148,0
2779,1395,85.379150,0
2162,2186,35.364220,0
2023,568,17.457689,2
1114,1145,25.588655,0
435,2087,76.989449,2
1118,1022,22.301205,1
1337,1597,10.169894,1
2015,1716,5.616264,0
1910,1177,46.537125,2
2203,1745,8.367001,1
2839,1855,5.779724,1
1059,20,64.628181,1
756,1643,53.950069,1
93,2748,11.143423,0
50,2324,27.192884,1
401,2553,53.487206,1
2562,761,1.813388,1
209,529,23.218777,2
1614,808,76.889717,0
2291,2656,21.816187,0
2740,1126,54.471550,2
796,1776,36.699566,1
579,1259,74.984535,0
1771,1043,93.999985,0
331,2128,51.604233,0
1474,2617,58.173721,2
1631,2122,63.388752,0
1685,2528,73.381683,0
867,2542,45.846169,0
1689,1838,80.673515,2
2422,945,12.378627,0
1908,889,96.860580,0
1133,2594,92.122368,1
504,478,9.133311,1
693,1896,93.814552,2
2428,2176,99.300484,2
2236,2430,72.874901,0
384,779,49.734119,1
2296,1824,30.093475,0
1135,776,54.476723,2
1232,1168,42.600750,1
2571,2146,5.553276,0
759,2908,71.312355,2
1342,1684,3.387644,2
2309,2905,86.339500,2
2186,384,43.410713,2
257,848,64.189880,1
1448,1666,70.085106,0
1494,578,41.966549,0
2537,2507,82.872612,0
1093,1867,2.068886,1
1076,1033,18.176426,1
185,2001,94.910988,2
1801,1161,68.403427,1
1235,1488,72.560326,0
2476,2260,95.344536,1
2175,2062,54.690136,2
2456,470,37.737000,0
27,1892,80.317894,2
498,2920,11.067252,0
1168,1546,43.647831,1
2981,2606,14.573750,0
922,132,23.165922,2
1863,1119,79.006264,1
875,244,88.254425,1
614,1475,26.275446,1
2704,2648,71.689659,2
1677,2052,47.322796,2
2163,1841,77.951241,0
1152,2901,27.773296,0
2154,2052,54.120785,2
2410,568,24.718317,0
52,519,98.812691,0
11,107,26.527388,0
233,948,58.469234,2
146,2472,81.681442,0
2732,1227,5.517183,1
1557,2590,32.158009,1
561,631,95.835251,0
2112,1352,92.653633,1
1565,646,56.224209,1
1099,2964,83.440407,1
855,2319,63.666821,1
1192,849,26.688305,2
474,2994,19.593384,1
2222,269,57.669102,0
902,2197,73.449806,1
190,781,95.265297,1
546,515,35.658249,0
2759,1805,97.023338,1
329,2327,1.295222,0
1868,165,73.006752,1
2030,1635,17.565777,1
1567,1232,57.060150,1
2381,1519,6.336656,0
1873,1270,41.586338,0
915,632,19.704527,2
842,1494,74.838234,0
1374,725,98.360825,0
1473,629,18.768309,2
1683,1903,77.890327,1
1554,1664,64.164215,1
1736,615,52.139324,0
1362,2817,60.274094,0
476,1888,27.794455,0
850,449,96.093750,0
2134,685,47.957581,0
2168,2449,41.630264,2
157,2763,32.212273,0
2532,1902,76.349564,1
1361,830,78.927704,0
1403,84,42.101276,0
2120,128,96.629753,1
587,2118,98.116188,1
2927,2180,76.576195,0
474,407,27.844746,0
2015,266,56.132103,2
153,2050,50.619751,0
2627,2204,34.445580,2
2916,1426,84.033150,0
795,891,62.634579,1
1385,2741,95.934265,0
2865,2291,9.708173,1
2923,224,87.753326,0
2069,1969,86.709801,2
2083,246,24.611498,0
1060,2125,92.403862,1
568,2501,50.207012,1
583,2985,51.831863,0
269,1127,52.960587,1
2662,886,38.953831,2
1497,2787,20.363798,1
2586,1741,39.050659,1
1596,2836,51.971645,0
2269,1464,59.948967,0
2027,1946,57.291035,0
2757,4,68.667923,1
1957,1382,88.688217,1
2255,1105,29.998877,1
2922,1810,35.322506,0
779,745,38.847286,0
2619,1033,9.120118,1
2782,970,86.140045,1
1057,2778,53.893322,0
257,1626,33.703716,0
723,787,12.744571,2
371,928,52.861744,1
1839,1191,33.947617,0
1802,394,91.009888,0
1820,2516,90.467354,1
2181,2823,43.692669,0
528,429,32.269844,0
1661,1763,72.370422,1
2339,1804,32.816833,1
2346,2258,66.944893,0
2166,1095,51.895809,2
390,628,7.426402,0
1716,1729,57.699787,2
1117,2762,83.718132,0
1413,1317,79.735252,1
2768,44,26.648033,0
1266,1876,61.788639,0
603,1693,59.930130,2
237,2782,61.255909,0
1151,932,84.767731,0
210,2055,13.672082,0
990,70,73.923065,1
521,1066,93.273796,0
2301,239,90.165634,2
1128,1889,16.372976,1
49,1802,66.240211,1
1474,2842,29.088966,0
1962,1155,54.065845,0
1863,1435,88.722504,0
2710,411,67.050232,0
1708,1462,84.141808,1
1009,1230,85.838722,0
1324,2313,64.028885,0
2404,2356,40.207981,2
1572,201,38.408112,0
386,2907,86.375969,0
2662,1295,50.446201,2
2929,1052,63.966854,1
1026,1227,42.121117,1
370,2511,34.421658,0
668,357,87.793068,1
2084,141,6.683778,0
283,1614,50.392094,2
1212,2083,47.345634,1
2264,1295,63.117458,0
2907,1593,60.638489,0
488,1682,80.411789,0
1757,1046,59.481777,1
1845,2837,95.912537,1
2847,1861,56.480118,0
2311,2976,32.857430,1
277,1975,84.792763,0
1574,1187,46.048817,1
1814,2898,76.145569,2
2086,295,34.832603,1
768,786,34.038761,0
2687,1414,64.717850,0
804,1837,85.282982,0
1858,2187,40.145771,1
789,2746,82.980400,1
2980,104,34.692818,1
2808,2883,20.804417,1
1940,1497,63.965240,1
2815,1238,84.007507,0
154,2632,18.590202,1
940,2133,86.606224,1
315,2136,26.240814,0
817,1146,66.558495,1
144,2595,34.006821,0
17,2729,70.725159,0
930,822,17.391792,1
1966,849,23.524752,2
1400,2919,22.940575,0
688,2486,70.882378,2
1255,367,90.742188,0
2179,2744,35.190182,1
2006,640,85.086014,1
1349,1742,98.331734,2
541,1869,72.579018,2
1863,2252,63.146671,1
1558,384,56.480728,1
576,2050,19.422516,0
1820,1672,38.534832,1
2589,466,30.345448,0
2470,721,6.561235,2
1559,157,38.458923,0
428,914,65.478027,1
1228,1029,90.204910,0
2581,727,44.576847,2
2365,1382,25.639107,0
2325,1938,71.636681,1
921,1955,87.040466,0
1742,2742,71.609390,1
2823,926,68.397926,2
1823,639,5.163399,0
1512,1748,43.837090,1
2808,1548,40.195755,0
435,1390,5.653730,0
2615,239,51.256378,2
1930,2216,9.858160,0
1558,1239,89.906609,0
746,1810,22.253031,2
1223,1546,42.351948,2
60,852,47.444668,1
2461,2837,43.035740,0
1142,1620,82.120338,0
968,2273,63.174229,1
1640,1571,29.209621,1
221,2694,23.971283,0
1587,2014,30.423731,1
609,348,63.757996,1
1843,1402,9.697939,0
391,1933,80.181389,0
1995,938,74.377960,0
1633,628,55.647343,0
1222,1825,46.026173,0
1418,1295,98.310120,0
2551,410,56.210495,1
2998,1936,64.466560,1
2714,2451,6.973243,0
2612,1887,72.197052,0
1529,1151,91.776283,0
1014,569,96.724869,0
2582,2159,46.588367,0
2987,2314,85.354507,0
1622,1805,44.375656,2
1184,2234,94.803864,1
1662,296,21.117365,2
1221,2222,7.532314,0
1611,1306,18.359777,1
844,2594,42.588791,1
783,2432,32.159904,0
469,2389,51.571075,0
2217,2794,52.285923,1
531,1845,89.860252,1
2456,793,13.022177,2
2413,1019,4.053171,1
2359,2272,48.788227,2
2862,277,12.234010,0
1065,2260,95.373787,0
1283,2055,36.676636,0
510,158,27.240078,1
1026,2596,96.232590,1
867,1427,74.322075,1
1183,2146,76.315437,0
2874,2790,94.845200,0
2894,1249,95.538132,0
68,2155,38.344749,0
413,2144,46.033813,1
94,122,62.574139,1
1736,2079,60.573940,1
565,1692,88.621811,0
2685,2121,3.209267,2
2777,493,56.294685,0
1681,573,53.546207,0
1950,979,41.368637,0
859,2306,4.282120,0
652,2775,90.405556,0
2458,1447,16.660217,0
2400,2927,34.136044,0
1892,2219,81.882683,1
982,29,94.571632,1
1877,1324,21.637091,2
2027,633,2.348014,0
2847,2340,0.800126,1
2782,2349,54.800930,0
2426,822,71.202744,2
77,542,63.342819,1
1065,581,93.423775,1
503,927,7.743924,0
1117,243,45.662800,0
2334,1795,58.877491,1
1674,2621,82.753113,1
127,1121,92.876511,0
1306,2710,78.878143,0
1801,1116,42.900902,0
1155,1716,73.227921,1
970,2500,60.129925,1
2616,207,30.154079,0
612,1993,77.289993,2
241,1450,76.358292,0
411,257,39.654373,1
914,1701,62.742760,1
560,372,91.674484,0
149,879,31.263720,1
1687,1934,72.781090,1
913,2710,93.474785,2
737,2494,42.241451,2
1488,729,81.841789,1
163,2378,81.209007,2
392,1700,68.402336,0
1881,1269,36.076420,0
81,549,31.023394,0
919,2231,6.517099,0
2878,1202,41.715103,2
2729,583,68.828171,2
1684,1621,88.538063,1
1344,2113,78.811539,1
689,770,46.543488,2
585,111,52.107632,1
2653,352,52.661518,2
2465,2256,75.004395,0
584,2399,8.454476,0
569,2708,7.518227,0
2354,636,34.181820,2
855,2916,91.393867,1
518,2859,87.352654,1
2141,217,48.694061,1
386,1556,18.753109,1
2134,2845,67.888649,2
1742,2465,42.640503,2
357,2272,57.993305,0
1354,664,11.671391,1
1332,461,82.828110,1
1801,1738,72.692039,1
2059,1181,51.355099,0
1172,2238,84.964897,0
254,2404,74.045280,0
594,2633,13.114929,1
1216,670,14.884960,1
2218,1241,93.370323,2
247,860,45.322403,0
991,34,33.086369,2
1819,2403,71.573242,0
375,2104,91.266220,0
1328,1223,63.013008,0
296,1077,13.750532,0
217,2562,51.694031,1
2175,2456,11.016037,1
1556,764,58.962502,2
725,1479,0.104970,1
1090,1949,17.405338,0
1602,1876,17.716993,0
927,1733,83.343246,1
420,2944,68.993233,1
421,1841,28.487562,0
1285,682,72.778793,1
408,1373,46.908733,0
1968,24,26.143303,1
1525,2623,26.901402,1
2720,34,56.030102,2
361,2050,93.938293,0
1291,2055,72.055305,0
2936,903,16.023569,0
1412,990,27.008087,2
679,2669,97.389458,0
614,2969,6.868085,0
2130,2196,16.788395,1
2473,94,96.895782,1
2832,586,34.077213,0
2691,1539,17.569881,2
1667,2020,15.082541,0
1722,283,51.209873,1
2600,919,79.989075,0
2415,1352,81.428276,0
1637,964,74.927490,0
2301,29,81.363983,2
1469,912,56.541267,0
1816,2808,60.143810,0
987,1404,16.742481,1
2690,1689,99.347359,0
67,2274,93.915794,1
645,2196,48.444946,1
323,2826,96.614113,1
2104,1092,8.805159,2
334,1308,69.154480,2
2328,2654,94.540314,2
1851,2677,74.285843,0
2485,2938,10.685172,1
129,2794,1.571697,0
2777,1260,61.497463,1
2967,2092,74.219505,1
551,2746,2.780122,1
519,683,32.733826,1
1133,1909,8.779704,2
2491,585,1.796295,0
2234,1224,79.792549,1
2689,644,65.845467,0
2601,208,86.548431,0
1467,326,87.072891,0
111,2678,17.270767,0
2864,2024,94.705307,2
1714,541,5.223037,1
1811,2355,51.233738,0
2408,2307,12.879378,0
2121,731,82.868065,1
2501,1622,46.588326,0
1312,628,42.950253,0
300,1484,17.427134,2
2385,1543,0.424017,0
142,2316,23.579813,2
1082,2873,40.529263,2
542,1224,0.567970,1
685,1956,57.118126,0
2544,1259,10.943064,2
2764,2706,10.386287,0
2848,2776,94.064529,0
369,1495,86.078400,2
1417,2694,82.646378,0
2262,662,99.456154,1
1425,595,98.889389,2
1967,2120,50.270462,0
1392,468,16.516073,0
237,549,23.673985,0
2434,1555,29.634996,1
2298,677,53.324551,1
1815,2977,26.010166,0
1145,1520,61.077034,1
1386,1383,86.183990,1
1663,27,32.759609,1
2139,2203,66.390396,1
827,176,27.238064,0
2216,2534,47.953217,2
556,132,64.307320,2
1255,1396,23.399530,2
1738,540,67.568634,1
2235,1255,27.549549,0
2423,2109,35.472477,2
506,1503,85.044167,1
1858,1254,2.619270,0
2219,2541,98.030655,0
673,2394,73.615540,1
727,2767,43.320995,0
800,1606,42.933388,2
1323,2141,98.095917,0
1635,1864,29.385654,1
2084,302,86.753616,0
1278,443,69.741814,1
1810,1102,89.917122,0
1032,1368,80.991753,0
2586,2438,71.023567,1
2559,1797,64.932213,2
1553,2646,94.330208,2
1231,1760,96.131683,1
1133,1091,71.634644,1
2199,2183,59.200043,0
1753,2420,16.406040,2
250,2975,27.264891,2
2712,2165,0.923487,1
878,1878,1.895642,0
2394,408,81.214417,1
1840,2908,54.604244,2
1704,1400,76.569923,2
2357,2284,36.712490,2
2413,2243,78.118385,1
357,1661,71.860298,1
1425,2595,10.570159,0
172,898,64.319328,1
1882,2420,7.464695,2
199,1473,29.883478,2
2782,721,49.953812,2
631,777,65.161400,0
425,2629,39.255539,0
2562,1910,16.646517,2
2636,2043,92.485680,1
709,324,34.086021,0
1713,1336,64.552345,1
2958,2253,60.134071,1
387,375,25.563635,1
1782,1883,40.134434,1
2253,91,22.796064,0
492,759,3.953685,0
2404,1701,65.594772,2
1947,2859,46.776260,1
1773,392,98.778053,0
159,1914,44.114594,0
1600,346,56.613026,0
2414,2705,48.570225,0
214,2346,76.871315,2
620,126,34.447903,0
431,2593,23.164732,0
214,1234,46.756172,0
115,2788,35.780266,1
1745,467,64.851631,1
939,1732,9.093699,0
1760,1832,48.451622,1
1270,182,24.637518,2
240,2046,50.199963,0
581,2865,4.877128,2
2965,1805,29.528763,1
439,2571,4.974225,0
1156,2940,40.058926,0
1835,2226,45.001751,2
2660,937,38.982918,0
415,2610,86.552765,0
1623,1376,7.360037,0
1820,1201,19.865953,0
1161,1638,90.933762,1
883,162,47.939617,0
1606,161,19.826239,0
2615,1410,78.968979,0
1074,806,74.906494,0
754,2301,95.156090,0
1364,889,63.923271,0
1959,1995,44.918442,2
1553,1108,62.629021,0
1804,1002,62.065594,0
2717,336,5.358742,1
1962,1474,8.625281,2
2816,1656,62.027027,0
2657,1566,39.923187,1
643,1587,29.827105,1
357,1815,45.888691,1
1049,2434,23.695337,1
2295,1203,16.380970,0
1630,1187,0.982979,1
149,1166,13.716887,0
585,2290,29.423954,0
833,2517,63.649330,2
1286,1374,74.482079,0
1961,1664,61.709736,0
1837,2031,71.101364,0
838,2953,51.906219,1
1572,2202,79.233696,1
2590,2534,69.434097,2
360,1739,92.503929,1
2800,773,25.580843,0
129,2530,85.473206,1
541,365,82.287132,1
2946,1105,80.037247,1
2908,614,23.252804,0
1013,1551,76.106110,0
2237,1873,19.365324,0
1120,926,45.030170,1
1283,2088,49.719967,2
1957,1248,55.506474,2
1921,635,42.843876,1
1174,1609,64.495331,0
1682,1476,49.713474,0
1540,669,13.909326,2
2257,791,75.824051,0
1676,2446,16.095707,2
675,1993,9.976815,2
720,795,21.226112,1
467,2440,99.142380,1
1623,1201,28.191839,0
1865,2788,38.912239,1
1644,1821,20.349499,0
1421,642,22.564596,1
1951,266,12.576260,2
2576,336,79.276184,0
1048,1309,20.462534,0
2789,1791,10.628690,2
69,2470,57.212444,2
1079,1021,8.996402,1
2806,742,13.509664,0
82,1393,20.249598,1
2305,2451,49.729362,0
2662,1219,47.295918,0
1151,1939,28.977329,1
1747,2312,80.362129,1
1969,2199,40.491901,0
677,1109,29.642857,1
1976,1142,90.380150,1
1153,158,37.694901,2
2912,807,53.831734,0
2837,1135,76.017853,1
1516,1340,62.167229,0
2379,2836,36.580898,0
2993,949,80.391762,2
2427,2702,36.100513,0
2071,1770,28.303947,1
1525,2297,93.462540,1
1866,2294,85.888756,1
1987,661,39.057068,1
1765,2900,28.132336,1
1799,1799,74.742821,0
295,2343,11.371422,0
360,2017,87.823067,1
1094,2399,42.529308,0
1433,2823,50.649067,1
1499,630,56.693604,0
1268,545,99.328850,0
2595,1172,34.040138,1
2920,2541,19.536261,1
462,917,20.705648,1
2158,234,1.838404,0
825,1432,85.961884,1
2978,1521,84.773010,1
325,370,36.080696,0
1233,894,95.660866,1
2155,2521,10.565183,0
2237,228,35.129601,0
350,2315,14.719313,0
2560,129,19.615816,0
2291,2409,86.106728,1
1544,1872,85.843246,1
422,944,9.040905,1
2534,70,55.163712,2
2159,2682,68.887970,0
2104,480,86.530594,0
2065,2180,55.267555,1
2557,2317,56.452316,2
2898,1229,65.240044,0
1527,576,59.558784,1
1284,862,97.351089,1
2529,363,69.845062,0
2033,2401,35.926567,2
2214,85,69.847549,0
1524,1678,84.025864,0
1527,1095,42.452938,1
2433,342,52.035347,0
188,1270,74.837097,0
1506,1153,63.825535,1
1831,2658,33.054974,2
350,13,19.387571,2
1619,209,95.669075,1
694,1860,96.674431,0
1625,712,7.948141,1
1533,1632,16.034616,1
2598,1046,88.854622,0
1115,1361,27.891317,1
1952,628,16.121941,1
812,1516,58.613487,0
2998,2216,89.716904,0
1941,2835,86.034401,1
2003,1121,25.684513,0
1875,1639,42.134193,2
107,1927,32.056019,1
979,1156,23.300385,1
1439,919,5.199750,1
2155,1926,36.954712,2
748,1504,68.144775,0
889,2722,79.009590,1
2201,537,48.412407,0
1151,2938,18.471334,0
1946,1388,1.297979,0
2819,2779,27.014925,1
1840,1937,83.631744,1
1173,367,83.119011,0
1829,2217,81.113350,0
258,789,20.362267,2
2487,2058,14.792069,1
75,2875,41.597149,2
1437,1088,70.530899,1
1700,283,35.710342,1
2623,2451,82.307793,0
2754,2685,89.185905,1
1897,1498,39.010708,2
692,1886,91.319984,1
2194,1611,16.119146,1
2035,9,78.825340,0
141,201,5.978270,0
492,586,31.705685,1
1470,2444,38.028526,1
771,1964,86.907402,1
825,904,15.627398,1
1811,1096,46.038101,0
2683,1514,36.724590,2
2008,2494,8.837880,1
2299,2059,8.721923,2
103,2046,82.384476,0
1603,1858,10.452956,0
1944,387,77.507896,0
1726,2167,61.110332,1
1377,1364,53.204597,0
1559,2657,4.621040,2
2075,1829,77.199295,0
1940,2037,43.354103,0
79,246,87.449020,0
1864,917,23.725393,1
1550,2231,18.704773,0
2061,1687,92.827675,0
1359,695,53.650116,1
2783,152,89.233757,0
33,1587,11.819452,1
2620,270,57.241207,0
1846,1544,29.826265,2
134,1270,16.840731,0
2385,166,9.662062,1
899,305,10.248601,1
2191,1583,73.131058,0
814,2166,28.228050,1
1418,2542,59.448608,2
2364,1699,96.647499,1
179,423,6.706604,1
2261,1622,43.070244,1
2565,2726,39.414711,1
94,2211,20.370008,1
1380,1778,62.758423,1
976,484,81.824554,1
154,2702,4.845085,2
1250,394,9.624742,0
778,2149,79.618340,2
1666,2109,68.640060,0
2742,2310,27.463037,1
1454,1720,80.774239,1
1455,1130,81.850739,0
103,385,47.410992,0
1283,1090,4.041242,1
46,1678,82.913422,0
2287,2513,88.935783,0
1115,1207,45.631882,1
2121,2721,59.758865,0
292,2244,26.607872,0
436,938,50.140278,2
1235,1068,14.979671,2
974,1138,97.485619,0
2453,340,89.072563,0
1596,2204,18.055477,1
617,64,1.621976,2
97,2453,7.985158,2
1776,516,20.970856,2
2184,2765,83.524597,0
2869,2702,1.478075,0
1353,1788,81.876839,1
2155,1061,54.899258,1
2466,2444,11.187196,0
2006,1817,28.566872,0
2351,2851,58.774017,0
59,1113,19.088442,2
915,1020,85.967690,1
2118,548,84.176537,0
2777,2533,70.576408,2
1691,889,63.848778,0
229,967,65.880508,0
2448,2238,73.156059,1
829,1532,56.449242,1
1605,715,64.418083,1
1680,1703,79.184158,0
1137,1034,69.805458,2
2399,1255,32.122860,2
2170,1571,26.297398,2
2168,2564,44.860149,2
1237,1992,85.202431,1
2994,1533,57.756245,1
2101,2819,90.311028,2
994,575,0.443120,0
1381,135,12.901672,0
2141,1332,81.776535,1
2150,512,40.425163,1
2438,2094,16.533834,0
1484,1641,13.266122,1
195,2909,93.041687,0
2543,252,85.219475,1
344,2658,54.802353,0
727,1778,49.221695,0
530,1207,6.743862,1
2932,1725,0.849200,0
515,1691,77.093407,0
1806,10,49.945019,1
2735,1940,88.469833,0
2993,124,4.447552,1
2607,738,57.792477,0
1586,1045,86.904221,1
20,2836,5.881852,0
612,1371,67.138275,1
1497,1746,16.401052,2
2662,2613,79.532341,1
1807,142,46.002701,1
2338,2815,81.379311,0
486,2195,88.323318,1
446,2778,52.286602,0
1955,1555,34.577175,1
2431,609,76.847488,2
1487,1322,92.426788,1
2016,2369,64.380157,2
631,1058,73.950966,0
2578,1447,96.048508,0
2782,1443,12.208590,1
1677,2368,35.261002,0
2881,2638,39.589897,1
102,2072,83.882225,2
2642,1617,12.640820,1
2217,189,77.570778,0
612,947,50.429073,0
2970,765,61.262169,0
1156,12,10.665173,0
1401,2505,46.600388,0
2356,1141,76.798370,0
771,2828,5.483842,0
2265,206,21.779617,0
362,1881,86.904121,2
1817,644,36.812168,2
1501,2521,88.930183,0
1645,1652,85.654633,1
598,395,49.329655,2
2571,405,39.731339,2
34,1097,9.579876,0
285,827,52.297279,1
1678,1415,23.073450,0
328,23,71.399162,1
626,2470,65.506279,0
1808,206,29.146542,0
2258,1927,52.837940,0
1971,2735,62.638660,1
2333,854,78.759834,0
2609,1768,63.015144,0
1203,1496,5.914851,0
813,2478,60.868107,1
397,1746,27.962360,1
452,813,33.881001,1
1853,763,59.912796,0
1323,1785,76.913399,0
35,1790,76.934662,2
1816,142,77.272446,2
802,312,70.524010,0
2595,850,36.318371,1
2323,1826,7.539520,2
701,1763,44.190838,1
1,453,46.765217,2
1289,1926,69.784279,2
2055,162,25.865915,1
1935,1857,14.192685,0
2729,1753,24.399305,0
1452,1234,60.922482,0
212,1731,89.371017,0
2255,486,64.844971,0
2985,2254,97.425697,0
1986,1017,89.349174,0
1954,2236,44.269096,1
1999,2382,84.999397,0
852,2307,23.529488,0
905,168,91.372208,1
2566,658,60.986904,0
2655,185,19.946058,1
1070,1881,49.926361,1
1717,249,15.305621,0
1852,197,12.229779,2
2375,2399,34.305168,0
673,761,97.520523,2
424,1995,6.810134,0
1851,1232,67.935837,0
2388,1548,83.558105,0
2212,2027,7.267978,1
1182,231,96.610893,0
1058,285,49.018562,1
2781,2260,94.613770,0
1856,283,95.848045,1
1306,993,51.980156,2
1435,677,48.697678,1
1401,976,81.586868,1
133,2882,16.399504,1
1293,1160,52.801220,0
2137,1176,79.132736,2
1248,2847,46.546230,2
1511,150,6.750842,0
42,1974,91.026932,1
1529,624,95.904938,0
2293,734,73.939117,0
2458,1712,59.865349,1
654,2572,25.527260,2
461,42,77.279442,1
2890,444,51.009892,0
400,2042,94.169090,0
1417,2433,29.064085,0
651,1935,65.348198,0
1663,70,5.347595,1
978,1754,19.793413,0
579,1679,24.589539,1
2450,36,35.840519,2
625,530,85.759064,1
2588,2429,88.697342,2
2313,1317,33.435562,1
1704,1361,37.308636,0
1512,2359,19.901577,0
125,2848,73.657166,2
2041,2494,76.969849,2
190,2049,80.212646,2
635,696,36.450573,2
240,946,74.934868,1
987,483,82.302589,1
2858,68,75.711510,0
302,370,55.799587,0
2862,2389,2.843897,1
1474,1881,73.254349,1
1322,1327,30.135307,2
2621,348,71.031364,1
489,2741,50.756771,0
1777,951,71.609070,0
660,1468,80.674202,1
1310,2140,42.257504,1
1854,2417,8.085417,1
1312,336,91.641937,0
2639,1035,3.023116,0
2564,2654,44.683945,1
2217,2137,4.091282,1
325,2223,18.751791,1
527,2884,54.675156,1
115,2472,85.518951,0
1209,2351,74.726662,0
382,355,81.878754,0
382,252,99.558556,1
1621,2363,14.351227,1
1015,2532,24.739206,1
2585,1601,70.212219,0
2165,275,29.076500,2
934,2450,80.662781,1
340,434,52.138451,0
1777,2605,54.566307,0
294,2636,10.691792,2
2869,1865,14.883131,1
1537,309,97.522972,1
1905,1756,83.418358,1
2113,1414,64.873375,0
30,420,16.052299,0
867,643,53.504131,0
406,1498,64.607445,0
2728,818,81.750511,0
783,2053,96.346581,0
692,273,76.415146,0
1956,1388,40.594234,0
2107,366,38.368809,0
1670,1393,22.275928,2
2959,2449,94.187981,2
1426,1878,3.452394,0
2056,2892,40.755772,1
188,768,10.227005,1
1584,1464,26.905497,0
1045,982,77.439972,0
1731,1832,17.368538,2
1280,1974,23.425241,0
35,1805,88.099258,1
1173,1144,91.334915,1
1005,578,0.593732,0
1937,2414,52.337002,0
1542,2390,72.505241,1
325,2829,35.256084,1
1239,286,61.714451,1
1052,1983,74.176437,0
2132,1753,42.858673,2
24,1994,49.504108,1
1121,2835,95.873894,1
1146,1768,32.472683,0
2144,1271,23.169571,2
1583,2703,12.879970,0
1215,2247,43.157803,0
1966,2472,7.891470,0
631,1139,11.386271,2
20,384,47.952076,2
691,30,4.207346,1
1637,1654,92.629181,2
1523,1296,2.891550,1
2334,2114,76.465622,2
489,1240,12.098146,1
108,1623,37.871517,0
1461,2449,4.933709,1
800,1380,64.624008,0
240,1115,45.597752,2
1419,1036,46.924099,2
2392,1299,98.805450,0
2371,511,47.078323,1
2662,1682,54.423244,1
2286,400,50.039925,1
2538,2800,17.794609,0
1872,1389,27.852655,1
2106,1329,85.792542,0
635,365,13.439546,2
2154,2880,9.188759,2
281,573,8.383818,2
2614,339,25.674381,2
857,5,48.279160,2
254,2607,68.424385,0
1215,2047,39.218353,0
326,1880,55.974884,1
1760,2600,92.518173,1
2666,669,70.123947,2
2025,329,87.226852,1
1179,1591,6.627864,1
150,1088,34.066471,1
2,843,79.610252,0
2833,2958,12.544212,0
1788,951,71.532280,1
2705,1409,26.527903,0
2450,2605,38.099239,0
1378,2301,8.971722,0
1982,2265,88.660347,0
2672,2442,74.963043,1
2192,2660,67.341042,0
66,21,18.834166,1
208,639,39.709106,0
2804,125,67.200890,2
536,2954,89.243866,0
1868,2881,45.549408,1
2159,1596,12.302176,0
1157,143,28.239794,0
414,310,28.110723,0
1787,843,12.663637,0
1768,1614,38.282806,1
2517,1331,9.407328,1
1049,2411,72.583145,2
2540,2751,59.478210,0
247,2230,99.500626,2
2421,1250,77.342804,1
1256,2736,18.331543,0
1742,263,9.694322,2
890,1655,71.930595,1
2071,2697,55.131771,2
1516,1529,28.740486,1
638,2057,85.424545,0
889,586,8.503361,0
2638,1391,33.496902,0
1258,2966,19.811295,0
348,1523,18.047554,0
2831,32,76.163979,0
1452,2151,21.420172,1
619,2218,6.136452,1
321,1278,5.042338,1
2172,1062,74.290215,0
301,2768,39.181816,0
99,1864,41.194443,2
2908,1831,48.703300,0
1272,2556,24.966124,0
287,12,82.667267,2
1396,2232,16.372238,0
397,2418,77.897881,1
1440,1640,61.632027,2
420,1894,5.932565,0
2986,992,57.719383,0
1677,37,55.192265,0
2108,826,41.850784,2
2650,287,7.693670,2
2391,1485,25.903713,1
2174,1287,31.648632,1
2692,2548,95.999008,1
256,1407,23.079311,0
100,1629,72.661903,1
2273,2260,76.287498,1
1020,2298,6.992023,0
2276,2762,5.436181,2
2092,1859,31.635120,2
792,1238,62.569714,2
2697,1791,66.960037,1
2832,2894,29.780676,0
1308,1464,89.642021,0
691,630,28.205849,1
947,736,14.150867,2
475,529,26.554480,0
363,1220,91.871628,0
700,785,69.619385,0
1972,200,94.167412,2
1243,1174,92.170761,1
195,603,99.576485,2
2043,88,26.690727,0
2444,741,76.110794,1
1223,2473,54.915123,2
2774,318,12.251579,1
649,2363,84.997337,2
725,996,72.109337,0
497,913,85.870857,0
612,2615,67.984581,0
1930,1278,61.111607,1
2586,1712,25.339193,0
142,1116,80.116142,1
1474,2374,73.172279,0
2264,1308,67.119141,0
765,365,59.646137,2
88,2717,23.951479,1
1460,213,39.135998,1
2856,2523,49.428783,1
954,1829,52.003353,0
628,1861,13.871344,2
2755,2301,81.278030,1
2897,1742,62.079853,1
1334,1112,12.677273,1
715,2535,33.362839,2
2446,1985,94.123230,1
1565,2004,44.618763,1
2213,2362,76.465942,0
1236,1989,89.629074,0
708,492,56.159081,0
1936,2875,19.373964,0
1798,1568,39.875896,1
2172,1911,88.072601,0
1641,2909,98.529388,2
1019,2363,18.068142,1
161,304,39.777538,1
984,1454,7.274834,2
287,1505,10.766585,0
2831,1798,77.269951,1
720,2914,12.953938,0
1089,1987,83.077126,0
2664,1952,36.896606,1
274,1348,51.182224,0
1991,1100,91.895538,0
398,2104,73.968666,0
2009,2470,21.811914,0
1976,688,84.424698,2
999,1467,0.455866,0
1359,2800,39.588436,0
1303,2016,23.667612,0
93,2300,11.560063,0
1031,1197,57.559536,0
233,2990,64.771820,0
2367,2174,82.543495,1
446,556,24.345474,1
2183,259,84.456039,0
1049,238,22.716265,0
277,2821,17.329029,1
2884,230,5.232583,0
708,1666,37.802582,0
1277,1735,22.896387,0
1045,989,54.002846,1
44,1578,78.309631,2
613,2598,97.793716,1
932,764,76.313240,1
98,2429,66.323395,0
648,1530,34.432541,0
2430,288,93.002380,0
630,1557,9.530883,1
773,493,74.221474,0
159,1838,48.948269,0
2594,724,59.638721,0
1311,1850,96.662254,0
1079,478,13.947985,1
753,169,63.745190,1
622,1192,81.997292,1
2288,419,12.310353,1
731,182,44.057983,2
1684,1566,24.569605,1
1279,2882,82.298676,1
2609,48,95.678925,0
1689,699,36.029819,0
810,1648,52.957424,0
2728,1770,73.371971,1
888,141,57.637157,0
379,345,56.215919,2
2053,2835,94.347092,2
1685,1455,91.062767,0
924,2573,76.218048,0
2510,544,79.165802,0
345,2084,36.981209,2
1945,2517,25.384483,0
1364,2189,15.132706,2
1125,2410,45.841549,1
1428,2138,76.041336,1
1857,1930,51.910606,0
712,1484,55.193359,1
2503,2554,58.081039,1
2979,1280,18.885103,0
917,1705,98.705284,0
383,1211,57.749748,1
74,815,42.891800,1
2981,622,58.331768,2
37,2711,10.900497,2
2030,195,35.624748,0
2275,2182,58.805603,0
1470,640,97.292999,0
2520,1978,22.004135,1
940,1169,12.416691,0
899,2982,56.052406,0
1931,1685,4.164951,1
599,1410,35.500969,0
2323,793,44.726646,2
2536,1277,85.513443,0
949,337,99.814102,2
1949,2477,12.702820,0
830,2118,48.663715,1
1195,44,42.053261,0
2687,1528,17.401711,0
862,1232,55.308784,1
474,240,3.259920,2
1129,300,62.468090,1
2272,1159,47.252357,1
158,2794,39.147861,0
1824,965,58.978119,0
2334,894,5.014396,1
1551,894,9.878944,1
1365,1004,9.069061,0
505,1317,64.812088,1
2051,2729,14.925292,0
2908,1343,52.964142,1
1535,2780,67.932129,1
981,2131,64.901100,0
2351,1391,86.232040,0
946,719,5.493134,0
2996,430,2.876929,1
2366,2864,67.570480,0
1395,48,58.382591,0
520,767,76.929787,2
1711,2447,83.501694,1
2794,2764,21.360693,1
1559,576,33.819504,1
1759,2806,32.643806,2
786,2860,1.830313,1
2941,2053,47.994160,0
493,1496,74.403648,0
24,1552,16.952158,1
1789,1734,74.067970,2
2870,480,31.272209,0
699,2990,88.047440,0
1812,1956,25.661545,2
2649,724,48.279888,0
153,2900,11.034103,0
1073,1175,89.263283,1
440,2688,20.687378,0
878,2343,91.999840,0
353,1042,92.282043,0
1962,1996,20.274784,2
1096,1153,54.305355,2
2621,219,56.567989,0
78,476,72.597725,0
1779,1404,92.837486,0
593,479,22.726164,2
1896,968,41.230522,0
2775,1139,78.951637,2
691,446,97.446892,1
5,669,12.047616,2
2447,1889,46.011269,0
1039,2347,36.762657,1
146,1579,33.634724,0
496,1353,47.405117,1
2424,2851,81.371277,0
171,1100,69.322784,0
829,1995,44.734104,0
315,890,66.514313,0
1847,2232,0.793989,0
1312,2830,9.876028,1
1099,271,45.361687,1
2238,1821,99.673058,1
1871,1385,86.853462,0
1653,1303,38.385544,0
2234,1168,64.281860,2
2567,744,15.407930,0
2887,475,51.529602,2
2959,647,19.199179,0
473,2128,53.618164,0
2780,2343,60.793045,2
1085,2456,77.196587,1
1610,2251,77.655846,1
1146,564,52.219398,1
1581,266,53.738491,1
425,2573,44.337547,0
1893,1241,82.491791,2
1100,2611,19.347494,2
720,1898,40.953033,0
1154,72,49.442444,0
1824,209,68.270256,1
1522,1798,19.214296,1
1046,1939,95.180443,1
2332,2262,63.229267,2
15,2435,92.480019,0
355,1073,32.737736,2
2972,704,36.093319,1
1338,2009,30.135077,0
210,2573,96.624344,0
1453,234,98.917030,0
1299,1292,17.994654,0
1175,1716,65.321487,1
2766,2700,44.640278,1
245,1178,95.955635,0
2849,1700,51.886234,0
2931,2111,51.131123,2
348,1841,56.172192,0
59,1426,30.897161,0
1514,2581,39.527798,0
1145,300,95.493492,1
1255,1212,88.665947,1
765,1972,45.127064,1
35,726,55.106434,0
942,2192,97.993378,1
2297,2305,69.171730,1
1757,1884,97.877930,2
642,2868,73.711678,1
48,699,93.810860,0
2095,684,98.314919,0
1733,367,85.117935,0
2101,1429,52.406387,0
2577,387,32.894508,1
92,637,98.668350,1
629,199,21.879799,0
1160,684,46.557320,0
1832,2986,16.944561,2
1723,848,20.218578,2
1106,2030,56.430458,0
1007,1072,4.191323,2
1452,1029,13.888247,0
2962,2904,22.311537,2
887,1048,20.431337,0
2453,957,17.430256,1
2083,1060,20.225422,0
2215,2785,86.637451,0
2951,1137,98.807732,2
841,2042,71.759300,0
1332,2332,75.821899,0
1338,1397,23.393476,1
2989,1334,14.865147,1
2729,2277,84.064346,0
2564,2651,61.403004,2
2473,1632,2.888942,1
2201,337,31.979870,1
2654,92,5.835131,2
1247,291,75.980133,2
515,2267,71.208450,0
580,2237,98.256187,0
2818,2188,12.227930,0
1194,2627,96.476875,1
323,2094,62.675106,0
2623,2118,26.084173,1
19,1419,82.190163,2
354,203,99.797394,1
2069,2955,69.545700,0
891,2331,44.366673,1
283,1945,62.276524,0
2718,2844,89.505287,0
1680,711,35.222408,1
1864,2633,58.166229,1
710,1066,14.917632,0
168,1206,49.322727,0
472,1461,6.610461,2
1635,2422,19.884905,0
336,523,85.037231,0
1608,96,73.815346,0
1431,895,76.992622,1
181,861,26.055580,0
1430,434,83.072067,0
2516,2817,76.789589,0
1647,2786,8.387508,2
2488,568,51.291534,0
1947,1098,21.543900,0
410,2999,44.639992,1
2525,1589,37.974621,1
2152,2030,9.972405,0
2318,102,67.837090,0
1885,229,45.340187,0
1106,2593,69.219513,0
2381,1437,59.477787,1
610,64,14.527791,1
385,2698,52.917587,0
260,2081,87.185287,0
2044,148,12.322845,1
2633,715,62.209583,1
449,1773,2.574745,1
730,2624,81.084312,2
1831,1341,78.958183,2
410,1740,0.407796,1
1219,60,49.484062,0
958,339,43.344250,2
2559,577,97.638649,0
2394,1832,28.755009,2
2152,559,21.958456,0
88,1201,12.870554,0
1649,2053,98.476982,0
1030,902,88.773689,1
1683,2427,82.485733,0
1576,2331,76.963692,0
710,2021,75.539955,0
1385,1826,52.336456,2
833,2160,90.636086,0
2660,2817,43.671204,2
2938,246,42.683052,0
919,2502,21.001757,0
369,142,32.377842,0
2995,1759,42.672554,0
798,1897,8.134986,1
1849,152,6.615301,0
36,1536,23.002161,1
2692,2108,32.768543,1
649,458,60.172615,1
1941,1119,52.614723,1
2832,1113,70.312469,2
2667,2735,95.489754,1
2005,2666,93.002792,0
2146,579,86.391953,2
1554,2434,19.211517,1
698,951,4.428715,0
977,2051,66.471504,0
879,759,88.863251,0
1049,1446,65.838531,1
2801,428,12.192815,0
1335,2314,20.026276,0
975,502,46.239075,1
42,2470,72.812302,0
2090,1358,42.721752,2
2454,1162,22.289667,2
659,157,17.502401,2
2385,2976,62.330265,2
2995,1861,84.838158,2
932,1609,78.722305,0
1245,2289,15.378233,1
39,2771,60.274414,0
600,2180,16.612295,1
863,1762,70.152710,0
2365,2312,16.424051,1
226,295,47.116806,1
1345,944,16.109753,1
2563,1697,46.254017,0
1330,154,99.924347,1
427,527,21.963577,1
2591,52,57.637165,1
384,716,75.624107,0
1344,1537,57.357979,0
916,1985,56.245361,0
2831,2306,69.051056,0
2697,1276,34.755466,0
1001,90,70.430214,2
2859,1069,46.997166,0
1604,2503,25.422207,1
1618,2237,5.059236,0
544,1337,56.554646,1
358,1051,59.034000,1
167,464,81.912567,1
1869,2023,72.353554,1
676,2163,66.817146,0
2638,2502,94.208725,0
1642,624,18.693487,1
505,896,41.637985,1
467,2339,41.487247,1
1678,27,72.401787,1
662,1162,65.868492,1
1334,2334,18.230972,1
1075,1324,30.540274,0
1199,1002,10.855412,1
1207,2094,6.872367,0
307,327,95.455528,0
810,2730,18.633701,0
739,2858,72.962212,2
370,2165,47.533192,1
1722,964,47.563385,0
2827,721,82.541084,0
803,1152,88.737480,0
1649,2194,29.920151,0
1629,1590,62.517200,0
1555,1077,63.285828,1
1103,2944,87.976379,1
428,2074,7.025679,1
998,2312,15.713470,1
2674,2787,5.530242,0
1793,55,25.820589,1
336,2042,24.524336,2
2085,102,68.728661,1
1973,2300,16.673565,1
1301,169,54.538330,1
1530,131,55.047600,1
185,2195,43.776146,1
1692,2755,0.227246,1
536,1983,33.622231,0
658,1411,33.120754,0
974,813,57.020882,1
838,298,33.297184,0
1582,506,99.033424,0
2630,2252,27.814781,0
1843,424,77.021065,0
810,2984,6.678300,1
1998,2286,90.462929,2
2215,1561,35.832836,1
345,769,38.157665,2
826,2715,11.522881,0
755,2225,72.156525,0
1869,723,78.232292,2
928,1534,80.665703,2
1610,1458,60.632351,0
209,75,44.287754,0
2966,965,27.867456,0
622,2425,23.935862,0
1558,612,9.559686,0
1588,500,11.683765,0
158,1065,19.570095,0
2214,1293,31.507893,2
2084,345,66.873940,2
1537,2523,3.955189,1
2066,2166,70.545494,1
2866,2285,71.952278,2
2549,316,97.630508,2
2845,2250,79.446281,1
1121,2175,7.127596,2
854,1883,93.423859,2
1845,1730,4.369289,1
1195,2317,35.170033,0
2198,2797,35.005238,1
389,682,32.569191,1
2452,1737,93.470772,0
2452,586,52.537792,0
1867,2524,34.391075,2
2542,2771,43.617359,0
2484,675,78.092606,0
331,245,24.396717,2
173,230,19.911217,0
1475,1677,95.278175,0
2842,2148,44.800991,1
948,1909,25.167641,1
1326,1728,67.776321,0
2561,1131,33.103256,0
1208,1880,2.637495,0
2745,2092,51.219364,2
251,598,36.062664,1
1678,1524,10.165843,0
2146,1039,87.333893,0
530,2444,71.372292,1
841,508,69.719620,1
227,2052,90.597000,1
1890,218,93.723618,2
2931,1468,46.295879,1
2517,1038,11.569484,2
1876,783,73.775200,0
1525,507,47.669762,1
1103,1119,7.973476,1
1970,663,48.319382,0
659,939,75.187065,0
1747,2905,44.226234,1
647,1394,71.445541,1
2260,2611,26.723610,2
2644,751,60.774338,2
2588,1152,39.259594,0
2399,1148,7.319739,0
687,1060,68.210571,0
20,437,72.993652,0
2158,219,93.450157,1
171,1905,6.892661,1
78,127,69.117485,0
2843,585,77.099815,0
2687,1275,17.136986,0
1280,2968,92.844582,1
465,2828,59.830837,0
2373,1134,1.836262,0
620,76,27.268316,0
1822,2433,33.121899,0
2688,2210,21.675716,0
858,1588,90.125938,1
261,886,50.203533,1
1357,2626,39.280849,1
2009,1937,59.885101,1
238,1747,60.898720,0
991,1454,81.179459,2
1049,2345,36.501266,2
2765,2176,15.192524,2
76,2701,57.835968,1
1349,1186,33.279339,0
1352,2786,36.685661,1
2193,819,86.865097,1
2075,1810,7.213062,0
1505,747,88.485817,0
2790,1514,85.543365,0
2171,2300,31.004070,0
581,953,97.514244,2
221,2769,22.904633,0
242,1419,40.621628,0
1650,1326,23.497728,1
896,226,94.604324,0
728,1625,27.948881,1
2590,2544,95.951912,2
1351,167,67.756378,0
2123,1626,99.574913,1
2155,2315,89.534966,0
2437,312,56.415665,0
1099,2771,46.181957,0
1792,2899,73.160904,1
2718,721,72.531174,0
1383,2050,77.134285,0
2664,1017,48.294662,0
2552,2910,30.851738,1
416,1913,76.199783,1
2205,1049,94.796844,1
2623,1352,1.119176,0
1575,2762,13.755029,0
2934,2208,31.104940,1
587,1331,98.412720,1
1813,2023,25.043928,0
1564,674,51.115086,1
321,1588,40.315510,0
2594,2149,82.001976,2
2126,2006,54.024647,0
660,2228,17.346750,1
2684,2200,96.021095,0
2081,1577,71.622276,0
672,2001,59.323120,2
809,2542,80.084900,0
2823,2207,5.315020,0
698,1689,28.861488,0
339,2159,38.478836,1
401,570,10.397348,0
685,1342,43.990376,0
1081,2528,0.354409,0
1385,1468,4.743466,1
546,1620,71.694893,0
1496,355,11.130701,0
2807,1598,16.661390,0
2315,2942,12.204106,0
86,18,52.729637,0
2697,481,60.777039,0
2791,2028,10.300445,0
2124,1404,50.206905,1
930,341,3.126746,0
2141,1931,5.236681,0
1699,2144,5.688029,1
996,2312,73.208015,2
1599,1234,45.604515,0
1069,1393,80.932350,2
1223,2980,24.525877,1
253,1270,77.098579,0
728,462,18.249222,0
2181,2897,86.099495,1
640,1476,80.841606,1
1295,2729,11.378181,1
149,1759,63.783741,0
1243,2698,38.520802,0
2353,1104,28.493563,0
103,2546,37.199020,1
211,501,83.380959,2
488,1425,15.055325,1
1015,1728,0.350486,1
1536,1772,99.350960,2
734,348,70.211479,1
2811,1831,63.354721,0
160,2134,97.609985,0
1490,1925,5.935344,1
1867,2390,61.960957,0
1731,1822,33.076290,1
1257,1636,55.139954,0
942,1420,15.056525,1
2087,136,73.187096,2
1892,2296,10.637973,0
2232,303,88.864540,1
1546,1795,40.933498,1
730,1218,14.525968,2
500,119,20.973938,1
1086,443,58.087349,1
2998,1373,60.704086,0
2370,793,62.663319,2
2126,1921,30.436728,2
2669,2198,62.871414,1
162,2346,57.996788,2
2108,1306,44.102177,1
798,2808,70.407486,0
1803,2000,44.125656,0
840,1139,97.971001,1
355,1175,4.599787,1
855,1773,46.707932,1
2182,2911,4.687433,0
1057,2548,73.375450,0
2885,21,89.412613,2
1130,2146,37.510616,0
1335,1754,41.488007,2
1782,2161,27.281620,0
1663,1679,52.549637,2
264,1152,3.131792,0
142,1262,78.493935,0
1696,1650,95.264015,1
1742,1319,65.936127,0
742,251,94.056282,0
1711,2419,31.158005,2
700,454,6.526106,0
1503,2983,41.416115,1
1489,981,93.587090,0
2747,69,57.636017,0
1923,2621,87.651924,0
2848,1561,98.203217,2
1334,2731,40.850594,1
1960,2920,58.478966,0
43,1254,5.336460,2
2857,2098,35.681652,2
1079,1885,81.083397,1
807,199,72.949036,0
1604,2165,60.112942,1
2372,374,89.782951,1
258,273,92.377968,0
2874,2779,69.028809,0
694,905,26.856543,0
407,2698,65.470581,0
2708,495,67.147667,2
2841,401,36.362144,2
458,486,28.609446,0
615,2153,54.439667,1
1580,229,46.694901,1
2633,2739,60.412346,0
638,2554,5.165307,2
950,558,7.727761,0
178,1891,98.779243,0
647,2840,84.702209,1
1245,2380,31.192825,1
1704,919,95.469818,1
308,2813,87.443260,0
2063,791,96.310890,0
2723,370,27.882963,1
1665,880,12.490203,2
1759,2411,99.880013,1
1166,1276,96.501869,0
2353,780,95.650574,0
151,242,24.175232,0
1843,2267,21.599113,0
776,1926,35.840572,2
1047,1194,52.660625,1
307,2629,74.305626,0
1125,113,92.371620,0
364,2119,34.419617,0
1532,784,78.408783,1
1622,1811,13.818950,1
2422,2944,80.135628,0
1314,1851,64.231064,1
626,2042,83.154221,2
2073,1416,12.995340,1
1313,2091,19.535349,0
2328,832,6.215101,2
760,2612,32.740345,1
883,1087,73.403305,0
1606,53,26.503506,0
2102,664,68.236763,1
29,1828,99.787483,1
388,977,2.557265,0
1373,2591,69.341156,1
1712,1212,3.432669,0
1464,925,23.022812,0
2174,2692,69.609833,1
1596,2173,95.229683,1
720,64,68.532745,1
2661,263,59.843670,2
115,961,65.903259,0
2865,1054,2.420048,0
2579,895,40.459347,0
1403,1765,79.950539,0
422,831,96.493889,1
107,726,57.348160,0
1358,2902,8.360167,1
183,2141,41.148888,0
142,2617,72.482773,2
2680,2630,26.503811,0
892,2136,94.016571,0
1520,2489,25.297852,1
2795,442,30.842752,1
1129,2567,24.160204,2
1029,2190,1.532086,2
771,2049,53.968700,2
1965,1134,96.848816,0
1297,648,86.199020,0
1913,1090,90.213181,1
652,504,96.672279,2
1171,149,92.796288,1
1010,597,94.423553,1
1310,2309,49.581730,2
1340,1549,26.479080,2
927,897,37.703346,0
2697,1266,70.860542,1
1884,1451,1.911034,2
998,167,32.499409,1
1573,2802,86.112930,0
2887,1058,59.935184,0
2419,440,45.279034,0
2526,1473,82.198250,1
54,2315,79.362617,0
2961,1441,68.147591,0
2347,2436,21.034750,1
735,650,78.107460,1
1699,1995,13.707668,0
2614,2614,80.271042,2
2495,2798,17.368216,1
2850,1057,30.954695,0
2848,2306,93.365234,1
10,1061,60.422970,1
2670,1928,92.324287,1
196,1811,91.390717,0
646,2535,2.491096,2
1124,2559,84.449280,2
671,1286,55.609245,1
116,2283,39.189957,2
2885,2178,72.931900,2
532,1382,60.804253,0
2776,937,48.153336,0
666,2219,52.737747,2
2818,49,27.229820,0
2288,2903,73.690948,2
2681,1572,51.729477,2
2122,1728,88.039024,0
2647,2760,39.595505,0
2776,111,79.124115,1
979,921,83.349182,0
2616,2714,97.719940,1
2517,2959,9.507126,0
2502,834,16.680305,2
972,1338,48.089264,0
626,2150,44.566921,2
1954,2447,62.647785,1
589,2402,41.252171,1
2045,2689,55.014275,2
215,1472,62.269958,2
2104,2338,70.739799,0
90,2536,93.807068,0
2682,1617,43.429928,0
1675,1312,91.996109,0
917,709,13.162930,0
2357,445,87.717079,2
1168,2059,23.140821,0
1425,795,19.688818,1
376,2511,72.424309,0
2536,1783,35.155510,0
2663,2297,30.442846,1
874,2677,41.092907,0
1078,2023,34.261280,0
2139,12,50.594833,2
2555,2131,91.896751,0
1797,529,55.788422,0
2585,2293,21.883827,0
2778,783,50.953854,0
262,735,56.412041,1
758,384,77.166176,2
2160,2249,25.754532,0
778,536,8.031039,0
2430,1551,19.804428,0
1465,2755,75.314285,0
161,2417,43.279560,1
1959,459,92.235092,0
855,2455,11.007080,1
2951,2252,43.403782,1
2620,1235,12.137971,0
1828,2624,59.665958,0
1842,1837,41.033901,0
1454,2246,5.398983,2
2229,82,37.592648,0
1143,153,94.100143,0
1212,645,4.462018,2
2800,2473,82.852135,2
1961,18,59.345131,0
1416,2773,51.384655,2
655,1348,71.437599,2
1377,2045,14.995163,1
1579,2519,15.347951,0
1413,1297,86.985413,0
964,926,83.295395,1
1021,705,99.667679,1
618,1276,71.959961,0
984,373,45.185268,1
762,2282,49.209343,1
1713,1362,22.617821,0
1021,2289,40.781559,1
2385,2498,91.538551,0
594,1654,29.195965,2
2266,2759,30.670807,1
1589,2344,43.544395,0
746,341,92.406174,2
375,1081,85.164879,0
2203,1177,48.188118,1
2648,716,63.611301,0
2451,2206,21.101805,1
1785,2971,5.426090,0
2408,2745,87.379356,1
2669,2380,71.048729,0
2388,1321,18.949116,0
2714,197,63.038128,1
728,2493,42.000149,1
1896,1172,70.485603,1
2139,2297,16.836481,0
919,1899,14.489750,2
527,663,62.023083,0
2590,682,50.634834,2
2590,1828,39.312828,1
2570,791,15.032482,2
2204,396,14.215937,1
1507,2392,68.627304,0
773,1152,57.942673,0
811,1576,12.815745,1
1049,1511,4.422434,0
336,2767,90.078087,0
2742,469,73.962151,1
2270,2585,38.449291,0
1221,1343,9.964315,0
1684,2820,51.258869,1
1098,1422,5.246263,0
1122,656,53.770466,0
1429,1494,83.305878,2
1827,805,73.834778,1
1556,410,80.360847,2
778,2327,27.756426,0
1696,2930,84.618660,1
1366,1021,93.526657,1
319,930,10.286834,2
151,2873,15.870315,2
2529,2074,52.477371,2
2348,1483,1.928372,0
2100,128,77.120049,1
2418,2763,23.975180,0
465,727,75.580940,1
1138,1406,87.056549,0
774,2160,81.778496,0
238,1221,31.105310,0
993,159,98.586403,0
66,393,21.224611,2
1232,2156,1.954602,2
1520,772,91.816544,2
1729,1224,88.445152,1
1119,1471,81.088562,0
2477,1808,77.320503,1
317,784,66.666542,2
2746,2497,37.386921,1
2408,1736,79.333633,0
2357,684,84.173325,2
1223,1430,8.819437,1
199,1548,84.989578,0
42,2003,52.146515,0
2415,2723,58.572853,1
466,316,79.715874,1
2066,1841,33.325588,0
1861,1171,47.148476,1
2134,1564,61.248333,0
1761,420,84.013626,1
1117,1771,67.787376,2
2984,538,81.648560,0
6,2902,58.198383,1
606,1022,97.045494,1
791,1433,9.760942,1
1607,953,49.852295,1
2280,1920,14.021773,0
1673,586,82.383156,0
1721,1163,37.223740,2
885,2457,6.865113,0
2644,407,34.818897,0
1304,1737,93.950882,0
2239,961,92.541801,0
192,255,71.049141,0
1619,2076,46.586212,1
438,2497,86.384041,0
899,719,19.899652,0
2342,504,40.317413,2
2824,2952,96.077209,1
39,687,13.523540,0
2602,2296,47.338741,0
2099,1561,97.838341,1
331,1250,70.620110,0
2317,381,54.608173,0
2362,2802,93.728561,0
1116,753,88.524719,0
718,1328,94.392532,0
2325,2124,49.291161,1
1076,2910,41.496773,1
45,362,85.363831,1
1553,2968,76.688232,0
2063,2050,89.672791,0
502,666,58.437176,0
1812,2732,41.111843,0
400,1509,37.096146,0
2030,403,26.434015,0
1207,1890,41.665886,0
2557,2412,5.625259,0
1687,2354,32.926720,2
2237,2911,64.223930,0
1773,2723,38.540794,1
1633,1788,46.448795,1
1729,714,53.313538,0
1431,836,18.261206,2
1158,1876,70.338692,0
167,2925,60.759937,1
2990,170,16.047905,2
2943,1476,3.158065,0
2425,2247,71.462776,0
143,2434,53.181793,1
2071,2803,48.642807,0
68,778,2.257800,2
2717,1701,24.112383,1
2530,2554,61.570335,1
1181,2832,16.422579,2
1391,2830,57.647625,0
1462,2614,26.687302,2
294,555,85.937408,2
180,799,76.709061,0
2199,1748,11.188014,0
2568,2670,82.960770,0
2690,66,36.567852,0
1394,334,12.580002,0
1494,375,37.465969,0
1028,1041,39.519463,1
877,1857,31.506025,0
769,2292,10.123414,1
374,505,46.286888,1
1757,196,5.743848,1
400,1819,50.569817,1
39,1312,54.493721,0
1306,1943,86.951759,1
2809,2752,8.260208,1
1565,417,62.711922,0
2333,1918,32.195522,0
924,1710,68.924210,2
2795,2760,58.993153,0
1277,2900,29.867363,0
1189,744,5.700224,1
441,969,12.872647,2
662,833,58.989292,1
37,1205,34.109890,0
2801,1627,96.128586,0
2931,1540,85.598335,0
1723,85,70.699066,0
2273,1134,62.901203,0
2306,93,88.270142,0
1595,934,48.440971,0
1242,653,35.796471,0
2552,231,27.947250,2
1261,2293,26.866053,1
70,2762,38.485001,0
525,23,71.405579,0
300,872,93.242378,1
202,2094,93.005470,0
2690,2258,63.458633,2
2930,605,83.444862,0
1744,287,41.693817,0
2019,1839,58.875336,2
1538,1586,43.202404,2
2418,2046,41.872276,0
1148,2988,95.438553,0
2454,2077,33.465405,0
2553,504,15.036030,0
29,2782,68.485222,0
311,2651,12.093092,1
36,2399,94.880348,0
2006,1941,14.853000,0
596,148,66.031975,1
95,2665,44.381210,0
1404,1764,91.338242,0
554,1221,92.475388,0
1163,1247,47.878357,1
635,2342,90.094589,0
359,1868,23.214489,0
2012,1848,89.374779,0
218,1445,54.391087,0
2349,770,0.635988,2
2408,1462,54.026951,1
219,2634,4.317113,0
2589,2780,36.167500,0
1456,21,75.037514,1
667,725,75.277962,0
2716,1150,69.383339,0
2230,415,24.931770,0
2478,841,75.539299,1
158,2950,68.403717,0
385,1479,95.011841,1
1038,1858,8.452682,0
1235,1775,97.181351,2
275,2141,11.597445,0
2987,893,49.713448,1
1292,2013,45.309849,1
2230,898,32.190075,2
543,1248,73.944641,1
1528,2341,3.239747,0
2990,838,97.359772,0
2557,1315,34.216393,0
920,699,46.518688,0
211,642,10.296271,0
2588,220,15.334004,1
1888,2577,80.532448,1
2130,1349,64.981598,1
2012,41,29.076252,0
2314,286,43.092560,0
275,2848,38.514088,2
2301,1586,86.958206,0
2555,244,3.221302,1
2869,2695,33.255741,2
2568,2308,75.806442,0
1142,988,57.058346,0
2709,1901,48.351097,2
2251,1763,96.996513,1
2678,778,73.216766,1
2990,1549,88.454865,0
2126,932,39.593327,0
2350,99,6.632243,1
777,1293,85.871193,0
2607,691,92.877174,1
847,121,59.330276,0
2252,1263,25.704645,1
2491,2241,40.306019,2
2696,831,9.609178,1
2906,178,34.703091,0
2784,895,89.580643,1
72,982,87.279457,0
838,1527,85.430138,1
1855,363,55.783165,0
1465,1694,4.422421,2
237,2832,95.595131,0
904,2073,2.304762,1
1065,783,5.098560,0
931,378,27.375250,0
2711,815,78.462944,1
2398,369,47.068722,2
2438,831,89.482811,1
169,221,9.148243,1
337,469,21.732840,1
335,1963,38.989937,2
1303,2815,96.601852,0
2431,2207,5.961268,0
2503,226,29.753696,0
2079,1282,81.656631,2
2485,22,64.184448,0
547,1211,9.043602,1
2404,2797,52.163692,1
1033,136,24.969107,2
743,2649,31.777109,1
276,1526,29.625839,1
2978,1320,46.141476,0
336,714,5.795731,0
269,2512,55.832516,2
2167,2447,19.524687,0
93,2724,81.914429,0
695,1613,26.575365,0
885,396,75.373535,0
2964,1089,55.866714,1
2556,822,38.266476,1
1900,265,82.833237,1
131,2207,67.224327,0
1331,1164,55.699776,2
1380,2715,34.633263,0
768,611,17.806755,1
1039,447,94.768387,0
395,1485,80.572464,1
1117,2788,21.147717,0
764,981,24.582384,0
2621,2243,9.229835,1
449,451,13.555618,2
1745,103,64.851654,0
727,957,77.926888,1
2621,711,41.647446,1
793,97,52.790932,2
2739,662,40.005623,0
394,1910,21.037880,1
1878,1173,98.819237,1
804,2169,85.002457,0
2801,1026,98.607643,0
2452,1042,40.223068,0
1319,1068,51.805309,2
1649,701,74.411461,0
1988,1419,53.561066,0
717,496,85.138870,0
2210,612,21.880352,0
348,1932,30.192160,0
532,684,41.480953,2
2381,423,24.714628,1
598,1303,25.880152,0
1561,127,79.104576,1
2526,1926,95.225105,2
859,1623,15.748554,0
548,2969,56.707146,0
1913,2054,90.700447,0
2044,113,60.023552,1
501,2333,71.598648,1
2858,2200,23.841831,0
1902,2167,2.516079,1
1942,2697,1.224951,1
2297,2748,82.361885,1
1366,2417,26.238451,0
1592,2048,8.765610,1
2160,2390,49.292229,0
1107,1377,52.202812,0
1393,1735,31.386919,0
374,1360,24.084070,1
1431,484,33.689907,0
1937,1316,93.338104,0
621,2237,3.538122,0
1130,2479,55.870846,1
2062,1071,54.791435,0
601,833,40.068375,0
44,1440,5.464736,1
2513,2456,99.850479,1
2594,2878,15.040434,1
1686,2634,75.342613,0
108,41,32.379848,0
1120,675,26.402176,0
1808,1694,46.293400,0
1681,495,42.941303,1
760,2653,10.133619,2
1844,2852,5.632714,2
786,349,13.777088,0
1196,2505,27.274153,0
118,2942,72.933861,1
1530,1871,35.147556,0
1516,427,70.447945,1
2558,2475,78.812187,0
1358,993,62.035343,1
1522,977,97.454300,0
567,2273,86.280281,0
313,2260,59.987946,0
102,2370,56.253639,1
2767,1466,54.663887,2
1135,2164,24.744167,1
2834,1023,32.407978,1
2246,1699,74.940018,1
2233,2131,35.188332,1
2991,2611,5.909807,1
2693,118,36.226746,1
1469,2273,56.146935,0
472,765,65.227310,0
2554,1639,91.797974,0
1999,232,67.024254,0
2567,2643,58.406727,1
1010,1362,35.773968,0
1380,2641,25.204710,1
294,938,74.526604,0
2106,315,53.548176,0
2263,1509,99.125053,0
2406,2078,19.936201,1
2427,1197,34.694107,0
2365,1798,10.118988,1
1790,964,19.819567,0
2210,624,47.950050,0
190,2260,83.715408,0
2150,64,53.587482,2
2158,1280,52.693237,0
1534,1336,92.763954,1
2559,2717,82.365311,0
2063,838,86.422295,0
1520,2885,50.821396,2
1652,873,27.700495,0
2935,2519,6.766343,0
2583,2672,46.564926,0
2742,1365,12.423053,0
2870,2455,40.283951,1
149,277,94.533134,0
2145,959,93.862183,0
1073,983,35.949375,2
852,126,40.283447,0
2327,1108,48.300800,1
2270,1695,74.431007,1
2834,2731,64.441826,1
879,1101,94.329826,0
1078,2190,3.364465,0
622,665,62.095821,2
667,787,33.589859,1
1518,811,49.417667,0
2309,520,63.303726,1
2569,1667,64.339142,1
2322,189,14.814590,1
2485,183,40.791080,0
1640,83,86.800354,1
1625,2314,94.290405,0
2811,1713,38.595165,1
1701,2175,16.727022,1
1762,634,99.027451,0
2686,1890,29.902929,2
2678,101,99.872421,0
2078,558,59.301151,1
2813,1196,6.447715,0
1555,1757,81.610977,1
2403,300,93.728584,2
2299,1846,39.303448,1
159,1118,21.580318,2
1845,2202,20.475643,1
200,2084,77.891953,2
2721,2053,5.463346,0
253,1719,10.746012,2
1301,1313,72.857475,0
171,1650,54.729507,1
1624,678,56.142933,2
995,1478,93.746178,2
1945,912,33.222511,0
2637,920,79.865150,2
356,149,44.824718,0
365,1247,37.337982,1
825,2731,5.241408,0
566,2301,73.707458,0
1063,2727,0.086250,1
951,1941,97.255287,1
2969,1876,14.417391,1
2301,1017,24.731382,0
513,2248,8.141578,1
1839,2779,95.412437,0
916,2492,80.902260,0
1362,2505,81.482430,1
896,312,83.386147,1
2403,1142,96.604492,1
1040,2177,77.223999,0
2346,1247,20.604273,1
2934,1657,92.154579,1
2751,1152,59.233616,2
1324,1301,78.603333,2
1209,291,28.150620,1
1591,2686,76.076180,0
2125,443,13.483907,1
293,1860,73.955200,2
2610,1209,42.090176,0
457,1411,4.813974,0
2658,2397,41.552746,2
2004,1294,92.684067,2
813,1088,86.463699,1
184,1010,74.396027,2
2888,1313,28.988401,0
894,825,28.513645,0
1230,2956,53.903725,1
997,642,84.850380,0
2016,568,41.362526,0
1518,1151,34.012093,0
688,2565,82.955208,0
2065,1459,51.349464,1
2067,1165,87.777885,1
1121,375,45.593704,0
935,274,19.223595,0
483,2571,78.226990,0
921,2911,57.604050,0
536,1076,97.341698,1
1245,2250,9.723595,2
674,2250,7.116701,1
1664,413,28.472481,1
2211,2898,13.018318,1
865,1811,66.038155,1
656,477,33.042950,1
2636,1506,49.265099,1
726,1644,72.200691,0
2810,2141,55.471516,0
2440,660,50.273273,2
924,2022,21.021439,1
903,1569,92.875626,0
1319,1729,51.893230,1
1953,213,10.978077,0
1357,1529,41.330467,1
2579,603,75.414536,1
2865,1610,61.283157,1
1589,1684,94.144569,1
1541,2256,37.911140,0
2118,2673,32.378456,2
1482,323,78.262077,0
812,2530,46.290257,2
1079,2368,11.025594,2
1191,1022,34.297512,1
2578,1757,27.603144,0
2621,609,44.401905,1
571,204,44.705746,2
2151,2036,67.642662,2
259,2140,46.225574,0
2209,2458,50.443420,1
2295,245,76.110207,2
2678,2321,42.321724,0
725,2191,5.125757,1
1849,953,27.650747,2
2592,952,83.537331,0
1028,1446,90.373489,1
1569,1376,29.264761,0
772,1157,50.744869,0
2420,1137,15.781350,0
1382,1419,32.709549,0
1316,1375,66.349144,0
2493,1952,31.969944,0
1330,2892,34.452694,1
1618,1992,27.109726,1
14,679,41.289783,0
2625,2026,85.004120,1
2295,817,37.020000,0
670,895,56.723190,1
2044,1346,17.981560,1
123,535,28.492023,0
2826,1723,46.013691,1
2015,2028,97.389992,0
1781,2840,76.156372,1
893,890,65.628166,0
2357,1016,51.054264,1
2229,2753,76.848038,2
862,1186,67.346878,0
2337,2785,29.582836,0
2565,43,58.375130,2
147,2535,60.920292,2
2559,756,60.437042,0
1708,2727,70.307304,0
1647,2613,29.101011,0
1551,2519,52.588367,2
1871,1599,85.609932,1
2812,358,79.790337,1
1866,2349,69.748703,0
2076,2282,25.720984,2
1102,1854,85.038055,1
1240,1721,19.022583,0
1653,1038,83.541428,2
1949,807,99.306114,0
160,269,75.175873,2
2752,2775,19.064745,0
2709,395,65.483871,1
2272,202,91.064087,0
1375,2002,44.224052,2
1971,2292,87.736488,2
1881,544,6.996628,1
2034,1272,23.345413,0
1145,810,37.494278,0
827,1864,76.779587,1
2960,2402,99.077980,1
417,659,25.831190,0
1283,1233,22.314766,2
1865,1561,95.965942,1
577,816,87.718163,0
1999,1007,83.820396,0
1774,1843,67.337143,0
1832,384,13.867634,2
436,1663,87.286652,2
619,94,91.684563,1
1233,221,17.415785,1
2680,2817,11.509587,2
2014,735,32.263851,0
1522,2762,41.184151,2
701,1200,19.813139,0
1030,2323,64.400246,1
1292,1974,88.068886,1
2838,284,48.669113,0
2153,328,77.867523,1
1665,1015,27.526739,1
1954,907,15.973225,1
899,97,27.391434,1
1232,1691,22.149019,0
2442,392,13.542851,0
123,386,98.148331,2
1522,1496,87.900940,1
1520,2285,47.259552,1
1518,1377,1.790963,0
1279,2666,78.937340,0
2717,115,84.716187,1
1144,1650,62.554024,1
377,1014,11.920265,0
2698,2755,43.517181,0
183,2023,3.724276,0
1202,1791,20.848886,2
2197,1778,76.611900,0
2438,2936,55.351231,1
2799,2760,31.910965,0
940,416,54.735558,0
2555,2091,1.754131,2
83,1194,78.108124,1
128,1730,53.010464,0
2669,309,7.133274,2
1629,1394,57.754810,0
83,2828,6.801385,0
1698,340,84.507851,0
2210,87,26.758688,1
2277,1743,43.298569,0
2521,922,55.336548,0
902,2973,12.650619,1
460,1057,56.017532,2
2060,1645,56.377453,1
848,2405,16.059729,0
1857,2897,74.104538,1
1379,2850,41.220448,0
1984,1536,81.298927,1
152,50,12.965005,1
500,2411,52.664356,1
1932,89,81.991905,0
1714,412,51.138725,1
1392,285,7.210032,0
337,1645,48.766251,1
460,309,92.085190,1
876,752,27.129908,0
712,2251,4.619747,0
2046,777,37.653835,0
541,654,80.932037,0
2488,2923,4.216398,1
1387,1521,54.338589,2
1084,2864,81.428406,0
917,563,65.489655,0
1214,340,34.117725,0
1701,1885,97.262657,1
2114,149,33.279758,0
2405,548,96.456314,0
470,1481,28.932964,0
2263,1177,7.011906,1
1294,579,4.801931,2
1927,323,77.074371,0
872,1502,77.443420,1
2858,1368,78.471848,0
2986,408,23.849585,2
2706,2824,76.688156,2
128,871,75.129417,0
946,2413,47.235447,1
1911,1824,17.524254,1
1623,2610,17.391716,0
2883,1761,60.074493,1
804,2519,44.893303,0
1120,1981,82.397423,1
1228,168,50.899319,1
2836,873,41.505909,0
1534,1900,91.784882,0
1714,1148,20.860277,2
1613,2038,2.567496,0
434,74,91.714622,0
168,36,98.978012,0
1990,1270,48.602848,0
2664,855,20.864729,1
774,1583,61.685066,0
2015,467,36.788219,0
308,568,75.692284,0
1206,1410,77.648323,1
1058,1909,60.298866,1
1771,688,29.764376,1
420,1793,84.439354,0
2423,2242,1.323279,0
1731,669,37.732124,2
1710,1898,74.933624,0
1192,2690,8.775901,0
658,2091,95.920212,0
1921,365,47.820156,1
1978,1949,36.817291,2
1336,2619,54.780968,2
1784,1846,46.507423,1
499,1191,46.610893,2
558,1462,63.951298,1
542,1355,54.650669,0
2381,1967,99.161148,0
786,2104,54.641464,0
1844,1240,61.343510,0
2092,2553,78.145897,0
901,1957,15.939494,2
2200,2701,78.990105,0
828,18,21.622477,0
2070,898,57.638779,2
1473,282,80.682106,1
1325,2069,58.029526,1
320,2366,56.332489,0
2089,1687,7.437619,0
2784,2867,13.365813,1
1302,396,91.535141,0
2915,1161,16.672346,2
220,1746,93.355164,2
1841,361,45.648067,1
2002,2055,93.125725,0
2754,2481,5.121684,1
2646,673,73.765663,2
2793,1900,69.497543,0
1350,1203,20.528627,1
791,2686,28.662092,0
1026,2351,20.168844,2
2725,2806,80.540138,2
1267,2685,6.950649,1
2040,2034,34.375164,1
2586,2060,3.001014,2
96,234,49.789066,0
2356,2362,80.131714,2
2537,939,64.666283,2
2958,1553,5.268381,0
2786,398,68.963081,0
1590,1602,54.589855,0
1253,1448,76.561584,2
1040,2392,47.727676,2
281,181,3.418567,0
557,2226,93.262505,2
1974,2807,21.350105,1
1400,2134,66.211685,2
2511,783,19.275709,1
778,1755,56.868572,2
333,2083,1.712370,1
289,846,79.087822,1
875,1210,41.826069,0
430,1350,97.834129,0
2479,594,27.241703,1
2369,647,75.769867,2
2782,1791,66.951057,2
1525,1734,70.604111,1
2815,2484,94.486351,0
1365,1985,69.067932,1
2980,1508,98.719383,1
505,162,45.320648,1
2726,938,13.963038,0
1872,2459,23.326008,1
2289,1376,46.640953,0
2765,1704,94.538513,0
17,1058,55.181725,0
2657,1330,61.585426,0
2760,162,83.472198,0
536,99,81.753296,2
2529,2479,16.564320,1
623,2833,75.138039,1
1167,2846,56.923607,1
2028,2748,65.471512,0
894,991,81.197136,0
1361,2144,88.726593,1
519,1155,90.155785,1
1572,2567,50.509167,1
228,2314,42.672768,1
450,2020,63.863094,0
1634,408,15.836914,0
355,1362,43.157101,2
1184,2136,94.854774,2
1066,2727,69.561592,1
1359,481,74.541893,0
1988,636,0.471561,0
1492,1260,52.435230,0
582,99,5.993093,1
519,1189,59.290035,2
1582,1710,14.631948,2
2707,1814,96.853371,2
67,1511,84.769508,2
262,355,12.057956,2
1177,1122,18.478680,0
1616,1684,11.267694,1
89,2513,25.347675,1
2457,1648,48.951874,0
1552,2607,71.307991,0
860,2297,23.110949,2
1330,869,55.890903,0
2055,2511,73.463692,0
2928,579,88.649498,1
1962,647,72.639381,0
2646,1132,32.180897,2
678,2698,66.194725,0
2868,2485,44.540485,2
1934,2693,2.546071,2
2057,976,67.663437,1
782,1778,66.017471,0
723,2431,35.903229,1
2115,1829,16.898968,0
854,2260,73.686562,0
2998,393,5.257106,0
331,1156,28.498852,0
8,2788,36.337940,1
1795,730,24.948124,1
633,2514,19.139622,0
1546,2161,33.374660,0
1813,2363,75.341064,0
2037,1648,91.017014,0
83,1280,30.621061,0
2498,588,47.252102,1
2895,1919,52.294666,0
181,1873,42.401054,0
1614,761,47.279049,2
1724,1309,50.210705,1
2395,2770,95.164337,0
1542,2897,25.366899,1
598,1789,12.911075,1
1781,1941,38.215405,1
218,53,10.357172,2
2199,2779,59.952381,0
2043,2143,48.838047,1
1227,2446,51.179913,1
594,2617,70.398628,1
1671,1468,9.701767,1
1441,335,57.683475,1
561,105,8.757854,1
2415,11,38.638042,1
2619,2288,69.815407,1
2766,118,17.847198,0
190,2586,52.709076,1
2998,1533,27.344181,1
2633,534,59.279839,0
1810,561,56.858440,1
2291,2028,21.567528,0
793,105,77.626564,2
399,2931,15.211485,0
82,2305,93.845139,2
779,1657,55.916073,1
2178,2287,31.803156,1
1920,1941,51.175755,1
1838,1722,52.652020,0
1098,1251,92.174049,0
1396,1255,22.817423,2
2749,959,80.984604,0
1097,141,85.463539,0
1862,783,1.598539,1
2150,1705,44.152393,0
1679,69,45.007183,1
1881,2994,93.208389,0
2002,2136,66.506531,2
370,2957,16.242611,1
707,1427,73.926094,1
77,974,8.024903,1
983,620,34.252075,0
645,1168,34.688976,1
2109,162,71.734421,0
348,2350,50.304405,0
902,92,95.685143,1
2482,2800,80.304321,0
2961,1978,53.650402,1
2399,1933,46.401688,0
2348,1202,71.020546,1
415,2605,93.935829,0
485,2859,26.605803,0
1494,2578,70.235298,0
2538,1448,24.946968,1
2942,2117,46.470695,2
2294,2728,56.031265,0
149,1280,23.531456,0
2302,733,24.203903,0
1880,2207,70.888428,0
2399,2624,62.927776,1
2937,680,8.760485,2
1316,848,77.440132,1
2364,311,65.550682,1
1035,1595,93.365723,1
1374,2672,65.312279,0
377,378,52.403500,1
2695,2009,18.554152,0
185,2143,44.903809,1
485,2698,18.767092,2
1015,1171,38.152309,0
1763,2225,10.344062,0
900,2371,24.481253,0
1885,1650,2.127295,0
2466,2137,7.717238,1
2560,1777,62.626514,0
699,2235,95.728050,0
2554,2502,4.591206,0
1242,378,53.917816,0
2963,2502,5.037196,0
2841,2308,42.869247,1
961,547,53.403450,2
2274,2891,94.786667,1
343,768,42.527000,2
1639,2015,43.149227,1
2479,2444,59.524216,1
2827,421,75.710106,0
854,269,96.253616,2
2375,1761,96.666779,0
1577,2227,44.708904,0
467,2976,77.435287,1
2301,72,22.314720,0
2846,563,83.893578,0
1544,1836,60.925411,1
1843,886,96.712547,1
2488,1924,98.893112,1
281,1155,85.718475,0
2249,1281,95.522766,2
1865,2757,30.936878,2
1275,2837,44.100586,1
1450,1520,57.909634,1
796,1566,66.024506,1
310,1929,44.734379,0
2700,947,12.225209,0
468,1891,53.624638,1
452,2756,59.538704,1
2279,1842,34.769291,0
132,1789,71.207153,0
2807,408,87.673615,0
1341,1319,64.084007,0
1972,1533,71.295967,1
1662,339,59.122948,1
1589,2906,88.923027,1
135,1806,37.449177,2
2154,539,92.314102,1
334,774,81.762688,0
505,1543,89.297348,1
2060,875,10.073520,2
486,148,3.657454,1
2383,2330,98.413948,0
2146,2323,36.165058,2
935,2666,66.799019,0
2547,2788,94.411613,2
1465,145,62.377365,1
1180,2321,34.882011,0
2537,1871,2.824897,0
666,394,85.488083,0
908,2716,86.236061,2
974,42,94.121254,1
768,1230,99.443375,0
1861,269,4.855554,0
2992,2091,2.552028,0
800,341,12.415112,0
1002,2983,62.837212,1
1282,2116,17.360483,1
2998,2461,26.554678,1
2181,908,15.484906,0
2928,2245,46.948868,1
470,2615,32.641987,0
103,92,57.589844,1
572,1691,94.441170,0
1008,130,10.333780,0
1430,211,95.463318,0
1347,2615,84.083672,0
2994,871,40.324322,0
1582,673,90.166908,2
2293,1880,29.466768,0
1588,1367,18.507185,0
2318,692,84.214867,1
2966,1817,35.955830,0
743,1916,94.796204,0
2490,1599,55.833893,0
1657,1294,29.620848,1
1864,885,88.111710,1
519,1291,81.231369,2
649,60,76.183655,0
508,442,27.912685,2
805,2530,19.339882,2
2697,1282,12.640663,0
1388,2064,88.843178,1
2381,2517,70.936012,1
2564,2874,8.149720,0
2216,2909,7.928723,1
2600,802,56.622845,1
426,2134,69.474480,0
2393,1888,67.691948,1
2599,2180,91.879501,1
2696,1430,24.896261,0
855,1228,65.077568,0
2713,1459,9.041628,0
2194,2973,14.492439,1
1988,1558,90.763008,0
1681,1582,3.825838,1
537,2225,76.582474,0
1366,1441,36.944210,1
1342,443,96.129723,1
1104,2769,42.078232,1
2521,1339,90.115143,0
2742,1048,42.970192,0
1185,450,47.274124,0
190,836,98.756653,0
44,1678,1.906007,0
2236,1445,94.549561,0
2289,575,58.689873,0
2499,2099,53.256897,0
949,846,57.558598,1
1271,2502,59.148830,0
2234,1090,97.559578,1
1559,150,98.960022,0
1632,991,73.950882,0
2485,2408,98.799171,1
745,2053,71.984322,1
548,467,61.012653,0
1790,1754,10.885725,0
2454,2227,83.738556,0
2903,2087,39.029022,1
1184,2528,77.492012,1
1137,2865,36.990746,2
324,2946,26.756283,1
458,256,72.556862,2
2301,186,36.862122,0
2844,1524,38.752941,0
1821,1546,81.576797,1
2501,178,8.442252,0
2220,1843,12.531619,0
574,1031,29.018314,1
993,2803,41.176643,0
976,2197,75.496880,1
2310,1089,75.144463,2
1464,1796,92.810150,0
834,2956,87.292877,0
128,811,20.732229,0
2881,1721,91.137108,1
1662,188,5.378861,2
1038,1365,70.006088,1
1918,376,83.300056,0
628,63,87.374565,2
970,1894,24.055485,0
853,847,40.450104,1
1801,2254,69.353294,1
2475,1960,55.335705,0
1634,416,79.460938,1
699,174,8.918063,0
2002,435,67.341934,1
538,391,4.310868,0
2277,2139,97.228920,1
2500,2094,97.202354,2
1273,792,35.980492,1
2020,961,61.777237,0
2730,1128,37.790920,0
2495,1530,9.659315,0
1529,2426,15.339669,2
1945,2390,53.707977,0
2229,2966,53.405968,0
935,235,28.732763,0
2303,487,22.284159,0
358,84,1.074806,2
2366,1205,86.461029,0
1210,1519,96.404251,0
1039,367,95.544464,1
435,1416,22.511694,1
1328,342,24.380730,1
1519,1483,5.327384,0
523,2265,94.682030,0
186,1906,98.465919,0
2672,2671,26.562069,1
2927,438,58.251373,0
4,326,81.073601,0
1688,2121,35.610558,0
1795,2190,19.847311,0
2462,2513,33.811485,1
595,838,87.012321,0
2241,40,0.502072,0
202,2186,43.475307,0
2285,1618,53.273453,0
239,1507,13.743114,0
484,1300,67.928741,0
1158,844,44.821918,1
112,1417,17.265503,2
767,1719,50.564529,0
2056,2547,31.271423,1
1462,1998,95.901985,2
2403,2075,21.211157,0
2523,686,87.966324,0
544,1131,88.460495,1
2400,1485,37.586109,2
949,867,47.372768,1
851,307,71.294106,1
651,734,69.906708,0
2135,139,14.104965,2
162,880,18.606688,1
1107,1171,26.584211,0
1654,1170,37.872364,2
2592,6,60.941463,1
191,2731,96.656631,1
131,2157,15.327818,1
1616,2267,54.005150,1
478,705,24.397072,1
2729,469,57.913387,0
1447,1559,6.674448,0
1723,958,95.321739,1
1098,2653,8.261750,1
2452,582,65.497757,2
750,21,61.552761,2
2161,1578,89.851639,1
2623,2834,44.623131,1
308,580,36.028347,0
1942,846,62.395565,0
1931,58,80.301407,1
2846,1261,62.815170,0
1389,1033,8.394884,2
19,2984,91.163605,0
769,1391,39.901669,1
512,576,75.288246,2
1745,2314,52.089775,0
1922,2228,92.804947,1
2170,1262,21.183830,0
969,1517,39.692711,1
832,2611,56.203827,1
1150,2288,14.110504,1
2950,2619,92.297379,1
2258,2694,71.722298,0
2122,996,23.067713,0
1374,133,55.950333,0
2945,1413,30.607025,0
902,1740,89.283356,2
940,1394,96.938858,1
852,1233,45.268898,0
2757,497,93.376671,1
2064,2328,6.747256,1
2006,395,94.123856,1
2075,2161,30.662260,0
994,1100,86.736923,0
2218,2275,60.925053,0
146,1945,88.860733,1
814,813,68.283386,1
2228,2251,72.492462,1
514,1378,44.107185,0
844,1767,61.830910,1
1140,110,19.420303,1
407,428,59.680485,0
2702,2409,10.995981,1
1354,1096,99.345497,0
1020,27,65.958473,1
1264,1336,80.630287,1
1311,2759,27.659966,1
1457,2091,16.009392,0
2879,1329,36.745399,1
568,39,23.062162,0
398,973,69.649857,0
1340,509,96.191612,0
1261,1625,94.930931,2
2228,2524,65.624138,2
1828,2996,9.328555,1
1214,1544,24.921419,0
2377,2559,94.115402,2
297,1037,85.242577,0
26,902,80.166832,1
819,698,6.901993,1
1352,1400,71.517906,2
2208,1044,66.036072,1
751,912,33.685787,0
351,602,62.570625,0
2394,2687,66.704773,0
282,1098,13.954659,0
2852,415,68.257645,2
355,1792,80.644913,0
2424,2277,88.248093,0
1070,2047,42.047764,2
2034,2635,70.319046,0
1228,1111,96.970566,0
762,1693,27.243126,1
2546,348,15.391571,1
2279,361,74.818123,2
1135,1716,54.919186,0
2599,1518,73.555954,0
768,629,64.477074,0
1725,1805,51.045498,1
575,889,47.974255,0
1953,261,19.318544,2
240,1452,67.060829,1
43,789,74.555313,2
1762,2704,31.633463,0
1846,2923,55.946323,1
155,2037,71.471405,2
1737,2453,31.764126,1
2311,1497,88.262291,1
1010,2349,80.335854,0
2330,682,38.299934,0
1448,490,9.814130,0
640,178,78.321999,1
2040,1459,31.923967,1
924,361,75.490021,2
64,2027,14.487626,0
302,667,18.419762,0
1890,70,54.479748,2
113,2671,83.044762,1
2644,2,69.993065,2
2408,2021,88.585526,0
2517,2915,6.095165,0
43,2644,63.031067,1
2779,1377,97.583229,0
1288,1203,81.601837,1
2461,31,52.971592,0
2904,1482,95.210144,0
913,1011,52.481583,0
2604,259,82.606483,0
1593,25,32.496216,1
2850,2091,94.183472,0
2459,514,95.916016,0
1485,2976,71.723862,1
2421,525,16.889303,1
1881,1465,26.648863,1
1417,1715,26.878466,0
2581,1933,90.890236,2
2581,1064,75.028069,2
1836,495,60.506638,0
478,1250,75.942680,1
41,541,32.792900,1
84,2460,47.877304,0
92,1950,49.523804,1
246,2226,81.702438,1
1756,460,90.303932,0
737,662,24.541384,0
70,2496,16.775644,2
678,1485,1.137884,1
1005,89,20.232546,1
715,2347,13.445108,1
2285,2027,41.216503,0
47,478,44.192822,1
1999,984,91.168610,1
2919,1035,76.037003,0
684,1522,97.185387,1
1472,189,66.121933,0
726,316,31.729958,2
776,1773,28.759388,2
1347,1183,57.722469,0
1918,1133,93.632896,0
2292,2871,74.486526,2
2895,787,55.207550,2
1332,977,72.138908,1
2975,2970,99.354584,2
751,1791,91.144051,1
995,330,88.665253,0
1958,1654,34.846390,0
1783,1101,12.698204,2
2328,28,86.100006,2
1685,831,0.263240,1
1664,1445,75.093117,0
1880,180,35.789906,2
986,1487,15.796634,2
2833,2513,85.743584,1
2715,372,51.890957,0
2003,2347,86.282173,0
1292,2662,47.000015,1
109,15,47.603615,0
2309,1191,46.964558,0
1190,759,38.876102,0
2290,193,95.210075,0
1094,403,2.915038,2
698,2394,28.479601,1
1154,2506,15.263737,1
1840,2944,90.832199,0
968,2829,38.963940,0
612,1817,34.676380,0
2188,433,18.876301,0
1714,2841,14.733241,0
1893,1980,97.808052,0
2816,688,37.567215,1
836,1644,74.373352,0
1245,953,97.709419,1
2551,825,0.970534,2
717,648,29.338333,0
2712,1290,19.213612,2
2970,2746,73.059792,1
2708,2454,98.260117,0
2274,225,8.295752,2
200,216,78.619507,1
1607,2681,88.621506,2
781,2785,86.031731,0
402,1665,58.082401,1
2459,693,0.056592,0
2891,1884,33.537792,1
767,2918,99.397011,1
1741,313,89.080017,2
2074,1195,98.977753,2
369,2944,26.612803,1
1324,191,79.671249,0
1742,2849,20.434244,2
1951,2591,91.821358,1
899,2358,7.975008,2
719,475,63.787563,0
1358,2019,31.181980,0
1599,2617,50.773903,1
2844,342,57.236980,1
1744,14,37.739605,0
685,1548,64.250656,0
193,1810,60.752888,0
414,2028,12.240134,0
2695,2427,12.178528,0
2132,2224,12.526401,1
350,2766,95.740860,1
45,2897,1.440231,1
516,1499,84.916794,0
1917,2066,16.901140,2
1654,1829,48.781624,2
934,2983,56.778996,1
2977,1212,41.733444,0
1200,866,57.581253,0
1624,1704,74.742149,0
2494,2043,42.439415,2
719,2239,13.865225,0
829,2368,61.322479,0
635,1852,46.293549,1
2311,1003,10.559141,2
1068,1507,28.629351,0
752,147,99.182617,0
1191,1659,83.229004,2
923,2628,65.074814,0
2187,119,36.624237,1
885,1515,14.160724,2
1613,477,42.909779,0
633,2867,12.595478,1
721,1636,43.599770,2
253,674,5.331996,1
805,926,92.537903,2
704,498,45.171608,1
2715,1580,70.583351,1
361,1047,93.855431,1
813,1478,12.653081,0
1157,2160,82.671425,0
2533,2078,41.275452,1
1688,2915,84.860794,1
2660,1793,90.208244,1
90,265,11.174865,0
2428,86,53.206367,0
1491,719,30.537708,0
1871,1562,46.712742,1
2079,1526,61.356785,1
793,1523,73.260017,1
314,453,54.114544,2
1564,631,75.719177,0
760,2106,21.529339,0
2224,504,19.151121,2
1401,1279,90.873878,0
934,2033,32.108086,0
2039,1705,20.560522,0
1845,2667,93.849785,1
476,214,99.902908,0
2848,1767,40.881084,1
2575,1016,16.595118,1
445,2967,46.789860,1
2971,1396,90.605972,0
363,1350,66.921074,0
2233,2877,31.857916,0
1288,437,12.914088,0
2057,743,40.451542,1
614,856,11.416763,1
1933,2006,21.427111,2
2149,1066,64.231956,1
2814,2870,42.856968,1
2583,1890,21.247829,0
77,895,32.189396,0
240,1333,84.412956,0
2802,834,78.258972,0
1860,1620,23.197557,2
2154,1071,75.533440,0
2577,2797,82.967430,0
110,2823,13.362820,1
1452,2815,74.583549,0
2643,2347,53.894363,0
843,49,28.892323,1
1960,1718,85.854889,0
2014,834,38.790539,1
1833,2255,93.241226,1
1651,48,84.679146,0
2042,2884,51.853573,0
12,924,93.990311,1
497,561,34.249958,2
2068,1324,74.539886,0
254,1970,96.301323,2
671,2099,65.443214,0
937,2167,78.811821,1
2062,2386,59.231110,2
146,1559,43.195587,0
1178,1766,33.565651,0
2633,583,36.688881,2
1178,2597,56.784275,0
2373,1746,95.399910,2
1683,1572,58.930519,2
2912,1261,71.265625,0
127,1195,64.996941,1
1928,103,94.092285,0
333,1487,35.428101,0
2329,133,19.740673,1
1374,2980,66.546310,0
1456,1410,63.634617,0
2167,1005,60.425407,1
2161,1792,98.515312,0
915,864,87.279243,2
765,42,73.004478,0
1562,1423,31.245977,0
2591,2920,93.735497,0
1342,1351,34.680527,0
2278,2762,25.952892,0
1929,2875,66.243431,2
1112,760,94.425713,1
2169,1410,91.803467,0
1577,825,53.113567,2
417,2812,58.355202,0
2695,2093,62.665619,0
1971,2568,28.784212,1
129,2329,16.289082,0
2710,621,14.454258,1
1448,2727,25.794428,1
1824,2471,46.337448,0
1326,366,74.822960,0
811,1960,84.987389,0
1182,1357,63.203831,1
1685,2080,89.250992,2
2950,834,93.098785,1
2351,300,8.810122,1
847,638,22.158987,2
2636,2529,41.594093,1
1955,1776,49.530926,1
955,2682,29.545820,0
561,269,99.006607,0
494,342,21.836409,0
1855,2142,43.888409,0
488,2315,9.207845,0
626,1008,1.211116,1
1395,2100,1.911813,2
2319,1539,40.318340,2
1302,2783,73.298416,1
2773,1947,8.840823,1
50,1766,27.966906,1
1363,1297,63.338509,2
437,2813,95.249290,0
1481,224,92.556511,0
2987,923,29.646650,0
346,2329,10.548787,0
2758,1507,2.538014,0
1154,1526,68.405693,1
876,1686,85.507423,1
1573,1428,24.447342,0
2511,285,8.776979,1
2532,2736,45.890766,0
797,364,76.399261,2
2011,204,97.994064,0
2772,2489,74.411148,2
429,2558,65.758553,0
2275,1312,72.830872,0
1355,2019,97.790146,0
2660,2399,81.308022,0
2445,1793,79.299843,1
2032,830,59.373333,1
744,2600,28.983564,1
1719,1483,71.202148,2
1862,739,81.115074,2
144,2691,14.638871,0
2493,999,94.251007,2
2349,2302,82.000710,2
2386,1191,30.461254,2
2919,2654,58.083149,0
388,16,45.842766,0
1207,2619,76.647743,2
1890,303,76.196274,2
1970,36,36.889515,0
2646,1985,96.645775,0
684,2057,98.003014,2
2990,2172,91.174149,0
220,1624,86.737976,0
1888,2701,18.912390,0
2700,712,9.712446,1
2052,21,35.521961,2
276,1685,29.177332,1
1317,609,11.863842,1
2640,1986,22.182329,0
1083,196,18.318720,0
1471,2930,70.924103,0
992,251,46.701397,0
1329,160,91.943703,0
2028,1172,47.321091,0
1050,2757,36.803684,2
1459,2450,83.770096,2
306,2940,15.467332,0
65,791,30.718561,0
1429,1842,92.967178,0
2620,2033,90.287811,0
2153,744,50.780235,0
2330,1262,54.207985,0
141,500,70.004784,0
546,529,20.163269,2
809,2811,6.395457,0
0,2974,41.880623,1
1412,2470,99.110771,0
821,439,96.045174,1
1496,1726,62.726364,0
1561,1437,87.574722,1
2083,15,4.915148,0
2328,1139,19.319794,1
1111,2029,90.417351,0
1591,457,8.388424,0
1452,1438,92.472885,1
1891,1067,98.854172,0
889,1321,86.806763,2
2286,2308,32.538845,1
681,2688,94.316452,0
1274,1869,88.753998,1
884,940,68.221947,0
1997,2858,8.865705,1
1500,1819,46.268559,2
840,740,27.664150,1
2078,296,39.668415,1
2292,2665,69.279320,1
1961,1280,56.548309,0
1787,1543,15.274920,1
2961,606,14.994791,1
123,1443,61.013371,2
2301,947,21.021500,0
828,1337,84.665504,1
2589,1679,54.332092,1
332,2048,25.884108,1
515,942,83.046143,0
291,2576,88.285980,0
155,1577,46.231049,0
1318,8,30.599264,0
1349,2799,28.995312,1
872,1638,72.479660,0
805,2305,97.413918,1
1963,1802,74.607376,1
2472,1492,6.643004,0
1964,833,43.214844,0
876,429,44.378010,1
1723,4,19.098518,2
1715,2231,10.286005,0
1234,2040,14.299703,2
1054,1764,42.976868,0
613,1013,11.337559,0
599,81,55.899227,0
845,458,43.767818,0
2824,1274,2.347106,1
1921,976,85.252869,2
2098,1118,97.178177,2
2017,1020,89.593742,1
1098,2780,21.498278,0
896,2597,31.581152,2
44,1997,79.493835,0
2909,1714,33.958366,1
2559,318,93.359589,2
2105,1801,15.229444,2
425,822,80.492004,2
430,2521,80.933228,1
2118,1768,90.606750,0
496,226,31.817007,1
1830,1847,70.148300,2
274,2330,88.932945,0
2956,2017,68.075935,1
903,1015,54.756397,1
186,1958,5.071121,0
2249,1913,15.500628,0
638,524,27.253006,0
2766,2286,94.108727,1
1995,359,75.617020,1
1605,2828,84.432259,0
1497,1041,59.506454,2
44,2637,43.239426,2
700,2128,34.560238,0
2806,1471,64.266434,0
568,2874,80.680328,0
446,2817,33.090729,0
2276,1587,5.362961,1
2285,844,80.752426,0
1527,486,26.976036,1
991,618,62.246437,0
111,1261,46.907974,0
863,1952,5.214679,1
1737,2390,14.961400,0
706,1284,93.927711,2
701,991,99.122726,0
953,849,26.669670,1
814,762,86.701004,2
337,2797,10.063998,1
2037,1088,74.339211,1
1349,1666,98.366295,0
2861,1093,71.926460,0
2218,347,47.663921,0
2721,1859,47.821251,1
2212,514,15.944350,1
2774,528,88.179077,1
453,255,72.208984,2
1048,1679,97.983345,1
1877,724,49.287640,0
684,2624,74.063545,1
457,649,48.201111,0
764,2003,94.286713,0
2327,1970,21.196198,0
2224,1572,45.099594,1
2328,534,38.302105,0
2296,888,42.453373,1
362,2151,90.225845,0
1530,2373,94.441856,0
2497,300,55.913845,1
1953,1329,86.167519,0
375,1931,25.362263,0
789,2087,31.149889,0
232,722,9.340860,0
912,952,89.708427,2
2083,227,45.395908,2
487,362,16.287519,0
106,2228,63.208321,1
865,2114,77.112282,2
690,2415,87.899246,1
2173,1564,76.078941,1
265,695,68.001968,1
1007,1240,39.220024,0
1258,365,38.843475,2
1246,2600,19.875324,0
1088,1440,99.698929,1
962,743,43.814140,1
365,110,22.814001,1
898,2999,57.334240,1
1585,1243,59.386028,2
311,2577,61.460499,0
2329,2472,3.479234,1
2879,1951,19.880554,0
1284,162,30.235569,0
2570,2718,79.554253,0
1665,2145,82.934532,2
2696,2942,79.815781,0
10,89,30.379179,1
1714,805,24.833433,1
2927,2860,89.373024,1
445,1194,39.828564,2
1157,1355,83.184540,0
1305,183,64.384720,0
1148,767,82.811417,2
7,817,51.879902,1
605,1875,44.407043,0
1174,591,97.222794,1
2108,1616,71.643013,1
2082,2453,94.751556,1
1663,1339,70.570946,0
341,470,1.854717,0
120,1896,79.837692,1
2169,1078,18.792940,1
2725,1748,13.431083,1
187,1975,47.578384,1
2896,292,45.157848,0
1646,2777,94.340027,0
703,1061,94.381813,0
2849,2896,13.156042,0
1176,1241,90.468796,2
930,2170,67.991074,1
553,2217,12.552005,1
1748,2419,3.671914,1
1748,434,3.329739,1
122,2460,15.342401,0
862,2577,19.909941,1
1198,2189,19.101355,0
2862,186,84.171547,0
1114,488,96.315437,0
2200,2985,76.126923,0
589,1945,2.402647,0
716,159,49.852875,0
2947,1298,72.064934,0
481,1583,53.466999,0
813,1432,54.325947,0
1187,68,22.818529,1
937,32,25.397797,2
735,1902,43.179653,1
1958,2682,21.267181,2
2810,2649,71.536522,1
2556,2324,54.397095,0
190,557,79.919716,2
2501,2715,77.578262,0
1993,256,35.614414,2
1455,20,29.311220,0
920,2417,92.117393,1
1776,239,46.727169,2
2417,1028,69.819946,0
1514,2730,65.660889,1
1413,1769,35.373829,1
198,151,90.543304,0
469,1165,55.538174,1
292,2152,4.782919,0
2393,1105,65.246910,2
1671,1487,88.435059,1
1967,2931,51.685619,2
2777,5,39.113590,2
2375,231,67.574524,0
2968,2968,97.006744,0
1700,725,71.801712,1
2884,1651,29.309439,2
2024,602,78.867317,0
2827,2848,74.883537,2
1582,2276,20.336061,1
1042,507,14.319976,1
1849,2775,41.926888,0
1109,2721,88.790001,0
856,2557,37.226974,2
1082,301,24.814819,1
639,633,16.053268,2
76,1053,56.977264,1
2740,1276,6.880763,0
2822,111,6.848282,1
2655,1143,44.388321,1
2447,96,18.817221,1
763,2923,14.175763,2
291,1687,1.010329,1
938,2375,16.165657,0
2689,507,48.693005,1
1404,218,83.024475,0
2854,2588,70.631050,1
1930,2063,19.934984,1
687,2965,48.219479,2
1905,2821,40.123585,1
1085,103,79.181946,1
939,263,78.298431,2
2464,1162,51.134727,0
559,440,51.336281,2
1715,2392,42.709076,0
2285,778,85.530838,2
1204,1462,31.163923,1
284,2817,98.093025,0
2932,925,32.326900,0
309,1,68.066322,2
2295,1262,59.554947,0
1088,2602,12.273552,0
2568,2545,60.008469,0
2574,1840,15.217812,0
889,1651,51.124706,1
2878,704,75.361755,2
1173,1400,55.600239,1
545,212,91.725060,0
1611,1396,53.107372,2
349,2021,34.838692,0
1282,1910,97.253342,0
2338,1770,94.439438,0
2143,699,93.449638,0
1126,1489,85.402176,0
2150,1334,20.491837,1
693,2300,72.285011,0
32,256,89.423599,2
2352,2202,56.533279,1
650,1068,32.598091,0
2018,1148,26.586229,2
1051,498,72.082954,1
1861,2134,28.950165,0
2499,2813,15.944228,0
2109,288,6.071525,0
1733,409,58.041367,1
1509,2023,10.058012,1
362,825,21.957550,0
1781,505,95.463272,0
2687,2916,68.691475,2
1914,427,86.755478,2
779,1342,95.356400,1
190,2570,24.401819,1
2003,1432,61.747768,0
694,2861,26.788177,0
1661,1564,68.383324,2
1384,1848,56.053768,0
2586,1638,29.452896,0
1295,1373,79.950737,0
2790,468,62.495087,0
1750,846,72.766884,0
2125,926,23.493855,2
1336,1060,32.067760,1
2095,2590,28.693848,1
535,129,45.719868,1
662,1553,21.169693,0
2359,264,64.663948,0
2976,793,77.702568,1
1294,2713,41.460827,0
1763,360,83.467834,1
105,1772,61.018162,1
1485,496,85.823044,0
2374,1963,28.077959,0
2911,2539,76.818779,0
1872,1428,97.984596,0
1793,2382,15.941504,0
860,2399,79.764229,0
2018,1269,79.676575,0
1203,1626,80.724976,0
1002,1811,7.413763,0
999,2757,7.858143,1
1329,618,68.392830,0
92,2922,9.886580,1
2825,1118,38.664177,0
2532,839,75.657249,0
2875,734,87.609276,2
1807,983,47.377693,0
1188,2391,82.813210,0
2309,445,42.849354,2
2631,1471,89.739662,0
1939,555,81.458725,1
754,2298,16.316336,1
2260,2332,88.806496,1
56,1578,19.295166,1
1301,2226,39.342392,2
154,385,79.065544,2
1877,2006,43.629002,0
20,173,75.333733,0
2174,2035,27.329302,2
2268,2196,17.176712,1
2137,789,91.283264,1
1802,1994,5.863605,1
2047,706,74.391785,0
2424,2128,28.651888,0
1410,2200,28.191427,0
679,857,65.919479,0
1060,2838,70.783844,0
2513,2070,90.961571,1
1997,1974,61.708961,0
1268,2751,37.496899,0
1334,2564,83.061737,2
2215,697,40.049343,0
897,2399,15.958307,0
883,1083,24.057783,0
1418,201,50.898830,0
2717,979,28.033449,1
1513,955,56.974960,0
409,1550,73.770187,0
841,180,47.529659,1
571,1298,67.912514,0
2285,976,53.173817,2
1194,2991,69.287201,1
136,1494,80.296700,0
493,633,22.889492,2
2766,2353,48.813271,0
1757,2382,86.679214,0
1901,2050,20.598324,0
645,612,85.578949,0
1637,2426,51.021889,1
2230,1636,49.850342,0
2391,2894,28.350590,0
1756,2329,41.374680,0
2284,1033,60.787052,2
854,1488,57.779305,1
1435,331,46.813271,0
1993,1376,65.542084,0
2032,257,69.736320,0
2809,249,85.028908,0
1316,2885,19.223616,1
917,1172,20.319342,0
439,884,63.421333,0
961,62,82.468544,0
963,2661,16.009018,1
2376,2528,30.593063,0
2614,301,17.776466,1
552,2732,66.711891,0
828,405,95.132256,0
624,1357,89.667213,1
2183,493,96.346794,0
1860,1133,57.219254,0
2006,2961,95.833374,0
2629,2577,96.019485,0
2863,1834,90.716599,1
1239,1578,32.908718,1
2781,1928,2.058363,0
591,440,21.832348,1
1080,1928,79.006485,1
398,296,49.520336,2
1494,1560,58.208786,1
2949,1924,55.406212,2
305,1729,61.489239,2
2360,2456,6.183402,2
1564,1555,35.669544,0
2188,1251,53.643322,0
936,2060,61.177135,1
1608,61,14.843194,0
2009,1692,60.453838,0
2759,111,60.175316,1
704,2213,38.889221,1
742,725,91.995644,0
106,570,91.279518,0
2737,2299,61.336708,0
1526,1743,63.354515,0
2713,2362,41.158253,2
599,481,78.389320,0
41,2152,33.429218,1
1390,1258,30.943491,0
2605,190,83.626953,2
2798,636,70.162163,0
313,1072,23.396345,0
1363,686,15.080025,0
1042,376,27.600470,1
2302,2566,70.631157,0
844,1657,19.576599,2
344,1963,12.362312,0
602,1874,23.014549,0
1641,368,43.410625,1
1921,904,28.990753,1
688,1234,67.726570,0
1115,1701,39.111748,2
422,129,23.551960,1
2055,718,23.542591,0
981,2579,44.824223,0
70,1196,1.653635,0
109,2857,42.991360,0
492,783,35.434715,1
2178,2663,15.256139,1
909,2785,42.475620,0
2668,2202,64.838470,2
1269,768,57.540447,2
2024,149,70.999214,0
543,1759,9.954344,1
2357,1124,72.940979,1
1959,1374,29.171803,0
684,99,68.301292,1
2475,2545,79.719658,0
194,659,7.670313,0
2646,501,78.388000,0
2036,1150,61.562176,0
1632,2027,78.107376,0
1434,2948,17.426676,0
1637,1956,2.388837,0
2974,73,22.690594,1
1550,896,62.555920,1
1837,1368,53.611664,2
2747,1122,41.464989,0
620,861,80.776886,0
347,320,9.886657,1
407,110,57.178726,1
2893,1557,78.998192,1
1021,1071,8.874756,0
2913,840,55.193504,1
270,2102,48.580700,0
2623,2438,96.512390,1
2688,1838,62.867413,0
1829,2714,19.334215,0
1120,1241,38.067062,1
2668,491,53.864410,1
2852,2988,46.746120,0
1292,846,75.578545,1
834,2964,66.812263,1
23,1826,23.015287,1
2569,2198,30.389933,1
1154,2200,15.325670,1
2279,1133,51.974319,1
2348,2234,78.513206,0
1438,370,97.288643,1
1900,374,86.573868,1
686,399,56.229992,2
1529,2376,94.484848,1
408,1366,25.287369,0
13,2784,92.493942,0
1573,64,77.060280,1
1046,991,26.850838,0
2563,1972,87.924194,1
2424,2433,55.021580,0
209,465,36.596569,2
2715,2624,37.943977,1
1560,1936,30.904310,2
693,1054,22.287992,0
2776,629,19.234053,0
416,2926,36.639488,0
730,1154,5.767663,1
776,636,24.808542,0
1328,2354,22.479284,1
142,1942,99.047699,0
882,1579,36.007523,0
54,1148,2.250241,0
2032,1473,74.024162,2
810,59,46.030899,0
1871,2337,20.109396,0
976,2352,63.324543,1
635,1616,55.602036,2
993,1249,95.393471,2
915,2531,66.339958,0
1186,2348,82.861610,0
1527,2838,11.405727,2
1664,1847,97.334160,2
299,2666,38.885189,0
2969,717,33.313023,0
434,350,30.407303,1
2827,2216,38.249126,0
391,2342,3.779596,0
1404,97,72.937370,1
1716,1593,47.016159,1
2540,1420,41.016403,0
2782,3,74.845085,0
1049,704,78.051506,2
2862,2374,43.539936,0
2691,2033,35.191406,1
133,1410,42.180981,0
1202,1103,86.173950,0
1363,354,23.787508,1
1042,2670,71.619873,0
1985,1578,35.385307,1
1789,763,94.469856,0
970,271,10.912049,2
1739,1436,62.384502,0
2822,800,27.443756,2
1873,1000,21.399471,0
748,2722,68.420631,1
1198,1156,81.732536,1
774,1718,97.536438,0
1749,182,82.976631,0
1738,2517,76.265686,2
2366,2244,42.576271,0
166,2466,43.181026,0
2477,1572,62.352345,2
789,1702,82.960815,1
35,1256,40.884602,1
134,2117,44.614620,1
2402,2731,1.921977,1
2250,882,14.002267,1
2997,2131,47.369740,0
1186,2345,38.515652,1
624,2504,65.602577,0
2325,2594,4.411494,1
601,1442,60.259571,2
2582,2775,87.956573,1
2956,1116,3.874950,1
2080,1054,55.847916,0
540,1757,17.793091,0
107,1417,94.150963,1
2544,2488,62.708649,1
2656,1843,48.403744,0
822,2535,38.321552,1
2812,1502,19.501854,2
442,1643,75.113319,1
1929,193,94.577835,0
623,662,59.785656,0
178,1150,62.926781,0
1378,2344,66.270592,0
2080,1160,92.843697,0
1281,987,16.099483,1
2948,1974,29.701242,1
2885,1441,81.392181,0
2315,964,96.220680,2
2735,938,84.801949,0
1498,2228,26.175943,1
2815,1261,74.621429,1
2401,1079,76.618958,1
581,261,64.548584,1
719,1166,33.494003,0
743,368,52.562008,0
744,1893,69.081131,0
1763,1449,33.349861,0
291,2943,55.597225,1
553,401,75.169792,1
563,676,11.810040,0
980,337,48.042568,2
2965,896,86.399597,1
1564,2048,32.243008,0
2990,898,42.194046,1
2045,1595,34.574932,1
2427,2337,18.101675,0
1358,1698,11.795027,2
1626,2556,21.510893,1
2424,2255,2.609853,2
1418,2518,38.775772,0
145,2896,85.215546,0
753,219,45.989941,1
2459,496,79.886833,0
1152,703,78.273445,0
145,608,75.333298,2
346,2967,49.790508,1
2756,988,20.850195,0
1052,342,92.868904,0
1602,1809,47.248470,1
2506,363,99.964981,0
623,1258,45.109791,0
1249,2836,35.409252,2
196,1012,69.446121,1
968,842,48.857368,0
1606,1163,44.270367,2
1564,2966,0.281705,0
435,1639,13.862022,0
1792,184,57.282787,2
142,344,75.058891,0
1646,634,35.890240,0
459,371,83.053986,0
2012,1254,61.612740,0
2268,974,80.339760,0
198,1136,6.408386,0
2481,1843,56.987083,1
2792,36,35.337299,2
2245,1693,30.283072,2
1443,896,82.621910,0
1688,640,42.042404,0
579,1390,22.670614,2
2221,777,37.505199,0
2646,1860,71.303093,0
1385,776,75.655769,0
2242,2619,54.515354,2
2016,2648,0.484410,0
1574,1440,71.004372,1
348,1632,29.176113,1
1724,227,51.292973,2
767,2817,26.607786,0
1278,1278,94.157700,1
189,1662,82.483849,0
2342,744,79.081947,0
1226,515,24.542477,0
2271,1083,75.353142,0
776,825,11.844242,0
393,1488,26.297924,0
707,1890,48.844284,0
166,1050,88.653038,0
2016,2899,82.906494,0
809,2400,66.061890,1
2303,1412,57.543365,0
418,1347,12.301690,0
251,1840,68.471329,0
2388,1461,27.031324,1
1533,1115,78.692612,1
1962,147,38.296837,0
226,907,73.494507,0
1585,2431,6.853975,2
199,802,64.211235,2
1102,290,88.886047,0
1795,2148,53.871738,0
2612,1278,90.638199,0
1721,2657,51.629826,0
1020,956,92.153717,0
887,830,5.745123,1
1074,2005,72.821754,0
2309,1033,64.407135,1
1941,2946,58.169621,1
2999,2308,88.401123,2
2648,2052,17.944578,0
2196,146,74.423813,0
1840,2047,62.097820,2
1765,2889,20.035801,0
1346,2711,77.451111,1
2656,197,99.944832,0
2773,818,22.278168,0
1574,1727,36.599823,0
107,593,56.804932,0
293,2541,29.759876,0
2668,1168,22.258263,2
2826,862,34.749439,1
343,2536,31.137638,0
2804,2524,34.857067,2
2335,191,45.158733,1
1771,2458,17.398415,1
1935,436,61.385204,0
998,1619,40.283958,1
2768,62,65.833664,0
632,972,64.506035,0
1152,2789,6.414345,0
207,569,27.128754,1
2419,1649,32.603165,2
1729,1891,11.983149,0
198,448,53.583054,1
2834,2638,7.495192,0
2556,2599,8.331241,0
2510,1022,58.263206,0
1404,669,40.957619,1
64,954,85.247581,0
951,2022,91.571457,1
2059,90,58.255898,1
1886,2436,24.433691,1
2958,2334,38.689320,1
1211,2612,51.285057,0
1169,2089,21.263273,0
1130,958,53.767624,1
978,1195,32.677032,0
1295,1083,56.230900,0
695,1169,22.820507,0
388,199,73.705734,0
1507,2862,26.419655,0
2031,779,16.843660,1
438,686,29.723167,0
142,1647,74.604675,2
2545,1331,65.814651,2
2491,1551,14.466980,0
2182,522,84.978477,0
2206,2888,33.194702,2
194,135,8.767884,1
1914,1249,98.315102,0
550,735,39.614464,1
1029,2826,3.827152,1
873,1494,99.460815,0
2797,2540,67.998695,1
2140,2221,50.190258,0
1165,1876,11.914021,0
820,1819,16.821672,1
683,297,67.442284,1
2891,319,12.285414,2
27,2354,86.898193,1
1467,2396,92.270554,0
40,2478,86.050423,1
1480,330,28.629938,2
80,2962,91.499367,1
278,1698,45.735012,2
16,2992,86.133316,0
470,810,34.732910,0
1543,1078,33.932545,0
2633,2962,63.254944,1
284,2394,33.526695,2
1204,2998,77.860832,1
1436,1495,79.410156,1
1874,1639,57.316689,0
1554,2867,72.750465,0
46,862,82.776207,0
1687,1121,72.609749,0
984,2253,92.986160,2
691,2083,89.836090,1
2837,1095,80.696114,1
1538,1965,92.353477,0
2781,2025,12.205500,0
1835,2650,30.400911,0
820,1923,89.531677,1
249,387,50.204235,1
2442,705,96.602928,1
981,1618,92.955917,0
2627,2138,26.478579,1
2644,1731,92.266869,2
1946,234,90.239616,0
2885,2367,2.998067,2
563,2388,98.808640,0
2833,2677,48.341839,0
2397,1967,35.712318,0
1410,1228,98.807236,1
2238,2954,34.567596,1
2919,1660,89.994453,1
19,1137,53.923080,1
1714,428,20.711493,0
2736,1422,21.762110,0
21,385,66.673225,0
1808,2543,49.011600,1
889,1605,0.611516,1
358,1323,41.787079,2
1375,1656,50.316734,0
2423,2623,45.425140,1
632,365,2.448898,2
1516,2907,75.721069,1
2709,2511,84.803886,0
1938,2008,26.773937,0
781,1196,23.276943,2
490,877,73.991997,1
2138,1059,46.946148,0
2091,2324,87.516960,0
192,2745,36.102234,2
1590,2561,56.835987,1
2249,1094,28.584051,0
1316,2064,81.384071,1
194,2263,68.502144,0
678,2849,54.737747,2
2614,1238,70.944565,0
456,1977,79.577324,0
220,2589,50.650372,1
2030,512,26.548347,2
2403,2542,79.181984,0
1879,1020,48.095596,2
1950,1803,83.818764,0
24,1003,20.802954,1
560,282,99.155724,1
710,482,80.176582,2
565,1149,32.703724,0
7,1825,39.166039,1
1439,1963,60.259693,2
2350,1913,48.145916,1
1040,1942,44.359863,1
2652,2346,63.171192,1
2087,1177,69.275909,2
2291,1368,38.043697,1
1386,2033,12.581652,1
734,19,36.676838,2
2766,2931,93.589417,2
1005,2190,64.465530,1
2608,2406,14.443689,0
180,768,45.145512,2
2355,1859,41.887478,1
160,1894,75.172066,0
1743,1008,41.456707,1
1665,2380,4.408387,0
2567,864,78.050438,1
198,1705,14.799348,0
2958,1741,27.663677,1
1588,1540,39.780071,0
443,1939,34.912125,1
2958,717,87.741554,0
223,2933,49.606380,1
1255,619,36.879101,2
1413,2067,1.494366,1
214,2379,34.536968,0
205,1689,47.639931,0
1664,279,67.798210,2
1476,1529,64.634392,0
1512,855,56.090973,1
106,441,63.475689,1
905,879,11.029956,0
2580,1279,66.896202,1
342,2741,17.611917,0
2899,2340,96.519745,0
1186,2079,51.713760,1
2080,761,94.167908,1
2327,1599,60.759659,0
254,1621,67.561989,1
2126,8,29.937580,1
1096,1571,40.268497,1
402,1257,97.534088,0
2723,1984,70.080894,0
836,1266,21.921011,2
1033,1649,0.828139,0
1534,946,11.005763,1
1376,1529,6.109635,1
2569,2767,47.093285,0
1166,139,7.528497,1
706,2576,13.624763,1
339,2707,35.881187,0
83,97,98.988319,2
2437,1132,57.991486,1
2345,462,80.069275,0
1005,2967,66.250839,1
1032,863,81.915062,0
303,2037,45.010544,2
332,2876,33.146484,0
2879,2369,19.603676,0
1706,2552,40.123642,2
746,2390,22.060585,0
2043,2571,77.837219,0
1034,262,28.129162,1
1756,2206,39.299908,1
2173,1746,60.343460,1
1783,2672,76.719269,0
2127,419,66.644524,2
1868,785,51.032536,0
1846,238,87.099640,0
2034,2777,85.927589,0
383,951,24.097923,1
2930,2082,99.660202,2
911,1437,66.931076,0
626,1027,78.296959,2
1497,1299,0.978690,0
1608,112,33.601444,1
772,2007,73.776917,1
852,1637,25.141726,2
429,2566,5.142433,1
645,2304,42.734184,0
1117,838,97.486099,0
2786,1920,66.384224,1
2291,944,30.748417,1
1174,2782,85.691414,0
1904,2912,94.109299,0
95,632,74.579079,1
2751,994,22.172630,0
1740,1240,57.512199,0
2315,680,20.782547,0
2037,396,72.604568,0
1980,2041,69.896355,1
1531,1746,38.633858,2
696,1336,7.009058,1
1345,2789,26.253502,0
2493,2262,76.234856,2
763,555,53.066753,1
1573,2949,84.879761,0
78,1510,99.495468,0
117,2972,18.072037,0
1017,936,93.740234,0
2994,536,26.780333,1
1608,2876,11.706903,0
1685,2421,95.257080,1
2170,2946,62.305443,2
2855,2254,57.407543,2
1835,2271,8.370371,0
2572,1648,3.550936,0
2684,102,48.036507,0
952,1908,71.455696,2
2728,1161,15.507167,1
1581,1830,14.646087,0
2739,2006,18.821272,0
2067,2383,89.530731,0
711,2385,96.140053,1
388,482,31.141844,0
2718,515,89.592484,0
670,513,93.722794,1
2052,442,70.055214,1
2696,1113,98.651939,1
2811,1181,71.864906,0
163,2174,24.554417,2
1318,1962,41.311852,1
2464,1912,16.216116,0
2165,1829,92.102921,0
1423,1693,83.274109,2
2284,1679,24.686110,1
568,2822,67.789032,1
2160,2020,76.848816,0
2828,2319,5.486250,0
2218,1976,28.516275,1
1591,102,33.137871,0
1412,2136,47.904663,0
2730,375,39.301453,0
1857,359,49.836609,1
2441,681,67.972412,1
269,100,70.194336,2
2728,2105,38.568954,2
1586,2684,88.115273,0
2547,1031,47.931793,2
2408,2972,3.507401,0
1095,1010,81.033722,2
361,2228,87.793831,2
1870,1410,40.203838,0
2417,2730,20.607397,0
1918,1207,39.775169,2
1803,2601,48.046059,0
1049,633,91.306091,0
186,1336,65.431145,1
2336,2958,32.593010,0
2700,122,29.324421,0
1661,1062,72.780212,0
2763,681,78.868034,1
2232,2615,20.965956,0
237,1355,8.171575,0
1457,2468,8.831667,1
507,2600,5.902811,2
2489,990,6.034860,2
370,991,6.060912,0
1316,158,67.770027,1
388,1932,94.207184,1
2680,2028,74.415466,0
858,1295,83.548592,0
1189,144,2.274700,0
637,104,59.947330,1
69,1438,3.404847,1
1798,2037,73.584587,0
2549,95,77.168785,1
2397,2908,2.890830,0
1658,1412,35.467247,0
755,2431,85.556282,2
2091,2268,74.814430,0
2172,1334,18.592518,1
2583,1060,3.926843,1
1555,1631,25.850767,0
898,751,62.540485,1
155,998,75.384399,0
2359,2970,88.283104,2
2243,2297,91.204041,1
2184,2234,85.788895,0
2733,2172,81.198318,1
919,2663,59.200718,1
1653,217,87.795044,0
2141,631,87.059311,0
530,926,18.407270,2
1979,708,44.911415,1
1112,2597,36.430847,0
702,1824,95.537361,0
1432,2918,75.617981,0
171,912,89.113235,0
1953,1556,49.347042,2
2683,1751,48.580624,1
2031,1481,57.542130,0
2458,914,44.732628,0
2019,2441,88.362160,0
550,158,47.983891,1
1970,164,93.941460,2
2858,1290,60.596764,1
2163,51,94.678360,2
253,1542,39.739861,0
1124,1865,76.781265,2
1896,2469,16.452168,1
1846,485,71.053040,1
949,793,32.284367,2
1299,1713,38.501163,1
2540,2434,77.008003,0
2132,2155,32.556065,0
1289,2871,26.175804,0
2438,1779,43.844799,0
2975,2699,28.487688,0
259,1331,63.310390,1
1043,2447,86.979935,1
1388,977,26.781137,1
287,372,92.369720,0
2970,2777,67.433151,2
280,206,87.817696,0
1683,2693,40.344360,2
1383,483,28.612326,1
2026,917,13.283830,1
1920,569,57.257748,1
2919,1818,26.119932,1
6,2277,82.139664,0
419,1484,87.888397,0
1309,1511,15.453759,0
1206,2985,65.956940,1
1035,2494,34.539333,1
2582,19,30.592918,2
2448,220,43.510841,1
136,906,80.111786,1
1473,696,54.979458,2
391,2441,91.086685,0
2334,2745,82.699402,1
345,2133,97.730858,1
1239,281,76.761345,1
2642,2820,74.017212,1
2336,529,72.905037,0
2008,157,80.556000,2
2637,637,15.327028,1
841,1789,31.797668,1
1530,1850,65.992638,2
2543,2365,73.451172,0
1785,793,1.226494,1
1093,541,54.984772,2
228,1871,42.513374,2
50,2293,9.190954,0
1956,442,14.263995,1
1709,1322,8.656926,0
1398,1556,85.663628,1
2796,495,95.448494,1
1782,2345,46.915802,2
1677,1996,36.234680,1
494,1674,72.484688,1
1628,231,94.512878,0
241,2757,99.785110,2
865,1109,84.817802,0
853,1021,17.525322,1
751,1221,97.428276,1
39,2686,58.806274,2
1916,602,86.267181,0
1888,2142,95.303795,0
2271,2216,42.446190,2
1093,239,83.099312,1
545,2241,12.553265,0
2690,680,48.458107,0
2793,459,89.780785,0
1291,1693,46.835644,2
2909,1485,88.447479,2
2376,989,31.434584,1
848,1121,5.603700,0
2250,2817,19.854313,0
1220,2169,72.799728,1
2090,2536,33.109898,0
971,2537,66.624374,0
750,835,14.639424,0
1088,2737,77.706978,1
2834,2360,90.953857,1
588,127,35.573215,0
1765,1809,23.414547,0
998,182,8.453884,0
832,270,60.561211,0
474,2147,28.248142,1
1831,412,57.792816,2
2281,2527,15.177851,0
2051,1201,56.894329,0
619,1431,59.244572,1
220,2649,88.719193,0
2011,734,74.195526,0
1475,1598,98.939163,1
1104,1570,91.418159,0
16,1951,13.390687,2
1232,2503,41.290428,1
2666,2669,97.136856,0
1104,1829,48.256248,0
1708,1565,67.271538,2
445,957,60.858395,2
2713,2287,93.315140,1
960,2456,6.018732,1
157,742,85.488281,0
528,97,19.924524,1
628,512,46.617458,1
2105,2117,62.358257,1
2091,721,79.587646,1
2513,1107,80.547287,1
1219,1477,65.992867,0
2108,436,44.362923,0
2604,232,24.114235,0
2034,1796,39.587143,1
1203,211,23.650309,0
154,802,94.878418,2
1709,2491,13.214075,0
2441,552,72.157722,0
1320,1407,38.480587,2
2439,1041,57.834396,2
2837,1691,42.406303,0
2253,1486,56.813873,1
2018,2777,9.419235,0
1139,2486,53.208344,1
2236,1165,89.983818,0
2988,821,18.403032,1
1984,303,66.955124,2
1555,2598,6.284652,2
1943,1186,79.317223,0
1290,2104,79.335564,0
508,583,39.134865,2
316,671,31.702518,0
2731,2566,97.861397,0
813,2540,46.353970,1
2001,646,17.380463,1
2820,1600,88.912041,1
1456,2717,33.030396,1
234,758,35.486435,1
2365,70,77.361862,0
1774,1018,84.707787,0
2296,2321,37.536167,0
2429,2227,94.247810,2
1111,2261,91.778931,0
348,178,22.697821,0
2919,2568,78.722427,0
2429,209,11.474015,2
619,851,15.043421,1
66,1336,68.938553,1
2528,1981,47.157448,0
769,88,48.312786,1
2511,383,22.492348,0
2524,97,10.838423,2
2019,2227,16.184010,2
889,1556,47.581726,2
1475,2734,56.100182,0
2664,1418,24.050655,0
694,453,97.607956,2
2678,1840,46.799686,2
2512,1541,75.048630,0
2512,2626,84.910088,1
1050,2187,1.314220,1
2391,2018,97.129013,0
1724,956,66.482353,1
1602,2155,5.126521,0
1903,1173,19.377108,0
2925,793,60.897057,1
811,2401,94.518784,1
2040,1884,74.786819,0
1368,1953,81.970451,0
2658,752,6.823034,2
620,496,62.811886,0
1836,625,1.265819,1
49,365,1.143635,1
2616,2086,94.020576,0
1091,445,14.039727,1
1939,2526,94.488861,1
555,2934,24.062027,2
1295,1597,98.238472,2
2884,1049,36.836613,1
0,2273,53.517265,0
765,1315,30.593586,0
2850,2309,22.301088,2
1103,2447,19.535866,0
1627,28,61.606030,1
1205,297,38.399555,0
1794,978,46.007168,1
1641,2792,56.573380,0
812,1263,80.900940,1
807,2194,5.839009,2
1989,2463,92.466919,0
1793,1410,79.015739,0
1238,164,63.140079,2
2274,2794,98.292496,2
2953,376,36.047249,0
2501,674,65.640373,1
249,1295,69.265968,0
2103,570,24.482870,0
2649,1253,5.532855,1
1310,2567,46.734070,1
128,1543,68.791222,1
1261,2478,90.172173,0
1415,2313,95.630592,0
666,544,88.607338,1
953,1669,63.862324,0
2739,2008,8.523140,2
2259,1945,98.326408,0
2640,151,8.644774,2
847,2638,75.840385,1
1497,1721,25.690754,1
419,2097,25.065842,1
2136,2510,85.497627,0
515,1421,93.052986,0
683,2685,2.793369,2
1823,2186,4.405643,2
926,2114,91.071266,2
1089,144,87.064919,0
2138,483,38.393051,0
240,2672,52.106625,0
371,2210,17.289186,0
389,2166,74.027641,1
2503,54,33.267773,1
1356,1240,42.347507,0
222,1176,48.321941,1
1713,1784,93.861656,0
1262,843,57.464073,0
1809,997,71.962883,0
1935,1890,76.428894,1
1890,351,81.572548,0
1080,1161,84.280006,2
2222,924,54.029892,1
896,2234,41.148598,1
135,2000,72.904243,1
56,537,85.796143,0
1088,2782,53.004284,0
1297,858,58.850273,0
2143,1736,7.485527,0
520,595,47.861820,1
2531,1122,79.394295,2
819,2569,8.443752,1
1854,84,15.071314,0
867,1252,83.999588,1
2197,1565,83.476166,1
2066,1337,48.424259,1
531,137,70.229881,1
2095,393,50.287487,1
631,275,44.609665,1
1659,1074,21.299761,1
1339,1239,22.964529,0
474,2516,39.257988,1
852,1538,2.709335,1
935,1575,60.086063,0
50,2734,43.898735,0
582,696,12.353234,1
2539,1764,44.940483,0
2140,1072,83.239182,2
879,2904,71.287056,1
1076,904,1.030486,1
575,2619,35.295208,2
2918,1299,32.038158,0
1931,2850,71.330978,0
1942,151,87.083084,0
1383,2479,16.217701,2
1032,345,63.952309,2
1231,1961,66.718010,0
1955,2730,68.919151,1
2028,1361,46.283730,0
2497,1344,23.767988,0
363,1853,36.264603,1
908,2659,96.076988,2
784,2513,38.371830,0
804,1789,12.299766,0
2766,371,58.705429,1
582,445,15.730570,1
2604,1123,99.355598,1
2577,133,19.273100,0
2907,1780,81.198219,1
2777,1161,44.026279,2
2517,1424,72.026772,2
331,313,44.273994,2
116,2277,45.272507,0
2773,279,52.238590,1
1239,1353,57.644733,0
2399,540,49.560795,2
1700,1543,86.631477,1
1282,177,72.316452,1
136,435,85.402527,1
1193,2226,49.089527,1
1460,1318,0.751081,2
19,623,86.292297,2
1965,2956,14.163682,1
750,1627,66.054718,1
1869,797,44.628365,2
1174,97,47.632595,1
207,438,99.009529,2
556,2366,30.298874,0
801,521,81.778397,0
1650,2147,80.889038,1
1006,2751,59.134747,0
1922,82,29.688900,0
2252,1267,6.959034,0
2116,2809,70.601845,0
604,1091,18.291250,0
2635,2331,98.329277,1
1211,174,47.798367,0
194,1405,5.812905,1
1253,2352,71.077904,2
2503,494,52.030701,1
2071,1557,87.144783,2
906,1838,25.913322,0
2959,1567,12.756221,0
1047,484,5.766764,1
1228,2434,38.343540,1
2453,1264,41.255219,1
835,2924,80.827797,2
1103,140,73.208588,1
1681,1112,50.958336,0
1324,2365,33.218925,1
246,1666,90.588150,0
247,1650,8.844995,1
72,176,87.562469,1
113,729,64.215874,1
2140,762,59.638348,1
783,1975,70.354500,0
2794,40,5.648113,1
810,811,17.200756,0
2863,2534,46.476822,1
2430,2372,21.714184,2
192,1491,7.684402,0
2837,2092,13.619720,1
1499,51,32.718937,1
1952,2074,96.895569,2
1741,1552,35.747009,2
1968,2328,35.610950,2
184,2064,12.189362,2
23,353,10.867911,0
1995,2624,19.203886,1
2008,159,26.816683,2
2105,202,81.876030,2
739,1689,79.324631,2
2795,1919,41.290947,0
1498,866,89.308739,0
2517,350,63.562737,1
1569,1175,51.024857,2
247,1896,11.253105,1
2824,341,45.714348,0
1927,1708,49.237713,0
1509,2699,97.545723,0
639,1949,15.041471,0
2273,2167,81.297455,0
193,244,93.102669,1
893,958,74.563843,0
2893,712,28.684103,1
1998,1454,62.056198,1
2291,2392,21.418306,2
2662,2979,69.083496,0
1043,1250,46.082348,1
2351,2121,51.375454,0
1729,817,31.523756,0
1004,1843,78.502121,0
1088,1736,86.043457,0
1522,1880,52.465027,0
1192,1155,9.848221,0
1916,1165,8.255374,1
897,1874,32.732441,0
1971,792,27.623104,0
2900,1927,57.954559,0
2128,2100,40.708576,0
1394,1706,78.994080,1
2878,2507,99.368141,0
2475,511,78.223122,0
1772,1188,96.517998,1
1968,1064,97.580742,0
2600,2712,25.766655,2
2386,679,18.050077,1
1560,2182,6.328603,1
969,1650,95.217926,1
214,2305,35.802887,1
2964,2685,3.974213,1
2319,226,84.004333,2
208,136,42.641987,1
1397,1706,38.722118,1
470,1105,85.064278,1
1707,1050,50.676731,1
1526,2165,92.149078,1
1677,1650,32.239021,1
1052,554,84.423317,0
372,870,76.472832,1
49,1974,28.237041,1
1012,1861,97.687401,0
2813,1269,8.287299,2
2959,107,96.145576,2
2624,667,20.135706,0
2786,2540,4.121252,1
491,1077,93.020897,1
2927,2687,19.770578,0
2709,254,57.054577,0
2625,1441,70.509239,0
2995,1630,98.647743,0
2171,1162,87.300446,1
722,250,3.515957,1
963,2503,20.098101,1
1515,920,77.569427,2
1040,259,21.213991,0
2612,2494,57.489368,1
1620,1004,7.719710,2
2080,1342,78.324913,0
1967,2713,84.193764,1
2870,2066,25.543018,1
963,1581,29.705477,1
1114,1641,21.622267,1
1768,2772,98.707825,1
1059,2485,13.036678,1
909,781,49.268089,0
2940,1789,42.090492,1
174,2777,87.766052,0
2648,1376,44.887020,0
2849,2129,42.480011,2
2710,773,68.344917,2
502,92,94.892197,2
1471,1479,2.865217,2
1647,672,97.803467,1
1633,305,62.553944,2
1468,923,22.472490,1
2848,968,22.667160,1
1339,1109,41.440231,1
1997,2122,35.097935,0
1929,2369,20.705690,0
2472,1977,48.194653,0
2722,419,37.187042,2
2393,2474,16.012222,0
1945,415,25.047840,2
2006,2492,48.995808,0
1166,2779,34.159222,0
2500,1683,58.540165,1
2867,140,49.293350,1
2182,2814,84.210434,0
569,2698,39.593307,0
125,1791,57.104980,1
2422,1053,49.687386,0
1196,1181,19.749456,0
2735,1355,57.348835,0
925,1743,62.483929,0
2541,310,2.944522,0
1188,400,45.969391,1
2088,182,1.469570,0
667,1618,92.841949,0
2152,913,29.361549,0
2053,2037,77.272987,0
2555,2577,2.648366,0
1689,475,68.846458,0
2590,2353,53.404240,0
233,587,27.673801,2
1945,366,88.532875,0
1149,1926,25.509441,2
2064,2492,85.023911,0
2489,2202,28.301159,1
1898,1523,83.472610,2
1262,2327,46.767200,0
2733,328,39.044804,1
649,704,3.955029,2
2838,2969,1.391112,2
125,473,50.893478,0
1568,265,26.295593,0
250,1967,81.005241,2
1717,668,72.160690,0
265,241,98.327950,1
1736,2811,1.311137,0
2118,2626,53.123405,0
2471,1703,9.142492,2
2993,2575,61.087341,1
700,1025,33.378880,1
377,1823,63.732681,0
1824,2702,37.236557,0
2012,530,24.773314,1
1547,1949,16.099762,0
1846,859,32.838203,2
1649,1507,83.286003,0
486,1391,75.066925,0
2938,134,1.044332,0
887,1236,36.998825,1
821,2893,29.651628,2
2059,797,80.746277,0
477,1306,65.575562,1
190,1605,28.440413,2
960,338,27.834249,1
386,963,46.044403,1
1468,373,16.668291,1
1074,1750,23.548489,0
253,699,9.265631,2
1780,1536,83.391548,1
1028,152,61.573128,1
758,1330,79.161156,1
725,1212,57.940918,0
2245,298,56.507442,1
1549,2433,29.076633,2
2311,2222,48.250538,0
154,688,63.528316,2
1418,744,51.365753,1
433,2940,45.926754,0
2980,2945,97.362831,1
1019,1067,97.256027,0
2331,2998,70.733902,1
1635,2674,85.860390,1
1137,587,54.494282,1
2052,676,73.846069,0
2279,2203,97.786430,2
2693,2034,26.147308,0
1699,1740,27.583982,1
2962,4,40.384167,1
790,2070,62.861015,0
1277,1993,5.331023,0
1223,1841,73.552696,2
2037,1419,53.246738,0
2870,2151,48.566143,0
2519,2581,74.915009,0
1301,906,79.007912,2
1058,1610,73.621750,1
2428,834,39.254734,1
2299,1445,92.371956,0
691,1107,92.951035,0
2702,1197,35.470184,0
1022,1368,20.859119,1
922,2398,56.588417,1
1255,63,79.128716,0
621,1854,17.263815,2
2978,1999,28.715437,0
767,222,40.995461,1
77,173,87.483047,0
1732,2834,63.898727,2
2306,871,95.006004,0
2401,43,93.613396,1
2758,227,69.324791,1
158,2347,63.107662,0
2160,2284,34.893589,2
560,653,47.319168,1
1163,1842,12.285261,0
2371,1251,84.009888,0
233,2024,90.055885,0
1135,830,50.583778,0
152,679,62.441967,0
821,1669,26.600142,0
1070,2181,92.837502,1
1731,1373,71.002602,0
888,2278,6.516150,1
2297,2465,60.508694,2
1332,1259,71.040764,2
2818,2554,58.568008,0
869,2854,60.288582,2
2152,715,21.098194,1
528,1956,42.273567,0
1008,2661,49.970581,1
1979,1928,81.476860,0
458,49,55.236965,0
1711,2415,73.860283,1
122,1045,86.169617,0
1950,8,59.839973,2
1328,1390,89.276443,0
2168,1604,52.454910,1
2615,1694,98.607399,1
1508,373,15.112893,1
63,1987,38.915329,1
693,1574,56.414967,0
437,544,95.296227,1
495,387,32.517632,1
2909,2084,47.760834,1
2159,1386,16.905233,0
2538,1536,19.349566,1
1249,2483,99.415802,1
14,578,4.006080,0
682,1876,38.140312,0
2445,1736,44.311745,0
844,1325,18.820852,2
1127,2764,99.248367,1
499,358,79.882317,1
1800,2548,74.722420,1
2424,69,25.129568,2
2171,1825,55.614964,1
2679,2928,17.252768,0
2741,2318,77.604965,1
2953,2369,81.087914,0
291,625,45.863422,1
645,158,55.788292,2
1965,2485,42.102360,1
9,1316,10.076750,2
32,2459,36.562195,2
608,169,74.093979,0
268,85,18.022640,1
2935,2844,25.319920,1
187,564,52.779079,2
1942,2889,26.995867,1
1226,2018,48.213623,0
1000,980,87.374947,1
442,1543,2.572862,1
392,1169,71.115974,0
1731,2137,67.023819,2
846,2739,90.460724,1
1299,1764,56.252819,0
2735,2339,13.901307,1
1860,1217,25.859066,0
1772,1359,25.228302,2
1924,1662,91.505829,0
1427,1568,10.389256,1
2468,445,77.462677,1
2032,2687,25.371964,1
2221,734,88.153786,0
783,1706,37.129074,0
1066,1641,52.465958,1
2111,1272,20.824766,2
1135,1780,34.378319,2
1741,1777,95.890717,0
2074,263,5.028375,1
911,990,92.943604,1
2570,2475,79.158539,1
2089,929,94.688873,0
947,369,82.961342,1
964,1611,67.295143,0
2299,742,82.017273,0
58,254,82.477753,2
63,2419,58.486610,0
2505,655,44.675430,0
187,2319,62.100578,0
2832,867,41.769524,1
626,2439,30.852266,0
2224,410,61.890350,2
1299,2791,45.947189,0
968,1870,99.981804,1
1660,1285,91.416016,2
2772,1782,32.855164,2
170,1568,32.689026,1
2442,1804,90.325165,1
1759,1391,16.719257,0
1458,2542,61.009544,0
2616,1067,11.819079,0
178,2762,93.923523,0
483,573,22.114901,2
815,2711,87.522614,0
2725,1436,62.058651,0
2911,416,64.446220,0
1462,2041,49.119846,2
2009,2405,27.845207,0
2364,2426,76.061630,1
683,1738,47.656052,1
407,1618,55.228523,0
2433,898,94.739403,2
1539,2927,69.293289,0
1237,2319,6.372396,1
1049,778,94.687744,2
1280,426,74.158524,0
1079,917,36.126469,2
659,1155,15.744852,0
2963,2515,69.298279,2
2234,2132,60.041840,1
1254,1122,29.211432,0
2708,1826,85.457283,1
2206,1008,25.129000,0
660,1250,2.054550,1
2496,2934,22.621817,1
1915,2384,45.390320,0
70,2137,35.517239,2
1722,653,9.261600,0
72,2279,93.066795,2
1965,157,7.440502,0
2441,1024,56.178478,1
904,1139,90.634430,2
2821,2138,43.785549,1
2942,1418,11.586840,0
1147,2246,54.983398,1
383,2984,95.536957,1
684,1075,60.003452,1
2412,1289,86.573524,2
570,2313,62.349918,0
745,2514,49.232174,0
1014,2231,80.076866,0
276,1106,67.199425,0
1483,2793,57.901459,2
688,1175,54.446732,2
1667,564,57.107491,2
2216,47,37.210381,0
137,410,42.805065,2
910,1544,2.982183,1
2194,832,51.591217,1
1960,1595,5.335689,0
83,2636,40.030094,1
785,2506,87.664131,0
632,2395,39.363140,0
900,2327,55.620846,1
565,455,87.243591,2
2084,180,12.485546,1
1134,2546,54.265118,1
2604,1837,31.008356,1
2950,2242,59.457497,0
1851,84,41.157349,2
1117,978,80.837784,1
1716,1792,15.753639,0
2800,636,39.707882,2
2421,2909,4.983490,1
2630,2986,65.943039,2
2361,2418,7.318463,1
2371,1419,55.987247,0
874,285,11.613556,1
2815,421,79.615936,0
1998,469,17.147982,1
1186,2238,9.836736,0
2527,284,72.158272,0
946,1977,61.186268,1
194,951,52.593830,0
413,1521,69.801804,2
1397,2658,36.739151,0
1597,1167,38.998234,1
718,1486,30.883669,1
271,316,58.740021,2
2599,536,22.009047,0
1304,783,80.644684,1
848,330,41.420479,0
51,2428,85.451851,0
116,2806,45.475231,1
1826,1663,27.707375,2
1979,11,45.474377,0
2855,1525,66.061295,1
1952,2860,47.999729,2
1691,175,4.845230,0
825,908,13.255999,0
842,904,19.683987,1
394,1350,60.725334,0
517,2456,61.968220,1
1935,2988,8.247357,0
207,964,91.904045,0
1311,2445,44.825062,0
297,2639,31.363815,1
1141,2101,5.614816,2
630,898,38.870449,2
107,687,77.185333,0
2504,1688,80.918335,1
116,307,62.391159,0
495,2197,47.312782,2
2658,1448,29.813032,0
863,1866,27.687775,1
962,2263,9.833594,0
1123,2684,19.639074,0
2870,2694,99.352570,0
1692,2393,38.933285,0
1690,407,66.379097,0
1890,1745,39.328026,1
814,80,75.045769,2
1824,1035,88.950920,1
1765,600,9.863427,1
2881,425,49.214195,1
767,1550,24.887030,0
2530,1920,59.075394,1
1811,2701,97.239868,0
698,2973,69.177231,2
329,1123,91.398064,2
2686,636,81.899170,0
1690,2008,59.342293,2
1616,216,64.366302,1
97,847,4.708217,0
665,1341,24.464022,2
1501,1783,5.971554,0
774,1266,45.983711,2
2901,53,25.149790,0
2630,837,90.497116,1
2679,119,2.999073,1
59,1622,61.997993,0
1126,536,31.118467,1
2111,1376,95.656570,0
261,1326,37.179478,2
234,941,58.163330,0
2849,2290,56.286236,0
1950,176,97.182678,0
115,2327,87.834465,0
1432,1969,62.366425,2
1347,2260,94.775818,0
989,713,47.700218,0
377,653,21.101831,0
739,1225,43.598988,0
1466,2246,9.730847,1
2194,1861,18.390280,2
1759,2781,73.107605,2
2733,1084,71.520668,0
1540,2511,62.197784,0
283,2564,84.803650,2
281,2327,84.271011,1
1359,2616,53.561821,0
2608,2097,82.435585,1
2637,1780,19.878223,2
1830,2733,25.184895,0
471,1963,73.749474,0
968,76,99.943657,0
565,2961,1.135382,0
2947,2469,58.748402,1
419,2563,4.483876,0
950,2607,26.559217,0
1219,2073,98.154411,2
2228,1036,39.939903,0
1656,2529,70.043785,2
1290,2553,56.178009,0
203,1817,12.634839,0
1033,2196,15.056684,1
1961,1925,39.661354,1
1394,2739,48.492214,0
1116,1950,15.410380,1
1737,620,59.548290,0
113,1757,82.280670,0
1269,621,70.199608,1
1166,1862,55.268120,1
2333,948,56.701550,1
889,1151,30.673727,0
1054,1103,22.310190,0
392,2527,21.424000,0
1313,2297,38.526867,1
2862,2048,56.100658,1
846,856,85.868858,1
1508,1427,86.147995,1
877,1501,32.835026,0
2089,1320,55.460747,0
437,1780,66.951294,1
1717,2686,64.962204,0
2103,181,16.540926,0
1046,43,22.594162,2
2490,1052,57.649780,1
466,1759,44.936840,0
2155,588,96.662735,1
1210,978,32.149952,1
2891,1819,58.519691,2
923,1859,11.674631,1
50,1539,16.515541,2
688,358,8.541544,2
1308,829,27.283358,2
948,1880,70.535049,0
1072,483,88.640755,2
6,1498,74.716469,1
2873,1280,74.764328,0
2817,855,66.830170,1
2204,2041,49.700363,2
2523,2737,13.316272,1
1076,704,82.053444,1
1208,1926,99.452141,1
288,1689,89.479645,0
1522,783,74.866867,1
1530,2491,65.209671,0
2503,999,97.423424,2
1050,2834,66.993301,1
2738,1341,84.060043,1
2359,1982,39.887802,0
700,2820,55.536671,1
2535,1663,60.713947,2
747,2100,91.769585,2
1305,2094,20.250721,0
2561,958,73.274574,1
1277,1504,69.299927,1
1219,281,9.420137,0
2442,1332,33.521141,0
1010,2860,48.553646,2
1463,2580,78.711914,1
378,1950,98.471046,0
1244,2811,88.846245,0
2453,554,35.345310,1
2849,1815,2.172075,1
421,679,46.219219,0
879,200,19.618528,2
2707,2688,37.517841,0
1220,107,16.795578,0
2181,2980,36.995712,2
1750,1202,56.690865,1
2211,2250,54.491127,2
2864,2007,77.715256,0
1594,1751,18.830694,2
1675,2080,75.269081,1
860,79,87.053429,0
667,1384,35.604481,0
1198,2422,47.507473,0
660,1810,33.313061,2
2560,1214,25.775536,0
860,405,10.535361,1
576,97,23.935183,2
1281,2129,56.042698,1
534,753,48.670906,0
1855,1415,65.424301,0
2913,764,39.269371,2
419,1373,45.215805,0
1193,188,45.517262,2
2236,1115,47.958416,2
1821,256,51.637100,0
1953,2724,95.040314,0
372,1171,84.460548,0
2689,1919,13.944830,0
1059,2980,92.475395,1
1231,1522,62.140652,1
2308,2088,46.205414,2
1552,821,35.629200,2
2747,2309,59.819500,2
2263,2908,47.899113,2
1005,241,93.974861,0
154,2692,60.457462,1
957,2218,61.876698,1
2284,631,28.921932,0
1066,1221,6.777687,0
881,2188,19.697687,0
2003,668,96.884514,0
2885,1433,11.109189,1
153,2901,25.574030,2
2007,1265,75.860878,0
921,134,25.377413,0
2683,2549,34.655857,1
1626,2736,41.647579,0
1435,1611,40.310459,0
530,472,44.492783,2
1765,2816,44.876804,0
1530,2662,52.607807,1
2946,2224,5.291771,1
1343,1102,54.753654,0
2066,2116,78.995888,2
1315,244,84.882774,0
537,176,8.859943,1
772,873,23.417059,1
2482,1786,14.286961,0
1206,1696,20.200880,1
991,2491,98.716644,2
1056,1303,34.897919,0
1791,380,48.124905,0
1918,329,4.798143,1
27,608,24.099506,1
1502,2983,65.729057,2
2239,2883,48.634979,0
1308,1313,7.269409,0
2711,356,4.806374,0
78,1257,50.885975,0
1681,301,57.243774,0
2025,1265,44.301075,2
1314,2749,53.382084,0
1884,1194,35.870689,2
2181,2796,85.012146,1
699,2242,88.837906,0
1111,2088,43.956684,0
2803,861,33.222027,1
2472,482,77.765755,0
2019,2185,45.713997,1
1999,691,99.373268,1
874,2260,57.945919,0
2808,1487,96.319939,1
1729,2248,86.942322,1
140,810,8.471921,0
25,645,16.417343,0
2301,2061,75.496399,1
306,1263,64.840904,1
2479,1921,7.468060,1
1452,2413,9.188795,2
1792,193,0.272504,0
101,2783,25.318523,2
785,2058,50.179390,1
647,2189,82.582268,0
1212,2763,67.104256,0
822,1267,72.890472,1
664,1408,91.968254,0
306,1691,18.916273,0
41,2682,19.960817,0
910,2253,17.848673,1
390,1514,65.423294,2
1309,1256,52.640388,2
2718,507,23.955851,2
2298,2013,27.580765,1
24,1028,50.421829,1
2385,1265,87.571991,0
1382,371,22.275120,1
2418,307,73.126251,1
2603,701,35.048634,1
2992,2434,77.902420,1
319,948,20.831039,1
792,2449,62.083488,2
2551,2166,8.764403,2
1035,1547,52.941139,1
1516,1502,17.213516,1
215,1827,18.537640,0
102,590,90.337708,2
1097,2976,59.679039,2
547,1929,31.337339,0
684,1560,33.558311,1
199,1968,3.352119,1
593,2540,43.317230,1
137,2132,91.896355,1
2433,1365,85.711327,0
246,1574,26.315254,0
1044,2488,96.909164,1
1331,2680,42.371368,1
2678,1829,10.762776,0
1069,2610,3.785037,0
86,2157,68.528839,2
1052,1866,24.342772,2
1223,1727,99.242676,0
2824,583,40.299953,2
2360,2187,59.882744,2
491,2232,52.149364,0
1481,545,69.802391,0
95,2219,5.019217,1
2353,1546,75.211044,1
2809,1690,13.470770,0
2502,1563,66.787445,1
1309,1853,3.325835,0
1152,648,83.625198,0
1121,853,20.639833,0
1433,2505,16.131056,1
568,1114,33.882263,0
2852,1982,40.550793,0
150,1906,39.926373,0
925,246,46.561474,0
956,1100,45.288418,2
1322,2465,40.590126,1
332,791,83.988991,0
1020,1871,23.726768,0
234,2024,66.768486,0
947,1898,14.173420,1
208,1355,40.256596,0
1106,2975,34.122246,2
882,1393,31.557018,2
322,64,24.784637,1
279,1655,0.552075,1
1731,1936,92.324509,1
567,2135,38.914482,2
1323,2675,87.938118,0
1413,2906,90.899513,0
180,2284,27.290567,1
2240,592,63.969059,0
732,2886,21.275133,1
89,568,26.600485,2
1527,2714,85.702393,1
2103,868,71.198738,0
2665,2173,27.508625,2
2061,1221,55.084469,0
341,2316,43.891171,2
1797,1168,3.184377,2
2651,2404,36.299614,0
2807,1157,74.268074,2
1942,2130,58.781796,1
1654,2370,73.317032,1
268,877,95.268234,1
1748,2339,4.214772,1
584,1499,24.089746,1
723,2937,15.284100,2
2812,2018,62.097351,0
869,773,66.804436,0
2269,2205,31.031033,0
1072,2514,57.704857,0
1441,1150,26.427681,0
2445,788,88.189262,1
2555,2592,89.841118,2
2154,2722,29.519501,0
1938,2308,34.178631,2
1469,385,92.038582,2
2891,2613,69.306358,1
1387,1796,49.206646,0
174,1358,89.071671,0
683,1918,61.972893,1
2073,1847,5.559981,2
2479,646,9.006212,2
2466,647,27.061367,0
2633,1842,60.259178,0
325,2583,78.410278,2
1828,2917,66.868271,0
2020,448,61.430702,1
614,468,39.333534,0
1345,1830,40.096565,0
199,711,43.352184,1
26,392,38.164268,0
1970,1844,94.815506,0
2551,2196,92.617737,1
688,937,16.491644,2
893,1053,10.342900,1
2560,2560,23.093250,1
1875,228,56.591991,1
224,2031,55.279694,2
1296,523,42.447910,0
2163,2194,11.385807,1
1481,1331,76.603500,1
1640,1295,55.807892,0
1334,307,95.680267,1
420,1209,78.582039,2
1103,2116,84.027863,1
2033,1333,98.711815,1
2352,1732,43.200588,0
1039,1487,61.979843,1
63,2721,53.772739,0
2981,1252,22.566151,1
2693,2794,90.150795,2
747,1401,7.090791,1
2540,657,82.904251,1
1627,1949,17.511087,0
2761,2720,23.933752,0
894,2016,48.338703,0
2004,2102,77.472466,0
1734,1247,47.678349,1
2371,2421,28.582699,1
2676,918,90.935379,0
50,267,45.023529,2
353,2414,61.965294,0
2456,801,20.782280,0
2978,820,35.745255,2
2358,721,19.915518,0
2011,1250,43.200397,0
1196,1933,50.287163,0
1866,1585,96.552643,2
113,1357,57.056103,1
1956,1867,73.192696,0
744,328,89.845123,0
2466,2293,69.372345,0
2753,2940,89.920807,0
827,2943,14.550633,0
2623,2039,87.499115,0
2708,1830,33.585972,0
317,1593,6.187273,0
299,2130,72.786064,2
1166,2984,69.791847,0
1546,1103,1.015905,2
1787,2148,82.181915,1
2428,1289,57.742622,2
2528,2737,54.130619,1
792,2298,99.472839,1
2063,2321,68.467438,0
1210,2188,23.004784,1
2369,1837,92.812584,0
806,538,62.026134,1
315,409,14.941177,2
695,275,44.106251,0
1534,2043,94.490746,1
2226,2208,20.279890,1
2875,857,62.144001,1
1286,2043,26.915110,1
1998,2140,26.882818,0
1164,1868,28.684605,1
588,2980,45.897980,2
1041,2878,43.033489,1
1606,1660,47.017029,2
2828,1866,43.587318,1
997,389,23.335356,1
2693,410,85.748734,2
1660,1056,12.026574,1
1902,2597,84.498489,0
2607,1496,10.549677,0
2579,2956,69.413521,1
177,2786,53.793083,1
1294,564,21.568783,1
2914,1126,47.887238,1
2691,517,12.899876,2
479,1563,66.379417,1
1930,2724,45.744404,0
104,1030,35.886574,2
1315,1385,55.939308,0
2122,1149,90.218018,0
2182,378,27.408224,1
1129,2915,76.804939,2
221,472,6.198065,1
2836,269,7.543612,0
1117,585,97.986847,0
812,1291,4.318572,2
784,356,13.521909,0
2884,2656,13.279013,0
1852,2625,36.360264,1
2255,804,9.000698,0
2170,1470,76.294624,1
1819,1030,20.077456,0
1154,336,67.223343,0
2305,1361,34.154781,1
2541,643,97.595474,2
299,876,63.633266,0
266,1326,42.909901,0
2365,2310,20.153715,1
917,447,45.562691,0
903,2028,33.431057,0
1169,2431,14.071136,1
1526,1042,93.765335,0
1751,374,1.283387,2
576,2460,74.228416,0
2037,2823,18.581268,0
1400,856,60.733028,1
1373,2694,50.151077,0
284,1720,85.904236,1
2033,827,29.809208,0
676,522,49.962215,2
2328,1264,81.006493,1
620,2117,84.400757,2
845,2729,17.909555,0
894,752,77.260773,0
1354,1473,13.288273,1
212,738,30.783199,0
1327,2382,45.828583,1
2613,2585,12.329577,1
1796,2128,60.864555,0
2726,1344,9.481653,0
2559,758,53.055061,2
294,1129,86.151657,2
528,1002,87.120697,2
2283,236,17.857353,0
2417,1876,49.188103,0
9,416,89.611450,0
2930,865,75.046143,1
772,2613,80.169327,1
2959,2982,97.468300,0
2213,2040,65.652069,1
317,282,38.461224,1
1047,717,49.094418,0
2554,619,43.992596,2
1329,425,42.753178,2
1681,1649,96.714317,0
619,1571,39.946762,2
311,2455,68.206573,1
234,577,64.693268,0
2090,2042,63.510521,2
1714,1355,42.156876,0
1746,1077,42.538177,0
911,848,80.205605,1
1217,409,15.116139,1
2878,1346,48.043201,0
784,452,29.641882,0
1956,2392,79.534714,0
341,1198,98.190392,1
110,670,62.777885,1
322,2095,40.726944,2
2880,2004,6.148112,1
608,2408,71.725883,1
152,1893,70.137474,0
724,261,53.489067,1
2524,2120,99.416161,0
429,2422,67.554573,1
768,2638,50.605602,1
1910,1972,78.817261,0
257,1370,97.732574,0
2836,1584,66.725502,0
429,710,85.379768,1
2432,1149,54.770237,0
1325,768,46.507351,1
1203,681,59.220261,1
1185,1318,1.758341,2
733,2822,56.708900,1
1585,384,3.663731,2
2153,1585,46.570080,2
568,2878,8.480275,2
2143,2614,65.318291,2
1082,519,86.348839,0
2107,307,71.411377,1
2494,1228,87.779266,0
1537,1373,71.625381,0
2360,2920,19.201069,0
2072,152,37.931858,0
861,2818,83.717850,2
2167,1240,89.218086,1
1884,2067,38.710560,1
639,639,38.623348,0
339,2137,18.178530,2
1251,2887,6.678020,2
2650,1639,72.669563,0
670,617,39.759533,0
1789,1394,55.979458,2
2414,2728,21.134037,0
2151,1850,27.825094,1
1696,768,97.486214,2
2453,1561,54.386353,1
1818,2443,12.523783,2
2368,1243,30.410051,2
2133,765,85.980804,0
305,872,82.704674,1
1002,1817,75.199837,0
2096,1023,21.675100,0
224,1156,21.998333,0
680,1775,66.343819,1
2492,749,65.959373,0
351,1688,84.622116,1
2387,139,57.518772,1
2440,191,13.715878,0
2473,2786,95.395088,1
2278,1130,62.621834,0
118,2395,33.238747,0
976,1169,88.962784,0
1872,2953,29.915520,2
1774,2478,22.337328,1
453,1155,32.482536,0
1676,1480,9.764192,0
1462,650,27.173203,1
940,504,89.741051,0
2181,622,96.951729,1
810,1335,83.217873,1
2678,896,78.783470,1
1504,2320,92.859444,0
196,310,56.377399,1
475,1543,69.513725,1
918,115,81.503845,0
2281,1254,14.931787,2
2941,1721,25.682255,0
2104,2169,28.763325,1
2236,55,97.509689,1
229,2364,41.124821,1
185,2205,8.083057,0
1520,862,75.586235,0
1119,2168,8.769673,2
2017,742,62.891605,0
520,1259,37.783241,0
1117,249,43.047665,2
1020,637,8.276451,0
1216,1592,52.417175,1
2925,470,76.716293,1
2343,464,91.088951,2
236,2661,68.644264,1
2255,799,44.660332,0
1125,1259,63.953800,0
83,2382,1.350618,0
1481,197,49.583050,1
1240,2003,96.585907,0
647,2434,18.636217,1
503,1276,60.327858,0
79,2142,75.248596,0
2501,2325,35.941734,1
193,2359,13.525598,0
427,35,48.005589,1
1256,1824,5.959030,0
538,355,50.221458,0
1599,1723,50.817860,0
915,245,49.741840,2
2802,2172,1.023649,0
1235,2655,48.393269,1
1320,2928,56.818188,0
1740,1052,39.867897,0
2302,1178,84.292442,1
1044,2177,68.892090,0
86,482,52.256973,0
2959,294,47.330517,1
1758,651,43.717785,0
2802,1267,94.551331,1
418,2078,73.531349,2
1522,39,13.009369,0
2394,73,98.996048,1
924,2209,58.032146,0
189,1145,62.277973,0
2443,435,26.592440,2
2199,1137,6.054304,1
939,2209,52.471889,2
199,2353,35.670147,0
239,1933,16.063124,2
2580,1315,91.577583,0
627,70,77.000435,1
2901,2366,92.529961,0
1623,981,55.582401,0
2442,857,44.112000,0
565,217,93.900459,0
2119,2108,15.132599,1
25,123,69.884247,2
2385,2352,7.199952,2
482,159,74.784309,0
568,1601,66.347641,2
1706,1852,36.381760,1
190,241,1.890611,1
2258,1089,44.994663,1
1342,276,95.186577,1
2145,2098,87.544701,1
1307,1560,25.841930,1
2009,1036,15.903529,2
125,2611,49.320515,1
1695,656,58.267544,2
2657,1671,42.739162,2
1,779,31.446236,2
2457,10,42.830009,1
1087,170,55.862461,0
1519,2768,13.850593,0
1909,2573,85.940636,1
2138,519,65.929916,0
984,1733,99.186516,1
1617,353,75.128578,1
207,553,81.821594,1
606,2855,31.054659,0
1691,2509,48.166656,2
2158,2444,85.667656,1
297,2511,53.652023,0
730,1581,12.996825,0
728,2730,52.511036,1
445,1926,7.008301,0
2968,353,76.603828,0
40,978,89.258492,0
214,736,16.005159,0
2789,2239,68.669907,0
569,1406,45.641998,1
1468,2332,98.827065,2
801,2003,77.302582,1
2773,2082,26.837679,2
791,1294,31.629845,1
1397,1459,89.882660,0
931,956,77.560814,1
1903,2948,81.890678,0
1511,1188,72.145370,1
2729,521,12.612385,0
1661,997,3.763898,0
2488,129,70.276001,1
596,1340,41.132172,0
158,2418,94.386261,0
1996,259,42.061069,0
802,184,70.076500,1
2332,2588,12.951372,1
671,2563,57.226360,1
255,2605,15.534753,0
984,2762,3.899274,0
2101,1657,70.727333,1
2470,2375,17.295219,2
1658,1857,15.528528,1
894,2246,75.690826,1
700,44,18.391512,1
548,1731,33.396091,0
1938,247,58.262352,1
2873,2,93.484985,2
2187,293,9.004959,0
20,201,56.320221,0
406,91,14.351020,0
462,1152,40.628204,0
1341,2302,66.550903,2
2490,1543,15.125303,1
246,2237,43.251289,0
2301,1992,96.811195,1
2804,1429,70.919678,0
1660,2888,99.573380,1
1184,22,52.606373,0
1808,2827,25.437614,0
2569,772,15.510102,0
2931,227,31.888597,1
2025,91,57.926174,0
2136,1077,32.810303,2
1073,2893,69.274323,0
2803,2169,84.331245,0
2503,2516,5.866649,2
429,2203,69.308945,1
923,754,90.130089,1
68,1397,19.854612,0
2708,25,51.913216,0
1236,312,63.624180,0
1943,2624,31.006365,0
311,401,16.749134,1
1757,1090,15.765965,2
2222,2443,14.061522,2
1116,1311,76.948174,0
900,2888,89.882622,2
1597,749,80.429657,0
1400,943,88.062912,2
2162,2256,90.029472,2
2307,2410,80.668152,1
2019,414,24.506737,0
396,1054,67.637276,0
596,2515,10.138414,2
1824,1986,36.427151,1
1724,1761,24.935699,0
1781,2640,78.464622,1
2676,118,79.586571,0
791,296,95.331779,1
580,562,63.781357,1
322,395,81.967155,1
1222,2681,90.627983,1
2603,1385,38.722778,0
2768,1336,92.308571,2
1130,1965,50.120609,0
72,2652,85.289742,1
1005,2436,14.274590,0
2203,8,79.450500,1
503,2649,1.490958,0
1646,1444,8.188861,1
360,2138,95.858681,0
2311,1628,39.487305,1
709,838,55.278637,0
698,1573,75.791702,0
735,1181,12.109171,2
226,628,4.050130,0
820,2213,93.871201,1
2293,1042,99.933800,0
2957,1574,54.835121,0
2554,1484,58.845150,1
1874,2656,23.435307,0
2173,412,70.924088,2
2451,1748,23.847265,1
16,185,46.316685,1
1625,1559,70.224319,0
519,1139,91.316666,2
1314,1700,25.353559,1
1504,1467,30.308142,0
1990,884,5.941795,2
1606,270,15.028052,1
69,790,73.806030,1
1635,704,46.195599,2
1555,907,53.818005,1
742,656,77.239540,0
562,1016,78.095879,1
2002,1278,12.057728,0
68,2052,54.283730,1
638,1057,55.281445,0
1306,2894,99.776001,0
1334,1701,63.551022,2
1347,2441,23.775869,0
1416,1942,97.850426,0
2393,141,83.953766,0
854,481,92.629700,0
224,2853,33.549587,2
2371,2037,47.805721,0
1641,2439,10.909513,2
2938,862,46.467346,0
812,2475,64.766273,1
311,1544,64.435677,2
7,2710,65.781113,0
168,1284,3.511741,0
1630,1790,42.118519,2
2531,1855,4.364017,1
13,1142,9.299243,2
2690,905,21.237982,0
2271,2340,66.797180,0
2033,2808,28.207521,0
360,27,5.671461,2
2930,609,91.475731,2
1721,1422,64.149467,0
2955,1470,15.961388,2
1305,1099,77.115547,0
2143,152,15.435593,0
2920,96,17.335768,0
1633,2787,67.393089,1
2045,2805,90.661766,2
67,1375,86.855354,0
2758,1585,96.372429,1
1155,367,14.223233,0
2538,2016,32.158352,2
2975,1704,96.910263,0
826,867,97.955917,2
989,855,58.747326,1
1626,802,41.964848,1
680,368,27.176146,2
1261,1893,70.950371,0
1676,207,65.326645,1
1927,2863,82.185013,1
2707,450,91.014221,2
620,537,80.460793,1
1219,1134,57.216129,0
2156,2513,49.369324,0
1008,219,88.870399,1
363,186,84.868439,0
668,1270,75.583374,1
2386,925,20.913673,2
2916,557,23.172359,2
723,1451,44.973591,0
566,892,37.847874,1
2456,2913,70.470108,0
188,2709,27.964602,0
416,1062,88.770981,0
1149,671,45.403130,0
1282,784,73.268456,2
530,1060,54.531231,1
1833,2724,22.470919,1
27,2854,6.511489,1
2808,351,19.170450,1
830,2683,15.404472,2
507,2517,51.028400,2
1842,355,95.044449,0
2290,2830,60.180267,0
1599,2275,68.587318,0
2834,2244,47.091396,0
1545,387,64.722511,0
268,2868,10.313676,0
1754,2764,82.677475,1
2516,2164,92.594078,1
2760,833,5.468005,0
1262,732,17.237091,0
342,143,33.091938,0
2754,781,20.335161,1
2192,186,72.768082,0
1313,1615,40.416119,0
2039,174,30.869780,0
2752,1360,74.765617,1
381,1612,41.869720,0
751,2223,52.689335,1
1250,2113,59.208340,0
2237,2724,31.061541,0
1305,1804,47.004963,1
1108,44,6.927212,0
180,1209,47.486053,0
733,2701,1.300059,0
2455,1395,59.876965,0
1191,1349,14.426309,1
308,1214,76.131798,0
2306,1828,19.724552,1
154,1907,29.661596,2
401,2740,78.515686,1
1934,1306,31.806633,2
1455,10,30.999336,1
2863,57,68.666580,1
1563,1278,24.960581,1
1626,1275,0.468038,0
1691,2129,28.526733,1
2114,1742,47.401978,2
2749,2096,91.295326,1
2407,683,78.493248,1
2155,1423,61.564640,0
404,406,71.716614,1
790,2165,26.483181,0
1604,2945,23.385248,1
1063,696,50.705093,1
1238,1447,58.231400,0
1023,1683,87.059921,1
1123,215,11.007681,0
1071,1803,54.436131,1
2185,1529,86.955429,1
426,823,82.415092,1
2995,997,80.015717,1
1274,2814,36.297279,0
2366,2289,20.123581,1
1011,649,45.764614,2
960,2806,78.000031,1
1721,1901,87.809792,1
1894,2088,70.309952,0
1811,1966,99.050407,1
303,200,47.698784,1
803,928,65.673988,1
189,2446,35.422665,2
227,643,17.840101,0
1780,1456,33.046097,1
2526,11,49.310665,1
1701,804,49.184155,0
2413,1759,61.592556,1
2513,1775,40.532867,1
150,1051,9.781656,1
123,2815,66.630714,0
1667,1718,7.043988,0
1270,2938,43.644512,0
773,179,36.188232,1
1334,1231,42.878296,1
633,1100,65.807411,0
1432,2635,32.291348,1
910,2987,27.048054,2
2285,2861,54.845524,0
1519,2682,8.016062,0
1159,1785,86.599602,1
1318,931,44.867420,1
1189,1163,38.946800,2
2368,1073,58.878761,0
1848,1094,82.664696,0
2252,1191,92.985664,0
663,199,4.922934,0
1890,2018,81.536041,0
2999,2150,84.216827,2
1565,328,53.507568,1
541,337,49.511753,2
2276,1966,76.106621,2
39,2970,57.379875,0
1024,2481,38.321159,1
676,842,40.144276,0
1333,1460,52.206272,1
1993,2455,14.518053,1
2439,1159,66.396233,1
645,816,34.311680,0
931,1658,8.138494,0
45,1829,8.229384,2
2831,2448,15.994416,0
2736,1168,71.036850,1
2544,1480,67.697571,0
895,444,46.658607,1
458,1948,43.759659,1
461,957,83.999680,1
1234,1416,44.996716,2
1215,2238,83.699753,0
725,1493,44.580986,1
2529,1474,84.692307,1
2439,1073,74.083160,0
99,229,5.597950,1
758,1543,25.561262,0
1596,184,12.900857,2
1594,238,19.816145,0
30,1599,22.553848,0
1197,409,95.028656,1
769,1404,45.413834,1
2281,1555,66.169487,0
2353,2644,34.046440,1
2765,1217,72.097107,0
925,1804,88.460030,1
426,1810,52.575127,2
509,111,30.592825,1
636,2426,50.218048,2
1490,191,32.593739,1
2099,1220,66.239822,0
2309,2544,26.874390,0
1732,278,32.014736,2
30,1113,77.515541,1
1632,2378,64.690559,2
2545,2595,1.660488,0
349,2918,85.783836,0
1933,631,58.523582,0
2153,445,6.540343,2
2991,1890,5.854378,2
2082,2691,7.149101,1
293,2484,38.956284,2
2655,639,56.634586,2
2272,2969,77.141762,2
1618,176,57.848595,0
1119,1536,29.264353,1
1496,2125,91.219749,0
1453,2197,54.126873,2
1524,1662,90.187920,0
2291,1466,34.811413,1
2818,66,86.619362,0
309,1398,92.437477,2
2997,2666,21.935463,0
1905,2582,71.499252,0
2111,529,81.174683,0
1434,784,63.259144,2
2199,825,34.597790,0
1626,964,31.170128,2
623,1014,43.185886,0
768,1667,72.506012,1
2654,2660,61.753025,0
2443,2137,76.337791,1
2512,2090,83.915810,0
2019,1185,47.027840,0
1607,1337,20.078344,2
1179,153,56.078907,0
1585,216,79.533272,0
411,1396,33.327480,0
1367,1495,69.257874,2
2845,473,27.284147,0
1127,1271,40.295803,1
2898,2880,28.379240,2
497,984,56.441750,1
831,2640,36.095562,1
1657,282,62.198135,1
992,640,79.891426,2
1047,575,10.337729,0
1280,1081,97.799759,0
2234,1305,41.536278,0
2089,425,66.814896,1
1694,2709,42.091274,0
1096,2534,36.968719,1
1922,608,16.436642,1
1382,2378,20.118170,0
730,822,1.136621,2
493,2698,89.296181,0
961,2724,47.124825,0
287,1706,34.803802,2
163,2664,99.871422,0
2418,1855,50.302719,1
36,215,79.882248,0
2415,1564,57.558575,1
1799,2140,71.936127,0
621,107,16.442957,2
2624,1604,20.360666,1
626,344,33.132988,0
2334,1973,71.945335,1
79,1739,88.612686,0
171,636,59.598118,0
484,2346,62.371902,2
1006,1019,60.677265,0
1038,1076,66.346718,2
2784,2567,63.102383,2
2926,2673,2.818046,0
2036,2281,20.216009,0
2362,704,12.482280,1
2738,400,56.969776,1
2555,1966,79.544022,1
2312,1706,25.847805,1
1929,2274,40.408833,0
1388,1839,5.156892,0
930,496,73.676071,0
1935,1101,69.383949,0
2108,64,25.137589,1
2793,1318,64.939133,2
1878,2317,30.534424,0
2224,2287,27.508242,0
1291,2654,13.429482,2
180,1376,18.831417,0
2618,2333,66.790695,2
341,1229,71.565048,0
309,1922,74.205925,1
1113,2865,91.365265,1
2030,2011,51.951843,0
857,1179,13.406912,1
2338,2407,33.165478,1
274,285,49.727501,0
1377,1213,45.483448,2
2298,196,16.163000,1
2564,1632,40.665184,0
367,679,17.858816,1
1970,2326,10.028376,0
2852,1853,99.020706,0
1972,149,38.740124,0
1948,2653,68.512886,1
115,1028,83.455467,1
2420,741,30.132221,2
935,2582,40.541405,0
864,1480,78.585518,0
1709,1398,67.168816,2
1578,695,71.927505,2
1408,569,54.865402,0
1231,817,40.080246,1
1982,2577,78.036285,0
1160,988,85.981125,1
466,1130,51.578236,0
1400,1449,67.435173,0
1778,1009,55.253059,1
1926,2540,26.914930,0
2274,443,18.555857,0
427,880,54.342030,1
1652,2923,90.914658,0
555,520,91.712387,2
1205,2225,87.936859,0
1875,2109,94.337784,0
295,2526,8.695311,2
590,2617,54.945763,1
580,922,84.798302,0
2140,523,66.418327,0
1155,2366,55.372875,1
2260,2057,37.039642,0
1251,2379,3.720777,0
1528,2854,27.586885,1
1559,2857,84.904373,0
776,767,57.901939,2
2136,1571,42.839230,1
9,1908,9.601743,0
759,1397,21.393484,0
1139,1444,93.368782,1
1779,543,95.180786,2
1204,2154,21.205780,2
1271,300,8.691249,2
2162,2442,62.150101,1
2063,2002,7.401620,2
1132,1687,5.104770,0
1317,2448,19.695791,0
2180,506,39.045078,1
2931,1964,85.366753,1
399,1911,43.381809,1
1789,46,10.443338,0
986,2339,54.627464,0
4,219,58.161709,1
2162,4,84.907158,1
271,1134,62.227043,0
1628,57,28.466642,1
2763,2973,87.677231,1
231,1413,52.251877,1
2368,2008,0.756245,2
1878,1153,39.497070,2
1077,2392,36.033962,2
2257,358,24.244780,0
2338,102,64.626259,0
1557,2552,82.686577,1
1603,1353,94.573601,0
2543,1504,33.494724,1
2064,1345,1.578280,1
2735,2703,67.448891,2
2873,1855,56.752373,1
2363,1788,64.190666,2
610,2618,34.967247,1
165,2410,57.480751,0
593,288,60.989056,2
1269,1439,83.773880,0
1461,2774,73.088448,1
1100,286,7.686264,1
572,1611,69.424561,0
2424,1542,90.227150,0
862,2721,77.372040,2
2200,2996,30.522785,0
1119,2278,63.293289,1
2154,128,20.493174,1
1653,531,57.187740,1
2408,2484,41.942692,0
1093,1046,12.239939,1
1314,367,40.829887,0
328,1263,19.538313,1
132,2287,63.696350,1
604,1043,36.953648,0
2842,1846,90.491051,0
1329,897,18.115862,0
1601,712,93.657043,1
1642,119,59.669323,0
2348,853,44.032806,0
1214,2854,34.598812,2
2624,1089,22.643103,1
644,2660,20.142380,0
2012,886,88.620255,2
1075,1538,42.671432,2
2533,179,59.350349,0
1883,1044,36.607723,2
2683,316,66.905571,2
958,2892,21.612942,1
170,2307,10.703258,0
1099,205,9.116375,0
1082,635,27.809879,1
104,469,85.990494,1
1311,7,14.035013,0
2004,2260,33.413273,0
631,132,19.484831,2
1316,2734,46.045616,0
2866,219,74.830223,1
529,2007,93.312553,1
747,1659,9.226004,0
738,2698,1.012485,0
2368,2923,77.022095,1
208,164,95.706818,0
516,2404,75.472603,2
2137,1466,29.226887,1
792,1159,29.821079,0
1747,1229,10.834241,2
1934,925,45.059669,0
2984,432,19.457565,0
1435,1829,15.451770,0
383,184,40.715508,1
2952,1474,4.363195,1
1408,1931,75.729538,0
14,464,66.456528,2
1773,2782,7.279189,0
656,2880,86.477104,1
2702,2397,46.738903,2
2390,1286,93.838470,1
972,1465,64.291161,1
804,970,39.049561,1
372,1399,41.285843,0
2193,2180,27.679596,1
1023,2991,37.190769,2
2935,782,49.779343,0
1415,2891,79.299545,1
399,955,7.537673,0
2858,696,7.375126,1
1924,2583,46.028618,2
181,1244,7.990600,0
1399,554,58.280251,1
1080,1101,1.019614,0
2843,1355,47.545746,0
1528,1001,68.799171,0
1618,1809,37.340302,0
121,11,75.409050,1
2274,938,76.700729,0
236,840,34.771431,0
403,579,85.755730,1
2408,1504,23.818666,1
680,2366,79.551445,1
1807,1680,25.923283,2
1949,969,92.929367,0
378,1999,97.771751,0
1947,1677,59.315567,1
237,2734,55.155365,0
1129,1907,20.110405,2
2475,207,83.190285,1
2260,1021,38.871780,1
1736,1467,75.151260,0
1460,495,40.237900,0
2920,1928,48.073669,1
2375,662,60.184444,0
796,2504,96.126961,2
2953,1546,89.794846,2
1819,1965,53.924294,0
2114,2158,93.061302,2
94,1454,96.095558,1
244,727,65.214432,1
67,2082,65.286942,1
2884,2640,83.550415,1
1318,885,93.135582,2
2348,1179,47.389118,1
2702,2542,11.995569,2
379,302,98.099556,1
1488,2177,87.395134,0
547,1360,17.904844,2
396,3,57.547104,0
1914,2642,89.568359,0
1941,1773,99.575928,0
1887,998,46.294155,2
1899,2799,10.280330,1
168,1917,59.099361,1
142,1149,3.251163,0
783,503,28.466751,0
873,2008,72.455193,0
888,1204,62.223465,1
1516,2104,98.138916,0
126,628,71.711906,0
2107,118,31.379551,0
642,2497,61.591610,2
466,116,32.534046,0
293,1275,42.590668,1
462,1933,93.072891,2
2895,615,33.440331,0
306,1763,74.160095,1
2777,1313,80.989197,0
1864,2765,17.283026,2
957,1461,36.076313,1
2520,1236,39.011246,0
2598,1011,34.616001,0
1727,2959,85.099792,0
1987,484,58.911140,1
2056,2004,49.794823,1
637,459,58.666016,0
848,537,25.061586,0
1856,957,27.912413,2
2427,908,90.931725,0
2233,1358,58.488922,2
2197,1690,65.333313,0
2224,518,3.007490,2
2301,1940,54.263744,0
2393,1870,13.399100,1
1906,2848,18.210678,1
2892,2143,76.678902,2
2194,1181,19.869625,1
2561,635,56.845913,1
277,1518,62.609474,0
296,1857,52.104027,1
618,2971,20.881277,0
2870,995,26.422796,0
928,844,7.859670,1
2623,1711,13.757465,0
730,1149,44.190159,0
2089,2996,2.054496,0
2433,2564,17.075624,1
1375,2381,28.615540,1
2103,2050,28.173866,0
1517,2291,64.737411,2
2452,1864,88.082344,0
2429,1514,92.438629,0
2174,2725,86.055458,2
927,2736,14.386422,0
784,1996,96.310287,1
1448,2823,73.361092,1
624,970,33.605633,1
1115,1906,25.110706,0
229,1627,3.677268,2
2923,1969,12.769783,2
2416,1089,95.692101,0
652,2865,29.003525,2
1876,2403,87.306274,0
314,797,26.207834,2
1550,532,29.042885,0
1044,413,36.882942,1
2343,2122,76.485741,0
2194,1691,1.796301,0
2104,457,26.576345,0
1152,2163,95.442070,0
2874,1533,7.162325,2
2188,2360,75.224640,1
1110,1479,51.782360,2
1088,810,77.130173,0
1909,1565,6.177122,1
1757,995,70.825294,0
2959,1540,88.294762,0
1848,758,93.054947,1
2045,1531,62.606750,0
1566,1076,62.270271,0
739,254,78.518356,2
1265,752,35.623707,0
2401,339,62.488720,1
2388,972,74.104240,0
2496,603,47.978035,1
1436,2352,94.656471,2
1734,1715,67.355080,1
1784,1504,21.244326,1
665,949,6.150902,1
358,1577,80.966476,0
341,503,48.938133,0
2057,40,94.921997,1
1802,1118,57.260155,0
2170,2670,99.145157,0
2399,2205,69.886848,0
2908,521,81.717316,0
2966,411,6.977574,0
2943,880,94.695572,2
2193,370,39.148006,1
530,2185,93.766365,1
70,2343,83.608025,0
2699,484,9.005130,1
2933,2325,17.049881,0
103,2783,68.320366,1
1371,2206,64.868729,2
1941,1686,41.600182,1
1551,100,72.902153,0
213,1423,55.054615,0
1298,2391,96.999359,1
1394,2082,42.898048,1
2732,2927,97.792526,0
1574,1941,26.113016,0
2904,267,63.847225,2
2125,1000,68.498833,1
1997,1622,18.122086,0
1387,751,36.760796,2
2293,1443,75.235718,2
1659,2756,17.043257,0
2958,1057,23.109076,0
2267,1180,51.666672,2
2187,608,45.542530,0
788,2824,66.403122,1
2297,1902,98.927269,1
1285,1544,97.655830,1
1550,2885,38.077961,2
406,1131,17.948133,0
781,2503,32.192417,1
852,2529,96.592026,1
2904,2699,44.367069,0
2318,2076,8.854811,2
45,1705,68.164635,1
343,2771,62.541546,2
743,1784,95.627190,1
2829,1221,73.509895,0
1556,1766,7.617141,0
142,274,87.865761,0
39,2363,59.443233,1
1723,2270,2.007277,0
453,437,87.516495,0
614,887,60.048714,1
277,1148,93.212914,0
2959,2515,49.582493,0
154,410,62.813026,2
834,2452,29.686094,0
1421,2954,25.037971,1
2031,2413,1.732729,2
1326,950,63.481426,0
328,335,80.340973,1
2358,183,6.300281,2
1225,2825,32.603828,0
1161,524,4.519949,0
2812,326,83.865547,0
1004,315,92.564774,0
1578,1326,31.188715,2
467,1172,5.394215,0
2264,2896,41.254143,0
2108,2377,46.723454,2
2913,1800,83.666618,1
755,1311,40.454308,0
1744,2576,82.181396,0
14,760,76.665833,2
2075,2102,43.469948,0
495,107,67.063492,2
1945,2177,43.323307,1
2555,878,40.919235,0
1583,214,42.686386,0
173,1623,8.214153,0
1560,2087,1.431915,1
1373,961,33.773354,0
2426,2761,45.508598,0
1389,323,96.654190,0
71,347,24.693274,0
38,2023,5.823953,1
2150,482,69.449493,0
432,462,0.890986,2
2163,825,52.914349,0
444,2097,59.410328,1
274,726,92.392319,0
838,2517,51.374111,1
2285,2127,3.294419,0
285,2161,67.046707,0
493,806,63.187801,0
2470,1961,56.250114,0
620,2008,79.478127,0
2237,1139,77.819435,2
1588,1126,38.153622,1
2777,174,24.124090,0
18,1517,11.683441,1
2435,248,27.042280,0
193,2086,8.894075,0
1889,877,73.566360,1
535,1866,29.629374,0
179,1535,67.822746,0
2156,898,89.502937,2
819,1153,23.304132,1
974,2349,83.164192,0
2678,2067,97.932892,1
2913,2229,74.600609,0
15,2755,93.655777,0
515,2515,32.551067,0
808,549,41.793999,0
2520,1785,28.771072,1
1202,1739,76.830460,0
1235,1307,27.277679,0
414,1057,13.302794,0
1873,1750,99.910187,1
417,2771,24.891144,0
2865,1454,19.708012,1
736,16,63.862659,1
2957,948,52.841022,1
732,176,6.703797,1
1329,2410,59.707249,1
232,2734,37.343864,0
1504,1536,1.766939,1
92,1287,61.371326,2
2467,1824,17.069475,1
1041,2116,2.069015,2
220,1007,74.324921,1
722,1243,41.579205,2
497,2721,74.290863,0
1409,2732,19.057158,0
2685,2843,83.974403,1
1639,1794,96.177971,1
1745,2924,66.898094,2
155,456,74.398041,0
254,1773,79.775635,0
377,2942,47.931934,0
1623,2184,51.896595,0
2071,817,99.223068,1
2128,1088,34.169491,0
1745,2573,78.225113,0
253,2489,48.704445,1
429,1690,3.543955,0
2276,1615,30.516483,0
469,345,40.575478,2
1026,2684,91.686150,0
2684,174,66.499847,2
1143,633,17.925962,0
2918,1778,2.018764,0
950,492,23.749786,0
60,1524,18.999409,0
1522,1395,68.167572,0
2072,600,42.907497,2
1998,1404,33.086246,0
1810,698,57.840656,0
1279,2128,20.254944,0
1362,2642,38.601269,1
2268,652,98.678291,1
1614,609,49.845760,1
210,2344,29.372576,0
1764,1228,3.424142,0
1114,2893,30.576567,2
170,1019,34.399338,0
877,613,93.293991,1
1982,2670,25.616274,1
2628,1321,77.496819,0
142,679,98.165756,0
2669,1862,81.373764,0
829,1116,61.351112,1
2443,2773,81.206154,1
2709,2907,7.052128,1
875,2500,29.499779,0
1399,1343,28.761797,0
448,2533,46.420311,0
1519,1011,15.624706,0
1813,1891,29.026781,0
1127,2870,21.674442,2
1768,2361,7.840348,0
2359,2008,80.931816,2
506,1924,57.341125,2
1462,2729,65.266312,1
954,2437,86.499229,0
2171,1666,88.058777,0
157,2823,68.194000,1
1347,2521,53.026928,1
619,1456,68.952896,1
2375,1792,45.639641,0
219,2354,38.339050,1
1400,2220,28.712326,1
2970,935,87.591293,0
293,1816,98.549919,2
1700,1981,97.574669,2
2203,1677,24.607634,1
2365,95,15.699299,1
2684,2573,26.673914,0
983,2187,77.729385,1
1901,8,17.410265,1
1480,779,67.858673,1
1389,2612,11.900997,1
277,343,73.095154,0
223,1774,61.934486,1
718,734,29.563955,0
1952,2308,90.851021,2
2685,1646,53.637493,0
2726,1761,89.869263,0
1795,1008,99.565353,1
1247,156,31.743284,0
2914,2046,34.831356,1
1979,798,88.663589,1
2567,2724,28.618481,1
619,2276,33.472363,2
196,559,8.459984,0
1223,1519,45.972702,2
2186,1043,13.524330,0
80,1328,68.170105,0
2830,2693,65.453575,0
2800,1821,15.844928,0
1859,1051,96.551468,1
380,561,42.183510,2
1483,2367,20.901991,1
1526,341,80.249611,0
775,992,14.864190,2
1488,422,23.039692,1
2013,2064,11.764218,2
1627,1573,57.596367,1
1018,938,3.397209,0
2332,1406,29.275814,2
2595,417,95.560394,0
57,189,98.275574,0
1074,1473,12.830939,1
1709,1143,30.773138,1
474,2229,95.688469,1
1019,1697,12.047182,0
2715,2099,30.602880,0
2918,2411,24.754444,1
921,2851,66.595116,2
1458,715,25.048141,2
2721,2431,33.748177,1
1448,2579,88.874855,0
2330,2181,65.361244,1
797,1200,26.532682,0
1982,2854,77.823952,1
1552,1882,62.286575,0
1550,2360,96.592331,1
77,596,87.056618,1
2221,1378,6.133675,2
1810,2124,35.356304,1
825,757,0.965074,0
2767,699,41.119087,2
1786,2302,54.313511,1
751,1051,98.568993,2
1773,814,64.527824,1
1292,2675,93.892525,0
876,2267,7.481368,0
2608,1594,59.273678,1
247,755,92.264969,0
815,409,87.108711,1
2094,1834,67.865952,1
512,609,7.024447,1
1856,2391,34.848652,2
2151,681,15.680497,0
1702,51,77.427704,1
2564,2076,70.701187,2
2955,962,93.865005,1
1833,309,86.491158,1
2542,1292,34.415867,1
1238,962,88.170929,1
2679,2850,0.641801,0
1980,1374,21.704065,1
2406,453,88.479210,1
394,2015,90.693062,1
1773,2160,23.746433,0
1443,252,58.971237,1
2915,281,38.097687,0
652,1767,86.917244,2
1815,1107,66.789742,0
718,2423,35.735447,1
2498,708,84.641434,0
2096,1252,14.065199,1
1424,1520,27.252165,1
1730,1754,63.386978,2
2806,1521,25.808817,1
2570,2966,71.515053,1
1785,711,74.777000,2
172,861,7.540053,1
561,347,28.952530,0
2045,1627,47.485775,1
953,225,14.248980,2
2111,546,17.601324,2
1920,1138,7.987415,0
2208,2409,30.722582,1
1279,1580,61.848690,0
1450,2221,97.300606,2
1114,679,76.430237,0
1335,700,37.110641,0
194,1867,74.146187,0
1656,2390,47.321556,0
2749,1953,2.316945,0
2220,2475,87.128693,0
535,730,95.403473,1
1658,844,42.151878,1
1492,1914,47.977936,2
2718,2223,10.562060,1
436,2299,95.394028,0
1707,2518,9.775930,0
2837,2614,46.320366,2
2853,1351,94.417000,0
2009,995,65.129242,0
2736,618,19.599361,0
2347,731,67.254051,1
1114,2742,86.272682,2
600,109,25.542526,2
2940,2728,97.998085,0
2778,57,11.706844,0
2426,546,94.707481,0
1794,1037,39.530396,1
2915,1462,58.771912,2
2699,398,75.495193,0
348,1950,85.490395,1
1447,1806,85.641769,0
1276,592,76.826424,1
1786,2832,55.884636,2
2424,1963,28.970278,2
1719,178,51.861904,1
699,1148,68.768417,0
2609,1609,64.073975,1
2594,2783,93.853874,1
2173,1937,24.967966,2
868,2303,17.325375,1
689,1179,12.424946,0
1309,2313,2.444829,0
870,1125,64.111320,1
1126,2232,14.411633,2
1688,2421,80.212090,0
1047,2888,60.393604,1
1374,1209,80.164322,0
1481,1364,50.299179,0
35,258,57.463539,1
2909,817,90.402039,0
1511,428,60.168182,0
2391,563,35.414757,0
0,2254,78.390526,0
740,1342,81.385551,1
253,1710,75.863075,0
767,2629,19.004702,1
1406,214,35.836403,0
1341,2443,9.868124,2
276,107,75.303207,0
276,2,63.675179,0
1472,2018,89.641800,0
1977,94,61.391300,1
301,2371,42.259735,1
1056,708,81.819328,0
598,1977,23.792240,1
2034,2647,11.052479,1
1454,327,10.280097,1
357,511,52.306492,2
2819,2607,81.536644,0
2133,2872,90.852257,0
2992,1709,94.208694,1
2053,1478,16.187719,2
152,326,44.845428,0
2505,2890,94.249397,0
1589,1346,49.473671,1
1504,1146,21.474184,2
1252,1815,50.365662,1
1949,808,31.275362,0
501,186,15.396888,0
1948,2610,97.936234,0
1579,1552,73.968338,1
2787,1688,19.008348,1
2509,1310,80.240021,1
1213,2372,37.270203,0
2128,2751,4.751297,0
1672,1846,18.307272,2
691,2942,52.574871,0
463,540,23.771481,1
470,2511,70.148682,0
1890,503,82.987434,0
1719,2392,28.066685,0
196,256,74.236900,0
667,2805,57.984257,0
641,2288,61.479195,2
2155,675,55.987671,0
1685,338,72.472916,1
2763,2554,49.171501,1
1007,258,84.758942,1
2574,1698,57.810299,2
1433,978,28.009171,0
184,283,26.085020,2
1171,2761,53.201199,1
1275,1642,8.592651,1
213,670,40.227581,1
1748,1088,79.269524,0
435,250,82.214935,1
2848,1714,48.074013,1
2818,1219,42.703033,0
1939,817,48.835270,0
1868,1803,21.713785,1
1916,954,16.914762,0
1890,1851,62.186054,0
1847,1589,70.331459,0
1586,1272,10.941366,0
380,986,13.819223,1
2098,338,48.443409,1
2790,2847,32.659546,0
2322,1085,10.425642,1
706,2894,62.828930,0
2067,183,39.785572,1
746,762,17.815973,1
1869,1452,83.241188,1
241,2731,59.566380,0
2521,1132,30.359962,0
1615,259,80.196648,0
1106,1934,47.527401,2
2030,1583,73.607300,0
2754,2078,65.451172,1
981,1386,5.522965,0
2084,88,42.721615,2
1162,889,40.889790,0
1206,1279,33.388317,1
1126,452,8.811100,2
2166,2357,63.708282,0
2235,643,83.522552,2
2755,2315,79.939941,1
2128,2499,83.675896,1
184,2586,90.489143,0
1947,2160,21.315113,1
422,800,9.952243,2
272,1146,3.904749,1
1524,1206,44.110043,1
1714,113,37.440002,0
2515,2313,13.578828,0
1449,1827,99.058479,1
2337,2855,50.280804,1
0,1254,22.210110,0
2388,1565,20.347874,1
4,832,17.591923,2
1344,1468,40.122543,0
1620,666,49.098984,0
989,1991,60.764141,1
1437,699,86.587677,0
422,350,64.724388,0
2042,1420,69.469025,0
779,2483,21.406631,1
2669,1886,35.250080,1
2942,2781,93.384171,1
1026,1602,10.221024,0
2305,1557,58.035252,2
689,697,7.950254,0
1421,1584,19.392309,1
1875,2016,52.742561,0
1102,395,72.128258,2
2916,1792,88.462608,0
2952,1664,7.016844,1
192,1848,28.124880,2
2031,13,42.801098,1
368,2393,4.647035,0
2624,2939,38.496326,1
13,1955,46.882786,1
2980,2657,1.416994,0
107,2407,60.927811,2
1817,1941,58.616207,1
227,1273,11.797633,1
588,2414,39.238789,0
2133,741,32.101875,1
1210,2397,98.339813,0
2027,302,71.854813,2
2298,2288,39.790363,1
1666,2843,36.060619,0
724,590,66.597862,2
2175,2299,33.182461,2
75,2972,74.678787,0
1823,2964,87.799934,1
734,1725,51.260979,0
719,1593,51.816696,0
1942,1367,86.792160,2
1259,2100,97.400879,0
478,845,0.636242,1
1753,1590,51.853626,0
601,900,90.213295,1
211,1364,5.724508,0
1163,625,69.323792,2
2025,1327,3.240579,1
2785,371,47.123611,1
2417,1929,33.754715,0
575,606,31.578426,0
2154,218,93.776299,0
890,506,93.435410,1
1850,1851,75.439781,1
420,2192,73.285263,2
490,1544,30.137798,0
2604,357,23.952599,2
65,2852,11.879828,0
602,622,63.656841,1
363,2831,19.051567,0
2808,1154,52.204144,0
951,1313,11.279786,2
729,539,16.414032,1
580,1520,51.447491,1
798,573,64.073257,1
2670,1151,71.327042,1
1800,1380,73.857033,1
1914,2825,31.647650,0
2425,274,22.504967,0
907,2967,48.018436,1
1932,938,72.938530,0
2966,2506,15.407368,0
2323,1532,54.100079,1
2612,1196,27.852877,2
228,913,14.278883,1
2093,1361,39.665855,1
1541,2783,22.874706,1
2140,1962,25.196644,2
555,1791,14.030341,1
731,2213,82.646088,1
1345,1003,59.260235,1
52,2870,0.255627,1
2624,1912,75.201057,0
2494,1900,89.314415,0
2049,97,92.218925,2
1088,2623,96.931046,1
2321,2571,71.719002,0
1812,44,38.281094,0
201,1788,77.032570,2
2071,1198,38.608715,1
52,2093,31.865631,0
2843,1118,33.332405,0
1381,1883,48.823860,2
1876,613,1.856342,0
1531,1187,78.161736,0
190,137,20.567623,2
1668,1916,72.726532,0
670,1592,47.807953,0
653,472,83.812103,1
1991,1118,7.908474,0
266,875,0.241757,1
2206,494,88.024628,1
2866,533,79.626266,0
2900,37,46.070679,1
737,1343,89.968597,0
2178,2123,10.969690,0
1719,1543,10.583654,0
2375,1933,68.249062,0
1192,2927,49.548260,0
71,2948,86.126877,0
2715,2695,96.815262,0
47,759,30.774109,0
2355,2426,55.639214,0
2652,568,35.803410,0
764,2772,59.220158,1
247,984,48.526627,2
1765,237,13.496398,0
1779,2801,26.483616,2
2412,450,82.352821,0
2725,2421,57.414928,0
2062,1538,84.342796,1
1499,2325,52.592442,1
1865,389,92.253510,2
2184,2439,18.384422,0
2923,1078,54.745525,1
1389,1985,81.517456,2
865,1533,84.508926,1
1537,2771,31.047440,0
2151,2363,85.639053,0
556,1823,55.274906,1
393,2612,58.137115,1
2259,2589,95.360359,0
1484,1508,99.107773,1
2278,857,68.374168,0
751,899,18.876783,2
2151,664,26.438625,0
2269,2974,16.510620,2
1336,380,10.237808,1
1760,1412,84.811806,0
1239,1391,81.823853,0
2607,719,34.692177,0
1028,2860,42.066452,1
2022,748,19.642380,1
2996,2360,77.791199,1
2334,2299,39.573654,0
2419,394,45.689770,1
2161,457,50.471905,1
1421,35,98.290794,2
694,2530,59.302357,1
1687,2715,44.992878,0
2406,1117,76.278358,2
2104,511,7.009643,0
2657,2491,3.815542,2
731,88,14.023108,0
2710,1213,79.538033,2
2611,2196,34.743771,2
754,2921,68.172539,1
1564,2113,78.491440,1
1898,1570,56.144459,0
2484,0,92.472160,0
896,117,64.651825,2
2454,1207,58.094032,1
163,1394,52.406181,1
226,1413,1.182155,2
831,2068,44.746380,2
2989,739,65.186653,0
1475,2318,93.725426,1
2471,1331,90.750290,1
2761,546,55.618923,0
2140,1317,64.650169,1
2021,163,36.304020,0
361,2991,59.486771,2
1883,2202,55.116367,1
1939,406,70.510849,1
62,1213,41.864025,1
2792,2625,81.017555,1
1447,2193,81.741730,0
728,1667,16.730949,1
1951,2326,70.836159,2
1337,877,8.285745,1
1532,1961,56.307163,0
476,945,31.773813,1
2202,1561,48.125237,1
448,1403,25.459543,2
293,2510,64.878998,0
1104,747,41.875072,2
105,688,30.602524,1
618,364,52.546104,2
1393,2484,69.877678,0
73,728,26.186745,2
112,2666,11.285016,0
79,474,29.903759,0
1169,574,71.151390,2
2048,231,31.929897,0
1957,443,82.604668,1
1121,2525,73.515282,1
1313,1361,78.189766,1
1581,563,8.530442,2
1682,522,56.656940,0
2223,2243,13.395535,1
428,1790,46.574524,2
1834,2017,28.674809,1
1823,1931,64.193764,0
1479,589,55.287075,1
1742,239,65.614075,2
2313,789,55.766983,1
2259,2300,67.638191,1
637,1054,50.601822,0
876,1815,3.712510,1
1699,449,21.684498,1
2190,2287,60.950306,0
1447,1351,57.356018,2
453,2105,28.811357,1
459,644,21.677366,0
79,2929,3.792961,0
201,1339,32.451359,0
1306,2661,88.660347,1
2964,441,27.697542,2
1749,1603,32.053741,2
458,1095,60.081951,1
1229,2397,62.210545,2
2299,2630,56.213837,0
424,1025,60.639202,0
1495,228,80.253761,1
1992,985,83.194244,0
535,2779,81.946060,0
197,2216,82.638168,0
2784,626,73.544289,2
2742,1143,2.092674,2
1278,2070,19.333241,0
2132,132,91.383224,0
1692,162,39.302814,0
2891,1382,16.134626,0
740,2674,62.767326,1
2149,1953,73.321915,0
2472,1259,79.981186,2
234,1601,19.168392,0
103,1693,34.471691,1
390,1761,73.071075,0
1854,1433,51.283653,0
627,2399,99.378288,0
102,196,37.982773,1
1553,1112,14.384250,0
568,636,92.962029,0
510,2254,48.552528,0
1186,103,80.679779,0
2550,1366,17.572390,0
2715,2032,85.773232,0
875,124,48.989738,1
995,2751,92.573105,0
686,1959,4.852217,0
2693,242,0.043601,0
841,461,50.976799,2
1707,381,39.543182,0
2425,1333,48.055058,1
92,2652,53.970226,1
1163,1865,19.620306,2
1969,576,41.612221,1
1782,1989,27.585726,0
1664,405,54.676548,1
482,1369,91.546730,0
2835,961,67.597603,2
1301,615,7.537746,0
15,781,34.992344,1
2137,1280,23.011795,0
590,2830,89.140198,1
947,2728,72.506966,0
2073,2650,74.318069,0
2032,1645,3.888365,1
1159,1564,75.521751,1
2748,570,48.729057,0
533,856,55.721222,1
2358,333,89.616821,1
1246,1017,41.101593,0
2791,1125,3.709500,1
2401,919,91.467041,1
2707,1412,58.114391,0
2192,1664,98.518578,1
2411,1059,88.772964,0
2166,1138,33.453316,1
137,673,16.212692,1
545,2995,81.651360,0
1689,2808,30.179976,0
35,688,98.103561,1
956,2317,44.566830,0
1394,1705,67.275612,0
523,565,85.840637,0
2183,18,30.454958,0
1745,2660,96.003632,2
723,1907,88.105713,2
1351,2090,77.736862,0
1987,1020,90.984825,1
1804,388,26.730610,0
861,1030,56.039043,1
246,2140,27.855282,0
2888,2796,90.287460,1
628,1746,22.868166,2
2175,2783,54.403267,2
1822,64,17.084032,2
192,1749,72.990524,0
2703,192,63.397884,2
508,2557,37.396866,1
2892,208,34.636505,0
2967,490,80.765427,0
340,826,23.067211,2
2983,792,77.736198,1
2784,1012,51.560696,1
1219,1098,25.090807,0
935,1107,50.467140,0
2828,2880,39.550564,2
2414,1549,8.709535,0
846,2029,61.013927,0
2889,2449,31.330772,1
2636,840,42.619293,1
215,314,35.596481,0
646,2509,88.895401,1
2068,1677,32.954346,1
625,1886,39.118729,1
1594,283,84.394196,1
2897,2019,20.964813,2
2294,2641,10.792204,2
2664,2644,61.734810,2
2754,2036,20.305040,0
1619,1458,15.664294,1
2104,1004,49.886665,0
734,1785,68.324493,1
2694,1342,31.969654,2
506,1616,76.204941,1
1,2063,39.258358,1
1172,1884,68.013008,0
1914,101,20.476562,2
2256,561,57.269043,1
1480,135,95.662994,1
2917,563,91.082741,0
682,1483,39.954102,0
1812,337,56.876919,1
356,2997,59.854717,0
508,957,23.614941,1
147,1197,38.989407,0
2673,2860,45.213760,1
1480,2701,49.924976,0
1113,1352,92.871368,1
2026,1575,74.434029,2
1308,1584,71.913872,1
2524,271,72.361450,1
2879,886,73.908028,1
1123,2588,2.652262,2
2704,1951,94.751106,0
1577,1259,6.677582,0
2867,1332,58.097710,0
844,429,37.439362,0
610,2162,86.423813,1
1503,1544,47.535290,0
1223,283,59.666248,1
599,2701,53.059391,0
2526,1523,7.664405,1
1791,551,61.457226,1
2096,2241,72.303627,0
2478,187,82.994957,0
1652,352,61.883842,2
157,498,74.811630,1
1655,1696,24.579767,0
1581,2260,52.948830,1
2479,364,97.032349,1
1165,1681,30.396351,0
341,2926,98.226761,0
2826,2231,44.788769,0
583,800,72.694351,0
1321,958,65.628204,0
263,1748,58.691811,0
1990,814,56.195950,0
2549,609,42.754566,1
1480,257,18.902760,1
875,82,77.366226,0
368,640,29.528028,2
655,2332,98.726006,1
2762,2188,77.176285,0
1042,2872,50.889404,0
2478,2810,39.131649,0
1009,2071,3.628623,1
1689,2876,89.891304,2
1029,2187,6.976197,1
2849,2049,98.253838,2
998,2441,20.154997,0
2385,1029,16.962187,0
952,1319,49.072495,0
934,2005,66.374207,1
1035,1458,24.147926,0
2667,2738,13.670530,1
2955,1041,98.374275,2
2220,2282,2.564858,2
1596,634,80.943619,2
582,1505,90.189659,0
415,2426,23.532621,1
1371,263,56.793282,1
1879,2181,97.974747,1
2044,2165,41.691841,1
41,1355,19.252357,0
455,579,44.619125,2
338,262,45.344563,1
1307,1630,84.615662,0
257,64,63.352158,1
273,466,39.289989,0
1154,2736,42.202431,0
2205,931,37.182091,0
2770,242,59.161762,1
1449,2997,55.478615,0
2234,1410,67.567024,0
2490,1129,50.206036,2
2753,110,89.874954,2
2085,2048,59.993099,1
47,448,46.691303,1
2648,2111,29.883629,0
2560,2810,46.035919,1
2232,1992,17.324635,0
1635,1569,62.981644,0
1496,1447,75.837120,0
2823,854,43.352982,1
2589,1037,80.554977,1
2284,53,75.606094,0
1066,2432,75.107346,0
381,1761,94.997955,0
1368,499,68.636131,0
778,2524,39.281643,1
1569,2837,88.003815,1
150,1832,64.306602,2
2099,2905,22.891842,1
2238,121,78.225197,2
1611,1985,19.321480,2
2252,2039,50.043808,0
1984,1316,71.574753,2
2995,192,96.388344,0
1220,2139,77.284981,0
2613,2614,95.923660,1
93,2929,2.751697,0
1891,2592,32.531055,1
2761,2352,40.591427,2
586,2927,31.324350,0
998,2267,29.408098,0
1325,410,57.645077,2
2739,1950,70.066628,0
1470,2050,97.208221,0
515,1676,70.880814,0
1585,1782,52.508984,2
2399,1401,31.122816,1
2929,1901,48.997723,1
1313,1340,83.592896,0
1696,1804,11.128517,1
1499,290,99.559280,0
593,325,60.320568,1
345,404,26.475498,2
2180,1836,15.668746,1
2927,874,56.997463,0
4,2137,93.490013,2
2435,2645,11.198636,1
2391,1988,41.316746,2
1328,862,16.130196,0
805,2358,5.854742,1
2650,410,13.079169,2
2055,2128,79.975060,0
1697,2050,7.186173,0
1092,2640,68.725624,1
865,413,47.834042,1
1825,291,73.657547,1
1713,114,69.142029,1
2484,2493,26.214844,2
527,2021,20.204161,1
692,1766,23.205030,1
976,18,24.068804,0
1139,2248,69.154633,2
864,2327,36.687157,1
1447,2966,67.394310,0
832,814,72.548210,1
2706,2477,23.733192,0
816,2920,41.270748,0
2685,1642,26.453461,1
520,2691,42.742039,1
1835,2880,19.541857,2
2613,2022,98.074455,1
144,2127,33.964752,1
1120,2602,13.017021,1
1499,991,35.331673,1
1413,464,97.211975,0
2722,1075,19.872091,1
1385,2247,4.463863,0
1192,1970,30.555487,0
1589,2714,89.049278,1
730,957,9.825961,1
1701,2480,25.095428,0
841,1241,45.300610,1
232,104,26.157906,1
961,255,79.516945,0
2997,2460,41.606823,0
902,185,48.952274,1
2318,1775,80.354683,0
2755,1043,89.928558,2
68,2751,18.687838,0
2586,1380,99.871376,0
2784,2742,16.594082,1
1293,2031,60.064480,0
2513,1064,31.243944,0
1316,571,61.784023,0
2223,2207,71.546989,0
2278,1075,41.142471,1
1262,1418,49.447834,0
1956,2374,26.263519,0
338,1338,41.973175,0
176,2922,4.862452,0
259,927,4.556452,1
2376,1158,54.921589,2
1871,336,18.935663,1
1278,1701,50.875759,2
1708,2432,42.679531,1
2803,2283,45.684715,0
1471,1578,67.758492,2
2216,1083,20.341619,0
1574,210,59.306576,0
1449,1999,54.955303,0
1441,2317,57.772438,0
880,770,22.488934,0
655,2491,26.562284,0
1678,381,37.523834,2
2511,859,13.606077,0
1285,1657,1.867948,1
812,1382,79.731483,2
927,2782,9.339894,2
1943,2942,90.117004,0
2049,183,6.373213,1
2563,879,11.413829,1
676,2739,85.707420,0
407,1864,59.257511,2
1575,372,63.754425,0
1410,792,39.945560,1
2288,1500,9.136225,0
877,2938,41.069069,0
1852,56,26.285580,1
2907,1499,71.676651,0
191,570,94.649673,0
461,645,14.200536,0
2036,607,23.985796,1
2016,2832,31.435566,1
2454,693,57.498684,0
509,2200,17.094286,1
2621,294,41.382561,1
8,2778,90.896820,0
2531,32,85.053360,2
2663,383,66.367035,0
2495,720,67.208466,1
989,1102,1.457831,1
814,2183,46.346275,0
2298,1317,5.301376,1
733,756,51.761219,1
1716,989,1.300328,1
90,2960,25.352621,0
2260,2170,90.345055,1
1268,2560,15.789693,1
76,2811,3.231174,0
696,740,41.598423,2
2655,2099,51.403385,0
133,891,52.050304,2
2185,2407,38.302113,1
1745,748,6.141906,1
1539,2669,63.727104,1
2408,721,54.581581,0
1986,2505,4.667097,1
2920,886,37.569992,1
2862,2150,22.589863,1
1613,2214,42.461109,2
2603,2160,60.949524,1
872,38,24.879805,1
2698,2628,87.543022,0
2801,2549,81.019302,2
1179,2568,86.963203,1
1691,77,96.775925,1
646,1477,80.422417,0
2440,1404,90.531624,1
2865,752,84.679382,0
1133,2513,16.787445,0
196,1875,0.773752,0
520,2151,95.644203,0
2385,2417,41.495258,1
2099,1305,97.500946,0
2004,1637,39.458931,2
995,2066,31.872456,2
2209,2908,53.772202,2
953,1290,47.723366,1
171,1810,92.898865,0
1513,2498,31.164032,1
1829,2660,46.715038,2
712,1051,93.674774,2
2931,2500,84.941658,0
2302,1756,25.781380,1
2809,1976,63.061745,2
112,2128,71.768318,1
2840,1307,8.393830,1
30,680,52.036644,2
2294,1795,49.336136,1
1037,1188,49.419334,1
1660,2059,77.331223,0
488,293,7.773502,0
934,1608,78.761070,1
1286,277,10.782778,0
1689,2127,59.114269,0
343,652,23.652649,2
115,792,95.349930,0
2923,69,27.519442,1
1628,2966,65.925377,0
905,2766,9.002741,2
1919,350,86.509109,1
1832,755,40.909454,0
910,2735,1.562901,1
1012,950,88.313522,0
1081,2769,77.232399,1
993,1058,48.985462,1
2825,404,80.434120,0
2989,1254,77.913185,0
2974,78,78.647713,1
2863,216,6.999243,1
1340,176,50.794617,1
2926,2373,86.351196,0
1255,526,92.734535,1
2915,1623,42.546356,0
1450,1886,85.900902,1
2935,1386,47.828026,0
1845,2924,4.093804,1
1130,1104,86.266861,0
1649,1615,38.944588,0
1349,1184,54.299374,0
692,845,50.888077,0
1245,554,18.666365,1
479,1649,73.975891,0
1338,860,32.983799,0
314,726,39.384773,1
505,338,9.971012,0
120,2581,98.105789,0
406,175,86.347343,2
2399,253,8.739040,0
2634,1953,61.806534,0
1862,1262,66.014061,0
2689,2073,78.234688,2
2619,184,65.427757,1
2045,489,6.334952,1
2109,76,92.836586,1
2220,2356,52.614929,0
2608,435,18.319578,2
1798,39,2.750549,0
1627,2437,62.773216,0
573,2218,51.271671,1
1754,1196,19.014593,2
611,2612,5.179806,2
1082,2789,55.817780,0
1018,620,45.325825,0
2254,195,79.607162,0
1258,2234,19.041306,0
261,1202,57.877670,2
1983,896,26.783100,0
2671,561,44.261971,0
279,884,46.704956,0
2724,2086,26.203836,0
438,403,41.746902,0
2097,677,38.839073,1
2805,945,12.042517,1
2831,1758,49.498699,2
2489,2422,38.535778,1
1662,421,73.550644,0
2149,1,7.703048,1
1087,1633,68.126160,1
2042,228,86.524712,1
314,60,92.510490,0
10,2362,4.934196,1
2964,2699,50.197933,1
1792,1265,79.221222,0
210,667,64.248276,0
1539,2592,37.080925,1
2338,584,97.897850,0
475,2101,75.903717,1
939,2883,2.598770,1
1918,653,96.441780,0
1791,886,74.891846,1
344,352,7.776742,1
2506,1182,7.625479,2
1805,123,12.580212,2
2606,2999,58.597374,2
2029,721,41.727699,2
440,1222,82.597946,2
228,455,96.673813,2
1119,1724,17.082754,1
1036,2546,81.735184,1
2070,2748,40.272289,0
838,1575,16.941452,2
2101,2073,74.268494,1
1330,2335,20.296223,0
2171,198,16.425776,0
2139,1607,84.056007,1
705,1542,92.514671,0
2358,1259,77.375275,2
518,1443,88.814720,1
2340,493,89.247360,0
2292,638,87.444771,1
1792,998,34.434216,0
2489,2625,10.848376,1
1201,610,72.218826,2
2237,1471,25.179905,1
1931,1565,46.566109,2
1284,645,17.034855,0
1451,1234,69.417877,0
669,2220,6.535572,1
1063,28,87.480469,1
1505,2514,53.045078,1
40,1460,41.529682,1
2427,2684,91.338303,0
2887,2855,84.659225,0
2978,573,63.405098,2
1326,2731,26.406624,1
226,2787,40.489723,2
48,2196,19.283855,1
1930,2629,70.492119,0
519,186,70.231583,0
1777,453,56.444641,2
2937,1131,21.440891,1
2488,2812,8.183950,1
130,2600,26.762930,1
525,427,60.171398,1
2041,2702,70.970039,0
1753,702,75.751671,0
2361,1708,72.014053,1
150,1822,77.124367,2
289,2519,84.471275,0
1643,2526,85.685005,2
2748,2142,27.079405,0
46,1133,26.419769,0
941,1407,15.167534,2
457,2668,75.027390,2
1272,644,47.211815,0
1929,293,99.453781,0
2680,377,62.469269,0
2183,918,59.016792,0
507,990,52.896183,1
1745,2390,4.738537,0
592,35,6.457620,2
299,1199,46.864933,2
944,973,19.520248,1
2663,1562,45.447186,2
2187,2556,52.272484,0
346,1019,89.769676,0
2527,2747,65.103958,0
2842,664,56.582249,1
2263,2793,10.544076,0
568,128,73.300529,1
1938,2513,78.852776,1
2930,2278,9.878739,1
2554,1213,44.468647,2
1669,2710,38.821304,2
2145,900,82.768196,0
609,2372,58.404011,1
2256,724,76.771889,2
884,2355,39.118816,2
319,568,27.693226,2
2761,1512,16.105143,1
1902,762,76.997833,2
1085,253,15.546879,2
1281,2808,15.845357,0
175,147,76.672562,0
2433,2606,37.894234,0
376,2458,44.508286,1
995,1222,41.495964,2
1722,255,6.398497,2
1218,1536,28.114458,1
171,1319,93.372032,0
1532,2360,74.163193,1
1413,2945,88.434258,1
704,840,92.708267,2
2569,1693,31.697989,1
1806,2753,81.482071,1
1410,1631,85.620369,0
2552,1224,47.371468,2
980,1725,96.187202,2
1080,983,45.076832,2
1337,1017,39.446171,1
2367,2084,50.916210,1
500,2638,31.051825,1
570,2984,42.992393,0
2338,1879,94.892654,0
2139,1720,73.261589,1
2499,2939,54.209198,0
2791,2668,46.314091,1
1501,664,9.868304,0
2865,635,54.887955,1
2513,2074,14.228987,2
2735,2023,36.939621,1
103,2972,90.370590,0
1433,370,61.743977,0
1594,599,64.280975,0
770,517,10.438657,2
197,290,50.327496,0
395,2561,43.297707,0
228,514,48.474468,1
1038,840,45.833855,2
568,1750,75.803017,1
784,231,15.278625,0
372,2410,59.863243,0
2361,1942,63.861435,0
1036,1191,51.934841,0
1160,1144,73.866783,1
1347,653,60.997650,1
2104,1113,86.867180,2
67,1627,98.855377,1
1503,2499,0.461749,1
308,134,20.725010,1
2664,1767,99.185753,2
2589,2741,82.692543,0
1165,1349,22.913813,1
1684,2309,92.332825,2
2700,2889,18.429289,0
1353,1290,93.031242,2
1522,1577,31.195389,0
2942,1134,93.893707,0
272,1847,93.276436,1
1124,2796,6.218925,1
622,37,87.273186,0
2124,477,47.443314,1
2440,1503,24.459795,1
2982,1886,82.729027,1
454,2142,40.079937,0
923,733,28.909470,0
2991,113,70.660553,2
2066,1316,51.238285,2
1943,131,82.390923,1
798,2204,94.096695,1
680,1468,82.808029,1
877,2238,94.656837,1
1450,1787,83.178780,1
2931,648,42.960541,0
2849,83,2.305115,0
808,1698,32.918076,0
2843,1173,77.745338,2
1513,1078,52.962910,0
1933,1934,42.596874,1
596,2333,54.396801,1
1059,246,77.997223,0
2974,2537,10.731583,0
409,590,57.603527,1
1954,2566,75.871132,0
854,354,99.416679,0
2591,2367,30.523819,1
1529,2085,77.852478,2
74,1583,64.229897,0
300,2546,58.394802,1
1342,437,58.549782,0
854,2839,43.968510,1
941,2721,92.903168,0
566,50,26.922134,1
1191,1645,2.581648,1
1899,2876,21.884323,0
2965,1676,45.963341,0
973,1092,24.711916,1
1632,401,19.064241,1
380,781,15.961592,0
2294,440,83.473145,1
2532,2134,93.132591,0
1257,2608,39.870136,2
819,2678,19.943016,2
2943,2897,82.815620,2
2367,636,16.377237,0
1205,346,5.762463,0
1026,1548,29.559765,0
811,1271,31.428804,1
2932,1893,39.921432,0
34,1640,40.471203,1
2777,769,15.107694,1
1272,2333,98.221558,2
2500,1406,14.446428,0
1220,938,18.533726,2
989,195,63.105602,0
1017,2039,72.546974,0
968,1426,51.513176,0
2110,1281,30.575056,0
1113,1002,9.320009,1
527,1854,38.517033,1
673,1901,22.930164,1
1285,393,50.573448,0
627,1971,85.860161,2
1798,1343,55.318459,0
634,157,96.179024,0
1800,536,71.922287,0
204,2272,88.574425,2
1602,2600,49.030090,2
2779,1918,16.416735,0
600,1205,75.097054,0
63,965,95.109924,0
2358,2845,28.353519,1
404,724,11.107162,0
2692,175,60.136406,0
2733,1451,46.706085,0
1997,2517,74.205711,2
987,536,65.012604,0
128,257,86.101395,1
133,407,43.555027,1
824,2820,30.161388,1
215,2268,82.654999,0
2006,391,65.999390,0
911,673,81.514992,1
1017,2255,85.572487,1
2960,941,33.623955,0
170,2037,40.673607,0
602,332,1.105699,0
1758,383,10.879939,1
2724,714,54.138901,0
1924,1645,86.107697,2
2681,1029,9.831923,0
2784,1489,31.638693,1
1053,2438,86.686371,2
1254,937,50.089050,0
2248,1840,66.895508,2
2873,2475,67.308517,0
512,2459,13.011203,1
1915,139,90.936577,1
608,945,69.666939,1
1668,65,58.472301,2
1606,215,30.941031,0
1898,1907,65.536270,0
2784,1668,40.526886,0
2796,423,92.124229,1
1510,2045,30.058283,1
2070,1782,48.534969,2
1055,1970,49.906147,2
2302,1453,70.625587,1
816,2472,0.585692,0
1256,2695,58.307648,2
1185,2026,83.229378,0
2463,734,94.118256,0
1430,119,27.790148,1
923,1149,23.145781,0
2094,981,78.069939,1
2492,2579,74.695534,1
1710,2176,39.427380,2
1575,1324,67.121346,0
1851,5,9.004309,2
2591,1206,86.478592,0
384,1488,68.937218,1
1039,2325,56.319519,1
1379,1227,23.345430,1
638,1654,74.185478,1
909,1701,76.041672,1
2339,873,88.497749,0
1358,1426,96.912209,2
2507,1231,52.922226,1
1159,2357,19.259495,0
2606,92,13.569406,1
410,1445,32.834480,1
2777,2917,38.838406,0
59,2756,98.621162,1
411,2238,25.206820,0
1627,2077,70.462639,0
2454,2385,98.022827,1
1497,2416,42.742046,1
233,1103,82.137268,2
2312,2190,53.542782,1
2045,1704,83.053154,1
814,652,13.326528,2
2731,2084,26.166231,1
2280,470,61.264011,0
60,1700,39.148438,0
1274,934,17.293026,1
804,934,68.540642,0
2677,960,25.759285,1
1318,252,70.268440,2
2540,1351,31.610001,1
2935,1815,63.792110,1
444,2523,5.672985,1
2996,2639,85.673485,0
1081,2729,45.710705,0
221,2993,76.194435,2
76,552,98.959587,0
2971,1143,50.020958,0
440,1054,96.495186,2
2016,2083,12.681499,1
589,2353,94.958862,2
1173,2772,86.377762,1
1082,1100,5.935675,0
1430,2854,24.745010,1
1618,343,79.357735,0
1173,2353,37.119667,2
1554,1565,69.150841,1
1229,2518,24.047987,0
1871,1052,87.639214,0
1703,1122,92.155602,0
2175,174,3.715396,2
1506,613,79.144890,1
2650,1582,24.237087,1
1539,784,21.132801,2
2031,504,72.897964,1
2437,509,87.211197,0
400,2733,29.456398,1
857,1976,76.944542,2
2650,2743,76.536987,2
1052,2762,95.690384,0
809,1306,35.253590,1
1715,33,52.819309,0
2331,304,25.639277,0
2658,1014,53.032185,1
1379,1107,16.163204,1
1131,2606,23.885839,0
1513,2932,80.257607,0
1141,368,99.837677,2
2794,2111,20.648392,0
2764,2830,76.249260,0
1361,2585,30.076075,0
748,2991,36.885338,2
2427,1182,35.272686,0
2890,2380,41.626354,0
1681,546,38.646442,0
526,253,25.645205,0
647,2504,78.719246,2
165,2177,67.450737,0
2981,1983,48.839497,1
1165,2503,84.486450,1
1965,632,2.675222,2
2464,1637,61.116295,2
635,948,45.079723,2
1976,1562,26.409430,2
328,2162,46.696285,1
669,1389,5.482203,2
737,677,28.166595,1
1618,669,83.835312,2
2957,2425,39.269173,0
2773,1654,36.676937,1
1919,1982,19.949120,0
2075,2091,21.091375,2
1653,1758,64.410660,0
1935,2563,51.543446,0
1982,2607,68.457695,0
960,1594,12.754610,1
2910,539,13.348864,1
297,2570,72.435486,0
193,2658,95.475685,2
899,1870,38.431698,0
2815,2034,88.593857,0
1219,1109,1.557441,0
281,1719,70.643456,2
1622,1565,7.239402,1
639,2673,95.908730,0
2457,912,91.570099,2
132,2956,82.396645,0
1771,1729,25.144951,1
1840,1948,53.129574,1
1250,1857,16.467449,0
1340,2221,99.785828,0
2774,2235,36.687618,0
2879,2371,87.790535,1
1681,637,24.861523,1
2417,502,69.496735,0
1274,2282,48.994823,2
1230,1687,54.813412,1
2117,2661,11.896407,0
1894,2388,58.389568,0
1649,868,3.971760,2
161,1268,98.614189,0
793,2375,10.883376,0
91,1261,88.503540,0
763,1014,56.126919,0
588,2798,75.066353,0
1336,244,82.242302,1
478,1177,26.890640,1
2932,22,19.028727,0
235,1517,13.704868,1
1065,1911,28.064133,0
845,658,11.555048,1
700,1513,46.084583,0
984,1007,93.124535,1
2680,1632,36.263290,1
2245,2914,33.082756,1
1196,1378,13.632024,0
811,2550,55.162724,0
158,2828,61.219849,0
2941,1735,59.247089,0
1397,2573,76.383110,2
780,514,22.315783,0
824,2319,29.776594,0
499,2261,61.968021,0
2051,414,61.008041,0
631,2577,67.111229,0
993,1330,50.768936,1
1972,2526,82.517731,2
2043,778,24.811710,1
2317,2603,2.502411,1
293,1135,32.494263,0
726,914,94.647797,0
2720,1583,19.354635,0
624,2892,29.763248,0
1870,1081,72.562965,0
111,858,3.484141,0
790,1704,24.226992,1
381,1068,77.049606,0
361,1832,64.284462,1
2994,838,85.345184,2
2307,777,50.497662,0
380,2988,32.773438,2
1542,2621,90.737892,1
1031,455,71.609131,0
617,2355,37.803867,0
2502,2088,51.494728,0
983,500,1.443008,1
473,2396,19.347553,0
1298,2930,81.002434,2
506,2007,17.568331,1
1694,2325,5.571521,1
675,1095,23.991077,1
414,2558,56.294193,0
2821,2166,85.227905,1
2569,807,67.377090,0
1393,1506,41.495468,2
750,1203,9.470369,1
2789,404,58.318279,0
2333,1936,7.549611,1
2668,2765,96.196243,0
138,1276,19.140997,0
2566,2502,67.492828,0
2671,1335,34.558754,1
579,496,46.627392,0
1007,2314,70.608635,1
2301,2467,34.699764,0
1111,1118,92.125900,0
884,1647,86.364578,2
2786,2883,65.609848,1
274,2347,80.601967,0
2353,1982,12.557415,0
1897,88,24.031281,1
2851,535,17.824371,1
1762,1282,18.087820,2
44,376,56.743149,1
2726,1521,10.904425,1
2143,960,29.227747,2
136,379,13.720255,2
2131,2670,18.162725,0
105,1239,61.133129,1
1439,972,45.219517,0
2403,2673,15.665545,2
1084,24,15.480742,1
1918,1431,11.517243,1
180,2859,51.737652,0
2055,1765,47.296730,0
1191,2239,35.558460,0
2654,2762,95.258018,0
170,1295,14.977659,2
1081,639,82.109062,2
960,1197,86.560204,2
1338,1626,55.653847,0
248,16,98.266228,0
189,1870,58.493202,1
542,779,32.691616,1
124,2201,79.784210,1
1501,2062,4.360432,1
1290,198,9.189475,0
943,2690,28.763735,0
2991,590,99.434875,1
325,1088,2.192172,0
1957,1865,13.676268,1
331,1156,40.888618,2
779,2026,75.164574,0
648,1254,59.485428,0
1464,1690,60.353821,0
2704,1273,28.005943,2
324,2689,22.331514,0
1722,918,46.218273,2
838,2820,72.998489,2
649,1178,50.252357,1
2095,1766,28.083473,0
1284,1937,5.929935,1
1799,1447,63.702209,0
1381,150,28.619707,1
321,2171,20.866484,0
1603,1765,24.453936,0
2132,478,75.730392,1
2712,453,22.143162,0
319,1884,46.414192,2
718,2861,95.379227,0
2406,406,94.764343,1
2696,1200,94.422668,0
1653,2165,13.041176,0
1401,776,87.922096,0
207,1132,8.060779,1
2013,1463,96.136765,0
252,1692,84.888863,0
933,602,25.142809,0
2598,2834,92.750977,1
470,2437,78.047791,1
853,1403,55.272823,1
1024,830,68.520691,2
1075,2778,12.932039,0
2589,2973,29.925144,0
1437,2354,2.892305,0
2594,2424,46.592995,0
2694,2216,88.600494,0
1835,4,22.736856,2
1893,517,86.371666,0
2080,2207,62.408485,1
770,1824,27.558453,1
475,951,87.219841,0
2512,1731,95.240334,0
69,1448,56.886143,1
1534,2451,10.327611,0
1333,1224,41.641190,0
2250,405,93.421257,2
1467,1494,18.319872,0
990,2841,12.143022,2
1009,296,83.231583,2
2648,2622,53.806145,1
687,2666,59.460690,0
1322,843,12.292703,0
570,1759,21.195238,0
802,1049,94.006516,1
2126,858,21.316889,0
2920,830,49.951828,1
2695,2219,18.628401,1
2732,435,23.711100,2
914,1772,63.928608,1
2331,2317,79.844276,0
1646,123,50.633369,1
1687,1110,44.394390,0
1932,267,65.849754,1
1652,1387,2.890389,2
1540,2685,13.506200,1
2491,2907,80.405937,0
201,1462,56.526779,2
298,371,35.712120,2
1057,1912,36.450356,0
2264,1136,83.951431,0
2820,1901,12.040278,1
2496,414,90.718063,0
956,2392,15.591902,0
1283,1466,18.776745,1
2464,2394,77.108002,1
1823,977,14.138825,1
2545,2829,59.634182,0
2675,1611,64.925842,2
851,1573,1.081376,1
1846,2805,45.398678,1
254,2676,18.523733,0
1309,826,7.828040,1
2144,2313,36.338947,0
2562,293,66.187347,0
2052,1426,66.925255,0
2075,1852,89.625923,2
1551,784,26.294127,2
281,500,82.938148,0
876,2192,74.088890,1
124,805,39.525818,2
1657,1854,85.112854,2
2803,2188,17.869194,0
272,899,80.295097,0
711,1495,54.962563,2
1783,904,95.744148,1
673,352,84.863716,2
616,875,60.603924,1
2924,1607,99.722343,2
2903,2640,28.840195,1
2475,1351,82.078026,0
1258,2604,98.397385,0
1016,2840,6.441205,1
1538,2145,76.825356,1
1132,1106,88.811684,0
2307,1198,14.322446,1
857,2672,75.958366,0
121,2139,51.429935,1
752,2724,2.822740,0
211,1386,32.714066,0
92,1903,27.171658,1
1214,264,17.317888,2
200,718,5.283610,1
592,1913,15.627988,1
1253,1850,34.359333,1
433,565,8.364174,0
2359,2392,93.997993,2
1217,2751,94.755569,1
2652,1873,92.395706,0
2589,2297,19.610470,1
32,1641,21.555166,0
76,1893,65.391251,0
893,1381,22.424877,1
1732,1907,73.796638,1
2149,1854,61.936123,2
1865,2329,93.090500,0
1973,1558,47.666275,0
2953,2985,65.296219,0
1005,2416,26.680197,1
1233,2420,25.544388,1
1368,2729,50.713764,0
2608,2304,50.764442,0
879,254,91.847755,0
1706,2052,71.090881,2
185,2737,49.605690,0
1249,2374,85.231705,2
1861,399,55.576485,2
2795,972,0.827162,1
1785,1503,59.083534,0
1275,1649,17.512182,0
2063,274,17.684080,0
1675,1019,69.894714,0
2506,2567,4.111958,1
2333,1236,14.013176,1
255,1193,13.846696,2
1254,2163,17.960382,0
1488,213,20.785746,1
605,2753,57.585358,2
2303,796,12.724309,2
1958,1182,83.711723,0
2007,1277,41.488010,0
2825,1804,24.600048,1
903,350,59.734379,2
1795,1370,41.002155,1
1801,2213,31.298544,1
1810,1049,71.329170,1
1152,2316,89.359535,2
615,1343,5.156950,0
138,1832,17.611847,1
2073,2305,83.293503,2
482,1242,49.756645,0
1806,1540,92.684288,2
2963,2396,4.236807,0
2685,2785,75.622009,0
1633,2827,73.911438,2
1716,1916,46.859142,1
1190,1277,22.131855,0
1975,2582,45.672752,0
1463,26,67.343491,0
1728,1073,66.421906,2
494,2540,96.142693,1
986,2085,71.733635,1
2222,2881,41.001694,0
2710,752,59.293358,0
2171,851,99.221329,2
2395,584,41.741417,0
2939,1851,4.261968,1
2643,2178,35.040012,2
2742,735,33.100174,1
1355,193,84.522667,0
1594,2554,67.430656,1
2399,207,30.120481,1
2015,1476,41.890297,0
1495,10,46.173962,2
2140,2996,29.541748,0
1594,2211,88.868164,1
193,507,47.689182,1
1670,1043,98.084633,0
2228,1503,60.401489,0
219,2616,50.591900,0
2162,1112,56.478813,1
2406,1540,5.399130,0
377,1753,19.810936,2
1792,1072,79.504631,0
1846,2859,41.191444,1
1591,2995,82.630867,0
2826,2946,4.239437,0
1870,420,41.007004,2
941,2613,29.094015,1
2789,1691,1.082979,0
1749,414,82.387543,0
2,1185,38.840744,0
2701,170,84.949875,0
2916,407,32.028412,0
1283,94,23.926857,2
857,1891,36.148041,1
542,1200,46.464134,0
1842,2850,93.870003,0
2302,377,75.131020,0
590,346,76.029015,0
562,1238,14.615571,1
2713,2070,12.092779,1
255,99,96.813766,1
2443,601,6.827855,1
660,2267,25.486780,2
1606,1986,6.012147,1
956,2418,90.930756,2
1452,1204,36.641556,2
1775,1314,40.181870,0
2882,1204,17.663786,1
668,661,25.082258,0
2331,2860,0.275992,2
1545,2845,13.414310,1
1817,2607,81.231445,0
2884,1937,25.897057,2
1400,205,41.183453,0
2961,968,38.116364,0
1322,1593,52.829231,0
2126,954,8.944576,0
1392,1171,30.115284,0
1130,1124,25.414663,2
2869,2451,2.554013,2
316,561,65.793465,1
1474,165,97.570091,1
2659,2420,43.141190,0
1939,1307,83.006142,1
1151,2558,92.837166,0
1216,1547,69.493362,1
690,930,34.684433,0
353,929,30.526211,0
2170,303,70.424072,2
2828,1367,76.265053,1
2362,1553,89.480194,0
2359,1429,75.850471,0
1398,2181,59.036350,1
1168,576,81.538986,1
1970,2124,85.166351,1
1295,2694,16.380392,0
550,2406,80.994453,0
1013,1119,88.681511,1
86,1797,74.997871,0
1651,1119,84.090698,0
1656,2918,26.891138,1
1797,143,64.447327,0
2980,1654,76.686012,2
2401,1645,78.229980,1
2841,2617,64.353226,2
515,2936,46.640884,2
1001,2361,83.264114,0
2572,1194,89.011795,1
2801,1752,8.705009,1
1320,1250,24.444569,1
2166,945,30.064009,1
2128,2180,78.036469,1
2461,637,95.932671,1
364,234,40.866550,0
1420,354,22.384281,0
2010,244,41.109398,1
976,1957,79.258827,2
667,827,40.758633,0
1227,664,12.425796,0
1059,1183,37.939098,0
1306,2226,94.178200,2
1348,1447,62.177402,1
1660,384,51.828800,1
2254,2093,76.246498,2
1201,850,95.934914,0
546,949,84.298424,1
456,2929,74.289337,0
1235,16,51.058903,0
866,267,27.450104,1
2755,1328,15.252292,0
1061,2885,16.346087,2
1200,2735,7.688896,1
891,270,56.251358,1
1494,1821,40.087883,0
547,2615,53.648727,0
2276,795,70.029381,0
99,2301,76.773712,0
1273,1948,81.041817,1
566,772,20.978724,1
2622,1660,91.814644,1
1950,1271,63.250492,0
155,40,78.000832,1
219,322,56.109142,0
2764,1485,17.286816,1
1473,2067,14.651080,0
2933,254,18.459311,0
2142,2936,52.868862,2
2853,1710,4.911277,2
24,140,5.514119,0
766,189,29.371952,0
1141,1005,69.971954,1
2520,1857,65.856323,0
2046,1262,62.905956,0
2977,121,13.772640,0
2189,2695,46.210068,0
2319,2117,4.807720,1
1723,1023,66.765236,0
644,2720,69.753654,0
2537,501,41.787922,0
2831,623,36.689682,1
1876,2435,41.678761,0
1839,1773,73.249535,1
2514,1655,67.334991,1
1403,316,20.236145,1
747,115,85.901627,0
1917,1076,66.656425,1
1072,84,51.978508,2
1236,773,37.493717,2
658,1469,33.607452,0
613,1633,50.525761,1
948,638,77.407860,2
1190,1222,76.521408,0
715,1272,88.958153,0
412,1287,22.302313,1
429,1973,14.180398,2
583,1222,61.414005,0
1031,1597,22.959242,1
933,895,18.097454,1
2550,725,42.765850,0
163,891,5.274969,2
1513,2940,67.318207,0
1292,1982,62.166759,0
982,1820,76.499878,1
1296,2172,34.169125,0
2004,1391,47.990273,0
2782,2002,93.310898,1
1156,1334,46.885036,1
2022,1711,63.309544,1
2891,2592,11.977208,1
1613,1073,9.380569,0
370,42,44.568340,1
2729,758,86.080055,1
1032,1307,26.708902,1
949,2069,59.886536,1
1034,2989,17.165195,2
282,1205,13.072164,1
709,288,70.118698,0
545,447,70.164169,0
1958,761,12.891524,2
2010,1572,51.883018,1
2203,2679,46.953259,1
2928,2971,1.288186,0
1016,2850,90.976791,0
1979,1884,29.697363,0
1585,2832,11.576901,2
171,1935,78.550003,0
843,1441,24.645340,0
1840,358,4.288496,2
1316,528,23.353983,1
1543,1366,57.133797,0
2180,1729,1.405762,2
1084,1297,44.830173,0
2929,161,7.680720,0
2664,2653,49.794601,2
409,2263,22.970005,0
1671,1838,21.533766,0
2923,303,8.142558,1
513,948,82.588821,1
30,3,3.540678,0
2785,439,7.455674,1
53,1876,23.339733,0
2945,2036,35.635021,0
1387,1180,52.200336,2
2101,1387,70.876373,2
2229,2965,51.875355,1
2706,398,0.633708,2
2018,1398,29.663403,2
1944,1490,25.128124,0
1686,272,92.742561,2
2788,1904,80.884422,2
1664,1362,32.834297,1
634,2006,32.445835,0
2234,1809,79.403908,0
2910,2073,88.354393,1
1568,2466,91.462311,1
667,312,66.320862,0
2715,423,58.455513,2
1797,1931,61.296837,0
1831,1026,5.581288,0
2415,38,21.153612,1
2173,1738,3.262842,2
35,1029,90.488533,0
1286,472,31.676012,2
1223,1480,70.625671,0
391,2683,7.562588,1
1093,2225,50.929489,0
2786,615,29.279633,0
217,326,18.866602,1
856,1175,98.927383,1
2496,1316,3.345479,2
258,996,66.320923,0
400,2314,49.791119,0
402,1225,21.464195,2
861,627,7.055734,0
2003,1359,41.488850,2
1973,946,7.539930,1
1017,456,37.512684,0
697,559,8.988018,2
698,605,25.864096,0
514,2980,90.116714,1
2634,2749,69.876968,0
545,1282,30.189631,1
1014,2980,94.385841,1
1474,2957,91.107346,1
21,177,15.277976,0
1755,1074,2.981440,1
328,2640,17.615993,1
1047,1212,81.962601,1
107,462,25.762533,0
184,1409,14.417870,0
2761,750,55.457020,1
1887,1378,84.082314,0
779,81,10.586459,0
96,67,22.302113,0
2131,2696,85.108780,0
319,1573,54.625896,0
335,2199,76.132751,0
1887,2141,84.508087,0
1829,793,86.759277,1
1060,1553,36.449520,0
1304,1443,34.468967,2
2969,2895,44.562641,0
2378,2376,27.737928,1
2096,2177,34.080814,1
2159,2892,39.766006,0
1252,81,14.940713,0
1426,2572,91.164444,0
842,1796,62.057434,1
1584,1415,58.849449,0
1528,1397,66.375793,0
2773,1996,7.168930,1
1266,504,92.996986,2
1699,2604,51.975361,1
599,1343,24.916964,0
2937,1048,69.645004,1
600,2752,9.112320,1
2497,1334,65.131195,1
2158,1938,82.962807,1
1568,2049,16.022507,1
2278,2178,13.225833,1
1185,292,38.164387,1
955,367,20.122965,0
868,2949,26.388336,0
1044,2892,7.544447,0
2881,2148,84.969589,1
1032,49,47.947109,2
1448,1545,70.403297,2
1850,2881,86.378426,1
2111,388,41.829105,1
1952,2800,61.133289,1
2043,2173,43.366543,2
1657,1854,36.372051,2
925,2166,6.913663,2
2290,2179,68.542969,0
1372,1456,48.392574,1
1942,467,1.649287,0
2341,2635,7.384238,0
864,170,17.624979,0
1168,182,32.019920,2
301,224,51.389355,0
2098,1696,33.192471,2
830,1035,21.000338,0
2465,2779,58.905617,0
2428,2948,17.915455,1
2892,1604,86.656898,1
294,183,78.609138,1
2264,276,81.006264,0
2308,334,24.632784,0
2162,1767,88.673019,2
2766,2074,89.440025,1
856,2793,14.849922,0
2355,2119,84.928635,0
2641,32,64.798798,0
1375,1679,57.239388,2
2840,2332,12.590550,1
2597,1075,90.496437,1
113,2973,83.067978,0
2362,974,6.233960,1
2550,879,27.340843,0
2747,1856,47.030392,0
723,2993,82.062424,1
2730,1953,61.115208,0
2974,2366,90.415123,0
332,1565,21.656740,2
1061,424,82.287888,0
476,1759,33.386761,1
1352,1471,34.807446,1
2251,711,1.942455,0
158,2439,94.663628,0
956,1553,37.506458,0
1412,983,56.388821,2
1496,1209,22.067633,2
117,519,71.454124,0
882,2309,6.251273,1
942,1164,50.831398,2
1168,2401,42.257561,2
288,1649,63.513355,0
558,577,39.661854,0
2967,1863,54.347515,1
1363,2317,37.168320,0
816,2549,60.614765,1
608,1026,76.616699,2
2277,322,65.643478,1
313,2976,68.006516,2
1791,90,1.020769,1
1532,1493,71.481651,1
311,323,97.594833,0
2474,1250,50.337364,0
363,1991,4.033415,2
2298,444,11.809965,1
945,1356,89.542854,1
1095,2632,17.680689,1
2454,1243,87.256172,0
1759,1175,71.711250,2
861,642,54.734310,0
175,2031,30.729401,0
2667,2627,42.838863,2
1372,2961,99.110184,0
2653,2677,18.746262,0
570,1432,72.781746,0
2197,448,36.338451,1
2039,1201,1.259477,0
2057,2389,84.753136,0
1139,2297,80.091255,2
2346,2311,30.833447,2
1407,2103,45.397614,0
577,159,72.272636,0
1984,1059,35.711983,1
79,2864,41.096279,0
2811,2613,90.847992,1
1176,642,35.879501,0
801,688,94.604034,1
2194,2333,77.394333,1
2868,1627,76.930901,1
1239,2342,50.279240,0
1749,1828,44.094894,0
555,2372,44.752216,1
337,2166,96.329659,1
2649,552,62.810722,0
2916,638,33.017834,1
2933,2105,29.644524,2
2936,1444,41.565681,1
1397,323,37.373726,0
974,630,63.915291,0
1363,1961,40.654465,1
695,270,20.051525,1
790,78,63.480011,1
882,2233,99.651237,1
1053,727,50.467232,1
1705,1259,34.608669,0
397,2850,90.290398,0
391,1580,36.738400,1
1242,2760,41.562393,0
1363,661,82.468758,0
1843,1573,22.520235,0
1430,1553,94.460869,0
1755,911,43.412708,1
133,690,22.896271,1
54,2842,78.482010,1
861,1681,85.538597,1
2508,413,67.643875,0
1512,1320,9.859221,0
1756,58,23.402838,0
2096,1404,67.008278,1
1412,629,4.603632,0
2101,637,4.820265,1
2133,2752,29.785679,1
1915,2211,31.458830,1
2480,1189,75.676163,0
2116,1061,49.763561,0
246,980,56.981453,1
319,770,23.570843,0
1562,2473,83.605789,2
1754,767,45.729691,0
139,398,27.865059,1
2288,1784,33.875404,1
698,851,83.090103,1
2441,1012,19.854414,0
2842,2798,71.406143,0
1325,1125,37.264698,1
609,226,45.574173,1
2880,2133,88.459824,2
428,889,14.376307,1
2647,1377,2.440988,0
1905,2226,54.400272,2
649,2439,95.804253,0
175,2334,26.233320,1
1376,776,96.269501,0
1549,819,74.009949,2
2875,1100,82.824272,0
1801,1859,13.657788,1
820,587,78.111664,2
528,939,61.961842,2
471,1360,94.579628,1
2635,2550,21.348986,0
1067,2121,9.013662,0
2644,989,25.571404,1
2724,1179,26.900354,0
247,2022,23.039034,1
510,1192,30.408674,2
2616,1397,41.616520,0
2618,2248,17.335644,0
277,2243,89.399010,0
60,2929,85.992073,0
2917,687,17.814266,0
719,684,10.641703,2
2849,859,19.138601,2
1040,818,33.848091,1
2618,1247,72.382393,1
1735,1296,29.327436,0
226,1228,9.679470,1
2826,2899,26.355556,0
817,370,32.286282,0
2324,1154,45.387615,0
1357,2245,48.381222,1
1080,2732,98.946732,0
2079,1428,29.445168,0
2598,841,49.174908,1
1506,2285,94.565887,2
657,793,77.374229,1
2471,1840,53.873444,0
2280,2629,36.891399,2
1804,649,53.609467,1
1114,965,40.560520,0
1560,2720,96.317307,0
2216,2625,24.368814,2
2533,2619,35.608326,2
1928,2724,36.050262,1
1021,657,41.331078,1
1893,1516,24.294916,0
2985,79,1.437557,1
185,1866,87.263992,1
2657,2053,74.846725,0
1922,2780,44.295666,0
1057,1691,80.877342,0
1483,1838,94.279755,0
58,476,79.033119,0
2488,1664,77.265846,1
1881,822,62.547771,2
2888,826,16.035215,1
2403,1401,74.443474,1
1650,2505,23.190289,0
877,2703,19.398996,1
2671,594,47.734722,2
1373,909,41.865749,0
2992,192,20.380274,2
1656,785,65.127174,0
2052,1508,22.641420,2
940,2490,95.169540,1
2236,2448,33.949577,2
1414,1648,9.232168,0
931,1834,99.992561,0
615,571,62.034603,0
1993,1271,80.462212,1
474,2187,73.015335,1
1223,2313,25.103559,0
2861,2800,5.926602,0
1896,2887,98.698730,2
2946,1682,99.988144,1
1297,703,98.075119,2
1420,2267,19.326542,0
1142,213,26.431852,1
2480,1615,59.138378,0
999,959,81.876465,0
91,2669,45.409161,0
1728,1434,62.626839,1
66,2520,8.791208,1
1122,2210,68.438530,0
2616,2273,85.420380,0
1164,92,69.385674,1
1433,175,41.572186,2
1363,1063,64.387077,2
458,54,34.968132,1
2147,1157,62.660984,0
1452,1593,33.243198,0
47,230,90.891388,2
224,2878,72.627693,2
558,1440,14.800040,1
1299,2386,58.511528,0
2180,2510,68.659454,0
1245,94,24.646875,1
2791,2171,33.118851,2
1480,484,76.317017,0
1712,2796,73.872276,1
607,1237,22.320580,1
2410,1451,86.866928,1
63,489,92.278168,0
1270,856,17.799986,2
2636,1966,60.542702,1
2703,1162,88.919655,1
1568,1350,8.382404,0
579,1605,86.601013,1
1104,2526,46.436455,1
318,2344,45.053741,0
2712,2114,52.671986,1
2379,969,19.122925,2
2737,1734,71.075203,0
2737,2640,98.376778,1
523,966,97.043297,2
1607,53,53.257805,2
968,927,83.114525,0
418,860,56.298157,0
2162,2440,38.675293,0
2604,2972,48.700954,0
2678,323,76.444550,0
510,315,39.395538,0
546,1385,5.377725,0
1460,2341,95.970337,0
993,239,55.876339,1
1096,2086,39.177471,0
150,2250,78.375099,2
2470,149,41.761246,0
2014,559,83.503159,0
2494,526,17.284813,1
61,620,40.068645,0
1413,1444,76.395508,1
751,1648,67.928558,0
1383,1567,87.083588,0
2897,1885,37.278984,2
2309,1988,98.944229,0
1473,437,14.083478,0
1154,61,81.903198,0
675,972,91.271423,0
834,1560,97.129898,2
1444,2579,3.016521,0
2794,2850,34.041348,0
2271,786,57.094887,0
2605,1640,14.742666,2
2872,2760,22.188950,0
1713,2707,13.177629,2
1466,177,62.750912,0
2924,936,17.817268,0
2729,586,71.822906,0
1373,2519,92.760651,2
1221,2927,35.443836,0
480,2411,35.756092,1
2180,300,94.131790,1
2634,709,4.878973,0
2320,568,23.322172,0
2369,1792,20.939295,0
373,1283,56.096134,0
1563,2281,57.811317,0
1875,98,6.796655,0
1855,725,42.592056,0
965,1107,21.186670,0
1270,1315,86.463768,2
467,446,90.259453,1
814,1752,3.207455,2
1911,2624,45.972084,1
1245,1206,7.746574,0
1590,642,99.960335,1
1413,1533,93.243011,1
2627,2814,86.078033,0
270,636,22.320850,0
454,1069,33.434917,2
897,126,88.750252,1
1662,1503,22.716913,1
256,2602,68.470551,0
99,2256,36.165688,0
2411,16,74.124260,0
1121,2934,21.926867,1
529,2016,93.959610,0
192,1758,13.425810,0
991,1263,15.133629,0
606,146,90.419685,0
2474,94,20.936075,2
2132,338,86.034889,1
832,828,57.608906,1
1121,522,34.631786,0
2387,334,57.423573,2
625,154,93.262207,2
2397,2148,28.280573,0
1308,153,63.923355,0
1980,2136,82.138901,0
2344,298,98.615883,0
1763,135,37.322140,1
1042,2657,7.828908,1
1546,207,89.988800,1
2745,1335,83.925461,0
1044,1250,21.086609,0
254,455,94.269951,0
781,962,9.767517,1
47,2348,96.357643,0
2231,2030,19.726641,0
1003,928,70.731682,1
2119,132,57.204880,0
316,1767,44.623230,1
25,2977,28.708923,0
2681,2393,4.287970,0
961,260,13.899243,0
733,1781,55.464485,0
2779,143,19.527218,0
1682,2810,72.288307,0
1434,303,95.334885,1
1779,1590,6.658796,0
2197,1435,68.713196,1
211,104,40.562420,0
2602,2717,46.898117,1
1106,2840,35.539116,1
2104,2236,62.139904,1
2877,1828,42.549641,1
222,309,72.642982,2
2660,15,5.913230,0
998,2972,93.850410,0
2125,528,7.813330,0
414,844,37.045254,1
960,1914,34.946171,0
1981,705,60.259010,1
2650,1726,42.193707,0
1289,2890,11.215680,0
705,2898,34.683422,1
3,2515,29.988365,2
1669,100,43.122398,0
903,2784,77.111511,1
1336,2402,90.151794,2
287,649,90.470535,0
249,1016,43.161026,0
2147,1021,69.787468,1
1112,494,12.541252,1
685,204,81.467308,0
2791,1298,51.083969,0
492,2740,12.264605,1
2228,207,82.980583,1
1884,672,8.472318,2
118,176,74.996788,0
1525,1941,84.816429,1
159,198,33.347927,0
104,248,41.021698,0
2805,2725,8.086717,1
1032,36,28.045719,2
1825,349,59.449604,0
2867,725,7.974065,1
882,1139,83.057983,2
2592,1579,98.892052,0
2942,566,63.800293,0
2725,2978,43.886486,0
1379,1874,10.064545,0
749,325,2.326680,1
1323,1360,81.989258,2
2678,278,66.783035,0
1251,2622,59.715683,1
2927,643,40.291115,2
1820,2549,52.767464,1
610,665,53.313721,2
1103,2700,96.608887,0
2284,2099,29.160839,0
640,1545,80.669411,1
778,899,4.335872,0
1395,2527,55.920715,2
2996,420,35.913746,2
1080,2454,3.810054,0
1338,2656,92.859444,0
809,1500,80.555855,2
1975,749,18.719870,0
277,2021,46.043762,0
606,845,76.584114,0
2233,1579,51.401478,0
1235,2029,2.482735,0
2407,2918,93.669914,0
1922,1903,41.159332,1
1868,1776,16.037695,2
2344,770,46.782959,0
2577,1348,93.544518,0
1135,111,98.149849,1
2069,813,56.929661,1
185,2488,7.233112,1
2218,2533,77.337700,0
2518,2696,10.124345,1
2851,2991,97.687057,2
5,15,78.641586,0
1238,474,99.263191,1
2688,1458,28.319557,0
894,2837,54.233669,1
829,2791,59.623329,0
1588,741,79.534119,2
1502,77,26.715452,0
1115,842,79.472343,1
876,2368,45.610424,0
999,762,47.193413,1
1,2296,30.865938,0
2923,2822,89.970070,2
2593,2995,68.181961,1
1444,2658,61.490177,2
1170,1376,43.436855,2
2764,1980,96.966980,2
1147,905,56.331795,2
2539,799,90.785118,0
683,723,46.874409,2
146,1040,18.249048,0
1354,490,22.788755,0
1464,1559,64.376617,0
2440,2505,45.887760,1
2236,2633,70.011383,2
1650,2065,94.270256,0
55,768,49.958755,2
1070,1837,27.614271,0
1972,2243,13.427169,0
2764,1077,29.363405,1
2960,1019,44.413521,0
603,228,27.727337,0
2253,1400,67.701721,1
108,2776,14.658033,1
946,508,5.355975,2
1717,86,35.618340,0
2178,1640,61.254272,2
539,2297,92.897896,1
2724,2991,57.021690,1
1133,1965,81.460052,0
1615,2166,93.652748,2
1240,2341,55.214565,0
2561,919,57.311668,1
1708,2743,87.623528,1
32,1514,35.429443,2
28,2403,81.133934,0
2726,2795,26.503923,1
2819,2196,97.167015,2
725,2467,31.187490,0
639,2569,51.441624,1
2392,1931,0.762659,0
322,1513,65.439468,0
738,2264,2.494889,2
769,326,86.234779,0
724,2017,41.056473,1
2083,376,33.059803,0
293,2432,49.508415,1
2878,2465,15.478161,2
924,1629,12.565024,2
760,1617,95.797188,1
602,117,40.945316,1
1202,1917,16.668915,1
2835,2720,47.055515,0
2048,591,19.656544,1
2819,2632,39.703564,1
631,1427,63.716553,2
1610,2592,16.882599,1
1441,402,45.185280,0
2590,1849,57.557636,0
707,1099,22.652611,0
231,450,22.122782,1
2102,1505,15.149805,1
129,1532,27.790442,1
2687,1059,97.497826,1
433,2475,11.498769,0
2526,797,68.128342,2
209,2456,99.821190,1
87,32,23.649193,0
2757,318,49.862701,1
129,2437,52.173431,0
2501,857,90.657524,1
1585,526,19.381090,2
1651,2350,64.803261,2
2167,2343,9.852836,0
1923,643,3.006308,0
504,1024,47.692047,1
997,1827,57.223244,0
1363,1839,83.684608,2
1255,2206,73.553406,1
15,470,69.683296,0
692,2893,57.972008,0
950,525,21.954861,1
1397,1238,38.407936,2
1799,2996,64.039886,0
1271,2036,92.605431,0
910,2532,63.200130,1
679,573,5.784078,1
1494,2927,40.465824,0
181,2550,90.698853,1
2506,881,67.139824,0
2068,2923,79.726440,1
1447,2340,74.732613,0
1409,1995,52.209908,0
168,2212,42.372753,1
2686,1458,99.690689,0
670,2206,75.562004,2
341,1986,9.010128,1
1967,1612,71.777130,2
2289,272,5.492586,0
2943,302,51.902771,2
1048,2981,5.491253,1
2922,1420,86.209694,0
91,2497,69.390610,1
711,2361,32.165802,0
941,130,47.411240,1
866,1752,77.918556,1
2536,386,65.043114,2
775,2521,86.506813,0
694,1430,55.607391,0
685,1556,59.895836,2
1039,2432,67.239380,0
1307,1057,76.229340,2
85,412,14.835834,1
1274,2327,29.071953,2
1241,528,42.081039,0
1155,1514,75.156960,0
2700,2866,79.085167,1
2241,993,21.090294,2
2410,2677,5.663672,0
2825,798,51.584118,1
2532,1987,1.756099,0
2431,2812,17.167061,1
2663,2668,70.136185,1
2150,33,83.981796,1
2513,2763,75.715813,1
53,2897,96.410294,1
2478,863,71.180557,0
424,2826,22.029221,1
134,904,30.430410,1
1558,55,36.113438,2
917,1129,28.967026,2
46,2817,59.128071,2
1145,2133,79.406441,1
1844,2287,93.388657,0
1184,1339,38.937492,1
776,10,36.086845,1
263,2288,73.014175,2
2537,2247,59.433384,0
478,432,58.422215,1
2034,2995,63.386608,0
1063,2992,10.036412,0
1395,53,91.451706,2
2514,2110,81.323845,0
2518,1489,84.450615,1
2091,1453,17.794575,0
1723,363,90.524979,1
822,2931,56.487656,0
1658,2722,5.829813,1
2603,2306,49.245041,0
1545,1039,12.728356,0
29,2456,9.307401,2
1656,415,42.618095,0
2472,1027,53.336647,2
61,878,98.973824,0
71,1994,18.850943,1
1000,308,39.355129,1
2309,2352,4.788393,1
2212,1832,29.739408,1
2707,749,61.976223,0
1720,2288,54.620876,2
1574,2647,86.084221,0
1295,2664,34.953022,0
348,1030,55.368664,0
1353,1261,80.284653,0
2211,313,67.831253,1
2156,1899,57.096050,2
2039,2531,17.383535,0
1647,1877,75.629623,0
2001,316,58.732609,2
1362,826,7.031817,1
2831,787,11.054492,2
808,1776,69.554634,1
121,962,76.613701,1
822,86,84.551384,0
547,335,3.998582,1
2824,1381,13.217802,2
421,1778,5.114397,0
469,1785,28.550941,1
879,1216,23.058012,0
1087,1900,0.913442,0
2365,1586,81.056808,0
1176,2862,58.654980,0
1347,539,94.926445,2
801,2961,28.328543,0
568,1013,8.615015,0
219,458,10.172826,0
2469,1487,8.062543,0
1241,289,6.578019,1
454,2575,0.625617,1
1997,1613,84.474304,0
2781,784,68.747688,1
2611,1498,67.778831,2
2589,701,80.448151,0
584,2574,46.156162,0
251,522,33.498116,2
2017,484,27.062536,0
893,1368,95.235130,1
210,2054,29.337437,1
1381,1897,35.070084,2
10,1711,44.016243,0
1912,2374,68.622765,2
2079,658,43.150532,1
2142,443,18.126156,1
2274,2638,82.465485,0
2139,2094,40.279316,0
2608,1307,77.793060,1
729,2394,61.199963,1
1847,2540,77.905685,1
259,996,21.507971,0
2857,2059,1.841243,0
55,528,63.999664,0
2303,2796,22.613319,0
2802,1929,11.545033,2
2514,924,54.327385,2
1202,2197,91.191948,2
200,955,24.559576,0
1112,2640,5.857881,1
238,598,83.379585,0
1297,1882,55.181953,0
1690,451,91.923317,2
723,549,20.791218,0
2683,83,35.216164,1
1073,1721,25.508350,0
2194,171,56.866257,0
785,2480,17.078388,0
2867,1330,83.815109,0
1254,2480,56.397308,0
1423,2349,55.930569,0
1363,2411,33.364861,2
88,725,56.357716,0
2968,607,21.910830,0
1059,2650,62.020283,2
1686,1844,67.926231,0
2481,2961,28.568867,0
1438,1978,88.647728,1
2309,669,4.123587,2
1691,2735,52.684216,0
1369,2709,58.270844,1
1121,1884,16.006165,1
1199,547,91.010452,1
1547,2974,2.818282,1
1664,2271,51.210136,0
2712,1361,76.196243,1
1700,2763,59.244404,0
2454,1050,78.957573,1
1153,2280,48.182892,1
2181,116,86.408607,0
1875,980,76.266899,1
1954,2177,0.739368,0
1155,1215,43.000828,1
127,1968,50.152046,1
1107,1712,1.353207,1
1718,556,51.794357,1
1730,873,48.776932,1
723,1964,56.601696,0
142,2372,96.206207,2
939,2617,65.226814,2
1191,1586,19.839615,0
564,2227,79.183899,0
227,2645,92.199425,2
2209,707,81.063148,0
1653,2597,27.084833,0
316,2915,28.009968,1
588,484,18.949076,0
1812,94,18.384817,2
873,1354,20.823627,0
2711,2579,71.792366,1
358,1536,93.722473,1
1073,2768,62.888573,0
2720,2448,36.603676,0
717,1945,45.776203,1
309,1954,72.090576,0
61,2421,84.603630,0
1685,428,80.500404,1
1499,2724,94.237495,0
794,28,22.941116,2
309,2608,2.226776,1
2446,1213,83.157326,1
2933,1988,47.926285,0
258,627,92.425774,0
2369,0,62.436775,0
81,1269,60.180050,0
1489,658,13.932651,1
2141,1260,59.303230,1
204,2067,27.614290,1
281,1827,58.962513,0
1107,845,38.806179,0
600,1015,14.720848,1
2358,2128,43.495934,0
1903,438,62.104801,0
2802,1423,14.684994,0
1935,224,52.199131,0
2445,1884,24.033407,1
93,522,24.217216,2
1075,2066,97.652847,1
1134,2820,80.720284,2
2836,418,97.490196,0
2681,1723,69.096336,0
1163,1674,71.935280,2
99,617,30.330925,1
860,1880,14.274168,0
1368,2335,52.176064,1
2242,2254,15.802003,2
2473,1218,16.236197,0
2081,1230,72.701378,0
1483,118,22.740955,0
131,2286,27.800512,2
2824,1268,93.334694,0
1108,2363,66.098450,1
2387,2323,20.537020,1
1797,2100,72.733131,0
2183,2282,92.430977,1
1282,722,5.036649,0
487,460,72.946815,1
512,1527,23.578651,1
724,291,62.925335,1
1571,657,97.652580,1
2362,2443,31.268496,0
1485,115,66.856476,0
1518,2234,95.914322,0
1841,2566,16.228615,2
545,669,72.982178,1
1176,1876,62.032108,0
1474,1264,34.677959,2
108,1372,14.229098,0
2506,2549,2.198563,1
183,1239,97.349434,0
2383,2629,25.314001,1
1728,26,27.592421,0
439,2964,53.513798,1
2195,1747,58.945168,0
2696,2632,65.151451,1
2152,1989,44.430981,0
881,2191,28.319490,0
2538,1081,61.121552,0
424,2466,23.242367,0
155,2915,76.111267,2
163,2495,35.696892,1
678,701,23.671877,0
266,1185,42.380138,2
920,2373,40.486813,0
2710,2324,58.869118,0
802,2339,74.255516,2
2583,1709,73.369797,0
2836,1307,39.091679,1
1371,2462,4.196514,0
2342,2114,4.601346,0
1922,499,91.130981,1
774,246,24.524065,0
2923,1813,5.282344,1
106,2236,49.452911,1
565,1214,60.738762,1
2129,449,38.308590,2
2657,477,38.052692,2
1481,518,45.999596,1
607,1977,71.454842,0
808,1623,44.320114,0
2584,493,91.035461,0
1007,656,50.017731,0
2135,1534,86.363731,1
1103,2391,75.874619,2
291,1462,99.706520,1
2384,1703,17.035170,2
2465,1764,57.646969,0
1061,2455,77.692200,1
1049,202,30.639761,0
1739,1176,75.303749,1
2760,698,29.315685,0
793,622,75.460068,2
2874,776,14.196915,0
2566,750,43.049892,1
719,2983,9.777731,0
624,2619,71.029182,1
1017,2007,94.202370,0
2403,2495,15.292547,1
2059,1071,40.610840,0
794,488,37.666382,0
1377,2669,37.729534,0
1850,2080,20.771606,1
1051,1360,16.544661,1
2278,6,93.845963,2
2607,1879,62.802025,0
1445,2636,78.232185,1
645,351,81.959900,2
2424,2378,35.393463,0
1968,2474,38.425037,0
1152,2891,26.276552,0
136,819,0.840046,2
1879,37,44.857300,0
2144,1497,88.692390,1
1650,2792,95.792137,0
2594,1032,3.789542,2
2820,873,99.034012,1
1379,823,73.385757,0
517,1117,21.350225,0
1422,845,39.587898,0
2613,325,19.547705,2
262,845,86.323097,0
954,614,39.339916,1
1000,1091,47.113083,1
1808,2429,77.509529,2
584,169,40.685402,2
2624,241,4.882862,1
2116,1628,4.959706,0
114,2096,88.488594,2
2098,76,61.651321,0
2950,1805,19.879974,1
90,2854,47.791660,2
2776,1415,15.453700,0
264,1005,65.661537,1
168,1626,55.575592,0
1263,2616,71.500824,0
110,1097,74.752998,0
263,2384,45.756706,2
2719,958,23.885393,1
358,2995,33.125294,0
527,2625,81.351875,1
2195,140,90.350502,1
314,1029,87.686981,0
2086,2666,6.173026,0
1355,256,16.719561,2
1917,2726,6.032793,0
2269,1430,77.469513,0
561,1696,31.209972,1
186,851,48.296883,1
804,2500,46.075596,1
1364,1925,22.223166,2
372,1477,55.614960,0
1487,485,30.473200,1
1857,363,5.949729,0
1254,147,54.910339,0
2743,1501,70.990501,0
2175,139,37.429901,1
383,431,9.885623,1
657,2365,37.419262,1
1147,509,84.175346,0
2226,2914,84.991531,0
905,1674,85.763092,2
2978,2283,13.812489,0
2447,42,73.060387,1
1006,506,33.250801,1
1381,1773,27.117950,1
252,858,86.645721,0
1619,1199,82.755684,2
2422,648,35.619080,0
1879,2903,79.855812,2
867,654,38.270237,1
247,480,19.824007,2
544,782,67.300926,1
312,2715,61.357983,0
1332,889,48.665867,0
2745,1993,67.377594,0
1086,2964,71.056450,1
48,875,99.525711,2
91,1550,63.982147,2
2460,1154,75.786667,0
195,2556,51.142162,1
1009,811,69.636253,0
967,60,25.011522,0
1994,1231,24.285234,1
106,1428,6.003567,0
1847,2611,68.332520,1
1225,568,96.122078,0
2454,793,98.078590,1
2407,158,81.647171,2
1789,226,66.152550,1
2813,1257,69.130478,0
908,1793,44.524010,2
2660,23,26.015944,1
352,410,47.813442,2
273,753,90.460480,0
1237,2151,18.249430,1
465,1174,22.011822,1
2852,1984,27.082287,0
651,2798,86.405525,0
2613,795,8.739259,1
93,2237,0.932040,0
1780,212,83.963142,0
11,1748,48.100327,1
1108,2041,26.566753,2
2268,2188,17.432673,0
413,1709,80.836014,0
1984,1105,18.294483,0
2009,400,11.201385,1
1556,1743,60.735764,0
224,2018,21.533670,0
1388,2818,42.563198,0
1349,830,24.501812,0
742,840,53.060268,1
2402,1197,53.847939,0
288,1209,37.257931,0
2974,140,12.613386,0
2640,2858,81.658424,0
385,1604,8.091832,1
2195,1210,82.998062,0
1483,68,18.670265,1
2254,2488,32.396381,1
308,2960,51.754120,0
623,2644,77.213135,1
766,2747,77.963905,0
2133,1724,19.696896,1
1668,1678,39.472797,1
2339,2909,76.508545,1
2065,2923,45.924282,1
2468,1174,64.258812,1
533,2532,8.150373,1
90,2606,1.797646,2
1351,624,49.882332,0
2482,1747,8.176066,1
2018,462,93.728745,0
2411,2016,94.076942,0
1245,2372,27.119532,1
513,1794,38.550724,1
1295,1514,65.533714,0
1765,2293,40.028683,0
6,1129,95.279579,2
1238,1138,61.990791,1
1203,2572,50.898102,0
1469,1660,36.020962,1
2947,716,21.873867,0
1317,1753,29.034868,0
864,1971,34.501888,0
1297,601,4.837250,0
680,2391,96.300964,0
155,1828,16.382145,0
1906,1525,87.379929,1
1937,618,99.468933,0
592,1594,50.406891,2
1959,139,31.168085,2
2808,1432,47.304344,0
2509,2759,30.215315,0
891,516,6.786986,1
1908,2616,5.760418,0
2590,547,2.729457,2
623,1922,19.809374,1
2099,1711,17.103256,1
1543,2759,73.824196,2
2713,1388,50.483173,2
537,2739,61.557068,0
26,2598,90.640633,1
2533,1349,57.199997,1
2464,604,33.571728,1
1386,1341,34.982716,1
744,2487,28.442932,1
1188,637,30.379015,0
1580,2874,69.876541,2
1643,599,79.962303,0
2166,2378,41.762741,0
1359,731,76.481796,1
1653,302,71.363190,1
1555,1149,94.679085,0
2429,2907,34.959076,0
2310,2783,81.765709,1
2827,2757,22.812294,1
1970,2625,65.092064,1
2140,1845,47.402485,1
1343,2854,0.201359,2
1306,2310,6.712764,1
603,2619,17.289904,2
328,2478,60.591461,1
1125,691,32.661903,0
2730,2443,17.146357,2
1916,1380,23.266392,0
2949,2983,37.350803,1
80,1539,65.670166,1
1094,2241,46.181820,0
1819,1809,55.013836,0
2076,510,98.697014,0
576,2712,28.195395,2
1444,87,38.870556,1
1233,796,30.384735,0
2154,86,45.820518,0
325,2227,85.977966,0
1655,2483,13.929089,1
1246,672,51.682129,1
1040,1833,19.337803,0
2213,4,48.421551,2
908,1669,36.767357,1
2752,308,77.915245,0
73,1621,64.867226,0
1753,403,80.642792,0
290,2450,52.498184,2
1869,2993,14.431303,2
819,1327,69.390770,1
974,1817,2.731526,0
1490,2699,61.265282,1
1501,1695,62.288071,1
232,2837,97.463501,1
1307,2551,46.183643,2
2856,318,53.750446,1
809,1213,18.042694,0
1241,1835,10.624708,2
1238,2112,87.440170,0
1722,969,42.522636,0
868,565,57.423111,1
1070,1145,31.062729,0
1735,340,6.934063,0
2895,2614,77.263359,0
1295,319,40.924824,2
46,1123,41.066071,1
328,2866,82.069885,1
2564,1256,98.667244,0
1165,357,62.139400,1
1154,631,50.962559,0
2850,2970,69.977760,0
2734,2359,88.841003,0
1935,1087,72.999863,0
1703,2516,69.467674,2
1688,1627,60.712852,1
412,2823,92.236069,0
386,1150,27.401224,1
597,2208,67.623291,2
649,1495,79.154305,2
1113,643,73.163818,2
1959,1691,92.109154,0
658,2371,92.483887,0
2785,1094,34.740295,1
1256,1044,43.712814,1
2401,2401,88.719597,1
505,2587,26.087759,1
2210,1974,50.440422,1
1018,2812,60.366215,1
2911,37,28.667465,0
718,1851,40.619038,0
2734,2110,80.834801,2
2841,2622,9.175261,1
1889,2350,21.373503,0
44,2585,69.527565,0
368,1323,77.925423,1
27,2797,77.120300,1
2567,1027,16.109680,0
2355,263,18.214254,1
1668,968,48.338795,1
721,362,89.643303,1
1756,632,12.421421,1
1129,250,33.049252,1
127,2787,49.722496,0
1766,1910,32.337296,2
276,467,52.649704,1
230,2075,57.832043,2
2842,1741,41.199589,0
860,2287,54.601997,1
1382,634,73.735718,0
2576,2247,78.804878,0
387,1052,80.951828,0
2780,915,82.458221,1
2904,2976,93.468056,1
360,1643,61.094753,1
2426,1591,9.948281,1
2899,1008,35.701122,0
1390,528,11.866238,1
1124,919,44.801785,1
457,2946,59.127583,1
2956,1522,70.884682,0
1907,822,84.287621,2
422,1346,29.418896,1
1721,934,75.193558,1
2438,1724,94.242714,0
439,1047,47.794041,1
2865,989,89.965462,1
1601,482,98.086464,0
517,2137,56.767574,2
692,1172,96.797775,0
780,1504,4.118043,0
2234,1458,21.414658,1
2629,615,7.906240,0
2494,784,35.659103,2
2828,2812,93.311195,1
2083,316,24.635967,1
1046,2153,74.075218,1
1892,271,57.168255,1
1038,318,49.729950,2
2896,1275,77.707291,1
1054,633,79.570335,0
1550,2883,27.526335,0
1713,2338,72.616043,0
2086,2896,97.840668,0
156,1795,45.270027,1
2956,1571,24.104855,1
2920,679,77.408623,0
1577,616,88.607178,0
1578,95,28.387981,1
2076,404,33.754025,1
2426,325,77.462219,2
47,2062,97.862579,2
1944,516,50.923740,1
1390,605,37.517506,2
380,1822,58.879700,1
2122,2432,79.890060,1
216,1803,68.032234,1
1709,2729,92.872490,0
2339,1739,57.259880,1
748,312,1.876850,1
902,1177,72.305527,1
2285,2960,72.383026,0
2605,1223,9.869412,0
1770,516,91.369583,2
735,1039,63.438019,0
2598,1633,36.544518,2
1333,2690,49.529163,0
245,2757,64.454605,1
2395,1220,41.693001,0
1551,1933,29.856722,0
704,553,59.956528,1
460,1819,19.267645,2
2201,881,44.442501,0
507,2181,49.086914,2
2494,392,48.844738,0
2756,548,50.043987,1
180,2727,0.326818,2
2517,1893,4.763399,0
2560,700,16.187923,1
1686,1239,78.927322,0
2980,2623,31.931219,1
1364,2235,82.864067,0
995,529,6.586947,0
355,362,76.371315,1
2335,329,84.793327,1
881,220,54.418747,1
761,1871,60.871326,0
473,2693,56.054680,1
1835,1083,17.019384,0
378,702,98.929993,0
1724,2025,79.923508,0
1117,2917,92.207001,0
2088,211,33.127090,0
820,1914,71.854904,2
1573,766,22.733088,0
882,1943,99.571884,0
2740,850,44.356377,0
688,2195,57.191532,1
1770,2516,60.724991,1
1312,601,44.928326,2
1572,1277,32.967548,2
2379,2811,68.824059,0
1404,848,18.188665,0
2789,313,58.084213,1
856,357,85.721092,1
1893,1128,26.059620,1
78,2081,85.116020,0
2739,1315,39.423256,0
1796,1688,78.809242,0
1501,1959,16.203051,0
1450,357,57.040554,1
2896,2301,86.009064,0
2523,871,96.421600,0
565,251,58.865746,0
336,2534,35.702641,1
2381,1889,42.861198,0
2855,1391,10.203574,0
629,9,48.175449,2
1823,962,77.650299,1
2403,2743,39.374710,1
1628,2413,6.726573,2
1390,2428,30.638491,0
2964,2412,90.926186,2
823,1394,34.862911,2
735,1001,30.351494,0
2567,2451,50.224781,0
559,1673,26.402012,0
2874,2378,17.451542,0
464,830,51.841644,1
2351,540,14.561694,1
19,140,6.635939,1
1837,1297,77.096962,0
1340,2542,86.816628,0
323,2825,32.299812,0
2842,491,45.635784,1
1988,2758,49.353649,0
1134,2078,94.073601,1
635,2917,51.994774,2
1172,1747,54.155472,1
2581,2088,12.697595,0
1473,898,70.923187,2
2881,1938,37.398922,0
1518,193,72.967232,0
1214,524,72.524063,0
2776,1427,78.678391,1
2184,2106,54.927204,1
1101,1072,83.789749,2
2794,713,57.102421,2
2945,1717,88.941551,0
1046,222,50.218281,1
1435,618,34.948124,0
2447,989,77.915512,2
2558,1136,29.653164,2
66,1882,87.212822,1
1541,473,14.281734,0
1273,943,38.911037,1
971,2550,79.627335,1
598,963,25.035490,0
1931,2065,28.690384,0
2525,898,32.126865,1
1702,2227,36.436569,0
124,1781,82.082138,1
1063,2055,31.113800,0
911,2653,72.883530,2
827,1039,19.117125,0
36,980,54.462852,2
2873,2730,77.234200,0
2929,720,86.102287,2
980,245,79.206123,1
2406,743,35.525955,1
2914,819,20.340525,1
2893,1406,32.425144,1
2492,1757,47.114716,0
2982,2464,17.653988,1
216,318,72.510590,2
766,315,45.409714,2
2915,797,32.313305,0
1189,2422,20.066639,0
2542,663,65.949837,2
2526,1144,74.044708,1
962,2570,79.965462,1
1702,2559,83.402161,2
432,2761,83.012001,0
364,959,81.568947,0
512,2106,64.272507,1
297,2638,73.068573,1
516,623,64.115509,1
377,2103,23.726656,0
2638,792,86.433456,1
1356,2236,76.995659,2
979,2802,15.033838,0
1786,1337,35.584049,1
1336,2061,14.618348,0
1807,2038,34.012615,0
2302,1132,87.123611,1
2289,1163,81.993477,2
478,1971,88.641174,2
1731,438,82.885170,0
262,935,87.564926,2
635,898,40.043476,1
1211,2058,31.522163,1
1130,1541,38.111668,0
121,464,33.357063,1
1100,2267,38.341087,0
4,949,53.506901,1
1129,2882,30.400970,1
2597,1571,86.751274,2
297,1724,68.873779,1
2008,1495,76.735886,1
1292,2261,28.217279,0
1491,2611,22.655539,0
1263,1147,12.123785,2
970,281,74.631149,0
2285,283,74.941292,2
1830,1253,10.868617,0
2705,2349,75.805901,2
1681,835,99.365952,1
2742,2070,23.390970,1
569,611,93.379471,1
1891,303,82.203514,1
2588,1919,1.731519,1
121,1501,96.836823,1
1055,2509,1.063667,1
326,2856,57.181007,0
197,110,97.065002,1
824,1495,17.311674,2
1820,2733,26.049154,0
332,1269,30.514519,0
598,2729,85.748322,1
12,2412,28.350111,0
350,270,27.907257,1
2159,876,79.612411,2
2511,2833,73.120872,0
2892,2388,36.735523,0
2691,535,22.209436,0
986,1196,93.434753,0
2045,2103,52.736904,0
1474,1719,4.292606,2
2837,1748,55.113461,1
2,17,25.309729,2
409,1427,20.440735,1
2169,89,99.150009,1
883,1038,16.798170,2
2332,1007,69.692657,1
1515,2175,77.519165,1
419,2420,99.506790,2
1995,565,23.147066,1
2127,1961,54.486050,0
2753,2276,8.252569,1
2755,851,93.025383,1
487,2763,1.781906,0
2187,250,29.513464,1
1266,2461,68.302147,1
1171,222,98.343010,0
921,944,41.284172,2
2703,547,87.947838,2
514,95,99.930313,1
660,128,14.072296,1
1193,1685,31.495874,1
956,2568,24.239725,1
2056,2253,36.969822,2
2080,1910,99.940437,1
2479,2475,76.286644,0
2137,335,32.780418,1
1482,44,21.756863,0
358,2155,89.899269,0
2359,2571,36.658550,0
760,737,8.573137,0
465,2528,31.167244,1
1059,2739,67.018021,0
1716,677,16.023376,0
2958,510,26.083546,2
2982,2808,68.176651,0
2265,1893,78.468094,0
1963,2324,83.008141,0
2962,2999,97.376343,1
1203,692,45.514248,0
164,1008,91.457764,1
2368,2147,15.686802,0
2841,526,76.869415,2
2695,2399,43.869286,2
210,728,0.791659,2
1579,2847,58.271130,0
792,604,26.930227,1
2413,2178,36.818027,2
2784,1413,74.696762,1
1012,2411,37.373009,1
1777,1352,18.901665,1
2257,897,80.725533,0
1015,952,81.767906,0
863,1687,66.660683,0
2676,2533,65.867981,2
772,1005,61.169052,0
616,1212,35.550282,0
1382,486,71.048058,2
2705,1016,29.505148,0
2830,1283,51.581142,0
2080,1322,13.468777,0
736,1899,91.590889,0
1991,404,87.560394,0
1769,281,67.857651,0
1637,1005,40.851517,0
72,1825,23.313978,0
631,2948,36.988331,0
2763,2228,47.689091,0
2684,2771,17.430456,0
1491,824,54.455284,1
408,2671,46.225357,1
1387,2912,5.004761,0
842,889,8.720143,0
2292,2204,61.527493,2
771,2706,39.763878,0
2079,303,48.104988,1
2326,529,77.853546,2
1968,837,72.436172,1
721,1988,16.084000,0
248,2338,23.974678,1
1318,1924,85.812218,2
368,2371,27.744207,1
1064,2492,40.872982,0
2272,592,65.266907,1
2017,81,4.665826,0
2284,1863,40.889423,2
2005,342,9.996985,1
1096,2273,91.364937,0
2274,2255,18.563335,1
1532,2553,67.157089,0
745,1117,92.572929,2
2908,1494,19.397541,0
1804,968,41.349197,0
1,409,89.061905,2
1085,2376,1.304371,1
2928,277,24.395111,1
1812,983,62.409500,0
1466,506,77.935143,1
1351,1404,53.326809,0
2437,772,44.697578,1
939,2975,36.758331,1
805,70,54.755470,1
2347,1150,36.691734,0
1282,393,63.247292,0
1674,1116,13.600458,1
1945,1632,57.265465,1
636,33,3.611476,1
1624,318,97.989655,1
2228,2955,61.322693,0
2059,2608,6.690974,2
771,1046,82.285172,0
2189,2049,71.663696,1
2901,1909,32.193348,2
1086,1432,1.661029,0
2764,1678,28.081682,1
2662,54,26.182081,0
1514,2560,78.466026,1
1951,1486,16.511511,1
1307,433,95.709991,0
2121,1851,85.992165,1
597,375,84.601852,0
399,1559,30.470722,0
1217,463,80.975098,1
2865,820,42.032642,2
1428,1584,75.621346,0
1922,1741,44.730755,1
2441,1479,59.923119,2
2998,1389,30.969330,1
2789,2825,69.503563,0
2104,1775,55.897373,1
1718,669,16.426472,2
176,2938,59.208828,0
1675,1869,31.702713,1
1891,1875,15.994181,0
229,1773,31.120846,0
277,864,71.465637,1
2090,370,5.342831,1
1500,2081,52.108990,0
1409,1449,81.625252,0
1555,869,71.098763,0
726,2815,56.510937,0
2123,891,44.858986,2
2064,2098,83.600868,1
2388,808,50.470795,0
1758,2209,15.523944,0
510,9,46.272701,0
2128,942,78.332443,1
1632,998,96.350319,2
358,2646,24.692869,2
1335,833,97.322403,0
2641,2001,35.914135,2
830,323,82.098999,0
1163,1959,67.641190,0
528,2636,34.694469,1
113,1023,54.150036,0
1149,1939,71.088959,0
2403,1060,40.571289,2
18,2340,86.780067,0
1511,678,14.746316,1
2632,122,16.227123,0
637,1082,78.419899,0
2079,2077,93.727692,1
781,1554,41.667320,1
1814,52,97.851303,2
1568,2860,21.299845,1
450,236,5.574960,0
2301,767,1.292739,0
1488,2254,15.263817,2
2473,991,60.663826,0
1588,2720,87.243141,0
2261,1773,90.062759,1
334,1441,30.218758,0
567,1481,22.573545,0
2938,214,15.143829,0
621,1850,68.095161,1
2327,1033,39.431515,2
1393,425,67.464752,1
1546,188,96.368599,1
2824,324,43.253315,0
281,2951,37.195770,0
1902,244,51.866112,2
633,80,29.667170,1
1865,2637,48.864216,2
1740,354,39.424469,1
2627,35,65.357529,1
90,190,93.699448,1
2445,2656,21.620043,1
1440,1384,31.348305,0
64,2962,12.485290,1
364,963,29.181885,1
2870,2837,88.401520,1
2244,458,98.953896,0
2225,843,36.385120,0
1721,1030,43.179665,0
268,2928,58.796791,0
2365,1557,82.441658,2
1070,583,7.430954,1
1463,1098,55.749771,0
2093,1497,69.532501,1
1066,2069,58.741840,1
2461,2502,35.922352,0
2842,439,79.575768,1
215,2263,98.553650,0
282,901,21.107229,2
1550,878,68.352554,2
2959,2936,30.198441,0
1373,2665,86.834732,1
1025,281,51.257618,0
2357,2355,54.260983,0
2132,968,68.482887,0
1195,654,59.549236,0
1285,9,15.525356,0
310,1593,88.858963,0
71,1901,14.964231,1
1173,636,34.002441,0
2199,1882,68.418739,1
1551,808,73.281769,0
544,2589,69.306435,0
967,1731,92.605125,2
2697,2526,40.943695,1
2984,2631,31.559679,2
2304,505,48.314423,1
1001,1335,26.221983,0
1193,2047,25.887299,2
1602,150,27.902096,2
1363,2908,71.031479,0
2483,2543,85.226654,1
1063,2374,18.156116,0
574,1390,0.585033,0
2181,2623,70.571304,1
255,1266,68.966606,2
823,919,59.056290,1
547,1453,77.809052,2
2746,1381,37.809837,1
1510,2237,65.451363,0
132,905,86.961525,0
2692,2972,0.334137,1
399,588,83.497704,0
2879,744,7.698018,1
902,1326,84.283157,1
679,722,85.881699,0
160,49,1.143434,0
1471,465,75.022957,0
2657,1050,86.734039,1
2186,2716,76.875648,0
1092,2128,85.170853,0
674,2394,46.357021,1
2060,67,4.229427,0
2053,1971,77.993423,1
2610,1651,79.697685,1
724,635,74.255211,2
1242,2362,9.046186,2
1156,2699,75.308495,1
1816,278,15.530862,1
8,111,53.236111,1
348,11,20.028788,1
455,1747,29.791285,1
411,2794,90.405159,0
2168,1829,7.359263,2
2647,118,36.752876,0
258,1359,56.951969,1
2162,1804,90.873039,0
2252,384,40.075726,1
184,1241,81.232178,2
1841,1893,25.561220,0
2222,943,34.379585,1
556,1827,22.228388,1
2417,797,4.422173,0
49,1914,84.295410,0
997,1240,19.673962,0
2757,615,31.751114,0
740,822,19.316311,2
1934,2247,82.541176,0
2547,2993,19.942303,1
1420,2467,97.893181,0
520,2177,99.013390,0
185,38,43.144188,0
2469,2571,63.951908,0
582,1051,63.340702,1
2671,2409,33.453476,1
1780,2408,89.333122,1
224,949,0.778727,0
1608,309,33.143787,2
2516,1435,73.245903,1
2188,2551,77.890114,2
860,1184,75.638168,0
2445,697,73.297966,0
871,298,13.074279,0
2546,2165,34.569313,2
2779,2559,62.060535,1
2200,2001,76.418159,1
2226,1615,50.350063,0
2663,1555,46.128372,0
2124,1604,15.798450,1
1308,2813,28.650791,2
534,518,81.417458,1
999,925,53.145172,0
1109,118,80.842705,0
234,876,62.793949,0
1413,848,23.702818,0
2770,1345,58.627365,1
1109,373,96.234497,0
1520,464,52.997334,1
1207,2866,49.557373,0
2971,356,2.084935,0
2168,2005,78.479095,1
1186,1700,18.688921,0
395,1327,67.336700,2
2775,2455,33.726566,1
2385,2094,36.738609,0
530,2431,11.676087,2
2890,883,89.197914,0
2462,582,12.692766,0
753,2103,69.932411,0
52,2139,6.485162,1
954,446,26.619719,1
886,2948,80.349190,0
94,676,89.800316,0
500,2297,70.216995,0
1410,1434,79.458282,1
723,1174,37.190239,1
1174,1389,51.811092,2
694,2150,77.409966,2
159,906,66.566093,1
2379,1671,9.458778,1
2290,1896,82.603439,2
2424,2163,23.699835,2
1934,1089,9.011900,1
2033,877,22.915653,1
2973,2649,97.099487,1
2828,2373,89.488480,0
271,740,49.930611,1
139,387,18.487852,0
2231,2183,52.830395,0
2534,1337,7.270854,2
1010,1885,95.782089,1
1070,2617,3.016605,1
2679,331,72.827271,1
1088,743,37.639626,0
2414,865,8.779478,1
100,1415,25.136499,1
1992,2295,61.722263,2
426,893,36.061729,1
2881,2390,64.453377,0
1136,31,22.107918,0
1210,575,62.866772,0
2239,123,57.980331,1
792,754,94.893234,0
936,1209,57.207672,0
1249,806,38.353455,1
2736,308,23.040573,1
2465,2445,13.325005,1
2293,2531,5.845030,1
2869,2018,36.303329,0
534,1183,59.667973,1
1203,1544,45.588203,1
1145,663,53.478924,0
1443,1337,68.575851,2
2774,61,62.439884,2
608,73,40.554932,1
1336,2605,35.964741,0
288,795,58.266811,0
2114,2076,16.884775,2
229,1535,64.463371,0
628,2606,9.360193,0
2712,2989,61.383629,1
1475,1949,70.778038,0
1796,1888,24.588835,0
1884,1234,94.937141,0
139,633,88.442116,0
2745,1461,48.717560,1
178,1529,18.113190,1
2345,1624,90.164230,0
2005,2482,42.767075,0
208,2721,80.080322,0
951,268,22.827009,0
1860,1373,86.764748,0
2074,2840,64.531853,1
1429,2600,66.441406,1
1148,1359,14.511670,2
1321,2177,79.943863,1
2634,2743,62.137325,0
370,1356,41.855625,0
2523,2136,75.027824,2
898,655,73.663811,1
2147,1007,38.968575,2
726,354,14.947365,1
813,1332,69.763496,1
1539,2535,67.482155,1
142,919,46.717915,1
793,513,91.937073,1
2060,965,15.877285,0
50,514,41.450871,1
2790,1914,10.720982,0
2729,1231,56.987442,1
2985,1006,30.057293,0
907,329,34.115170,0
648,2947,7.063819,0
1519,384,99.462112,0
1692,1867,70.632843,0
1383,2738,17.011303,2
535,1997,6.078025,1
2151,2586,28.258993,1
25,951,49.540722,0
896,2180,95.440712,0
2249,1542,58.542675,0
2799,1515,73.305099,1
175,2620,68.359077,1
1598,2788,81.169868,1
376,1179,38.576195,0
1094,2657,18.570631,1
745,1122,61.364826,0
2651,1793,78.823128,0
551,2865,57.645103,1
2510,2808,68.057243,0
1202,1401,20.106024,0
1725,1073,59.727917,0
2572,625,69.642891,1
2572,1198,20.262108,0
2951,2116,2.660716,1
1836,2546,11.608167,1
330,1704,0.814744,1
2229,150,84.882423,2
422,812,53.880253,0
753,2624,41.185272,0
1037,2868,43.742085,0
1028,57,20.984098,0
2122,88,48.643639,1
599,1259,0.697869,0
2458,2819,39.152298,1
347,963,85.071297,1
2875,306,16.029415,1
1882,2700,17.163189,1
1934,553,14.441629,2
2848,1729,30.759151,1
2411,1695,88.172798,1
24,1044,11.807708,1
2645,2137,25.403339,2
555,855,62.917492,2
706,1152,48.412834,2
1373,230,15.013751,0
1517,896,80.296188,1
2690,651,60.542236,0
1237,183,58.016064,1
2081,2100,54.798920,0
2006,2277,89.992828,0
1186,2085,47.035141,0
922,2459,13.672944,1
24,16,70.363968,0
2348,2432,73.650703,0
168,1502,74.733421,0
204,1898,28.543245,0
79,632,63.923828,2
1602,1173,74.661522,0
1175,2164,6.669672,2
1703,995,37.608849,0
1895,2361,41.093544,2
278,134,66.655663,0
1715,2263,62.972866,0
1370,2496,55.381893,1
477,2910,41.355946,1
1965,940,2.857372,0
190,455,21.879221,0
1000,1326,96.502899,2
1641,790,29.117739,1
2229,2288,24.528545,1
2788,366,64.854065,0
1402,1898,23.122696,1
896,1910,19.818045,2
703,759,5.602378,0
2198,2005,73.766609,0
851,1115,97.410240,1
2154,1137,18.715704,1
2417,140,55.315990,1
2353,884,69.825768,2
1078,1604,45.345486,0
1698,314,86.690346,0
2639,102,86.964539,0
1847,2068,11.638335,1
603,1274,12.043557,2
1415,1872,26.400723,1
1129,377,78.749908,0
2191,2809,68.269928,0
1730,882,3.461101,1
989,2092,86.727623,2
2844,9,92.475540,2
1634,2615,31.984442,1
2539,2373,35.055511,0
2152,383,82.528755,0
758,1032,21.318367,1
2240,2820,61.272327,1
2607,516,0.015244,2
646,2021,53.429585,0
2038,2137,20.617638,2
2676,445,26.804255,0
1851,121,69.690216,1
2070,2015,38.309044,0
470,391,93.603844,0
2810,1579,19.763542,0
2317,2375,21.205860,0
101,2850,57.698143,0
2647,289,42.055740,2
1271,608,60.625221,2
184,2884,10.027122,1
1037,2462,49.142357,1
1985,500,48.723808,0
795,1878,23.160734,1
2537,194,83.299522,0
997,2862,67.614799,1
1785,984,60.810028,2
439,2627,61.339764,1
1083,952,60.757034,1
2547,467,46.862385,1
1542,2735,74.549477,1
215,1721,95.992409,1
1453,266,15.420794,1
1028,760,71.000359,1
635,225,54.246510,2
2818,1959,33.945675,2
1207,2314,51.384056,0
2395,2229,27.355600,1
1873,475,5.686082,2
2879,2913,25.860329,2
652,697,19.138390,0
931,555,8.080067,2
907,254,70.102737,2
225,2703,12.311353,1
865,1026,13.109182,0
1772,1300,65.673294,0
933,110,41.041092,1
534,799,16.304470,0
1620,2664,12.497308,2
1032,1375,82.716835,0
2680,2837,16.811804,1
2112,2997,96.937782,0
583,2554,5.916167,1
483,2369,13.927727,0
69,31,31.891155,0
1480,719,38.610043,0
1595,928,40.928978,1
367,143,87.808212,0
777,564,82.758179,1
1151,1746,46.520119,2
322,2097,67.967117,2
2873,1959,5.372643,0
2442,2501,33.609116,0
2777,2912,62.580528,2
2848,1140,60.087845,0
2135,473,11.087369,0
2892,2096,42.000813,1
2808,1958,49.185940,0
991,1811,37.762665,0
2256,2219,46.943321,2
785,786,31.403896,0
2002,831,55.022377,0
2122,339,36.294453,2
2268,1480,75.415901,0
2971,700,89.431084,0
1847,2766,56.149433,1
1554,1677,29.007441,1
2776,447,60.466835,2
709,724,99.275398,0
318,2390,38.938774,0
2528,104,54.261684,2
2491,955,61.127407,2
638,2118,82.816193,0
2226,1584,75.340958,1
2318,649,22.345625,2
2456,2697,3.304808,2
2340,2955,79.686935,0
2088,2205,6.685974,0
1823,257,72.642471,1
54,73,23.514015,1
2369,555,66.834038,1
680,847,53.115559,1
347,2547,43.253845,2
1638,2908,71.053108,0
1664,2888,68.004280,2
598,923,62.800365,1
825,2304,60.960808,0
1528,1437,82.808937,1
2894,501,65.336479,0
596,29,84.066170,1
2854,2195,9.226215,1
1106,2325,75.891632,1
943,2546,19.028841,1
2972,2647,27.255573,0
1350,1934,17.767857,2
1297,211,8.171435,0
1936,953,24.410433,2
1232,1361,88.370605,1
951,377,98.138741,1
1994,6,77.942924,2
2697,2875,92.943024,0
1864,2726,23.080421,0
2115,1900,49.918472,0
2765,338,74.459343,1
904,575,95.589920,2
2696,2120,32.658443,0
2832,880,8.357364,2
1562,2748,47.662205,0
2961,1911,41.617943,0
1558,2283,80.791275,0
2366,2239,97.485687,0
2444,2068,24.013691,1
1081,2452,7.033082,0
531,2759,53.305443,2
423,2073,51.653694,1
2078,2036,19.421738,0
2071,824,82.007462,1
1913,241,94.548042,0
1624,1719,51.486561,0
258,2896,67.083015,0
1977,1226,44.485332,0
1724,469,87.242508,0
347,381,40.874603,0
1486,1720,98.205078,2
95,531,41.749653,2
2677,1651,12.948266,2
307,107,23.981110,0
1917,1578,42.883949,1
680,1736,89.872757,0
1324,2895,13.417234,0
224,2919,85.643532,0
1868,1076,81.132324,0
108,1410,49.578117,1
174,76,60.720554,0
1543,1781,47.170094,1
1464,2800,68.331001,1
2794,341,5.181710,1
613,750,17.293802,1
111,1188,27.256445,1
1827,759,97.750092,0
2891,2466,41.252472,1
2831,2545,71.428513,1
1690,58,13.037160,0
2017,402,72.996376,2
1346,974,26.109001,1
2219,2063,39.332806,0
1858,1607,27.769213,2
202,2144,37.213394,2
1015,1671,33.719864,1
2421,1677,33.098133,1
1394,677,96.811943,1
361,1235,81.039711,0
2473,52,80.141571,2
73,474,45.940323,1
1029,404,45.778576,2
2166,2501,98.015884,2
2267,2173,49.290924,2
2229,207,22.559027,0
1789,589,47.438026,1
1971,2274,43.646458,2
2139,1382,55.259903,1
218,2310,94.543449,2
2716,2225,11.572394,1
2574,1119,96.316742,2
332,773,0.822963,0
2953,557,41.277679,2
52,518,48.403484,2
2191,1893,34.796375,1
1032,2759,40.915562,2
2057,1630,11.458046,0
736,2194,86.293480,0
1440,2231,94.686569,0
1122,437,59.466702,0
1198,1750,45.896564,0
1796,641,75.740578,1
1348,2137,25.854172,2
233,2499,45.152508,1
1460,1549,9.249024,0
758,1129,35.500355,2
2711,1544,52.867027,1
2710,808,94.624382,0
3,1527,20.034872,1
2387,1231,41.633663,0
1535,2368,74.503807,2
2880,2741,66.225281,0
2369,224,74.180779,2
337,2062,85.004303,2
1120,632,95.567085,1
2110,1995,89.510429,0
2096,962,98.954300,1
641,769,83.492340,1
727,107,97.656006,2
1345,2540,58.527729,1
526,2809,3.449734,2
2914,677,61.361759,0
1994,1146,23.548052,1
1774,1846,20.290194,1
2786,685,45.623623,2
1682,802,59.202545,1
0,935,73.364090,0
1822,315,16.322412,0
643,1057,59.719322,0
534,1467,74.651596,0
1105,2295,48.787239,0
2186,117,85.684158,0
2800,1595,40.687786,1
2913,2473,44.932617,2
581,2241,3.573762,0
2723,399,13.129340,0
589,2601,58.711205,0
2964,1071,50.296513,0
2037,2257,46.565784,0
1374,2026,5.734222,0
892,1206,77.803375,0
316,2953,41.359867,2
1742,66,90.920647,0
1950,2854,36.982613,1
117,2933,11.100868,1
2335,1207,48.714603,0
1602,391,43.741596,0
2360,1529,17.980965,1
902,2720,55.243614,0
941,570,92.622322,0
981,1254,34.044678,2
1729,730,15.527841,0
2467,2329,44.921745,1
1863,2400,44.337440,2
2523,1424,71.615822,2
2242,344,32.719692,0
347,41,37.648144,0
201,1348,73.594788,2
1795,100,13.146992,2
699,2952,26.438131,0
1087,688,90.143280,1
924,318,65.239731,2
2364,1408,45.922684,0
1345,2588,53.111290,2
1025,1823,5.528989,0
2107,191,14.023111,0
1034,2221,36.851562,0
2381,917,36.851612,1
1553,738,77.436409,2
2102,2553,37.450581,0
2294,2058,4.010706,1
250,1067,9.653017,0
255,2041,15.885579,0
1701,2619,34.699097,2
2621,1162,22.472204,0
2634,2567,70.693275,2
1123,1905,57.497417,1
1740,2745,9.167989,2
2706,1878,14.075854,0
132,1505,78.246780,0
1376,905,38.911579,0
255,2851,23.034344,0
362,121,18.180817,1
315,549,26.676346,2
361,134,15.735330,0
2828,520,84.755173,2
607,1142,80.216194,1
1581,614,67.119797,0
2333,2564,90.869209,1
11,2078,65.515213,2
648,2959,96.536179,2
2512,2788,21.875097,2
1020,533,73.349510,1
1348,2110,19.900223,1
474,1605,89.623451,1
2211,1261,7.053133,0
2736,1446,12.409474,0
568,2210,89.248711,1
2987,763,95.785179,1
1304,2966,99.606087,0
2798,2697,84.336403,1
1662,1639,64.207237,0
2129,2211,40.327702,2
1891,1235,99.428902,0
1131,2687,86.240105,0
274,2431,79.819603,1
1107,727,0.714905,1
2471,2344,45.347439,0
621,1156,45.202328,2
786,1822,94.745903,2
2610,1010,32.761124,1
248,1331,13.292204,2
1595,2637,60.271996,1
1884,1745,49.083824,2
2274,580,62.122311,0
2997,2189,56.524002,2
2126,2392,23.103359,0
898,2082,60.877579,2
2479,1697,96.528534,0
1598,908,9.503076,2
1264,275,56.109550,2
969,1961,33.284801,0
2703,634,87.225471,0
2340,60,59.828384,1
2542,1477,56.409687,0
1692,2936,96.755180,1
1359,1299,20.341101,0
1362,2295,78.220184,1
865,1399,87.457664,1
614,1508,37.393932,1
657,112,53.231159,2
1529,453,82.742455,2
1565,1443,98.366280,0
2760,946,45.135967,2
1718,2049,34.952705,1
1783,2786,81.398392,1
888,283,49.829048,1
2596,860,73.333084,0
196,1190,47.405312,1
779,2483,75.400780,2
631,1506,47.281528,2
1855,1518,62.730701,0
1617,2408,29.670664,1
1020,51,11.028541,1
28,74,95.247627,1
162,1298,97.781975,0
1846,1100,68.064865,0
762,1200,37.284950,2
165,24,88.057968,2
652,1263,47.018871,1
2074,1307,13.444922,0
1991,2829,82.496628,0
1425,473,5.779670,0
1516,1799,59.304871,1
822,1314,71.668282,0
917,2655,72.235092,2
23,677,62.688622,0
30,491,92.460152,1
2650,2229,86.900146,1
2322,198,31.789423,0
71,2569,91.109047,2
2432,1391,36.103672,1
1806,260,59.166626,0
1911,827,90.798531,0
2601,346,63.822292,0
2823,2260,27.835373,0
1966,1899,61.279289,0
256,357,93.837692,1
244,1534,50.091026,2
1702,200,25.829182,1
113,2765,29.727535,2
2604,2177,78.515289,2
607,2861,7.640221,0
1832,1741,63.694740,2
1493,1973,40.121964,2
2444,662,72.044899,0
316,1194,55.782940,0
1808,772,82.214760,2
2778,1254,42.982437,0
2696,1684,25.544315,1
1754,891,24.038904,2
2850,2894,12.334826,0
2703,987,15.541821,1
1651,1214,65.000648,1
407,1278,29.641397,1
679,2195,98.815056,1
1805,832,6.079963,1
558,1372,98.808365,0
1887,391,76.883247,0
2437,624,42.898453,1
1908,894,89.991318,0
1722,429,19.971998,0
2596,431,67.361526,1
608,488,73.337578,0
637,1971,26.402159,1
2160,2659,9.796817,2
2357,2556,59.466778,1
2052,618,76.288704,0
2245,904,88.745697,2
2625,800,51.612175,1
2187,1078,14.696579,0
1369,1484,57.222565,1
2556,2181,95.688614,1
954,267,62.582840,1
437,618,46.548347,0
1745,2765,92.529083,0
925,2667,48.323196,1
718,1629,98.862999,1
1933,677,13.521732,1
147,1426,19.834217,0
1969,1952,79.218369,1
2630,2219,89.907288,2
1737,193,55.177277,0
793,1965,98.777756,0
326,746,84.947899,0
198,1009,69.453262,0
878,508,79.012108,2
913,2912,19.815544,0
31,2668,1.849110,1
300,2197,75.151024,1
1967,1909,3.651350,1
2009,288,51.247154,0
1232,1007,53.311359,1
2213,1141,3.211987,0
1237,543,49.528164,1
2813,1804,35.574028,1
626,601,55.188969,0
1330,2445,31.264496,1
2821,2583,62.982315,1
1187,2329,43.987728,0
1061,2455,30.952679,0
1630,355,57.918835,0
1533,1398,15.443744,1
2894,136,75.875404,1
1810,101,24.908527,0
1163,145,49.396194,1
327,1435,38.177856,0
2374,2279,25.356056,2
2079,2483,90.504845,1
603,357,82.531662,2
1773,1682,19.089714,1
453,1174,73.434464,2
878,2297,50.993839,1
2157,2228,79.165352,1
1220,414,85.484634,1
1921,2753,18.184700,1
2482,1522,16.622429,0
1724,1381,42.134964,1
1629,2636,53.187546,2
621,1087,63.201691,0
2947,582,80.878593,0
2447,2042,31.512562,0
1745,568,58.183414,0
804,1934,67.379723,1
121,2374,83.033096,0
41,1859,46.902058,1
2625,1329,45.467884,0
603,2520,18.656244,0
447,2988,7.537500,2
309,1443,48.180233,2
2429,108,8.450686,0
445,1536,84.604393,0
1867,1065,27.473228,0
979,2620,67.371498,1
393,1264,77.207268,1
722,137,43.599064,2
1495,2156,60.275764,1
799,1868,5.282022,1
2067,1099,9.616328,0
2037,1984,60.473003,1
2165,1381,41.955750,1
764,2328,21.864159,0
2363,2712,95.627960,2
2810,1448,73.841484,2
1523,1260,9.907985,1
2523,325,75.159943,1
2884,751,28.656733,1
59,921,74.467987,1
2500,526,33.889362,2
1099,1731,76.018906,2
939,2333,12.738693,1
2779,932,50.404930,1
2645,65,76.358658,1
2978,1720,70.473106,1
1547,2036,59.588272,0
954,919,27.634031,1
1417,1201,35.609962,0
460,1776,83.793579,1
1294,253,96.851875,0
331,1258,13.752086,1
309,2997,28.457870,0
816,2863,54.442532,2
2849,622,45.289318,2
2247,2404,45.226192,0
693,2222,72.330246,0
2291,1847,20.634571,1
156,1671,54.931305,1
2566,353,93.580345,0
2517,1588,92.481972,1
1603,2541,40.298508,1
2312,2807,42.502575,0
1414,1171,94.743553,1
1456,1274,38.040382,1
2323,1462,22.301880,2
951,2964,45.790493,0
1327,1706,77.486252,1
2225,277,97.031654,1
2127,683,72.700012,1
1132,1090,85.909004,2
1132,242,64.314308,1
193,240,17.500088,0
1904,320,86.729393,1
1307,919,26.656021,2
576,1714,81.177368,2
1185,1690,98.949806,0
1519,230,78.468956,0
1725,1395,11.128174,0
1665,2678,66.025414,0
2124,2291,47.138897,1
894,2515,30.761747,0
930,247,69.715919,0
2273,362,50.223755,1
2593,2638,89.282326,0
2871,1242,35.151718,0
259,693,10.124012,1
1556,2164,95.181892,1
139,2898,74.805702,2
1769,2608,77.429115,2
23,2461,1.839538,1
2210,2285,34.133881,1
2662,772,0.948463,0
240,2613,62.161179,2
294,2285,26.400345,2
765,1838,91.825584,0
1607,1283,30.603296,0
2088,1717,52.499260,0
419,2583,77.245140,1
2989,60,12.343762,0
2912,1348,58.841000,0
442,610,31.655771,0
2540,437,30.751440,1
2612,2903,37.507889,1
1880,820,19.644053,2
2529,169,67.939896,0
1630,15,75.728668,1
2027,2879,24.750561,2
1884,1634,89.840813,2
970,2831,64.978561,0
2471,2296,60.787300,1
2512,2403,22.370888,0
1640,266,99.718979,2
589,1485,18.009411,2
1180,2637,61.295444,2
2760,2499,10.413971,0
1846,2338,62.516602,0
2313,2356,5.692385,2
2169,2180,51.889011,0
1060,728,43.278580,2
1358,64,77.294846,1
1427,2542,5.274168,0
281,1644,22.082033,0
258,789,60.620323,2
1665,2776,19.625378,1
351,773,17.751312,0
2375,8,74.683815,0
1684,1382,86.549171,1
902,1618,65.181847,1
1619,270,80.488548,1
859,1318,60.197224,2
388,1936,98.308212,1
1743,651,14.154018,0
1089,984,4.948325,2
973,1424,68.087372,2
2868,2007,57.160461,1
1413,807,11.377109,2
2765,1211,18.770344,1
1073,2457,43.038307,2
2107,674,30.755867,1
2932,1393,26.974854,1
321,84,85.127777,0
1386,713,29.379845,2
241,583,26.057041,0
1433,2995,50.414124,0
658,2570,90.789185,0
1459,2288,45.539116,1
2016,1586,66.408180,2
437,1810,67.155930,0
2056,2482,6.971224,0
1175,1873,91.584312,0
2633,141,76.668571,0
2661,176,57.285591,0
1837,1155,59.399334,0
2726,126,15.343667,0
1752,2191,98.187531,0
2122,1052,60.763622,1
1575,996,16.384260,0
2952,802,93.573639,2
26,2651,85.385178,2
535,1135,65.644409,0
19,1489,90.387901,0
866,586,86.714241,0
1609,1242,47.107990,0
2334,2136,84.431671,2
2299,2702,92.135452,0
1716,20,81.511536,1
1987,2220,3.889365,1
868,1776,70.468445,2
606,331,71.934029,0
1167,2068,27.693886,1
203,1868,41.501781,1
927,1621,35.267460,2
841,2002,35.228085,1
128,54,65.089752,1
990,1047,93.562683,2
1881,1077,67.712494,1
731,531,53.829823,1
2534,2849,88.577805,1
66,1147,38.104374,0
1641,1938,0.077849,1
774,1606,36.719906,1
1500,1118,23.889660,0
2349,424,78.906509,1
2365,1077,9.325311,1
2983,1538,72.952339,1
1589,1401,2.701138,1
1925,1605,53.427738,1
1988,1732,21.887978,0
946,2769,78.298904,2
1247,317,52.060627,2
861,1862,36.294857,0
866,2110,30.835743,0
2349,2943,54.373707,1
957,1485,99.743439,1
148,2094,91.687271,0
1597,1721,69.913017,1
1605,209,73.191864,2
2518,2782,30.531004,0
1060,36,8.475348,0
1413,591,64.460205,1
1619,1550,32.946510,0
2599,2733,28.072859,0
1738,300,93.837746,2
908,2090,88.801178,0
393,2507,38.975075,2
1086,278,66.877846,0
2272,2575,20.265331,2
2223,764,18.531542,2
1965,114,46.933048,1
1818,1991,68.880325,2
261,647,84.143036,0
644,18,29.837683,1
2377,1384,26.755394,0
1743,2546,46.457626,1
2004,477,5.974508,1
338,1289,83.960281,0
453,583,43.084942,1
415,243,12.329736,2
2824,1306,6.450257,1
2573,1333,48.043896,0
37,355,12.716931,0
2435,1710,0.540394,0
2116,819,8.590519,2
341,1083,27.528452,0
1535,599,79.885315,1
2427,769,56.038971,1
297,2027,36.158085,0
1055,217,30.148283,0
2461,2807,43.335102,0
2380,780,58.482594,0
1305,1763,62.785675,0
1413,870,64.584557,2
2576,1329,47.773930,0
2746,2426,35.767448,2
791,821,11.263682,2
1307,1119,53.070019,1
2334,1918,1.489296,0
1892,2201,32.821804,1
509,675,58.713116,0
440,404,87.200615,2
1522,710,42.902267,0
26,2858,20.501635,1
2240,793,40.637814,1
377,2565,74.485130,0
2382,2519,60.638832,2
1575,2286,94.669502,1
989,509,1.702372,0
501,1773,80.988274,1
1503,1352,55.837452,1
200,625,26.938440,1
2603,2125,65.320885,0
2684,2519,26.695982,0
617,1328,37.493465,1
556,72,77.499870,0
1687,2945,24.899334,1
951,965,23.147581,0
1909,1120,81.689453,1
2021,2730,33.445446,0
2652,1567,94.891136,2
2770,1227,89.949028,1
2637,2731,32.107841,1
2543,1245,94.054352,1
2937,708,14.148156,1
692,2784,56.016476,1
97,776,20.680481,0
1338,2985,78.121979,1
1559,2087,13.877064,1
2603,598,47.940128,1
470,715,70.853172,2
1715,1283,46.656342,1
1067,460,45.133636,0
594,651,42.960190,0
2499,199,83.695213,0
1250,1260,55.512691,1
233,2170,7.582445,0
287,2050,41.475639,0
2711,2703,58.177650,1
2185,1493,60.613708,2
2097,351,23.204525,0
1986,743,42.572784,1
521,2773,24.327753,2
497,1993,86.385773,0
1670,1730,45.674065,0
1304,413,60.313522,2
1115,2758,56.622257,0
1972,1574,94.958092,0
602,257,69.478302,1
1918,2078,65.464127,2
672,2598,38.215912,1
1622,2827,53.895401,1
1408,2174,35.695568,1
119,1592,26.711708,2
1312,775,35.482449,1
2515,2981,29.352571,2
2958,1984,1.767298,1
2719,2553,7.275334,0
1561,2747,88.940964,2
2062,1959,0.193622,0
1118,25,64.563797,1
2484,76,69.959679,0
221,2706,64.647301,0
2455,2307,70.437950,0
68,502,64.719933,1
1997,2566,77.148918,1
2902,2213,71.919121,1
2270,1111,20.689199,0
2763,1444,72.343445,1
2689,2765,65.061081,0
1004,2272,96.685448,0
2155,1927,74.659607,0
943,233,10.632715,0
972,1738,37.751312,1
2768,2835,64.376785,2
2116,2385,96.840927,0
753,921,7.748405,1
2881,9,72.551888,1
915,1389,88.401108,1
760,2503,6.614010,0
995,1754,4.826119,0
2707,2189,68.258118,0
1154,1527,81.473259,1
2274,2738,11.830499,0
1213,2248,86.686028,1
2860,2552,37.496773,1
390,1861,83.735977,0
779,497,8.996075,1
2552,645,82.415367,0
1406,2547,46.819820,1
1911,2273,23.885166,0
292,1227,24.477016,1
2103,875,4.876510,1
2337,186,7.740613,1
719,513,23.513285,1
1309,2709,67.119194,0
2394,918,18.030561,0
2543,435,63.711201,1
284,663,44.094639,0
1822,1774,5.166879,1
1206,689,24.868183,0
1144,333,61.644409,1
2465,2653,17.477989,0
567,1276,71.000092,0
341,2819,49.054947,1
736,2689,66.266159,0
1153,1546,20.814312,2
921,2206,98.972046,1
2668,90,6.690692,2
1159,1643,69.100212,1
1974,1375,65.590614,0
65,1657,88.998878,1
254,264,27.470444,0
553,2474,18.109806,0
1744,2482,35.332146,0
2571,193,95.173569,2
1881,1660,22.602940,2
2648,242,51.609505,1
382,1519,93.433815,0
2797,521,5.899976,0
2606,796,71.899620,0
1653,2848,73.658852,1
223,2338,77.412971,2
1555,2155,93.481110,0
2952,1027,90.797897,0
1853,1107,67.734589,0
2566,1635,72.673279,0
765,2213,43.994240,1
955,76,78.431084,0
823,1220,24.996960,0
993,1614,75.230446,1
1985,80,93.467873,2
2620,755,1.060900,0
2465,713,60.580463,2
1292,172,36.753067,0
419,83,74.903244,1
2150,1323,98.496498,1
1184,2762,65.070930,0
2643,1286,79.007568,1
2713,2850,67.038658,0
258,1461,78.611183,1
1564,8,88.380974,1
1886,2220,56.557705,2
1954,1700,32.271362,0
3,2454,8.806228,0
2876,1382,73.384384,1
876,2179,33.710857,0
2064,1740,22.341421,1
2845,27,65.447182,1
2870,619,75.642891,2
2644,793,92.460022,2
376,382,55.350811,0
1840,2283,66.837685,0
93,667,10.012617,0
2459,2900,19.861259,1
462,559,39.190609,2
1258,1459,30.309565,0
1074,955,3.515354,0
2066,1473,98.001915,2
2211,2962,51.096893,2
1184,1148,16.884106,1
1003,2157,45.664543,1
2593,377,80.573898,0
678,2061,41.558338,0
1927,1179,42.423763,0
2652,2930,12.169979,1
1613,2716,41.871601,0
1520,431,77.533905,1
644,1817,3.235794,0
2457,1750,31.217215,0
407,1684,64.971230,0
115,1686,71.601967,2
1265,2084,92.689133,1
2789,1072,13.543658,0
1016,2171,49.809341,0
2292,117,10.746149,1
2725,1300,33.620834,1
2758,765,3.821930,2
2649,2816,97.482109,0
448,756,69.119057,1
1435,350,95.539528,1
50,2851,36.004189,0
1249,2397,74.079910,0
2724,216,7.740128,1
1698,347,2.653102,0
1887,1672,17.735216,2
770,2934,1.968885,2
2187,2400,47.761974,1
2049,1517,17.404093,1
2915,2454,75.085701,0
2671,1286,5.116326,2
1600,1675,42.718418,1
2850,1072,92.570724,0
2690,2542,29.133230,0
9,2497,30.957790,1
2091,772,17.701017,1
427,2801,5.597673,1
1428,2609,33.721817,1
264,2794,21.317608,0
1832,184,98.598251,1
1816,1712,91.760773,0
110,1619,25.018368,1
670,2866,36.837463,1
939,1936,28.164248,1
2783,1849,44.486584,0
570,1151,40.284328,0
2506,1304,30.689756,0
1668,1757,95.286377,1
1135,2233,36.716419,2
592,898,14.201126,2
2867,699,79.074997,0
2626,1208,49.563210,1
1050,1687,73.674667,0
108,133,83.586136,0
1695,1818,47.874645,0
2032,1402,37.619045,0
1157,2217,11.104935,0
2986,2279,51.916798,0
1953,201,41.469795,1
2539,1553,83.749947,0
1682,625,71.346161,2
818,2828,74.640800,0
3,2369,23.803186,0
2299,2283,52.612484,0
1058,2620,88.857567,0
2382,628,95.940132,0
2276,2074,99.701584,1
120,793,58.985134,1
2060,1542,56.410641,2
1387,1359,17.982710,1
1449,1658,15.469677,0
210,144,44.381760,0
2293,2726,46.126961,0
1556,1835,37.941032,2
2108,1521,27.505089,1
89,1356,24.586590,1
605,49,13.620743,1
1021,2722,43.112938,1
1340,703,94.135857,0
476,139,44.813835,2
2363,2638,80.378693,1
51,1713,83.537399,2
2664,1393,81.825371,1
2805,2355,39.851372,2
1205,728,31.012037,2
2489,2768,0.243283,2
1738,2035,29.463936,1
2073,1599,48.096375,1
637,1855,73.624413,1
2624,243,4.306023,2
1404,611,33.471283,1
390,875,62.031021,1
1612,955,87.943977,0
682,1761,42.960480,0
552,362,65.377029,0
2588,1696,84.449280,2
156,2259,96.838142,1
840,1916,47.063194,2
1776,991,77.616699,0
1289,1741,96.698578,1
551,2988,21.423912,0
2103,606,58.030632,0
780,1987,75.386246,1
2701,2883,60.069328,1
1707,86,58.171757,0
2803,1460,5.492800,2
608,1522,66.491447,0
742,1209,60.381847,0
2511,1760,9.453881,1
157,1464,8.106472,0
2752,216,89.771751,1
2640,1128,28.488672,1
948,157,48.601368,0
1431,1467,11.364515,0
2251,1235,2.689947,0
855,516,75.691338,1
1689,525,42.820244,1
138,1936,83.655487,2
2949,2818,75.188797,0
847,148,16.118757,1
1762,645,30.732002,2
248,2945,67.606331,2
67,2386,31.882139,0
562,1588,85.478615,1
2231,1877,64.931335,0
1545,784,96.585815,2
884,522,52.301418,0
1310,429,21.026985,0
976,2180,84.748055,1
1183,2432,7.362490,0
1938,1764,64.271805,0
2387,689,79.753464,0
980,483,70.324181,2
1562,511,74.560112,1
2802,606,36.974888,0
815,2587,91.980850,2
2344,115,10.566596,1
2879,1972,35.450794,1
898,2932,31.648438,0
168,496,92.165215,2
2864,1518,8.438773,0
2748,782,46.218647,1
976,2108,89.118057,2
1858,1631,26.137968,0
508,2076,31.271410,2
533,1856,48.059471,0
1814,742,88.142792,0
19,107,73.328545,0
759,2505,84.287964,1
525,223,95.929108,1
715,17,73.964394,2
54,2844,67.930534,0
2752,2485,43.314651,1
2945,282,13.765524,2
1672,2494,87.713585,1
1897,1673,42.004078,1
2211,1101,71.402466,2
988,1885,48.872177,1
2773,402,97.327866,0
2133,2442,38.614483,1
1002,909,56.460705,2
1385,2130,72.145386,1
1770,308,50.489342,1
1340,1755,77.083344,0
79,1481,18.718115,1
1084,2749,36.444412,0
1101,149,61.411274,1
49,1074,54.887985,1
1812,1039,51.153732,0
213,635,59.133450,1
1683,1823,27.158976,2
908,2094,92.127243,2
1170,1010,66.220749,1
1568,2137,71.455063,2
68,1810,22.073624,0
2027,2318,9.508291,0
704,1603,64.815376,0
1823,1446,70.406883,1
546,2567,50.145683,1
1264,379,20.241449,2
2026,227,98.336838,2
2036,1448,19.490112,1
1523,990,76.968925,1
1062,4,32.037228,1
2443,1440,28.301825,2
1483,1709,41.022331,0
839,1769,48.295330,1
926,2655,78.801003,2
944,547,30.691057,0
1963,2335,70.973343,1
2584,741,9.873566,1
585,52,25.308765,2
46,1898,69.657326,0
774,1009,92.925926,1
360,1657,45.197433,1
2226,106,91.233459,1
509,1183,91.312920,0
1588,2158,37.431854,1
1018,1967,58.652107,0
2612,604,33.451096,2
1771,2211,95.089752,2
249,1727,47.675011,2
1369,1762,37.169548,2
2559,2526,97.250366,1
1236,2124,55.795341,0
2948,2146,16.244856,0
1332,858,21.209711,0
2076,1074,64.852768,1
1255,2537,38.899014,2
2612,1794,6.668036,0
1711,340,74.517830,2
582,119,81.524300,1
541,518,44.529518,1
2216,1824,12.011641,1
467,156,66.588921,2
738,1710,41.577888,0
1792,1648,76.898521,1
344,1507,90.150108,0
1882,526,14.155126,2
1804,2979,97.501015,0
2105,1051,36.540180,1
7,2724,50.423603,0
2848,896,3.665514,1
262,2195,89.829323,1
74,42,15.683777,1
530,1614,50.502468,2
1949,1128,74.363686,1
1536,1633,81.926903,1
2200,522,73.676605,0
795,1716,76.650513,1
2900,2172,73.392075,0
2450,2852,49.754662,2
389,2240,26.038235,2
966,2816,60.241623,1
2393,1646,35.200897,0
1738,1822,67.922783,1
2707,2405,35.777660,0
552,2800,56.370117,0
2601,2273,15.155238,0
779,2957,48.681011,0
2122,289,64.880234,2
996,93,70.251671,0
2564,2698,71.189789,0
1139,481,3.726130,0
879,2496,87.033516,2
1565,2478,85.184311,0
1636,735,32.111485,1
2352,892,79.398354,1
189,2057,96.805038,0
601,1136,42.856174,0
337,640,92.306839,1
1518,1085,48.069389,1
1724,1710,35.800442,2
2016,1157,10.152164,0
2097,2982,24.619930,2
2329,2672,23.433130,0
170,908,23.899261,0
2937,1848,42.377174,0
888,2483,57.546173,1
484,2139,84.665085,1
1191,2765,6.774681,0
1023,1501,91.052124,0
361,1352,93.645454,0
818,753,54.047180,0
1473,352,12.259136,0
258,2219,20.159601,2
637,2320,93.985901,0
574,2435,94.266632,0
860,2293,70.062263,0
2921,2610,69.529884,0
273,1212,37.491913,0
2527,1187,52.502033,0
1031,792,32.315430,1
2744,829,59.767014,0
1809,2390,79.304924,0
457,2532,52.689854,1
2328,124,10.418714,1
2245,1773,14.567160,1
1516,2115,65.351723,0
1224,1818,51.094597,1
2715,806,87.123421,0
1664,2294,39.315891,1
57,895,56.997261,0
1003,194,22.192961,2
2082,1158,79.807518,0
2910,2633,87.603058,0
599,383,72.243546,0
2857,2997,37.946865,0
653,2228,77.108597,0
758,2932,18.099669,0
2578,1436,81.836563,1
1665,1265,51.316601,0
1899,913,6.786553,1
2708,968,45.200390,0
2863,2059,38.558964,0
2629,1948,72.580444,1
2876,359,64.626923,1
1823,1682,76.228958,1
2372,2056,40.553211,2
264,2931,39.900028,0
864,951,90.709343,1
294,2658,45.327721,0
968,687,29.592638,0
2249,1809,15.275084,0
567,2327,21.961290,2
2689,1265,19.108721,2
2660,1008,28.090168,0
1178,1793,65.374283,0
1232,2423,8.638065,1
1126,2547,45.122101,1
2044,2117,69.655251,2
2998,2491,61.269485,0
1182,1842,46.451756,2
2793,568,18.269581,0
1036,1596,12.675706,0
2455,1786,10.230676,1
1996,2438,32.593807,1
195,2533,6.435742,2
651,2335,72.314522,0
2820,910,16.567593,0
983,2015,96.462326,1
1019,2290,88.081612,0
933,207,8.459532,1
575,471,66.866371,0
962,2580,73.207565,1
1280,1621,14.667582,0
2129,2644,95.214729,1
1249,2066,37.027271,1
976,80,64.336403,2
945,883,61.678410,0
1836,2142,42.437172,0
565,635,73.666039,1
1169,2604,63.265869,1
2360,522,40.227177,0
426,799,9.119774,0
2734,1401,44.763241,1
2841,1111,66.576012,0
535,304,21.305664,1
326,1743,9.824994,0
1500,399,66.189629,2
1883,1137,29.337463,1
2164,2535,48.118237,2
235,20,67.809479,1
1961,1758,22.743279,0
2136,2319,34.253265,0
694,907,86.095665,2
1020,1343,82.152748,0
903,2269,81.052650,1
1816,1884,5.301900,1
1146,2138,84.898224,1
2522,389,81.677353,1
807,1705,36.117527,1
2912,2624,42.791615,1
2106,507,15.680074,2
1819,2499,67.484207,0
660,1795,84.612228,0
778,1593,21.738583,0
486,2434,40.687618,1
2004,1532,64.706909,1
1738,2085,87.359818,0
1971,573,35.751251,2
1355,2468,37.529037,1
2886,2688,48.611252,0
2374,838,56.715004,0
2487,2609,3.793596,1
459,549,82.711823,2
2517,623,39.304531,0
2993,1968,1.229505,2
411,2344,76.123116,0
618,2897,77.469818,0
238,2370,44.412659,1
1144,240,6.743642,2
175,605,4.443960,0
1930,431,67.186867,0
339,1309,75.792969,1
1045,1113,59.726460,2
442,2549,0.386131,1
1991,2015,49.708366,1
820,2697,19.498293,1
2132,2853,54.171612,1
1789,1775,17.337217,0
335,1868,43.654266,1
1244,2515,92.570877,0
1921,2456,38.495407,1
1881,806,80.613937,0
1571,1822,9.669758,2
447,1347,92.747482,0
2513,237,54.753815,2
1905,1688,63.926762,1
630,1548,65.182655,0
1465,1778,0.012040,0
2379,1817,12.042291,0
1952,418,55.239262,0
2120,1118,2.753302,0
2037,1539,61.388954,1
2874,1949,94.072517,0
2747,2809,32.636726,0
1786,241,64.622360,1
1097,702,69.906158,0
1333,669,71.206383,2
396,1636,71.503059,0
1421,2425,84.098595,0
1446,147,89.040901,0
1299,1173,75.899261,0
1310,1714,54.938641,1
2527,1077,94.836349,1
790,2285,36.714520,1
2031,243,5.133768,0
2286,330,44.449425,2
204,1954,22.690203,1
59,2418,6.431681,1
2643,2813,47.481186,0
1002,2812,58.902954,1
2333,2206,3.998557,1
2839,2556,40.587906,0
1049,877,61.787170,1
2352,2149,95.128738,2
943,1486,7.833860,1
1174,2045,44.220860,0
1601,1963,96.287201,0
1576,226,99.171852,0
2738,2532,46.284718,2
1991,2921,55.044128,2
440,1882,81.334778,2
1278,306,37.105602,1
308,575,30.697533,2
2493,1811,9.208302,0
1965,364,77.546303,0
2725,539,29.215908,0
2432,731,23.089069,2
1796,2942,54.109684,1
998,632,53.325165,1
838,810,18.264490,0
268,2065,52.079498,0
1212,1350,32.176094,0
1055,741,7.619643,2
1526,322,20.831251,1
639,2976,33.660381,2
630,1906,19.581879,1
2062,1937,43.880596,2
1064,1699,61.796310,2
2544,285,89.313271,1
1561,569,71.049080,1
1766,551,50.523861,1
1253,2687,4.343058,0
2836,702,88.559570,1
264,1895,30.455803,0
2733,1216,97.957642,0
164,1860,50.873486,0
1422,1811,24.848888,1
1225,1355,7.368755,0
1995,994,10.652747,2
1896,1040,51.482433,1
1415,771,22.421505,0
1691,173,7.158798,0
1733,2527,29.216581,0
566,320,9.649434,1
2283,143,83.162254,0
904,1082,31.619341,1
2789,1224,74.274551,2
408,10,65.060310,1
2245,1592,61.844196,1
2875,1289,45.939560,0
2420,2230,96.004463,2
827,777,8.435835,0
216,379,64.067574,1
966,1204,91.391365,1
261,299,98.828049,1
518,902,63.931465,2
1618,314,76.340294,1
1890,202,12.752587,0
721,65,84.226753,1
1182,1333,28.559155,0
2300,833,69.145813,0
1645,2675,50.164337,0
406,1125,83.506706,2
1037,782,31.749313,1
2841,2232,53.304031,0
2900,2542,96.155434,2
799,278,93.145119,0
1196,2539,86.268082,2
143,1998,15.873075,1
1948,2274,66.790436,1
1471,1916,81.363396,0
1273,1712,20.120628,1
1089,2803,53.786648,1
1596,1778,85.237267,0
276,2831,60.185398,0
250,1414,90.095406,0
1686,2578,19.126337,0
1550,2857,13.707927,0
1238,1787,41.867462,1
1824,368,85.682686,1
1822,1101,44.133305,2
2530,2688,1.623952,0
1379,214,37.944733,1
2150,401,70.879166,2
1054,1980,62.874504,0
307,1007,9.056673,1
2865,707,35.995869,0
2900,2299,5.685060,0
105,1303,75.293251,0
1092,1272,7.481951,2
1011,2571,22.669622,0
1831,19,95.879005,0
1982,2960,3.782526,1
1660,2953,84.778503,1
453,2965,60.555229,1
2766,2251,44.214764,1
1185,2814,61.603821,0
1273,1136,94.265190,0
2282,2580,61.262680,1
205,791,37.170975,0
1817,2898,66.711044,0
1255,1308,43.203209,0
550,1423,74.326103,1
2455,1064,47.370842,0
1687,711,2.807928,1
2608,343,94.477158,1
784,2117,9.846273,1
1755,62,9.686248,0
1419,1855,9.183227,0
862,391,79.540894,0
127,2630,87.174522,2
2085,1781,32.657185,1
2750,1550,22.196991,0
1948,1326,17.770651,1
2153,832,29.485373,1
240,654,94.390938,1
2268,273,54.805779,0
1432,621,98.855614,0
244,1911,85.884148,0
1255,2516,31.282339,1
961,208,45.904381,2
1577,1367,72.263885,2
2132,2333,89.773346,1
1591,681,56.220051,0
1819,2424,54.791943,0
2971,2926,64.534554,1
2449,1396,74.553345,2
1049,930,11.995210,2
1672,1523,67.403946,1
2503,101,49.305222,0
2272,1521,7.619432,2
861,2777,28.011095,0
1529,1708,48.316364,0
1788,2346,11.842517,1
2432,618,53.090237,0
597,2523,24.232143,1
2951,1276,19.729551,1
1678,1783,79.078011,0
1174,831,76.494431,1
341,1229,64.989265,0
2386,949,15.622160,2
1563,258,21.444651,1
2523,1478,89.666718,0
1060,2753,28.411301,1
276,2807,94.653381,0
2878,1888,80.543823,0
2716,2614,29.767527,2
2707,132,29.042570,0
510,2134,69.419647,0
1585,2936,42.941174,1
958,1528,77.609184,0
1500,2341,10.931216,0
613,2723,90.589951,0
268,771,93.531464,0
449,1086,87.286835,1
2475,1018,62.454773,2
1674,1831,98.477600,0
1751,2059,28.486942,2
1309,861,59.874207,0
455,496,1.100078,2
815,2853,37.247822,1
857,2364,57.006340,1
197,615,31.216829,0
1597,926,32.460320,1
2854,2129,55.676056,1
2975,2398,90.849068,0
475,170,86.356911,2
2043,2640,25.850607,1
548,2415,88.873245,0
1758,1234,11.002228,0
889,2549,22.484573,1
1644,2452,25.353964,0
715,2492,84.204300,0
2785,1533,95.604256,2
1030,2508,58.551853,0
1161,2589,82.585739,0
1869,1715,77.133720,0
1899,1034,7.038877,1
1068,1657,76.518867,1
2017,1665,67.905258,1
2129,1726,26.794952,2
2811,46,52.520432,0
750,1657,10.885687,1
2465,261,61.965641,2
440,735,60.041512,1
799,2123,39.929333,0
2420,862,62.814644,0
1018,171,57.331837,0
2232,1536,84.561028,1
1005,1844,32.694180,0
2733,973,71.690269,1
1285,1209,66.663002,0
1350,811,56.328491,0
516,2065,59.022121,1
933,2876,98.828156,2
935,690,40.797615,0
29,1281,77.498238,0
2114,1533,58.664440,2
2291,2686,42.574547,0
900,2246,84.719704,2
1294,1196,84.620102,0
149,2977,40.025604,1
748,1037,3.386940,1
2048,2284,43.406631,1
2322,670,76.240395,0
2114,2915,28.863724,0
2923,927,77.403145,0
661,533,37.637386,1
1547,2185,65.582443,0
984,1674,88.261765,2
506,947,21.405708,0
2708,2421,69.020927,1
1735,1058,22.189713,0
1136,2937,15.097484,0
2909,1980,11.742407,0
441,552,9.825477,0
1576,273,89.360596,0
2157,1885,36.877335,1
109,1710,19.786129,2
1337,1317,64.048782,1
650,2375,79.901062,0
382,799,73.718178,2
2516,2963,8.678969,2
2452,550,68.458824,0
2574,2126,41.238945,0
1001,842,96.280525,0
692,1895,38.346092,0
13,1892,28.146902,1
1341,1124,98.248917,2
1497,2280,12.257355,0
2104,852,5.651823,1
1459,1739,72.110931,1
1359,2302,32.251930,2
2713,931,14.027881,0
52,971,13.513431,1
1666,1821,38.540359,0
528,591,96.623795,0
1933,2775,63.108112,1
1558,1243,47.644630,0
952,2102,18.267372,0
2169,1980,72.744629,0
1631,1664,41.859177,2
1574,2394,55.645733,1
1810,2397,12.891738,0
2428,2971,36.077187,1
818,2888,86.324249,2
1934,2835,84.781372,0
2531,723,23.777357,1
1225,2454,45.426632,0
1830,993,4.647010,1
2868,795,58.675678,2
2182,1833,27.205204,1
2665,1691,64.908119,0
1584,366,53.647457,0
769,1963,79.290764,2
2372,762,64.910866,2
1759,584,50.217224,1
582,2327,3.706741,2
652,612,97.018517,0
508,2250,39.340199,1
785,1953,29.569485,0
438,1806,4.075250,0
440,1381,88.436905,1
562,497,16.012739,2
2391,980,34.444832,1
2963,2602,30.584778,1
2239,1231,71.211777,1
626,1914,90.710960,2
1301,2130,9.342933,2
1947,174,98.673615,0
2031,2468,38.570805,1
148,2102,52.774685,0
590,1248,30.900198,1
300,2228,88.398376,0
964,2958,15.257886,0
1489,1855,75.108322,1
1420,2339,56.559299,1
2932,393,84.480186,2
362,1565,92.592247,0
809,1973,84.961723,2
1840,664,15.325196,1
2000,945,25.660831,0
44,1165,62.901661,1
2724,2630,69.031265,0
2737,2519,37.621105,0
2142,1288,32.451679,0
1324,1337,86.926216,2
1621,1188,57.314590,1
2117,1125,11.657266,1
2689,2419,75.605659,1
2970,2901,33.604317,0
1070,1239,18.451405,0
923,222,10.311359,0
1710,2517,98.949615,1
2184,1287,30.435537,1
551,1368,8.611155,0
1195,2429,98.248260,0
1067,1339,60.266644,0
706,1182,88.797073,0
559,1304,65.010277,1
93,1845,4.933562,1
1976,2755,51.190006,1
1332,342,1.268360,0
1522,2995,59.790665,0
811,2996,22.379126,0
729,2733,21.495384,0
1314,2615,73.070511,0
2883,195,25.539711,0
1119,175,48.241913,0
97,1983,89.167419,0
2410,2231,31.148380,0
2274,1948,68.778076,0
1046,1747,82.330254,0
245,1028,89.896751,1
1809,2199,65.967445,0
1272,878,97.281250,0
1032,2067,77.288528,1
2986,2414,4.754963,0
1760,2774,91.678116,0
1178,1335,79.503922,0
381,1009,23.846439,0
1497,1441,24.097095,0
1591,2262,91.875275,2
2660,1065,33.941124,0
2640,2806,35.456245,1
253,2346,78.406990,1
2956,1165,15.719738,1
2043,1459,20.845619,1
1511,1438,51.992886,0
226,563,88.281708,0
535,1785,16.354620,0
2418,1929,30.756083,0
2923,2186,79.102379,2
2154,1245,63.211746,2
1391,2447,16.178778,0
1670,1303,40.221573,1
59,1900,21.124016,0
2961,2122,31.573046,0
2007,2381,97.759247,0
2038,211,48.405777,0
1716,2219,30.522825,2
1035,2447,24.644205,1
1077,1961,99.777603,0
1349,2906,63.847462,1
1099,2755,55.898445,0
1191,626,67.001724,0
86,1127,30.777349,1
1759,45,84.502884,0
36,1904,6.239313,0
2425,647,66.235619,2
2900,1156,71.066589,1
2362,2526,45.109734,1
935,2359,16.121563,0
653,782,77.550240,1
1878,2072,25.384762,2
1064,509,56.177608,0
719,2538,70.132523,0
1698,2179,94.290398,0
1250,1608,64.362076,0
2396,823,84.684677,0
2326,1619,41.263195,2
2884,542,68.610382,0
1521,1724,76.268837,1
1219,2667,35.801491,0
532,2728,56.558205,0
2662,1433,89.738998,1
1033,1560,85.939682,0
2555,122,83.504646,0
479,2828,2.490751,0
963,1899,40.423489,0
287,1332,97.477119,1
2969,2231,14.433664,0
2759,256,76.689262,0
925,2185,9.525659,1
1210,2047,21.628454,0
376,78,50.180157,2
367,138,49.710392,0
348,899,77.816109,0
1434,1740,34.633427,1
1679,2509,31.681326,1
307,1670,5.434618,1
1071,1942,34.063873,0
2003,1330,77.992729,1
362,140,35.807774,1
2187,2485,61.101162,1
340,1568,31.800850,2
1139,942,85.226234,1
352,363,54.965240,0
166,649,60.357204,0
179,667,93.340790,0
441,1568,60.158981,1
40,2778,33.688477,0
2422,2900,71.588982,0
389,1142,99.604370,1
95,2184,19.460917,0
210,2548,14.939934,0
1040,606,32.259590,0
340,1895,37.606209,2
1924,2304,25.134117,2
2347,2053,4.466204,0
2237,2271,75.388878,0
539,2809,7.518971,0
2519,290,1.016024,0
436,2724,58.006420,0
333,854,52.471565,1
1541,805,48.594120,1
685,186,76.950111,0
134,1872,96.544563,1
1090,2246,73.884979,2
2197,2593,73.717987,1
1057,147,43.529430,0
2590,1495,36.950958,1
2566,2245,91.791428,0
1479,673,25.451412,1
378,2225,20.061234,0
1000,971,91.181656,1
2962,1490,24.670881,2
892,710,79.455673,0
1385,189,27.406157,0
2862,2764,48.447178,1
2680,55,75.050293,1
2843,2227,73.730232,0
2196,1941,39.353050,1
2107,1773,88.246361,1
1002,846,30.804396,0
1465,361,26.305376,2
2676,2937,39.937294,0
2769,1892,47.205399,2
76,1266,5.127024,2
2251,2187,57.018478,1
109,2346,9.007970,1
1707,171,0.526302,2
1744,105,50.112892,2
231,455,62.084621,0
1344,2058,37.918457,0
561,325,72.208267,2
1546,2150,38.293278,1
2450,2244,62.417622,0
190,2024,17.462269,2
2669,286,3.764377,0
1247,291,5.849677,1
709,1548,16.971022,0
503,2248,40.661991,1
694,749,30.189421,0
261,1765,60.323719,0
1876,852,29.496521,0
1938,588,91.776321,2
357,1278,28.817101,0
262,1620,29.537075,0
2781,2633,4.888988,1
1218,1156,24.609446,0
610,1955,24.831211,0
2608,2862,75.987869,0
2683,2530,64.157791,1
575,1943,23.344862,1
2110,552,44.962204,0
1983,2467,17.193468,1
1870,806,49.778908,0
1833,1034,23.888235,1
879,273,12.490305,1
2913,2346,5.971836,1
511,1684,97.724030,0
991,1639,83.511719,0
1470,381,74.857132,0
619,2529,31.131426,1
1094,2,17.405983,1
1125,1982,56.530594,0
2826,1870,67.358192,0
2432,430,74.071663,0
863,795,39.471035,2
2203,2304,88.194786,2
2685,2532,38.733692,2
1864,1782,62.621742,1
2397,2518,1.699997,0
2642,2615,23.721296,1
2091,2439,96.056618,0
2204,2781,56.924343,2
144,1658,73.554123,1
2826,846,77.256844,0
2698,2814,8.655535,0
38,1086,5.805120,2
659,1094,6.162318,2
490,2827,68.425095,0
1342,28,81.062111,1
2687,1884,57.832047,0
1155,1558,15.523998,0
1797,1020,83.149910,1
2044,2872,37.211498,0
2935,1396,65.896431,0
119,1703,26.109575,0
1191,1492,58.680996,0
294,623,8.633084,1
2302,383,8.992337,0
1986,103,87.358078,0
2733,492,28.262028,0
2553,1664,10.889804,2
2396,1702,8.739259,0
2409,1394,76.382683,1
778,1590,83.154472,0
1266,2347,13.892873,0
1070,1083,66.495819,0
253,983,47.069038,2
2484,293,33.351250,0
2428,2474,63.816025,0
575,198,91.524597,0
1945,570,4.829005,0
353,1583,66.510040,0
50,1662,44.631355,0
1735,698,7.981861,0
1362,2528,69.183815,1
2056,2521,84.470993,1
1885,2930,69.791550,2
566,1873,53.631104,0
2535,625,18.942972,1
1472,2581,96.679298,0
1540,278,88.826714,0
2921,1986,56.681870,1
2284,2219,15.396765,0
213,830,92.083229,1
2592,2194,3.660396,0
1702,609,26.808107,2
2756,1537,57.435120,0
2316,1766,66.198235,0
1115,2006,80.754242,0
1762,2130,45.548836,2
491,1608,93.322876,0
168,2158,37.108273,1
1815,1312,32.909485,1
997,2531,20.183739,0
1967,717,71.447609,2
2429,1105,90.954918,1
2951,97,29.007841,2
2515,1346,94.371262,1
1567,1996,93.256462,1
2217,2770,76.957878,1
2282,2246,40.335892,2
2037,2830,12.339970,0
1288,2858,28.557035,2
669,990,81.454933,2
747,53,52.996582,0
2658,2414,58.067898,0
209,1566,25.814655,1
2075,2060,83.215607,2
710,1496,84.580147,0
709,921,83.991310,0
1876,1700,53.047573,1
2414,1200,13.975735,0
278,905,59.240124,0
857,782,82.353363,0
2302,2087,18.793631,2
851,1826,98.578560,2
529,2915,56.768719,1
163,250,3.335816,1
233,584,47.403885,0
1242,2030,53.251904,0
417,2334,1.634023,2
2308,560,39.861763,2
1221,784,36.624367,1
555,954,83.371574,2
1007,113,35.464703,1
2675,899,16.114761,0
790,1240,30.964455,1
81,1657,60.723675,1
677,2406,45.337059,0
983,1568,69.529816,2
1840,733,40.258579,0
833,2225,33.008644,0
2040,717,27.342308,0
1375,2325,97.928009,1
1548,1806,59.994762,2
847,735,62.648956,1
1989,15,84.792213,0
2062,298,45.663284,0
716,2028,39.754993,1
1647,803,78.288643,2
1149,1350,27.654816,0
1257,704,98.344902,1
1542,2111,47.742245,0
165,1941,72.858635,0
806,1867,36.643898,1
501,1944,67.054214,0
10,1630,25.282190,0
337,2941,63.914703,1
1410,1334,29.425085,1
1518,2018,46.186596,0
1723,2237,8.463718,1
554,1363,50.580048,2
2764,2526,39.768456,1
327,2171,40.892952,0
2633,352,34.265442,2
1819,857,86.332703,1
1057,2195,63.810139,1
2125,962,44.915668,1
2693,245,8.149440,2
2711,1701,79.743370,2
508,1281,20.587400,2
1135,2289,6.382555,1
53,2849,36.050613,1
2608,920,59.438801,2
2064,1142,51.590012,1
2846,2559,80.552452,2
2081,2166,56.900608,1
2631,2736,74.767456,0
1932,140,60.074516,1
1779,2191,10.240122,0
2507,2171,59.317509,0
640,2962,69.243660,2
1993,2131,78.747589,0
154,1865,11.244226,2
1039,1626,90.808327,1
220,1307,90.523903,1
1908,205,71.540771,0
2380,961,16.104607,0
1015,2605,68.702934,0
2466,695,41.928890,2
1193,930,40.602684,2
1481,2140,81.814606,1
2665,1655,61.029762,1
653,2276,8.272279,2
2450,2361,75.426308,0
1331,2509,65.556679,1
1162,514,42.975155,1
781,1458,42.645859,0
1564,749,92.402710,0
444,2846,94.796364,1
1537,366,17.802336,1
11,137,27.725634,1
616,1040,87.856842,0
1219,1540,70.244461,2
1647,619,89.201096,1
1860,1497,84.296753,1
1057,740,20.250927,1
2628,2330,80.955246,0
1584,2473,85.591133,2
675,1093,14.910190,0
1733,218,7.014402,2
657,35,16.340351,2
993,834,23.269144,1
308,1504,52.366192,1
1988,341,7.792969,0
1237,2612,98.210876,1
1857,1575,95.609421,0
31,815,39.386726,2
1726,644,52.938553,0
1445,1067,81.415947,0
2056,980,35.660606,1
171,670,78.594521,1
665,1751,49.573872,2
528,289,63.611176,2
2241,1622,61.612061,0
565,2172,25.895708,1
2272,487,8.933198,0
930,1843,71.525627,0
2792,2988,79.646645,0
81,2836,56.708618,2
194,880,21.916494,0
2553,241,82.749146,0
558,2917,35.187557,0
620,2100,28.119249,1
1101,2064,70.525101,1
2417,138,87.522102,0
2957,2778,3.371769,0
1618,44,27.125795,0
2788,386,35.375385,2
1811,1115,85.604858,1
2088,376,22.698246,1
1318,2880,7.172416,1
2837,1179,20.453941,1
808,632,93.609604,2
1891,2511,94.555626,0
1575,2952,44.588955,0
2377,162,74.456978,0
584,473,2.566786,0
1418,1366,79.955482,1
618,2600,46.594334,1
1433,40,15.433187,1
2564,1033,49.774353,2
2030,2750,97.846725,1
1690,94,29.081224,2
697,1715,50.344170,0
722,1691,75.247948,2
2925,2623,45.169075,1
1437,322,14.164127,2
1199,620,24.259594,2
1197,1748,88.617104,2
1262,421,47.943298,0
967,695,77.374771,1
2835,2186,85.638977,0
1147,2971,45.288727,0
1363,2947,35.928360,0
1393,1165,71.126923,0
2546,1803,60.859104,0
431,1654,84.474976,2
1977,2162,21.895061,2
2340,1345,18.665348,2
2379,403,10.767620,2
1087,2786,58.187164,2
1202,881,99.623299,0
2425,476,29.662313,0
1160,350,9.368155,2
2289,165,45.661030,1
145,2000,29.423014,1
1507,1162,68.087318,0
331,1339,46.833721,0
2465,997,69.224609,0
2861,1644,99.517929,1
2091,836,49.296352,0
756,1164,95.611725,2
2970,1659,34.707050,2
908,2893,61.255444,0
2092,724,30.648869,0
983,1506,80.097382,2
2500,1851,56.322956,1
2982,2114,8.408351,1
1898,697,11.310432,0
2826,2674,36.480740,1
2968,1851,63.694672,1
2699,95,46.448696,1
1282,1436,26.436892,0
1835,1786,3.787177,1
81,1156,33.923157,1
1175,2991,41.474674,2
2460,2794,19.193947,2
2697,544,28.129877,1
636,1841,18.131582,0
2689,659,85.239799,0
740,1137,80.854118,2
802,154,57.320354,2
2594,2228,94.331421,1
869,1,22.296677,1
1112,26,25.347841,0
1687,368,53.165489,2
2966,462,43.240360,0
745,896,79.129219,0
1084,1834,36.508980,0
2782,574,16.011486,2
2740,1427,9.596286,1
2528,487,77.043373,0
2261,1234,49.322025,0
1550,1501,35.554665,0
166,956,94.951866,1
1449,2699,99.720390,1
1928,1497,74.192886,1
828,2419,89.943832,0
1537,120,26.188749,0
487,691,22.915024,0
2363,964,95.885918,0
787,1840,63.134708,0
61,785,90.819046,0
1162,2477,44.493702,1
2732,2317,82.610672,0
1819,27,64.442612,1
634,492,62.203613,0
319,1119,26.639280,2
360,1959,61.201111,0
1083,1191,15.618106,0
392,1395,79.218781,2
535,582,87.263901,1
2352,2964,39.846325,2
366,592,23.841251,1
2600,1762,87.592430,0
392,1096,92.959831,2
274,1619,27.399530,1
545,2145,38.856415,1
601,761,36.204021,1
366,313,79.230385,1
2284,1888,55.040615,1
2408,1460,82.376717,1
1551,2326,16.264652,2
1761,156,32.815399,1
2040,1544,3.837338,0
2969,146,89.998886,1
171,97,32.744682,2
1159,1853,88.842934,0
435,1649,19.681166,0
2650,2237,84.275406,0
1423,2423,47.984074,0
1266,828,39.511288,2
2688,2905,50.061436,2
2347,2900,86.389946,0
183,1070,42.790630,1
846,346,44.612701,0
920,2384,81.934845,2
426,1351,86.373627,1
1327,1204,37.142742,1
2138,2087,5.509479,1
2624,1093,33.376152,0
1287,2060,17.968143,2
1625,685,39.524315,0
2420,2391,49.178131,0
2164,2515,41.176464,2
1991,2291,88.226227,1
1434,1196,26.364674,2
1898,362,49.066174,0
390,1755,46.900688,0
2297,957,98.174286,1
1011,1891,87.714462,0
1206,1145,73.375534,1
2196,182,83.785240,0
2718,1935,58.379726,0
2279,1638,34.977726,0
107,1026,28.136246,0
1368,1151,7.728096,0
197,1322,13.837439,1
749,2107,71.103806,0
2962,573,98.044800,1
1182,452,25.122467,2
896,827,36.858799,0
1883,1089,58.457092,1
1712,805,43.394043,2
1214,1097,27.464672,0
2752,333,43.900173,1
2781,1202,45.684338,1
551,1611,53.964085,0
940,1154,78.015465,0
230,2776,35.561596,1
1796,1898,96.574165,0
2321,1918,36.034000,1
1642,2016,27.040152,0
2836,723,73.055054,2
2879,1780,44.103352,1
624,2212,41.673328,1
1583,1880,50.226997,0
2867,1107,79.013199,1
981,177,13.090608,0
2561,2350,96.598297,1
1949,2704,15.344746,0
2155,2207,58.626247,0
2221,1852,43.577286,1
1280,1090,50.015667,2
2463,2971,30.010443,1
2779,924,76.864899,2
1411,2263,26.095139,0
1468,2107,68.025101,1
1200,2457,77.185059,0
2652,1887,34.895130,0
1993,1519,93.074890,0
2434,1795,20.592846,1
161,284,85.846199,0
931,471,48.902039,0
187,1739,78.062340,0
2991,549,12.103034,0
1604,206,30.884399,0
66,1889,40.852436,1
1593,1744,19.148672,1
1224,112,38.436237,2
1325,1286,13.911419,1
328,290,49.240410,0
2053,681,71.924889,1
195,345,90.245956,2
1713,82,33.163525,0
879,194,23.544243,0
2658,662,32.328468,0
1606,665,13.890136,1
2745,1443,47.373196,2
1082,795,14.762405,0
1940,1995,6.247465,0
2713,2631,54.300735,1
449,184,51.567318,1
1107,2048,47.380802,0
2056,1362,2.579846,1
2910,1510,67.645950,0
1085,496,35.733467,0
194,1179,36.166878,0
389,1051,77.887581,1
269,2660,94.973419,0
2821,2360,25.197086,2
1545,2154,55.693947,2
2924,2540,15.726485,1
1623,916,79.754387,1
1379,2388,97.440994,2
1827,2548,95.028351,1
21,2311,71.941086,1
529,1507,1.016052,0
815,38,25.735249,1
1610,2560,73.514694,1
2958,1495,10.497595,2
1173,2416,78.419083,0
1177,309,4.725892,2
1421,1261,9.538751,0
256,2109,83.655174,0
1117,255,93.660149,0
1337,2591,85.564491,2
170,1674,27.822430,0
1155,248,37.003582,1
2694,2818,4.766849,2
111,2743,94.562881,1
379,1247,8.876979,0
1428,1011,11.576571,0
1971,2566,66.477196,1
197,2393,76.920967,1
436,2272,53.795330,0
1330,2190,9.360259,0
706,2682,16.599543,0
412,2226,90.695198,1
2639,516,90.751602,1
2449,2338,11.685244,0
2181,996,36.098888,0
2493,2628,92.587791,1
2721,920,29.078970,0
1492,1228,41.114315,0
2335,2197,0.230222,1
2305,1557,50.897022,1
2912,2197,28.637247,1
562,2032,44.048077,1
99,1591,30.219259,1
2668,2471,41.706837,1
1148,634,47.977158,0
1278,1773,93.462013,0
2032,2498,67.632271,0
1476,1247,30.884462,2
954,1163,61.395157,1
1202,2266,15.360251,2
881,2399,33.956257,1
2304,516,42.568726,2
1588,2910,48.586239,1
139,1861,79.834312,0
998,253,64.334549,0
1692,1263,24.050650,0
1157,1511,6.797059,0
1650,686,33.376751,2
262,2333,66.682587,1
1893,1525,73.917969,1
2249,277,69.669678,0
709,2174,41.493740,1
2880,2793,16.080227,0
112,670,20.706753,1
2719,1679,66.905594,2
1353,657,64.327042,2
1455,728,57.023258,1
969,1066,46.356773,0
571,599,67.717857,0
1981,2118,85.763275,2
1462,1471,10.276719,1
548,10,26.958677,1
2088,754,10.348233,0
721,2982,31.839636,0
2223,1780,33.404873,1
2562,697,4.595171,0
231,2179,90.655769,2
1341,1403,85.958717,1
1093,633,38.581520,0
2044,1398,15.604849,1
2061,2917,17.527754,1
1791,540,23.530678,2
1851,48,24.598917,0
1751,2904,27.125282,1
2706,2777,88.933228,0
754,804,80.066628,0
1602,246,67.760017,0
1163,125,28.323130,1
2050,1206,90.719048,0
186,1714,15.305276,1
1434,1911,78.453415,1
2458,872,54.581329,1
762,1924,58.485451,1
2195,2067,99.411545,1
19,2912,34.270672,2
261,750,67.087296,1
1503,220,30.444883,1
1376,2187,37.635578,1
47,2772,55.424446,0
1951,355,3.822222,0
8,221,43.473816,1
1526,2232,76.343025,2
1574,578,46.913666,0
2203,1494,74.735573,2
784,530,22.966400,1
1033,1288,87.051018,0
833,235,82.539658,2
54,2277,50.376667,2
175,2936,81.000046,0
2148,431,46.186043,0
243,1587,65.291451,0
586,2347,45.802956,1
6,2231,16.371487,0
1859,1998,16.373110,1
724,1945,60.017818,0
717,2353,15.011122,2
1871,385,93.299690,2
1748,548,43.092407,0
212,2898,80.357353,1
2071,104,85.384613,0
1024,756,5.745077,0
2062,2235,17.606302,0
2579,1210,83.424904,0
824,2223,23.853914,1
2932,290,21.599161,1
2123,2343,19.145321,0
798,2990,9.337976,0
226,1573,39.989826,0
1956,726,80.817825,1
4,1640,20.227772,1
1573,688,43.531250,1
921,2890,56.727062,2
842,1157,21.208252,0
1123,2591,72.799622,0
2249,1111,58.015244,1
1216,2107,52.521786,0
160,735,5.360573,1
2082,272,4.432561,2
1152,719,33.421028,0
1336,1313,89.167221,1
218,204,46.317558,2
2491,1951,91.807098,0
1084,41,99.559021,0
417,2988,42.987518,2
778,855,26.953812,1
1081,316,12.426974,1
2429,2200,38.890659,0
1164,1969,75.968933,2
2327,1208,68.134048,0
2677,2890,26.590118,0
1482,2985,91.337029,0
2508,2895,71.296600,1
1999,1758,45.930691,0
1286,821,77.001678,1
2873,1127,8.381326,1
286,2445,46.137386,0
670,2139,28.931631,1
1257,2710,20.142221,1
1161,1774,97.641762,0
2465,1092,40.670605,1
1115,1850,78.875565,1
192,16,37.462280,0
2369,2336,57.014549,2
1508,2961,68.107689,0
1187,1068,10.288247,2
726,1347,46.774120,0
1268,2356,41.079197,0
2447,709,92.013161,0
2144,1856,86.289795,0
2806,2693,2.792569,1
1083,60,90.047462,1
2614,5,90.144913,1
159,1486,38.751698,1
1383,2555,95.059860,2
2151,1258,48.464828,0
747,827,81.627167,0
1802,836,28.095860,1
1818,1193,5.823470,2
1749,1046,82.256310,0
137,879,91.068954,0
2204,275,36.108135,1
1722,2412,9.215549,0
1224,917,65.157288,1
375,2188,32.277626,0
2330,1196,55.269279,0
2571,818,89.502869,0
1512,1224,58.255764,2
2837,1307,55.201847,0
919,1342,26.038624,1
2642,2757,59.730690,1
2823,1700,80.741768,0
620,1702,29.828171,0
486,2768,80.199379,2
1972,55,37.477962,1
2733,2803,54.599094,1
1533,2496,35.610233,1
1025,2652,74.713692,1
2421,2112,41.498367,0
2746,1475,84.267593,0
1414,397,74.178574,0
368,135,70.264862,2
2671,758,22.249195,2
1250,184,69.151123,2
2557,2181,7.925730,2
1395,2036,17.486862,0
1420,845,89.088623,0
2428,323,30.701221,2
1914,1180,69.502594,0
2333,1862,4.293951,0
1570,1876,13.270400,0
2439,2101,80.416817,0
1062,40,98.818787,0
886,498,22.810404,2
2579,1262,86.006210,0
2430,322,17.172941,0
2225,1141,42.673820,0
1059,156,94.065704,2
1490,2750,19.847546,1
1799,96,37.099457,0
2878,2250,44.451859,1
1144,772,30.350063,0
2384,2029,78.416061,0
1418,1821,13.537870,0
957,2096,47.680088,0
1394,774,39.908169,0
1140,276,39.999790,1
1191,2913,24.428146,0
2992,2444,24.826994,1
1127,658,41.017010,1
2663,905,22.426670,0
2000,945,5.158224,0
1560,624,7.254505,1
881,1536,10.337775,0
1201,2823,56.771477,0
940,2585,43.750595,0
1255,2244,92.764687,2
1719,382,41.300766,0
1322,667,36.645302,0
2230,1026,77.122482,0
1390,744,31.100578,0
2187,2946,10.079181,1
214,2870,48.230335,0
935,2500,75.122002,1
2726,2404,5.744429,2
434,1103,34.818928,1
321,2908,16.493774,0
928,2381,21.580091,1
2345,2469,22.230488,1
1129,21,31.546864,2
657,1095,4.714423,2
1470,2144,8.977294,0
455,2533,45.824291,0
1028,1221,86.381767,1
1418,1310,73.840820,2
1823,2280,74.414589,2
2869,636,74.098366,0
1695,1387,48.726566,1
2279,1425,35.358517,2
1458,625,51.735943,2
876,1490,7.181768,1
2646,971,31.057140,1
1610,1910,83.253044,2
449,999,64.827576,1
2107,1580,85.541733,1
2408,2229,77.122719,1
1564,121,51.682281,1
1362,813,71.997299,1
1671,791,26.630537,0
1892,2254,51.946781,0
532,1609,34.103546,0
1633,1460,21.915617,1
2407,526,69.182693,1
213,1642,73.548752,0
1275,2101,5.038512,0
1916,81,50.550915,0
1460,2038,21.411062,2
1326,735,3.203356,0
856,727,50.846241,2
2394,2892,22.495443,0
1338,183,35.502655,1
200,2651,79.221825,1
978,331,99.861031,1
125,2407,85.120468,1
1843,468,67.390854,0
150,376,21.434061,0
2452,2403,82.235046,0
2370,808,97.163109,2
2072,507,28.116743,2
2610,1069,98.167831,0
2466,1740,22.033104,2
940,1085,11.374269,1
210,1544,45.184204,0
2545,1135,95.984619,1
1371,877,58.887222,1
2993,1515,30.954746,0
2883,878,83.212669,0
2513,2557,71.817863,2
2619,2514,11.384481,1
1331,1223,21.653988,0
1364,2011,59.860115,2
576,2507,45.743271,0
1628,306,50.584114,1
1028,516,75.027245,2
1438,2892,75.224678,0
1511,559,37.327320,0
1046,874,58.685341,0
1901,2614,51.730587,2
2038,2212,24.126232,1
291,682,43.415646,2
680,445,83.345299,2
1766,566,17.461657,1
1251,2295,61.934505,1
1415,1299,16.273058,0
2224,1077,48.455196,1
2663,2848,34.940933,1
2003,2797,15.336364,1
1550,857,94.986740,1
1220,1820,8.430027,1
2760,1111,89.894501,0
2431,2278,44.074299,1
1321,2437,1.481764,1
1213,1506,19.045673,1
1332,287,96.653419,2
1945,2301,82.350830,0
1247,1179,72.319183,0
2781,651,91.665573,0
1773,390,98.884438,0
268,514,64.686890,1
1917,833,68.864555,0
142,911,77.164085,1
1501,1635,30.500223,0
2014,913,72.240318,0
2531,2495,4.161097,1
2778,214,66.121414,0
837,1878,80.516624,0
561,719,38.728569,2
2543,2965,63.512566,0
2465,597,59.742073,0
1336,1433,38.894325,1
276,1238,23.784462,1
2278,105,48.226810,1
2870,1932,92.457077,2
2987,2028,73.389420,1
1602,965,94.207573,0
2100,2016,82.945045,0
1571,417,98.613205,0
910,2015,91.572014,1
683,2784,91.311569,0
2681,41,54.469151,0
78,611,18.903650,0
2193,155,26.154722,2
2647,1488,25.250507,0
19,1967,36.978264,2
1240,648,85.703247,0
145,2542,96.257675,0
115,2057,75.952217,0
16,32,10.204008,0
1635,58,15.548678,0
1113,630,91.591728,0
2211,1383,16.472523,2
2922,1668,36.703453,0
833,292,40.230328,0
2950,2353,45.514256,0
1098,1805,81.744621,0
2611,1751,34.248219,1
2281,480,91.356163,2
1981,414,95.912132,0
265,588,98.279236,1
2965,2252,87.989410,1
461,1200,2.570317,0
1325,543,54.682976,1
285,1270,88.144775,0
1124,1199,28.446798,0
908,1613,40.829826,0
2431,2504,18.869593,0
53,1630,76.404686,0
676,613,92.279747,1
374,692,70.521278,1
1379,2537,0.982494,0
2189,1674,65.610680,1
2977,2072,35.779293,2
1617,1025,69.386673,0
1308,2383,58.196186,0
1867,2553,99.975372,0
470,214,23.760799,0
2552,2806,30.758888,1
1286,1775,40.449097,1
1212,792,26.493227,0
2509,448,84.921486,1
1873,1154,42.702652,0
1876,1267,11.010368,1
723,2680,42.802681,1
2816,1339,57.410461,0
1745,794,64.715424,0
1163,930,46.700314,2
2570,2461,64.312080,0
1221,2383,51.113766,0
2411,1381,86.441635,1
1007,123,53.135288,2
1563,35,8.965683,2
475,945,42.003441,1
323,629,14.293978,0
2975,891,99.284637,1
2591,1337,90.065971,1
1164,65,66.850616,1
184,1832,88.341362,1
57,2068,3.986145,2
2240,2993,2.708080,1
2144,2423,75.906845,1
1425,321,2.403567,1
665,1651,82.089851,1
1805,1585,39.367691,2
1070,1918,4.766355,0
2940,1309,95.799591,0
428,2553,55.824249,1
207,2464,33.057053,1
2573,1271,99.298492,0
