node,label,f0,f1,f2,f3,f4,f5,f6,f7,f8,f9,f10,f11,f12,f13,f14,f15,f16,f17,f18,f19,f20,f21,f22,f23,f24,f25,f26,f27,f28,f29,f30,f31
0,2,2.060688,-0.301691,0.851964,1.749318,-0.616104,0.493815,1.108243,-0.942376,0.444255,0.210047,-0.433450,1.601699,-0.046109,2.330008,0.794258,-0.599183,0.352990,-0.657337,0.899413,0.744160,-1.070719,-0.309728,0.561886,0.154866,-0.863540,1.165091,1.431406,-1.363049,1.534898,-1.915714,-0.052759,-0.574161
1,3,-0.466920,0.251013,-1.070073,0.468655,1.717689,0.513086,1.525798,0.914721,-1.523422,1.806976,0.904364,0.712020,-0.300294,-0.442600,-0.958544,-0.079266,0.180663,-0.084499,-0.080792,-1.834384,-0.671749,-0.707830,0.355841,-0.380046,-0.380725,0.145715,-0.405848,-0.220643,1.125309,-0.105272,-0.831964,0.635811
2,3,0.833844,0.663849,-1.234489,1.470733,0.096842,0.180299,0.138594,0.501867,0.530880,1.490128,0.297751,-0.023058,0.686273,-0.041305,1.122933,0.214592,0.786478,-0.435399,1.027699,0.671933,-0.755042,-0.298334,0.149023,-1.212454,-0.988942,0.534976,0.551059,1.363600,-1.183117,-0.294557,-1.903311,1.750677
3,2,-1.222618,-0.182494,2.418870,1.435057,-0.784874,2.233642,0.485572,-0.947912,0.299180,0.663058,0.650928,-2.015929,1.817080,-1.516049,-0.172810,1.420803,0.414130,-0.001953,-0.554493,0.590365,1.369440,-0.499139,0.444517,-0.325751,-0.369494,-1.971490,0.288858,0.949940,-0.100699,1.061561,0.220714,1.240580
4,3,0.202737,-0.292051,-0.417139,0.654601,0.348839,-0.689210,-0.077089,-1.219880,-1.227762,0.694521,0.423681,0.928511,0.210644,0.313830,1.847171,-0.731684,0.352963,1.591998,2.034444,0.617806,-0.032040,-0.942071,-0.080714,0.215158,0.084944,0.552481,0.611805,-0.387976,-0.794818,-0.218086,0.479021,1.628679
5,3,-1.508438,1.084944,-0.218774,1.606680,1.860906,0.531454,-1.045103,-0.351732,0.395157,-0.269874,-0.020510,-0.697785,-0.169303,-0.555265,0.863319,0.334178,0.748522,-1.521753,-0.392180,-0.671912,-0.374081,-0.800497,-0.654218,1.544720,-0.220577,-1.163887,-0.245758,2.186002,0.711376,-0.852151,-0.204210,-0.034917
6,3,0.067011,-1.736399,-0.872751,0.369558,-1.615261,-0.145541,0.097124,0.768710,1.042501,-0.148517,0.243792,0.675127,0.996008,0.099828,-0.688204,0.594634,0.843169,0.170502,0.576855,1.550318,-0.449248,-0.637879,-1.003235,0.366327,0.937568,-0.448882,1.762486,-0.519218,0.294436,-0.071717,1.359407,-0.561831
7,0,2.112497,-0.126035,-1.238323,-0.502388,-0.112427,1.644521,-0.416137,0.031733,2.020938,0.188733,-0.562533,-0.668737,-1.453461,0.372304,1.187498,-0.317226,-0.980291,0.287037,0.029365,-0.113982,0.445606,0.044735,-0.336864,0.964731,-1.763999,-1.074095,-0.263818,-1.293611,1.437906,-2.098423,0.664491,0.533334
8,1,0.315698,0.894868,-0.558115,-0.702984,1.341388,-0.156892,-1.418081,-1.201300,-1.492386,0.237866,1.076416,-0.318114,0.117835,-0.501150,0.837140,0.830389,0.880627,1.720335,-1.176528,0.773718,-1.476614,0.705593,0.798834,0.717226,0.796901,-0.092073,-0.569249,0.772386,-0.555547,0.722862,-0.761939,0.371859
9,2,0.325582,-0.745056,0.248262,0.926747,0.085724,0.552292,-0.464805,0.166114,-1.340292,-0.676121,1.246523,0.577989,0.072378,0.190447,-1.219544,0.454811,-1.108425,-0.640154,0.710611,-0.652683,-0.442956,-0.041313,0.133714,1.309330,-1.586477,-0.357792,0.585448,-0.439827,-0.352454,-0.752577,-0.275471,0.630076
10,1,1.193104,0.845582,1.319139,0.109540,-1.557941,0.728140,-1.898951,-0.044284,0.009725,-1.065027,-0.185047,-0.506710,0.142241,-0.277681,0.586137,-0.349959,0.584729,0.008836,0.240970,0.122650,-0.440153,1.065782,0.561569,-2.133368,-1.142911,1.618480,-0.251346,2.663223,0.420485,0.439139,-0.425868,-0.197277
11,1,0.161477,1.369793,0.101187,-0.032853,-0.923890,-0.437762,-0.401909,-0.128472,-0.701388,-1.043970,-0.312541,-2.344147,-1.454394,-0.816299,0.319282,-0.713324,-1.092040,0.562368,-0.202935,1.193975,-0.293178,-0.761830,-0.448718,1.560554,1.338357,0.036332,0.864259,-1.420456,1.061268,0.202195,-0.202432,-0.100970
12,2,0.110111,-0.554245,0.006364,-1.280902,1.318129,-0.994548,-0.312539,0.791681,0.964456,1.155693,-0.749790,-0.621187,-0.276631,-1.954576,0.595897,-1.766717,-0.364304,0.603152,0.537552,-0.668938,0.598965,0.751972,-1.845728,-0.509664,0.354334,0.142661,-0.464841,-0.367462,1.905178,-0.606522,0.732221,-1.378315
13,3,0.238688,0.722727,-0.636273,-0.320207,1.513265,-0.400417,0.757030,-1.552558,1.415729,-2.037833,-1.029712,-0.712709,-0.196822,0.049293,1.380982,1.846906,1.663318,0.679848,0.108901,-2.030540,-0.160705,-0.623896,0.514967,-1.022421,-0.854978,-0.768617,0.540982,0.094868,-1.029730,-1.691146,-0.601000,-0.666510
14,2,-0.581799,0.012275,1.121032,0.675491,-0.695514,-0.779588,1.368773,-0.281082,0.628199,0.131890,0.316177,1.464065,-0.258310,1.009071,0.474483,-0.162114,-0.459718,-0.516473,1.074857,0.923184,-0.811482,0.368398,-1.722678,0.045492,1.932562,-1.132775,0.282099,-0.586922,0.078042,-1.006089,0.173726,-2.211466
15,0,0.249003,-0.308474,-0.098242,1.901539,-1.112389,-0.670879,-1.313020,0.452606,-0.010405,-1.141693,0.857138,0.230121,1.326391,0.688280,0.045370,-0.779221,-2.084786,-0.612520,1.030393,-0.273001,-0.854088,0.181261,0.645953,2.594575,-0.997925,-0.392232,-1.144886,-0.759040,0.804496,-0.171787,-1.462958,1.202325
16,2,1.615630,0.682921,-0.524328,-1.097671,1.150709,-1.048476,-0.621206,-1.476340,1.744739,-0.726800,-0.249442,-0.803429,-0.740755,-1.209873,0.963956,-0.752132,1.293975,-1.332102,0.352967,0.817815,-1.216821,0.121277,-0.660936,-1.172698,-0.527270,-1.923505,-0.408243,-1.610740,0.504499,1.330844,1.219005,-0.835712
17,3,-0.261452,1.773822,1.101266,0.982078,-2.178731,-0.447033,2.015259,0.328935,-0.549666,-0.036833,2.203588,1.132540,-1.357733,-1.216747,-0.075005,1.142383,-0.850482,-0.669783,-2.601956,-0.728606,0.457559,0.458884,-1.563784,0.630745,-0.957762,-1.540235,0.327167,-1.765756,-0.637207,-1.039345,-0.338265,0.015485
18,0,-0.136934,-1.026592,-0.710437,-2.553963,-0.327540,1.815278,0.165202,0.961001,-0.146947,-0.127743,0.304555,0.529893,0.501398,-0.940757,-0.096240,-1.580707,0.905961,-0.142095,-0.387583,-1.353060,0.354074,0.877878,0.397398,0.985318,-0.856349,0.814952,-0.090763,-2.715267,0.188757,-1.064563,-0.224319,-0.728235
19,2,-0.935346,0.972264,-0.105898,0.117762,0.633197,-0.426706,-1.268043,0.025780,-0.127246,-0.918739,0.089110,1.240321,0.942748,1.524508,1.367093,0.199539,0.024094,-1.063214,1.183224,-0.547037,0.585050,1.660247,0.139089,-1.450375,-1.007552,-0.330855,1.335036,-0.307908,-0.123600,-1.053460,0.353123,0.106626
20,1,0.801782,-0.434291,0.602228,-1.407384,-0.675305,-0.558630,-0.216683,0.373890,-2.333954,-0.111740,-0.422370,-1.351891,-0.338876,0.409701,-0.483803,-0.518663,0.643730,-0.776902,1.017933,0.357065,0.405617,0.570968,1.225627,-0.720492,1.129954,-0.882877,0.363010,0.598053,0.147082,-1.101618,-1.204214,-1.093656
21,3,-0.042566,0.175960,0.558976,-1.007809,0.319685,1.020477,0.171576,0.000186,0.821190,1.582701,1.489789,1.540641,-1.232304,1.461335,-0.273622,0.873751,-0.554864,0.408277,-0.525617,-0.240416,1.953387,-1.138882,1.017957,0.113406,-1.046021,1.350992,0.085286,-0.496634,0.387476,-0.736594,1.709490,-1.411907
22,0,0.052956,-1.922908,0.305169,0.872132,0.979462,1.595034,0.059427,-0.380548,0.985145,-0.520288,0.412172,-0.385876,-0.637024,0.030979,1.192385,0.986603,0.228060,-2.502597,0.106213,0.476442,0.640267,-0.606385,1.101661,0.433241,-1.773294,0.850096,1.730532,0.375336,-0.669479,1.914191,1.111509,-1.698811
23,1,1.160694,1.013873,0.393733,-1.639601,-1.561977,0.272001,2.004219,0.263816,0.181404,-0.525435,-0.310618,1.100515,-0.696421,1.931186,0.532660,0.364360,-0.083988,-0.684278,-0.224364,-1.428686,0.074616,-1.892365,2.177732,-0.086495,-1.554458,0.211199,0.064691,-0.609488,0.189324,-0.869875,-0.204019,-0.257593
24,3,0.408181,-0.629751,0.205821,-2.385217,0.992623,0.106813,0.473237,-0.312072,0.813199,-0.099150,0.147749,0.026138,-0.584778,-0.950833,0.489682,0.589619,-0.084954,1.216680,0.108224,0.466435,1.075064,0.695271,-0.194752,-1.095608,-0.770221,-1.056788,0.777290,-3.554746,1.990644,-0.894641,1.065881,0.295487
25,1,0.531276,-0.797163,1.028521,-0.093691,0.623524,-0.930398,-0.029991,-0.697414,0.319322,0.689574,-0.215530,0.449395,0.519740,-0.053584,-0.261983,-1.914086,1.062351,0.178950,-0.237478,0.219038,-0.508625,-0.299859,0.504435,-1.491664,-0.294552,0.252803,-1.541042,-1.063726,1.262065,2.193151,0.324484,0.692256
26,0,-0.323559,1.374129,-0.017272,0.131995,0.443457,-0.523093,-0.653065,0.013849,-1.010974,-0.540188,-2.526862,-0.968425,0.488838,1.126626,0.629923,-0.803686,0.101411,-0.916329,-1.036464,0.999471,-0.350057,-0.302683,0.207761,0.946209,0.150498,-0.209135,0.368550,-0.039088,-0.261742,-2.137037,-0.810108,-0.068371
27,3,-0.944580,1.904853,2.348064,2.274647,-0.793096,0.587947,0.518941,0.459077,-1.456281,1.036229,1.799828,0.934727,2.226994,-0.158123,0.822962,1.425041,-0.762762,0.032040,-0.584513,1.027210,-0.958982,0.467541,-0.361342,1.047840,-0.344301,0.010316,0.413949,-0.579828,-0.266296,-0.078579,-0.337106,0.409526
28,3,-0.606623,0.223442,-0.172289,-0.010134,-0.983747,-1.762300,-0.614802,0.606108,-0.281808,1.525973,-0.927195,-0.352274,-1.541528,1.126190,-1.319438,0.433756,0.279290,2.552236,1.306538,0.774449,0.140719,1.852090,-0.345760,-1.203778,0.877687,-0.044230,-0.671360,0.354461,0.520051,-1.505395,0.976798,1.980293
29,3,-0.361130,-1.455407,0.284135,0.406081,0.795066,0.939197,-0.090598,1.532606,-1.868545,-0.661907,0.213545,0.425455,-0.056799,0.482904,-1.241206,-2.243788,0.856694,1.365763,0.049318,-1.105041,-0.644117,0.651297,0.265269,1.359436,1.692092,1.284450,-0.164253,1.100714,0.564426,0.271442,0.238005,-0.031042
30,3,-0.952473,0.416131,-0.715460,0.495562,0.832828,0.810034,-1.796381,-0.639770,-1.056563,0.296541,-0.709634,0.948233,-0.432424,0.474687,-0.952850,-0.723401,-0.268810,0.435518,-2.038367,0.074034,-1.444253,0.159921,-1.789266,-0.445491,1.164402,1.412087,-1.030261,1.649872,-0.456459,-0.002624,0.461814,0.062805
31,1,0.308268,0.640726,0.806060,0.165272,-0.486796,-1.052834,-1.093897,-0.148743,0.636709,0.244084,-0.374321,0.350771,-0.635120,0.040283,0.371790,-0.447171,1.237254,1.026207,-0.365381,0.537082,0.113648,0.246513,0.244546,1.227865,0.260197,0.241695,0.870608,0.838941,1.653521,-0.826833,0.634309,-1.817191
32,2,0.016432,-1.269805,-0.800015,-0.129471,-1.059302,-0.295380,-2.671903,1.332652,-2.632894,-0.667511,1.647270,-1.350102,1.657370,1.074070,-0.085659,-0.359942,-0.284171,0.269317,0.955904,1.300062,-2.066079,0.857341,0.610783,-1.199750,0.881488,0.918239,0.903154,-0.058423,0.782374,1.200185,-0.636180,-0.481997
33,3,-0.568760,1.165716,0.027820,-0.210431,-1.003318,-1.248058,0.223054,0.828478,1.250952,-0.980261,-0.950778,-0.938557,-0.852210,-1.492648,1.489142,0.437334,-0.521615,-2.537014,1.306450,0.725445,0.085386,0.663070,-0.711327,0.592140,-0.578664,0.406247,-0.192889,-1.330483,-1.099537,1.014113,0.935150,-0.226258
34,2,-0.738924,-0.493949,0.824848,-1.402110,0.899565,-0.852233,-1.158879,-0.080741,1.831245,-0.739854,-0.421920,-1.196751,0.196336,0.218774,-0.061084,-0.433657,0.311165,0.737775,-0.493479,-0.299088,-0.687177,-0.607285,1.117662,-1.050697,0.109005,0.953526,-0.566957,0.497986,0.653727,-1.506991,0.883144,-1.074416
35,3,0.042632,-1.585763,-1.677067,0.168809,1.509566,2.443959,2.634477,1.273800,1.109429,0.702731,0.608780,-0.403894,-0.492820,0.377160,0.421954,-0.651205,-1.216363,-0.763292,3.272910,-0.732187,1.396844,1.175728,1.034205,-0.637882,1.971818,0.262136,-0.622568,-0.738933,-0.169337,2.070806,-1.313762,-0.700282
36,2,-0.020309,0.455286,-0.591764,-1.022398,-0.589444,0.625704,-0.209118,-0.267991,0.152850,0.067034,0.895430,-0.769288,-0.040595,-0.683659,0.677980,0.777133,-0.282560,1.133315,-0.228395,1.350352,-0.420532,-0.473408,-1.512549,-1.043107,-0.422030,-2.141981,-0.062287,0.807291,0.493929,0.152377,0.625925,-0.604996
37,0,-0.016205,0.788929,-0.176864,0.943637,-0.514625,0.635068,1.194539,-0.122602,1.650699,1.515362,-2.445011,2.602306,-1.642412,2.415720,-0.925517,-2.141037,-1.386638,0.420962,-1.051817,-0.606554,1.167452,-1.046404,0.451330,1.228001,-1.889690,-1.211340,0.176349,-0.045468,0.247327,-2.040391,-0.882433,0.358968
38,1,0.554479,1.735116,-0.415809,-0.756050,-1.006726,-0.959701,-2.079042,1.656525,-0.483959,-0.749394,-0.681828,0.508060,0.050074,-0.836644,0.947858,0.206155,-0.252684,-0.068985,1.115750,0.633891,-0.163765,0.970358,-2.232140,0.648090,-0.913524,-0.696953,-0.309593,1.807202,-0.232276,-0.211979,0.529143,-2.079484
39,2,-0.300206,0.617260,-0.565112,0.513693,-0.827560,-1.573271,0.818184,0.017338,0.699556,0.117098,-1.128936,0.966590,0.378580,0.374537,-0.422012,-1.130640,1.413045,0.772821,0.175076,-0.598855,1.334185,-0.846630,-0.765303,2.134083,0.610108,0.921823,0.723471,2.118293,0.416602,0.513914,-0.856055,0.059075
40,1,-1.510720,0.134066,-0.005974,0.730309,1.363210,-0.671478,-1.060620,0.279078,-0.863634,1.699154,1.266514,-0.970650,0.230198,1.286675,-0.906397,-0.480256,-0.071016,1.364776,0.474058,-0.238694,0.324234,0.036716,0.172002,0.471252,0.228290,0.638867,-0.003533,-0.295369,-0.321570,-1.611620,-0.509836,1.754070
41,2,-0.087825,0.477278,1.315815,-0.524849,-0.382033,0.467437,-0.970657,0.843471,0.622448,0.182215,0.198487,0.674393,0.053739,-2.522956,0.458844,-0.977656,-0.536780,-0.463289,-0.457488,-1.701861,-1.925855,-0.110083,0.015111,0.393584,-1.282116,-0.319392,0.769145,-0.377184,-0.590576,2.010173,-1.653630,-0.799829
42,1,-1.090833,0.002309,3.144866,-1.030686,-0.270684,-0.530425,-0.759923,0.830898,-0.440958,1.084853,1.433080,-0.457533,1.430433,-1.149783,0.366873,1.072626,-0.970085,-0.007191,0.534892,0.637249,0.406877,2.048587,-0.078100,1.265961,2.184886,-0.546096,-0.349326,-0.962678,0.779303,1.485120,-1.669317,-0.852197
43,3,-0.538536,2.293753,-0.293684,0.958804,-1.123595,0.953078,-0.966241,0.014499,-0.948884,-0.009235,-0.063256,0.306783,0.293200,1.887834,-0.646617,1.412583,0.403040,-0.087447,0.395310,0.343628,0.935556,0.901403,0.703093,0.354045,-1.485906,0.946461,1.204671,0.470904,0.401123,-0.740586,0.374685,0.958224
44,0,-0.706286,-0.369520,-0.434169,1.321996,-0.363008,-1.718441,0.222455,1.385993,-0.091145,-0.365526,0.280086,1.744447,-0.190626,-0.194792,0.477705,-0.705875,-1.617441,0.211498,-0.294405,0.420426,0.197934,0.586953,-1.009473,0.383673,-0.842315,0.409501,-0.368003,1.724235,-0.822259,-2.191004,0.179047,-0.405335
45,2,-0.864982,0.257974,2.173123,-0.120581,-0.654822,1.439102,1.147919,0.044988,-0.513692,0.729758,-0.668475,-0.605544,-0.795520,0.539345,1.496085,0.064518,1.754302,-1.940776,-0.030531,-1.693604,0.873050,1.257008,-1.777819,-0.776998,0.030040,-1.503797,-0.907240,-1.044372,0.007306,-0.817859,-1.213813,-0.880687
46,0,0.287395,-0.035216,-0.305289,1.071234,-0.481699,-0.023108,0.470150,-0.459852,1.198017,0.640638,0.666985,-0.969610,-0.236519,0.456169,0.937994,-0.704531,-0.593030,-1.379213,-1.553554,0.988808,-0.083552,0.468271,0.996596,-0.083227,0.057277,-1.062685,-0.635574,0.374556,1.320628,0.961023,-0.707830,-0.779669
47,0,1.154965,0.445336,0.507299,0.235860,1.229508,0.260260,1.404832,0.527582,0.023453,-1.080616,0.322095,0.883540,0.187975,-0.929046,-1.788906,-0.258088,1.730264,-1.071962,-0.438088,0.179958,0.955001,-0.933306,0.058407,0.302964,-1.120712,0.410995,-0.980427,0.179788,0.623162,0.101087,-1.188717,0.688443
48,2,0.715819,0.164817,1.311616,-0.426478,-0.785758,-0.157848,0.484079,0.881960,-0.655571,0.222877,0.174850,-0.460168,-1.942038,-1.645793,0.913238,-1.467771,-1.744029,-1.410600,-0.344520,1.226723,0.342799,-0.482718,-0.324484,0.401986,0.027537,-1.721109,1.160588,0.871401,-1.047786,-0.243235,0.410704,0.262558
49,1,-0.328772,0.566904,1.754995,-0.289242,0.958848,0.256788,-1.100374,0.640428,0.367175,1.155807,1.581016,1.058264,0.350279,0.561518,0.860477,-0.731216,-0.924353,0.796564,-1.038208,-0.225723,1.773128,0.925986,1.245902,0.005371,1.156316,-0.771399,-0.744269,-0.134353,-0.650682,1.279181,-0.135351,-1.112168
50,1,0.882355,1.210927,1.163029,-1.135961,-0.816517,-2.178463,0.368018,-0.077553,-0.555928,1.296631,-0.745701,-0.502550,-0.872315,-1.015987,-0.077047,-0.218289,-0.387619,-1.127061,-1.356434,-0.646034,-0.127448,-0.914668,-0.488475,-0.417837,-0.986699,-1.535609,-0.224053,1.466928,0.397748,-0.179152,-0.739482,-0.676171
51,1,0.984319,-0.653117,1.701240,0.033283,0.294624,-0.336175,0.947174,0.929429,-0.688352,1.810268,0.219606,-1.413067,0.519766,0.357726,0.224981,0.889275,1.108498,-1.107725,-0.153637,-0.094034,0.087024,-1.699236,0.290143,0.104763,1.917757,-0.784537,-0.431139,0.482232,0.034235,0.899441,1.226549,-0.819794
52,3,0.149120,0.678393,-0.689911,2.723206,0.337669,0.204396,-1.441199,-0.622817,-1.909065,0.692872,-0.745647,0.097611,0.391578,0.212060,-0.382481,0.741812,-1.083152,-1.826657,-1.443205,0.731833,1.369613,-0.671548,-0.553680,0.370838,-1.338930,-0.525557,-1.448692,0.009107,-2.918036,-1.547045,-1.777760,-0.141701
53,2,0.400703,-0.111522,2.447100,-0.038138,-1.020023,-0.531941,0.578561,0.374469,2.045494,0.128004,-0.992156,-1.146543,0.719286,-2.814579,0.316298,0.762026,-0.508314,0.171753,1.221341,1.401712,1.300277,0.910220,-0.217433,-1.229393,-2.142787,1.699689,0.970379,-1.317465,1.027034,-0.480209,-0.568382,-1.251865
54,1,1.993362,-0.913046,-1.174336,0.638343,0.770094,0.467758,-1.070328,-0.249115,-0.905877,-0.538591,1.752164,0.235394,0.745736,-0.935757,-0.574668,0.410871,1.164946,-0.187857,1.458423,2.358099,-1.809554,-0.018502,0.630694,-0.243081,1.637450,0.093825,0.313615,-1.615337,0.961927,-0.353425,0.405142,-0.295379
55,3,-0.725236,-0.206825,-1.304510,0.212485,1.061455,0.901546,-1.006801,0.786972,-0.428628,-0.688494,0.543837,0.667801,-0.671562,0.885850,-0.055666,2.100153,-1.525594,-0.277772,-0.325180,-0.887359,-1.394946,1.186156,0.248572,-1.413220,-0.587713,-0.419453,0.287960,-1.019856,1.439887,-0.012274,1.396586,0.520374
56,3,-0.285056,-0.190530,0.377855,0.647408,0.250125,0.756035,1.218752,-1.019693,-1.635213,-0.922578,1.212787,-0.194851,-0.638480,0.339418,0.721596,-1.122276,-0.992758,-0.056448,-0.117304,-0.750001,2.245058,1.225070,-0.168179,0.656568,-1.213603,0.915881,-0.200793,-0.711881,-1.375776,0.811148,0.060349,-0.594240
57,1,0.992575,0.235350,0.247843,-0.489593,0.396681,-1.169594,-0.421570,0.034494,-0.838814,-0.567804,0.700190,-0.501931,1.033705,0.404765,0.007063,-1.501693,1.485888,1.448533,0.287942,0.136929,0.068259,-0.412824,-0.249092,0.403312,-1.495935,-0.045219,0.407443,-1.752369,-0.665526,-1.561271,-1.448231,0.525698
58,0,-0.701671,2.585992,-0.226003,-0.864018,-0.332556,-0.065643,0.240092,0.264393,0.252676,1.031459,1.142406,0.027102,0.328330,-0.780301,-0.639466,-0.411658,1.304910,-0.732568,0.168224,0.094248,0.765822,-0.620822,-0.409496,1.055183,0.240033,-0.541147,1.160395,0.112618,-0.510528,0.913459,1.764616,-0.392217
59,0,-0.479561,-2.336249,1.825716,-0.528227,-0.293811,-0.983937,-0.169944,-1.032645,1.526594,0.706568,-0.521783,-1.200386,0.597490,-0.818318,1.287264,0.298698,-0.017754,-1.168032,0.264421,-1.293686,1.173470,-1.938837,-0.336406,2.369694,-0.475191,0.751101,1.075935,0.377808,-0.096423,1.053021,1.094205,-0.514784
60,0,2.112586,1.348255,-0.955086,0.571732,0.618234,0.214629,-0.549419,-1.128958,0.564748,-1.519022,-0.499058,-1.857667,-0.632119,0.226665,-1.342624,0.840736,0.998677,0.487807,0.726234,1.532108,0.817467,-1.600119,-0.071697,-0.751854,0.109155,-1.590058,0.137053,-0.175077,0.611008,-0.873065,-0.182042,-2.015982
61,2,-0.087059,0.022383,-0.752173,0.065184,-1.294372,0.522634,-0.759235,-0.364189,1.682213,0.611557,1.553300,1.074226,-0.036586,1.605003,0.337051,0.063489,-0.355402,-1.095558,0.618848,-0.137610,0.529024,-0.019659,0.695514,-0.480368,0.347908,1.113056,1.394143,0.127148,-0.791126,1.599740,1.368117,-0.480579
62,2,1.452959,0.708713,-0.211706,0.330760,-1.017015,-0.166119,-0.191901,0.131768,1.280351,-1.245953,-2.822060,0.871696,-0.100953,1.110805,1.022434,1.828066,-1.757277,1.718156,0.148913,-0.290858,1.734490,1.411755,-1.161501,-0.418814,1.621807,-1.176974,0.573738,0.715366,0.032484,-0.303685,1.002887,-0.002165
63,2,-0.755758,0.829298,-0.774909,-0.249194,0.639825,-1.195145,1.651898,0.542881,0.135578,-0.828271,0.382417,-0.143861,0.557887,-0.372352,0.456226,-1.302414,-1.358179,-0.623951,-1.860888,-0.156983,0.142033,-1.601757,-0.139771,-0.608545,-0.656936,1.273954,-0.354669,-0.022908,-0.590859,-0.499050,-0.115583,0.032310
64,3,-0.227990,1.041698,-0.228970,0.430497,1.728388,0.254676,0.865247,0.727525,-0.336455,1.338908,0.313863,0.215407,0.160491,0.451342,0.887747,-2.024046,1.411608,-1.954028,-1.157596,0.676908,-0.124284,0.723388,-1.130598,0.087918,0.612745,-0.778309,-0.674939,0.182943,0.535567,-2.418156,-0.306952,0.328622
65,3,1.477821,-1.080746,0.149391,-0.540115,-0.907840,-0.585987,1.673907,0.586761,1.004882,-0.059883,1.140179,0.099904,0.799810,-1.380575,-0.788209,0.760842,2.239458,1.989879,-0.916989,-0.098327,-0.167676,2.643119,-0.642856,0.308322,1.283558,0.776558,-1.173011,2.083725,-2.025620,0.325416,-0.349824,-1.364731
66,2,-0.324327,-0.351763,-0.623266,-0.505107,-0.185596,0.196261,-2.161363,-0.525930,0.077076,1.037490,1.150244,-1.752975,-0.586261,0.271159,0.777811,1.760987,-0.284339,-1.228081,0.081821,0.288350,-0.616301,-0.890490,0.653274,-1.271770,-0.536372,0.332182,0.192946,0.097173,-0.916710,-3.544102,-0.866325,0.662666
67,2,0.907535,1.571383,1.052049,1.441225,-0.024447,0.466910,2.155850,-0.665364,-0.513554,1.238499,0.918421,-1.630070,1.369437,-0.720203,-0.657974,1.080869,0.541806,0.595635,1.496489,1.046005,-2.523318,0.344061,0.771860,0.055502,-0.210785,0.302738,0.287430,-0.004821,-0.078811,-1.042994,0.148524,-0.674301
68,0,1.357968,-0.497236,-0.372953,-1.287768,-0.251822,0.566071,-1.166547,1.153186,0.075444,-0.235357,0.722968,0.314938,-1.970813,0.974629,0.589652,-0.075329,-3.190185,-3.910444,-1.877044,0.766980,0.911679,0.056903,-0.098794,-2.332552,-0.109935,-1.020542,-0.246907,-1.109676,0.719247,-0.379619,0.295389,-0.108919
69,1,-0.785885,-1.083204,-1.343801,-0.977268,0.025294,1.960282,0.346724,-0.152759,0.858254,-1.174938,0.248456,0.263249,-2.270846,0.253996,-0.634750,-0.146578,-0.315294,0.091301,-0.827737,0.827678,0.947855,-1.035971,0.197040,-0.271590,1.260356,-0.822716,0.104765,-0.222230,-1.474280,1.048440,0.243842,-1.272998
70,3,0.804096,0.949057,-1.599008,0.216722,-0.329491,-0.254082,-0.143574,-0.477633,-1.825018,-0.019625,-1.385306,-0.654965,0.461386,1.842364,1.367257,-0.722175,-0.215088,1.381569,0.571137,0.912378,-0.789232,0.613653,0.719149,1.458074,1.866658,-0.576006,1.520021,-0.172117,0.191464,1.563119,0.329618,0.672885
71,3,1.807166,2.416928,0.845761,-0.377154,0.319806,-0.463607,-0.283707,0.438898,-0.211179,0.041931,-0.082778,-0.147539,-1.911531,-0.285304,-0.209208,1.511022,0.774353,0.224935,-0.638666,0.441338,-1.526332,0.598528,-0.784709,-0.748929,1.090145,-0.057730,-0.221707,-1.264236,1.262819,-2.645334,0.422719,0.228827
72,0,0.901016,-0.673978,-1.096733,1.739497,0.432360,0.900528,-1.690207,0.975433,1.477715,0.817759,-1.732993,-1.208626,-2.680973,0.217770,0.949405,0.235911,-0.557586,-1.026324,0.756933,-1.117552,1.847569,0.482832,1.381309,0.117119,-0.278732,0.485141,-0.843861,-0.251670,-0.159585,-1.000707,0.460533,-1.178305
73,1,-2.003582,0.102335,-0.224779,-0.427309,-0.141146,0.021202,0.165109,-0.088081,-0.162095,-1.736591,0.370269,0.922677,-0.508097,-0.917336,0.828260,-0.693963,0.147726,0.464399,1.108630,3.136619,-0.192356,-3.307206,0.151383,-0.755902,0.691276,0.415743,0.974148,0.014197,0.963247,-0.466463,0.804704,-1.089617
74,1,-0.906738,0.401894,0.664528,-0.978165,0.001766,0.644216,0.708498,-1.169154,1.883746,-0.387952,0.412298,1.535712,-0.775486,-1.960928,1.233335,-1.468839,0.148604,-0.892650,1.958260,0.383064,1.802446,0.553589,-0.540324,0.934980,-1.033311,-0.569413,0.945735,0.785872,-0.967640,-0.160528,-0.207115,-1.302349
75,2,1.172758,-1.289122,0.378821,-0.036752,0.068286,-3.219722,0.149336,-0.651282,1.332480,-1.533959,0.987765,0.550843,-0.844348,0.207912,0.666267,-1.343282,-1.822593,-0.378535,0.660772,0.362991,0.083210,-0.607745,-0.497894,0.904566,0.548544,1.730784,0.693617,0.193068,-0.339852,0.028712,1.605313,-0.429148
76,0,0.240356,0.338141,0.569283,1.447727,-0.063547,2.304657,0.156997,0.323879,0.383380,1.511187,1.042154,0.315829,-0.954698,-1.246966,0.383737,0.383958,-0.060527,0.318967,-0.631556,0.334755,1.417233,0.542096,0.169082,0.267523,1.074224,-0.566996,-0.357678,-0.715042,-1.719212,1.383472,0.780645,-0.740703
77,1,1.921992,-0.183403,0.488331,-0.710387,1.447163,0.572539,0.767819,0.724676,2.405728,-2.242131,-0.336287,0.213375,0.672668,0.034827,0.120730,1.022299,1.081775,-0.401224,1.427619,0.228234,0.429694,2.343864,1.745305,-1.753287,0.978844,1.195805,0.569687,-0.427265,1.704682,-0.310075,0.169157,-0.590471
78,1,-0.047447,-0.881830,1.325877,-0.506885,0.168356,-0.272357,1.673909,2.278367,0.629212,0.314045,0.375198,-0.855343,-0.889417,-0.485832,0.186147,-0.587905,-0.198917,0.109914,0.718796,0.191757,-0.557253,-0.011501,-1.303729,1.209304,0.782953,0.506877,-1.722710,-0.309966,0.157951,-0.385807,0.706286,-1.511602
79,0,1.070799,1.170999,-0.488954,-0.549186,-1.161564,0.544211,-0.193784,-0.036902,-0.711773,0.493157,0.018824,-0.193683,-0.404554,0.351487,-0.438718,-0.702850,-0.537771,-0.548375,-1.204536,1.762118,1.559769,-1.681710,-0.748854,-0.997683,1.552499,-0.523559,0.418146,-0.870739,-0.296067,0.846589,2.155883,0.166161
80,3,1.443007,1.644427,1.365422,1.838217,-0.683255,1.117470,0.244687,-1.925661,0.655477,0.127545,-0.748367,0.741066,-0.765618,-0.379227,-0.488909,1.454852,-0.565785,1.846406,0.595574,1.403779,0.240488,0.187274,0.293924,0.943030,0.490527,0.962162,-0.961208,1.206339,1.625397,0.841236,0.742869,0.582563
81,2,-0.428859,-0.936571,0.455120,0.211929,-0.114181,0.539326,-0.517224,0.033973,-0.879473,-1.112252,1.541200,0.361807,-0.063853,-0.906954,0.501324,1.955802,-0.656446,-0.298335,0.467278,-0.910330,-1.973220,0.731793,-0.167916,1.089984,0.932419,0.140072,-1.413073,1.321202,0.554293,0.250035,0.184858,0.112136
82,0,1.075229,-1.086774,0.226014,-0.952335,-0.777910,0.016142,-0.431626,0.134496,-0.021271,-0.604178,0.689495,0.490320,-0.290561,-0.740543,1.469660,-1.409458,0.572678,-0.701533,0.804702,-0.159701,1.822971,0.475415,-0.302435,-0.701323,0.641878,-0.043306,-1.679798,-1.240348,-1.782339,1.614026,1.396891,-0.127127
83,3,1.132039,-0.201432,-0.209329,0.352436,0.631332,-0.598516,0.379877,-0.037764,-1.894792,-1.427245,0.760722,-0.231013,-0.518284,-0.120783,-0.365118,-0.089010,0.845248,-0.528496,0.282933,0.977183,0.187167,-2.165667,1.239596,-1.150556,-0.537479,0.565156,1.861724,0.664115,0.096855,-0.383392,-0.590706,-1.021505
84,2,0.802192,-0.124299,0.578462,-1.401509,0.154771,-1.691609,0.459128,1.803326,-0.985455,-1.234724,1.244393,-0.595130,1.177524,-1.357238,0.296499,0.928481,0.340326,-0.971487,-2.712723,-0.129026,-0.792831,0.064064,1.644700,-1.579924,-0.370252,0.657303,1.969599,0.070045,1.143263,-0.893753,0.077687,0.014474
85,0,1.173614,-0.024161,-0.116304,1.059117,0.065413,-0.118833,0.240809,-0.128537,0.987696,0.624269,-0.858880,0.026077,-1.690376,-0.906306,0.000762,1.309918,0.397605,1.066155,-0.654902,1.344434,0.601215,-0.484486,-0.405825,-0.157602,-1.398838,-1.455818,-0.716697,0.275974,-0.095214,1.692034,1.037894,-0.337913
86,2,1.177572,-0.365593,0.302835,0.592822,2.512276,-0.071618,1.993649,-0.115849,1.220195,1.344342,0.803493,0.841893,-0.101406,-1.484229,0.168937,0.174964,1.912004,0.238459,0.453119,0.675870,-0.548273,0.331189,1.177208,-0.014617,-1.007548,0.170197,1.158267,0.009095,-0.367359,0.916781,-1.424713,0.123416
87,1,0.062012,-0.259869,-0.003873,1.077158,0.990807,0.268038,1.184280,0.682769,-1.148537,1.030913,0.014894,0.169357,0.240386,1.507394,-0.383399,0.659745,0.037515,-0.435630,-1.496914,0.781593,-0.418091,-0.294835,-0.012721,-0.511973,-1.540350,1.643110,0.738966,0.804360,0.313842,0.002795,0.296953,0.451399
88,1,0.537556,2.201515,-0.930612,-1.297069,-0.390483,0.673149,0.253809,-1.826447,0.636698,1.482069,-0.220073,0.755567,0.263401,-0.599399,1.256392,0.037959,-1.303798,0.985673,-2.024372,1.982487,-2.249435,-0.758163,-1.940730,0.476261,1.248944,-1.413053,0.339394,-1.318866,-1.863421,0.056466,1.066522,-0.027802
89,1,-0.004223,1.363062,0.292555,0.851508,0.890485,0.472211,0.517968,0.683749,-0.101691,-0.253274,-0.634506,0.839813,-0.479544,1.122116,1.334021,0.066326,0.068032,1.564549,0.360617,2.057232,-1.021379,-1.341044,0.334623,0.322123,-0.221978,-1.370587,0.117153,-0.295015,0.669784,0.361215,-0.639305,-0.280952
90,3,0.919999,-0.105000,-0.674298,0.180923,1.807351,2.226234,0.599503,0.822898,0.564397,0.384489,-1.965331,2.277534,-0.161685,0.462355,0.637462,-0.788775,-1.381319,0.634089,0.358350,0.682025,1.657599,-0.996525,-0.666640,0.400871,1.130727,1.285662,-0.766715,-0.242197,-0.471210,-0.838037,0.437500,-1.207105
91,0,1.147350,-0.778943,1.918141,-0.485018,0.971991,1.151241,-0.378143,0.560737,0.446717,-0.660899,-0.150398,2.209219,0.499429,0.680079,-1.693127,-1.860895,0.534588,-0.313950,-1.323604,-0.821377,-0.679754,-1.888464,0.779153,-2.089387,1.983343,-1.872210,-0.820263,0.659700,0.241445,0.970779,-0.724668,-2.023669
92,3,0.939235,-0.756403,0.308476,1.883440,1.735712,-2.066609,0.487036,-1.429277,-0.731117,-1.018137,1.569254,0.214708,-0.868908,0.956315,-0.919454,1.394927,-0.509778,0.557880,1.295549,-0.991031,0.850456,0.581983,0.493629,-0.965048,0.364072,-0.501901,0.608144,-1.810005,0.006743,-0.685997,-1.115252,1.377021
93,0,-0.447239,-0.400648,0.645250,-0.851565,1.210751,-0.846851,-0.915949,-0.407176,-0.300050,1.723179,1.059920,-0.228801,0.975423,-0.813639,0.538481,-0.043930,-0.505357,1.428196,0.506429,0.356491,-1.470643,-0.135727,0.368860,-2.118948,0.935464,-0.114076,0.087530,-1.002595,-1.897929,-0.371010,-0.351360,-0.194400
94,3,2.041938,-0.259433,1.984322,0.083408,1.008361,-0.567734,-0.287413,1.787523,0.707561,-1.344988,0.885541,1.131870,0.473071,-0.675910,-0.192226,0.587563,0.238537,0.118869,-1.090428,1.815052,0.855819,-0.929329,-1.432634,0.906393,-0.076340,-2.102322,0.214044,0.295037,-0.837588,-0.809963,0.832273,-1.070866
95,3,-1.264497,-2.047499,0.092058,1.915734,0.101851,-1.442631,0.277695,0.893556,-0.578848,0.433459,-0.105044,2.205003,-0.786554,-1.723791,-0.202037,1.263456,0.074989,1.172787,0.349081,1.276027,-0.136439,-0.748606,-0.898066,-0.538712,0.305934,0.954486,-0.587844,1.307332,-0.470144,1.115469,-0.618181,-0.120195
96,0,1.206174,-0.145530,3.128008,0.527708,0.922747,-0.934424,-0.255444,1.379380,1.162109,0.551357,0.438192,-0.611222,0.262710,-0.560372,-1.163255,-0.127502,1.747167,-0.134174,0.594374,-0.751969,-0.123503,1.262505,0.365297,-0.217321,1.386757,0.239026,0.961884,2.242459,2.412129,-0.929320,0.480727,-0.843376
97,3,0.088472,0.548253,-0.381983,1.946596,0.052953,-1.543899,0.186834,-1.197512,-0.434251,-0.731046,0.076196,-1.691455,-0.462620,0.279816,-0.667610,-1.638992,0.440690,-0.107192,-1.115213,-1.336810,-0.340842,0.593858,-1.204286,-0.489666,1.443559,-0.088333,0.184503,-0.015671,1.380183,-0.920299,0.057334,0.096461
98,0,1.126816,-0.201934,-2.273945,-0.998973,-0.041623,1.372558,-0.971982,1.400627,-0.328812,0.580725,0.354357,-0.955444,0.244707,-0.499990,1.268919,1.310546,0.374024,0.271478,0.270026,1.323520,0.293552,-1.164195,0.396501,3.193074,-0.958887,0.755081,0.178191,1.370998,1.346078,-0.199029,0.891204,-1.055725
99,1,0.376503,-0.989235,1.066662,-0.488728,0.527283,-0.590923,0.748392,0.023246,-0.750218,0.358133,-0.023547,-0.691168,-0.510112,0.395186,-0.850277,0.487797,0.518376,-0.325867,0.502573,-0.927593,0.199741,-0.466175,0.873526,0.743304,2.309663,-0.418120,0.785057,-0.223442,0.740256,2.104128,1.240149,0.177509
100,2,0.130387,-1.040811,-0.911486,0.162801,-0.573321,0.758262,-0.312964,1.027293,-0.538508,-0.643569,1.781903,-0.585115,0.058680,0.253975,0.533971,-2.129180,0.569654,-0.936918,-1.588631,0.840571,-1.115344,0.752751,1.239153,-0.172764,-0.083577,-1.672498,-0.661435,1.927502,0.644968,0.796139,0.854758,0.632908
101,2,0.708661,0.774569,-0.948957,-1.452773,-0.387806,0.620996,-1.353353,0.687223,-0.930740,1.830986,0.891820,2.345387,1.250816,-1.451056,-0.039807,0.589700,0.563335,-0.444663,-1.452758,-0.951375,-0.368105,-0.158198,-0.634945,-0.610802,-0.232949,0.541193,-0.902476,-0.097594,0.718440,-0.766991,-0.382510,-1.474297
102,0,0.248300,-0.223044,0.663324,-0.002592,-1.238777,0.165102,-1.095171,-0.720380,-0.660364,1.988153,1.348179,-1.521645,0.342754,1.021632,0.833246,-0.029591,0.065101,-0.105901,-0.058230,-0.304484,-1.156337,0.787899,-0.505964,2.035132,0.274547,0.232370,1.145894,0.476917,0.244527,-1.061258,-1.104619,-1.249091
103,0,1.588321,-0.496547,0.065462,0.270559,-0.840906,-0.020857,-0.456549,-0.960811,-0.391665,-1.078445,-0.162206,-0.243977,0.048364,1.504237,-0.130986,1.266616,1.142380,-0.531092,-0.792504,-0.595602,0.705998,0.184169,0.455101,0.621650,0.514901,1.276091,-1.756312,-0.173939,-1.257167,1.301259,0.090526,0.232992
104,1,-1.055870,0.694339,0.728635,-0.207103,0.369455,0.325019,-1.087279,0.230416,-0.148957,-0.683630,1.377751,0.801670,0.035954,-0.244357,1.121156,-0.766495,0.653160,1.336144,-1.286685,-0.044696,-1.517981,2.859623,-0.178055,0.457685,1.479420,-0.770834,0.465615,-0.855516,1.853299,-0.023033,0.524082,0.119058
105,3,2.137976,0.429752,-0.211030,-0.190842,0.522314,-1.035766,0.309454,-0.165206,0.099790,-0.866488,-0.542010,-0.877480,0.083347,1.548745,0.891059,0.940921,1.779603,-1.765505,1.461283,-0.957090,1.167006,-0.042060,0.688538,-2.622410,-0.921941,-0.024474,0.795925,-0.823129,-2.496418,-1.066843,-0.829039,0.711607
106,1,-1.275509,1.541596,0.017984,-0.017415,0.373325,0.867493,0.298021,-0.374940,-0.364351,0.010163,0.043709,-0.681431,0.260325,-0.105615,0.051310,-0.109952,-1.569344,-0.656121,-0.209538,-0.659090,-0.074865,0.427656,1.926489,1.293208,-0.774146,-0.245803,-0.418237,-0.747246,-0.924419,-0.496286,0.304201,1.124159
107,2,2.135405,1.136685,-0.188437,-0.322222,0.719785,0.779388,1.023707,-1.611120,0.618519,-0.255295,0.925539,-0.699318,0.504339,-0.742668,1.097493,-0.183080,1.938956,-1.651100,-1.414369,1.141339,0.273576,0.014303,-0.560226,0.426296,0.597375,-0.061590,0.671856,1.977421,0.397495,1.491662,-0.273213,-0.457673
108,0,-0.270288,-1.191644,-0.789298,-0.589008,0.429582,-1.462760,1.345475,-1.560951,0.675827,0.393318,0.331869,-0.359685,0.591544,-2.182199,1.685786,0.514833,0.548607,0.021851,-1.035278,-0.450645,-1.410917,-0.168609,0.488464,-1.645867,1.038089,-0.062775,-0.299591,0.696827,-0.213376,-0.182593,0.053480,-0.777499
109,3,-0.112935,-1.492342,0.110189,2.275162,0.269817,0.468429,0.512313,-1.073742,-0.503681,0.050656,-0.018635,-0.862363,-0.405613,-0.153853,0.211163,-1.675338,0.457435,0.372903,-0.594728,-2.202948,-0.203976,-1.530463,0.740828,-0.987793,1.015169,2.053481,1.010179,0.229011,-0.828535,-0.052376,-0.003783,-0.960577
110,3,-2.531017,-0.353131,0.499790,0.622560,-0.318748,-0.826724,0.093852,1.139563,-2.931998,1.531743,-0.407844,-0.210513,-0.168756,-1.290622,1.091477,-1.897219,0.444355,-2.020449,0.897593,-0.858628,0.645646,0.733953,1.339294,0.012365,0.554349,0.865549,-0.577232,-0.219526,2.208323,-2.085804,1.496272,0.038455
111,1,-0.450868,-1.027684,0.078206,0.888781,-0.067926,1.637394,-0.740523,-0.386062,-0.008430,-0.558530,0.086211,-0.735900,-1.159541,-0.533878,0.503151,0.813885,-0.890171,1.158600,0.107785,-0.078918,-0.881764,0.082477,-0.423722,-0.874256,0.737128,0.654976,0.019597,1.067133,0.888752,0.636461,0.188473,-0.773990
112,3,0.017969,0.737957,0.096225,0.587143,0.276237,0.939267,-0.808104,0.801091,1.570728,-1.377979,-1.101047,0.168233,1.456914,1.438316,0.803496,0.713876,0.189263,0.270886,1.345102,-0.876207,-0.232740,0.566464,1.587604,-0.774554,-0.128707,0.425969,0.773260,1.841295,0.930225,-0.446165,-0.896781,-1.186198
113,1,-1.403123,0.358227,1.968912,0.211390,-0.436861,0.112164,-0.365236,1.635671,0.527258,-0.579228,0.356468,0.530825,-0.686254,-0.995692,0.034239,-2.330209,-1.243821,0.339412,0.715328,1.637594,0.468399,0.135644,-0.363193,-0.378746,0.982717,0.449699,1.060913,-0.439482,0.943124,-1.164640,-1.521566,1.091543
114,1,0.868857,1.546325,-0.357007,0.726574,0.260192,-1.160097,0.510542,-1.460460,0.322078,0.510175,-0.867503,0.778012,-0.940999,-1.007146,0.679254,0.051960,-1.355074,3.041810,0.629757,0.565260,0.030427,-0.602714,-0.014715,-0.114544,-0.479182,-0.628927,0.702428,-0.726170,1.440083,0.993134,-0.280887,0.107453
115,1,-0.670901,0.612340,0.208951,0.268540,0.328680,0.515496,0.763269,-0.524248,0.177749,-0.971342,-2.397356,-0.963854,-0.835313,-0.791740,1.013176,-0.399880,1.222045,-0.495762,-0.805463,-0.069440,1.806181,-1.188676,0.344740,0.913342,0.976684,-0.485419,0.551533,0.283150,1.831450,0.233609,-0.210890,-0.745095
116,0,0.775225,-1.660321,-2.173874,-0.841291,0.919030,0.172491,-0.301933,2.193487,0.241838,1.039895,0.357757,-0.550032,0.495676,-0.502949,-1.850184,-0.503791,-1.604862,0.383575,0.074065,-0.787466,-1.695382,-0.979884,0.681139,0.387516,0.713004,-1.221575,1.471011,1.072262,0.155897,-0.305603,1.485876,-0.446143
117,3,0.889977,-1.098807,1.098104,1.963877,-0.379689,-1.235820,-1.677660,-0.107678,-0.116328,0.443747,-0.943363,-0.704587,0.822645,-0.156616,0.234520,1.567889,-1.662722,1.885577,0.241965,-0.280793,-0.535367,1.282467,-0.811433,1.599833,0.526237,-0.727310,0.097677,1.623154,-0.686473,0.027253,0.412636,-1.754450
118,0,0.782064,-0.795665,-1.803288,-0.265083,0.032455,0.390818,0.418143,-2.027270,-0.866649,-0.210748,1.367531,1.486462,0.764039,0.599146,0.613558,-0.930437,-0.999439,-0.844071,1.736386,0.384039,1.933801,0.947240,-0.314896,-0.902036,-1.157178,0.816208,1.360990,-1.104607,0.232073,-2.094673,1.883009,1.313842
119,1,-0.826258,1.936781,-2.027594,0.606695,2.215473,-0.115968,0.625760,-0.993823,-1.389293,-0.101930,-2.186153,0.402739,0.633255,-0.747467,-0.131233,0.571834,-0.569967,-2.523206,0.208944,-0.277283,0.009944,0.390875,0.799383,-0.128633,0.189559,-1.332144,0.232565,0.228254,1.528965,0.016787,-0.994415,0.220748
120,2,-0.877014,0.826003,-0.626000,0.728998,-1.095796,0.342570,-0.294007,0.725208,-0.318653,1.695607,0.212747,2.016953,-0.048807,-0.692151,-1.556001,-0.310220,1.455230,1.159614,-0.091825,-0.430738,-0.853883,-2.195334,-0.144357,0.022504,-2.699903,-0.087522,0.918342,-0.367982,-0.946708,-1.348319,0.524757,-1.531049
121,1,-0.210551,1.387200,0.580678,-0.612189,2.067696,0.952138,-0.377303,1.160715,-0.447936,-0.156567,-0.360131,0.063671,-0.260426,0.074633,-0.583176,-1.580211,1.653748,1.057890,-0.680096,0.841739,-1.790920,-0.682493,-0.386036,2.239379,0.798163,-1.569833,1.207802,-0.293691,-1.160922,-0.310227,0.123238,-0.025643
122,0,0.970820,-1.316581,-1.412136,-1.511619,0.031804,-1.500885,-2.716010,-1.720386,0.055718,1.387398,-0.462817,0.046291,-3.116282,-0.982619,-0.050372,-2.130275,-1.283581,-1.584771,-1.042796,-0.544806,0.777920,0.688964,0.039787,1.070091,0.855085,-0.370487,0.882372,-0.871413,-0.672236,-0.644523,1.331859,1.668404
123,3,-0.204227,-0.755964,1.630163,-0.859975,1.019632,1.009937,-0.935931,0.737468,-0.976836,0.158888,-0.531671,0.249456,-0.516300,-1.003627,0.085537,0.502185,0.263523,-1.176397,1.454019,-0.495312,0.413979,-1.509591,0.029229,-0.784527,-0.264291,0.771100,-0.327116,-0.243649,0.769782,0.654293,-0.720908,-0.480138
124,3,-0.309492,-0.777923,-0.507126,1.169117,-0.830147,0.323636,-0.842986,-1.841241,0.014578,0.279290,0.394605,0.272781,0.204314,-1.842732,-0.195537,0.785194,0.665144,-0.484086,0.183608,0.616325,-0.184088,0.195495,0.787672,0.372000,-0.376059,-1.535135,-0.692628,1.271744,0.161902,1.340928,-0.166718,1.692708
125,3,-0.967179,-2.030660,0.559418,0.270540,0.586313,2.326264,0.239852,0.692443,-2.322614,0.176026,-0.659589,-0.122079,1.175908,1.052306,-1.201953,0.076327,1.488545,1.155934,2.657216,-1.162410,0.461248,-1.321036,1.745051,0.986880,1.653127,-0.011849,1.522726,-1.854264,0.466227,-0.930099,-0.471099,-0.944743
126,0,0.786627,-0.119950,-1.009599,-0.588283,1.553869,-0.163574,0.949903,-1.226555,0.532135,2.163946,-0.530211,1.519273,-1.116131,-0.549362,-0.456086,1.256243,-0.518656,0.280206,0.286061,0.825031,0.701553,0.744095,-0.696351,0.577314,-0.814116,1.112353,2.310035,0.868684,-0.640412,0.385395,1.728886,-0.350088
127,1,-0.204124,-1.393337,0.391886,0.443043,0.794942,0.325563,-0.573955,-0.323886,1.121508,-0.967518,0.870956,1.193485,-0.244089,-0.811702,1.243695,-0.834504,0.433271,0.134002,2.111121,-1.421968,0.343851,-0.003372,-1.696721,1.030528,0.758415,1.370674,0.159246,-0.197853,-2.748827,-0.209402,0.813919,0.538382
128,1,0.917878,1.304353,0.073625,0.925750,1.212544,1.788351,1.155667,-1.284298,-0.107167,-0.436893,-0.186402,-0.181348,-0.431944,0.457963,-0.732152,0.904624,-0.376226,0.598492,1.724632,-0.618200,-0.725785,0.413184,-0.591699,1.241979,-0.640164,-1.230094,-1.715357,0.505044,0.025320,0.497618,-0.545637,1.094409
129,1,0.532783,0.980492,-0.367962,0.868040,0.981017,0.030858,-0.413714,-1.447206,0.135105,0.357622,-2.100160,0.962867,0.017106,0.435212,-0.056580,0.314165,-0.978102,0.529274,1.392156,0.018972,0.977978,1.006782,-0.030250,0.475328,0.950784,1.307608,0.062952,0.041760,0.539258,1.223151,-1.228353,-0.168247
130,0,0.114571,-0.284765,-0.079151,2.878551,1.461219,-0.198753,-0.923106,-0.013385,1.240961,0.128661,2.802604,-0.211048,0.145526,-0.582254,-0.202844,-0.301921,-0.239374,-0.750545,0.116020,1.555094,0.284977,0.747403,-0.427796,0.247711,2.082368,0.231179,0.182334,0.043640,1.815985,0.082937,-0.695848,-0.454708
131,3,-0.918441,0.150807,0.315403,1.007962,-0.116932,1.329019,-1.929022,-1.499050,0.918789,-0.414488,1.138788,-0.403537,0.222190,-0.740284,0.929496,-1.410709,-1.223451,1.696127,1.690972,-0.583659,-1.142213,0.133035,-1.410872,0.182886,-1.124025,1.533992,-2.324867,0.649057,-0.906272,0.004979,-0.945182,0.563381
132,2,2.160729,0.205055,-1.158858,0.758451,-1.541927,-0.172565,-0.688100,0.611846,-0.229259,-0.164746,-1.383756,-0.609613,0.273548,-0.198561,-1.146730,-0.532096,1.492704,0.723744,-0.945745,-0.622085,0.314524,-1.557917,0.320716,-0.016394,-0.854658,-0.366200,-0.335072,0.767871,1.761030,1.676207,-0.616820,-0.961667
133,0,0.520887,1.867596,-0.375422,2.329300,0.257747,0.459334,0.625723,-0.372852,2.048265,0.284723,-0.628506,-0.565172,0.064591,-0.485277,0.713509,-1.073982,0.184128,0.452351,-0.458015,0.057162,-1.456028,-0.582943,-0.132697,-0.048887,-0.764026,0.272138,1.497464,1.519673,-0.358487,-0.569491,0.612894,-0.694645
134,0,0.615979,1.163345,-0.458033,0.417735,-0.539444,1.720562,-0.355110,-1.721941,1.212987,-0.115048,-0.640717,0.385113,-0.465014,-0.841589,-0.002943,-0.666171,0.456606,1.301757,0.857195,-2.702549,0.262125,-0.740640,0.605474,0.171283,-0.168744,-1.168337,0.278067,-0.344368,-1.041862,1.194016,0.680768,-1.621589
135,1,0.003130,1.003663,-1.123282,-0.360181,0.133244,-0.145318,1.867324,0.549703,-0.559103,-1.157598,0.329916,0.977843,0.166261,0.801631,-0.270179,-0.784597,0.628500,-2.524246,0.489500,0.194799,-1.638957,-0.637391,1.334183,-0.338233,-0.430410,0.584295,0.119675,-0.050822,1.311588,2.055614,-0.913755,0.357535
136,3,-0.541447,0.513633,0.160039,1.846388,-0.678804,-0.949551,0.196567,-0.643968,0.769700,1.351691,-0.757394,1.852821,0.767620,0.695622,0.368281,1.927357,-1.488245,-0.480723,0.374145,1.333445,0.124099,1.474596,-0.325513,2.326140,-0.126350,-1.435968,-2.977347,-1.100776,0.099391,0.339656,-0.209738,-0.395889
137,3,-1.654158,1.994533,0.449250,1.234182,0.169454,-0.789523,1.969861,0.781655,-0.221818,0.055069,-1.172121,0.162014,0.562367,-1.710878,-0.192456,-0.359354,0.411799,-0.794214,0.167192,0.863256,0.436750,0.790065,-0.359339,0.684980,2.027381,0.084705,1.095289,0.159165,1.288327,0.711082,-1.682452,-0.520034
138,0,0.588223,1.989188,-0.927267,-0.676956,0.152735,-0.438858,-1.997384,1.877817,-1.614860,-0.174235,1.055121,-0.355031,1.838053,-0.100645,0.232172,-0.637215,0.300634,-0.232372,0.294858,-0.904515,-1.220826,0.184167,-0.362346,0.281625,1.415929,1.053042,0.230939,-0.250321,-0.021412,-0.224646,0.009440,-1.297476
139,3,0.278580,0.716544,0.463694,0.233562,0.518759,-0.952777,0.126095,-0.558419,0.317627,-0.733321,0.652781,-1.430326,-1.174118,0.995904,1.148533,1.280205,-0.181065,-0.243263,0.153942,-1.295225,-1.407961,-0.437561,-0.182326,0.566653,-1.403340,-0.233637,-0.699845,-0.606514,0.368182,1.098927,0.077748,1.442514
140,1,1.294052,1.067948,-0.426151,0.665911,0.257249,1.045356,0.470164,0.518302,1.084848,-0.191219,1.531485,1.626566,0.408368,1.147129,0.393977,-0.176355,-0.049413,0.857159,0.226291,-1.008581,-2.755316,0.769682,1.136125,0.917839,1.182201,-0.952440,0.614360,0.220207,-2.722346,-1.051654,0.104646,-0.459542
141,0,1.944316,-1.338982,-1.083456,0.203271,-1.232289,-1.926458,-0.295955,1.251567,0.518492,0.589664,-0.751005,0.751879,-0.147906,-0.404946,-1.550983,0.362247,-1.121034,0.340282,-0.361397,0.121138,-2.426370,0.568119,-0.983170,0.818014,-1.156862,-0.254809,-1.211966,-0.876943,-0.423973,-0.960049,0.792381,-0.041760
142,3,1.190127,1.166817,1.037389,0.820822,-0.783728,0.004992,-0.351615,-1.027222,-2.063111,1.052383,0.435757,1.824783,-1.292685,-0.880405,0.106004,0.055950,-0.543693,1.054966,0.411853,-0.752156,2.155223,1.319221,1.660682,-0.431769,1.827773,-1.926174,0.136428,-0.514469,0.668510,0.600700,-1.521023,-1.290454
143,0,1.827656,-0.131886,-1.552943,0.886454,1.833654,0.261869,0.445362,0.727214,-1.089279,0.055107,1.225242,-0.092684,0.736111,-0.616049,-0.704346,-0.557453,0.307216,1.298877,-0.626666,2.686413,-1.390062,-0.763014,0.108526,-0.154518,0.436938,1.579800,1.851888,-1.109914,-0.854431,-0.308297,-0.180789,1.300589
144,0,-1.254556,-1.031895,0.601005,-0.784800,0.047054,1.668097,0.945472,0.045321,-0.061567,1.363105,-0.272665,0.373933,-0.432334,2.663778,-1.401681,1.371818,0.751176,1.980344,0.908861,-0.327404,0.178495,0.239474,-0.887226,-0.331881,-0.001469,-0.117664,-0.124391,-1.328808,1.568902,-1.367318,1.104655,1.029634
145,3,-0.531919,-0.682241,0.230818,-0.656631,-0.920793,0.404548,-0.043198,0.523571,1.596922,-0.323457,0.091551,-0.651065,-0.825733,-0.615022,1.036547,0.308389,-0.362491,-0.122752,0.155628,0.112094,1.496058,1.558223,0.218130,-0.441550,0.209177,1.530893,1.494210,0.494438,1.231429,0.900273,2.033319,1.795537
146,0,0.012504,-0.793895,-1.771618,0.353688,0.059639,1.311882,-0.758090,-1.112557,-0.276101,0.389097,0.831805,-1.026042,0.217513,-1.540846,-0.728246,-1.014758,1.412809,0.842007,1.720952,-1.391633,1.101230,0.053959,0.033492,-0.074922,-0.083752,-2.036951,-0.241791,-0.961269,0.273990,0.459407,-0.283792,-0.293422
147,2,0.226493,-1.097164,1.966886,0.527069,-0.334911,-0.602901,0.811898,0.050913,1.423976,0.720713,0.416701,0.547528,1.318458,0.557630,0.951697,0.205990,-0.499693,0.386794,-0.385219,-1.414828,0.499935,1.886321,1.098875,0.013946,0.948570,-0.881504,-0.217337,-1.376193,-0.479424,1.034127,-1.100775,-0.645483
148,1,-2.547707,-0.673635,-0.385658,1.725146,-0.437658,2.384702,-0.514825,-0.629418,0.898884,1.487357,0.008784,-1.196341,1.951081,-0.356389,0.047646,-0.490123,0.632119,-1.125218,0.749303,0.142263,0.018872,-0.475728,-0.587513,-0.584147,0.444090,1.370996,-0.490112,-1.304615,-0.248972,0.565417,0.208226,0.199909
149,0,0.293339,1.126975,0.487248,0.755533,1.114997,0.231481,1.843135,-0.181342,0.123691,-0.082293,0.801392,0.610596,-0.595680,0.720797,-0.751137,-0.710726,-0.059387,-0.437866,-0.319758,0.319052,0.752135,-0.230758,0.233771,0.200044,-1.591444,0.450487,-2.425462,-0.882590,-0.468001,-0.168270,-0.412245,-0.981753
150,1,1.489058,-0.588421,1.772092,-2.404856,0.711731,1.056732,-1.009218,-0.940263,-0.737831,-1.120098,0.454186,0.061359,-1.723032,0.452456,0.736400,-0.204115,0.510851,-2.385741,0.010766,1.060286,-1.554439,0.279234,-1.390690,-1.013091,-1.099434,-0.450891,0.449294,-0.181826,0.977760,0.267198,0.200456,0.180852
151,2,-0.799048,0.669601,0.662958,-0.559834,-0.977249,0.409233,-0.206182,0.763445,0.349261,-0.550536,0.534774,-0.106753,0.969758,-0.177394,0.211930,-0.008450,-0.418039,-0.286669,-1.380084,-0.163904,-0.158233,-0.718917,0.525508,-1.704345,-1.227892,0.522032,-1.576124,-1.263116,-0.008619,-0.016720,-0.989700,-1.026438
152,0,-1.475485,-0.591667,-0.410080,-0.878371,1.041203,-0.450177,-1.394398,-0.765503,1.695886,0.367346,-0.617307,-1.963888,-0.360171,-1.553693,-0.193171,1.336402,-0.201562,-0.415913,1.245041,-0.639425,2.113219,-0.009292,1.525054,0.645289,-0.449096,1.146064,2.505611,1.451512,1.311428,0.538114,0.479752,-3.499115
153,0,-0.213194,-0.007389,0.895757,0.565447,-1.031479,-0.564604,-1.085223,-0.499511,-0.287212,0.227158,-1.180198,0.633600,-0.764773,-0.894054,0.691973,-1.404420,-1.222594,0.028530,0.013516,-0.673451,-0.525556,1.118677,0.860324,-0.922869,0.003819,0.718812,-1.056022,-0.289206,-0.845429,0.868048,-0.443872,-0.777182
154,3,1.600707,-1.968608,-0.747083,0.095721,0.068031,0.444288,-1.627550,-0.597998,0.349031,-0.893169,-0.891026,1.570884,-0.994156,1.002733,-0.317711,-0.156800,-0.845159,0.335383,-0.404040,-0.522980,0.795806,-0.654637,0.526322,0.925565,0.325726,1.169674,2.219030,-0.408477,-1.317344,0.951531,-1.480053,1.868109
155,2,0.328480,-2.065309,0.809658,0.172496,-0.273848,-0.277353,-0.563092,-0.660453,1.151628,1.674251,-0.478251,0.397183,0.322210,0.373822,-1.613180,-0.782633,0.467955,1.593391,-0.379659,-1.344400,-0.920605,0.509598,-0.498664,1.683934,-0.760685,-0.740704,-2.035062,0.797794,-0.452972,-0.028914,0.758429,0.354217
156,1,0.843805,0.008740,-0.057247,-0.125409,-1.050712,0.523245,-1.088813,0.485001,1.271981,-1.155938,-0.819601,-1.323728,1.198297,-0.536549,1.461580,-1.583636,0.115845,-1.096532,0.694690,0.106887,0.452065,-0.206334,0.277135,-0.354095,1.283469,-0.150882,-0.476977,-1.324296,-0.508739,0.347841,-0.240373,-0.311692
157,2,-0.895742,0.597332,0.984332,-0.188070,1.886853,-0.274972,2.000925,-0.955177,-2.839554,-2.297354,2.188985,0.260699,-0.504748,-1.336941,-0.637716,-0.013674,1.858009,1.311820,-1.021127,-0.565049,1.751399,-0.588508,-1.070819,0.584163,-0.156441,0.041071,-1.159082,-0.980930,0.612747,-0.502088,-0.623437,-0.981307
158,3,1.148405,-0.610151,1.000214,-0.281318,-0.120578,0.758828,0.244162,-1.036029,0.494346,-0.714539,1.008004,1.501990,1.244040,-0.266792,-0.812593,0.813991,-0.419965,-0.931649,-0.307694,-0.271860,-0.143289,0.886530,-0.542882,0.255904,0.699389,-0.859309,2.076461,-0.239025,1.630555,-1.037289,-1.363231,0.390899
159,2,-1.507952,-1.383152,0.688627,1.201849,0.071160,1.516202,-1.004519,-0.979106,-0.059326,-0.583361,-0.810849,0.809771,1.162938,-1.034688,0.519860,-0.513000,-1.311167,1.188891,-0.953430,-0.488291,-0.098824,1.221659,-0.311946,-0.967295,0.001784,0.814425,0.201354,-0.414006,-0.995505,-0.923055,0.421582,-1.013668
160,2,0.599882,-0.267077,0.971475,-0.879952,-0.517820,0.297213,0.653981,-2.041633,0.582736,-0.714084,1.168508,0.994212,0.191899,1.175748,-1.174439,-0.817865,0.498425,0.659014,0.138902,0.060911,0.075098,1.378920,-1.117757,-1.088929,-0.245820,-0.604680,0.204832,0.134468,-0.712558,-1.942150,-1.422645,0.380866
161,0,0.896590,-0.410208,0.157947,1.034489,0.341690,-1.186519,-0.412413,-0.742810,-0.574309,0.046988,-0.363362,-0.166998,0.682176,0.894332,2.066027,-0.374058,0.243213,-1.066178,-0.637703,-1.496153,2.832545,-0.815099,0.677829,0.865653,2.672087,0.969473,-0.555579,0.259260,-0.583457,-0.641113,-0.961282,0.420014
162,0,-0.180490,0.409411,0.540887,-1.089111,-0.744200,-0.109812,-0.619918,0.540708,-1.759971,0.604964,1.082212,-0.534455,-2.461717,0.414678,1.167954,1.407247,2.987537,1.480688,-0.578654,-1.764222,-0.463909,-0.798606,-1.331554,-0.275980,-0.510420,1.643112,-1.184980,-2.369922,-1.528916,-0.596774,-1.557312,1.040477
163,2,0.755821,0.334360,-1.105793,-1.007242,0.546005,1.833115,0.113167,1.153065,0.504934,-0.338640,0.979626,1.104116,-0.735340,-1.623013,-0.705300,1.599763,0.471121,0.375588,0.402478,0.516631,-0.109641,-1.147904,-1.526731,-0.658747,-0.065183,0.863694,-1.462544,1.939918,-0.314185,-0.442158,0.835076,-0.250294
164,2,-0.047894,0.655420,-0.565766,-1.946181,0.806073,-0.763917,0.207418,1.181753,-1.742408,-0.280313,0.825669,-0.456297,-0.119658,-0.530447,-0.827584,1.461958,1.331901,-0.002657,-0.070839,0.568367,-0.128913,0.623430,-1.004765,0.115493,0.533061,-0.622489,-0.378338,-0.433061,-0.934764,-0.868607,-0.582131,0.646860
165,1,-0.975532,0.881234,-0.263026,0.558018,1.429842,1.145933,0.631096,1.148109,-0.551576,0.161895,0.728080,-0.007529,-0.284143,1.338873,-0.973542,0.217056,-1.109005,-1.035879,-0.599178,0.900761,-0.554077,-0.532671,0.902856,-1.611292,1.867484,0.231961,-0.985380,0.545299,-0.289781,0.602933,0.283871,-0.817518
166,2,-0.432562,-0.032667,0.222774,-0.097938,0.904880,0.593028,-0.270359,-2.112624,-0.501288,-0.500636,-1.658599,0.108382,0.886194,0.913249,0.825129,-1.543005,-0.587212,0.557898,-0.211712,-1.052588,1.099635,1.511299,2.619109,-0.330099,-1.931764,1.069709,-0.247735,-0.179779,0.228428,-0.323824,-0.695991,-0.375290
167,1,0.489602,0.694051,1.308808,-0.705535,-0.198248,0.410568,0.329941,1.205468,0.141725,0.734560,-0.445254,-0.778178,0.811880,0.310562,0.177544,0.126583,0.685169,-0.407437,2.201052,-1.212182,-0.668376,-0.422149,1.043110,-2.028673,0.038513,1.399580,1.032430,0.203753,0.647611,0.397854,0.217065,-0.452267
168,3,-0.752530,-0.945043,0.970134,-0.614183,-0.518042,-1.181564,0.935115,0.312898,-0.335938,-1.067034,0.455940,0.498783,0.112969,0.494017,0.128804,0.296931,-0.741093,-0.479886,-0.467499,0.235230,2.209430,-0.979559,0.899897,0.102419,0.411065,0.506464,-0.005914,-0.846426,0.472297,0.116192,0.875264,-1.863032
169,1,-0.239359,0.831221,0.382408,0.538638,0.384630,0.920225,0.678190,2.182735,-1.242765,-0.940054,-0.799082,-0.384356,-0.708290,-0.885414,-0.752392,0.395983,-0.216470,-0.638100,-1.483040,0.081450,-1.539095,1.107287,0.247591,1.932819,-1.289596,1.472911,-1.477448,2.031487,-0.844804,-0.188382,-0.141036,1.703028
170,2,-1.230999,1.553396,1.388477,-0.193566,0.998657,0.405339,0.784708,0.230320,0.311034,-0.856490,-0.838786,-0.786432,-0.991279,0.902793,1.662131,-0.261189,1.185157,-1.641722,-0.212055,0.196617,-0.125460,0.834559,0.835757,0.954292,-0.271611,2.531064,0.023496,0.516741,0.007041,0.938921,0.067407,-0.669476
171,2,0.779349,1.042313,0.907570,-0.668481,0.773279,-0.138768,-0.430819,-0.418399,-0.961111,-1.941519,0.345442,-0.013896,-1.631590,0.818140,0.381068,-0.157227,0.612347,-0.812310,-0.637855,-0.758107,-0.786369,-0.044404,-0.753513,0.691717,0.804483,1.041203,-0.561972,-0.090739,0.571458,-0.691278,0.936929,0.603386
172,2,2.390073,-0.368031,1.638475,0.792995,-0.818276,-1.271267,0.281529,0.724797,-0.081478,-1.406895,0.982044,0.684473,0.621250,1.506195,2.310051,0.528028,0.925256,0.653055,0.341932,1.164469,0.420789,0.705287,1.972454,2.061446,-1.909423,1.667413,0.220110,-0.679192,-0.055538,-2.479398,-0.722628,2.104211
173,2,0.716892,-0.141602,2.129139,-1.226344,0.466834,-1.158881,0.685951,0.063615,1.136745,-0.843369,0.251191,1.276469,1.044054,-1.131284,0.218668,0.105094,-0.567865,0.015660,-0.914124,-0.737726,-0.027344,0.188521,-0.504945,0.436478,-0.318072,1.684229,-1.349952,1.219839,0.473754,-1.946499,0.585079,0.227466
174,2,-0.039803,-0.601644,0.009221,0.673600,1.264710,0.591610,-1.065087,-0.192124,-2.155256,0.037285,0.527484,-1.404979,0.321856,-0.586861,-0.452898,-0.933427,0.856035,0.750940,0.147304,0.965144,-1.267733,0.303164,-1.439918,0.448051,2.669071,0.096580,-0.297430,0.910501,-0.567939,-0.293674,-0.164542,-0.666886
175,2,0.032324,0.341056,-0.794426,0.540192,-1.062909,2.105906,-1.567112,1.418533,-0.394538,0.907282,-0.722842,0.836705,1.337128,-0.446817,-1.612214,0.604061,-1.249083,-0.787658,-0.212148,-0.567172,-2.042707,-1.194925,-0.376247,0.682560,-0.583012,-0.358008,1.373177,2.064558,0.124117,-1.514142,0.779980,0.202210
176,0,0.788906,0.946273,-0.343149,1.933283,-0.887485,-1.359345,0.183420,-1.297684,-0.713737,-1.849438,1.022285,0.541334,-0.065754,-0.609742,-1.736755,-1.690726,0.182450,1.330827,0.958901,-2.204303,-1.338802,2.693423,0.112772,0.379793,0.196578,1.499094,-0.269725,0.081510,0.541150,0.413010,1.083524,0.416103
177,0,1.081545,-0.885923,-0.357906,-0.331394,0.534706,0.541644,-0.215180,-0.490252,-1.955047,-1.597805,-0.378267,0.756020,-0.043458,-1.248677,-0.879321,-0.993183,-0.093123,-0.123088,1.009389,0.714966,-0.027926,0.514546,-0.970781,-1.876703,0.543974,1.072974,0.469919,-0.710401,-0.907500,1.397190,0.072604,1.110886
178,1,-1.682136,0.194127,-0.629777,-0.281017,0.675376,2.619209,-1.097570,0.079823,0.658555,-0.167603,-0.046293,-1.383263,-0.368682,2.296797,-1.017133,-0.382141,0.474505,0.224853,0.819091,0.279841,0.313641,-0.638426,-1.247539,-0.370197,1.596361,-0.075657,-0.753926,0.506806,-1.216105,-0.549616,2.324573,-0.042851
179,0,0.103852,0.376216,2.171460,0.718972,0.024383,0.030017,0.949673,1.132513,-0.907692,-0.609569,0.379983,-2.087192,-1.082724,1.531677,0.691109,0.782769,0.903715,2.856727,1.201827,-0.199807,1.345000,2.154304,-0.310058,2.182053,1.696966,-0.326228,-0.521137,-0.454716,-0.386909,-0.287381,0.407422,-0.814335
180,3,0.534448,-0.317705,-1.172648,1.261001,1.093437,1.327624,-0.455677,0.777650,0.082836,0.352749,1.446124,-0.634926,0.276351,-0.000566,1.625901,0.837274,0.238275,-0.229896,0.892677,-0.125764,1.101843,-0.731642,-0.234257,-0.355478,-0.288417,0.049008,0.996439,1.719520,-0.314020,-0.191152,-0.169367,-0.382411
181,0,1.868917,0.409115,-1.524787,-0.290874,-1.523302,1.585975,-0.472532,-1.313624,-0.369078,-0.348852,0.449614,-0.757932,-1.417147,1.852781,-0.518815,-0.524329,-0.955081,0.428705,0.907862,0.810935,-0.228384,1.371128,-1.993163,-0.424472,-1.314804,0.382060,-0.234465,0.476913,-0.479485,-2.218028,0.523322,-1.620382
182,2,1.398255,0.297462,-0.839634,1.461448,0.540796,-0.851680,1.151061,-1.595067,-2.258256,-2.401607,0.424167,0.310588,-0.820955,0.538707,-0.777920,-0.926102,0.389692,-0.272786,-0.336307,2.058419,1.311294,0.379544,1.533966,1.938455,-0.104404,1.033372,-0.140963,-0.065406,0.155205,-0.283503,-1.314325,-0.140074
183,1,-0.348899,-1.118357,0.287331,-0.935872,-0.053245,-0.720309,-0.902676,-0.762627,0.720423,0.879361,1.064934,0.381554,-0.552587,-1.190328,0.574639,0.897652,-0.003003,0.028466,-0.906115,-1.072888,1.333262,0.006962,0.277626,1.734839,-1.131063,-0.000609,1.374058,0.864031,0.589185,0.256240,1.074711,0.864272
184,3,-0.441055,1.068964,0.341153,-0.105106,-0.088162,-0.483641,-0.707654,0.368123,-1.525706,1.497483,0.218574,-0.084587,1.553845,-0.583708,-0.588976,1.525350,-0.489926,0.613495,0.606477,0.855490,1.601040,0.114710,-0.347820,-1.497157,-0.096181,-0.721346,0.776798,0.641321,-0.058619,1.108653,2.057073,-0.532097
185,1,0.552323,0.525527,0.227172,-0.660375,-1.211442,1.374243,-0.101303,-1.589882,-0.403773,-1.806938,-0.827273,-0.089962,1.401671,-0.646678,0.453049,-1.761714,0.592022,-0.498625,0.285911,-0.741504,-0.387182,1.689084,0.582416,0.710730,-0.744712,-1.260206,0.712933,-1.289457,-0.181639,1.117352,0.555295,0.514505
186,0,0.758483,-1.482567,0.607208,1.374225,-0.688811,-0.630497,1.074694,-0.472372,0.525363,0.809546,-0.142413,-0.174968,-1.171563,-0.614221,-0.261188,-1.313944,0.017215,1.691500,1.332950,0.802030,-0.675648,-1.392889,0.648206,1.285514,1.642564,-0.722041,0.894354,1.646557,0.280076,-0.293008,-0.493558,-0.182350
187,0,1.742664,-1.412639,0.664936,-0.461215,2.359792,1.330538,0.671440,1.581488,0.245075,0.082656,-0.093582,0.837259,0.327202,-0.780410,0.836162,0.041045,-1.048501,0.514561,-1.131774,-0.242094,-0.721988,-0.209355,1.489015,0.745540,0.950193,-0.454577,-1.829138,0.553316,-0.807008,-0.606624,0.019350,0.215813
188,3,0.879557,-1.271870,-0.941574,0.039147,0.510572,-0.366916,0.684763,0.537407,-0.624236,0.375252,-0.759394,-0.448599,0.767072,0.099281,-1.267778,-0.080020,-0.531365,-0.530924,-0.191346,1.345872,0.138828,0.691218,-0.343174,-0.314174,-1.377719,-0.250554,-0.842036,-0.072308,0.617005,0.146346,-1.776958,-0.088212
189,2,-1.445391,1.839652,-1.266999,1.270226,-0.599706,-0.085115,-0.281361,1.572015,-0.754062,0.790304,2.207731,-1.139717,0.098532,-0.129581,-1.090499,-0.991477,-1.640804,0.122329,0.117885,0.331445,1.269662,-1.038698,-1.316788,0.768298,0.695290,1.220174,0.807784,-0.925294,0.853687,-0.293264,0.680307,0.945142
190,3,-0.423715,-0.503476,-0.325405,0.417942,-0.793151,-1.385335,-0.499146,-0.025044,-0.266498,0.031036,2.275147,-2.421010,0.388979,2.245569,0.758299,1.458791,-0.526645,1.524483,-1.167666,0.539294,0.500550,-0.412978,-1.854469,-0.603824,-0.175567,-1.014947,-1.339005,-1.257607,1.286836,-0.949573,0.638851,1.313385
191,1,1.204896,1.078401,0.082680,0.872924,-0.669994,0.463461,0.872012,-0.004361,-0.160569,0.815809,-0.147599,-0.153947,-0.239277,-1.780482,0.447938,1.536605,0.187876,-0.690783,-1.029673,1.307934,-1.164524,0.752874,0.059924,1.232534,1.237998,0.542382,-0.439811,-0.296572,0.718682,-0.098563,-0.524255,0.170197
192,2,-1.647650,2.083999,1.471318,-1.676351,0.761036,0.275841,-1.180720,0.646627,-0.211989,0.382468,1.077815,-0.535321,-1.142076,1.712541,-0.228033,-1.514640,1.018386,0.546747,0.702530,0.241198,-0.177773,0.498380,1.076005,-1.049044,-0.161874,0.554204,0.112945,0.307353,0.075891,0.418882,-1.471428,1.901157
193,2,-0.020933,-0.777242,-0.149239,0.100467,-2.548133,0.900135,1.685338,1.300190,1.369575,1.154631,0.173066,-0.051731,0.058330,-0.378179,-0.836638,0.937634,-1.403870,0.657556,-0.045660,0.374385,-1.745490,-2.071431,-0.005192,0.160234,0.162610,1.548972,-0.724204,-1.032803,-0.255188,-0.063423,-0.935507,1.042691
194,2,-1.111174,-0.030311,0.626340,0.600698,-0.953127,-0.161669,-0.131654,-0.780244,2.586932,0.019251,-0.429330,-1.311972,1.862941,0.551386,-0.307218,-1.092772,-1.257034,0.316174,1.720959,-0.087492,0.230457,-0.126173,-0.157782,-0.935339,-0.420805,0.033746,2.491258,0.895114,0.701528,-1.361015,0.231926,-1.050119
195,2,0.164035,1.152846,-0.056908,0.600467,0.249022,-1.156157,-1.033859,1.401984,-0.783580,1.158589,1.161506,-0.031112,0.865004,0.075291,2.396633,-0.251616,1.221536,-0.562927,0.002234,0.667607,1.594028,0.093270,-0.367649,-0.748421,0.613932,0.955034,-0.677153,0.566974,-0.116893,0.904780,0.037404,0.350372
196,0,2.257650,0.156060,-0.400996,-0.430260,-0.595827,0.877764,-0.567286,-1.649257,-1.245814,0.786186,-1.164036,0.272426,-0.822410,1.163944,0.006425,0.047528,-0.950056,0.840847,0.605817,-1.468653,0.089574,-1.468033,-1.725268,-0.016953,0.351087,0.103418,0.348833,0.158296,1.318072,0.309026,1.701819,-0.952786
197,3,-0.537676,-2.403168,0.292743,1.089922,0.876750,0.921653,-0.396152,-0.056367,-0.745128,0.397438,0.162585,1.468849,0.264531,0.095785,-0.845575,0.102373,0.652824,-0.218557,0.252221,1.287928,0.890237,-0.322119,0.215645,-0.772734,-0.583386,0.810760,-0.892291,-0.799395,-1.243504,-0.547200,0.515126,1.059931
198,2,1.530757,-0.133980,0.657093,1.134134,0.142251,-0.891420,-0.397735,1.548052,-0.336343,0.370663,0.096927,1.404308,1.736632,1.445215,-0.150601,-0.064897,-0.502360,-1.120127,-0.111679,-0.249687,0.725401,-0.620522,-1.494901,0.622346,-2.279568,0.015680,-0.375908,0.080718,0.446902,-1.501874,-0.089608,0.021111
199,2,0.018538,1.906956,0.141382,-1.674807,0.010188,0.206478,-0.849715,-0.347950,-0.747107,-0.951323,-0.263408,0.868674,1.040964,1.014022,-0.616727,-0.605562,0.838728,0.433805,-1.185232,-0.680923,-1.176479,2.857770,-0.109333,0.802133,1.099481,1.239471,-0.291672,1.860980,0.942373,-0.519986,-1.447309,-0.639437
200,3,0.898449,1.238207,0.602645,1.718896,0.719870,0.428369,1.331921,0.000701,1.556714,1.806467,0.713280,3.068225,3.410338,0.204310,-0.964592,-0.693918,-0.618981,-1.867871,1.484134,0.477281,-0.101494,0.875346,-1.992951,-0.713232,2.025272,0.775292,0.942837,0.540433,-0.568406,-1.655209,0.639280,-1.683204
201,0,0.707157,0.881365,-1.043526,-1.534625,0.198387,-0.100814,0.177171,-0.136372,-0.504459,0.164245,0.194399,2.828183,1.592780,0.300963,-1.000262,-0.119283,-0.082419,1.020719,-0.806542,0.297250,-3.671079,-0.744092,0.441654,-0.086036,1.502626,-0.807737,0.595181,0.876415,2.309220,1.276633,0.600548,-0.220654
202,2,-0.655936,0.600643,1.317747,-0.260681,0.474407,-0.056372,-0.910925,0.229654,-0.035412,-0.959908,-0.304453,3.399063,0.676666,1.347838,-0.002058,1.604939,0.528022,1.435659,-0.050477,-1.089341,-0.339305,0.439771,-0.289289,-0.324462,-0.529765,0.566842,0.672383,-0.143313,2.255524,0.435661,-0.640094,1.967308
203,0,0.844998,-1.571217,0.077189,-0.142512,1.499200,0.120317,-0.322060,-0.892426,-0.791882,0.224293,-0.039778,-0.693388,1.546506,2.119795,0.649665,0.559491,0.111516,0.395280,1.104980,0.980572,-1.052569,-0.056756,-0.989589,-1.955126,-0.919683,1.651819,-0.634760,0.155369,0.582905,2.423191,0.425273,1.258790
204,2,0.637299,0.038776,1.106043,0.455611,1.747068,-2.108020,2.134564,-0.507575,0.154867,-0.080359,0.122852,1.227511,-0.548245,-0.278431,-1.201629,-1.352706,0.677062,-0.827110,-1.460857,-0.283920,0.280971,-0.317486,-0.221957,1.012599,1.237549,-0.039187,1.151351,-0.143581,-1.468929,-0.400549,0.149955,-0.453937
205,2,-2.169936,-1.714206,1.592552,1.214302,1.195000,2.349254,1.335122,0.441457,-0.147870,-1.549940,-0.958477,1.309608,-0.961643,-0.791363,-0.194689,0.075310,0.698200,2.063036,-0.217746,-1.444281,-0.946775,0.248976,0.219940,0.814084,0.614647,0.752359,0.652163,0.018519,-0.438600,0.509300,-0.933653,0.474495
206,0,-0.619309,1.670277,1.327332,-0.003150,0.948917,0.550979,0.287011,0.179337,-0.391369,0.431300,-0.917252,-0.348239,-0.129863,-0.059733,-0.599742,-0.849655,-2.209813,0.402909,-0.073543,0.489960,0.811947,0.416874,0.923358,0.534162,1.116843,-0.927262,1.054293,2.299407,-0.187833,-0.893601,-0.383097,1.832198
207,1,1.315881,2.092882,0.145708,0.075083,0.980202,-0.717421,-0.564369,-0.388984,-0.071505,-1.045929,1.692792,0.163450,0.318144,1.186172,-0.147658,0.245722,-0.666997,-0.270461,0.884622,-1.243971,0.158219,0.195503,-0.517644,-1.631928,-0.383504,-0.249875,-0.086351,0.833694,0.079835,-0.670733,-1.492944,-1.152433
208,2,-0.021864,-0.807907,-0.185300,-0.819147,-0.140136,-0.342063,1.658972,-1.495169,-1.118937,-1.034412,0.002570,1.106348,1.944694,0.869789,0.340208,0.176632,-0.136173,-1.145651,-1.166526,0.173588,-1.120431,-0.398495,-1.178052,-2.085952,-1.492335,0.446899,0.698597,-1.283246,0.141071,0.192977,-0.858309,0.241160
209,3,1.305533,-1.065187,-0.698691,2.039864,-0.749253,-0.381381,0.388209,0.532499,-0.364094,-0.539894,-0.240010,0.467100,-1.518980,0.019607,1.039428,0.968110,-0.912517,1.053881,1.836524,-0.189935,1.327251,-1.292215,-0.939557,-1.099321,-0.644393,-0.244606,-0.484178,0.610843,0.659244,0.350591,-0.652226,-0.357221
210,0,1.019044,0.100617,2.434447,-0.071146,-0.675600,-1.072039,0.317610,0.510495,0.202592,-0.855706,-0.937906,0.155181,2.567481,0.114370,0.648963,0.691395,-0.604195,0.066152,-1.089374,-1.401477,-0.156597,0.242428,0.115780,0.003856,-0.650325,0.562668,1.562133,-0.593731,-2.408349,0.185103,0.117898,1.205287
211,2,-2.778816,0.975853,2.927661,-1.114905,-0.044007,-1.867613,1.165650,-0.824460,0.588459,2.134448,-1.446478,0.630586,0.455441,1.200943,0.431275,-1.883595,-0.073266,-0.757444,0.353520,0.229147,-2.077734,-0.409810,-2.030625,0.088963,2.196469,-0.335741,-0.251801,1.063121,-0.200664,0.445913,-0.197752,-0.330900
212,2,-0.418177,1.062973,1.199431,0.830245,0.168703,0.252818,-1.212286,0.113371,1.654893,-1.078110,-1.533322,0.651372,0.061575,-0.043921,-1.470698,-0.810815,0.366827,-1.825984,0.858296,-0.337361,-1.266864,-0.025734,0.171877,1.317038,0.004682,1.321512,0.410284,0.722397,-0.362401,-1.925023,0.064678,1.761853
213,1,-0.589082,0.660752,-0.520875,0.682535,0.698892,-1.250196,0.279874,-0.022267,0.826027,1.588632,0.812214,1.360313,0.100335,0.697546,-0.979199,-1.108289,1.146717,-0.787742,-1.169397,-2.143368,-0.230166,0.287274,-0.966229,-1.232033,-0.066188,0.635923,0.113004,0.587001,-0.643604,-0.730884,0.637411,2.609981
214,0,-0.031089,-0.488013,-0.170838,0.138362,1.800671,-0.499094,-0.122337,0.856645,-1.048533,1.295968,0.329981,0.048127,-0.946171,0.253894,-0.517668,-0.663596,-1.158489,0.653473,0.607051,0.026957,-0.241974,0.336160,-0.009773,-0.481682,1.419464,0.470891,0.508536,0.635565,0.892650,1.216338,0.994960,-2.432688
215,2,-0.581945,-0.098119,1.236490,-0.990718,1.499452,1.074108,-1.455735,0.798190,0.482365,-1.081620,0.596101,-0.763245,1.425091,-2.251554,0.810503,0.506764,-1.607429,2.453089,-0.394133,-1.891125,1.733386,-0.512212,1.121160,0.771576,1.558052,-0.856221,1.064538,1.131703,0.086201,0.748309,0.297938,-1.692184
216,3,0.133452,0.862336,-0.867245,0.212747,-1.470669,1.387617,0.351802,-0.486302,-0.308302,0.356582,0.226433,1.563902,-0.005225,-0.266958,0.142896,-0.314183,0.643853,0.850324,-2.399818,1.429134,1.645606,0.551234,-0.076394,0.360366,0.618388,-0.627204,-2.301766,-0.475247,0.743740,-0.660637,0.627972,0.330962
217,0,0.346023,0.657915,0.307182,0.570399,-1.629980,1.554380,-0.437715,-2.438188,0.967955,-0.555349,-0.932013,0.835100,-0.908309,-0.441085,-2.354218,0.266537,0.476047,-1.096613,1.004001,-0.460521,-1.592508,-1.299921,0.119900,-0.214756,-0.729662,1.434673,-0.064750,0.417930,0.048594,-1.250618,0.354258,0.543993
218,3,0.587092,0.979850,1.801860,2.789648,1.750707,0.081639,-1.571288,-0.119897,2.204178,-0.306196,-0.519570,-0.945587,1.234918,-0.423722,0.428877,1.611270,0.723284,0.667332,-0.122821,1.183770,-0.531986,-0.911026,-0.080968,1.068056,1.122586,0.011424,0.315761,0.280140,-0.069208,0.142286,-1.788365,2.057254
219,1,-0.693634,-0.481371,-0.641190,0.718075,-0.205479,-0.258665,0.808064,0.291962,-0.243123,0.391153,0.598215,0.040640,0.132532,-0.597630,-0.406092,-0.286935,-1.209523,1.384354,1.091315,0.283638,-0.550338,0.563516,-1.180682,-0.201587,0.304592,-0.066574,-0.198829,1.623141,0.398132,0.556120,-0.505808,0.553200
220,1,0.550833,-1.078033,0.283199,0.438801,0.281965,1.305264,-1.125646,-0.946992,0.419733,0.974765,-0.294686,1.429074,0.572600,0.737083,0.566577,-0.851739,-0.874583,0.763786,0.341200,0.555747,2.027132,0.477980,-0.104917,1.112686,0.212478,0.612890,-1.007683,0.939192,0.446389,0.024744,-1.268341,0.432858
221,1,1.983028,1.399148,-0.517132,1.140434,-0.389631,-0.610694,-1.108967,-0.042656,-0.127576,0.569017,-0.751477,-1.226293,-1.249620,-0.214427,-0.331900,-0.941157,1.214911,0.852223,0.179471,0.332235,-1.041597,-0.073366,1.489755,0.532438,-0.671102,0.650509,0.844156,1.148268,-1.430666,-0.404814,-1.431079,0.992073
222,0,2.097420,1.029372,0.299018,0.218351,0.236076,0.282551,-0.104764,1.143910,1.666609,0.678625,-0.454190,-0.209669,-2.614116,1.081001,0.881247,-0.886531,-0.686608,-0.239925,0.428416,0.363628,1.235147,1.537319,-1.521211,0.916347,0.367148,1.357987,-1.259612,-1.307416,0.047336,0.724638,-0.345408,0.115506
223,1,-2.337360,0.908667,1.861329,0.367435,-1.227523,1.026945,-0.583556,-1.143023,1.777537,-0.434569,1.459427,0.589078,0.830511,-0.337686,2.335621,1.867080,-0.970102,-0.827854,-0.253833,-0.339848,-1.418140,-0.059737,-0.333965,1.221576,-0.552045,0.843481,-0.250509,0.374956,1.385402,-0.831813,-2.200460,-0.945748
224,2,0.551714,2.522818,2.483637,-0.295609,-0.636440,0.737781,0.437272,-0.669608,0.064534,-0.547774,0.160540,2.515287,-1.514564,-0.305173,-1.455533,-0.173155,0.095850,0.063937,-0.889359,0.058066,1.495866,-0.345656,1.880089,-0.653517,-0.917330,0.136474,-1.712136,-0.077368,-0.544445,-0.825984,-0.207446,-0.677515
225,3,-1.867365,-0.329029,-0.767776,1.351753,0.599125,-0.531692,0.367713,0.072136,0.576048,2.248112,-1.931788,-0.427751,-0.702716,-0.280990,0.499761,2.111394,0.439170,-1.766130,-1.108906,2.171877,-1.159440,-0.648225,-0.969277,0.247364,0.709886,-0.824606,1.450210,-0.667780,-0.181139,1.174347,2.136850,0.321408
226,1,-0.412308,0.729173,1.654420,0.784194,1.857734,-0.856083,-0.850355,-0.621876,0.974316,0.574591,-0.983915,-0.817684,-1.460432,0.222680,0.692848,1.055407,0.487980,0.822549,-0.632725,-0.663881,-0.545100,0.133575,0.159985,0.236564,0.728382,-0.455105,0.881605,1.956289,-0.910406,0.086705,-0.194699,-0.034992
227,3,-1.174930,0.160925,-1.241245,2.150270,0.259696,-0.148975,-0.277902,-1.564201,-0.327647,0.037688,0.041129,0.451864,0.417477,2.826724,0.727979,0.118428,-1.433919,0.863038,1.060963,-0.505049,-0.226102,-0.151255,-0.225279,0.196273,-1.081811,-0.442637,-0.334685,-0.090670,0.418338,-0.567830,-0.523656,0.812342
228,1,-0.047454,-0.303223,-1.462741,0.720635,1.369408,-1.316133,-0.226367,-1.284367,-1.697677,1.371095,1.764632,0.627612,-0.902054,-1.415282,-1.318759,1.321586,1.411000,-0.512786,-0.627859,1.431168,0.059551,0.099248,-0.692661,1.912045,-0.375908,-0.779091,-0.265943,0.093817,0.440614,0.172829,-0.270210,-0.981701
229,3,0.072758,1.616276,2.010838,2.400402,-0.470968,-1.821546,-0.602418,0.733945,-2.431187,0.655342,-0.692330,0.520405,-1.331029,-0.449170,-0.424579,1.764039,0.242932,-0.738125,-0.263054,0.211733,1.591871,-0.477378,-0.367279,1.026947,-0.045377,-1.375447,1.859502,1.459296,0.761169,-0.690111,-3.131181,-0.418307
230,2,-0.709748,-1.926081,-0.747176,0.398181,0.745879,1.849265,1.164561,-0.198022,1.015606,-1.343821,-0.874433,-1.340860,0.900819,-0.591543,-0.239368,0.513794,-0.688780,0.451023,-1.522720,-0.590982,1.027232,-0.565301,1.779521,0.757155,-0.639503,-0.303719,0.825699,-0.439588,-0.342886,-3.020323,-0.149523,-1.717890
231,2,-0.384831,-0.610973,-0.147254,0.290434,-1.112110,-0.518865,1.547538,-0.404604,0.787129,0.560089,0.192057,0.089823,-3.857686,0.031918,0.281081,-0.577527,-0.211957,-0.471910,-1.551417,1.084684,-1.047715,-0.787543,-0.971181,0.335114,-0.738095,-0.080715,1.520908,0.689263,0.446645,-0.217596,-0.043375,-1.258950
232,2,-1.646777,-0.693815,0.287405,-0.513279,0.078659,-0.595195,-0.085082,-0.797396,-0.286817,-1.503357,1.497474,0.529549,-0.777922,-1.091481,0.760095,0.234854,0.965311,-1.591365,0.053648,-1.308115,0.012283,1.163036,2.625471,-0.752508,0.385270,0.089709,0.023119,1.023604,-0.752146,0.768253,0.556217,-0.453333
233,0,-0.265600,0.810308,-0.030846,0.506342,-0.810103,0.059372,1.126126,0.745759,-0.118250,-0.764744,1.708298,1.274096,-0.583991,-0.879075,-0.855088,0.834579,-0.207235,0.617021,0.004642,2.108675,0.548062,0.681252,0.240613,-2.529012,-0.301819,0.456958,0.666845,-1.083913,1.068460,-0.487139,-1.942655,0.469373
234,2,0.041051,0.960866,-1.241868,2.436181,-1.730046,0.039897,1.541801,0.641651,-0.646911,-1.048182,1.162261,0.163290,2.014417,-0.974990,-0.124699,2.266584,0.465973,-1.369630,0.347570,1.372704,-1.645538,-0.390893,1.998334,-1.160472,-1.394610,0.673655,0.583188,0.602096,0.900473,-0.017431,0.720510,-0.164873
235,1,-0.005222,-0.481181,0.896486,0.596924,-0.519080,1.034305,0.279138,0.010505,-0.503773,2.336588,0.595486,0.138492,0.697662,0.118869,-2.220573,0.511535,0.171838,1.074298,0.386898,1.300894,0.239810,-0.247680,1.641582,-0.199576,0.291930,-0.411636,-0.017833,-0.889264,-0.149300,-0.725514,1.055018,-1.087331
236,2,1.880664,0.948968,0.358281,1.603362,0.508856,0.250615,0.074328,0.275287,1.717947,0.677649,0.183683,-1.152718,0.576598,1.010983,-0.172477,1.509199,-0.608530,-1.198969,0.195686,0.843850,0.849744,-3.103518,0.110594,-1.596989,1.028099,-1.068786,0.879613,0.568930,0.078177,-0.637110,1.209850,0.097345
237,2,-0.180496,-0.717813,-1.114807,-0.065785,-0.512173,-1.553249,-1.712913,-2.016927,-1.134101,-0.810043,-0.913784,0.289437,2.081541,0.621721,0.603064,0.903077,0.288353,0.491909,-0.852842,-2.268459,0.617754,-2.342334,-1.690109,-0.880558,-0.479632,1.666915,0.167182,-0.054918,-0.040941,-1.967892,-1.573395,0.560832
238,0,-0.093622,-0.979881,0.698381,-0.376091,0.069936,0.141304,-0.348574,-0.415625,0.456153,1.057856,-2.305792,0.571250,-0.225279,2.467190,1.192312,1.044690,0.034012,-2.078470,0.053328,0.028200,0.669416,-0.435943,-0.224431,2.133976,-1.373410,1.814068,0.308581,-0.432681,1.313175,0.732000,1.170888,0.895200
239,3,0.011957,0.111333,1.204453,1.656263,-0.709342,-1.741803,-1.692345,-0.878769,0.146551,-0.682090,-0.617071,-0.759384,-2.292710,-0.805650,-0.594011,0.418548,0.434654,-1.135695,-0.945440,0.191571,-0.226464,0.837430,0.058834,0.027193,-0.217691,-1.126582,0.851548,-0.870320,0.639915,-0.572493,-2.304039,-0.268422
240,2,-0.990496,-1.130147,0.021341,-1.342243,0.314463,1.110120,0.270806,0.180761,0.625213,-0.208258,0.472151,0.259361,0.499516,-1.199803,-1.071104,1.217289,-0.508910,0.025767,0.135210,0.847083,-0.648066,-0.315606,0.738006,0.814478,0.188007,-0.578827,-0.698521,1.265291,0.539351,0.835152,3.220711,1.281234
241,1,-0.485500,0.718512,1.326221,0.122191,-0.735298,0.150891,0.232363,0.056790,-1.470135,0.450419,0.689056,-0.559827,-1.158040,-0.908929,-0.573000,0.211748,1.873782,-0.622923,-0.553188,-1.918131,-0.280753,0.484262,0.114190,-0.950990,0.190394,-0.666219,-0.742301,-0.904850,-0.069748,0.231742,0.314249,0.238297
242,1,1.609424,-0.770083,1.320786,-0.948640,0.554286,0.624635,1.097015,-0.617891,0.829548,1.124318,0.576393,-0.242967,-1.020169,0.555604,0.391836,0.008874,0.422163,-1.313107,0.523742,-0.899570,2.070231,-1.129570,-1.485009,-1.050910,0.055249,0.465891,1.200919,0.470797,-0.232950,1.040021,-1.427315,-0.807573
243,2,1.221501,1.432505,1.184013,0.152304,0.491622,-0.359346,-0.693655,0.046871,-0.384671,0.027870,-0.381984,-1.924121,-0.182509,0.035161,-1.024413,1.765385,-0.754648,0.996212,0.600896,-0.715004,0.581330,0.102473,-0.620357,-0.300935,1.105692,1.129727,0.442473,-0.841480,0.038746,-0.098053,-0.903186,-0.926709
244,3,-0.742616,-0.778684,-0.386582,3.220043,1.534934,-1.082317,2.578222,0.889395,-0.568173,-0.186536,-0.428863,-0.526123,0.822106,-0.048034,-1.374757,0.188519,0.647757,2.085912,-0.014384,0.701958,0.067929,0.206372,-0.430304,-1.488444,0.114653,0.156087,-0.235281,1.308073,1.545422,-0.450578,-0.043537,-1.511891
245,3,-1.065850,-0.011006,-0.108190,1.064558,1.275234,-0.055537,-0.099515,0.228091,0.013911,0.605617,-1.687485,0.720154,-0.473377,1.060007,-0.202515,-0.324582,-0.916156,-0.066373,1.107360,-1.532105,1.461982,-0.738698,-0.581763,-1.059376,-0.874935,-0.920916,-0.404755,-0.232920,-0.593621,-3.334834,0.385444,0.947326
246,0,0.064652,-0.117433,2.522380,0.256091,-0.330882,0.587630,0.057277,0.536204,-0.258027,0.410449,1.128688,-1.323748,0.693900,-0.828360,1.319597,1.183618,-0.115180,-0.237151,1.398147,0.702612,1.488989,0.210959,-0.471155,-1.422672,-1.742795,0.665258,0.725129,1.470440,0.581882,0.567556,0.414286,1.001517
247,1,0.219252,-0.756142,-0.227208,0.579775,0.806248,-0.052266,1.904493,0.421478,0.202056,-0.267687,-0.344490,-0.145461,-0.881047,-0.838025,-0.331010,-0.670233,-0.292980,-0.077441,-0.636696,0.713709,0.720097,0.210632,-0.197709,-0.503448,-1.541179,1.458528,-0.739849,0.214829,-0.712502,-0.540547,-0.408045,-1.549214
248,0,0.641043,1.088162,1.444733,0.077989,-0.155857,0.806047,1.387892,-1.677647,0.579788,0.701424,-0.721101,-3.203554,1.982378,-0.585657,-0.808248,0.856486,-2.165796,-1.038203,0.288181,1.059250,-1.192398,-1.636181,0.088853,-0.411985,-2.450087,0.453983,-0.938731,0.457984,0.880376,-0.577690,-0.126166,-0.958855
249,2,1.334911,-0.466036,0.383788,0.442453,1.111235,0.649389,1.821879,0.508725,-0.395078,-1.044313,-0.308131,0.615951,-0.137100,-0.061602,-0.878463,-0.799152,-1.135966,-0.283880,-0.545248,1.644275,-1.915666,-0.196381,-0.022753,-0.122584,0.628457,0.196316,-0.375123,-0.323236,0.803921,-1.614031,-0.896896,-1.320463
250,3,1.603643,-1.679570,-0.896931,-0.436824,-0.421651,0.374716,0.294320,0.310328,0.019003,0.420155,-0.843696,-0.316912,1.128792,1.908596,0.394399,-1.985609,-2.002546,0.184610,0.300482,0.395850,-0.426996,-0.748267,1.893348,-0.299031,-0.152776,-0.933977,-1.719331,-1.212196,-0.185227,1.181309,-1.466237,-1.172926
251,2,-0.084416,0.321204,0.483597,0.363098,-0.514069,1.251414,0.350000,-0.794284,2.207052,-0.959600,-0.514897,-0.128008,0.632886,0.350553,1.289324,0.548087,0.010327,0.469006,-1.612253,-1.489932,-0.197132,-0.195779,0.443836,-0.463048,-0.483991,0.730101,0.304566,-0.066393,0.008768,0.175522,0.723066,0.502471
252,3,-1.345532,0.469482,-1.616665,0.643736,0.299155,-1.053848,1.605237,-0.280158,0.044564,-0.760416,0.456955,0.427216,0.306864,1.675213,1.231107,-1.825959,-0.595024,-0.689314,-0.253790,-1.016365,-0.339728,2.299819,-0.417573,0.524280,0.599568,0.702198,0.689191,-0.662622,-0.449872,-0.658024,1.539949,0.913466
253,2,-0.763808,-0.002910,0.758529,0.013238,0.006067,-1.073496,0.449535,-0.578492,-0.844137,0.763731,0.112174,0.905324,-1.394483,0.369259,0.620697,-0.117445,0.085506,-0.862280,-0.422201,0.874345,1.511289,0.434689,-1.791494,-0.524990,-1.609419,0.778935,0.557528,0.144619,-0.165475,-1.233920,-1.231157,-0.527400
254,2,-0.454690,-2.022679,-0.378772,0.138343,-1.861802,-0.839422,-1.952384,-2.141203,0.679748,0.798185,-2.334859,-0.931849,1.777762,-1.053923,-0.585249,-0.601306,-0.493987,-1.050170,1.692015,1.301153,0.423849,-1.518410,-1.511586,0.841381,-0.825686,0.487708,-0.526150,-1.012133,-0.510076,-0.742121,1.628135,-1.717126
255,2,-0.459062,1.108729,0.082461,-0.300402,0.751460,0.479809,-0.007947,-1.202379,-0.072219,-0.410359,0.609799,1.216538,-0.829700,1.923819,1.929388,0.593413,-1.148558,0.070637,-1.089575,-1.292077,0.425374,0.464095,-1.225833,0.252749,0.672006,-0.816551,0.038443,-1.124885,-0.443915,2.088799,0.114510,-0.196261
256,2,0.262344,-0.353749,0.789418,-0.085579,-0.864230,0.486370,-1.079605,-0.531700,0.809642,1.096995,0.746874,-0.355687,-0.411447,-0.383342,1.494756,-1.512069,1.821767,0.752341,-1.117336,-2.706743,-2.074664,0.463206,0.494149,-1.124544,-0.453298,-1.029456,0.725284,-0.793257,-0.019105,-0.055672,0.145247,-0.160873
257,1,0.343599,2.102130,0.451827,-0.309436,-1.601358,-0.698357,-0.260512,0.487462,-0.599539,0.652897,-0.000526,1.092293,0.489959,-3.040543,-1.736274,1.227894,0.687947,0.036736,-0.703398,-1.888325,1.240377,-0.768975,-0.245869,0.381882,-0.604230,1.174045,-0.492044,-0.470291,1.951338,0.761458,0.790603,0.346769
258,1,-0.006413,1.829891,0.584998,-1.856622,1.352518,0.441094,0.216233,0.880069,-0.398170,1.518645,0.053360,1.087481,-0.885702,0.460121,-0.490303,-0.733127,0.749930,-0.229235,0.140759,0.459782,0.110462,0.110498,0.062372,0.085615,0.315981,-0.092833,-1.175198,-0.209087,-0.651277,-0.648328,1.163991,0.734460
259,0,0.469806,-2.364885,-1.750805,-0.160697,1.781956,0.747607,-0.630872,0.110074,0.893533,1.689608,-1.104204,1.989927,0.367840,0.301880,0.547868,0.897726,0.793864,0.671252,0.322528,-0.386626,1.874242,-1.749774,-0.749029,-0.390598,-0.141646,0.307599,-0.947199,-0.867657,-1.133102,1.167345,-0.228632,1.755249
260,2,0.357659,-0.104818,-0.658023,0.418331,-0.802039,2.126250,-0.590676,0.114481,-1.670651,-1.048137,-0.486405,0.542773,1.017449,1.612311,-0.543062,-0.659980,0.646673,-1.185425,0.706438,-0.923619,-0.962857,-0.908051,0.411533,0.833317,-1.034579,2.103043,0.777771,1.520053,0.249364,-2.600967,-0.440856,1.115976
261,3,0.952285,1.959247,-0.180647,0.069413,-0.818510,-0.146465,0.485693,-0.409778,0.287741,0.728687,-1.011981,0.172277,1.481697,1.520143,0.030667,0.554712,-1.224443,-0.062202,-1.231328,0.863274,-2.460892,0.258843,0.075114,-0.342272,0.118798,1.384403,-1.384150,2.102911,-0.189793,-1.347857,-0.545570,-0.190758
262,1,-0.098521,0.331031,-0.035719,0.198965,-1.303946,1.113561,0.018315,-0.402973,0.453013,0.897706,-2.131763,-0.452155,0.056330,-0.635254,0.523972,0.636358,0.092642,-0.325982,0.769943,-1.415391,-0.083542,0.021039,-0.947387,-0.535116,0.217668,-1.856932,0.798193,0.677382,0.093233,1.654543,-0.182604,0.063513
263,3,-1.205617,0.365917,0.801749,0.705645,0.094191,0.016229,-2.943177,2.082528,-0.814981,-0.196498,0.451088,0.024529,-0.484844,-1.705351,-0.605005,0.569627,0.388462,-0.084597,-2.148125,1.267339,-0.204256,0.264576,-0.130251,0.615422,-1.407201,0.036263,0.992725,0.110853,-1.106318,0.436773,-1.381924,0.173860
264,2,0.290403,0.672408,-1.645484,1.187159,0.216002,-0.140477,-1.270359,0.829679,-1.983520,2.690540,0.723683,0.979173,-0.412543,-0.311162,0.251455,-0.029688,0.774754,0.521716,1.039629,1.503090,-1.453765,-1.119804,0.114368,-1.495795,0.593006,-0.516470,0.672064,-0.817606,0.163570,-0.319767,0.926149,-0.512338
265,3,0.044290,-0.717320,-0.136954,0.389993,-1.700308,-0.316248,0.421792,1.360003,0.059002,-1.035929,0.094844,-0.174357,-0.506369,0.524904,-1.941197,-1.481187,-0.446591,-0.392377,0.223291,0.077109,-0.638325,2.118068,0.976124,1.871714,-0.606698,-0.198084,-0.058968,-0.696289,2.007537,-0.259480,0.712930,0.763349
266,3,-0.101328,-0.568287,-0.293138,-0.081801,-0.802011,1.301125,-0.224724,-0.541258,-0.963743,0.418303,-0.895524,-1.374911,-0.727878,-0.103343,1.269113,-0.033163,2.044544,-0.316063,-0.151104,0.042238,0.229893,-0.838777,1.476085,-0.893519,1.757179,0.291228,-0.858966,-0.466705,0.009415,-0.472158,0.481784,-1.191892
267,1,-0.490955,1.140189,-0.489414,-0.041548,-0.318553,1.269134,-1.427059,-1.947633,0.105614,0.952300,-1.425829,-2.087868,1.291167,0.602113,-0.435169,-0.153504,-0.919410,-0.588360,-1.072131,-1.603686,1.597565,-0.196062,0.571567,-0.310243,-1.096191,-1.721629,-1.791811,-1.806780,0.074556,1.627131,-0.406792,1.356864
268,0,1.047130,0.207369,1.437784,0.048440,-0.237333,-0.510239,-0.352076,-1.656962,-1.698453,-1.553957,1.502015,0.273116,1.583767,-1.039446,1.259109,-0.017426,-0.226115,-0.160274,0.051264,-2.467532,-0.769116,-0.502508,-1.257836,-0.489512,-0.533732,-0.123950,0.987917,-0.529086,-0.223195,0.808015,0.132654,-0.910008
269,2,1.844173,1.199057,0.942778,-1.185586,0.137003,-2.495424,0.504724,0.504923,-1.526893,-0.923136,-0.019776,1.174094,-0.001490,0.010586,0.199281,-0.246750,1.453905,1.184130,-2.352130,-1.515514,-1.200181,-0.426220,0.654309,0.757621,-1.238640,1.342566,0.632150,2.468714,0.151130,-0.606332,-1.361556,-1.073715
270,3,-0.314925,0.975051,-0.104338,0.664269,-0.151618,0.677822,0.617499,-0.746349,0.671578,0.617352,0.690380,-0.597040,-1.025142,-0.226632,0.307534,-0.003819,-0.465884,0.968183,1.598087,1.368720,0.016045,-0.281752,1.108650,0.034113,-0.272598,1.276104,2.268702,1.999474,0.634159,1.821735,0.350991,0.280395
271,3,-0.420172,0.489880,0.889583,0.816789,-0.494158,-0.753324,-0.490939,1.364324,-0.675708,-1.568710,-0.996661,1.345188,-0.725329,-0.783047,-1.711627,-1.251877,-1.302273,0.514821,-0.221806,-1.105321,0.244537,0.322088,-0.222454,-1.790144,-0.295357,-0.093592,0.223270,-1.929653,1.533942,0.234869,3.608455,0.554217
272,2,0.689599,-0.392690,-0.616058,-0.035484,-1.444849,-1.295324,1.012117,-0.059764,-0.604538,-0.965476,-0.171560,-1.310786,0.559282,-0.370666,-0.031737,0.751234,-1.121531,1.321615,0.292388,0.782349,0.835869,-0.579856,0.818116,0.900708,-0.659291,0.472098,0.885701,-1.504185,-1.124287,-0.935497,0.763621,-1.297937
273,0,1.655282,0.855230,1.462864,2.427742,0.478308,2.016820,-0.461015,2.981276,0.605767,-1.428487,-0.392069,-0.447528,0.407967,-0.317460,-0.408538,1.797837,-0.114658,0.921311,-0.141372,0.531687,-0.981669,-0.753864,-0.410532,-0.458484,0.046654,-0.509488,-1.047106,0.943057,-0.805805,-0.430841,1.293877,-0.994302
274,0,1.557212,0.074866,0.962826,0.558804,-0.587902,1.250192,-0.449569,1.844444,-0.847439,0.760743,1.022202,1.686414,-0.005864,-2.257198,-0.018864,-1.743599,-1.157690,-0.414710,0.203194,-0.763253,-0.227988,-0.368009,-1.225122,2.335334,1.850771,0.107914,-0.189027,-0.930912,1.516366,0.948298,-0.816623,1.716157
275,3,0.831327,-0.688681,-1.245031,0.299393,0.543726,-0.306736,0.865297,0.687202,-0.409586,0.575632,1.734704,0.395818,1.198682,-2.153908,-0.456462,0.828042,0.025150,0.832335,0.585676,1.551549,-2.169036,0.692299,0.163863,-0.926051,1.622843,-1.408236,0.931097,0.052454,1.098438,-0.273903,1.050887,0.307600
276,1,-0.125732,-0.492357,-1.313230,0.148124,-1.955633,0.934794,0.397794,1.036009,-0.885668,-0.131005,0.278978,0.814110,0.370098,-0.072350,-0.195705,-0.399593,0.380248,0.705331,1.558393,0.254128,0.021034,-0.172971,0.644085,0.588353,1.060992,-0.226897,-0.689804,0.575994,-0.639375,-0.110219,1.593079,0.363314
277,0,-0.095264,0.327241,-0.574837,1.170669,1.467823,-1.618231,0.989390,1.090272,-0.334679,-0.732068,-0.237047,-0.399448,0.053717,-0.309705,-1.438504,-0.936757,0.341770,0.383531,1.099899,-0.115832,0.699784,-0.148390,1.110188,-0.465768,1.449969,1.220104,2.699572,0.692473,0.486132,1.574434,-0.627230,-0.642875
278,2,-0.407270,0.961833,0.928183,-1.406800,1.127942,-1.087166,0.203271,1.330965,0.175012,0.852525,1.387569,1.814515,-0.190964,-0.554210,0.105627,1.878518,0.993686,-1.394852,0.648188,-0.806537,-0.210900,0.815452,-1.139201,-3.186232,2.508482,0.806129,-0.426184,0.202102,-0.885264,0.966302,1.608415,-0.031462
279,3,-0.089214,0.433022,-1.107862,0.805677,1.197189,-1.115783,0.427043,0.545683,-0.640610,1.611841,1.166631,-0.721584,-0.675986,-2.511768,-0.783643,1.617751,1.076271,1.301446,2.181013,0.378374,0.291058,0.277573,-1.254994,-1.511198,0.494737,0.407726,1.053686,-1.460018,-0.138440,-0.655920,1.831565,0.674031
280,3,-0.666593,-1.020308,-0.212095,0.225431,-0.702331,0.458286,-1.561516,-1.876468,-0.561288,-0.167275,0.941422,0.582270,0.732799,-0.408174,0.915565,-0.878086,0.290558,-0.232523,-0.716202,0.683768,0.340848,-0.233590,-0.865734,-0.327580,-0.930907,0.817514,1.069408,1.039343,0.244560,1.543579,-1.006594,-0.304486
281,0,-0.078283,-1.043247,-0.089737,-0.680538,0.589350,0.092804,-1.231316,0.163216,-1.046387,-0.705566,0.440765,1.294508,1.082314,0.457560,-0.768197,-0.362592,0.858841,-0.277652,-1.887655,-0.811979,-0.616777,0.924407,-0.182123,0.237567,-1.072382,0.195850,-0.469826,1.452185,-0.761756,-2.556731,1.074734,-0.523235
282,3,0.166351,-1.471177,-1.707577,-0.016605,0.671318,0.412696,1.330130,-1.175918,-0.512166,0.183900,0.261436,-0.626943,0.113556,0.632181,-1.099304,-1.609783,1.218535,-0.573310,-0.818777,-2.811338,0.073239,-1.289985,0.173776,-0.718590,-0.005581,-0.962652,-0.228790,-1.053646,-1.194282,-0.484733,0.699906,-1.336237
283,3,1.737743,-0.872237,0.332407,1.238089,0.215295,0.204839,0.076350,1.159598,0.714638,-0.331631,0.805283,0.470809,-0.540407,-1.579508,-0.748691,-0.392409,0.036747,1.900613,-1.475574,0.361824,-1.224561,0.303996,-1.390646,1.214264,0.714306,2.205270,-0.341025,0.781203,-0.557022,0.272606,-0.433177,1.033479
284,2,2.823353,-1.079497,-0.391284,0.314988,-0.496620,-1.325355,-0.104540,0.009568,-0.045098,-2.522686,0.967032,1.106397,0.196757,1.288469,0.728888,1.303697,-0.545430,-0.544013,-1.402232,-0.418948,2.946984,1.555112,-0.494194,-1.333420,1.233736,-0.842290,-0.629873,-0.789946,0.532509,0.326028,-0.047052,-0.681029
285,0,1.476076,0.393969,0.671196,-0.430906,-1.211827,-0.949577,-0.175566,-0.892207,-0.845374,0.864933,-1.100017,0.806477,-0.378297,1.415879,0.162621,1.162970,-0.374931,-1.367507,1.281483,1.923574,-0.923958,0.455988,0.086403,-1.577485,-1.663958,0.068482,0.035240,0.266271,-0.604027,-0.389431,-0.430784,-0.932189
286,0,0.796735,-0.905529,0.954140,2.468570,0.027945,1.579997,-0.610318,0.509242,-0.989924,0.055960,2.132536,0.790716,-2.976304,0.945461,-1.688289,-0.547583,-1.179893,-0.162962,-0.327587,1.190061,-0.770280,-0.502880,0.151460,1.696935,0.895296,1.354126,0.119081,2.802114,0.304758,0.878108,1.563729,0.289317
287,2,0.684043,-0.016349,-0.112694,0.134284,0.298319,0.649715,-1.148403,0.144493,1.236468,-1.357472,0.749665,-0.991545,2.250938,0.964375,-0.654328,0.812442,-1.833029,-0.449888,-1.511268,-1.272841,-0.285878,-0.391627,-1.028222,-1.102935,-1.095783,0.675015,-1.681288,-0.258903,0.487420,0.003910,0.184632,0.366105
288,2,0.882759,0.680128,0.940393,-1.016713,-0.075364,1.505924,0.826598,0.404266,-1.551062,-0.412253,-0.728068,1.076271,-1.094852,-0.780060,-0.738424,-0.383809,-1.461576,-0.558620,-0.973779,0.773594,-0.032886,0.474677,-0.451565,0.569944,0.226860,-0.465197,0.505973,0.459887,-1.785910,1.061638,0.311561,0.282251
289,3,-0.123346,0.480013,-0.270639,0.221145,-1.336101,-2.077536,1.427211,1.433248,-1.492795,0.371820,0.008168,-0.657129,-0.434408,0.028273,-0.327132,0.569261,1.292057,0.940374,-0.564670,-0.196247,-0.085264,0.275606,0.925989,0.829857,1.821384,-0.592236,0.408542,0.019128,0.116347,-1.161061,0.506197,0.531866
290,0,0.872959,1.757826,0.563037,1.098719,-0.367556,-1.804651,-0.354931,-0.922161,0.712990,-1.241168,-0.247675,0.574082,-1.008738,-0.094868,-0.063768,0.482283,-0.500000,0.861941,1.363485,-0.016961,-1.159654,2.232491,-1.374827,-0.398682,0.382386,-1.419578,0.713602,-0.717523,-1.574582,-0.851558,0.855880,-0.180049
291,3,0.066919,-0.318322,0.300018,-0.148503,-0.315535,-0.502268,-0.760146,-0.541359,0.803420,0.352494,-0.489078,-1.326343,-0.341478,-0.970967,-0.482196,0.661159,-1.466008,0.251438,-1.603529,1.066688,-0.670332,0.529671,1.107849,-0.693778,0.078170,0.071766,-0.246129,-1.304826,1.476927,1.442751,0.286610,-0.095142
292,0,-0.620920,-0.562134,0.181920,0.181837,0.948287,0.499236,-1.222777,1.393060,-1.457859,-0.722965,-0.925728,-0.194189,0.789947,0.128591,-1.481733,-2.340453,0.279910,1.033246,0.706639,0.077120,-0.705383,-1.172431,0.173342,0.225763,-1.533285,0.702995,1.127563,-0.964341,0.579648,-0.371896,-0.787075,-0.524790
293,2,-0.211898,0.841725,-0.418037,0.816830,-0.229350,1.699773,-2.181535,2.000878,-0.107627,1.436469,-1.502522,-0.495258,-0.107189,0.176624,-0.017447,-0.119415,0.567469,-1.674098,-0.063647,-2.857078,-0.111673,-0.914338,-0.014676,-0.509994,0.033253,-0.560883,0.063696,1.479987,1.056461,-0.885042,0.745824,-0.383369
294,1,-1.373595,1.106617,-0.777707,-0.543706,0.998489,1.692155,-0.341532,1.074240,1.026469,-0.367894,-0.677557,0.073339,-0.931481,0.208927,0.465743,-1.432365,2.328411,0.717084,-0.018787,0.019036,-2.529047,2.349539,0.871570,1.055249,0.530843,-1.549909,-0.907685,0.532082,1.184286,0.966421,0.998082,-1.157643
295,3,-0.486492,-0.250916,0.742892,0.895571,1.503590,2.066493,-1.017095,0.559254,0.249818,0.967000,-0.396727,0.451296,0.768763,1.450654,-2.526976,1.199675,-2.398390,0.434463,-0.130893,0.765512,-0.426383,-2.044375,1.392488,-0.247426,1.564998,-0.495721,0.379957,0.755090,0.029678,0.665439,0.587947,-0.723215
296,3,-0.430047,-1.868634,-2.374551,0.306816,1.174571,-1.779386,0.852297,-0.373658,-0.048271,0.677509,0.553165,0.010654,0.927104,-0.427732,-0.890969,-2.402988,0.458879,-1.578975,-0.622802,-1.670574,-0.818177,-0.932498,1.866081,-0.005722,0.913018,0.248956,-1.098876,2.224374,-0.097170,-0.846992,0.117253,0.928889
297,1,0.365657,0.924356,0.218681,-0.632639,-1.462366,-0.357595,-0.409108,1.498495,-0.811127,0.284408,0.205923,0.313572,-0.447338,0.181534,-1.721411,0.010536,-0.501120,-0.227589,-0.353776,0.503462,-0.761930,0.077593,-0.924109,-0.800309,-0.095300,-0.070665,2.069363,1.762524,-1.172303,-1.075311,-1.774728,0.278337
298,0,2.205337,-1.432217,1.369141,-0.021179,-0.234213,0.059094,-0.534761,-0.078481,0.420976,-0.449548,0.852124,0.776380,-1.269781,0.094814,-1.531519,-0.061475,-0.115128,0.631012,0.461783,-0.446356,0.986667,-0.555041,0.710529,-1.229422,-1.951227,-0.497385,0.658020,-0.196454,0.808942,1.282951,1.922750,-1.127422
299,3,-1.536753,-0.348314,0.027619,0.528773,-1.642650,-0.866752,-0.198085,-0.157041,0.920206,0.125199,-0.236433,-0.160925,0.178239,1.092944,-2.093966,0.106197,0.202395,-0.143025,0.505620,-0.275169,-0.554338,-0.288172,-0.264843,1.720305,0.337058,0.670893,1.128817,-1.027278,-0.687799,-0.926730,0.557854,0.747827
300,3,-1.007441,-1.433797,0.309085,0.956771,-0.531867,-1.420909,-1.936293,-1.300730,0.710104,0.961504,0.586470,-0.485378,1.519500,2.590796,-0.274292,-0.699783,-0.469345,0.745898,-0.943477,1.502622,-1.470795,0.115658,0.434212,0.333793,0.207263,-0.267671,-1.980624,-3.015857,0.227997,-0.160153,0.164839,0.656146
301,1,-2.572907,2.316397,1.513423,-0.643115,1.038149,-0.313800,-1.261421,-1.653986,0.749555,-0.066992,0.158974,0.543843,-0.009579,1.719320,-0.436670,-0.088202,0.410830,-0.696840,1.088316,0.559058,-0.448216,1.322748,0.559184,-1.970102,-0.546067,-1.368281,0.609568,0.410220,-0.539251,-0.739579,1.661245,0.422334
302,1,1.766256,-0.769149,-0.486877,-0.348209,-0.056787,-1.299087,-0.038779,-1.652714,-0.531773,0.317912,-0.559063,-0.084708,-0.422374,0.765152,0.744725,-0.229760,0.258102,-2.953779,1.310523,-0.678645,0.452014,0.796758,-1.121298,-1.434435,-1.541482,0.195804,0.165379,0.658146,-0.523746,-1.336194,-0.887699,-0.971583
303,3,-0.349665,-0.416801,-1.622953,0.279413,0.268173,0.346814,-0.751223,-1.252342,-1.282995,-0.237041,-1.253354,1.029643,1.029864,-1.326396,0.245641,0.450124,0.005667,0.755457,-2.120676,0.592384,0.661392,-1.451080,-1.968574,-0.102087,0.254162,0.595569,-0.926237,0.482290,-0.920211,-0.475120,-2.071643,0.251195
304,1,1.393135,-0.102916,-1.730122,-0.759698,0.371787,1.321545,-0.662296,-0.222449,-1.394683,-0.221681,0.936742,-0.528989,0.615179,0.290806,0.211281,0.807330,-0.825383,-2.057659,0.195984,0.750724,0.707328,-1.022111,0.902994,-0.326825,1.086484,1.081897,-0.275178,0.079790,-0.504469,-0.527671,-1.028948,1.161351
305,3,1.647822,0.324380,0.786348,0.355652,0.278940,-0.362178,-0.405029,1.077596,1.047489,-0.268255,-1.624107,-0.035584,-1.554302,-1.563926,-0.228670,0.438425,0.639347,-1.066185,-0.698736,0.597021,1.713539,0.027890,-0.761284,-0.436679,0.255010,0.011336,0.753182,0.005157,0.656157,-0.485927,3.046039,-0.114693
306,1,-1.984688,-0.352353,0.509190,0.135553,0.674171,-0.497424,-0.859254,1.078872,1.027118,0.290518,0.386671,-0.100221,0.485725,-0.282191,1.436625,-0.471195,1.164992,-0.664578,-0.584713,1.581474,-0.913112,-0.570913,1.163440,-0.262442,1.621354,-0.591542,0.644350,0.792460,2.500283,-0.747181,1.297740,-1.863785
307,1,1.344612,-0.121098,3.392288,-1.339381,1.086685,-0.677605,-0.583466,-1.361290,0.522881,-2.361025,-0.260226,-0.107615,-0.109158,2.083669,-0.369403,-0.732732,-2.084676,0.616092,-0.150369,-0.366096,1.210413,-1.440405,-1.399346,-1.004191,-0.187152,0.143351,-0.405604,1.490486,-0.835866,-0.721563,-0.875623,-0.323783
308,1,0.252737,1.123215,0.687962,0.262311,-1.446579,-0.191476,0.626507,-2.038824,0.090585,-0.320467,1.334493,-0.903435,-0.767670,-2.288079,1.086558,0.247278,1.684463,0.308901,-0.446299,0.295114,-0.779488,-0.434912,-0.389801,-1.196855,-0.341105,-0.383589,1.679642,-0.165648,0.396331,0.095337,-0.364049,0.401553
309,3,-1.088327,1.485158,-1.299564,0.680465,-0.107998,-0.376005,-1.917729,0.482702,-0.566191,2.378092,-1.251916,0.508792,1.818493,-0.225644,0.143343,-0.694970,-1.923868,-0.988905,-1.675228,0.771998,0.571571,-0.284736,1.466926,1.125306,0.792230,-0.175203,0.519772,-0.046569,-0.318660,0.860419,0.229746,0.830565
310,0,0.874418,0.731266,0.785339,0.267426,-0.597426,-1.477909,1.051927,-0.206559,1.159930,-1.301688,0.914223,-0.970523,0.456371,0.769445,-0.595940,-1.101101,1.008797,-0.999671,-0.388177,0.110178,0.879930,-0.452280,0.312002,2.152169,0.338782,-1.218730,0.821302,0.334220,-1.511297,1.087200,-0.283057,-1.091947
311,0,0.634079,1.156750,0.741351,0.424716,-0.392374,-0.239803,-0.777134,-2.617688,-1.376608,1.707187,-0.494969,-1.720927,0.258233,-0.213744,-0.027756,0.632561,0.517722,0.826479,0.380726,-1.112779,-0.905167,-0.067099,-0.415906,-0.917352,2.972724,0.306279,-1.641895,0.854374,-0.178213,-1.347438,-1.978491,1.900921
312,1,1.583391,1.621647,0.631325,0.422862,1.031466,1.462730,-0.122687,0.144579,-0.633957,-0.376960,-0.851832,-0.762836,-0.681129,-0.609416,-0.442822,-0.709683,-0.055394,-0.563597,0.455523,-0.395045,1.677495,0.625160,1.165665,1.090950,2.625590,1.356462,-0.685171,0.112511,-1.269447,0.340359,-0.404509,-1.210505
313,3,-0.184263,0.077788,-1.106661,0.016347,0.205442,0.090983,0.855132,0.174614,1.770528,0.724334,0.476853,0.312032,0.057911,0.461383,1.885589,0.344518,-1.601388,0.725801,-0.107259,-1.364345,-0.540681,-2.160691,0.520931,-0.645221,1.999636,0.589504,1.013886,0.537468,-0.034276,-0.957151,0.602343,-0.794573
314,0,0.350516,-0.771985,0.645785,0.036187,1.060907,-1.516943,-0.070558,0.414078,-0.549981,-0.380696,-0.131863,0.569991,-2.333328,-0.857718,1.508898,-1.040741,2.041516,-1.261321,0.712478,-0.438049,-1.292856,-0.025911,-0.640908,0.654981,0.220097,1.032752,0.557331,0.403607,-0.963420,-1.790327,0.810124,1.986730
315,2,1.317026,0.471019,1.351429,0.550937,0.193891,-0.185343,-0.039232,-0.123481,-0.299204,-1.218207,-0.877236,-0.383931,-0.681683,-1.049105,0.858198,1.134406,-1.326114,-1.737148,0.503393,-0.265147,-0.230498,1.412470,-0.488534,1.428142,1.162711,-0.237896,1.550468,-1.472346,-0.710121,1.131182,0.162683,-0.896847
316,3,-0.275784,-0.517704,-0.129940,0.961836,-0.034836,0.323698,0.303548,0.502868,0.630542,-0.424829,-1.671009,-1.151139,0.372507,-1.394544,2.141689,-0.257137,0.378775,0.844934,0.283884,0.067749,0.714228,0.121423,-1.010252,0.007814,0.507019,0.427960,0.567931,-0.214230,0.335220,-1.129748,0.500802,-1.026906
317,1,-0.505463,0.351741,1.277784,0.050312,0.809079,0.274458,-1.112726,0.325855,0.220081,0.688283,1.675336,0.721142,0.152613,-0.005055,1.743288,0.279580,2.210659,-0.026315,-0.828284,-0.498030,-2.399851,-0.113201,-0.160735,0.827025,-0.421663,-0.050371,-0.576618,0.760289,1.647267,-0.373458,1.187344,1.034350
318,3,-0.364319,-1.165569,0.381745,-0.542871,0.782632,1.452553,1.064659,-0.649560,0.529146,1.644838,0.885679,-0.664090,0.524473,0.486297,1.859277,-1.746801,0.029156,0.399453,-0.223724,0.862351,0.900260,-0.435989,-0.644960,0.769905,-1.457276,0.936985,-0.323195,-0.560814,0.161686,0.354495,-0.692043,1.455110
319,2,-2.213223,-0.654342,-0.035671,1.873925,-1.303120,0.520961,-0.275235,-0.706077,0.250943,0.719892,0.483975,0.453628,-0.626736,0.262580,1.080730,-1.253303,-0.014513,0.034892,0.401381,-1.076018,-0.717816,0.318607,0.093276,0.014866,1.362965,0.337289,0.582948,0.449249,0.747166,-0.413365,-1.244790,-0.403337
320,1,-3.000029,1.544838,-0.436258,0.151386,0.032822,0.250234,0.598244,-0.253514,1.094478,-0.891663,1.653669,1.652342,-0.777650,1.369419,0.261236,-1.424907,0.636999,-0.859906,-0.495115,1.636452,-0.557605,2.213874,1.214101,1.151931,1.143155,0.818018,0.324637,1.149664,1.333639,-0.977490,-1.019100,-0.910533
321,3,-1.996479,-1.165236,1.163201,0.648138,-1.960195,0.609496,-0.218053,0.343627,-0.312475,2.072012,-0.149375,2.515801,-0.259365,-0.544612,0.681387,-1.116626,-0.613561,-1.981726,-1.304596,0.071662,-0.229206,1.546625,0.907358,-2.132052,0.867127,-0.393214,0.628044,0.799321,-0.629542,2.344462,1.039232,0.891599
322,1,-1.459947,1.149273,-0.674980,0.509683,-0.199578,-0.874999,0.930742,0.346419,-0.549120,-0.034388,0.718228,1.194227,0.609755,1.495877,-1.340346,0.529375,-0.086155,-0.571393,1.070878,-0.439446,0.525329,0.128385,0.617019,1.867465,1.331841,1.544823,1.138318,0.701089,-0.715735,0.327403,1.239509,-0.265720
323,2,1.018940,0.718858,1.064616,-0.095835,-0.899725,-1.259313,0.545509,0.039858,0.650616,-0.901256,-0.258063,0.674474,0.764333,1.491139,-1.912910,0.498360,-2.043644,-1.049850,1.538895,-0.937560,-0.628443,-1.297693,-0.838133,0.299544,-0.006587,0.120524,-0.074999,-2.558289,0.692585,0.431587,-0.246259,-0.097685
324,2,0.951630,-0.401341,1.257427,0.716619,1.478183,1.817713,1.440064,0.682528,-0.182309,0.648505,-0.961008,0.228994,-0.775794,-0.160627,-0.519073,-1.215427,0.488447,-1.546694,-0.867083,0.120732,-0.383132,-0.945295,-0.867290,-1.466744,-1.249911,0.620765,-1.180900,0.503550,-0.508989,1.234956,1.295251,-0.386942
325,3,-1.059871,-0.315108,-0.027677,-1.459916,1.474734,1.026021,-0.667551,0.118212,-0.396987,0.288844,0.131273,0.700450,0.294739,-0.159706,-1.923018,0.453583,-1.676187,0.909796,0.510550,0.059065,0.381526,-0.825871,-0.365676,-0.195571,1.154393,1.703394,0.068995,0.075562,1.010363,2.041508,-1.384698,-1.669546
326,0,0.559392,0.163109,-0.579271,-0.296699,0.449553,-1.580933,-0.703955,1.074640,-0.080068,0.927200,1.245749,0.623954,0.305590,-0.169791,-1.516723,1.273817,-1.235872,-0.283555,1.774710,0.870604,-0.054919,-0.317975,-0.226832,1.277845,0.301079,0.673395,-0.623066,-1.010877,1.807568,0.619973,-1.244352,-0.338194
327,1,0.330358,0.259931,0.746081,-0.213205,-1.933050,0.218362,0.510861,2.702137,-1.849264,1.353213,1.287760,0.565197,-0.269913,-1.228074,-0.785088,-2.758779,-0.039792,-1.827755,1.254902,1.041555,-0.086724,-0.041873,2.425441,1.120986,-1.141602,-2.581955,0.100198,0.911566,-0.132482,-2.279427,-2.426045,1.875927
328,1,0.188252,1.079479,0.081541,0.517563,2.423631,0.522745,0.206852,-1.662421,0.728734,-0.195687,-0.119007,-1.351578,-0.064602,-0.155815,-0.063812,0.944312,1.405700,0.127325,-0.228793,1.111171,-0.786214,-0.090484,0.217095,0.237817,-0.705580,-0.263998,-0.154210,-0.280014,-1.397558,-0.002865,-2.053782,-0.404915
329,1,1.523852,1.030944,0.120146,-1.224730,2.627501,0.643721,-1.188758,-1.880211,0.734338,-1.403473,-0.243683,-0.001401,0.776408,0.301073,1.082450,-0.872990,0.779614,0.846186,0.108030,-0.067998,2.598776,0.053513,1.121411,0.330793,-1.035256,-1.625464,-0.507764,-0.134021,1.623136,-0.811409,0.179295,-1.610238
330,2,1.142263,2.239078,-0.764130,-2.624285,0.193804,-0.215068,0.199557,-0.080735,-0.237155,0.529270,-0.144738,1.512382,-1.367676,1.374553,0.242735,-0.370872,-2.015359,1.232677,-1.056288,-0.204481,0.077186,0.014605,-0.061382,0.277784,-0.186004,-0.017010,-0.190438,-0.967738,-1.170096,-0.816515,-1.537333,-0.232726
331,1,0.229870,1.060225,1.646879,-0.522676,0.639751,-0.599579,-0.685878,-1.131053,0.114599,0.490988,-0.689421,-0.879735,0.383959,-0.986426,0.936690,-0.612801,1.280205,1.370659,-0.830063,1.906863,0.030254,0.029407,0.822031,0.131395,1.366270,0.613118,0.773961,0.027689,-0.829013,0.224663,-0.981505,-0.638826
332,2,0.880493,1.599106,1.439698,0.810617,-0.168213,1.097150,1.736058,0.707709,-0.293672,0.373861,1.863607,-0.122442,-2.051132,-0.386025,-0.099954,0.591669,1.346702,0.596720,0.077672,-1.428025,2.330915,-3.645405,-1.120954,0.702073,-0.201721,-0.587526,-0.244910,0.992982,-0.059163,1.361111,0.456095,-0.611252
333,1,0.827025,0.649648,0.126638,-0.900593,-0.340617,-1.624282,-1.766160,1.103534,-0.057351,-0.906163,-0.688545,1.183929,-0.314621,0.562541,0.813024,1.881676,-1.079782,0.307935,0.692587,1.088929,0.242855,-0.467907,0.605391,-0.566037,-0.365485,-0.592068,0.827341,-0.247220,0.117825,-0.336385,2.168322,1.580550
334,2,-0.695729,-0.329352,-0.461072,0.774424,0.036910,-0.699507,1.443557,-0.274971,0.223821,-0.237989,-0.490436,0.090581,-1.536376,0.003755,1.022588,0.779502,0.557373,-0.245705,0.589681,1.141744,0.110468,0.048892,-1.374112,2.539114,-0.878060,1.503144,-0.304783,-0.969017,-0.772826,0.508174,0.114786,-1.025442
335,1,0.549273,0.979246,0.329178,1.139530,0.077352,-1.422020,-0.126146,0.213541,1.597272,-1.705068,2.270512,0.760123,1.601776,1.412077,-0.198446,0.157252,1.566834,-0.535147,1.667718,2.194342,-0.274158,0.076152,-1.191139,1.123779,1.222643,0.450077,0.066299,0.233950,0.919973,0.262516,0.771425,-0.774403
336,0,1.523153,-1.044816,2.768854,-0.687031,-0.977648,-1.306045,1.285718,0.894033,-0.555553,0.589697,1.159945,1.588463,-0.632731,0.494000,1.681612,-1.326286,0.071870,-0.837618,-1.189797,0.625306,0.280350,-0.084258,-0.240811,-1.099060,0.182975,-1.818007,0.853286,-0.992739,0.656425,-2.327630,0.159928,-0.346952
337,3,-0.867418,0.223436,-1.168126,1.574327,0.268541,-0.366950,0.498591,-2.270827,0.514690,-0.222805,0.032450,1.714995,2.252437,-0.738633,0.168310,-1.193844,0.873652,0.305448,-0.799880,0.258088,1.360545,1.191527,-1.230443,0.400414,-0.972437,-0.099193,0.155937,1.755431,0.270217,-0.246564,-0.632453,-0.219174
338,1,-1.398627,-0.712277,1.877914,-1.003916,-1.876053,0.795609,-1.133884,0.360155,-0.444575,0.690481,-1.047334,0.969730,-0.598771,-0.206577,1.158388,-0.938493,-0.613500,-1.172721,0.360849,1.568368,-2.050164,-0.578259,-0.420625,-1.307595,-0.768900,2.052136,0.078965,1.940160,0.677042,-0.932294,-0.226391,-0.480180
339,3,-0.508719,-0.761124,-0.066498,0.234287,-1.928525,0.470701,-0.178009,-0.035494,0.123240,1.432765,0.510066,0.335274,1.453021,1.330268,0.455513,0.490370,0.429894,-1.340338,0.360764,-1.511737,-1.059922,-0.991755,-0.657958,0.628195,-0.001782,-0.975561,1.628543,-1.039359,-1.094196,1.103698,1.081631,-1.814061
340,2,-0.361589,0.530249,0.538179,-1.324509,-0.686401,1.322376,0.777949,-0.688416,1.419317,-0.985446,0.822646,0.320130,-0.525755,-0.407741,1.471391,-0.642093,-0.662083,-0.383023,0.027055,-0.125102,-0.443846,-0.391190,2.238516,0.176376,1.301580,-0.411919,-0.425361,0.014073,0.253951,0.675422,0.855548,0.694853
341,2,0.968739,1.233104,0.542957,0.490289,0.706159,-0.072340,0.365424,-0.915736,-0.036550,1.306476,0.485166,-0.483942,0.208267,-0.206373,-0.143080,-0.242809,-1.626537,1.927633,0.296689,-0.099837,0.469183,-0.553459,0.129548,1.444365,0.244039,-0.006478,-1.290509,-0.338620,1.328050,0.247034,0.291755,0.643949
342,0,-0.794726,-0.019408,-0.032272,0.169489,-0.909694,0.249530,0.168901,1.261970,0.558755,1.127247,1.585235,0.295625,-0.697815,1.240440,0.119098,0.198246,1.926273,0.538251,1.014325,-1.545521,0.771674,-0.856137,-1.165619,0.900093,-0.135211,1.006793,0.615112,0.595650,0.329119,1.524591,2.381844,-0.247645
343,3,0.912504,0.201507,0.797312,0.878002,0.174197,-0.417809,-0.723717,0.389190,-1.083436,-0.126197,-0.275010,0.743913,-1.453977,0.410014,-0.521637,0.985065,-0.663843,0.438930,-1.199588,1.524928,-2.015186,-1.473191,-0.419853,-1.493980,2.394248,1.572610,-1.533405,-0.227670,0.248922,0.449147,-0.675303,0.641042
344,2,-0.304103,0.778052,-0.663704,-0.003813,1.315263,0.379557,-0.135853,-2.037397,0.492508,-0.377216,0.237347,-0.595929,-0.517507,0.318832,1.541826,1.129342,1.464970,1.209670,0.241312,0.107939,0.335460,1.836718,0.312596,-0.146375,-1.263276,-1.016402,-1.089214,-0.416719,-0.481328,0.973536,-0.258677,0.026117
345,3,-0.217043,-0.136418,0.349828,-0.903756,2.094783,1.270238,0.681605,1.009823,-0.859001,1.027331,1.218624,-0.834550,-0.214530,1.122638,0.689458,0.746376,-0.905714,-1.555012,-1.304059,0.163136,-0.533042,0.996951,2.212223,0.245076,0.881040,-0.553451,-2.241179,-0.495576,-0.490672,-1.734888,-1.566283,-1.391659
346,0,0.506428,0.526284,1.148109,-0.472482,0.651908,0.338910,1.256380,1.498154,-1.980294,-0.117452,-0.408937,-0.729157,1.768464,0.061174,0.090531,-0.815226,0.457182,2.830583,-1.127461,-1.523364,0.611809,-0.172496,-0.164189,-0.126328,0.183550,1.053417,-0.706776,0.735320,-0.158920,-2.179622,-0.004288,0.181733
347,2,1.219357,0.117604,1.198690,-0.433023,-0.433367,1.865657,-0.725408,-0.559442,-0.639570,-0.758456,1.078360,-1.372706,-0.531632,1.980185,0.191178,2.194364,1.614653,-1.058402,-2.462451,0.306681,0.452409,0.535914,0.790784,0.381720,-0.556211,-0.292886,-0.861331,0.343340,-0.496238,1.394688,-2.387019,0.306672
348,1,1.169307,1.182960,1.363061,0.811277,0.294812,1.446804,-1.553898,-1.101847,0.328279,-0.809582,-1.081329,-0.200883,1.028917,-1.931537,-0.656146,-1.058833,-1.034843,0.818406,0.112847,0.487283,-1.818222,0.856571,-1.069672,-0.965824,1.004358,-1.811153,1.167105,0.598016,-0.118087,0.549499,0.076638,-2.152423
349,0,0.100969,-1.423609,0.503358,-0.322051,-1.063422,0.112744,0.754887,0.870706,0.866746,-0.755134,-0.014695,-0.217211,1.501824,0.667072,0.223607,-0.477204,0.489029,0.065902,-0.082274,0.082985,2.284231,0.758793,0.464563,-0.145582,-1.161943,-0.062221,0.907509,-0.529236,-0.377417,-1.407532,-0.884110,0.236464
350,3,-1.621065,1.344941,0.412550,1.307071,0.974261,-1.487093,0.217900,-1.420741,0.372088,1.385965,-0.561353,-0.101895,1.396423,0.802016,-2.219612,-0.202988,-1.976823,0.923116,-1.271212,-0.146388,0.958864,1.038393,1.414960,-2.691761,0.053994,1.615382,0.222840,-1.290360,-0.072627,0.795098,-0.156266,-0.152441
351,2,1.019525,1.199947,0.653315,0.777567,0.785334,-0.862100,0.201647,-0.571402,0.019037,-0.862053,-0.765931,0.259465,-0.133516,-1.067566,1.005531,0.442770,0.478596,-0.260328,-0.209108,1.023552,0.608678,0.978158,1.247278,1.177441,0.371428,0.349094,-0.739516,1.428368,0.066856,0.019987,-0.833639,1.422273
352,3,-1.472742,-0.648319,-1.647976,1.084467,0.418621,-1.488924,-0.265561,0.546936,0.863258,0.653640,-0.768194,0.036250,0.777235,0.692782,1.852788,0.308022,0.355337,-1.900516,-2.534639,-1.356597,0.405420,-1.090022,1.785978,-1.092021,0.912497,-0.075592,-0.117742,-0.426321,-0.095302,-0.279637,-1.637209,-0.073109
353,0,-0.241645,-0.765643,-1.711356,-0.312309,-0.888049,0.657178,-1.886349,-0.037467,0.347398,-1.608491,-1.144030,-0.251229,-1.795033,0.084465,-0.235822,0.946305,0.353641,-1.472549,0.786746,0.837154,0.232564,0.074894,0.592051,0.428550,-0.493961,-0.028526,0.503089,0.720948,1.577776,0.343851,0.961961,2.899982
354,0,-1.035303,-1.794083,-1.936063,-1.689543,0.286207,0.508870,-0.946226,-0.532901,0.812089,1.853657,0.821649,-2.659411,-2.691312,0.966233,-1.535647,0.328540,0.132828,-0.286237,0.995617,-0.767329,-0.751060,-0.642598,-0.529240,-0.237158,-1.448384,-0.260079,0.576196,0.006335,-0.109654,0.796710,-0.751234,-1.148474
355,2,1.366342,1.539476,-1.372863,1.023786,0.275901,-0.110526,-1.460409,0.134831,-0.356942,0.470853,-1.273484,1.373559,1.886699,-0.159598,-0.575526,-0.157625,-0.011130,0.591904,0.436175,1.153582,-1.224057,0.668358,1.261754,-0.331201,-0.887839,1.699086,0.958872,0.630479,0.583486,1.186342,1.416672,-0.592046
356,0,1.899846,0.662309,-1.218743,-0.357705,-0.664155,-0.216524,0.423647,0.222657,-0.176368,0.233212,-0.577085,0.884470,0.321993,0.038820,-0.024905,-0.910079,0.083801,-0.437368,0.055260,0.688000,0.000029,-0.370225,-0.127509,0.192215,1.100633,-0.874233,2.312337,-0.293307,-0.559885,1.778732,-0.175609,-1.385008
357,3,-0.007969,-0.796251,-0.100941,1.349396,-0.678455,1.387746,1.102400,-0.886445,-1.725026,-0.575874,-2.111043,1.348529,0.779117,-0.104531,-0.661800,0.885770,-1.470385,-0.229270,-2.348537,-0.190192,-0.176535,0.265756,0.165482,-0.478098,1.967280,2.210330,-0.025863,-0.510755,-1.728030,0.902692,-0.104512,0.462246
358,1,0.448221,0.338891,-0.457556,-0.297933,-1.713848,1.223485,-0.471757,-0.975284,-0.086145,-1.158522,-0.594382,-0.382986,0.119492,1.005822,0.062094,0.431074,1.126398,-0.560073,-1.673922,-1.261441,-0.657121,-1.444482,1.274090,-0.399163,-1.049912,0.029893,-0.270056,1.264147,-0.271164,-1.686545,-1.313473,0.549021
359,1,0.337482,0.002104,-0.660547,-0.039803,0.864214,-0.105519,-0.055914,1.049225,0.781577,0.709907,-1.751653,0.291494,0.149942,-1.150925,1.246723,-0.325385,0.486214,-2.190720,-0.727127,-2.160074,-0.267483,0.236152,0.694344,0.926783,-0.173554,-0.507172,-1.587300,0.089641,0.091624,0.343414,-0.275141,-0.649788
360,3,-0.579349,-0.285198,-0.579654,0.363721,-0.146118,1.115227,-0.804591,0.405303,0.000768,0.443029,0.509010,1.219197,1.019212,0.234103,0.224720,0.527358,-0.046958,-0.089797,-1.278782,-0.405113,-0.300773,-0.216580,-1.921551,0.799156,0.748132,2.011851,-0.849160,-0.527761,-1.840502,0.700324,0.883140,0.602078
361,3,-1.252797,-0.982580,0.642379,1.345360,-0.364869,-0.733104,-1.047180,0.146809,0.802061,-0.071267,1.015082,-1.362883,-1.241657,0.944622,1.287556,-1.294928,-1.032949,-1.189904,-1.526275,0.596483,0.658583,1.096505,-0.445474,-0.237419,-0.089298,-1.049332,-0.690844,-0.510307,-0.378365,1.856889,-2.460093,0.671220
362,1,-2.019193,0.246133,-0.468415,-0.092881,1.056680,0.188192,0.724002,0.151778,2.217468,-0.393609,0.286904,-2.005458,-0.630406,0.019042,-0.065464,1.748787,0.993101,0.785392,2.289821,0.764653,-2.232914,-0.208144,0.121502,-0.841469,-2.416054,-0.326031,-1.039627,1.563197,-0.072927,-0.443752,0.230916,0.325695
363,0,1.007164,-1.864641,0.129804,-0.598987,-0.618664,0.126160,-0.685091,0.619735,0.894374,0.043711,-0.061763,-0.054708,1.308805,-0.494633,0.558668,1.046411,-2.058558,0.407377,1.587981,0.572296,1.530557,-0.912974,1.077612,0.921741,-0.130506,-1.047817,0.996205,0.569450,0.240923,0.484985,-0.146677,-0.906717
364,2,0.632541,-0.439671,-0.099094,-1.860250,0.140247,-1.212295,-1.881400,-0.998188,0.551166,0.653353,-0.705577,1.686712,-1.159316,-0.133110,0.092129,0.674017,-0.533520,0.628916,1.790248,-1.064612,-1.246125,0.190716,1.312237,0.253664,1.549706,0.012461,-1.256148,0.698639,-0.741720,-0.785645,1.599532,1.006302
365,3,3.040468,-0.033341,-1.641927,-0.928412,0.261750,-1.140423,0.560352,0.122452,-0.499481,1.053964,-0.899768,-0.261694,0.021880,-1.124603,1.970841,-1.388445,-0.613385,-0.089056,-1.255380,0.158943,0.371034,0.578640,1.232121,1.088825,0.299188,0.521071,-0.365743,0.220476,-0.685567,1.000852,-1.837671,-1.068596
366,0,-0.363092,-0.537083,0.478659,-0.558222,1.527670,0.287924,0.815965,0.610415,0.014299,0.281224,0.931365,0.474161,-0.759692,-2.296414,0.824747,-1.104670,0.761149,0.345143,-0.109261,1.972218,-1.134153,-0.207097,-1.171288,0.386176,-0.214478,-0.831864,-0.247258,-1.658809,0.164836,-1.119471,2.194199,-0.799082
367,0,-1.099140,0.690015,0.086976,-0.184840,0.420019,-1.301545,-1.031285,2.150344,-0.669591,0.223164,-0.280398,-0.017443,1.046173,-0.367418,-0.507172,-1.400212,-0.253051,0.632781,-1.299936,-1.120090,-1.800864,-1.610598,0.487546,-0.201574,1.235720,0.399611,0.598568,-0.711001,0.894441,1.128850,0.422936,1.651009
368,1,-0.542535,-0.152319,1.020080,0.337191,-0.071705,-1.477855,1.246252,-0.309032,-0.884276,-0.673845,1.084950,-0.849581,-1.417988,0.056035,-2.179997,0.045224,1.107599,-0.554688,3.467948,-0.278750,-0.152195,0.320030,0.463050,0.177104,-1.114724,0.566359,1.606961,-0.946157,-0.210971,-0.235358,-0.494126,-0.368903
369,3,0.761139,-1.391167,-0.155814,0.250798,1.224434,-0.552755,0.527700,0.111750,0.511962,-0.256294,-0.176411,1.370671,0.642719,0.577218,-1.132359,0.008378,-2.151074,2.248994,-0.796247,0.196567,-1.098182,-0.627093,0.153281,0.547195,1.892470,-1.727840,0.487182,0.722685,-0.359603,-0.055205,-0.183987,2.214873
370,1,0.507147,0.335150,-0.963541,0.521934,0.358219,-0.061909,-0.664753,0.071788,-0.644570,-1.012905,1.120185,1.507357,1.908648,-0.425898,1.278350,0.749583,1.180597,-0.796115,0.318042,-0.493034,0.267360,-0.545216,-0.090802,1.449318,0.463586,0.810774,-0.039997,1.496449,0.896687,-0.381590,0.806209,0.812132
371,1,-0.987539,1.604459,1.157501,1.071897,-1.352639,-0.070849,1.223480,0.175950,1.807961,0.297927,-1.732815,-0.353044,-1.654723,-0.439562,0.846764,0.172576,0.125723,-0.276362,-0.584622,-0.544524,1.009764,0.871950,-0.995109,0.405643,-1.256383,2.139875,-1.741703,-0.268514,-0.648482,0.579062,0.678641,1.010656
372,0,0.709986,-0.538712,0.372315,-0.724671,-0.685111,0.404349,1.793825,0.017405,-1.162084,-0.748931,0.425299,0.388741,-0.395041,-1.503396,-1.023389,-2.163852,-0.227118,-0.088853,0.576490,0.486423,1.435243,0.979913,0.410547,0.015495,-0.506505,-0.332569,-0.021000,-0.572103,-1.229864,1.734645,1.002068,-0.735437
373,1,2.205674,0.415300,-2.188144,0.064029,-0.711417,-0.263674,0.472714,0.388473,1.740230,2.094472,-0.869055,0.225135,0.925326,-0.506122,0.223467,0.069047,0.205990,0.693233,-2.779410,0.924155,0.410592,1.085258,0.501129,1.493199,0.034750,-1.651051,-0.611150,0.435955,-0.445956,0.829961,-2.691927,-1.878977
374,3,-0.176568,-1.810731,-0.124334,1.123642,0.116200,-0.263529,-0.583272,0.531547,-0.694349,0.373215,0.440277,0.216129,-0.100713,-1.084242,-0.032556,1.911165,0.540293,-1.654336,-1.034115,-0.256152,-0.545466,-0.866802,-0.784285,-0.864548,-0.452465,-2.637105,-0.743342,0.213560,-1.189132,-0.710760,0.368565,2.606571
375,0,-0.071454,-0.762968,0.420735,-0.156792,1.131063,-0.068238,1.213395,1.718227,-0.402318,-1.947862,-1.991571,1.514355,-0.896894,0.304676,0.740152,-0.101418,0.670130,0.349842,-0.354693,-0.033998,-0.013259,-0.603934,0.821359,1.390610,0.792350,2.134484,1.167932,0.034145,-0.065316,0.292553,-1.004081,-0.962402
376,0,0.339580,0.557415,0.485571,-0.386086,1.162799,-0.386193,0.597676,1.293985,0.647857,-1.548372,-2.149047,-0.544409,-0.428058,0.355574,-0.590693,0.254969,0.715575,1.903391,-0.999137,0.616410,-0.824237,0.279505,-0.368129,1.161563,-0.566104,-0.934904,0.760323,-0.966688,0.050061,-0.208877,0.809349,1.309481
377,0,0.518935,-0.553431,-0.012985,1.537912,0.142987,-2.141972,0.427772,-0.343426,-0.578807,1.625651,0.572599,1.002508,-1.336072,-0.524835,-0.692611,0.881819,-0.821967,1.577750,0.238151,0.710705,0.832481,0.463340,-0.817070,-0.411688,-1.207687,0.395199,2.185196,-2.242805,-1.303487,0.625155,-0.377159,-1.226485
378,0,1.425040,-0.592769,-0.339979,1.623723,0.959312,0.019368,2.134450,0.501201,0.806344,1.640450,-0.366229,-0.094592,2.371326,0.420231,-1.267744,0.075316,1.282954,-0.819825,0.352882,-0.361875,1.122515,0.209052,0.634032,-0.248011,1.475382,0.677085,1.048868,-1.024408,1.934307,-0.811758,-1.931788,-1.895122
379,3,-1.190588,-0.228937,-0.387548,-0.034538,1.321649,-0.293248,0.810694,0.798170,-1.043206,0.337284,1.089514,1.257149,-0.055417,-0.148130,0.137923,0.784869,-0.298801,1.859203,-0.591804,-1.156736,1.563898,-1.415526,-0.438942,-1.051823,-2.399914,0.271109,-1.913515,-0.568864,0.205337,-0.827019,-0.156783,0.635967
380,3,-1.714502,0.814844,-0.776629,0.644835,-0.798446,1.573349,-0.382049,1.158992,-1.480064,-0.683173,-0.989161,1.922998,0.605010,-0.374982,0.317850,-0.355300,0.087170,0.037155,0.171766,-2.355696,0.912498,0.636483,-1.149070,-0.611060,0.739996,-0.729201,-0.172280,-0.464028,-0.171538,0.889524,-0.365614,1.375358
381,2,0.414130,0.046826,-0.507522,-0.710548,1.205610,0.933425,-0.615917,0.026069,-0.331517,0.734903,0.212905,-0.567708,-0.110329,-0.270160,0.413370,0.910054,0.909385,-0.410637,0.033485,0.081639,0.766442,-0.331467,-0.191653,-0.223988,0.536311,1.419563,2.269732,0.402047,-0.237016,-0.033031,-0.117730,0.354954
382,2,1.333550,-1.525680,0.082055,-1.188633,1.154212,-0.559220,-1.438152,-1.519152,-0.518014,1.146099,-2.061438,1.715102,-0.991916,-0.121641,-1.161900,-1.525165,-0.967500,0.308238,-1.219893,-0.623331,0.659366,0.679541,1.103950,-0.728877,-1.079558,0.561060,0.014078,-1.187783,0.678397,-0.100985,0.374588,-1.115554
383,0,1.690152,0.984643,-0.273672,0.916023,0.786507,0.525084,0.006737,-0.781057,-0.072484,0.572136,-0.671072,-1.031226,-1.260629,1.120803,-1.720611,0.214944,0.815466,-0.044546,-0.451046,0.557966,0.570071,0.091639,-0.075230,0.775956,-0.597150,-0.912214,0.117611,1.397236,1.117907,-0.099235,-1.788664,0.212902
384,3,-0.091048,-0.317515,-0.713189,0.702096,0.682207,-1.394316,0.719983,-0.617633,-0.762843,1.046933,0.712538,-0.144890,0.608813,-1.092079,0.098453,0.026479,1.671358,-0.902380,-0.273459,-0.593577,-0.316954,-0.934479,-0.461862,0.171874,0.134184,-0.593342,-2.022778,-1.604041,0.402621,-0.095422,-0.656808,-0.573438
385,2,-0.471502,-0.139929,-1.918527,-0.066086,-0.182077,-1.180435,2.549332,1.126817,-0.778212,-0.304145,1.357956,-1.347355,-0.179373,2.043508,-0.509061,-0.193934,-2.130141,0.294351,0.908776,-1.492435,0.394940,-0.157137,-0.942034,-1.731558,0.352008,2.905636,0.353305,0.575152,0.131361,0.624649,-0.375371,-1.573047
386,3,1.560307,0.865456,-1.801598,-0.923841,1.813808,1.952032,-1.073472,-0.198688,-1.730293,0.936583,0.359677,1.151610,0.166357,0.850964,-0.714753,-2.238217,0.910115,0.799402,0.179961,-0.104271,-0.044036,-0.545267,1.887545,-0.477583,-1.063112,0.564389,0.411089,0.351889,-0.272920,0.554097,-0.395087,-1.193448
387,1,-1.790437,0.985742,1.407824,-0.011737,-0.874259,-0.237470,1.433786,-1.725611,-1.226404,-0.145747,0.604266,0.973067,1.384140,0.926335,-0.486101,-0.311843,-0.553598,-0.061155,-1.372423,0.542279,0.468419,1.592892,-0.275326,-1.434127,1.948699,0.239322,0.268956,0.594312,-1.052915,1.380628,1.113603,-0.156341
388,2,-0.536896,-0.520288,-0.852259,0.604840,-0.556470,1.709787,-0.054259,0.203848,0.525641,0.812817,0.197703,1.129104,-0.225034,0.170049,1.125104,1.803945,0.809651,-0.220675,0.690365,-0.201463,0.012345,0.430744,0.285078,-1.613190,-0.328265,0.911794,-1.089621,0.810313,-0.362590,-0.009776,0.474278,0.852285
389,3,-1.622244,1.324481,-0.070871,0.447725,-0.289511,-2.159794,1.101567,-1.871939,0.714163,-0.174966,-0.692364,-1.261863,1.713137,-0.106321,-0.620346,-0.394183,0.622745,0.298013,0.484855,1.194493,-0.933161,0.363671,1.023603,0.115156,0.392808,-0.893730,0.814727,-0.174053,0.798755,-0.079408,-0.329880,0.754107
390,2,0.262446,0.909427,1.782226,1.493507,-0.792478,1.247210,-1.704154,-1.060494,1.894526,-2.039177,-0.248292,-0.480962,-0.332306,1.080226,0.228789,-0.885684,0.076696,0.822063,-0.259733,-1.554704,-1.088954,-0.940413,-0.088529,-0.170603,-1.184481,0.009338,0.812910,1.152056,-0.291751,-1.600779,0.035190,1.101674
391,0,1.688238,0.288228,-1.433453,0.413575,-0.082356,-0.194620,-0.727403,-0.053273,1.322574,-0.368318,0.878872,-0.114818,0.905297,-0.030947,-0.473926,-2.060059,-1.762730,0.895539,1.317737,0.908304,0.464570,-0.357477,-1.477302,-1.340497,0.008908,-2.281797,-0.240618,0.532253,1.544460,0.884011,-0.020430,1.621608
392,0,0.862937,-0.221577,0.111327,1.659541,0.383316,0.481347,0.186818,-1.664279,-0.931333,-0.040114,-0.543788,-0.344854,1.552342,-0.040237,2.080384,0.332426,-1.061121,0.800755,1.652704,0.387522,0.009976,0.712729,-0.841460,2.065881,-0.835955,-1.380157,0.122082,0.283252,1.173695,-1.737887,-0.403042,-0.149044
393,2,-0.763045,-0.930678,0.546815,0.065484,-0.797222,1.232060,0.165634,-0.158006,-0.902572,-0.110885,-1.615767,-0.055731,0.618172,-0.893004,-0.526537,-0.101330,-1.330460,0.893273,-1.322287,0.099565,1.321048,0.091334,0.366347,0.382612,0.091712,-0.261331,0.431483,-1.071162,0.053128,-0.404559,0.776806,0.879211
394,1,-1.674214,2.103062,-0.194247,1.053863,2.404312,0.653248,-0.907933,1.102648,-0.365644,0.211633,-1.938591,-0.187103,-0.220457,-0.388008,-1.521653,0.337845,1.582334,-0.209220,1.781865,0.464399,-0.782393,-1.048610,0.546441,-0.541033,-0.458177,-0.314705,0.300642,1.195590,-1.354013,-0.169075,1.530310,-0.754269
395,3,-1.032795,-1.209520,1.260385,-0.004005,-0.867650,-0.167455,0.012798,-0.590864,0.736597,0.668671,0.606253,0.636849,1.369567,-0.552139,0.297899,-0.012191,0.979895,1.891718,-2.214085,-1.664980,1.322571,-0.479711,-1.709584,0.432842,-0.336084,2.005024,-1.218904,-0.032456,-1.447609,-0.907271,-1.829788,-2.009089
396,0,0.610768,-0.471669,0.069942,0.555891,-1.012923,0.372231,-0.015618,0.800282,-1.977998,0.642991,-0.103552,0.848195,-0.294892,-2.267585,2.776044,-1.581276,-0.408535,0.543348,0.138065,0.065110,1.500385,-0.192442,-1.304584,-0.203054,-0.557012,0.928379,-0.311797,1.456509,-0.002055,-1.126131,1.786296,0.135862
397,2,-1.296155,-0.772099,1.083575,0.806482,0.684668,-0.420649,0.369941,-0.299120,0.276589,-0.815165,1.685560,0.995722,0.369923,0.995750,-0.137237,-0.872144,-0.212056,0.180155,0.005038,1.093406,-1.147876,-0.767814,0.128788,0.798809,-1.886184,-1.788059,-1.493139,-1.855386,1.028843,0.649646,0.516353,0.263270
398,3,0.170997,-2.487109,1.129856,0.168304,-0.113798,0.790692,-0.400437,-2.225664,0.804140,-0.468422,-0.651287,1.047392,-0.065356,-1.191046,-1.857922,-0.270593,-1.083997,0.718283,-0.735730,1.674938,-0.238381,0.335708,-0.428813,-0.270150,0.064797,-0.270510,2.025988,1.942799,-1.039757,-0.080466,0.438802,-0.445870
399,2,0.571439,1.414276,0.153645,0.527915,-0.089495,-0.222742,-0.230084,1.096963,-0.703016,0.216854,0.013291,-0.206733,0.127497,0.774517,1.341042,1.067798,2.359667,-0.149822,-1.605493,1.468839,-0.310660,0.376986,1.381664,-0.248978,-0.218439,-1.811480,-0.084443,-0.561671,0.397489,0.311978,0.766316,1.298837
400,1,-0.868464,1.240911,0.037523,0.237991,-1.554818,-0.915772,0.285188,-0.866356,1.376809,0.245557,-1.119423,1.280030,0.847235,0.713753,1.387611,1.338624,-0.339761,-0.473866,0.445715,-0.312973,-0.364749,-0.502581,-0.780572,0.145060,1.046623,0.929746,-0.747002,-0.252002,0.468638,0.678843,1.623716,-0.973244
401,3,0.705311,0.311072,-0.595529,0.194697,1.022793,-1.126071,-0.406747,-0.931809,-0.719091,-1.561097,2.187100,2.039697,-2.304083,-1.775213,-0.835366,-0.818040,0.014602,-1.061163,-0.559928,-0.710413,1.166169,0.677384,0.910022,-0.294333,0.868619,1.104114,-0.313722,-0.474862,-0.790078,0.923634,0.487772,-0.258366
402,2,0.316892,-0.596319,0.023602,0.770162,-1.339754,1.396800,-1.490834,0.220477,0.230672,-1.170495,1.185409,-0.379219,0.760468,-0.423754,0.411573,0.836577,0.534087,-2.575870,0.223223,-0.718370,0.930831,1.112872,0.800054,-0.406460,0.949696,-1.370617,-0.583639,-0.525438,0.483111,-0.252997,-0.559956,-0.310094
403,2,0.896546,0.085757,0.046108,0.367958,-0.760952,-1.015593,0.288231,3.668911,-0.915154,-0.130593,0.101254,-2.403800,0.790495,-1.168790,-0.729058,-1.034595,-0.176930,-0.340685,-0.922513,-0.310224,1.179937,1.428252,-0.112761,-0.622488,-0.576770,-2.094306,0.931205,0.634733,0.352624,-0.647986,-2.124738,-0.595267
404,2,0.492389,-0.590419,1.344112,0.037348,-0.652157,1.616026,0.896366,1.321926,-0.502914,0.453735,0.161642,0.391426,-1.035590,-0.702972,1.842684,-1.352803,1.249347,-0.324078,0.020233,0.124438,-1.034042,-0.422096,-1.343641,0.193882,1.132099,-2.168580,1.053612,0.964757,0.400553,0.742404,0.737386,-1.573698
405,3,-1.208928,-0.594551,-0.351107,1.979057,1.751477,1.482931,-0.999602,-1.012556,0.317674,-0.873517,0.173144,0.875332,0.420129,0.577628,0.898594,0.853824,-0.224312,1.483654,1.353814,0.396470,1.120072,-0.014117,0.057790,2.480462,-0.343952,-0.380041,-1.722125,0.334654,0.973165,-0.192969,-0.130723,0.059917
406,1,-2.061307,-0.587450,0.243933,0.078701,0.795058,0.045796,-0.244823,-1.011654,2.288224,0.714740,0.515964,0.895403,0.502469,1.234114,1.356668,-0.534828,0.536862,1.720854,-1.616648,-0.572782,-0.508251,0.357422,0.172497,0.235968,0.134724,-1.106865,0.147276,1.704727,-0.161618,-1.546129,0.522356,-0.990389
407,0,0.737607,-0.137021,0.066296,-0.078957,0.358447,2.617089,-0.072341,-0.389917,-1.674790,0.131604,-0.194711,-1.300298,-0.845882,2.068037,0.667427,-0.432524,-1.065760,-0.128705,0.428143,0.101520,0.023374,0.083152,-0.211996,0.271192,0.560471,0.329641,1.288250,-0.565639,0.212643,-1.437673,-0.117788,2.481503
408,1,0.997319,-0.114960,0.078511,-0.580041,-0.005663,0.355744,1.193362,1.788347,-2.926785,-1.706467,0.001521,1.559375,-0.539599,0.593898,0.165888,-1.402920,0.859885,0.365900,1.105078,-0.356715,0.438760,-0.571545,-0.207410,-1.151729,-0.302668,0.482164,-1.168520,1.008781,-0.429443,0.495430,-0.290936,-0.505499
409,3,-0.295293,-0.699179,-2.649081,0.286025,0.824222,-0.030317,-0.803897,-0.417237,-1.183959,-0.224469,0.017165,-0.786766,-0.222648,0.390451,2.056743,-1.352880,0.732096,-0.897112,-1.259513,2.314406,-0.368025,-0.609798,-1.920151,0.191011,1.370157,-0.621000,0.102313,-0.357329,0.245625,0.006384,1.924725,0.228418
410,3,0.782469,-1.001477,-1.937787,2.308593,-0.593264,-0.209481,-2.426541,0.388331,0.550471,0.089208,1.551827,-0.146916,1.473958,0.649170,0.228323,-0.924451,-1.025297,0.140836,2.329591,0.410772,-0.849807,0.645510,0.294536,0.243623,1.839701,0.413008,-1.731173,-0.162334,0.357037,0.114164,-0.102386,2.389369
411,2,1.054206,-0.470236,0.733190,-0.504356,-0.420814,-0.305921,0.982430,0.188492,1.678352,1.991442,-0.563495,-0.624155,-0.027805,-1.595961,-0.768179,0.317574,-0.425915,-0.498437,-1.110798,0.000158,-0.646747,-0.340462,0.619457,0.684132,-1.267628,0.687249,0.524801,-0.314242,0.760256,1.578259,-0.278260,0.141847
412,3,0.384510,-0.108596,-0.280672,-0.105461,-2.256697,-0.099513,0.003045,0.064384,1.546215,1.350472,1.093445,1.564031,0.842968,-1.836767,-0.966567,-0.926295,1.629732,-1.741084,-0.064502,-0.633374,1.624404,-0.185476,1.289672,-0.078986,-0.475954,-0.276944,-0.909118,-0.770619,0.771487,-0.429865,-0.359629,2.074908
413,3,0.541351,0.752851,-0.353662,-0.386552,-0.598270,-0.714310,0.837602,2.102666,0.767705,-0.413908,0.735313,-1.345696,0.398438,1.293554,-0.924835,1.160434,1.720465,0.710840,0.714393,0.836735,-1.024996,-0.357312,0.010867,0.275359,0.991503,-1.120207,0.899539,0.146647,1.862260,-0.610848,0.508350,0.044306
414,0,1.904435,0.480073,0.146240,1.685283,-2.566577,-0.403618,-0.754853,-1.134400,-0.103267,-0.316741,-0.442383,-1.272146,-0.539694,1.481455,2.700074,1.209898,0.526246,-1.065335,1.422951,0.084126,-0.391930,-0.289926,-0.145337,-0.273020,-0.458186,-2.423433,-0.491782,1.133519,0.643305,-0.273524,-0.574353,-1.271091
415,2,1.747419,-0.476856,0.802849,-1.452116,0.938589,-0.306002,0.066199,1.388645,0.336919,-0.756633,-1.814126,1.249489,1.140288,-1.342772,0.846166,-0.183773,-1.312653,-0.349810,-1.463088,0.211107,-1.182418,-0.509960,-0.800688,0.507770,-0.743724,-0.243747,-1.173917,-0.224082,-0.384717,-0.907344,0.163258,0.221843
416,0,1.823336,1.787389,0.136080,0.059207,1.555756,0.913100,0.117689,0.352494,0.553769,0.230627,0.645662,0.490698,0.489624,1.064218,0.851369,-1.187930,1.376214,1.315876,-0.663752,0.599007,0.631577,-1.728336,0.488492,-0.696649,0.380252,0.495079,1.003840,1.296833,0.764258,-0.241849,0.723183,0.861254
417,2,-1.153971,0.565453,-0.845452,-0.286454,-0.416359,-0.169822,0.704422,1.310047,-0.259165,0.045809,0.433985,1.687930,-0.864469,-1.754003,-0.292845,0.337670,-2.537880,-0.229438,1.690769,-0.620387,-0.498303,-0.219258,2.429303,0.653938,0.871654,0.716257,-0.650313,0.604788,-0.431141,0.857819,1.573858,-1.537894
418,0,0.073592,0.520384,-0.540177,-0.299072,-2.449482,0.447810,0.736078,0.061967,-0.276587,-2.412849,0.501809,1.371372,0.060623,-0.467491,-0.744663,-0.763541,-0.814284,-1.576695,0.359561,0.394954,0.402838,-0.186131,0.382285,-0.371171,0.850135,-2.128714,0.708564,-0.952452,-0.837921,-0.804194,0.066342,-0.521882
419,3,1.162197,-2.632429,0.673753,-0.681404,-0.329143,1.003835,-0.440495,0.721865,0.404355,0.698515,-0.042096,-0.014629,-0.021229,1.187120,1.530050,-1.158793,1.319511,-1.072555,1.514278,-1.718966,0.678528,0.758371,0.774624,0.339168,-0.598603,0.364225,0.666364,0.456509,-1.166474,-1.072122,-1.808674,-1.051862
420,3,1.622001,-0.193866,-0.318172,0.358270,0.864116,0.095834,0.909410,2.332983,0.611783,-1.120412,-0.783351,0.888638,-1.093984,-0.065828,0.002703,-0.374997,1.946629,-1.499328,-0.465833,0.456829,-1.029515,1.219719,-0.943069,1.091654,-1.290888,0.035278,-0.780457,-3.078628,-1.411419,-0.635763,0.200635,1.778230
421,0,1.148539,-0.864392,1.045848,-0.508013,0.803858,0.533542,0.210112,-0.113080,0.892149,-0.756128,0.571661,-1.671970,0.915935,-1.608594,-1.371715,1.383463,0.107600,0.419079,-0.710102,-1.014795,-0.125300,1.516951,0.176412,-0.698900,-0.443243,-0.104048,-0.509146,-1.723589,0.248563,-1.493816,-0.502163,-1.932184
422,3,-1.511928,-0.552092,2.576141,-0.302218,-0.345404,-0.851279,-0.405497,-1.192435,-0.926498,0.199071,-0.579693,0.626974,0.741525,-2.132381,2.175165,-0.525328,1.027747,0.730650,0.147352,-1.061277,-0.851992,-0.248831,0.594407,0.069853,0.250201,2.081713,2.088999,-0.015872,-0.766928,0.428579,0.869463,2.021801
423,3,0.227025,-1.214745,-0.632879,0.574333,-0.217943,-0.308360,-1.478598,2.274687,1.198208,-0.461337,2.220360,-1.288218,1.362280,0.285182,1.879176,-1.368333,-0.508546,-0.384227,-1.095585,-0.091176,1.568601,-1.102618,0.567653,2.081233,-1.187841,0.092499,0.114825,0.351215,0.568100,1.121505,-1.312116,-0.538281
424,0,1.132099,1.665574,-0.460063,1.362888,-1.418970,-0.217798,-1.926618,-0.817254,1.279087,-0.473714,1.356539,-2.605395,0.409071,0.302623,-0.769160,-0.842813,-0.281228,-0.914731,-0.114184,-0.259931,0.268413,-0.872512,-0.540553,-0.656315,-0.558620,-0.424555,1.008970,1.045826,-0.327733,0.617382,-0.411641,1.693148
425,1,-1.560387,-1.206368,-0.145262,0.016840,-1.782147,0.632483,0.685818,-0.208472,0.924673,1.810137,-0.195914,0.795839,0.278063,1.564913,2.057742,0.931721,-0.483540,-0.580536,-0.552793,0.802379,-0.657746,-2.042123,0.253006,-0.314181,-0.007243,0.672089,-0.607183,-0.009679,-0.748253,1.238553,0.419754,-1.594357
426,0,0.859164,0.942201,1.262420,0.449201,-0.397625,-0.787130,0.408344,-0.010813,1.727183,0.300370,-1.532128,1.417621,1.132223,0.908733,-0.714761,-0.372353,-0.509949,0.298659,-1.580931,-0.917705,-0.042493,-1.352912,0.159748,-0.372386,0.311361,-0.517490,0.297460,0.247121,-0.406785,0.941461,-0.275060,0.498079
427,3,0.291526,0.644508,-0.026919,1.105490,0.541053,-0.991668,0.230049,0.158681,0.119666,-0.913853,0.461387,-0.108716,-0.158648,-1.341602,0.650311,-0.731280,0.580482,-1.056944,-0.851763,-1.977962,-2.218166,-1.307634,-1.024690,-2.235345,-0.930298,-0.585995,-1.886153,-1.612750,-2.342964,-1.487743,1.144112,0.748771
428,0,2.135961,-1.737635,2.365587,-1.130896,-1.126837,-0.022023,-0.424698,0.788962,-0.223007,-0.281469,-0.120077,1.295154,0.604962,-0.157196,0.368880,0.136916,-0.114900,-1.962562,0.034169,0.962371,-0.533075,-0.412676,-1.665177,-0.270909,-1.425847,0.641609,0.215265,0.103336,2.392035,-0.410149,-0.084457,-2.224092
429,0,0.852274,0.399564,-0.723727,-1.708341,0.845534,-1.225159,0.856370,1.247676,-1.593579,-1.396915,0.094104,1.144547,0.286438,-0.870418,-0.243779,-0.630976,-2.467780,-0.450332,-0.387566,-0.305812,0.377773,0.848431,0.658291,-1.265218,-0.037186,-0.718708,0.002841,0.422494,2.641670,1.539432,1.633183,0.523237
430,0,-0.054279,-0.880194,0.747928,-1.666133,-0.706073,-0.656626,-0.056930,1.759745,0.650411,-1.186345,0.686424,-1.421469,-1.080255,-0.711458,0.002676,-1.188936,1.135756,0.966254,-0.347219,1.120300,2.032069,0.804100,1.245142,0.252680,1.214307,1.334309,1.707279,-0.747582,-0.516791,1.067888,-0.256589,0.644226
431,1,-0.008431,-0.073074,-2.146825,0.016408,-0.541544,0.592321,0.592514,1.282954,-0.533321,0.949999,-0.380733,-0.603115,0.953090,0.405665,0.144319,0.133441,1.177800,1.864864,0.470798,-0.371664,-0.643610,-0.614199,0.400026,0.119582,-0.155874,-1.520257,-0.234455,-1.292763,-0.449618,-0.067631,1.060959,-0.813323
432,0,0.742056,0.513695,-0.827489,-0.177532,-1.708218,-0.643509,0.598463,0.565102,0.798081,0.338959,0.417090,0.515811,0.329810,0.565821,0.644500,0.333505,1.493624,1.253441,1.361688,0.463446,0.689108,0.937115,0.337479,1.035376,-0.726054,1.180542,-0.811518,-1.298257,0.452666,1.153587,-2.214342,1.305147
433,0,-0.515442,0.377956,0.359278,1.437533,1.975907,1.248976,0.401767,-2.490082,-0.505672,-0.225405,-0.140752,2.028587,0.233041,0.829200,-0.926869,1.904717,1.018476,1.109663,2.504815,-0.850749,0.070401,0.045861,2.694154,2.540931,1.461833,0.348042,-1.403261,0.818810,-0.766938,0.108757,-0.823419,0.166629
434,1,0.780427,1.377771,0.145652,1.039109,-0.889282,1.041494,0.625656,-0.714042,-0.323172,1.656254,0.646775,0.274900,0.445842,0.799447,-0.732712,0.580895,0.600576,-0.339461,-0.562161,-1.463469,-0.886954,0.939283,-1.469025,0.808506,-0.273853,-1.647169,-0.439648,0.522588,-0.050820,0.432539,0.367596,-1.487605
435,3,-0.801061,-1.288180,0.676764,2.071852,0.518172,-1.195603,-1.388732,0.718440,-0.055034,-0.428739,-0.194122,-1.521518,1.086193,-0.441262,1.012496,-0.116233,-0.593438,0.132992,0.783724,-1.579412,-1.113775,-0.314770,-0.569443,-0.373199,0.083542,-0.089241,-0.685518,1.473585,-0.784268,-0.664410,0.723826,-0.288197
436,2,-0.752450,1.594998,-0.952935,0.890816,-1.199151,-1.159225,-0.080809,2.366749,0.306638,0.846534,-0.314942,0.240053,-1.253281,-2.135831,-0.232974,-1.877993,-0.416261,-0.954371,-1.601429,0.756010,1.414152,-1.184407,2.591847,0.412001,0.811017,-0.223392,-0.066814,-0.598694,-0.695092,1.317146,-2.049169,-1.282505
437,1,0.073266,-0.660042,-0.419686,0.113146,-0.786856,0.232518,-0.956274,-0.264357,0.256221,-0.668882,0.474279,-0.220455,0.905027,-0.628494,1.221667,-0.530474,0.362261,0.867991,-0.706007,0.122937,0.665723,-0.139253,1.023828,0.216963,0.094040,-0.716654,-0.513807,0.047204,0.193271,0.283478,1.253680,0.702321
438,2,0.515242,2.221796,0.054868,-0.086008,-1.626157,-0.620001,-0.947270,0.722837,0.351350,-1.854134,-0.056631,-0.105853,1.505321,0.349739,-1.435918,0.634479,-1.929217,-1.595848,0.829376,-2.009520,-0.027007,-0.978697,-1.533413,-0.788646,0.941983,-0.580833,-1.242563,1.767403,-0.480282,-2.190697,0.993451,0.778448
439,1,-0.784964,1.202808,-0.624810,-0.129760,1.410457,0.431554,0.575366,0.192244,0.859069,1.343053,-1.055041,0.045532,-1.473652,1.156251,-0.145231,0.897783,0.412065,-1.457282,-0.157747,0.690374,-1.142617,-1.203631,0.141956,-0.792874,1.641730,0.980559,1.058468,-1.663840,-1.766143,-1.159103,1.335317,0.172287
440,1,0.854873,0.370173,0.262773,-0.650426,-1.327689,-0.027468,1.598761,-0.418653,1.140416,0.769863,-0.608422,-1.137734,0.315687,0.527205,0.418055,0.518473,0.110301,0.591516,-0.333026,-0.170879,1.269291,0.953217,1.998180,-0.238915,-0.272240,0.592465,-1.183736,-0.421945,-0.235708,-0.511011,0.498535,1.468377
441,3,0.097090,1.145641,-1.320772,1.413262,-0.600030,1.260142,-0.044247,-0.820296,1.648542,0.399994,-1.182834,0.068870,1.188729,-0.946546,1.071784,0.604040,0.216131,-0.322969,-0.581859,-0.200904,-0.822157,1.082490,1.371632,0.725463,-0.317629,0.153663,1.466451,-1.495844,-0.405263,0.254460,1.862909,-0.646537
442,3,-3.024447,0.583649,-1.655044,-1.331398,0.138280,-1.716502,-3.109212,1.005171,0.828340,0.200185,-1.583065,1.974711,-1.325411,0.684454,0.339369,0.592023,-0.258432,-0.174869,-0.505755,0.970529,-2.747693,-0.073762,1.695989,0.273561,0.232910,0.156052,0.861004,-2.490105,1.178444,-0.049390,1.978831,-0.432982
443,1,0.332598,0.406500,0.484834,0.426249,-0.714470,-0.021825,-0.052089,0.905409,1.002993,-0.185324,-0.674423,0.213364,0.231372,1.116790,0.016735,2.745575,-0.182923,-0.220335,-0.035585,-0.316061,-0.607723,1.840602,-0.182038,-0.541085,0.003615,-0.922208,-0.840911,0.879000,0.360640,-0.365158,1.708866,-2.434223
444,1,-0.687224,-0.202908,0.769458,-0.848339,-0.688478,0.084650,1.948143,0.981710,0.714902,1.333756,-1.063307,-0.386450,-0.410782,0.298861,-2.279779,-0.821060,-0.106627,-0.383946,0.862662,0.793365,-1.914823,-0.054338,0.249361,-0.431506,0.317991,1.466171,0.764911,-0.772651,-1.086614,-0.263758,1.258505,-0.976927
445,3,0.830115,0.410821,0.417386,0.291491,1.003382,1.017507,-0.192622,0.861856,-0.123591,0.684682,-0.377821,0.175729,-0.652332,0.047450,-0.249403,1.165704,0.266930,-1.408447,-0.050993,-0.990460,0.386451,-1.394006,1.642457,1.426892,0.206679,0.204971,0.347518,-0.001894,2.665015,-2.499160,0.168359,-0.144522
446,1,0.692837,0.461725,-0.673772,0.262811,-2.504959,1.174969,-0.104161,0.166284,-0.514240,2.785388,-1.238883,-0.365279,-1.152077,0.560963,0.521502,0.504819,0.630710,0.825225,-2.315430,-0.823310,1.263886,0.335340,-0.106590,-1.554579,0.979212,-0.089232,2.711679,0.985399,-0.185334,0.295875,0.212964,0.589428
447,2,0.603879,-0.825082,0.274335,-0.494776,0.594594,-1.068801,-0.884623,0.200109,-1.441183,1.540752,0.565665,0.354277,0.429478,1.346866,1.279095,-0.702451,-1.171720,-0.063264,1.441306,-0.671267,-0.722798,2.211450,-1.425796,0.818662,1.124559,-1.677599,0.827191,1.028915,-0.450491,-0.808820,0.624139,-1.166145
448,3,0.861436,-1.134607,-1.365970,-1.097164,-0.136698,0.121356,-0.631537,-1.285186,-0.222158,-0.435076,1.272284,-1.363166,0.404068,0.560212,-1.126850,-0.170282,-0.695035,-0.559331,-0.662586,0.653762,0.686191,1.367215,0.099748,-0.997386,-0.262908,-1.152885,-0.433200,-0.532608,-0.191237,-0.689802,-1.789326,-0.908659
449,3,0.525652,0.807256,0.575245,-0.147969,-1.369436,0.627140,-0.398768,-0.034010,-0.192803,-1.001983,-0.171413,1.362773,0.649859,1.635160,-0.084910,0.032531,0.407777,0.074931,-1.327341,1.104776,-0.740620,1.056321,-1.766149,-1.316343,-1.840527,0.521161,0.831886,0.964470,0.127263,-0.757740,0.738072,0.845760
450,2,1.485074,0.868390,-0.519599,-1.448151,0.667693,-0.314798,1.069446,-2.091813,-0.376915,0.037156,0.172727,-0.215712,-0.405694,-0.715871,-0.236156,-0.230939,1.275510,-0.361033,-3.082745,0.547918,-1.560136,-1.055080,-1.336917,-0.826326,0.950859,1.616899,0.754758,0.503175,0.051325,-0.095606,1.035987,0.570072
451,3,-0.354180,-0.777894,-0.267183,-1.538201,1.179467,0.555038,-0.873998,0.095115,0.541917,0.253617,-1.387257,0.241563,-0.914338,1.925017,1.578888,-0.652276,-0.771817,1.373747,-0.825445,-0.892754,0.539367,1.026902,-0.571898,0.047207,-0.052609,0.673806,-0.943020,-0.765839,0.833993,0.325979,-0.311489,0.436051
452,2,-0.386385,0.423218,0.836330,-0.024262,-0.494539,0.239648,1.016243,-1.981922,-0.758390,-1.107173,-1.399136,-1.267379,0.424771,-1.642425,-0.512842,-0.091982,1.337729,-0.472906,0.371280,-1.701858,0.854204,-0.441397,-0.988731,-1.210562,-1.022773,1.888561,1.489064,0.532352,1.309686,0.353383,0.043901,0.849114
453,3,-0.713539,0.261593,-0.868290,1.125142,0.121747,-0.243381,0.405195,-0.087559,-0.166245,1.354699,0.502385,-0.757280,-0.655375,-0.635635,-0.063047,-1.517677,-0.478317,1.281827,1.451970,0.796375,-0.798902,2.414841,0.866739,0.719239,-1.792096,0.885416,-0.098275,-0.613817,0.874562,-0.170299,-1.565177,0.587538
454,2,-0.386016,1.361820,-0.102089,1.481569,-0.056613,1.673173,-2.052758,0.623425,0.010377,2.297517,1.099720,-0.615514,0.552702,-0.127620,-0.401804,0.043459,-0.581667,-0.734997,-0.332105,-1.083202,-0.472643,1.467258,0.387742,1.081035,0.792128,-1.110180,-0.930803,0.132327,0.452822,-1.357239,-0.105100,0.648703
455,2,-0.341575,-0.626412,-0.384247,-0.438089,0.277321,-0.466127,-0.688434,-0.697917,0.917669,0.429223,0.390346,-1.399224,-0.130590,1.836488,1.688756,1.358159,0.570987,-0.561117,-0.830242,-0.774159,-0.268974,-0.068409,-0.198014,-0.505753,-0.933917,-0.700615,-0.690040,0.816945,-0.823566,-1.122559,-1.740967,-0.187044
456,0,3.193999,0.180977,0.823557,0.947290,-0.679423,-1.839812,-1.628350,-0.422228,2.077852,0.987708,-1.799166,-1.328776,0.663618,2.302473,0.329834,-0.289228,0.009065,-0.250187,0.496047,-0.269096,0.260533,0.363402,-1.399158,0.134341,1.227695,0.054645,0.195982,0.354107,0.321942,-0.516008,1.333585,1.041850
457,1,0.063171,0.445410,0.254491,1.261534,1.995258,0.067653,1.177220,-0.635621,-0.542254,-0.711110,0.626963,0.888527,-0.377023,0.404279,-1.696343,-0.375391,-0.754623,-0.514601,-1.042378,-1.672892,0.164178,0.118274,0.395184,-0.131596,0.514097,1.518427,0.814195,-1.910475,-1.934712,1.105428,1.048685,-1.455175
458,1,-0.275009,1.950664,-0.626296,0.867271,-1.362869,2.271457,0.544713,1.274372,1.128021,-0.153654,-1.342344,-2.031732,-1.563274,-0.136004,0.225674,-0.340514,0.276048,0.667461,0.944583,0.627381,0.303430,1.250202,-0.385525,0.909015,-1.797313,2.162445,-2.194502,1.662539,0.110416,-1.052672,0.190744,0.303512
459,2,-0.562714,0.848895,-0.529402,-1.344132,1.291728,-0.816473,0.549578,1.457266,-1.330411,1.537296,-0.360032,-0.183994,-0.170105,-0.486645,0.749764,-1.030868,0.916453,-0.312860,1.432652,-0.776652,0.256384,0.308563,-3.980631,0.609510,1.608561,0.144459,0.888457,0.190388,0.785306,0.827172,0.659363,0.099365
460,0,0.417710,0.697588,-0.185719,-0.213014,0.587143,-0.383372,-1.217610,0.341492,1.000750,-1.161535,-0.303224,-0.432105,0.259627,-0.477690,1.357025,0.068653,1.700580,1.638597,0.453209,0.893361,-1.053835,0.957820,-0.983643,-0.175973,-0.471456,-1.725988,-0.535069,0.242705,-1.395785,0.798928,-0.266847,0.163415
461,3,0.762514,-0.520229,0.735839,0.547174,-0.285714,-0.240347,-2.043549,-0.273163,0.315615,-0.746776,-0.874679,1.560023,-0.015944,-0.144370,0.765311,0.318516,-2.458210,1.317960,2.155024,-0.469043,-0.652649,0.330195,-0.112538,-0.978418,0.190995,1.127762,-1.880929,0.420881,-0.566244,-0.374658,0.214430,-1.043590
462,2,1.211044,1.627589,1.795361,1.157689,0.777488,0.157763,-1.335719,-1.444115,0.381175,-0.361591,-0.734967,1.314534,2.149657,0.584465,-0.064366,-0.494490,0.471275,0.107783,-0.865016,1.369592,0.927690,-1.419715,0.318215,-1.484558,0.185364,0.758604,-0.172344,-0.491519,-1.068582,-1.618874,0.737578,-1.811319
463,3,-0.846109,-0.487985,0.470142,0.613451,1.277454,1.618477,-1.407578,0.302584,0.386737,-0.889193,0.673474,1.472057,-0.040779,0.940428,-0.887133,0.026427,-0.770297,-1.098967,0.351542,0.421702,0.197307,-2.947279,-0.065193,1.270852,-0.320356,-0.150807,-0.839708,0.690910,-1.646706,0.378386,-0.345821,-1.153072
464,1,-1.373407,0.417068,0.090189,-1.071827,-0.968637,-1.257059,-1.294693,-0.598416,-0.902760,-1.356724,0.512963,0.077453,-0.468478,-0.630290,-2.055134,0.225374,0.772425,0.457348,0.035991,1.133194,0.343690,-1.486139,-0.893932,-1.086666,-0.343725,0.661342,-0.603770,-1.131649,-1.118803,0.289127,-1.172734,0.621962
465,1,-0.281803,1.749688,0.301906,-0.720927,-0.746142,1.133826,-0.018371,-0.664944,0.110719,-0.762871,1.233210,-1.641510,0.013850,0.702465,-0.964499,1.386831,0.817573,0.637014,1.186080,-1.072780,1.202317,0.475882,-1.817307,-0.794139,0.569888,1.282159,-1.648582,0.809643,2.063574,0.826017,1.597619,0.048293
466,0,1.230612,0.858661,-0.648442,0.678482,-2.320396,-0.403769,1.385929,1.446990,-0.971780,1.787683,0.892951,0.295115,-0.295664,0.581670,0.866285,1.301008,-0.209853,-1.343888,-0.034954,0.740571,-0.907593,1.508329,-0.367961,-0.151184,0.474046,2.962755,0.148445,0.759367,-1.005444,-1.304069,1.161225,3.588413
467,1,-0.187427,0.959927,0.910029,-1.834608,-0.601436,0.681119,0.204247,-2.515602,0.747422,-0.266267,0.563914,-0.722079,-0.543138,0.633333,-0.278381,1.288214,-0.270834,0.877789,0.650533,-1.490909,0.603043,0.195484,0.382654,-0.430258,0.564377,0.030737,-0.518137,-1.454377,1.282482,-0.586124,0.907963,0.116006
468,0,-0.030066,-0.208422,0.460328,-0.190719,0.145031,0.742505,-0.537009,-0.393428,-1.742526,-0.888365,-2.289528,-2.200951,0.104611,0.857719,-0.202565,-0.088107,0.278140,-1.477586,0.599675,-0.617759,0.511874,0.113068,-0.608548,0.224149,0.317638,0.767613,1.043788,-0.252365,1.834846,1.165436,-0.780364,0.053647
469,1,-0.135992,0.422343,-0.028306,-0.984835,0.758172,0.785930,-0.884763,0.719319,-0.567314,-0.108457,0.541052,0.418571,-0.921153,-0.772655,1.817677,-0.957613,0.627880,-0.508068,-0.549018,-0.271777,-1.110980,2.126200,-2.005454,0.198356,0.177101,-1.478808,1.225970,-1.041659,1.331290,0.782069,0.891131,0.277425
470,0,0.769773,-1.509814,-0.818221,1.012945,1.858659,-2.033053,-1.613365,-0.510683,1.389673,-0.105731,0.233234,1.678483,-0.028051,-0.487158,-0.232974,-1.042514,-0.016856,-1.120778,1.003087,0.252736,-0.808921,-0.494198,-0.187856,0.748902,-0.539738,0.081409,-0.272760,-2.218789,0.033359,0.722690,1.230042,0.523959
471,2,0.520373,0.906120,-0.194892,-0.907092,0.694956,0.437075,-1.306604,-2.022976,-0.718153,-0.663684,-1.207822,0.705962,0.080178,-1.206392,0.011896,0.499856,-1.079750,-1.480609,1.415124,-1.968467,-1.198685,-0.671245,0.395800,-0.695817,-0.568166,-0.483836,-0.305487,0.140405,0.131967,-0.842337,-0.361789,0.875675
472,3,0.096940,-0.299418,-0.921481,-2.259666,1.412907,1.209106,0.543207,0.168575,0.077883,0.125141,1.205775,0.055215,1.046648,-0.257456,1.124992,0.567974,-1.802342,-1.297748,-0.285535,-0.341084,1.381452,0.020324,1.213151,-0.162552,0.237894,-0.119761,0.386753,-2.551372,-0.393559,-0.078349,0.216496,0.975251
473,0,0.472461,-0.483052,1.717092,1.600831,-0.569847,-1.601265,-0.324816,0.299451,-2.396131,-1.876944,1.069949,2.445943,-1.000602,0.120611,0.324977,1.439697,-2.088157,1.341763,-0.245522,-0.217887,-1.569136,0.259222,-1.325255,0.569197,-0.479163,1.826291,-1.367696,0.278997,0.878977,-0.473949,-2.471915,-0.266523
474,1,-0.238190,0.241470,0.680559,2.015279,-1.339807,0.052434,-0.614567,0.892345,0.856752,-0.910308,-0.626621,-0.761982,-0.365308,0.025668,-0.557918,-1.449343,-0.170083,-0.873667,-0.051495,-0.705435,0.587881,-0.460238,0.691995,0.588837,0.569716,-0.828471,0.299663,0.494960,-0.833124,-0.939747,1.115295,0.527692
475,2,-1.796683,0.487830,-0.486448,-0.217458,-0.261019,-2.985727,-1.977696,-1.032889,1.622199,-0.448074,1.397462,-1.986251,-0.378852,-0.844427,-0.455542,0.963195,-0.022106,-0.464334,-0.229456,-0.076380,1.926697,-0.607735,-0.799211,-0.509510,0.245214,2.042372,-1.828910,-1.076890,0.699617,0.693247,0.079739,-0.994600
476,0,0.949865,0.402960,-0.861219,0.172778,-0.817502,0.510040,-1.212473,-0.567203,-0.490677,-0.454114,0.426750,1.075551,-0.250120,-0.429797,2.778450,0.238635,0.676799,0.116539,0.519367,-0.003861,-1.152603,-0.498259,0.153639,0.161179,0.618370,-0.979327,-1.178001,-0.391770,-0.276939,-0.826774,0.809619,-0.176350
477,1,-0.159594,2.326859,1.005038,0.207268,0.314870,-0.973890,-1.062266,-0.178575,-0.417923,0.485313,0.174720,0.729088,-1.532032,0.372205,0.459894,-0.065646,-0.390231,-0.086312,0.566990,-0.394592,0.027660,-2.125930,-0.762109,0.486403,-0.565151,0.200399,0.193848,-0.375624,0.314884,-0.710170,-0.793854,-0.062081
478,1,-0.704202,0.195095,-1.234494,0.004581,-1.058196,-1.398290,0.290492,-1.241700,-1.822522,-1.655341,1.846867,-1.081537,0.801033,0.801850,0.692839,0.339950,-0.220947,1.529092,-1.129244,-0.085226,-0.628043,1.197224,1.073239,1.083035,0.562137,0.732255,0.316790,-1.428031,-2.160278,1.014284,1.224231,0.922731
479,3,-0.952711,0.542334,-1.427048,-0.366235,0.255094,0.176988,-0.766279,-0.864888,0.445287,1.560718,0.858156,1.442219,0.730731,-0.239896,-0.432067,-1.004005,0.347458,0.542308,0.895470,0.086382,0.013089,0.071937,-0.448851,0.569096,-2.133151,0.856732,1.469124,1.163499,1.157629,-1.618258,0.917742,0.342887
480,2,0.684993,-0.907181,0.505736,-0.689410,0.594527,-0.031634,0.066558,-0.676185,-1.706238,-0.021520,0.012191,-1.315791,-0.044113,-0.225285,2.180379,0.810708,0.292032,-0.427671,0.852259,-0.019774,1.093702,-1.288565,-0.166350,-0.027508,1.156885,1.599146,0.296453,3.353002,1.063186,1.346425,2.467413,-0.231415
481,0,0.615542,-0.867279,-1.580889,-0.573283,-0.633821,1.965486,0.220904,0.855034,0.581617,-1.274875,-1.363066,-1.002244,-1.247367,1.094903,-0.550218,0.432031,0.395087,-0.661767,-1.324486,0.094788,-1.053244,0.521185,0.103415,2.226203,-1.479204,1.924494,-0.865647,0.664813,-1.041044,-1.174147,-0.718740,0.291519
482,2,1.889031,0.797448,0.635866,-0.552268,-2.381296,-1.507962,1.453749,0.431117,-1.029276,0.113004,-0.325371,0.498861,1.141281,-0.866422,0.875474,-0.894631,-1.527995,-0.037637,0.862133,-2.714644,0.287533,-0.166039,-2.172014,1.317050,1.518140,1.466540,-0.204816,2.173977,0.257762,0.955631,0.262764,1.201926
483,3,1.173920,-1.225754,-1.369318,1.536004,0.827177,0.517416,1.257440,-1.921767,-1.771166,-0.198813,0.344028,-0.985479,0.561511,-0.147702,1.006440,0.568349,0.521266,-2.530474,-0.043928,0.955795,-2.154575,-0.764438,0.584999,0.291502,0.478033,0.349020,-0.259404,-1.270515,-1.522387,1.685379,-1.388928,-0.683748
484,1,-0.086910,1.160784,-1.026480,1.818008,-0.499210,0.304253,-1.051727,-0.712086,-0.528047,0.730219,-0.943964,-0.704998,2.127217,2.645558,1.174024,-0.454476,-1.481199,-0.626938,-1.294296,0.657602,-0.381510,1.160038,1.880760,0.961757,0.892724,-0.422028,1.469524,-1.491000,-0.964735,-0.358780,0.218067,-1.248342
485,1,-1.647026,-0.267839,0.513572,0.998476,0.263640,0.482978,-0.667611,-1.187091,1.965425,0.725166,-0.025715,-1.551081,-0.349111,2.030945,0.425309,-1.814960,-0.221970,-0.066195,-1.669343,-0.205734,0.769126,-0.708333,-0.868600,1.345649,1.915074,0.439827,1.198980,-0.589758,-1.627326,-0.662833,0.877348,1.367311
486,1,0.789247,1.605627,-1.720565,-0.681769,-2.281574,-0.099926,-0.268963,-0.470865,-0.375379,1.808355,-1.002720,-0.543425,-0.203185,-0.916740,1.126352,-0.394288,-0.801737,0.133663,1.253409,0.769521,-0.163762,-0.873902,0.197966,-0.898503,0.650293,1.773296,0.914791,-1.079972,-1.586182,-1.440763,-0.636418,-0.766809
487,0,0.933864,0.831398,-1.181499,-0.614880,-0.126464,-2.347908,0.298997,-0.631158,-0.476340,-0.222864,-1.376756,0.026573,1.274265,-0.527927,0.290868,0.413402,0.547608,-0.925967,-0.597752,0.011579,-0.462838,-1.805338,0.130291,-0.533985,-2.683132,0.491058,1.756850,-0.312007,1.642423,-0.920798,0.142148,1.009221
488,0,0.548347,-0.290349,1.630002,-0.213282,-1.105687,0.651765,0.208933,0.356618,0.450595,-0.742189,1.646402,-0.251903,0.237326,0.543155,-0.473606,1.350742,1.263680,0.569570,0.583037,1.051653,0.911874,-0.067453,1.051818,0.792432,-0.778260,0.067061,-0.555157,1.670282,1.603826,0.625698,-0.583732,0.516807
489,0,-0.120831,0.988108,-0.145328,-1.204283,-0.504548,1.104726,0.073569,-0.491585,0.238353,0.015643,0.315616,-0.010053,-1.352555,-2.727103,-0.570988,-2.210206,-1.082241,-0.400607,0.416760,0.397354,1.333095,0.169707,0.375501,-0.456115,-1.276627,-0.050688,2.226727,0.180699,1.155498,-1.427379,1.347564,-1.250211
490,0,1.463370,-0.855998,-0.632281,-0.883298,1.025353,0.847063,-0.845517,-1.667246,0.377045,0.061968,1.008149,-1.451553,-0.039170,-2.234497,0.757281,-1.309000,0.798033,-2.237675,1.137337,0.888922,-1.157686,1.110368,0.099892,-1.407372,-1.498704,-0.195749,0.076041,0.512339,-0.152137,-0.721360,1.055643,-0.542385
491,3,2.429964,-1.171648,-1.189516,-1.349509,-0.739142,2.375378,0.756183,-0.262982,0.432362,0.664054,0.943321,-0.503175,1.056160,-1.113461,-0.397710,-0.194346,-1.997580,0.048434,0.455753,-1.368676,0.218063,0.276011,1.259687,1.946051,1.567802,0.924501,1.751146,1.475158,1.446152,0.956694,-0.151248,-1.082216
492,0,-0.679509,0.336762,0.356888,-0.715670,1.824559,-0.136049,0.955047,0.569708,-0.874282,-0.451304,0.270435,-1.202762,0.823329,-0.715161,0.845165,-0.911276,-1.365992,-0.974083,-0.172387,0.506304,0.867047,0.136822,-0.087013,0.284244,-0.496105,-0.150441,-0.375091,-0.500772,0.279071,-0.082566,0.048880,-0.450232
493,0,0.240813,-0.389566,1.015011,0.025383,1.341253,-0.115307,-1.031889,1.983013,1.146155,0.644931,0.821450,2.298012,-1.745489,-0.882688,-0.434411,-0.211177,1.019495,0.347970,0.172523,1.664986,-2.091811,-2.310129,1.129217,-1.570469,-0.727308,-0.871672,1.297438,1.267385,0.543647,0.429530,-1.214508,-0.351258
494,1,-0.513696,1.970729,0.731352,0.533451,-0.485926,-1.124520,-0.169100,0.307267,1.068136,0.658976,-0.607293,0.759304,-1.817592,-0.184979,2.009777,0.908337,-0.673242,-0.768541,1.490906,1.964714,-1.162019,0.745442,1.146283,-0.741642,2.341283,0.747642,0.744321,-0.308722,-0.710396,-1.560784,1.473964,1.730747
495,1,-0.231846,-0.780355,1.331326,0.121543,-1.477304,-0.126575,0.459522,-1.191248,1.695743,-1.940113,0.223170,-1.002183,1.379844,0.852433,1.077176,2.543792,-0.147610,1.150257,-0.420368,1.679530,1.145501,-0.413541,-0.335001,0.463494,-0.641161,-0.587983,-2.848626,0.182211,0.316080,-1.089350,-1.520250,-1.495523
496,2,-0.600232,-0.214991,0.113705,0.748991,0.060489,1.058799,2.352854,0.565323,-0.080335,0.093874,1.378630,-0.123406,0.055895,1.010516,-0.316520,0.219292,1.124134,-0.121756,-1.281528,-0.242840,1.322357,0.262376,-1.090435,-0.914182,0.345806,-2.185206,-0.345404,0.208206,0.774105,-1.616920,-0.519203,0.653050
497,3,1.332810,0.497929,-0.239555,-0.905729,-0.206155,0.645539,0.649690,-0.522283,-0.292807,-0.154876,-0.951228,-1.869471,-0.490896,-0.576459,-0.306853,-0.934435,0.688718,0.673274,-0.544911,0.579238,-0.397255,-1.459573,-0.590410,0.968883,0.419168,-1.462988,1.146318,0.053918,1.370228,-0.171651,-0.559512,-1.020037
498,3,-0.521819,0.445110,0.098137,0.392906,-1.255127,0.487088,-0.725639,-0.390820,1.118411,-1.301490,0.814656,-0.164773,0.327626,0.379932,-0.223351,0.154982,1.072612,1.662364,0.153272,-0.091287,0.343399,-1.178030,2.979678,1.039173,-0.273432,0.535841,0.739662,0.002331,1.316779,-1.272824,0.028047,-0.678366
499,1,-0.198579,-0.044423,-0.171926,-0.427226,0.595502,-0.596053,-1.485177,-1.621866,0.784211,0.716752,0.357001,0.214724,-0.616680,0.311636,0.109754,-0.270446,0.662980,-1.291713,-0.372782,0.123337,-0.254412,0.298950,0.259145,0.098328,-0.385088,-1.259440,-0.051916,1.211974,-0.860119,0.712380,1.751251,-1.026677
500,0,0.149189,-0.295155,-0.218522,-0.084366,-0.040315,-0.429412,0.789377,0.055956,1.509659,-0.195833,-0.995149,-1.941355,1.077529,0.033497,0.635442,0.287537,0.296380,1.100580,-0.810641,-0.219819,0.378081,-1.651258,0.052039,1.122564,-1.060045,0.749231,0.418765,0.449610,0.534097,1.630702,0.413551,-1.478364
501,2,0.569873,1.142186,0.277785,-0.561382,0.588840,-0.133904,-1.044109,0.724045,1.783968,0.393832,0.357032,0.527123,0.218296,-0.297453,-1.655417,-0.956180,0.416595,-0.907953,0.146800,-0.006342,-0.515529,-0.006770,0.161464,-0.537247,-1.338796,-0.016646,2.880849,0.140184,0.293836,-0.821975,0.791805,-0.136943
502,1,-1.960453,1.695112,-0.141717,-0.121994,-0.286535,1.508075,-0.619468,0.466046,0.389972,-0.725082,1.377028,1.009980,-0.197805,2.436197,-0.664974,-0.967724,-0.911547,0.650781,-0.209982,0.016785,-0.088981,0.469305,1.906352,0.205889,-0.810281,0.853328,1.569163,1.263154,-0.173951,0.931683,-0.112560,-0.710577
503,2,1.258151,-1.214555,1.005766,-1.844331,1.466178,1.147015,0.741214,-0.087440,-0.579739,0.835522,0.139170,-0.680331,-1.037326,0.402325,-0.743223,-0.468199,0.480267,-0.151980,-1.169284,0.675233,0.840019,-1.848175,1.960176,-0.006478,0.361166,-0.468310,0.307538,-2.418111,-0.573940,1.078930,-0.515660,-0.504566
504,3,1.467833,1.093395,-0.141388,1.302226,-0.409392,-0.970130,1.672102,0.808096,-1.243831,0.942568,-1.957809,0.213459,-0.072289,-2.365384,-1.442788,0.927670,-0.027322,-1.372002,-1.178268,0.595368,-1.106283,-0.830561,-0.710395,0.777046,-0.455925,0.430994,0.380015,-0.819202,0.850425,1.113929,1.533526,0.566489
505,1,0.353368,1.868997,-0.162225,-1.308775,-0.558661,0.197572,0.738999,1.066456,0.552032,0.858483,-0.602379,-0.753691,1.226602,0.994531,-0.001539,-0.715327,0.355732,-0.635432,-1.933763,0.000567,-0.484096,-0.945034,1.048452,-0.096286,-0.128574,-0.450959,-0.223839,1.275528,0.088953,-0.830404,0.335311,1.821586
506,1,-0.673909,0.813674,2.366568,1.084201,0.000092,1.491508,-0.433690,-0.414977,0.337269,-1.050108,-0.333489,-0.756741,-0.124249,0.728168,0.379943,0.573275,0.902530,-0.842638,0.749855,-1.045069,0.611165,0.454637,-0.197723,-1.348822,-0.698899,0.274271,1.393725,1.133531,-1.725234,2.157252,-0.811784,0.531295
507,3,-0.685843,-0.737336,-0.227314,-1.437078,-0.092810,-1.667649,-0.699908,0.567555,0.571109,1.336182,1.615582,1.134960,0.888790,0.237605,1.358754,1.031076,-1.268795,0.801192,1.522073,-0.834844,-1.605279,-1.416554,-0.316547,-0.624148,0.485377,-0.140709,0.032385,-0.989816,0.187908,0.514600,0.584123,-1.334159
508,3,1.739831,-1.543671,-1.536503,1.014769,-1.706074,-0.922312,-0.040083,1.604467,0.381921,0.086880,-0.444954,-0.626010,1.483191,1.004858,0.931447,-1.104288,-0.561666,1.948251,-0.154071,0.537708,1.308951,0.618441,0.387094,-0.613031,0.735912,0.137386,-0.752668,-0.833761,1.393412,-1.492476,0.347112,-0.165904
509,0,-1.126027,-0.438895,0.056498,-1.154062,-1.040477,-2.024050,1.721640,-0.503718,-1.740614,0.126682,-0.349748,0.251024,-0.915384,0.833356,0.945948,0.164464,-0.929150,-0.209508,0.904592,-0.647910,-0.236925,0.845294,0.355257,0.352132,0.557145,0.903960,0.730093,-2.747491,-0.573424,-0.188210,-1.808375,0.677175
510,2,1.392839,0.355778,-0.694211,-0.071133,-0.471280,-0.964401,0.262480,-0.352674,1.992700,-0.418527,0.247731,2.594492,0.723634,0.231024,-0.995044,-0.614755,-0.543184,0.109714,0.790183,-1.473927,-0.566131,1.698239,-0.938887,0.103703,0.130039,-0.389727,-0.046331,-0.395703,0.509515,0.571313,-0.801489,-0.092288
511,1,0.147911,-0.881321,0.604811,0.154376,0.665618,0.111872,0.790122,-0.284357,-0.288838,0.104566,-0.864671,-2.434795,0.200732,1.821648,-0.661688,0.562145,-0.543299,0.446246,-1.315297,1.377651,-1.671104,-1.490198,0.382589,1.384481,1.022191,2.638128,0.963679,1.812683,-0.779939,0.031280,-1.620007,-0.056832
512,3,-0.112770,0.533635,-2.264630,0.994128,-1.282105,1.581169,-0.865921,-1.680640,-0.520925,2.139487,-0.511894,0.477870,0.470032,0.803923,-0.185306,-0.720380,1.975207,-0.514947,-0.323216,-1.253458,-0.547208,0.342128,-2.325675,-0.981702,-0.349866,0.847559,0.371422,0.745444,0.710310,0.882058,0.082552,-0.497250
513,1,-0.182483,-0.642985,-0.009986,1.775595,-0.109538,-1.136364,-3.007068,-0.262446,0.099846,-2.087606,0.219556,1.668141,0.970632,1.684515,0.399633,-0.448125,-1.967225,0.197983,0.083648,-1.145788,1.505064,-0.795452,1.919193,-0.611635,-0.510023,0.229842,-1.184564,-1.064023,0.384359,-0.745959,-0.317171,-0.800598
514,1,-1.064136,1.219642,-0.638002,-0.825697,-0.377924,-1.222195,1.183565,-0.404815,0.079573,-0.688930,0.086429,0.696519,-0.271756,1.165541,-0.850707,0.541222,-1.284824,0.130344,0.946789,-0.356346,-1.142125,0.254420,-0.044546,-0.201760,0.328384,-0.988688,2.470550,0.898599,0.493731,-0.121195,-1.632367,-0.629475
515,2,1.221988,1.208695,0.582534,0.753176,1.477047,-0.336969,-0.253488,-0.782588,0.732865,-0.157444,-0.763618,-0.439441,-0.167805,-0.068865,1.001229,-1.404875,-0.093444,-0.283610,-0.517248,0.752209,-0.799671,1.199323,0.353907,-1.388769,-0.051756,0.491536,-0.341454,-0.071316,-0.489040,-0.926680,-0.095561,-2.244055
516,3,0.355700,-1.070587,-1.404578,1.212572,-0.763884,1.056968,1.550259,1.120929,0.981937,-1.146082,-0.278183,1.185576,-0.298571,1.708608,-0.176287,0.497914,-0.878247,-0.308563,-0.445583,0.031717,0.540624,-1.482902,0.438428,-1.511575,1.273342,-1.257457,-1.049210,0.530149,0.696825,-1.565539,-1.231273,-0.512254
517,2,-1.731271,-0.574117,0.241548,-0.132017,-1.502383,1.770496,1.329022,0.324430,0.320053,-0.252038,0.508310,-0.008119,-0.125360,0.451647,0.207637,-0.779643,-0.007692,0.604052,-0.781885,1.319336,-0.171834,0.961298,1.321343,-0.257460,-0.980254,-0.461038,1.089647,-0.184758,0.887656,2.184074,-0.421509,-0.303582
518,3,-1.873532,0.251670,0.301681,-0.806545,-0.651926,-0.049668,0.045510,-1.069186,-0.468195,-0.120640,0.240671,1.401592,0.330002,0.230340,1.277439,1.208634,-0.434574,0.248908,-0.199071,1.796896,1.805043,0.374160,-0.647826,0.033649,0.532445,0.389709,-0.220828,-1.121494,1.141473,0.081688,-1.147501,0.167384
519,0,-0.970097,0.085045,-0.419386,-0.688044,-0.116265,-1.405789,1.943043,-1.108324,0.735047,0.938111,-0.290352,0.415581,-1.234549,1.214507,0.485832,0.031645,1.035634,0.495457,-1.324258,-0.850324,0.374750,0.338700,2.129626,-0.658589,-0.819116,-0.789636,-0.314790,-0.616311,-0.504733,-0.175973,-0.978362,-0.644466
520,3,-0.814256,0.331423,0.696758,-0.403788,0.568610,0.738258,-0.146882,-0.736780,1.684958,0.822351,0.016783,2.219144,1.298874,-0.152497,0.584633,1.403582,0.202851,-0.284469,1.343067,1.258605,0.306996,1.336517,0.674160,0.806801,-1.271589,-0.846087,-2.138419,0.173854,0.277745,0.987697,-1.392112,-1.176922
521,0,0.640053,-0.543380,-0.514709,0.487386,-1.066975,0.252965,-1.185845,-0.155789,-0.815241,1.086632,1.600074,-1.249215,-0.993489,0.947377,0.963204,0.385430,0.598940,-0.981914,0.142211,1.428084,0.242830,0.086410,-0.723746,1.613107,1.669672,-0.376544,1.605250,1.110539,0.240445,-2.157829,-1.231165,-0.123317
522,2,-0.144079,0.392492,0.755089,-3.069613,-0.795244,-0.321071,-0.035228,0.424441,-0.417641,-0.239026,0.092415,-0.730685,-1.393955,-0.387017,-0.819614,0.580426,-0.765438,-0.983073,0.711145,-1.742771,-0.012854,-0.455863,-0.347488,-1.052293,-0.982996,-0.680865,-0.322513,2.152323,-0.343073,-0.263285,0.057787,0.981019
523,0,1.164701,-1.520883,0.886508,0.252451,-1.850521,-0.625699,-0.554965,1.291771,-2.564959,0.261637,-0.285801,1.041466,0.764695,1.562706,1.150658,-1.762065,0.097324,0.485085,-1.011051,1.170086,1.531351,-0.571690,1.912482,0.714270,-0.080437,-0.430524,0.779185,-0.643573,1.495656,1.896422,1.077339,-0.653869
524,0,1.117611,-0.052236,-1.160068,1.788728,-0.000433,1.051630,-0.887724,-1.069307,0.620513,0.102252,1.643560,-2.043130,-0.750850,0.034023,0.097929,1.190297,-0.278803,0.605058,-0.028194,-0.865994,-0.147595,0.572677,-0.378799,0.159788,0.454113,2.061454,-1.089686,1.124856,0.133612,-0.546785,-1.500335,-0.075447
525,1,0.672294,0.272449,0.563628,-0.361142,0.583695,-1.259076,0.022688,0.663079,-0.359452,-0.962796,-0.379389,-0.178477,0.039047,0.320747,0.388490,-0.192295,0.548380,-1.461857,0.101838,-0.160919,1.939247,0.007770,-0.562555,0.494606,1.041150,0.341949,0.899661,1.378938,0.801436,1.439446,1.057472,0.327177
526,3,-2.565344,1.542565,0.862839,1.219101,0.037281,1.058914,-0.541756,-0.328940,0.641758,-1.391917,-0.942450,0.317847,-0.256909,2.122110,-0.533266,0.803656,0.646067,0.409327,0.263762,0.756504,-0.127436,1.630975,-1.184185,-1.023610,0.461980,0.682238,0.565489,-0.634469,0.665126,-0.758354,1.887546,-0.032208
527,3,-0.290016,-1.267917,1.237276,1.293722,-0.667356,-1.833428,0.269899,-1.098082,-1.321325,0.167898,-0.902677,-0.842673,0.924103,0.100952,0.535888,1.514495,-0.131883,0.845904,0.283249,-1.210239,0.259472,0.464091,-0.836915,0.454878,0.465140,0.432611,-0.942393,-2.090080,1.045211,-0.926386,1.332458,1.732817
528,1,0.368960,3.117620,-1.280682,1.085534,1.985322,1.137546,0.735803,-0.635967,0.211210,0.329183,-0.145173,-0.413608,0.239242,-0.466726,2.233407,-1.040639,0.493138,0.842962,-0.332836,0.309992,0.738018,0.537169,-0.049968,0.040225,-0.455695,0.582349,-0.770917,1.175496,0.849789,-1.162189,0.316507,0.225867
529,2,1.026611,-0.170386,1.379332,1.055239,-0.064978,0.517395,-0.455482,0.620418,0.525805,1.112009,-0.884455,-1.247264,-1.752308,1.127009,0.976451,-0.467497,1.384789,1.262526,-0.299310,-1.063558,-0.437891,-0.337658,0.672324,-0.490632,-1.236975,-0.229234,0.706628,0.824913,-0.846654,0.017240,0.106470,0.139240
530,3,-2.168661,0.557958,0.452105,0.924553,-0.882864,-2.062639,-0.511631,0.922109,-1.008023,-0.512870,0.450809,-0.678164,-0.540183,0.192905,1.347485,1.952490,0.773983,-0.503427,-0.162077,0.721814,1.380576,-0.229804,0.771001,-0.966660,1.317321,-1.362030,0.698831,-1.433642,-0.290087,1.843290,-1.297734,-1.697554
531,3,-0.442332,0.310354,-0.255568,0.326630,-2.009015,-0.257540,2.203841,-0.436758,1.170862,0.613207,-0.109759,-1.048939,-0.167975,1.386500,-1.732263,1.233526,1.038094,0.146003,2.003076,-0.209132,1.090609,-0.172285,-0.977674,-0.874328,0.668227,0.652826,0.186242,0.267970,-0.254905,0.193648,-0.904231,-0.864147
532,0,1.274886,-0.773448,0.662165,0.220251,1.445037,-0.867852,1.158127,-0.761853,0.140475,-1.772809,-0.899830,-0.491251,-1.750418,0.833441,-1.031981,0.660986,0.966297,-1.955615,-1.231052,1.672119,1.232809,-0.719012,0.505099,1.098786,-1.050265,-0.061821,0.847690,0.073931,0.158514,-0.483347,0.057718,-3.094747
533,1,-0.554507,1.081782,0.989938,0.305363,-1.180217,-0.485928,2.542776,1.187668,-0.102548,0.397404,-0.451571,-0.598665,1.884581,2.536981,-0.380410,-0.167759,0.325584,-0.559831,0.926741,-0.529344,-0.368689,0.218799,0.532870,-0.014231,-0.494658,-0.667944,-0.913133,-1.034268,0.844450,-0.152182,1.466460,0.928481
534,0,-1.359832,0.010027,-0.051255,0.120200,-2.999141,2.373141,0.888847,1.731176,0.031940,0.841668,0.863407,0.843356,-0.281584,-0.196923,0.449971,0.348170,-1.478086,-1.419721,-0.685110,-0.049782,-0.268002,2.686000,-0.611345,0.951439,-0.191504,-0.255205,-0.275386,1.890905,1.541697,-1.258720,1.263844,0.140606
535,1,-0.328353,2.629055,0.061229,-0.784357,-0.239287,-0.311804,-1.243136,-1.300252,-0.407149,-0.223862,-0.000893,-0.170949,-0.057160,0.117388,-2.331127,0.580159,0.936320,0.683299,-0.826247,-0.417626,0.078589,-0.118444,0.086233,1.205498,2.298474,2.419430,0.028989,-0.509866,1.606606,1.525646,-0.469075,-0.165424
536,0,0.660881,0.850282,0.632855,-0.243967,1.418342,-0.320988,0.123221,0.443772,-0.108086,-1.326572,-0.461782,-0.258008,-1.946356,-1.894855,-0.362421,-0.255979,-0.235076,0.952267,0.275134,0.306182,-1.596095,-0.850237,-0.646623,-0.100466,0.223459,-0.462603,0.965221,-0.286984,1.060912,-0.084737,0.028837,0.228562
537,0,-0.027761,0.210568,0.736193,-0.026539,-0.666273,-0.611424,0.789957,1.152899,1.318149,1.426577,-0.413918,-0.716352,-0.245606,1.202562,0.157878,-0.560730,-1.378102,-0.732745,0.704914,-0.187010,-0.234177,0.605166,0.652600,-0.002012,0.995563,-1.708345,1.131907,-0.482860,0.475787,-0.439684,-0.225377,-0.611925
538,0,0.937200,0.009618,-2.078783,0.345937,-0.539001,-0.614610,0.744959,-0.441476,-0.158724,-0.393942,0.937086,-0.262935,-0.271611,0.337617,0.378984,-1.621380,-0.975815,1.203035,-0.423632,-0.124800,-0.353631,1.025695,0.293278,-1.656399,-0.568508,0.683389,-0.735727,-0.479519,1.110510,-2.100748,2.038479,0.816834
539,3,0.091779,-0.111520,0.584042,-1.004439,0.064368,-0.732969,0.960824,-1.033756,0.629587,0.291230,-0.931320,-0.480838,0.190322,-2.154988,-0.166055,0.970969,-0.007957,-0.089664,0.566884,0.536793,0.383826,-0.529023,0.116899,0.195315,-0.219247,0.927788,-0.853492,-1.169877,0.115511,0.129442,2.211218,-0.238661
540,3,1.369141,0.911562,0.936627,0.401999,1.149436,-1.217838,-1.849795,-0.842377,-0.287522,0.124427,-0.943954,0.316205,-1.032424,0.579617,-1.774953,0.401931,0.945028,1.028482,2.397249,-0.862118,-0.599415,-0.562457,0.284757,-0.106927,-0.650265,0.253046,0.309252,1.596744,1.084190,2.199906,-0.508886,1.080404
541,3,0.259873,-2.743727,0.173856,-1.038024,-0.397997,0.690537,0.754620,-1.415212,0.844856,0.463469,1.060798,-1.986640,-0.156082,0.406697,-1.090917,0.759298,-0.980428,-1.079517,1.183858,0.157436,-0.252514,2.027461,1.202336,1.244820,-1.945087,-0.289145,-0.618535,-0.009198,-0.394208,0.666725,-1.162494,-0.317664
542,1,-0.620021,-1.361696,-1.506712,-1.141113,-0.664635,0.857869,-1.256638,-0.430592,1.364748,0.754408,-0.627005,0.472409,-0.034112,-2.020237,0.108566,-0.617076,0.155421,1.480530,0.747696,1.027185,0.299858,0.577265,-0.393262,0.661522,0.861224,-0.611402,1.256894,-1.385846,0.954447,0.220793,-0.366943,1.209133
543,3,-1.002408,-0.193413,-1.767609,0.956461,0.969362,-0.252815,1.119998,-0.105398,-0.640073,-0.188739,0.860682,-1.234725,-0.831787,-0.926883,-1.246671,-0.500999,0.457990,-0.062060,0.316424,0.118121,1.023393,0.229322,-2.714158,0.151104,-0.037649,1.412246,0.788313,0.809986,-0.471921,-0.423433,-1.502895,0.022541
544,1,-0.541619,-0.091956,-1.366507,1.240354,-0.182708,-0.256909,-1.787260,-0.794606,0.716714,0.450383,0.634976,0.656552,0.731097,0.283509,1.576736,0.851589,0.136648,0.126902,-0.921783,0.641711,0.951035,0.695457,0.122934,-0.178344,0.747299,-0.640100,-2.312992,-0.228323,-0.723753,0.292153,-1.337682,1.646945
545,2,-0.226123,-0.744049,1.552816,0.055822,-0.396979,-2.663181,0.842044,-0.631773,1.493743,-2.466468,-0.552015,1.266764,-0.279286,-0.523476,0.176243,0.091474,-0.377180,-0.794646,0.297419,0.579143,1.416694,-0.288454,-1.285065,2.137435,2.554456,-0.374597,2.611783,0.804679,0.081922,1.706487,-0.629810,0.935072
546,2,-1.629210,0.484405,1.404732,0.178181,2.302119,0.170343,0.247156,0.071927,2.255209,-1.142821,1.557246,1.554596,0.326363,-0.566972,1.954189,0.543474,1.865645,-0.553149,0.096585,-0.878136,-0.702438,1.010718,0.376601,-0.315637,0.354789,0.412163,0.930632,2.019030,0.186715,1.348941,-0.559802,0.464579
547,3,-0.530346,-0.069150,-0.452259,1.566942,0.794995,-0.841086,-0.562556,0.806454,0.477412,-0.302243,-0.384690,1.753163,-0.935807,-0.727574,-0.216424,-0.859747,0.335983,1.037514,1.093342,0.649926,-0.562041,0.316424,0.422899,0.182486,0.562488,-0.404231,-0.122067,0.461574,-0.736592,-0.196743,-0.377458,-0.290980
548,1,0.343607,0.690465,-1.715594,0.905700,0.518386,0.529522,-1.415976,0.666603,-0.738020,0.364847,-0.420300,0.480506,0.061974,-0.339270,0.722544,0.188379,0.400130,-1.253439,-0.172135,0.652330,-0.104682,1.253121,0.349415,0.197257,2.411334,-0.034135,-0.299912,-0.005376,0.615831,0.273918,-0.652988,1.040859
549,2,-0.525030,0.223541,-0.290962,1.045535,1.706517,-0.196587,-1.521470,0.104327,-1.291319,-0.238279,0.604480,0.699326,-0.512310,-0.006947,0.717950,-0.180658,2.205348,2.208086,1.118017,-0.977225,-1.320772,-2.466379,0.366636,-0.719692,0.587267,-0.490579,-1.466541,0.405903,1.281097,-0.519522,0.008596,1.380348
550,0,1.029901,-0.646491,-0.048357,0.178080,1.744548,-0.499046,0.919713,-1.728064,0.750674,-0.949450,-1.679985,1.434098,-0.976726,-0.208428,-0.267943,-0.890848,1.142327,-0.983064,-1.125015,1.035507,2.455818,-0.444377,1.212386,1.394905,1.005402,0.428038,2.104046,1.199538,-1.376643,-0.391074,-0.431099,0.705564
551,3,-3.177304,0.671027,0.581518,-2.192369,-1.315580,-0.681330,0.470589,0.159718,0.452248,-1.161553,0.660739,-0.764717,0.690594,0.348370,1.622801,-0.007028,0.210777,1.411252,-0.173464,-0.506942,-0.975712,-0.760032,0.065469,-1.216941,-0.506652,-0.753695,1.362836,1.041792,-0.494169,-0.077643,0.870525,-1.482834
552,2,-1.357767,0.117866,1.326278,-0.297115,0.109881,0.894105,-0.499935,0.112795,0.659522,-1.194871,-0.137797,0.445585,-1.384284,-1.725701,-0.513579,-1.452853,-0.528760,-0.507102,-0.480734,-0.034284,-0.765361,0.752786,-1.468764,1.335127,0.678451,0.778767,-0.534596,-2.282680,-1.238945,1.271138,-0.447797,-1.087371
553,1,0.475530,-0.416109,-0.377493,0.578748,-0.686899,-0.659312,-0.020238,-0.100866,-1.942090,-0.094212,0.982699,-0.958088,-2.714430,-0.135801,-1.621134,1.359971,0.733352,-0.523233,1.151190,-2.299842,-1.046967,1.278656,1.785389,0.916715,1.286382,0.793897,1.422231,1.533094,1.343770,-1.115618,-1.791659,1.163472
554,3,-0.246900,-0.863138,0.947338,1.519458,0.285346,-0.507551,-0.022032,2.438070,1.283875,0.210225,-1.134763,0.549276,1.551699,-0.354842,0.293152,-1.609252,1.572294,-1.244077,-0.196497,-0.166398,0.406240,0.853954,-1.044301,-2.322095,-0.815645,-1.543046,-1.661872,0.876644,0.090404,0.608848,0.759599,0.025134
555,3,0.713694,0.040133,-0.583725,0.285552,-0.529795,2.562082,0.600251,1.145513,-1.657532,-0.857996,-0.601485,1.120284,-2.053103,-1.123218,-1.361847,-0.089610,-0.454413,1.233204,-0.269904,-1.733591,-0.019956,0.699911,0.167731,-0.543343,0.034839,-0.668830,0.240570,0.796474,1.492270,0.186508,-1.427709,-0.353127
556,1,-0.105880,0.838340,0.507506,0.032719,-0.119684,-0.140862,0.233734,0.883398,-1.985085,0.068023,0.136815,0.349431,0.212845,0.846347,-2.128303,-2.237816,-0.707403,-0.672801,-0.640030,1.643794,-1.229202,-2.100262,1.170818,0.885968,0.270673,-0.447850,-0.613717,-0.996451,-0.941760,0.319488,-1.214927,0.536662
557,3,0.146204,1.271745,-0.264251,0.330931,0.510122,-0.879378,-0.024453,0.769605,-0.397213,0.651576,0.762098,0.888802,-0.512532,0.575582,-0.483611,-0.423090,-3.327286,-1.111866,0.738796,-1.726725,-0.452109,-0.285750,-0.449648,-0.468859,-0.403542,0.360127,-0.234658,-0.349649,0.234220,0.630878,0.159177,-0.483877
558,1,1.566883,0.067546,-1.747410,1.451507,-0.587699,0.432543,1.150671,-0.190964,-1.376321,1.255615,-0.318192,-0.301911,-0.348528,0.104239,0.681536,0.215574,-0.640317,-0.924428,-0.979672,-0.352568,1.810841,-0.231349,-1.862825,0.830190,1.430908,0.724958,1.556685,0.209919,-0.328778,-0.339387,0.464336,1.464427
559,2,-0.651784,-0.543208,-0.432600,-1.115823,0.353816,0.403512,0.814585,0.644615,-0.241722,0.140583,-0.794744,0.829484,0.221929,-0.575957,-0.054940,1.544618,-1.750808,0.757813,-0.852214,-0.422763,1.230412,-0.187453,0.163499,0.049633,-1.229560,0.816837,-0.538512,0.995549,-1.830500,-0.184525,-0.596554,0.986927
560,3,-0.339714,-0.662588,0.705050,-0.077606,-0.743719,0.805130,0.622420,0.111433,0.228964,0.412734,-0.629036,0.981708,-0.198162,-0.647917,0.352939,0.653739,-0.310183,-2.245865,-0.433828,-0.442966,0.763939,-0.680126,0.879137,0.602050,-0.510545,1.562057,-1.055841,-1.087625,1.842242,0.874643,0.535865,0.071769
561,3,-1.706474,1.050032,1.292743,0.628973,-0.572939,-0.366710,-0.289671,-0.820291,1.574100,-0.676741,-1.538588,-1.098981,2.087157,0.026362,0.064822,1.362390,-0.629340,0.098051,0.245490,-0.212747,-0.517092,0.801961,-0.157879,-0.429050,-0.614972,0.077103,2.127229,0.302251,1.673279,0.758837,-0.291219,0.242604
562,3,-1.996605,0.955105,0.393316,1.291553,1.140849,-0.110496,0.649143,-1.339845,0.278842,-0.316138,2.327514,-2.791706,0.378400,-2.149581,2.067775,0.920968,-0.256407,2.080858,0.212013,0.949931,-0.495750,-0.284022,0.881994,-1.671934,-0.961610,-0.152795,-0.635241,-1.298039,1.363752,-0.899328,-0.117758,0.577212
563,2,-0.564924,-0.763065,-1.677014,-0.920655,0.995890,0.735730,0.662482,0.150547,0.145819,-0.322370,-1.521126,0.530712,-1.777750,-0.701691,-1.002096,0.483078,1.340326,-1.136915,2.080218,-2.006097,-1.136508,-1.114375,-0.790925,1.511367,0.681248,-1.479691,-0.044014,2.240499,1.823511,1.874774,0.499395,-1.103723
564,3,-1.325978,0.330462,0.429155,-0.486719,0.717269,-1.663734,-0.115449,-0.236012,-0.028278,-0.575033,1.111503,0.055308,-0.472946,0.063903,-0.721105,1.121456,0.427612,0.291927,0.302094,-0.931230,0.540796,2.628651,0.231865,-0.416799,-0.552114,0.545028,0.133722,-0.186989,0.017023,1.370402,-1.011824,-0.009975
565,0,0.071768,-0.640344,1.604657,-0.228250,0.172718,0.854185,-2.078187,0.334754,-0.106908,-0.533213,-1.052063,0.370154,-0.144563,0.170389,1.975902,0.964972,-0.536046,0.930350,-1.004867,-0.026592,1.195707,-2.076794,0.897140,0.520895,2.519602,-1.039309,0.305673,0.163126,-0.072241,-0.781085,2.807349,-1.176457
566,0,0.722609,1.385467,-0.020446,1.224372,-0.072396,0.307204,0.772099,-1.529086,-0.099888,-0.718274,-0.600583,-0.697763,-0.338073,1.001188,-0.237971,0.981830,-0.242351,0.430962,0.798125,0.239540,-0.008360,1.245904,-0.136669,-0.504939,-1.031585,0.354978,1.609640,0.498327,0.189492,1.209329,-0.405254,-0.361641
567,0,1.110686,1.483359,0.803787,0.006676,0.653222,0.130464,0.300983,0.548010,-0.688682,-0.557863,1.045464,-0.685172,-1.025505,-0.405657,-0.312680,1.168321,-1.049946,-0.288993,-0.565652,1.024970,0.159960,0.326354,0.174834,-1.092370,0.276968,-0.518422,-1.072166,0.322464,0.114745,-1.584808,-0.804499,0.052969
568,2,-0.682541,0.205870,0.767019,1.794926,0.284601,-0.264904,0.926600,-1.406662,2.075210,-0.837597,-1.800475,1.580148,1.469073,-0.096675,0.461509,1.612058,0.660655,-0.140064,-0.897000,0.546894,-0.849396,1.505791,0.792359,-1.388652,0.174309,-0.392206,0.077253,0.554587,0.408362,0.310290,1.227419,0.505687
569,1,0.205390,-0.409131,1.099993,-0.627307,-1.379313,-1.409391,-0.557317,1.498321,-0.826741,0.605070,0.137220,-1.618282,-0.087933,-0.093380,0.146579,-0.120215,-0.827599,0.122321,1.277596,0.643227,0.950097,-0.711055,-1.060270,-1.541647,1.648447,0.136165,-1.081336,0.616783,-0.809549,-0.032136,0.671106,-0.643124
570,0,2.288462,0.522234,1.646897,-1.250461,-0.166716,-0.273614,-1.349522,-0.172922,0.644437,2.007548,0.884162,0.702365,-1.341616,-1.091144,0.086824,1.209705,-0.151892,0.807775,0.532542,2.132846,1.055953,-0.725468,1.046250,-0.597507,-1.801387,0.499158,-0.346636,-0.948042,-1.672336,0.201312,0.245564,-1.008822
571,0,0.382093,0.819719,1.014199,1.352042,0.509167,0.332688,-0.339454,2.183103,-0.966423,-0.636407,-0.399811,0.244195,-0.515000,0.340626,1.428398,-0.594764,-1.236703,0.592452,1.166368,0.613507,0.139181,0.457831,0.188274,-1.101377,0.135616,-0.312090,-0.246781,-1.387468,-0.389854,-0.038970,-0.280652,-0.955123
572,2,-0.369758,0.802141,0.469181,-0.128795,1.430809,0.248489,-0.083396,-1.539518,0.298390,-0.397096,2.219499,-0.959844,0.347215,0.775126,0.790761,0.202546,0.866106,-0.238087,0.164330,-0.685299,-1.451054,-0.566558,-0.722323,-0.282295,0.012648,0.018513,-0.587285,0.524492,0.586752,0.086098,0.134763,-0.167720
573,3,0.598502,0.692579,0.047299,0.361184,-0.304372,-0.962688,0.287080,-0.549981,1.694909,-0.761192,-1.369695,0.003370,0.672864,-0.722889,-0.710830,-1.181802,-1.016718,-0.984297,-0.265442,0.282957,-0.556247,-0.164081,0.100924,-0.185946,-0.081933,-0.578059,0.222757,0.307763,-0.086326,-0.686863,0.526237,-0.837233
574,2,0.303106,-1.108363,0.830458,-0.374927,-0.698408,0.250794,-0.341001,-0.113412,-0.823926,0.885591,-1.461178,-0.642233,0.512859,1.051144,-0.513191,-1.671361,0.787730,-1.293636,1.307576,-1.246605,1.010600,-0.743101,1.265441,-0.387702,-0.225213,-1.557213,-0.749583,-0.851648,-0.218893,-0.105332,0.720436,-0.532135
575,2,-0.056790,0.660976,0.577068,-2.043192,-1.036741,0.015511,0.520644,0.540071,-0.449985,1.937511,-0.311173,0.051871,0.795893,-0.053342,-0.172032,1.761472,0.678625,0.580597,0.387403,1.055696,-0.507519,0.737500,0.747248,-1.216198,-0.082054,1.382393,1.032482,1.399544,1.244960,0.092948,-0.244345,0.166791
576,3,-1.742128,1.024912,-0.378865,2.353626,-0.711783,-0.614726,-1.418063,0.052905,-1.758641,0.452115,0.564352,0.212977,1.934911,1.451067,-2.058387,-0.105906,0.840826,0.215733,0.970392,1.343118,-1.262685,0.538383,-1.036940,-0.359544,-1.766773,0.621739,-1.106017,-1.443308,0.387552,0.715166,-1.667464,-0.487493
577,2,-1.242394,0.550728,1.020753,-0.490514,-0.663777,0.515551,0.086005,0.160423,-1.109757,-1.123579,0.825540,-0.041743,-0.103157,0.159751,0.144507,0.193542,0.165825,0.457658,-1.340610,1.140586,0.338502,-1.535941,-0.895464,-1.117786,1.700573,0.361763,0.988188,2.037717,-0.065064,-0.052522,0.098858,-1.964652
578,0,1.346120,0.635620,0.407831,0.380684,1.129480,1.431852,0.586695,-0.182705,1.472013,0.160571,-0.557367,-1.838259,-0.219907,0.491981,0.471774,-0.440309,-0.641227,-0.354186,-0.437478,-0.012556,0.227911,-1.725640,-0.849214,1.283782,-0.464787,1.031283,0.116994,-1.079641,-0.193516,0.768512,0.054272,0.163005
579,3,1.256589,0.982490,0.761044,0.696270,-0.066629,-0.201957,-1.653797,-0.546856,-0.560656,-0.306717,-1.077955,-0.296548,1.850233,0.107439,-0.192638,0.732757,1.068509,1.075996,0.561641,0.599997,0.393440,-0.374746,-1.212429,-0.350091,0.746073,0.862871,1.633765,1.194491,-0.351670,-1.111232,0.400168,-0.063173
580,1,0.646106,2.566860,1.310001,0.061580,-0.691950,0.387988,0.357001,0.245268,-0.949711,-1.451941,-0.133740,0.826774,0.939124,0.107369,1.496217,0.191051,-0.501646,0.693275,1.432482,-0.787103,-0.066114,1.279765,-0.063886,0.339712,1.108861,0.191634,-0.376894,-0.327994,0.195866,-1.537612,0.519310,-0.433296
581,3,0.237014,-0.613539,-0.193439,-0.562506,-1.144075,-0.306141,-1.000599,0.148149,1.163440,-0.445092,0.396996,1.604980,-1.171454,-0.059860,0.503206,-1.197625,0.523593,0.539533,0.387298,0.622134,0.245587,1.474175,-0.973302,-1.067467,0.299290,-2.266882,0.632287,-0.052252,-0.744603,0.146914,0.360539,0.179920
582,1,0.472351,-0.425626,1.512455,1.070622,0.283696,-1.153733,-0.465523,-1.246256,0.932506,-0.271718,-0.552028,-1.124312,0.642572,-1.131806,0.881802,0.657337,1.843493,0.043564,0.179515,2.414479,0.596673,-0.113842,0.023536,0.808254,2.176220,-1.685724,0.907300,0.784534,-0.471614,1.354323,-0.585045,0.682974
583,3,0.186225,0.085393,-0.618020,0.303364,-0.476774,-0.193530,0.634031,0.486558,0.232455,-0.114050,1.549521,1.643084,1.307159,1.013245,-1.655568,-0.397904,-1.347826,0.448318,-0.178513,-0.076570,-0.113531,-1.313480,1.402102,1.060537,0.516498,0.040470,1.477519,-0.355278,0.319973,-0.620858,0.588475,-0.174324
584,0,-0.243162,-1.182370,0.618432,-0.527478,1.426951,1.092069,-0.799954,-0.410127,0.299931,-0.023721,-3.258046,1.515792,-1.103220,-0.218302,-0.399038,-0.970132,-0.581758,0.063264,-0.076833,2.184124,-0.786187,-0.807693,-0.674708,-0.852615,0.347032,-0.134330,0.303855,-1.089120,0.585334,-2.054681,0.060474,0.051641
585,2,0.673076,-0.836198,-0.583662,-0.501487,-1.656641,-2.691084,1.522520,-0.757720,-0.170324,1.638779,0.575386,1.432993,0.676190,0.651186,-0.137373,0.742298,-0.084134,0.348325,-1.211223,-0.814381,-0.477650,-0.733451,0.052101,0.604230,1.805688,-0.492991,0.147101,0.992866,1.484015,-1.549955,-0.122678,0.239027
586,0,0.814124,0.731811,1.271932,0.190828,0.747910,-0.143613,0.105243,1.482746,-0.213352,0.884073,-1.041673,0.134606,-0.610757,1.008372,1.162556,-0.609098,1.218071,-0.731209,-1.145715,1.648563,-1.158656,0.310346,0.016884,-0.834955,-0.472246,-0.647010,-0.098199,-1.428966,-0.007265,-0.682769,-2.341258,1.107998
587,3,-0.851393,-0.172914,0.030718,0.621158,-0.600379,0.244022,-0.450801,1.615688,-1.437822,-0.329560,1.664975,0.546950,-1.239279,1.139402,-1.921916,0.995513,-0.895341,1.125603,-0.972472,-1.012272,1.436080,-1.027928,0.487082,2.150841,0.568670,1.064914,1.402954,-0.153824,0.001994,0.200718,-0.316797,1.326716
588,1,0.178638,1.372180,-1.245941,1.826019,0.077888,-0.107951,0.266962,1.247281,-0.612629,-1.109752,0.991113,1.047664,1.397309,1.516557,-1.169023,-0.889142,0.231914,-1.113540,1.758586,0.606866,-0.372959,-0.000484,-2.135886,0.392440,-0.502965,0.189279,-0.797138,0.611111,1.342285,-1.096451,0.180965,-0.105836
589,3,0.785898,1.943841,-0.625971,-0.767495,0.404655,-1.498204,1.253123,0.843273,-0.371257,-1.705044,0.897340,0.331685,0.657221,0.371447,-1.552599,0.788900,-0.121868,-0.854010,0.002863,0.873849,-1.743049,-0.252498,1.930357,-1.207748,-0.039974,-2.419378,1.068171,-0.241603,0.125042,-0.403993,-0.464269,-0.983531
590,3,-1.556329,-0.202977,-0.104135,-1.806405,0.938291,-0.601691,-0.780096,-2.144298,-0.649150,0.507374,0.963087,-0.110585,-0.014580,-1.247032,-0.280604,0.644603,1.248705,0.887467,-0.448301,-0.236525,0.014133,1.071553,-1.495929,1.161427,-0.075338,0.383818,-0.846233,0.594074,-0.248528,0.604491,-0.437553,-0.529221
591,1,-0.132409,0.634016,-0.094059,-0.541907,0.245955,-1.932832,-1.082247,-0.568517,0.920645,-2.095922,0.302959,0.430104,-0.191956,0.154682,-0.362235,-0.961258,0.058921,0.001560,0.345674,0.297802,1.208353,-0.471002,-0.273968,0.375707,-1.096638,-0.482602,-0.223843,-1.185336,1.534485,-1.674352,0.280611,-1.398784
592,3,-0.269481,-0.723588,0.546284,1.050357,-0.607320,0.238141,-1.306200,-1.878556,-0.731952,1.016955,-0.301083,1.866803,-0.680964,-0.265694,1.290039,-2.090402,0.337336,-0.025716,0.133725,0.722661,-1.831814,-0.020748,-1.071968,0.056635,-2.422026,0.234826,-0.313006,-1.416271,0.089959,0.126698,-0.799354,0.543378
593,2,1.683693,-1.805729,0.959885,1.591363,1.018158,-1.058445,-0.442785,0.321374,1.352121,0.255565,1.048243,0.465656,0.131256,1.325710,-0.330814,1.137907,-1.099317,0.199890,0.005911,0.061358,-0.416483,-0.593291,-1.164062,-1.427241,-0.966149,-0.152833,-1.307106,0.279517,1.867084,-0.583561,-1.989890,-0.069294
594,3,-0.972787,-1.203418,-0.113727,-0.634453,-1.813389,0.860998,-1.119673,-0.411253,0.537935,2.859646,-0.436334,-0.571692,-1.437412,0.403113,0.321302,1.014809,0.605362,0.026609,-0.289071,-0.239905,-0.215527,1.528678,-2.208560,1.688663,-0.969085,1.387668,-0.687277,0.938590,0.641446,0.274982,1.065252,-0.202855
595,3,0.555481,1.066802,-0.012666,1.710330,0.102151,1.560173,0.169877,1.115954,2.291719,1.958235,1.628959,-0.762683,-1.679593,-0.166168,0.066602,0.615468,-0.063622,0.292490,1.565152,0.649761,-1.381694,0.066778,0.757045,-0.155694,1.373219,0.435757,-2.781448,-2.398547,-0.175061,-1.216248,0.044057,2.906071
596,1,0.100211,0.408573,0.508253,0.485543,-0.527665,-0.209148,-0.082103,-2.110765,0.776258,0.631858,1.182037,0.164940,-1.257472,0.315446,-1.218222,-0.071032,0.504635,-1.895378,-0.507691,-0.146061,-0.029006,-0.491225,-1.159415,1.070571,-1.325522,-0.227055,-1.404029,-0.134194,1.052123,0.354304,-1.721475,1.964955
597,0,0.328684,1.350431,0.712568,0.550235,1.445675,-0.462434,-0.730840,-0.712604,0.265444,0.021904,-0.271623,1.802288,0.091638,-0.156770,-0.623446,0.537486,1.313032,-0.267437,0.402234,0.518015,-0.164683,-1.080787,-0.157921,-0.094377,0.495957,0.356213,0.610736,0.047933,-1.069282,0.313700,0.481099,-1.464393
598,0,0.572282,0.335454,0.744452,0.400631,0.117465,0.359572,1.062626,-0.684922,-0.566016,-0.816454,-0.973427,-0.404316,-0.969366,0.256843,0.321078,-1.446314,0.246489,0.140571,-1.949833,0.109060,0.134223,-1.040705,-0.854052,-0.417116,0.300858,0.397448,-0.206657,2.491907,0.725170,-1.503798,-1.533098,0.170253
599,0,1.104393,-0.340192,-1.423700,-0.383358,-0.484003,0.880966,-1.609310,-1.272676,-0.105567,0.026957,-0.104028,0.657757,-0.208387,-1.609013,-1.148341,0.637256,1.406902,-0.447294,-0.822262,-1.173643,0.078790,-0.268633,-0.157948,-0.790727,1.450524,-1.625371,-0.423450,1.508442,1.058182,-0.016875,0.506282,-0.625066
600,3,1.542470,-0.268013,-0.626321,1.222053,0.127737,-0.650758,0.149587,-0.348507,0.847527,-0.801686,-0.066465,0.591968,0.904366,0.148294,-1.406398,-1.742645,-0.490754,-0.083153,-1.031185,1.653477,0.240424,0.233341,-0.784161,0.227208,-2.283381,0.126795,0.299195,0.312720,-0.764196,-0.779346,0.027395,0.260438
601,1,-1.085976,0.200845,3.155528,-0.376782,0.586148,-0.914102,-2.068960,0.296152,0.913281,0.326559,-1.155023,-1.343006,-1.941007,-2.302680,1.624844,0.135386,0.968373,-0.961757,-0.497207,-0.234356,0.776063,-1.611984,0.692938,0.213378,1.628201,0.501832,1.454358,-0.052503,1.813202,-0.624543,1.236838,-0.705209
602,2,0.985862,0.122127,1.832209,0.130143,-0.422664,0.037176,0.596779,0.241290,-1.594259,0.089345,-0.300989,-1.669227,-0.748408,-1.485618,1.235184,0.479031,-0.542473,-1.724145,0.184840,-0.519849,-0.215815,-0.069708,0.040940,-0.303995,1.309670,0.695584,-0.465540,-0.605293,0.381256,0.280074,1.073860,0.239349
603,3,0.031433,-0.502385,-1.659003,-0.194002,-0.987011,-0.580706,-0.073510,0.040020,1.059739,1.265933,-1.960756,0.231368,1.816944,-0.588053,1.294963,1.818930,2.245555,1.278445,2.042623,0.123781,-0.455178,-0.474395,0.109829,0.616988,1.380976,1.149938,-0.627553,-1.241552,0.019677,1.340863,-0.012366,-0.021657
604,3,-1.053807,-1.141520,-0.308434,1.456346,-1.580315,-0.424432,0.068153,0.853011,0.123498,0.419393,-0.635363,0.698063,0.389417,-2.365622,-1.110003,-0.355703,0.424460,2.149000,-0.980989,0.871202,-1.478779,0.900924,-1.582004,-1.812578,0.188834,-0.907059,0.440068,0.209441,-1.305643,0.021715,1.298212,1.224065
605,2,-0.048276,1.264567,-1.472530,0.551773,-0.508162,-0.979774,-0.435004,-0.782013,-0.636326,1.351080,-0.037727,0.160482,-0.537561,0.362340,-1.147671,1.712813,0.261932,0.759596,0.427570,0.068328,-0.121882,-0.339938,1.267647,-0.726089,-1.802576,-0.975658,-1.975165,0.335842,1.855180,0.834079,-0.183771,0.662754
606,0,-0.810965,-2.171436,-0.890417,-1.493098,-0.436025,0.375792,0.030992,-1.017733,1.563057,0.812159,-0.416758,0.004545,-0.063731,-0.072633,1.033432,-0.393747,0.213417,1.064022,-0.413006,-1.108965,0.619115,-1.800771,-0.247360,-1.476341,1.469552,-0.364928,0.951364,-0.203711,1.657350,-0.077680,1.674587,1.018710
607,0,-1.947662,0.636316,1.544011,0.071493,1.931909,-1.287713,0.337289,-0.365668,0.926736,0.524041,-0.995715,1.028599,-0.908288,0.333018,-0.605439,-0.746583,0.004723,1.151703,-1.873187,-0.123327,-1.899382,-0.302040,0.141238,0.357241,-0.588002,-1.665561,0.007033,1.010520,-0.041578,0.250415,0.338487,-0.044757
608,1,1.589238,0.922451,-1.203401,-1.509404,-1.237694,-0.163397,1.490916,-0.619040,-0.777437,0.708831,-0.318061,-0.020749,-0.644889,-1.248280,-1.614761,1.189849,-1.582581,0.038502,-1.092373,0.454649,-1.330445,1.762739,0.553570,-0.132412,-1.312966,0.657045,-1.832087,0.292339,-0.651753,1.568879,0.804727,0.876826
609,3,0.559259,-0.402456,0.597159,-0.518835,-1.346121,-0.524500,0.976797,-0.254820,-0.362242,-0.575675,1.187353,1.226334,1.374236,-0.826901,-1.256004,0.673641,0.824641,-0.841446,-0.792854,-1.020693,1.160781,0.208470,0.674424,-0.277187,0.543692,-1.827986,1.088483,0.638072,-2.043915,1.118025,0.976903,1.172442
610,3,2.592711,0.802915,1.765619,1.720868,-1.148282,-0.420561,0.296702,-1.117427,0.744391,-1.379291,1.243366,-0.513047,-0.864402,0.308554,-0.148286,0.303526,-0.777229,0.880640,0.396169,-0.793493,-0.772722,-1.356059,1.227231,0.677022,-0.631448,-0.750655,0.507239,-0.003064,-1.485778,0.096222,0.954579,-2.792241
611,1,-0.359341,1.622452,0.569279,1.148831,-0.195639,-1.485534,0.932520,-1.352308,-0.819941,-0.955687,0.936116,-1.080044,0.221617,0.428778,0.210496,0.013985,0.954735,-0.271234,-1.279819,-0.926896,-0.454613,-0.279000,-1.106958,0.001872,0.381874,-0.540179,0.730497,-0.397477,0.065412,-0.837671,-0.152938,0.831613
612,0,1.381348,-1.076399,0.154333,0.953299,-0.313627,-1.288532,0.851887,-1.161648,0.436419,0.725570,-0.639212,0.529363,0.022254,0.246431,0.123510,1.790332,-1.441696,0.553378,-0.882782,-1.121871,-1.822518,0.130893,0.148245,1.352097,0.166451,-1.165282,-0.430170,1.114982,1.678723,-0.027095,0.667286,0.801803
613,1,-0.092028,1.801966,0.583344,-0.744853,-0.649208,1.222480,0.967076,-0.340528,-0.542993,0.028082,0.716103,-0.038330,-0.188879,0.023064,-0.028280,0.794755,1.748808,0.012532,0.576200,-0.576886,-0.959416,1.321650,0.553621,0.892180,0.233116,-0.317478,1.457544,2.038433,-0.177900,0.898600,-0.213353,1.453034
614,1,1.594488,-1.126195,0.050330,0.125896,0.279639,-0.125183,-0.909086,-0.056129,0.658394,-0.516640,-0.683334,0.559976,1.073664,-0.456775,0.187549,-0.229293,0.511622,-0.851857,-0.382888,0.182895,0.878677,0.473434,1.531210,0.556427,0.336405,-0.562267,-0.483738,-1.135252,-0.338088,-0.080272,0.482533,0.478043
615,0,-0.894421,0.933018,1.956033,0.220542,-0.534450,0.492413,0.038994,-0.524998,1.745262,-0.228445,0.051884,-0.852644,-1.514170,0.855918,0.188796,-0.546455,0.621240,0.243144,0.128837,0.135671,-1.212765,0.023968,1.579976,0.295133,-0.165775,-1.456834,-1.627919,-0.541811,0.626575,-0.052379,0.422660,0.239419
616,0,1.026166,-1.769111,-0.268388,-0.324200,-0.518167,-1.158149,-0.623778,-1.225494,0.044882,1.738379,1.812225,-0.556860,1.834041,-0.245266,0.192225,-0.207861,-1.565014,-1.516872,0.430504,-1.888937,0.690083,0.175344,-1.023683,0.330949,0.330015,-1.074240,0.169197,1.040222,0.375734,1.408895,-0.453597,-0.214908
617,1,0.307512,1.843439,0.105862,-0.704845,-0.068300,-0.887726,1.353069,0.352428,-0.577869,-0.876599,-1.401926,0.360735,0.356737,-0.583814,-0.629735,-0.143097,-0.789260,0.971383,-1.075611,0.823094,2.439904,1.184729,0.080358,0.302604,-0.054644,0.673009,-0.060676,-0.363699,-0.472716,-0.543397,0.674711,0.047876
618,0,1.136563,0.317518,1.961662,-0.893266,0.915874,0.263761,-0.633895,0.241759,0.204970,0.355907,-0.104334,-0.662521,-0.239520,-0.057750,-0.700992,0.793922,0.726372,0.347012,0.609196,1.076603,0.632509,0.411082,-0.388563,0.061823,-2.282894,-0.275041,-1.065581,0.771429,-1.295581,1.267403,1.185941,-1.849114
619,3,-0.323890,0.606284,1.646256,-0.599237,0.573272,-0.909205,-0.138561,0.190455,-0.377622,0.530909,0.280461,1.505908,-0.659312,0.272936,-0.776253,0.950527,-0.015651,-1.026607,0.035375,-0.061046,0.331099,-0.663772,0.228149,-0.778834,2.276346,0.003556,0.354835,-0.710405,-0.629099,1.203172,-0.487917,0.254326
620,2,-0.187974,0.335453,1.970212,0.576597,-0.009873,-0.983101,0.319758,2.564235,1.811392,0.783629,1.030986,1.057864,-1.073595,1.358510,2.426344,2.185580,0.264082,-0.869122,0.451158,0.542562,-2.277627,0.700406,0.606989,-0.441287,0.644851,0.419652,-1.732639,-0.696976,-0.918164,-0.934277,-0.078596,-0.048697
621,1,0.248433,-1.157156,-1.811624,0.620466,-0.787664,-0.329712,-0.816172,-1.678980,0.695346,2.022876,0.847435,-0.000034,-0.431073,-0.177843,0.167586,0.201517,0.999303,0.457329,0.249803,1.094800,-1.273335,0.339628,-0.006258,0.646337,0.415637,-0.045060,1.809611,1.264535,0.436239,0.947058,-0.912471,-0.469663
622,3,0.597691,0.062733,2.250351,0.282241,0.535748,1.576856,-0.004547,-0.255243,0.463651,-0.759244,-0.444729,0.575282,0.505182,-1.279873,1.454243,-0.092088,-0.943702,0.213427,-0.324555,-1.115151,-1.181664,1.199721,-0.513339,0.120589,-0.666504,-0.725646,-0.650391,-0.599432,0.280369,-0.343239,1.219877,-1.378610
623,3,0.853374,-0.177256,0.494785,-0.330176,0.572255,1.877782,1.415013,2.189076,0.074648,0.513658,1.449756,0.581564,-1.192794,-0.851426,-0.579470,1.740806,-0.065430,0.538099,-1.109029,-2.100933,-0.982490,0.093872,0.752292,-0.901775,-3.275773,0.669790,0.751121,-2.457634,0.794560,-0.992113,-0.056906,-0.813970
624,1,-0.369691,-0.271851,0.305259,0.525049,-0.470318,0.094188,1.210933,-0.555103,-0.553104,2.731005,2.774570,1.307264,0.120235,0.128737,0.045980,0.270985,-0.766583,-0.294994,0.020974,-1.303909,1.392356,-0.826938,0.683636,0.618210,1.114419,0.660425,-0.145530,0.912769,-1.552975,0.532182,-1.556668,0.720200
625,3,0.823505,-0.326030,0.084995,2.072573,-1.250542,-1.328939,0.123723,-0.102074,-1.236623,0.933004,-1.158051,-1.484672,-1.524671,-0.116460,-0.107512,-0.236566,-1.364460,-0.797332,0.560756,-0.410188,-0.219402,0.439370,0.872835,-1.650298,-0.103627,-0.035031,1.161030,1.121659,0.098855,1.203454,-1.795593,0.250397
626,2,1.397800,-0.310039,-0.319642,-0.810507,1.553422,0.239159,1.252379,1.581070,2.091562,-2.093044,0.880937,-0.246732,-0.099690,1.372182,-1.366711,-0.380474,-1.027220,1.280054,0.952486,0.562609,-0.871316,0.432619,-1.626971,-0.749374,0.611845,-0.704570,0.488452,-2.138345,0.097083,0.146303,-0.803717,0.710515
627,0,0.657405,-1.341512,-0.772622,-2.263058,-0.853290,-0.630724,1.174378,-1.020767,0.601108,-0.096901,-1.993025,-1.143659,-1.898726,-0.432592,-1.941902,0.101695,0.257885,0.765162,0.194724,0.043646,-0.069174,-0.719618,-1.276975,0.801361,-0.424184,0.115221,0.065715,-0.914065,0.180757,-0.627614,-0.424819,1.600228
628,0,1.437441,-0.111000,-0.322574,-0.518514,-0.186871,-0.142054,-3.338927,-0.203946,0.942738,-1.224878,0.306791,1.373541,0.822416,1.250597,-0.125147,-0.023862,-0.388975,0.642651,0.783476,0.982825,-0.019078,-2.459099,0.362284,-0.595090,-0.650971,0.372855,-0.218090,-0.823478,-0.517906,0.844200,-0.873036,1.481683
629,2,0.755182,1.237137,3.314750,-0.028492,-0.496212,-0.053319,-1.009616,0.582635,0.975086,1.052989,-0.949575,-1.275756,-0.449886,0.349141,-2.255267,0.681436,-1.620187,-0.270688,-1.665687,-0.687490,1.448405,-1.130001,-1.127408,-0.506578,-1.308870,0.267265,0.574432,0.705761,-0.586892,0.179531,0.644559,0.298579
630,0,0.075794,-0.566425,-0.900120,1.644105,-0.692939,-0.461446,-0.112779,0.238028,-0.227499,-1.006152,0.931632,1.891128,-0.180249,0.636200,-0.961426,1.158278,-1.349069,-0.339199,0.115114,0.068408,-0.145558,1.061211,-0.904246,0.674216,-1.976167,0.017891,0.578128,-1.528461,0.646717,-0.759137,-0.454729,-0.549890
631,0,-0.006024,0.159555,-0.287182,0.527468,-0.155431,0.678720,0.835848,-1.478239,-2.080065,1.576829,-1.715751,-1.326409,0.542604,1.448884,-1.574829,-0.831069,0.099691,0.328676,0.423621,0.446852,0.695661,-0.607624,-0.883232,-1.843212,-0.791691,-0.837253,-1.069424,-0.933260,0.375216,-0.279195,0.280214,0.222094
632,3,-0.628532,0.497665,1.337305,0.526509,-0.024167,0.630078,0.494880,-0.816975,1.482969,0.474548,-1.640921,-0.066724,-0.878668,-0.297629,-0.395767,1.178581,2.272154,0.186008,-0.806291,-2.259915,0.186282,-1.177814,-0.052771,0.153741,1.771587,0.969555,-0.345535,0.296432,-1.288399,-0.125557,0.044284,0.132593
633,2,-0.074830,-0.772963,0.170411,2.547640,0.593151,-0.322985,0.505903,-0.407498,-0.862965,0.347396,-0.833579,-0.401701,0.519220,0.353092,1.877653,-1.978523,-0.160710,0.237375,1.691531,-0.180005,0.185538,-0.482994,-1.176150,0.845879,-0.626728,-0.457998,1.107193,0.993402,-1.220932,0.906017,1.570509,-0.128464
634,2,1.389013,-0.696953,1.731083,0.438193,-0.954954,-0.752918,2.256260,-0.865364,2.872484,-1.268223,-0.285539,0.626536,-1.281948,0.548808,-0.090351,2.425205,-0.177872,-0.339346,0.342589,2.215673,-0.934128,1.145521,1.415236,1.160350,-0.765704,2.401567,-0.553463,-0.070631,-0.856189,0.161113,-0.412251,1.118344
635,3,-1.255187,-0.313096,-0.024375,1.576302,1.337487,-0.437443,-0.571187,1.240165,-0.904523,-1.424358,0.021726,-0.945490,0.181899,-1.547360,-1.022511,0.193379,-0.047572,-0.221775,1.632406,0.144653,0.755745,-0.246065,2.239631,-0.822620,-1.080353,1.167729,0.891771,0.071239,1.372426,-0.874237,0.427535,1.311237
636,2,1.096402,0.178466,-0.600225,1.656482,-0.457309,0.845991,1.514766,1.378181,1.095531,0.300313,0.915690,-1.124074,1.648545,0.863679,-0.957123,0.952006,2.272782,1.257194,1.227863,1.600320,1.693874,1.347191,-0.067136,0.526831,1.870809,-1.813189,1.469456,1.380007,-0.683053,0.242487,1.819601,0.385919
637,1,-0.837073,-1.121075,0.867547,-0.143841,0.341292,-0.526673,0.195288,0.395338,1.722176,0.117169,1.059564,1.251585,0.004531,-0.161190,0.091148,2.417784,-0.227297,0.163180,0.181272,-0.541535,-0.478349,0.198913,0.008459,0.522514,-0.450176,-1.344120,0.936287,1.392342,-0.400187,0.115383,-1.178990,0.104880
638,3,-0.102175,0.174698,1.053701,-0.392530,-0.641910,-1.920659,-0.378411,-0.632955,0.839141,-1.117477,-0.052030,0.031348,-0.613759,1.431801,0.579639,-0.375503,-0.750134,0.716550,-0.808739,-0.789397,-1.345808,-0.622989,0.896606,-0.755772,0.448848,-0.659814,-0.486671,1.018566,-0.412348,0.427611,0.173185,-0.529230
639,2,0.910275,-1.516561,-0.794869,0.902617,0.432793,-1.559977,-2.047661,0.203080,-1.469169,-0.891798,0.925954,-1.285210,0.394181,0.090602,1.861199,0.573932,0.416112,0.345627,-0.586814,-0.194998,0.956184,-1.188307,-1.307936,2.375434,0.240507,0.532386,-0.341485,0.034454,1.119039,-0.590028,-0.094355,1.115041
640,3,0.005410,2.017843,-0.858048,1.314631,-0.361556,0.715569,-1.688483,-0.537698,-0.147760,-1.264142,-2.198635,-0.109873,0.324511,-1.004854,-0.626865,-0.583712,-2.034240,-1.325871,-0.861046,1.364263,-0.666937,-1.063650,-1.577539,1.884598,-0.385558,-0.591831,0.291932,-0.570955,0.194647,-1.248713,0.807472,1.217171
641,1,-0.571255,1.911989,-1.650180,1.332556,-0.452029,0.503228,0.885465,-0.991981,0.636319,-1.443453,0.780873,-1.309034,1.043527,0.313947,-0.147607,0.620386,1.110635,0.293038,0.784863,0.592171,0.767977,-1.481913,1.581638,0.109940,-0.780096,0.752889,-1.885688,-1.074580,-0.408292,0.490712,0.257576,-0.074237
642,0,-0.665282,-1.498127,-0.741985,0.881938,-0.809029,-1.479239,0.339469,-0.739261,0.094417,0.602025,0.586911,-2.085544,2.239450,-0.177318,0.526767,-0.916615,0.138967,-2.063577,0.792006,1.538087,-0.226662,-0.952791,-0.463665,1.127260,-0.671043,-1.679174,0.305886,1.878558,-0.425733,-0.107342,-0.488254,-0.007091
643,2,0.551142,-2.630985,1.195751,0.280288,-0.573648,-0.883586,-1.420919,0.572833,-0.153524,0.324710,-0.939537,-0.659508,-1.075160,0.000468,0.600020,-2.738380,0.618638,-1.328532,-1.627627,2.316995,0.529563,0.945098,-1.689250,1.007944,1.335311,-0.352137,-1.247551,0.054721,-0.683762,-1.130348,-0.559770,1.907767
644,2,0.342711,-1.735602,0.278437,0.952188,0.299395,0.189106,-1.137773,0.023844,-1.208603,-0.006912,0.478804,-1.517009,0.169479,0.307364,-1.312636,-1.176009,0.581381,0.430390,0.710737,0.112994,-0.854827,1.247980,0.639333,1.210700,0.413081,0.247803,1.238819,0.094349,0.372905,-0.038271,0.673222,0.950018
645,2,1.148422,-0.631397,0.526062,0.355293,0.704780,-2.174244,-0.471683,0.468137,-0.984923,0.954234,0.739680,0.102253,-0.848334,-0.740013,-1.725347,0.795221,-0.774825,-1.903284,-0.098248,0.238358,1.545958,-0.839966,-0.325707,2.343603,-0.471610,0.656209,0.793657,1.229412,-2.838915,-0.070076,-2.208297,-1.418394
646,3,-0.060512,-1.552687,-0.053793,-1.212954,-0.593104,0.955458,0.315170,-0.774757,1.913238,-1.369964,-1.175843,-1.787359,1.189878,-0.273347,-1.368770,0.092640,-1.224103,-0.913018,-0.285641,2.280467,-1.046591,-0.581252,0.017425,-0.976946,1.575391,-0.785894,-0.697675,1.551036,1.354949,0.562266,-0.794570,1.343663
647,2,-0.395908,0.614117,1.270796,0.561867,-0.659061,-0.441920,-1.223069,1.205696,1.961541,1.236336,0.827707,1.173959,-1.056267,0.753051,-1.142142,-1.484591,-0.454631,0.113895,0.293394,1.863838,0.442111,-1.104826,1.017245,-0.315041,0.176914,-0.964543,-0.719872,-1.540496,-0.505736,-1.403086,-0.650177,0.613029
648,2,0.930298,-0.244156,-0.520822,1.830131,-0.959168,-0.054653,1.416625,0.465811,-1.162381,-0.120430,-1.573582,-0.613267,-0.328498,-0.609671,-0.700338,-0.010832,0.560442,-1.190009,1.375164,0.563656,-1.147982,-2.100780,1.307832,0.759147,1.097489,0.573654,-1.028093,-0.407178,0.929494,-2.078847,-0.354754,-0.684192
649,1,2.349378,-0.667732,1.185104,-0.365589,-0.006081,1.178218,-0.356019,-0.514351,0.387485,0.009951,-1.070092,0.542837,-0.357696,0.766536,0.736072,1.966804,-0.772848,-0.394377,-1.183737,1.809128,0.082113,-0.424756,1.272354,-0.146700,1.051722,0.947236,-0.246911,0.472237,0.122033,0.020693,1.234998,-1.328469
650,1,1.005466,-0.382304,-0.978237,0.315755,-0.141124,0.754456,2.321813,-0.057504,0.270451,-0.593909,0.279910,-0.253359,0.271163,-0.762258,-0.592277,-0.248297,-2.704769,0.945134,0.585403,-0.546464,-1.135247,0.740241,-0.723624,-1.193289,-1.512277,-0.309596,0.576644,-1.335397,2.457023,0.754147,1.947935,-1.236155
651,2,-0.195276,0.073646,2.386036,1.444719,-0.565805,0.544756,-0.537599,0.319103,0.261554,0.573441,-1.234671,1.381134,-0.842159,-0.780839,0.633789,0.192461,0.896724,0.134273,0.214449,1.629352,0.802744,1.530277,-1.492200,-1.244801,-0.071626,-0.114839,0.612830,0.195138,2.436896,-0.070841,-0.085313,-1.381307
652,3,0.005680,1.658353,-1.559282,1.661779,1.162110,0.038208,-0.968208,-0.826703,-1.169428,0.539340,-0.485647,-1.697670,-0.040796,0.974826,-1.522793,-0.035054,0.567465,-0.438514,-0.342740,1.113066,-0.956818,-1.200595,0.219285,1.876689,1.167059,-0.779906,1.240458,0.285773,0.489424,0.084428,0.412045,-0.223910
653,0,-0.257895,-2.182790,0.358142,1.919052,-1.315332,-0.980829,-0.076368,-1.252083,-0.579660,0.701586,-0.250035,-1.442302,0.656862,1.372685,-0.308289,0.483944,-1.130961,-1.074316,-1.262897,-0.686142,-0.594769,-1.168449,-0.198979,-1.659118,-0.181052,-0.745009,-0.696300,-1.208203,-1.225493,0.686084,-0.702236,1.321885
654,1,-0.137833,1.028403,-1.675361,0.304922,0.116957,1.167514,0.530253,0.540469,-1.513522,-0.057899,-1.400057,0.040926,1.116628,-1.049732,0.472286,0.312078,-0.091441,1.039024,-0.023525,-0.776322,0.913741,-0.588272,2.700254,-1.343683,-0.230951,0.462607,-1.049679,-0.726694,-2.406314,-0.791282,0.487470,-0.018465
655,1,-0.924338,-0.023064,-0.665655,-0.293529,0.467423,0.463658,-1.857867,-0.334210,1.385330,1.245656,2.162411,1.606520,0.914999,-0.170677,-0.701489,1.014638,0.787010,0.077551,-1.023778,-0.901959,-1.572283,0.657400,0.737968,0.878276,0.436536,-0.221350,0.286947,1.033196,-0.831975,0.576957,0.529345,0.331588
656,2,-1.359552,-0.016508,-0.359572,0.512194,-0.939163,-0.434812,0.690981,-2.161645,-0.318190,-0.480917,-1.316331,-1.591695,-0.568478,0.435728,0.521424,0.804087,-0.594083,-0.725436,1.331592,0.473566,-0.719812,1.107072,-2.016127,1.221905,0.368631,-0.380828,-0.383435,0.811721,-0.341389,0.579188,-1.956671,-0.540902
657,3,-0.286824,0.384014,-1.131466,0.534808,-1.119431,0.358938,-0.196852,-2.521412,0.532864,-0.167394,-0.342856,1.794327,-1.043218,0.910381,0.107801,-0.852430,-0.204195,0.171207,1.264275,-0.033047,-1.237388,0.888346,1.347120,0.908415,-0.562954,0.750181,-0.252062,0.931098,0.893495,-1.032639,-0.685948,1.192193
658,1,0.409270,0.084781,1.374428,-1.554219,0.637256,-1.614252,1.524856,-1.139305,-1.535659,-0.406158,-0.171515,-0.990040,-1.443893,1.030649,0.056124,-1.778236,0.030730,1.813893,-0.599039,-0.216500,1.110100,-0.691460,1.070479,0.340162,1.329970,1.745275,-0.974795,-0.473333,0.219560,1.153168,1.501701,0.309420
659,2,-0.356960,-1.072957,-2.074175,-1.225733,0.047890,-1.088791,-0.932238,-0.413656,1.619128,-1.040786,-0.277950,-1.677573,-1.599013,-1.192125,-0.019057,1.689222,-0.396849,3.086951,-0.104200,-0.553804,-0.378453,0.011497,-0.526433,0.036971,-0.373513,1.521283,-0.653470,0.718664,-0.356569,0.279347,1.415880,-1.195119
660,1,-0.940417,-0.564190,0.019943,-1.331171,-0.991476,-0.299928,0.205714,-1.259519,-1.845379,2.171217,-1.123379,0.459239,0.265075,-0.528472,0.360678,0.680595,-0.137558,1.400351,1.068529,1.816363,0.398032,0.224277,0.927157,0.795047,-1.145887,-0.875972,1.571880,-0.580910,-1.414002,0.700278,1.589004,0.281401
661,0,0.624862,-0.067370,0.199386,0.580376,0.313617,1.517776,0.777429,-0.141175,1.698123,-0.884498,0.065551,0.542831,0.568939,0.447683,0.783748,0.680546,-0.238184,1.203980,-0.109616,0.614275,-2.005737,-0.742025,-0.604435,-1.191958,-0.407405,1.808525,-0.990285,-1.462677,-0.560468,-0.924932,2.307988,-0.322590
662,0,-0.954937,-1.234386,0.164790,1.338128,-0.321970,-0.049675,1.432600,1.058079,0.047741,1.522047,-1.109897,0.826573,-0.503277,-0.853596,1.200890,-0.727840,-0.901666,-1.528111,0.149212,-0.662975,-1.124737,1.566921,1.037454,-0.538898,-0.373648,-1.598008,-1.512397,-1.183449,-1.618773,-0.191219,-1.235977,0.041642
663,2,0.416948,0.693005,0.847708,-0.992221,-0.376036,-0.215401,-1.102614,1.125307,-0.408267,-0.737628,0.488293,-0.751003,1.107982,-0.160639,-0.486789,-2.481961,-0.061446,-0.134078,-0.819596,-1.183194,0.344555,-0.309298,-0.387861,0.506061,-0.069743,0.693785,-0.615184,2.251246,-0.340662,1.374025,-1.252858,-0.639257
664,1,-1.396591,-0.003593,0.317053,1.139679,1.671025,1.490483,-1.706841,-0.263271,0.840475,0.257744,0.604332,-1.659376,0.193351,-0.649199,-0.038873,-0.175655,-0.374042,-1.491181,-0.428490,1.861562,-0.224084,0.193244,0.825733,-0.501122,1.157688,1.540990,0.334241,1.120990,1.202346,-1.587706,0.132803,-0.378150
665,3,-0.824803,0.128007,0.086125,1.057561,-1.180127,0.567559,0.667481,1.792903,-1.753802,-0.922958,1.325490,-0.492136,1.294959,1.075435,-0.472807,-1.821724,0.916063,1.372419,0.032815,-2.124337,-0.038111,0.164219,-0.685809,-0.982268,1.556253,-1.018580,-0.411568,0.246937,2.013824,-0.604446,1.268323,1.074093
666,0,1.937904,-1.477813,-0.363682,-0.459206,0.284750,0.344526,-0.486476,0.117596,0.958588,-3.636516,1.703366,-1.040737,0.036451,0.138904,-0.823447,1.290726,-1.288990,0.655497,-1.949880,0.464287,-0.010424,-0.409406,0.891273,-0.810525,0.158181,0.084187,-1.198630,-1.140519,1.454643,0.370944,-0.394890,-0.371452
667,0,-1.224340,-0.336564,-0.985577,-0.376362,-0.167294,0.245588,-0.305294,-0.787596,-0.134581,1.373136,-0.826141,-1.064578,0.974189,0.501351,0.108354,1.439252,-0.220576,0.192202,-0.600975,0.468841,1.174185,0.530407,0.824226,1.359304,-1.722841,0.669463,-0.047007,-0.298093,0.284772,-1.093993,1.179054,1.732575
668,0,0.092384,1.122880,0.087126,0.058716,0.113658,0.883003,-0.581703,0.420966,0.852883,0.632471,-1.602736,-0.082280,-1.100928,-1.308035,-0.505800,0.983106,1.201301,0.198020,-0.158263,-1.885559,0.960248,1.511957,1.059444,-1.122381,0.888813,0.480911,-1.111999,1.112933,-1.430177,0.053210,0.142188,0.870209
669,3,1.130621,0.086072,0.203670,1.668638,0.346883,-0.455924,1.173587,-0.205185,2.521477,0.470947,0.913988,-0.265005,-1.969777,-2.003038,0.427459,-0.507299,0.337857,-1.925020,2.205521,0.847193,0.969480,-1.639713,0.928275,0.090771,-1.025807,0.367168,-0.057630,-0.120528,1.838329,-0.293978,-0.425463,0.429016
670,1,-0.014481,-0.825002,0.464283,-0.634901,0.698791,0.543364,-0.894181,-0.891621,-1.281002,-1.077224,-0.453355,0.609867,0.075494,1.536940,1.348457,-0.068889,1.269408,2.048488,-2.547912,2.068186,-1.362778,-1.866078,-0.042286,-0.988374,0.107288,-0.917558,1.170825,0.809609,-1.024289,0.970546,-1.029487,1.281534
671,0,0.533203,-0.082579,-0.215124,0.737981,1.461674,2.532963,-0.156400,1.052096,0.779380,-0.808223,-0.814893,-0.040399,-0.219730,0.404712,-0.173771,0.487652,0.297164,0.675227,-0.527513,-0.462786,1.241839,0.605871,-0.989719,-0.202904,0.599932,-0.861255,0.189049,0.013916,0.020348,-0.337697,-1.027094,0.357269
672,3,0.696124,-0.639573,1.875929,-1.253762,0.334583,1.148533,0.548026,-0.250144,1.060462,-1.554677,-0.661115,-0.600622,-0.786031,-1.478276,-0.972899,-0.073325,0.426257,0.424069,0.334205,0.953908,0.838708,-0.329494,1.137844,0.840900,-2.349739,-2.091298,0.190586,-0.533945,-0.433931,-1.568073,-0.876039,-0.423132
673,3,-1.484251,-1.432248,-0.657674,-0.419647,-1.208980,0.411978,-0.618502,0.300701,0.132179,0.104375,-0.245323,1.546263,0.959121,-1.648551,-1.209995,1.159470,1.247132,-1.228871,0.629616,-0.317076,-1.228886,2.028626,0.226607,-0.102582,0.775875,-0.145487,-0.671296,-0.900480,1.453504,1.078658,0.601017,-0.781581
674,3,-1.152266,-0.011976,0.255132,1.285175,-0.172448,-0.974463,0.469166,0.596954,-1.766363,-0.687695,0.169055,1.990601,-1.748962,0.078023,-1.988928,-1.566115,-0.390322,0.084544,0.099727,0.726896,-0.198835,-0.299644,0.336951,-0.937436,0.059410,0.891843,-1.002155,0.265542,0.873047,1.107542,-0.394487,-0.457884
675,2,-1.048978,-0.006127,0.824397,-0.173427,-1.296833,0.970651,-0.714022,0.444155,0.657485,-0.567722,0.750884,-1.200189,-0.325821,1.132360,0.001158,-0.209667,-0.467278,0.131013,-0.379060,-0.755302,0.262846,0.017462,0.789476,-2.280987,-0.912961,0.558815,-0.413153,0.545677,-0.698279,1.175357,0.799185,-0.950569
676,0,0.686018,-0.041848,-1.821214,-0.961396,1.584572,-0.262638,0.042226,-1.967242,-0.158491,-1.408636,1.825588,0.446659,0.339088,0.936368,-1.285324,0.046698,-1.614411,-0.613644,-0.651389,-1.841345,-0.722510,0.177984,-0.901830,-1.263013,0.111242,0.111430,-0.041823,-0.088384,-0.161867,0.952999,1.748784,-1.779230
677,1,-1.324916,0.360748,-0.251536,-1.416318,0.684947,-1.123673,-0.033265,-1.162293,-0.497924,0.062157,0.035397,-2.114566,-1.141564,0.762622,-1.219213,-0.058136,1.603735,1.049810,1.985662,1.182411,-0.287546,1.067578,0.840950,-1.138427,-0.571892,0.822437,0.302670,1.086634,0.054131,0.380876,0.070312,0.450511
678,3,-1.523732,-1.336492,-1.737471,0.307272,0.316686,-0.692260,-1.623359,-1.753309,2.060838,2.220217,-0.218271,-0.605982,0.563583,0.215789,-0.241561,0.184555,-0.014519,0.577626,1.416224,0.353569,-0.955946,-1.602369,-0.288158,-0.085805,-1.748721,0.206166,0.463922,-0.587307,0.211480,0.510997,-1.489083,1.814764
679,0,0.883015,0.262305,1.248334,1.528473,-0.852463,-0.931266,-0.117941,-2.326690,0.625767,-0.226363,1.670871,0.851024,0.291451,-0.349851,-0.585819,0.034582,-0.929050,1.014227,0.711993,0.560302,-0.986581,0.057861,1.176603,-0.355909,-1.695372,2.284394,-0.557490,1.670646,-0.582526,0.098485,1.491943,-2.620971
680,2,-1.226516,0.528310,0.342352,0.603709,-1.331394,0.838495,1.172138,-1.683038,-0.268637,-0.133341,-1.143667,-0.888196,-0.536618,-0.534258,-0.805872,0.351948,0.086249,1.992791,-1.437132,0.073132,-0.591659,0.462042,-0.895176,-0.379234,0.484713,-1.091782,0.298236,-0.053129,0.497954,0.582424,-0.867195,-0.734951
681,1,0.071870,-0.621197,0.742175,-0.327700,-2.074931,-0.804947,-1.080565,0.405951,1.637293,-0.325354,1.076180,-0.572196,0.787726,1.933849,-0.015993,0.178308,-0.444152,-1.042542,-0.401900,-0.995064,-0.014565,0.497077,-0.210524,0.927263,0.003146,2.051605,-1.008435,-2.191948,-0.893930,-1.136650,1.619207,0.147875
682,3,0.867445,-0.038400,-0.246054,0.972249,0.230381,-0.389271,0.700611,0.712936,1.139199,1.670384,0.271992,-0.848741,-1.168720,-0.707477,-0.162070,-0.127207,-0.101989,-1.237366,0.079535,0.849074,0.312562,1.514322,0.768765,-0.934618,-0.436536,-0.173799,-1.298868,0.451804,-0.494709,0.895736,0.281714,-0.482412
683,1,-0.582413,1.463977,0.945244,-0.542903,-0.757194,0.049655,2.367215,-0.697300,-0.573941,1.378515,0.899049,-0.056634,1.864672,-0.348741,1.338750,-0.307184,0.231114,-0.029704,0.431509,0.631733,-0.316746,1.002048,1.590320,-0.437588,-0.461599,0.434250,-0.368380,-0.140951,-0.894540,0.084519,0.371952,1.100834
684,2,1.623149,-0.247827,0.107461,-0.244188,0.495578,-1.377958,-0.599078,-0.464843,1.357993,0.857351,-0.092101,-0.252797,-0.015070,0.055222,0.248999,0.450873,-1.877982,0.166682,0.474585,0.670357,-0.327529,0.079810,1.569048,-0.510745,-0.424203,1.120368,-0.962472,0.941616,1.333604,0.132340,-0.697279,0.548152
685,2,-0.741830,1.144454,0.322146,-0.429799,1.822857,-0.282799,0.841285,-1.187116,-1.003984,0.066271,1.232742,-0.160976,-1.178782,0.698115,-0.399569,-0.955880,-0.446732,-0.008344,0.341135,-1.847826,1.389954,-0.664293,1.626159,1.348180,-0.757353,0.254129,-1.765845,-0.685667,0.409906,0.640242,0.859575,1.840171
686,2,0.207957,1.546050,-2.149544,0.183494,-1.314337,2.044507,-0.435559,2.109977,-0.083661,-1.599583,-1.461006,0.254359,1.485650,0.330207,-0.638251,-1.056362,0.892811,1.416349,3.101808,-0.926831,-0.069139,1.225712,0.890553,-0.663987,-0.237712,0.535638,0.089607,0.286701,0.083860,-0.231468,0.292016,-1.472780
687,2,-0.077617,-0.507653,1.397948,0.760875,-1.496977,1.353519,1.203045,-0.214239,0.637326,0.397016,0.329745,0.986035,0.250950,0.168889,1.306672,-1.047674,-0.617781,0.810288,-1.675553,-0.272007,-1.040364,-1.092890,0.013268,-0.262469,0.274433,-1.814060,-2.137117,2.010679,1.252245,0.289723,0.406476,-0.575886
688,3,-0.739488,-1.777730,0.007458,1.108588,-1.889833,-0.099022,-0.657566,2.127175,0.257862,-0.545641,1.540885,-0.322619,1.275980,-1.379428,1.053134,0.597873,-0.381714,-1.122412,1.394172,-0.960996,1.543321,0.783052,0.646634,-0.588959,-0.233504,-1.353144,-0.187446,-1.057684,0.455428,1.380725,1.133326,-0.723363
689,0,-1.916444,0.128456,1.323552,1.084041,-0.356483,-0.772181,1.652478,-1.473978,0.031510,0.338787,-0.759781,-1.181448,-1.503094,0.526851,-0.514709,-0.202443,-0.937809,-0.402686,1.608440,-0.626838,0.444960,-0.555153,-0.195013,-0.882617,1.078897,-0.026491,-0.873526,1.287841,0.681390,0.623350,0.876464,-0.321117
690,0,1.351823,0.148694,-0.876136,0.108160,1.472960,-0.864314,-0.508511,0.144265,0.565389,0.355014,0.795849,0.552665,0.409635,-0.727790,-0.456339,-0.228501,-0.732906,1.630854,-1.200103,0.317943,0.911803,1.139927,0.322263,0.408145,0.071402,0.580808,2.225757,-0.334622,0.462033,-1.007851,0.476189,1.169704
691,0,-1.077799,-2.055643,0.102702,-2.263230,0.022431,-0.427284,0.370768,0.292881,0.931392,-1.646529,-0.998982,-1.559548,-1.765275,-1.495949,-0.172177,-0.725452,0.658980,0.441317,2.128590,-0.600176,-0.199672,1.691330,-0.525855,0.644697,0.629246,-0.799257,-0.759434,0.206715,1.470106,-0.333320,-0.155368,0.335942
692,1,-0.392862,0.867389,-1.194213,0.057680,-1.006580,-1.980558,-0.171494,-0.196517,0.714878,0.000582,-0.481145,0.013911,-1.153526,-0.801447,0.753353,1.287224,-0.654711,0.849885,-0.053720,1.200560,-0.233528,-1.065647,0.335168,0.092485,0.270605,0.333707,0.367873,-0.003823,0.270780,-0.053383,0.228388,-1.649924
693,0,-0.386619,0.410080,-1.368780,-0.330700,-0.242607,0.770565,-0.525942,0.656344,0.966150,0.041473,-1.483040,0.858507,-1.662910,0.462340,0.285484,1.495958,-1.576230,1.011693,-2.769720,1.390051,-1.749175,-1.432357,-0.646166,-1.027403,0.397397,0.626811,-0.954411,0.582692,-0.304414,0.830687,0.727048,0.495122
694,0,0.578596,0.750848,1.038796,-0.041690,0.872010,-0.436571,-0.323101,1.200826,-1.917801,-1.205456,-0.133192,0.312651,-1.049907,-0.225213,0.092972,-0.776849,-0.789747,-1.565812,-0.192905,-1.093839,1.133437,-2.185411,-0.832935,0.418465,-0.292487,-1.961356,1.516484,1.462571,-1.252509,0.124630,1.407763,-0.193667
695,3,-0.817726,-0.757859,-0.344766,1.377123,2.029833,0.661884,-0.918431,0.862436,0.090180,0.448951,0.026465,-0.166289,-0.435099,-1.622543,-1.225200,-0.177500,0.396496,0.829391,0.616103,0.903563,1.260228,-2.097502,0.492884,-1.836145,1.256803,-1.598487,-0.270355,-0.134246,-1.336153,-0.621200,-0.091271,-0.908213
696,3,0.340789,0.308221,-1.501313,2.849547,0.960674,0.084514,0.691097,0.845912,1.013776,-2.658143,0.480991,0.160812,0.323286,0.773192,-0.636146,-0.352911,0.114633,-1.209038,-0.673472,0.429794,1.808749,0.867618,-0.782201,1.359809,-1.029714,0.521024,-0.839494,0.149276,-0.666672,-0.617126,1.749962,-1.320608
697,0,1.536917,-0.035996,1.510365,0.396490,-0.024608,2.096710,1.625522,-0.028329,-0.776293,-0.179974,-1.171527,-1.260412,-0.270401,0.826239,-2.505291,1.057800,1.428671,1.661906,-0.877176,-0.837385,0.778173,0.429265,0.090442,0.522680,-1.689029,0.092585,-0.710972,-1.436977,0.280677,0.290676,0.667112,-1.171264
698,0,0.825322,0.249106,-0.331388,1.342046,-0.525718,0.944996,-0.075311,1.058858,-0.928235,0.533805,-0.263379,0.057896,1.354411,0.272004,0.164997,0.704734,-1.192040,0.418020,0.692375,1.175235,1.108454,-0.935818,0.107241,0.567757,0.674257,2.562362,0.598805,-0.192113,0.137146,1.230204,-1.423595,0.121869
699,2,0.119825,-1.119672,0.070187,0.941827,-0.480300,1.093357,0.241841,-0.295433,-0.028728,0.501585,-0.429329,-0.454736,0.677044,1.196144,-0.791243,2.181098,0.371432,-1.096547,-0.554309,-1.373946,0.201358,-0.047603,0.629083,0.903832,-0.088627,-0.329604,0.886553,-1.805767,0.135694,0.639493,0.535442,-0.204889
700,0,0.186400,-0.368819,-0.031283,-0.916573,-0.086554,0.184185,-1.858829,0.253725,-1.754080,2.033461,0.155178,1.238761,-0.903927,1.791763,-0.182715,-0.160128,0.180965,0.372415,0.393743,0.583953,-1.494148,-2.438591,-0.969556,-0.062090,-1.097852,-1.627589,0.748514,1.180937,-0.443972,1.400999,1.353293,1.078977
701,0,0.756276,1.353805,1.624323,-0.875911,1.001219,0.262104,-0.933299,0.544046,0.199243,0.977215,1.590261,1.339486,0.614224,0.043251,0.672195,0.266206,0.687507,-0.828349,1.687727,-0.719190,-1.541365,-0.053572,-1.330119,-1.992446,-1.514700,-0.375701,-0.941985,0.617163,-1.156776,1.194309,-1.357488,1.879108
702,0,0.537708,-1.471596,1.026350,0.987448,0.150639,2.359594,-0.316255,-0.457605,-0.303666,-0.682939,0.065285,0.405795,-1.448348,-0.726265,0.340151,-0.201229,-0.591195,0.755878,0.466837,0.292203,1.098850,-1.594069,0.371450,-0.271905,-0.552977,1.262258,-0.846670,1.843475,-1.378811,1.758741,-0.180642,0.396334
703,2,1.116361,-0.460239,-1.804281,0.477784,0.895124,0.658440,-0.178558,0.251384,-0.580504,-0.599781,-0.135668,0.584330,-0.075550,1.346230,-1.336369,-0.781476,0.278912,-1.306184,-0.828904,0.155970,-0.668646,-0.456884,-0.619481,-1.035688,-1.152001,-1.223666,1.504846,1.593514,-1.443119,0.405393,0.375638,0.455062
704,3,0.796681,-0.311247,0.709325,1.054057,0.184713,0.741880,0.807063,0.705504,-0.154810,0.114532,1.582149,-0.133835,0.013323,-0.224654,0.001741,0.154679,0.015360,0.668985,-0.038569,-0.768104,-0.579386,1.886545,0.141106,0.317180,-0.814219,-1.732641,1.248541,-0.361799,0.641442,-0.941329,-0.043394,-0.597831
705,1,0.466367,0.349211,0.291391,1.270545,0.660944,-2.354799,0.550524,0.173869,0.728506,-1.987258,1.282820,0.231530,1.304438,-1.742139,-1.891889,-0.962666,-0.080961,0.469937,0.708096,-0.013252,2.274204,0.478904,0.189578,1.128870,-1.190257,0.997944,0.617674,1.914345,0.077220,0.155424,1.350894,-1.056370
706,2,2.068704,-0.824690,1.264746,1.950309,1.113183,-0.124598,0.794580,0.673721,0.963575,-0.003895,0.015308,-0.709846,-0.232507,-0.884697,1.388674,-0.268455,0.914471,1.493801,-0.440741,-0.114836,1.250415,0.437982,-0.356804,-0.632529,0.524875,-0.699946,1.123733,0.172800,-1.547716,-1.771001,1.527151,0.260885
707,2,-1.215899,-0.281779,0.143561,-0.636733,-1.237983,0.770693,-0.757331,0.680009,-0.368798,-0.046782,-1.457294,-0.776251,-0.308120,0.574870,-1.456926,0.551422,-0.618811,2.001262,1.440001,-0.651644,-0.346864,2.202073,1.277713,-0.434069,-2.470758,-1.407042,1.385328,0.695162,0.189554,0.970886,0.417743,0.112450
708,0,0.345845,0.933205,-0.448797,1.092151,0.602680,-1.356509,1.538216,0.927955,0.522616,2.588786,0.654009,0.043245,-1.350485,1.156967,1.099886,-0.788186,0.642586,0.611508,-1.190016,0.167230,0.730161,0.195414,1.574237,0.069954,-0.548070,-1.541917,-0.099911,-0.802488,-0.658515,-0.764171,-0.018242,0.739222
709,2,0.230202,0.617311,0.705731,-0.375142,0.494138,0.021050,-1.619453,1.745317,1.096577,0.099868,-0.901865,0.310786,-1.437739,1.334001,-2.413620,-0.688207,0.598782,1.471602,-0.094096,0.692197,0.606112,1.639606,1.350400,0.220653,0.599354,-1.720232,-2.216437,0.714929,-0.021909,0.227044,0.675414,-2.134525
710,0,1.582385,-0.102995,-1.860744,0.538693,0.476086,-0.543074,-0.652620,2.222995,1.289102,-1.393982,-0.788327,0.375710,0.046156,1.240927,1.493348,0.183262,0.362550,0.268262,0.270754,-0.553410,0.899594,-0.353132,0.426008,-0.171620,-0.115475,1.526678,1.139757,-0.707095,0.040772,-0.329206,-0.340984,-1.056834
711,1,-0.465932,-0.414367,-0.524908,1.458393,-0.859359,-0.588387,-0.554238,0.779018,-0.287348,-0.564864,1.186831,-0.218032,-1.281721,0.263001,1.583197,-0.704582,0.531088,-0.756526,-1.297825,-1.303572,0.947413,-0.940580,1.216655,0.157996,-0.568098,0.953134,1.396623,-0.676303,0.925459,-0.811172,-1.456504,0.236810
712,1,0.149734,0.196322,-0.392896,0.354007,0.539585,-1.046117,-0.137854,0.558266,-0.639459,-0.601139,0.907398,1.388936,0.782736,-0.802023,-0.705473,0.315850,1.109240,0.714945,-0.949252,-0.055410,0.834566,-0.233761,0.621280,0.235718,-0.102854,-0.363030,0.826359,0.730129,-1.071956,-0.420410,0.501011,-0.657456
713,2,-1.590579,-0.565383,-0.285729,0.475252,-1.302874,-0.317571,-0.397690,1.651218,-1.520918,1.295921,-1.754234,0.702711,0.196885,-1.634777,0.198190,-0.662479,-1.420039,0.031833,0.442660,0.536895,-1.388533,-0.265586,-2.498030,0.562859,0.738306,2.330633,1.852425,-0.791888,0.700088,1.566585,-1.467414,1.099180
714,0,0.853384,2.265652,-1.443888,0.622035,0.549199,-0.733796,0.960218,0.379958,-0.819003,-0.271420,0.838057,0.374907,-1.196484,0.301309,0.434351,-0.998379,0.028712,1.355857,0.542585,-1.748550,0.918174,-0.019719,-0.262992,0.200426,-1.219189,-0.867718,0.398216,-2.091756,-1.933356,1.420852,0.586170,0.410708
715,3,-0.146190,0.745719,0.095998,0.873832,0.780262,0.860916,-2.539626,0.449223,1.027141,1.858516,0.733028,-0.272666,0.638413,0.282405,1.246825,-1.594017,-1.060623,0.523616,0.592531,-1.425526,-1.009153,0.941425,0.325689,-1.326490,-0.829014,0.309367,1.101711,0.226431,-1.217627,-0.891180,-0.142784,0.100715
716,2,0.653924,-2.035897,-0.368416,-0.470578,-1.527220,0.568653,0.008501,0.165835,1.513528,-0.388317,-0.867159,-0.774213,0.858333,-0.740369,-0.109493,1.473976,-0.765640,0.674794,0.615297,0.047948,-2.389611,0.558703,-0.987074,-0.428210,0.654515,-1.683411,-0.267098,-0.423683,-0.459717,0.391037,0.888270,-0.210582
717,2,-0.625762,-0.817882,1.940607,0.145104,0.943689,0.435725,0.749658,1.129024,0.081986,-0.315441,0.109084,-1.328231,0.385551,-1.003770,0.481496,0.851707,-1.587719,1.399905,0.228544,0.779783,-0.497428,0.571454,0.095246,-0.927549,0.134193,-0.064691,-0.146814,-1.580674,0.187346,-2.045301,0.322297,0.132724
718,0,1.414426,0.282878,-1.551869,-1.929411,-1.023933,0.007859,0.225565,-0.823696,-0.931326,0.299869,1.205416,-1.268331,-0.252414,0.340806,-1.454251,-1.711161,-1.369270,0.235099,0.164116,-1.554234,0.342238,0.678519,0.759882,0.808008,1.041292,1.371793,-1.286180,-0.900017,1.144713,-0.603567,-1.135094,-1.953345
719,2,-0.599511,-0.716278,1.369813,0.050058,-0.382402,-1.398201,2.097380,-0.109859,1.350576,-0.007647,1.492735,0.325108,-0.316155,-0.303789,-1.185494,-0.056218,0.512444,-1.291583,-1.218704,1.184418,-0.340566,0.445048,0.681384,0.079313,0.290584,0.000624,-0.866369,0.671798,0.979962,0.242418,0.255477,1.337887
720,1,1.562776,-1.041863,1.801597,-0.470526,-0.754835,-0.424601,0.227508,0.302166,0.798172,0.696795,-0.032030,-0.454986,-0.354204,-1.369377,-0.077047,-1.992706,0.672154,1.201343,1.593036,-0.763128,-0.473927,0.003026,0.998594,-0.499430,-0.781343,-0.379738,0.571797,-1.235339,1.761489,1.844880,-0.007431,0.564558
721,2,-2.984475,0.328398,1.721512,-0.579144,-0.634530,-0.266487,1.119708,0.747040,0.534617,-0.832599,0.328519,-0.678458,-1.790848,1.121231,1.614417,-0.149506,-1.561223,2.632693,-1.471207,0.779714,0.005326,1.344756,0.038228,-0.682430,1.529427,-1.379020,1.010803,1.561944,-0.324643,0.258373,-0.748069,1.920390
722,2,-1.215912,-0.776378,0.313547,0.007761,-0.534222,0.775286,-0.680694,-0.851915,-1.042896,0.854163,1.124885,3.160531,0.818455,0.077991,0.102914,0.661935,0.216533,0.315125,-1.281253,0.065204,-1.620248,1.370093,-1.431711,-0.395617,1.326068,-0.603901,-0.422913,-0.333641,-0.212910,-1.770098,-1.079477,-0.249869
723,3,-1.118413,0.067224,-0.632199,-1.259353,0.135429,-0.116134,0.049854,0.298702,-0.006611,2.122429,-1.299901,0.728702,-0.971901,1.711018,-1.860691,1.219107,0.276874,-0.468276,-0.492472,-2.509072,-0.725345,1.072197,0.090234,1.950150,-1.810338,0.685095,1.365875,-0.441919,0.391973,-2.126838,-0.240336,0.262911
724,2,-0.810257,0.733936,1.128501,1.232160,0.162690,-1.365450,-0.092376,0.331413,1.112093,-0.375069,0.076413,-1.141456,-1.948577,0.836983,-0.909515,1.085226,-0.842168,0.456092,0.371696,0.137415,-0.345943,0.722746,0.604696,-1.071941,-1.147479,-2.347008,0.236834,1.134401,-0.276369,-0.771067,-0.370341,2.169676
725,0,-0.479884,-0.606941,-0.624141,1.122736,0.847373,-0.451570,-0.483007,-0.046919,1.764421,-2.464404,-0.933325,1.049126,0.251916,-0.138567,-0.990243,-0.184430,-0.390137,0.029983,-2.167758,-0.246906,-1.111991,0.295197,-0.261899,-0.203792,0.252483,0.520139,0.062790,0.047075,-1.300202,0.003558,0.239970,0.891174
726,0,-0.138351,-0.760607,0.918587,0.482919,-0.050379,-1.168010,0.324086,-0.821348,1.346756,1.379165,0.941837,0.226831,0.465987,-0.622534,-0.564760,0.199825,-0.628406,0.035032,0.614884,-0.087000,-0.078182,-1.141452,-0.462312,-0.339995,-0.136746,-0.269321,-0.081228,-0.012797,1.460154,2.324515,0.059928,-0.740173
727,3,-0.345496,2.207261,-0.363506,0.345150,1.108303,-2.107674,0.688147,-0.338526,-0.226125,-0.162645,-1.424506,-1.121549,1.034406,-0.630614,0.586779,0.728049,-1.287562,-1.186069,-0.872786,-0.290714,-1.172203,-0.270550,0.231982,2.122321,-1.476247,1.016901,-1.670119,2.122028,0.707763,1.082492,1.844776,0.290937
728,3,0.263392,-1.671426,-0.466152,0.905110,0.175122,-0.409892,-1.105424,-0.500806,0.977372,0.900118,2.278703,-0.522405,0.342613,-1.008989,1.720947,0.156331,-0.740248,-0.090771,0.292388,1.338916,-1.196434,-1.352529,-0.446967,-1.345231,-0.717728,0.126013,3.073553,-0.867517,-1.250646,-0.089852,1.398006,-0.231383
729,1,1.486817,0.471678,0.653224,0.039775,-0.537588,-0.627445,-0.049256,-0.637906,0.678357,-0.098832,-0.381476,-0.900437,-1.309467,-0.602207,1.095953,-0.205658,1.093726,-0.762756,0.270739,-1.092443,-0.156602,-0.700746,-0.412253,0.344618,0.531757,-0.930067,-1.505587,-0.129064,-1.529273,-0.799797,0.651037,2.955739
730,1,-0.652245,0.504498,-0.625019,-1.517034,0.868254,1.233644,-0.328083,-0.134390,0.106500,0.089006,2.149796,-0.443184,-1.113157,-0.780648,0.670649,0.921978,-0.490248,-1.238896,0.416904,-0.498158,0.099102,-1.454033,-1.096854,-0.553533,0.226018,-0.018141,-2.310422,-0.297029,1.400039,-0.509463,0.740874,0.533723
731,3,-0.722069,0.241249,-0.254294,0.346284,-1.652213,0.246130,1.344686,-0.101687,-0.544523,-0.433660,0.786099,0.433857,0.523549,1.049659,0.675083,0.022745,0.817220,0.264635,-2.648513,-0.246089,-1.223025,-0.450431,0.827026,2.207184,-0.071900,1.640138,-0.743316,-0.608857,1.384518,0.029724,-0.543872,-1.783468
732,0,1.155621,-1.245960,0.663967,-1.117380,1.272951,-2.109676,-0.977866,1.117039,0.618991,0.768694,-0.008486,0.875070,2.077794,0.974607,1.516507,-1.633706,1.198222,0.060260,0.673985,-0.032874,0.625198,-0.832057,-1.043597,0.472386,0.668596,-0.034950,-1.714346,1.943443,-1.823099,-1.231688,-1.289394,-0.641465
733,0,2.065648,1.421700,-0.830007,-0.155048,-1.055381,0.159514,0.709561,2.265050,0.259450,0.442306,0.527830,-1.050837,-0.421196,-0.624413,0.055247,-0.010414,-0.734977,-0.063554,-0.928068,-1.150272,-0.557536,0.506529,0.101325,-0.874660,0.771027,0.332242,1.024202,-1.226362,-0.465676,0.122988,-0.130472,-0.271151
734,2,0.632861,1.096318,1.434609,0.254902,1.217055,-0.093764,0.761184,0.284890,-0.408178,-1.918219,-1.571441,-0.612862,0.384751,-1.099370,2.262483,-0.209357,-1.144434,0.851804,1.486413,0.191586,-0.475161,2.159500,0.704412,0.798015,0.115431,1.823094,-0.768052,0.816022,0.856693,-1.487985,1.097277,-1.646511
735,1,0.241793,0.047157,0.522756,-0.649832,-0.058625,-1.299509,0.790326,-1.134728,0.075425,-2.794172,0.612419,-0.962626,0.575802,0.044236,0.258659,-0.676375,0.628182,-1.918475,0.830428,-1.176833,0.100674,-0.545653,0.607288,0.165858,-0.942683,0.394960,1.498732,-0.803880,0.669659,-1.403376,-1.161764,0.352209
736,2,-0.922931,0.958489,1.159082,0.153639,-1.385555,-1.018043,1.942448,0.679506,-0.414131,2.165695,-1.797115,-0.337677,-0.311137,0.116101,-1.073211,0.440117,0.695807,-0.904409,1.705079,0.580371,0.843299,0.215489,0.984038,1.090619,-1.677035,0.743420,-0.100354,-1.953092,0.273330,0.107245,0.143506,0.557034
737,2,0.754778,-0.053164,2.314957,-0.019239,-0.656855,-0.389536,-0.651383,-1.275800,-0.662313,-0.674729,0.024957,0.694215,-1.681862,0.181936,-0.182177,1.430504,-0.097757,0.643290,0.130395,1.011360,1.550846,-0.108556,0.132926,-1.594566,-0.240369,-1.053809,0.430044,1.579710,0.704312,0.510166,-0.204901,-2.292475
738,2,-0.824540,2.140922,1.440714,-0.228447,0.318319,-1.391237,1.328749,-0.846882,0.476337,-0.562396,-0.167553,-0.957163,0.487961,-0.411380,-1.177837,0.565630,-1.344173,0.532609,0.805789,-0.485314,-0.795827,0.488767,-1.380379,-0.790945,0.466931,0.543191,-1.027588,3.296300,0.484725,0.961721,-1.448581,0.035472
739,2,1.038989,0.687630,1.293711,0.772504,-0.382796,0.526854,-0.647772,-0.342332,2.389101,0.615522,0.707220,-0.502912,-0.310022,1.310772,2.294249,-0.149194,1.934578,-0.014437,0.697179,0.514717,0.700324,-1.592927,0.232507,-0.136833,-0.204516,-0.505700,-1.840896,-0.756006,0.114936,0.296322,-0.232790,1.651084
740,3,1.862965,1.736749,-0.375937,1.800253,0.609472,-0.523901,-0.304648,0.842194,-1.336680,-0.283411,0.891424,1.128768,-0.881283,1.057620,0.327380,0.063221,1.207784,-1.308578,1.191305,1.263252,0.742475,-0.046406,0.020655,0.735397,-0.015785,-1.097845,-0.834282,0.174973,1.750962,0.739417,-1.705136,0.389237
741,3,-1.247222,-0.197143,1.864524,0.461768,2.013214,-0.611667,-0.409092,-0.133122,1.308761,-0.297546,-0.006657,-0.311227,-1.860934,0.459388,-0.673160,-0.428309,1.190963,1.570504,-1.961934,-0.699307,-1.225178,-0.174786,-0.173879,0.829891,0.248734,0.315091,-0.085738,0.655936,-0.723914,1.997328,0.818885,-0.753903
742,2,0.227851,-1.811105,0.606842,-0.490593,0.870149,-0.541394,0.846248,0.210329,-1.350255,0.553394,-0.000053,-0.671594,0.713637,0.792839,0.136555,-0.809998,1.483711,2.029614,0.425629,-0.688131,0.092160,1.157598,0.056503,-0.080975,-0.595455,-0.906367,-0.467386,-0.266073,1.617391,0.377618,0.280488,-0.364489
743,1,-1.030096,0.186969,1.093223,-0.386165,-1.590816,-0.506211,-0.346062,-0.053687,0.306956,0.164001,-0.744753,-0.134155,0.589945,0.111460,0.008788,-0.599720,1.276581,0.582873,0.076300,0.730953,-0.008706,-0.689932,0.491544,0.580667,-0.567499,0.016321,1.419837,-1.807938,1.099751,0.555864,0.443698,-0.212921
744,0,0.501373,1.070525,-0.401975,-0.704840,-1.278525,2.274194,1.701884,0.056851,-1.492028,-0.815509,0.559215,0.399234,1.379945,-1.676439,-0.202709,-0.096912,1.370726,1.113630,-0.293720,1.487221,0.461378,0.595442,-0.290466,-1.080382,-2.072863,-0.131714,-0.642976,0.985840,-0.722452,-0.295920,-1.751731,-0.957549
745,0,-0.636089,-1.042201,1.639894,1.836724,0.633786,1.534819,-0.552261,0.333105,-2.099717,-1.577701,0.694977,-0.242077,0.258107,0.872466,0.837413,-0.792399,-0.566223,-0.111220,-0.928889,-1.311388,-1.172771,-0.589126,0.800677,0.574885,-0.714997,1.097117,-1.128939,0.275370,0.537124,2.492127,-0.728242,-1.663896
746,2,-0.496441,0.118743,0.340380,-0.209084,-2.227749,0.455902,-0.143959,1.153642,0.210231,0.011522,-0.245740,0.833917,-0.339841,0.268099,1.768898,-1.230362,0.688730,-0.233681,0.760763,1.263695,-1.040584,1.222754,-0.913086,-0.717479,-0.203780,-2.012367,0.811809,0.145381,-1.540534,1.340636,0.700514,1.372985
747,2,-1.336362,0.318013,1.285731,0.180379,0.283720,-1.605008,0.778973,0.640726,0.754600,-1.230566,0.739423,-2.010539,0.719554,0.104034,0.333790,0.772293,-1.048978,-1.163326,1.243544,-1.153188,0.281505,0.384606,0.308918,-1.957710,0.901620,-1.516856,-0.275675,0.064124,-1.434181,-1.517952,-0.000001,0.804979
748,1,0.211699,0.569197,0.153008,1.920137,1.902741,0.115476,0.263166,0.104273,0.343575,0.152864,-0.195527,-0.509956,0.710442,-1.527555,-0.175216,1.921662,-1.442799,1.752363,-1.734503,-1.366102,-0.591319,1.314671,1.136560,0.348245,-1.145869,0.295397,-1.061667,-0.724989,1.278090,0.190592,1.358310,-1.540152
749,0,-0.418190,-1.197044,1.036081,-0.411003,-0.860235,-1.260154,0.004029,-0.427399,2.226785,-0.504968,-0.683879,0.843220,-0.834971,-0.788291,0.856621,2.154727,-0.985122,-0.230894,1.989770,1.375840,-1.968931,-0.130592,-0.352912,0.513733,-1.101947,-0.138621,0.170074,-1.607120,-1.430023,-1.060305,-1.350055,-1.131706
750,3,-1.172517,0.347832,-0.931629,0.274845,-0.216338,-0.896365,2.925068,-2.302065,-1.433014,0.693657,-0.003155,1.985345,-0.008917,0.018065,1.066938,1.274904,-0.393858,0.936048,-0.338610,-1.814677,-1.003575,0.308776,1.235494,-1.260646,1.925707,-0.272033,-0.416534,-0.017378,0.303002,-1.201932,1.511182,-0.098391
751,3,-1.382437,-0.243555,-0.689468,-1.185015,-0.397604,-0.895135,-0.729932,0.512335,2.277638,-0.146448,0.130530,1.831898,-1.424704,0.639275,-0.405581,-0.203092,-1.462762,-1.390370,1.235747,-1.159183,0.956963,0.002156,-0.680508,1.367102,0.449418,1.262386,-0.128845,2.200908,-0.704458,-0.254081,-1.185694,-0.369760
752,2,-0.002260,1.758912,-0.504983,0.679978,1.625328,-1.612523,0.777262,0.048567,2.913354,1.230319,1.049747,-0.489614,-0.691239,1.924000,-0.514037,1.104551,0.133200,0.469978,-1.626408,0.291729,0.571385,0.404601,-0.014009,0.694852,1.103858,0.765496,-0.545290,0.849075,-2.285024,-0.802453,-0.595936,0.715171
753,0,1.915959,-1.024180,-0.760628,-0.304587,-1.270523,-0.773732,-0.239819,-0.333990,-1.144998,0.873700,1.030522,-0.670060,-0.003066,-0.223603,-0.861558,-1.791893,0.397029,0.710635,-0.128546,-0.949078,-0.386447,-0.921536,-1.891077,0.487224,-1.204867,-0.139602,0.252194,1.553597,0.128489,-1.539796,1.105475,0.134473
754,1,1.604600,1.477457,-0.186936,1.855104,-1.019847,0.704344,-0.138670,1.762039,-0.791912,1.177633,-0.559883,1.097112,0.921970,0.298564,-0.489705,0.954394,-0.961075,1.492695,1.767188,-1.418958,0.534202,-0.760443,0.325078,0.468004,0.062002,-1.159287,-0.918301,1.888406,-0.525490,-1.146427,1.430957,-1.437731
755,0,0.320915,1.135577,-0.264365,1.147829,-0.771170,-0.385727,-0.203458,-0.335698,-1.048233,-0.833414,-0.746202,0.202233,-0.210193,1.317521,0.314935,1.160721,-0.292594,0.894488,0.680241,-0.537870,-0.859082,0.201336,-0.001233,-1.203859,1.892553,-2.141805,0.100079,1.127739,0.861775,-2.991749,-0.838557,0.336030
756,1,-1.552592,0.168704,-0.385307,-1.037321,-1.211844,-0.454748,-1.022432,0.030782,-1.169360,1.334146,-0.335563,0.004706,-0.227265,-0.291215,0.720732,1.163418,2.639465,-0.793150,-0.464294,-0.833708,-0.068786,-0.933517,1.028651,0.423936,0.897310,0.443046,0.685746,-0.514209,-0.691153,-1.463455,0.513162,0.005183
757,2,0.616301,2.064350,-1.333126,-0.058344,-0.881621,1.076302,2.011674,1.520558,0.229883,-1.553509,0.388365,-0.739261,-0.557959,-0.014580,-0.531673,0.341370,-2.691734,0.914725,-1.356855,1.843656,-2.053719,-0.801207,0.520452,-1.551687,-1.020457,1.233661,0.096789,2.069323,-1.324636,-0.840127,-0.619784,-1.816944
758,3,-0.757872,-0.684427,1.826012,0.326441,1.422121,0.406681,-0.792818,-0.403602,-0.948835,0.270576,-2.228173,1.345667,-0.138915,0.577645,-1.536704,-0.911660,-0.550682,0.115555,0.879242,-0.392939,-0.940853,1.402936,-0.391527,-0.530247,-0.483259,0.128771,1.025263,0.489536,-0.394173,0.326648,-2.406853,0.541522
759,0,-1.268967,1.683391,0.611883,-0.444871,1.994153,0.681186,-0.578435,1.073252,-0.801738,0.858541,0.932489,-0.118106,1.079885,0.067994,0.295867,-0.645994,-0.119607,-0.924281,-0.965009,-0.197989,-0.221236,-1.737477,-1.280053,0.161602,0.435774,-0.267003,0.045815,0.004474,0.067967,0.698310,0.831276,0.266582
760,1,-0.823578,-1.108268,0.677578,-1.432950,-0.924890,1.560349,-0.515414,-0.580514,1.348899,-0.239873,1.298893,0.507671,-0.018617,0.593316,0.363723,0.657992,0.656959,0.040391,-1.205931,-0.833372,-1.764226,0.298596,-0.090716,0.212825,2.716272,0.783559,2.500537,-0.284393,-0.729819,0.958518,0.633951,1.183737
761,3,-0.373569,-0.622799,-0.771720,2.019647,-0.371770,-1.260243,-2.914012,0.692164,1.751419,0.265883,0.898472,-0.550135,2.097924,0.354815,2.310610,0.746661,-2.160208,0.778736,-0.506432,-2.535041,1.291001,-1.827727,-0.698951,1.392358,-0.372112,0.481465,-1.094287,1.161134,-0.193535,1.103156,1.568671,-0.151645
762,3,-2.629424,-0.078079,-0.777062,0.949595,-1.617499,-0.358695,-0.843059,0.607218,0.109131,1.216201,-0.889408,0.086864,0.933321,-0.095107,0.192922,-1.901455,-0.966189,0.281532,0.821665,0.590224,-1.716137,0.736023,-0.354179,0.427396,-0.352505,0.151352,0.357165,0.297957,-0.405597,1.239279,-0.709008,-1.617543
763,0,-0.047524,0.203911,-1.428892,1.308183,0.831334,1.896267,-1.026210,0.741426,-0.439975,0.065790,0.134395,0.219725,0.078157,-0.514091,1.263297,1.243268,-0.878308,1.756382,-1.340568,1.546823,0.618961,-0.492414,1.041082,-1.513719,0.568432,-0.305702,0.334869,-0.248182,-1.243268,-0.841279,0.156250,-0.295482
764,3,2.904886,0.515186,-1.253864,0.552487,1.108843,-0.849334,-0.341981,-1.725075,0.029453,-0.861252,-1.419539,2.644670,-0.648891,-0.983922,2.171942,-0.223737,-2.024270,0.696715,-1.424649,-0.004864,-0.359481,0.031789,-0.666852,0.678401,-0.676878,-1.354433,1.328571,0.198576,1.032909,-1.523825,2.966443,1.691228
765,2,0.481789,0.382171,0.610083,0.030480,-0.687195,-0.525666,-0.529821,-1.448769,-0.972454,-0.499934,-2.662310,-0.509312,1.636564,0.267450,0.422481,0.865443,-0.223161,-0.994558,1.601060,-1.204256,-0.149020,0.533667,2.417708,-1.224063,1.389305,1.315258,-0.510460,-1.688817,0.446363,-0.742456,-0.124433,1.844647
766,2,1.060265,-0.061226,-1.422482,0.614996,-1.010049,-1.194425,1.114207,-0.933120,0.527317,-0.572023,0.368296,-2.002314,-0.256599,0.043958,-0.035768,-0.476709,0.904670,0.822645,-0.635774,0.416879,-0.288086,-0.686879,0.449093,-2.090117,1.160994,0.349395,0.992301,1.298694,-0.321121,0.217519,-0.803805,1.197867
767,2,0.213493,0.469183,2.942237,-0.316636,0.765181,0.089491,1.061451,-0.380421,-0.446887,0.877604,0.195658,-0.981949,-1.301795,-1.381931,-0.266366,0.732637,-1.161851,0.800988,-0.783608,0.953554,0.602991,0.434039,-0.478923,-0.076002,-0.075279,-1.286527,-0.158935,-0.459643,-2.372696,0.474232,1.319618,-1.067959
768,3,0.296329,-0.490982,-0.986804,-0.896557,-0.606266,0.871765,-0.959916,-0.599597,-0.841170,1.745327,-1.714517,-0.942852,-1.129794,-1.004390,1.463344,0.744814,-0.008750,-0.155074,-0.357856,-2.154943,-0.761437,0.083903,0.582764,-0.696722,-0.150689,0.480263,0.166463,1.444335,0.414807,-1.498170,-1.036718,-0.626001
769,1,0.547618,1.436695,-0.464958,0.461622,1.224713,-0.024792,1.379706,1.369266,-0.358480,0.186594,1.940518,-0.163577,0.175015,1.219781,-0.892880,0.033043,-0.013487,-0.703036,0.095138,-1.827126,-0.081424,0.747124,-0.198646,0.274282,0.240859,-3.079475,-0.998003,1.553515,0.261029,0.123822,0.217906,0.963236
770,2,-0.595756,1.188035,0.776871,-0.141211,-0.141136,0.085039,-1.102315,-0.974933,0.429212,0.583967,-0.426672,1.869248,-0.864013,1.641734,0.143756,-1.226725,0.807076,0.875851,-2.285378,-0.357670,-1.226268,0.141435,0.152335,0.720648,-0.452761,-1.693240,-0.687715,0.048988,-0.710436,0.679465,-1.387218,-0.409750
771,0,-0.074931,0.143488,-1.159099,-1.025293,-0.771888,0.359967,-1.377132,-0.602238,0.042012,1.294063,-0.835651,0.294195,0.859749,0.193029,0.783613,0.371932,0.752803,-0.951266,-0.869837,-0.440120,-1.244262,0.799058,0.074474,-0.334392,-0.062404,-0.872589,-0.864825,0.580451,1.434547,-0.345434,0.435624,0.481540
772,1,0.765033,2.722479,0.549666,1.380828,-0.082293,-1.807765,-0.897914,-1.622132,-1.731061,1.243045,0.924587,0.383253,-0.977799,-0.310688,0.632442,0.124603,-0.778265,-0.719098,1.884491,-1.051208,0.535768,-0.105215,-0.872142,0.503272,-0.975933,0.504479,-0.121837,-0.670640,-0.357881,-0.255679,-1.409574,-1.634138
773,2,0.846912,0.856264,0.332893,2.054608,-0.580391,-1.975766,-0.518691,1.184794,-1.136485,-2.057385,-0.471200,-0.001400,-0.918706,-0.630414,0.245550,0.000182,0.723272,1.413712,0.003626,-0.261931,-0.980078,-1.667158,-0.968219,0.633668,0.338064,1.125232,-0.984172,-0.148731,1.701873,1.265139,-0.276990,-1.787487
774,0,1.245256,-0.687796,-0.568555,-1.460216,-0.135910,-0.827474,0.210541,1.170126,-0.820377,1.715358,-1.232546,-1.835033,-0.846309,1.382318,-0.210701,-0.491481,2.403849,-0.264759,2.819974,-0.051791,-0.229213,-0.532976,0.966310,1.644437,1.600621,0.129036,0.744104,0.547640,-0.434254,1.655463,-0.473041,1.072482
775,0,-0.306664,-0.295884,-0.757326,1.567678,0.084052,0.410984,1.356544,0.494312,0.187823,0.981701,0.554659,-0.055183,0.485217,-0.336707,-1.465404,0.039434,0.971159,-0.843152,0.462556,-0.154628,-0.292950,-0.071137,1.032146,0.199206,-0.723579,0.462593,0.030213,0.394789,-1.610087,0.631758,-1.090155,0.205086
776,2,-1.491465,-0.402317,-0.267787,0.446268,-0.609859,0.956919,0.973764,-0.316121,-0.317986,0.860706,0.068059,1.392277,1.513425,1.308395,-1.501887,-0.590780,1.338752,0.251888,-1.682329,0.108547,-0.562965,1.157605,0.058156,1.537579,1.345530,0.551193,0.567310,0.999261,0.474084,-1.267213,-0.726662,-0.389342
777,0,-0.712968,2.646702,-0.230090,1.759800,1.193401,0.618356,-0.236072,-0.739215,-0.985350,-0.239358,1.444436,-0.306250,0.636811,-1.167388,0.315884,1.304196,-1.341843,-0.349442,-0.006696,-0.549766,0.411142,0.178832,1.125564,-0.730265,-1.340688,-1.690304,0.364789,-1.080404,-0.187808,0.658632,0.489586,-0.821688
778,3,-0.470053,-1.554939,0.792573,0.680037,-0.009350,3.911403,-1.134391,-2.025182,-1.401905,-0.656650,1.826186,-0.458074,0.990913,1.026865,-0.664906,0.312635,-1.149712,0.032498,-1.159097,1.025451,-1.472738,-0.269103,0.161022,-1.584273,-0.789741,-0.231008,-0.435226,-0.062637,3.199867,0.039858,0.237387,-0.663240
779,3,-0.477057,0.791425,-0.612435,-0.548294,-0.552791,-2.971480,0.271984,-0.682926,-1.820708,-0.356034,-1.720363,1.064539,0.967276,-0.197532,-1.120590,-0.990236,-1.638716,0.215508,-1.536717,-0.026610,-0.556569,0.945456,0.555540,1.417576,-0.493628,-0.415987,-1.364412,-2.212841,0.058950,1.259576,-0.814601,-0.811961
780,2,0.475971,-1.053789,1.345800,-0.323525,1.004794,-0.573408,2.075580,-2.072546,1.353564,0.644902,0.504391,-1.683423,0.498049,1.132151,-1.512272,0.797639,-1.599191,0.469110,-0.770424,2.257879,-0.022869,-0.197084,-0.549009,0.639072,-1.190233,0.503083,0.009317,-0.973187,-0.805164,0.271007,0.187781,-1.217908
781,1,-1.120508,0.820196,0.877907,0.297216,-0.957815,0.807196,0.969210,0.010482,-0.507865,2.730521,-0.253053,-0.888463,-0.154747,-0.135556,1.283736,-0.502840,1.448125,-0.483901,0.612379,-0.910794,-0.142998,0.150307,0.274641,-0.897074,0.036957,-0.319793,-1.446738,0.677084,-2.187001,0.685848,-0.113177,0.659627
782,1,-0.608320,0.955137,0.521487,-0.294074,0.265984,0.337233,1.184870,1.027434,0.750844,0.292238,-0.189190,-0.889625,-1.688561,0.206093,0.485163,-0.379825,-2.079984,-1.021573,1.096908,0.392054,1.778592,-0.535861,0.590287,0.722525,-0.656946,1.722981,0.077305,-0.396630,-0.506781,-0.091825,-0.180531,1.654362
783,0,-0.398066,0.383652,1.333338,-1.716549,-0.540576,0.612219,0.176011,0.047683,0.346095,-1.774731,0.580262,-0.634561,-1.090776,0.475581,-0.821025,-0.308728,-0.297818,-0.845244,0.396516,-0.901470,1.361710,0.391219,0.160147,1.699791,-0.412878,0.050935,0.759626,-0.203113,0.430331,0.407201,-0.544806,0.523347
784,3,-0.741804,0.835867,1.275332,0.463908,0.202351,1.177409,-0.238225,1.984340,-0.537356,-1.411483,1.420110,0.037414,0.413527,-1.332615,0.514907,1.100102,0.280646,-2.354123,1.430985,-0.196315,0.848450,0.073176,0.068810,0.630920,0.384596,-0.753807,0.000802,0.486300,1.407864,0.336126,1.060894,-0.288112
785,0,-0.135654,-0.397599,-1.040435,-1.306094,0.222907,1.270466,0.420404,0.272497,0.020764,-1.576032,0.505854,-0.693557,-0.711381,-1.258244,0.459509,0.402565,-0.705444,0.706056,-0.344979,-0.098546,-1.095748,1.181478,-1.461999,1.224998,1.276667,-1.333769,-0.027736,1.288063,0.998580,0.650738,1.173994,-1.023991
786,0,2.060876,0.788897,1.472257,0.508626,1.044338,-0.301529,1.282951,1.908143,0.923879,-1.047722,0.662569,-0.964816,-0.165966,-0.058550,-0.832536,-0.015518,0.487048,0.254422,-0.656234,-0.077955,1.166090,-0.634010,0.688373,0.677967,0.617702,1.297375,0.104030,1.785574,-1.310867,0.974628,-0.369822,-0.074719
787,3,-1.266726,1.006835,-1.103569,0.466982,0.449396,1.410746,-0.541357,0.234186,0.334808,0.189228,0.457546,-0.098407,0.772156,-0.731298,-1.042102,-0.571019,1.243990,-1.324238,-0.947281,-0.101257,-0.292001,-0.188931,0.582206,-0.336748,1.380069,0.042274,-1.346468,1.164624,0.853299,0.783049,-0.094251,2.559116
788,3,1.251857,0.142701,-0.047733,0.802336,2.150869,-0.476453,-0.916185,-0.566840,0.675344,-0.098674,-0.957553,-0.939532,-0.474085,1.090540,-0.306820,2.607642,0.452315,-0.095974,0.045802,-0.362011,-0.503268,0.744932,-1.242859,-1.290264,-1.204859,-0.293444,-0.562372,0.227503,0.973908,0.643667,-2.201813,0.922329
789,3,-0.378115,-0.952481,-0.221899,1.720009,0.023782,-0.113067,1.074505,2.945552,-1.575536,-0.186917,0.192095,-0.443311,-1.073964,0.533252,1.289736,1.863362,-0.724436,0.558347,-0.946539,-0.163305,-1.056746,-0.861784,0.127422,0.124581,0.551677,1.242331,1.139837,1.431267,-0.292254,1.324830,1.208322,0.401902
790,1,0.524895,-1.222811,0.920628,1.278792,1.272291,-0.943918,0.429955,-0.954019,-0.873027,0.638865,0.452768,-0.441087,0.839551,0.755379,0.693348,-2.252165,-0.481024,-0.697609,0.114517,-1.139403,1.193808,1.109881,-2.460116,-0.068297,0.092901,-1.866516,0.239270,-1.431705,-0.238812,1.480695,-0.576795,-1.363078
791,2,0.970669,0.452878,0.936274,-0.650080,0.602112,0.922784,0.739171,-0.598510,0.756795,0.572528,0.415935,0.470365,0.846662,0.676067,-0.378654,0.345299,0.392581,-1.061216,0.144338,1.926687,-1.740764,0.446192,0.348363,0.999904,-0.101732,-0.238705,0.859373,-0.319179,-0.753796,0.171613,-2.335169,0.389322
792,1,-0.037355,-0.059876,0.125931,-0.790472,-0.529017,-0.460353,0.738993,0.078713,1.923210,2.321299,0.005510,0.904907,0.708373,-0.422090,-1.236571,1.175589,-1.589176,-1.068944,-0.130606,0.007700,0.762687,-0.610167,-1.353400,1.610961,1.228079,-2.302662,0.219763,-0.984522,-1.822435,-0.942673,-1.581544,1.130757
793,3,-0.721901,0.963267,0.297959,0.593638,-0.233227,0.148926,-0.063636,0.251594,0.432290,-0.239966,0.240146,1.308310,-0.081534,-2.504289,-0.306784,0.598686,1.245424,0.367590,0.082276,0.025911,-0.490800,-0.543272,-0.185525,1.494078,-0.127277,1.330870,1.680653,0.337119,0.374544,0.921598,-0.114026,1.104247
794,0,0.852187,-0.213832,-0.181638,0.011667,-0.918139,0.339142,0.118125,-1.521176,1.325165,-0.019561,-0.163387,0.770433,-1.443059,1.517587,2.064916,1.058347,0.814960,0.216480,0.923191,0.320968,0.361469,-0.096678,0.246046,0.788105,0.288957,0.058416,-0.911989,-0.058285,-0.430794,-0.536789,-0.403603,-1.087104
795,1,-1.435252,0.150323,1.324384,1.774093,0.346945,0.080155,0.440339,-1.133598,1.241821,0.397058,0.201473,1.339293,-0.755347,-0.378253,1.060618,0.932404,-0.596887,0.543030,-0.387969,0.393122,-0.667032,-0.241549,-0.540571,0.655488,-0.624498,-0.314612,0.487783,-0.645398,-1.237509,-1.441904,-1.840456,1.157824
796,2,-0.579526,0.529094,0.951646,-0.488176,-1.067242,-0.286497,1.274619,-0.805196,0.052161,1.246030,-0.652065,-1.069039,-0.440775,-1.759443,1.318805,-1.046809,1.660295,1.440959,-1.028406,1.501729,0.715329,-0.778487,0.486822,-0.889231,-0.868577,0.456379,-0.603850,-0.978221,0.975570,-0.026308,0.635906,-0.071437
797,2,0.679681,1.093733,1.844960,-0.729766,-0.136172,1.375119,0.400242,-0.630902,0.538381,0.705328,0.314949,-0.649598,-1.070425,1.127271,0.481719,-1.209988,-0.438359,1.130239,1.511080,-0.886534,-0.759075,-0.109283,-0.918136,0.472477,1.297799,0.165059,1.039725,0.558465,0.312397,-1.044264,0.530526,-0.862216
798,3,1.678720,0.177951,-0.328805,-0.216400,-1.076446,-1.077286,-0.702853,-0.703135,-1.444645,0.636921,0.767644,-0.244839,0.773655,0.417275,1.295204,-0.143210,-0.888049,-0.358252,0.117940,0.024679,-0.325008,-1.687753,0.029113,1.356282,0.822293,-0.670569,-1.662574,1.534001,1.252874,-0.360288,-1.510366,0.064431
799,2,-1.368747,-0.161386,-1.516352,0.930844,-0.422872,0.723201,0.665167,0.224703,-0.291554,-0.322625,-1.867771,0.929874,0.493593,0.409748,-0.033918,-1.271348,0.790926,1.158128,0.070613,0.389884,-0.312702,-0.502893,-0.358016,0.347789,0.515937,0.485571,-1.576166,-1.098684,-0.852591,0.753107,0.964837,-0.530874
800,3,0.651770,2.267291,0.210202,-1.347477,-0.713824,0.620229,-0.921422,-0.528521,-1.046762,1.849485,0.027782,1.127532,-1.088761,-0.917248,1.640195,-0.146517,3.014028,-0.315345,0.155040,0.060120,1.922662,-1.854110,0.076628,0.114123,-0.656583,-0.281664,1.326271,0.408913,-0.252111,0.625000,0.276761,1.288184
801,0,-0.267071,2.064962,0.030131,0.193787,1.814845,0.427834,-0.351129,-1.506776,0.283583,-0.531780,-0.666479,1.248749,0.023768,-0.224235,-0.418927,-1.732095,0.643464,-0.531317,-0.618193,-1.679387,1.832705,0.459998,0.130924,1.438783,0.609888,0.108326,-0.638460,-0.714679,0.087419,-0.648491,-0.181246,1.592295
802,3,1.833572,1.098085,-0.929148,-2.263789,-0.569743,-0.734373,0.439539,0.272495,0.702467,0.379733,-0.399767,1.142045,-1.314490,-1.410823,0.147287,0.600967,0.606926,-0.523218,-1.123729,-1.176166,-2.025960,-0.127375,0.702007,-0.382288,-0.429484,-0.022393,0.840107,-1.244778,0.692080,-0.857561,-0.084880,0.702215
803,2,1.031308,-0.423466,0.098766,1.622091,-1.193294,-0.650934,-0.031923,-1.291418,1.326468,0.473319,0.557231,-1.026790,0.150798,0.624002,1.424246,0.438549,-1.280405,0.943721,-0.459991,0.395336,-0.370585,1.549896,0.353658,0.080411,-0.552350,0.690010,-0.355304,-0.313777,0.076470,-0.002695,0.018432,-2.582613
804,1,-0.915496,1.825181,0.647478,0.844227,0.153009,-0.379670,-1.279376,0.931916,1.386792,1.889210,-0.028024,1.474023,-1.982644,-0.923506,-0.658538,1.354157,-1.719516,0.344958,0.934582,-1.424405,1.973795,-1.647772,1.024686,1.406544,0.617704,-0.053409,-0.248563,0.225745,-0.200313,-0.806097,1.328650,-1.405933
805,3,-0.881342,0.518539,-0.599724,-0.731427,-0.706321,1.488642,0.221238,-1.459778,-0.192252,0.286848,-0.245191,1.634927,0.074335,-1.649404,1.295095,-0.696493,-0.791376,0.011166,0.371989,0.062712,0.168617,-0.265379,-1.400516,-0.385352,1.446579,-1.826066,-0.155960,0.163190,0.746548,-0.345782,0.395463,0.379583
806,0,0.427678,-0.612996,1.148500,-1.472399,-0.101436,-0.067602,-2.131157,0.940800,0.502643,0.077516,-0.080546,-0.131177,-0.594771,-0.781587,-2.492149,0.608275,1.683313,0.995980,-0.246659,1.247165,0.078848,-1.010581,0.912019,-0.073135,0.530703,1.477176,-0.547872,-1.226507,-1.841586,-1.706958,0.826634,2.769410
807,2,0.768280,-0.430035,1.722996,0.940111,1.051010,-0.581175,0.541242,1.626217,-0.082853,-0.337226,1.397284,0.483388,0.983907,-1.371124,0.253160,0.222022,-0.359836,1.102438,1.099631,2.250506,-0.292532,1.826819,0.033816,-1.895111,0.043731,-1.555530,-1.599198,-0.210763,-1.160523,0.255036,-0.124955,-0.575371
808,2,0.674007,1.903380,0.171778,2.244262,0.894000,-0.890657,-1.275399,-0.394229,-0.321449,-1.301755,0.909921,-1.299213,0.383166,-1.018471,1.204970,-0.473860,0.476420,-0.653363,-1.681132,-1.007524,-1.928590,-0.884541,1.041863,-1.149274,-0.413743,2.248582,-1.658347,0.233364,0.045828,-0.759271,-0.459239,-0.325690
809,2,0.998134,-0.145998,0.869862,0.236703,-1.581128,-0.308277,0.497173,1.042227,0.616388,0.709441,1.138697,1.659895,-0.922240,1.406954,-0.373400,-0.106343,-0.855650,0.326626,0.123518,-1.662683,1.086643,1.523333,1.630034,-1.943272,0.259665,-0.681062,-0.423546,0.201536,-1.179905,-0.272490,0.761097,-0.722483
810,0,-0.940579,-1.135831,1.198281,-0.142256,1.894832,-0.033397,1.629367,0.417347,-1.531341,0.184785,0.096271,1.453405,-0.761038,1.388136,-2.294820,1.853322,-0.767000,0.476180,2.042067,-0.322637,0.744406,0.355754,-0.311993,1.344717,0.058282,-0.657571,1.687624,0.918413,0.275771,-0.737012,-0.053815,0.574066
811,0,-0.836663,-0.407597,1.231568,1.556384,0.585417,0.508673,0.383986,-0.470427,0.792301,-0.811319,0.737099,1.196877,0.734693,-0.229259,0.059191,-0.890234,1.073251,0.866411,1.106489,-0.242397,1.666878,1.544517,0.956679,-0.551067,-1.215475,-1.779313,-0.819885,-0.330180,0.810360,-0.946084,0.195628,0.070886
812,0,2.308537,-0.974894,0.832724,-0.097404,1.760215,0.203195,-0.633646,0.463261,0.421095,-1.161679,0.056416,0.062561,0.059363,-0.739002,0.583862,1.666346,0.105085,1.171707,-2.324107,-0.245570,-0.462287,0.213421,-1.038610,-0.972550,-0.504560,-1.074145,-1.675665,-0.355766,0.243727,0.238641,1.138909,0.211899
813,1,-1.276325,0.189696,-1.328815,2.171177,-0.118632,0.399804,-0.056683,0.778990,-1.573875,0.366056,1.765797,0.363818,-1.416135,1.291458,-1.215693,1.191708,-0.291031,-0.216782,0.777658,-1.119747,-2.788931,-0.076429,-0.387950,-1.303779,0.415702,-0.393227,0.861073,0.622480,-0.104295,0.070920,0.239224,-0.966514
814,3,1.117017,-1.589967,-0.171765,-0.084683,1.300406,-0.563124,0.040211,0.085863,0.053233,-0.015917,-1.692257,-0.037639,-1.062341,0.832004,-0.488652,-1.152099,-2.391883,-0.692252,0.576266,-0.340667,0.370569,-0.141003,-0.903858,-0.145887,-1.058565,-1.306130,-0.294175,-0.572258,-0.374995,-0.774751,-1.378570,0.941834
815,1,1.507949,1.040397,1.062491,0.171604,-2.407663,0.286637,0.460441,0.557189,0.296104,-0.037980,0.122625,0.090955,0.245019,-1.389830,-0.262326,0.005370,-0.359922,-1.289305,-0.023931,-0.089366,-0.040769,-0.191969,-0.257486,0.209438,-0.282815,2.018750,0.041330,1.137452,-0.394983,-0.427788,0.018206,-0.605885
816,2,0.517078,0.015562,-0.139262,1.562548,-0.472952,-0.025021,0.008800,0.806122,-0.103189,0.615623,-0.091008,0.503349,0.226376,0.058451,-0.479583,-0.384237,-0.363709,-1.012478,1.306770,-0.575575,-0.155166,-0.178662,-2.430802,-1.721877,0.821170,-0.639584,-0.664942,-0.191863,-1.194659,0.567713,-0.936736,0.004158
817,1,0.689249,-1.784632,-0.574267,2.238923,-0.997907,-0.261258,-0.721268,0.237394,0.131086,-1.722499,-0.394009,0.225424,-1.573325,-0.436783,-0.612302,-0.843789,0.951602,-0.609727,-1.011569,1.153900,-0.685570,-0.082116,0.603113,-1.361826,-1.243325,1.232016,0.547545,0.252976,-0.445676,-0.636454,0.169256,-0.220197
818,0,0.239427,0.279893,1.225691,0.355910,0.898156,1.518966,0.091733,1.663333,0.535227,-0.222244,2.324265,-0.245554,0.207121,-1.639018,1.346145,0.276547,-1.145157,0.069162,0.962709,-0.503320,-0.033679,0.358677,-1.277936,0.349256,-0.950808,-0.514871,0.783535,-0.202716,2.267168,-0.865702,0.260659,0.308339
819,3,0.295521,-1.525909,0.204631,1.062529,-0.207768,2.281787,-0.983340,-0.293165,0.896603,-1.122847,-0.044230,1.632624,1.588787,0.553260,0.202352,-1.140552,0.017692,1.037814,-1.142358,-0.412198,1.509448,1.517025,-0.455924,0.107787,-0.033868,-1.599799,0.551930,-1.001611,0.242363,0.108527,0.726598,1.292298
820,3,-1.216043,0.040981,-0.893899,0.698218,0.210815,1.607496,-1.183573,0.465735,0.810744,1.578454,-1.998637,-0.401047,1.168267,1.818459,2.259728,-0.008617,1.233743,1.232593,0.264945,-0.368696,-1.356239,0.818170,-0.955090,0.708475,1.283825,-0.136029,-0.906431,-2.298160,-0.766886,-0.500759,0.004084,1.808639
821,3,0.051950,-0.484455,-0.878937,0.584914,0.796503,0.100623,0.247697,0.870731,1.555151,1.021107,-0.433407,1.643227,-1.884545,-0.028435,-0.400701,0.719107,-1.115861,-1.153334,-1.512993,1.100051,-0.593033,-0.502043,1.176371,-1.082758,-2.501817,-0.162662,0.195012,0.338080,1.889145,0.378857,1.724024,0.791301
822,3,-0.742206,-0.901437,-1.838027,-0.576586,0.026493,0.724127,0.390318,1.034744,1.549019,1.506674,0.024112,0.981944,0.115594,0.925497,-1.260856,1.024388,-1.144321,0.712713,-0.261596,0.275826,-0.555672,-0.588569,0.254903,-1.058861,-0.353826,2.288412,-0.993210,-2.883234,1.048201,-0.954650,-0.709978,0.702006
823,0,0.085194,0.930959,-1.330881,1.173928,0.299048,-0.917676,1.859012,0.355352,0.185991,1.215673,0.252043,0.010210,-1.688460,-0.391077,0.338120,-1.203592,0.448815,-1.185747,0.715190,-0.009919,-0.766930,0.539673,0.150237,2.888744,-0.546684,-0.543290,-1.106039,1.712883,2.659027,-1.473419,-0.675097,-1.742239
824,3,1.376606,-0.089099,-0.532694,0.371434,-0.108221,0.668233,0.226310,0.239057,0.759250,0.068053,0.343278,0.031854,-0.558298,-1.725101,-0.323158,-0.117212,-0.223993,-0.348038,-0.199298,-0.512723,0.341413,1.162819,-1.274174,-1.087203,-1.248935,-0.118958,1.406826,-1.834141,-0.760315,0.404579,-0.504546,-1.063772
825,2,-1.755617,1.188363,1.357049,0.847817,1.095989,1.214639,-0.910269,0.410077,-0.332552,-0.057362,0.915024,-1.705730,0.347131,1.838254,2.309051,1.357024,0.619423,1.298872,0.840894,0.549210,0.423506,-0.712052,0.389646,-0.043261,0.742977,-0.797259,1.420167,0.016472,0.348917,-0.073527,0.172835,0.274890
826,3,-0.481577,-0.560985,0.346785,1.705219,1.855317,0.090346,-0.257189,1.088016,-0.211010,0.336119,-0.389089,1.474267,-1.046463,-1.206813,-0.767090,-0.922767,0.354685,0.128979,-1.899029,-2.001381,-1.962695,-0.225021,-0.740020,-2.609346,-1.228221,0.477425,-1.739178,0.009397,-0.031142,1.628306,0.813466,0.228426
827,0,1.406222,-0.104252,-0.632905,-1.262877,0.609525,-1.182905,-0.483217,-1.233859,0.217985,0.940103,0.311955,0.368861,0.577846,0.812057,0.743091,0.283337,0.265411,-2.197225,1.183747,1.081625,0.654488,0.762651,1.440006,0.255901,-0.435175,-1.146887,-1.052317,1.551856,0.336449,-1.217703,-0.975629,-1.553010
828,1,2.134280,0.352951,0.695246,-0.658609,-0.178900,-0.581391,-0.858322,-1.354431,0.220519,0.435367,0.161326,-0.971205,-0.502529,-0.683841,-0.615124,-1.524050,-0.325097,0.130603,-0.790363,0.138069,-0.838885,0.391682,0.348677,-0.611557,-0.260379,0.879188,-2.027987,0.005199,-0.882194,0.469850,0.070980,0.414339
829,2,-0.648142,1.525494,0.555090,0.586776,-0.063872,0.428114,-0.333291,0.841293,0.663858,-0.870201,1.231869,1.655189,-0.787199,0.447218,-2.151399,0.339080,0.345450,-0.228334,1.756492,0.607690,-0.527161,0.932201,0.672692,-1.310859,-0.222422,0.916435,-0.921512,-1.679261,0.744625,0.393801,-0.450149,-0.642871
830,1,-0.163869,-0.305253,0.362826,0.110879,1.189528,-0.663016,0.329442,1.223785,0.119851,-1.664721,-0.885917,-1.371816,1.049754,0.395933,-0.163479,1.137428,0.654963,0.507205,-0.416456,0.902419,-1.770716,0.336640,0.185544,0.763672,0.047923,-0.507874,0.346405,-1.193047,0.235295,1.150856,-0.623691,0.971482
831,3,1.170490,0.566362,-0.009332,1.669401,0.285756,-1.211739,0.491185,0.510501,0.294462,0.828072,0.909309,-0.947072,-0.837614,0.869965,2.311311,-1.415227,0.061723,-0.673443,-0.808785,-0.772681,0.233777,-0.956286,-0.187783,-1.379593,-0.749375,0.774841,0.989269,-0.088886,1.708098,-1.097389,1.533149,0.058730
832,3,-0.258977,0.481882,-0.547888,0.706379,-0.219512,-1.420126,-1.380020,0.369259,-0.877412,0.003039,-1.302117,1.030754,0.412882,-0.156385,1.146174,0.629379,0.737850,-0.028008,3.182102,0.278712,-0.940975,-0.248996,-0.225617,0.467359,-0.482388,-2.360661,1.013415,-1.750522,-1.754873,-2.505030,1.365473,-0.197320
833,0,-0.145723,1.466405,0.879074,2.319230,-1.076839,0.319703,1.771691,0.242072,-0.189921,-0.071616,-0.930908,0.669974,1.749957,-1.481282,1.820120,0.030412,0.910560,-0.364505,0.076873,-0.669017,-0.325048,-1.101170,-0.107428,-0.910138,0.336130,-0.405018,-0.058609,-0.329487,1.596011,-1.671457,2.154804,1.273930
834,1,-1.101958,0.503721,0.160306,-0.510832,-0.488093,-1.010206,-0.331051,-1.090982,1.436391,0.621636,-0.566946,-0.456531,1.933347,0.627207,1.300960,-0.006682,-0.232347,0.385071,-0.425655,0.959339,1.228495,0.292398,-0.634811,1.172651,-0.061685,1.429531,1.098522,0.983795,2.446378,0.109152,-2.052074,-1.003312
835,1,-0.929422,1.254501,0.935292,-0.789889,0.147877,-0.856153,1.223288,-0.357668,-0.701621,-2.061156,-0.463388,1.314748,-1.060016,-0.522113,-0.882838,-0.340709,0.193938,-0.581629,0.065083,0.231653,-0.425204,0.473539,0.287649,0.861326,0.011622,-0.902941,-1.921095,0.610928,0.919168,-0.660987,1.830254,-1.511447
836,1,-0.815813,1.116881,0.495724,-0.404148,-1.069612,0.354091,-0.255677,0.945517,0.826817,0.004431,-0.084465,-1.230160,0.358507,0.037750,-0.258451,0.048177,-2.352082,-0.715384,1.068413,-0.584846,0.670385,0.792675,0.249105,-1.147956,-0.352549,-0.738018,-0.524145,0.028800,1.466196,1.807123,1.334527,-0.056945
837,1,0.544492,0.367264,0.097761,-0.774173,1.311344,-0.861125,1.345708,-1.081785,0.772508,1.401532,0.122739,0.118876,0.303555,0.427985,-0.223754,0.995951,-0.557637,-0.444645,1.715940,0.825260,0.277205,0.634965,0.986402,-0.671765,-1.576886,-1.828993,1.783504,-0.532351,-0.947894,-0.668820,1.026331,-0.144389
838,2,-0.403760,0.197668,1.667724,-1.073258,-1.395816,1.317142,1.425505,-0.000553,-0.563376,1.697157,0.519351,0.209984,-0.666453,-1.157311,-0.333549,-1.348699,0.394034,0.985975,1.174117,0.690953,1.618910,0.504683,0.504921,-1.008069,0.550202,1.493089,-0.054392,-0.958250,-0.183704,0.360217,1.961590,0.160107
839,2,-1.398729,-0.766639,-0.285617,1.765005,-0.595236,-1.463742,1.283849,-0.648315,0.043173,-1.124480,0.730921,-1.142996,-0.471246,0.593580,-1.488021,-0.591776,-1.685092,0.081791,-0.723653,0.347307,-1.545903,1.111469,0.697597,0.174150,0.189043,-0.583189,1.283087,-0.478228,-0.268675,0.109315,-0.249753,1.831711
840,3,-0.441815,-2.304522,2.011109,0.477492,0.099960,0.978903,1.129812,-0.135121,-0.300178,-1.076204,-1.261065,0.799323,0.087236,0.406951,-0.605325,-1.119391,-0.527163,0.078416,-1.377721,0.740167,0.171912,-0.499144,-2.078113,-0.436453,-0.837002,-1.346457,0.156723,0.731101,1.184075,0.921240,0.043082,1.344918
841,3,0.775441,-0.266939,0.073151,1.844656,-0.198148,-0.928648,-1.269351,-0.486528,0.129147,-1.319659,0.771254,-0.777530,1.150003,-0.026493,0.450855,-0.676191,-0.987369,0.251909,1.177293,-1.002600,-0.964089,3.086907,0.039596,0.640577,-0.574623,0.386375,-0.812990,-0.546821,0.115590,-0.193551,-0.025318,-1.503983
842,0,3.403829,0.253981,-0.861591,0.757258,0.195160,0.144709,0.014530,-0.833686,-0.714819,1.148542,0.289817,-0.121791,-0.507164,-1.656040,-0.574899,0.447692,-0.096584,0.401445,-0.756079,-0.523641,-1.647168,-0.812465,-0.754522,-0.285805,-1.085898,-1.390794,-0.956754,0.190723,0.201539,-0.270389,1.020000,-0.346456
843,0,0.412745,0.956439,-0.403401,0.471401,-1.518427,-1.310781,-1.482783,1.445476,-2.059548,0.290305,0.052703,-1.699755,-0.632464,0.519796,-1.126034,-0.161566,0.363048,0.305590,0.535234,2.504999,-1.310984,-0.526621,0.371269,-0.638602,-1.557856,-0.700266,1.036235,-1.507853,-3.196429,0.633526,0.750880,0.696954
844,1,0.680993,1.554456,-0.847921,-1.301510,1.082450,-0.235932,0.565475,0.340685,-0.307894,0.580622,-1.568189,-2.181032,-0.159060,1.312033,0.401879,-0.233731,-0.709170,2.183724,-0.607063,-0.175893,-2.313125,1.293215,-0.179877,1.960392,0.538741,1.087910,0.072101,-1.683412,0.627438,0.077414,-1.498681,-0.562840
845,0,-0.484743,0.640252,0.506039,-0.177417,-0.082693,-0.160600,-1.693958,-0.984000,1.513811,-1.244579,0.894621,0.686865,0.096618,-0.100445,-0.122611,-0.999491,-1.907252,0.996914,-0.201734,-1.041896,0.468286,0.793906,0.714230,-0.049148,-1.662344,1.866512,-0.957257,-0.373004,1.300651,-1.091911,-0.833424,-0.444215
846,0,0.965877,-0.969068,-1.270397,-0.069102,-1.351715,0.868419,-0.072196,0.407456,0.354882,-0.327832,-0.497680,-0.485438,0.566861,1.105878,-0.716348,0.497193,-0.086916,-0.034223,0.085944,-0.147760,1.114959,0.047647,-1.154420,-0.225717,1.552385,-0.577090,-0.580269,-0.566795,-0.285366,2.522447,1.820811,0.612297
847,1,1.511231,0.742674,0.313282,-1.661240,-1.784079,1.365828,0.270714,-0.802841,1.172374,-1.756316,-0.664199,0.834281,0.345582,0.529505,-1.513489,1.430577,1.203550,-0.510427,1.438123,0.668364,0.644289,2.988066,-0.866327,-1.615019,0.050278,-2.850770,-0.630243,1.141059,0.506231,-2.458559,-1.129675,-0.596004
848,1,0.992997,2.037820,1.158773,0.446093,0.626488,-0.305870,0.147953,-0.671713,0.382302,-0.363596,-0.221335,-0.719792,-0.118990,0.084767,-0.269855,-0.857312,-0.208709,-0.273914,-0.050482,0.763124,-0.320895,0.743741,0.125580,0.597935,-0.071430,-0.323980,1.397084,-0.670123,0.055516,-0.281564,-0.412054,0.299480
849,3,-0.913269,-2.511309,1.459870,-0.498833,-1.634209,-0.113044,-0.330903,0.066864,1.095826,-0.668690,1.354399,-0.019513,-0.014898,-0.263449,-0.452211,0.649430,0.541895,-0.046516,-0.187032,-0.955839,-0.526564,0.728296,-0.610878,-1.890696,0.757153,-0.704559,0.121543,-0.089440,-0.162714,0.285380,0.807861,-1.131065
850,0,1.675850,-0.526667,1.024765,0.211458,-0.006818,0.217322,0.028868,-0.444482,-0.180236,0.844542,-0.798166,-1.182367,0.127621,0.764401,0.235950,-0.991092,-0.367558,0.662926,-0.867105,-1.015183,-0.902393,0.561206,-0.663007,0.077107,-0.092162,-0.945627,0.164300,0.773778,0.557850,-0.405040,-0.431457,0.904788
851,3,0.772055,-1.098976,0.666266,-1.537499,0.102670,0.006061,0.494771,-0.928584,-1.530375,-0.045584,-0.733120,-0.926769,0.063966,-1.058765,0.187250,-0.405429,0.177669,-0.688949,-0.298470,-0.196344,0.426056,-0.566035,1.151991,-0.160688,-0.090190,-0.045145,-0.957370,-0.714153,0.443974,1.437156,-1.771475,0.155130
852,0,2.051543,-0.432698,-1.957511,-0.199398,-2.063549,-0.342001,-0.811089,-0.402739,-1.208868,1.680481,1.525201,-0.754151,0.430634,0.593763,-0.762895,0.795674,-0.573581,-1.379337,-0.197864,-1.152623,-0.603963,-1.550703,0.516135,-2.062761,1.623551,0.287127,-0.244067,-0.936696,0.425496,1.767655,-0.219201,-0.560339
853,2,-0.090716,0.221324,-0.708951,1.521776,-1.481385,-1.444284,0.496382,0.558839,-0.038906,-0.603595,1.265518,1.186080,-0.890217,-0.365049,-1.207322,-0.918984,0.749710,0.620790,-0.080016,-0.576396,0.063855,-0.356819,0.727555,1.708161,-0.087264,0.443066,-0.517097,-0.899804,1.154128,0.246700,0.174802,0.479393
854,0,1.467946,0.366071,0.656366,-0.037730,-1.222281,1.998494,-1.263421,-0.506340,1.833314,-0.964582,0.394091,-1.306112,0.675009,-1.995425,-0.781784,-0.591794,-1.560575,-2.119454,1.837039,-0.056085,-0.881897,1.866481,-0.708743,-0.102532,-0.618173,0.313442,-0.685063,-1.436434,-0.143054,-0.779694,0.243697,-1.153050
855,3,-0.064959,-0.679957,1.322288,2.101567,-0.961307,-1.251674,0.979748,0.320748,0.784561,2.784110,-1.085141,-0.822244,-1.465466,0.530916,-1.150041,-0.313023,-0.078914,-0.941674,-0.395626,0.287817,-0.827081,-0.131926,0.327007,0.909858,0.448252,-0.300005,0.325301,0.177540,0.227185,-2.777583,-0.053538,1.233950
856,3,-0.640193,-0.753545,1.022029,-1.468278,-2.096220,-0.773641,1.426018,-1.342408,-0.938677,-2.780087,-0.390979,0.945855,1.494521,0.463019,0.007127,0.914628,-1.457163,0.593309,-1.752451,0.299441,-0.023407,-0.948071,0.416592,-0.997540,-1.123337,0.167747,-0.581352,-1.158140,-0.014315,-2.463961,-1.343877,-1.783447
857,1,0.429053,0.951285,0.878903,-0.352866,-0.643639,-0.392918,-0.151593,0.768868,-0.412624,0.057021,-1.347439,0.321697,-1.006173,0.667134,-0.348886,-0.821789,0.337072,0.415798,0.842918,-0.951021,0.378554,0.048925,1.060685,-0.037191,-0.840862,0.719903,-0.478518,1.575361,1.610184,-0.537793,-0.476322,-1.426520
858,2,0.516222,0.987343,0.520993,-0.955415,1.311179,1.461614,-0.289338,-0.377656,-0.671888,0.353100,0.554143,0.370927,0.282841,-0.905992,0.209182,0.257742,1.585184,0.882977,-1.090755,-0.200656,0.701188,0.115953,0.454565,-1.089025,-0.063364,0.072663,-0.483004,-1.016897,1.657416,0.261941,-0.873792,0.044123
859,3,1.215023,-1.395855,1.951306,0.013546,0.511166,-0.885126,-0.324953,-0.864054,-0.809344,-0.442650,1.414935,0.311834,0.202626,-0.969589,-2.045719,0.422807,-0.034832,-0.082447,-0.309154,0.756023,-1.172608,1.307572,0.143793,-1.811210,0.467100,0.411781,-0.932432,-0.214573,0.517902,0.721635,-0.704696,-0.478283
860,0,0.150563,0.843211,0.688076,-2.646376,0.118256,-0.515393,-0.472061,-0.822986,0.097603,-0.046974,0.528696,-0.636718,0.063331,-1.088465,0.935143,0.990600,0.685687,-0.020804,0.432521,0.535842,-1.055368,-1.820004,-0.172771,-0.340575,0.593555,1.295805,-0.549329,-1.171612,-0.660448,-1.022124,2.588992,-1.376430
861,0,-1.372984,0.552321,-0.596654,-1.853569,-0.898322,0.288435,-1.353503,-1.523569,-1.226784,-0.172648,1.330478,0.400269,-0.619309,0.541668,-1.161782,0.591260,0.207891,0.475554,-1.303705,0.303320,-0.878213,0.937333,0.796454,2.006893,0.166358,0.899329,-0.718160,-0.654084,-0.466977,-1.686259,1.875934,-0.990899
862,0,-0.624403,-1.437655,-1.120568,1.937099,-0.000430,1.392865,0.146927,-1.452514,-0.222465,1.261004,-0.194371,0.230248,0.876346,1.208237,1.150967,0.874039,-1.032124,-0.395310,-1.115626,-0.326839,1.585637,0.014567,-0.907376,-0.345354,1.016173,-0.033905,0.475301,2.124599,-0.025930,0.528780,-0.088534,0.061118
863,1,-0.375175,0.871534,-0.146189,-0.817590,0.669040,-0.844894,-0.307864,1.705961,-0.404331,-0.261778,0.219859,0.627032,-0.644622,-0.213500,0.989995,0.046642,0.698162,0.418941,-0.279033,-0.310017,0.497128,-0.287309,1.785473,-0.084671,0.325236,0.801006,0.835003,-0.129801,1.110472,-0.105971,1.610507,-1.366007
864,3,0.204283,1.720100,0.130455,1.470366,-0.164340,0.659726,1.067459,0.500826,-0.023255,-0.544404,0.088553,0.558565,0.674283,1.149423,1.322762,-0.523232,-0.925841,-0.911613,-0.306112,-0.367755,0.655763,0.369652,0.336828,0.000959,-0.869123,0.006636,1.568233,2.095823,-0.852672,0.531210,0.240511,0.396606
865,3,-0.875544,0.399734,1.614841,0.885182,1.204779,-0.295919,0.672570,-1.186380,0.963585,-0.932821,-1.250634,-0.394866,0.225652,-1.236262,0.663845,0.826836,-0.902291,-0.654876,-1.658099,-0.308745,-0.138978,-0.145144,1.052598,-1.072323,1.413922,-0.535046,-1.034205,-0.594254,0.504298,0.551342,-0.072429,1.538482
866,2,-0.595247,-1.107202,-0.695252,1.909741,-1.322136,1.025398,1.942633,0.065621,1.976626,-1.888849,0.688434,1.344918,1.980237,0.279616,0.425561,-0.776637,-0.230112,1.810107,0.094857,-0.078731,-0.879671,0.239614,0.620626,-0.899991,-0.290380,-2.342026,-0.336800,0.251095,0.025646,1.158213,-0.088162,-0.246144
867,3,-0.088794,0.169759,0.226575,-0.133152,-1.118299,1.778509,1.245329,-0.586115,0.321215,1.551746,0.751864,1.490321,-1.023630,-0.679202,1.391798,-0.685979,0.787785,0.492957,-0.659151,0.756219,0.249575,0.494908,-1.990374,0.990506,-1.338749,-1.079595,-0.336691,-0.208191,-2.104030,0.529907,1.176086,-0.492943
868,2,-0.822355,0.777404,-0.796800,-0.006020,1.538159,0.468957,-0.757027,0.243066,-2.380774,-0.319194,-0.341818,-0.172527,0.613576,2.076521,-0.851685,-0.789118,-0.821913,0.795319,0.615499,-0.418176,0.289887,-0.673757,-0.287070,-0.074921,-0.131827,1.695789,0.228847,-0.027016,-0.569909,-0.851570,-0.226871,-0.812360
869,2,-0.228865,-0.274404,-0.378275,0.528638,-0.298931,-0.297395,0.235593,0.785645,-1.726093,0.064041,0.499737,1.514970,-0.760385,1.397832,-0.780931,-2.055080,-1.186751,-1.103911,0.741842,0.124276,0.849503,-0.824148,-0.367916,0.897240,-0.265558,0.024789,-0.149287,-0.768091,0.910409,0.035819,-0.417808,-0.207325
870,1,0.648434,-0.280101,0.070266,0.575617,-0.903431,-2.090635,-0.245957,0.628242,0.075847,0.893826,0.518036,0.061470,0.994854,0.268807,-0.390774,-0.911856,1.508395,0.774025,0.597254,0.187449,-0.031671,1.133248,-0.122715,0.947779,-0.821281,-0.275638,-0.221285,-1.100052,-1.146358,0.167982,-1.305593,-0.125749
871,0,0.952902,-0.806842,-0.981041,-1.023994,-0.425625,1.309673,-0.419006,1.824513,1.670213,0.358573,0.269636,-0.106574,-1.602493,1.810772,-0.165524,-1.050371,0.205198,0.674190,-1.101207,-1.140302,-1.349014,0.641067,-0.128715,-0.112118,0.562196,0.362725,-0.076285,-1.299743,-1.558729,0.697521,-1.514970,-1.164753
872,1,1.580131,0.406733,-0.156892,0.388300,0.191153,-0.431841,-0.180897,1.266965,-0.049034,1.072696,-1.226095,0.427604,0.309342,-0.692068,-0.596035,-1.049503,1.205523,1.279174,-1.131636,1.299736,3.396006,0.180496,-0.924107,1.303721,0.347467,0.645792,1.126464,0.991349,0.316554,1.889131,-0.882453,1.522941
873,1,0.519654,1.283521,-0.231449,0.623817,-1.045357,0.455018,0.716477,-0.503099,-1.133616,0.466506,0.676415,1.090928,1.456214,-0.682252,-0.531145,-1.523488,0.004060,0.118995,-0.345814,0.091610,-0.314065,0.013650,0.411708,0.348395,1.639504,0.837354,1.387157,0.449314,-0.370726,-1.603678,-0.701151,0.450364
874,0,1.379739,-0.086250,0.687846,1.745704,-0.752440,-1.192785,0.198315,-0.487781,-0.431282,0.056209,0.343029,0.380699,0.361321,1.320069,0.409817,-2.024439,-1.009386,0.508012,1.857813,1.049715,-1.766370,-0.215078,0.640181,-0.054441,-1.242888,0.863673,1.555243,-1.541914,2.207103,-0.377143,-0.027689,-1.503905
875,3,1.169796,-2.313849,0.148641,1.189762,0.202235,-0.741273,0.225169,-1.426100,-0.267428,-0.743865,-1.367363,0.063812,-0.555671,-0.748566,-0.657831,-1.407340,-0.593325,0.266658,1.145228,-0.565468,-1.446352,1.235667,-1.181149,-1.741497,-1.820729,-0.449347,-0.521321,1.188064,-0.574787,0.755461,0.355953,0.494074
876,2,-0.770979,-1.085991,0.603274,0.743785,1.412444,-0.791092,-0.423405,1.305177,2.123878,0.338662,-0.768635,0.247517,-0.804759,-1.360225,-0.251510,0.193406,-1.264428,-1.269733,-2.371762,-0.421213,-1.325181,-0.382893,-0.377530,0.050769,1.034661,1.013220,-1.049983,-0.021507,0.779550,0.126351,0.665472,0.767699
877,1,0.552644,0.910436,1.782902,0.288945,-0.568773,0.350211,0.847921,-0.289503,-0.746494,-1.056011,-0.551429,-1.407484,0.949879,-0.498783,0.589992,-0.925530,1.166170,1.160799,-1.018857,0.045699,0.407043,0.592464,1.391981,2.043235,1.523037,-0.372583,2.268740,-0.871516,-0.196398,0.652841,-0.947925,0.390220
878,2,-1.154571,-0.849793,1.899762,-0.903446,-2.038063,0.570965,0.125371,-2.076941,-0.389001,-0.356875,-0.082445,-0.411020,-1.196254,-1.317179,-0.143763,-2.238581,-1.040565,-0.924434,-0.513099,-0.701605,1.164967,-0.865582,1.567113,0.738806,-0.497252,0.807040,-1.586029,-0.784357,-0.220543,0.617868,-1.477772,0.292294
879,0,1.303512,0.576329,2.110540,-2.300823,0.633886,0.544487,0.831477,-0.277392,1.276273,-2.476777,1.601512,-1.084402,1.243003,-0.899793,0.772070,-0.404640,-0.553999,1.125571,-0.348638,1.076908,-0.785719,-1.218206,-1.160362,-0.666208,0.677199,0.236455,0.123782,1.094933,0.042338,-0.716218,-1.112484,-1.950199
880,3,0.283459,-0.692156,1.326200,-0.365842,1.313721,0.481809,-0.719316,-0.287923,1.487662,1.795372,-0.091917,-0.428517,0.195257,0.156037,0.585483,0.561580,0.331767,-0.404934,-0.995449,0.920170,1.552312,1.816975,0.523100,2.671841,-0.263927,0.086833,-0.488659,-1.958575,1.016824,-0.342387,-0.213235,-0.585596
881,0,1.159113,0.936281,0.162066,1.272512,-0.563397,0.009322,0.064873,1.716126,-1.828374,-0.191506,0.209299,-0.036700,0.316945,-0.845771,1.501900,-0.840024,0.383021,-1.892275,-0.813468,2.036661,-1.639971,0.131429,0.403781,-0.981022,1.517784,1.104417,0.813394,-0.575892,-0.824432,-0.518618,1.083932,2.718035
882,3,0.058211,1.359250,-0.094973,1.838185,0.315711,0.134593,-0.078657,0.520907,0.365802,0.633574,-1.293772,-1.226679,-1.974799,-0.794269,0.197494,-1.011325,0.694963,-0.944942,-1.320196,-0.508690,0.752535,0.896431,0.667938,0.483915,0.363892,0.619025,1.904295,-0.270674,-0.728698,-1.366819,-1.343124,0.396808
883,2,-1.122137,-0.121377,-0.106654,1.468061,-0.204026,1.359491,1.547775,0.240770,-0.644796,-0.182265,-1.616620,-2.220350,-0.350361,0.958137,-1.008155,-0.262157,0.130270,1.901461,-1.622502,-2.168337,-0.810849,0.561398,-0.243885,-0.818625,-0.704193,-0.450907,-0.621339,1.722735,-1.795490,-0.750226,-0.596097,-0.076987
884,2,1.953535,-0.422284,-0.897929,0.444875,-0.130881,-0.593493,-0.009769,-1.182968,0.120456,-0.164332,0.260475,1.126234,0.606764,-0.054944,1.790097,0.776121,0.550394,-0.873152,2.022898,1.469139,-1.949740,-0.610035,-1.386917,-0.741496,0.565009,-1.544861,-0.882802,0.657915,1.405135,0.042093,0.184228,0.788012
885,3,-2.080169,1.857554,1.718063,-0.613662,2.139355,0.415619,1.335770,1.005920,-0.307338,0.636052,-1.433302,0.483868,-1.239604,-0.064046,1.041523,-0.728605,0.407393,0.978772,-0.223607,0.767627,0.815754,-1.177758,0.284202,-1.275854,-2.051151,-1.014088,-0.825080,-0.277916,0.749115,-1.298135,2.699366,0.752141
886,3,0.720217,-1.191710,-0.933520,0.353985,0.669786,1.064132,1.228301,0.392153,2.210258,0.531655,1.656373,-1.719107,1.424458,0.042059,-0.206524,0.734408,1.542530,0.369118,1.865886,-1.434751,1.021844,-0.873300,-0.061994,-0.264247,1.249089,0.435764,-0.105629,-0.817490,0.719711,-0.578576,-0.051037,-1.006837
887,1,-1.554477,0.659819,-0.478038,-0.120303,-0.558365,-0.471036,-2.488585,-0.601599,-0.490844,-0.403900,-1.479366,1.087225,0.563110,-0.021900,-0.306800,-0.558639,0.699672,1.037337,1.219874,0.519848,0.786132,-0.075254,-0.825424,-0.012668,-0.266584,-1.016467,-0.944588,-1.739518,0.501565,0.940920,1.300100,0.652189
888,3,-1.589778,-0.829494,1.697505,-0.732161,-0.586704,-0.683470,-0.865542,-1.253095,-0.195311,0.450185,1.204053,-1.019613,-1.290726,-0.307997,1.974851,-0.215529,-1.008043,0.189815,-0.589493,0.500513,-1.050362,-2.168873,0.045466,-0.976181,1.036221,-1.442533,-0.068783,1.284731,0.038037,-0.938487,-0.106105,-0.546577
889,0,0.693872,-0.658200,0.095881,-0.404262,1.708566,0.343094,-0.314899,-0.769414,-1.744083,0.118382,1.084791,-0.147064,-0.576325,0.059996,0.208055,0.095627,-0.328904,1.020309,1.220845,-1.432239,0.893077,0.092694,-0.033604,1.103402,-0.249216,0.125695,0.545239,-1.246331,-0.606226,0.481834,-0.591802,0.532179
890,0,0.202936,-1.935187,-0.045945,-0.076216,1.232133,-0.002812,0.091100,-0.401467,-1.259017,0.858121,-1.619448,1.122326,0.520816,-0.254141,0.921500,0.325731,-1.622091,1.195653,-2.415339,0.849687,1.317000,-1.653741,-2.155114,1.249949,-0.081508,0.127856,0.582161,0.497693,0.839222,0.431693,1.929368,-0.483065
891,3,-0.249634,-0.457782,-0.945571,0.116827,-1.095316,0.505195,0.027703,0.956391,0.105312,0.202384,-1.061266,0.316384,-0.543448,-0.616321,-0.630908,0.123897,0.951174,-0.879310,0.241608,0.556718,1.229828,0.219338,0.023248,0.528462,-1.502492,0.193627,0.010178,-2.135172,-0.622261,0.471452,-0.095149,2.172222
892,0,-1.405718,0.927082,-1.049499,0.394333,0.341558,1.742953,0.212149,-1.074473,0.218072,0.649082,0.535235,-0.287603,0.398395,0.532225,-2.634737,0.487348,0.363434,2.689071,0.806706,-0.288173,0.500590,0.142674,-0.794680,-0.681708,-1.117033,-0.848004,-2.327848,-0.696176,0.402164,-1.241288,0.854188,-2.151893
893,1,-0.342222,-0.324491,0.129882,0.804638,-0.271257,0.323406,0.078201,-0.481581,0.005506,0.090318,-0.775688,-0.406785,-1.351748,1.111243,-0.659676,0.225475,0.805472,-0.260539,-0.553998,0.944369,-0.267524,-0.520753,-0.073026,0.863152,0.220373,-1.090007,-0.706856,-0.213239,-0.186432,0.312033,-1.104957,-1.059040
894,1,-0.595190,1.766509,-0.663033,1.714289,0.442331,-0.401614,0.523238,0.388830,-0.444031,0.007733,0.871689,1.256875,1.027467,0.928984,1.944176,0.584574,0.350688,0.421618,0.377100,-0.590771,0.833316,-0.332761,-0.346465,-0.362178,-1.470168,-3.165065,-0.554608,0.623941,-0.086601,-0.572309,1.284296,-1.797473
895,1,-2.346816,0.240813,-0.577078,-0.941730,1.003982,0.979252,0.851746,0.312878,-0.551856,0.507403,0.905892,0.177555,1.169769,0.986526,0.377025,0.190760,1.638693,-0.666594,0.258179,-0.699982,0.154629,1.050620,0.421618,-0.182305,0.093301,-0.266453,0.459622,-0.629239,0.313012,-1.228135,-1.314855,0.325058
896,1,-0.461098,1.566889,0.316309,-1.414724,-1.446788,0.151865,1.617171,1.511206,0.450808,-1.520999,-2.139004,-0.807958,-0.890081,0.781011,-0.085047,0.403583,1.505213,0.405293,-1.568725,0.154683,2.277045,-0.549512,-0.515026,0.491566,2.270116,-1.056894,-1.008126,1.595291,0.080447,-1.358689,-0.927079,-0.876508
897,2,0.596849,1.027933,0.246013,-0.092287,-1.913233,-1.392205,1.518473,1.321222,-1.502549,0.953075,0.367540,-0.830636,0.170228,2.448094,-0.470076,0.151855,1.994850,0.324875,2.705262,-0.285664,0.252489,-0.473244,-0.223168,0.463957,-0.618664,-0.686985,0.191235,-0.465941,-0.006172,-0.778136,-0.211358,0.226989
898,3,0.254548,-1.047538,-0.120227,0.927084,-0.467233,0.269085,0.419045,-1.416305,-1.612870,-1.863258,0.808140,1.264317,-1.588887,0.616628,1.699031,-1.816073,-0.084103,-1.547215,-0.487177,1.263430,-2.069434,1.165787,-3.117770,-1.409188,0.641252,0.373277,0.928467,-0.273803,-0.123966,-1.136011,0.075476,-1.508094
899,2,0.621857,-0.157283,0.482735,-0.268823,-0.488063,0.369139,0.957703,1.294180,0.563823,-1.051372,-0.697356,0.255852,-0.542677,-0.732212,0.099666,-0.047605,-0.598808,1.699795,-1.181763,1.978540,-0.143714,0.556760,-0.610058,-0.935321,-0.014996,-0.845314,-1.303647,0.059035,0.926471,-0.218259,-0.503797,-0.307914
900,1,-0.319456,1.277111,-0.561147,1.278170,-0.773988,-1.337764,0.882459,-0.630393,0.288570,1.277555,0.058623,-0.768722,0.331384,-0.190516,-1.369825,-1.120987,0.059327,0.547422,0.389699,-0.793411,-0.226041,-1.610385,0.184840,2.859650,1.740642,1.238327,-0.553597,0.840934,0.098313,-0.692838,0.385909,0.374438
901,3,-1.387353,-0.947153,-0.865513,-0.559110,0.117229,0.666004,1.442682,0.617344,-0.883287,-0.378278,0.210236,0.666860,-0.516012,-1.278832,-0.995478,-0.148443,-0.797294,2.082573,-0.528458,0.776633,-1.266857,0.810336,-0.220467,-0.978530,1.679649,1.473294,-0.659112,0.627663,-0.166954,-1.473700,0.852086,0.808501
902,3,1.957337,0.968928,0.218804,2.335305,1.130630,-0.623167,-0.323964,0.636478,-2.063320,0.934794,-1.433640,0.579277,0.322821,0.016048,0.230738,-0.493270,1.418147,-1.356590,1.026578,-1.787296,-1.470517,-0.883054,0.295012,0.729070,-0.676007,-1.772693,-0.277228,1.525476,-0.839519,0.332802,-0.017853,2.547206
903,1,1.102635,2.225626,-0.089665,0.783454,0.750061,0.470882,0.674231,-1.287677,2.603695,-1.747294,-1.376352,1.689203,1.680910,0.168963,0.298734,-2.347675,0.903029,0.712320,0.030212,-0.854998,0.000792,0.864610,-1.484398,1.236531,1.810495,0.236883,-0.967044,0.437547,-1.133976,0.345602,0.401973,0.428687
904,3,-2.021298,-0.891014,-0.867478,-0.596341,-0.791459,0.725133,-0.118230,-0.261997,-1.346094,-0.645477,1.791890,-0.233129,1.538702,0.591416,-0.340155,1.368723,-0.557297,1.873220,1.155006,1.791284,0.068479,-1.880911,-1.666123,-0.827512,0.663154,0.964651,-1.126267,1.539851,-0.979102,0.904713,0.861404,0.312197
905,2,-1.867020,-0.576852,-0.377199,-0.130992,-1.762430,-0.113563,0.129892,-0.178479,-0.259707,0.094076,0.617154,1.830268,-0.557097,1.270230,-1.272100,1.729945,-0.884177,-1.261358,1.077882,1.032029,-0.705470,0.439533,-0.695892,-0.424071,-1.214727,0.539181,-0.382677,0.598973,-0.686917,-0.385110,-0.848160,0.465656
906,3,0.755474,-0.455517,-0.280210,1.664708,0.482607,-0.199558,1.328961,-0.545989,0.927795,-0.214472,-0.312839,-1.164747,0.558532,-0.279151,-0.615380,-0.257967,0.406869,-1.462080,-0.516156,-0.375681,-1.690798,-1.090282,-0.956480,-1.054158,-1.293303,0.088245,0.122182,0.743475,0.386946,1.474992,1.417602,-1.099608
907,1,-1.559906,0.561732,0.953748,-0.081879,1.380305,-0.047072,-1.097767,-1.358743,0.102327,-0.244747,0.040221,0.934810,-0.067574,1.080285,0.930999,-0.659539,1.346986,-0.070580,0.700634,0.966905,-0.077393,0.323999,0.787315,-3.090710,1.089936,0.869010,0.681625,0.514886,-0.589556,0.834944,-0.480854,-0.173378
908,2,-0.332158,0.712807,1.072510,-1.252362,0.800948,2.952135,-0.180209,-0.278999,1.379019,-0.603949,0.257013,1.329735,-0.230120,-1.340221,0.116737,-1.912259,0.981853,-0.578050,1.306999,0.090041,0.880134,0.276472,0.337416,0.003681,0.945305,-0.161264,0.770771,1.028482,0.013347,-0.276908,0.242040,1.834875
909,2,-0.479625,0.578362,-0.817508,0.504512,-0.482093,0.566774,-0.161397,-0.512825,-0.006029,-0.580158,1.364131,-3.022236,0.639482,-2.618196,1.488474,0.341752,-0.834349,1.871097,1.514654,0.818219,-0.958807,0.203868,0.618892,-1.207659,-0.637615,-1.371417,0.465920,1.767386,0.055344,-0.155294,1.023487,-1.100439
910,1,-0.070635,0.916343,-0.290072,-1.204753,-0.759827,2.098423,-1.644330,0.123419,0.522674,0.933002,0.204884,1.331358,0.027524,1.610452,1.572462,-0.061259,-1.359193,-0.268980,1.564958,0.304363,-1.124216,-1.289491,0.761266,-1.180382,-1.311049,1.331181,-0.109247,-0.377342,1.145526,0.543953,0.243648,-0.816476
911,3,-0.661986,1.718198,1.128334,0.595600,1.309908,0.727732,0.926421,-0.153272,-0.003616,-2.332646,-1.615607,0.266592,-0.634590,-1.090602,0.480179,-0.723257,-0.770310,-0.158320,0.664209,-0.382534,-0.793314,0.103019,1.153439,0.035473,0.622494,0.149914,1.403766,-0.391241,-0.318592,1.402980,0.093500,-0.625075
912,2,0.973997,-0.095153,0.119997,1.746918,-0.100704,-0.256770,0.013134,0.994935,0.115854,0.371119,3.068933,-0.780492,-0.005775,0.761493,-2.609961,-1.154520,-0.633897,-0.763990,0.204972,0.295004,-0.107269,2.270027,0.239742,-1.345914,-0.417088,0.672886,0.684347,-1.629250,0.037712,-2.562361,-0.659069,1.593022
913,0,0.289302,-0.325393,-0.361911,0.032196,-0.404640,1.347298,1.823044,-1.083028,1.034629,-0.516455,-0.244497,1.317543,-1.136718,0.425109,-1.320508,-1.074333,0.660406,0.746690,0.123839,-0.040680,0.984222,-0.687076,0.720197,1.076713,1.156355,-1.502375,-3.230927,0.146562,0.187792,1.277547,0.124288,0.836681
914,0,0.307240,-0.562443,-0.324797,-0.867026,-0.150421,-1.095844,-1.200963,-1.376390,0.160701,-0.351982,-0.493270,0.434473,-0.638968,-0.100917,0.144458,-0.102775,-0.022440,1.128167,1.101470,-1.928551,-0.224335,-0.732381,-2.077861,-0.718374,0.327819,0.442703,-1.997123,0.051175,0.284809,0.188898,1.175146,-1.756094
915,3,1.460421,0.530673,-1.026597,0.378436,0.467984,0.707105,-1.239359,0.991668,-1.558062,0.377590,0.519772,0.739502,0.773611,-0.813488,1.591421,1.133321,1.044592,-0.106763,0.439242,-0.150085,1.180251,0.213369,0.506939,-0.054528,-1.113144,-0.565439,1.452349,0.325591,0.654191,0.220985,0.816096,0.311606
916,0,0.348646,-0.708074,0.214719,-0.964987,-0.715775,0.553833,-1.509201,1.369906,-0.279087,0.383280,-0.142153,0.154804,0.837290,-0.481518,-0.134752,-0.749408,0.652278,-0.674552,-0.780690,-1.599406,-0.047066,-0.817917,1.069922,-0.436692,-0.395941,-2.134747,-0.269660,0.690929,0.078634,1.000775,-1.564312,1.951373
917,3,1.367590,-0.789777,0.527116,2.040259,1.618174,-0.759555,-2.585332,-0.938820,-2.188675,0.433645,-0.890528,-0.057478,-1.760366,-0.283859,-1.151542,-0.472301,1.110950,-0.324567,0.722629,0.827518,-1.114890,-0.542814,-1.261795,-0.000334,-0.194164,-1.328074,0.562245,-0.654836,-0.029100,1.703943,-0.356149,0.829907
918,2,-0.488779,-0.281539,1.307433,0.030210,1.390058,0.076487,-1.448220,-0.401251,0.252072,-0.527453,-0.228946,0.540349,0.431121,0.136781,-0.611088,1.230892,1.112253,-0.258405,-0.623473,0.693755,0.812669,-0.615901,1.828998,1.132762,-1.597766,-1.926031,-0.533749,-1.234583,-0.474086,-1.019941,-0.930453,-0.297496
919,1,0.387319,0.313640,0.930289,0.382070,-0.659325,0.440258,0.694522,0.813931,0.797921,-1.426109,-1.284605,-1.079674,-1.910654,0.397153,0.116961,-0.516545,-0.398439,-0.091667,0.770584,1.331412,-0.288304,-2.781859,1.414499,0.706506,0.045661,-0.459976,-0.241996,-0.968858,0.529353,1.000497,0.986099,0.450185
920,3,0.125418,-0.027131,-1.024855,1.356582,0.775717,2.258343,0.616462,0.482932,-0.896808,-1.147264,-1.075774,-0.585042,-0.602499,-0.401988,-0.416815,0.085166,1.439057,0.441097,1.067303,1.055578,1.015832,2.222157,0.621674,-1.198602,0.486774,-1.996430,0.693546,0.693688,0.925779,0.913936,1.454757,0.652434
921,0,-0.542373,0.078725,0.477277,-0.231287,0.910218,0.021412,1.689214,1.176610,0.277533,1.493805,-1.258293,-0.460203,-0.271499,-0.694314,0.132785,-0.603236,1.293396,0.640718,-0.463260,-0.384776,1.048456,0.651405,-0.614630,1.015366,-1.215474,0.717117,0.961671,0.546625,-0.391452,-0.140762,-0.781768,-1.069633
922,2,-1.362408,-0.203410,0.528566,0.074543,-1.219477,1.089407,-0.210505,-2.047840,0.097428,1.971231,0.840812,0.899734,-0.516633,1.270029,0.018150,0.630503,0.044091,0.716418,-0.060260,1.386490,0.940659,0.882723,-0.294966,0.495997,0.064851,0.481000,-0.556732,-0.238265,-0.330953,0.301292,-1.892930,1.611498
923,1,-0.747352,0.049032,-1.450377,0.276345,-1.705318,1.069230,0.616971,-0.440140,-2.220898,-2.215422,0.187418,0.557609,1.731019,-2.280898,1.167619,0.257844,-0.109028,0.006457,0.515603,-0.337911,0.750531,0.086766,0.229878,-0.926289,0.484583,-0.952708,-0.905997,-0.026970,0.492720,0.747641,1.972313,0.633912
924,3,-0.026175,1.839975,0.811818,-0.556179,1.728984,1.661914,1.548841,0.524418,0.824946,0.721877,0.878723,2.043294,1.002669,-1.988464,-0.015014,3.429665,0.047353,-0.795275,-1.210352,-0.504719,0.871174,-0.140358,1.302809,-0.891539,0.659562,1.615370,-0.149164,-1.431788,-1.677280,0.643256,0.037930,0.862904
925,2,-0.897957,0.405470,0.488223,-1.568555,-1.542684,-0.258884,0.786477,-1.116046,-0.823465,1.954010,-0.066689,0.264286,-0.411954,-0.846169,-0.537724,-0.038466,0.570252,-0.585246,0.243207,-1.741303,1.008379,1.127875,0.495168,-1.461502,1.471495,0.910063,0.145515,0.445975,0.676110,-1.289279,0.568971,-0.838475
926,3,-2.179444,-0.175352,-1.106813,-2.366075,-1.387174,-1.427032,0.819223,-1.380382,0.746934,0.116615,0.088571,0.074087,-1.708118,-0.336793,-0.896456,0.455364,-0.069214,-0.872696,0.643288,1.420450,-0.129792,1.123680,-0.934834,-2.061346,0.661580,0.464676,0.305138,-0.808813,-1.068457,-1.023041,0.675013,-1.143987
927,0,-0.427882,-0.399562,0.334283,1.051866,0.378864,0.037177,-0.988726,-1.226791,-0.387589,0.462143,1.252130,1.274774,-1.173433,-0.121954,1.724216,0.978270,-2.009428,-0.805987,-0.765573,-0.404734,-3.899855,0.545008,-0.676107,0.792186,0.356696,1.079278,0.195457,-1.425918,-0.861349,-0.653225,-1.468224,0.133143
928,1,-0.024497,0.435269,-0.019008,-0.001443,-0.821197,-0.632798,0.939774,1.652965,-0.596187,1.147759,1.509803,-1.113735,0.419255,0.127854,-0.801621,-0.810383,0.227355,-0.068307,0.904018,1.594302,-0.688885,0.855948,-0.166856,-0.434578,0.500223,0.216539,-0.296866,-0.855253,-0.863450,0.627482,-0.277472,-0.139422
929,0,1.789551,1.275681,0.515759,-0.122175,-1.234027,0.032359,0.396924,-1.324656,1.436029,0.880151,1.435488,0.364869,1.012907,-0.488766,0.050130,-0.502164,-0.662750,1.870208,0.138693,0.390980,0.388160,1.581083,0.912236,0.509824,-0.908646,0.651862,-1.352122,0.185670,0.046059,-0.629967,0.613114,0.449490
930,2,0.214728,-1.525594,0.376051,-0.526279,0.629898,2.324957,-0.011348,0.884129,-0.093293,0.222880,0.134170,1.156252,1.653129,0.579140,-0.542685,2.929228,-0.928636,-0.753823,-0.241897,0.521160,0.290110,1.211769,-0.428724,0.943433,-0.137471,-1.232723,0.028547,-0.840433,-0.249085,-1.410774,0.701760,-0.429474
931,1,-0.031464,0.854224,0.815656,0.456434,0.919589,-0.020900,0.054293,-0.984440,0.314777,0.484891,-0.675615,-0.538470,0.444565,-1.519737,0.574551,0.087365,-1.467125,-0.700659,-0.144283,0.740743,-0.184651,-0.149408,1.039140,-1.381452,1.357607,-1.854887,0.402694,-1.582844,-1.329038,-0.271129,-0.075512,0.928549
932,0,0.839247,0.429155,0.333315,-0.649374,-0.504112,0.323664,-0.395457,0.757735,0.536796,-1.479702,0.245080,0.955494,-1.783777,-0.588640,0.677737,-0.674615,0.329990,0.385755,0.698261,-2.438417,0.351778,0.659400,0.731620,1.525895,-0.245749,0.481089,-0.572476,1.144407,-0.131944,0.065860,0.340117,0.520241
933,3,-1.205089,0.600244,0.384657,0.842229,-0.704953,-1.293950,-1.185220,-2.355512,0.293477,0.812769,-0.215818,-1.017479,-0.570015,-0.263344,-1.777056,-1.069299,-0.318612,-0.189885,-1.418655,0.688389,-1.191621,-1.537633,-0.075739,-0.966031,0.145383,-0.166787,0.009932,0.124480,0.322441,-0.192130,0.872219,-0.086010
934,1,0.568134,-0.518233,-1.979524,-0.575351,-0.029375,-1.137763,-0.793571,-0.913187,-0.694998,-0.650549,0.397432,-2.056919,-1.874870,-0.591407,2.057975,1.631415,0.569304,-0.252188,1.429847,-0.231885,0.456868,0.997528,-1.847071,-0.276382,-1.393327,0.120538,2.540499,0.811008,-1.209576,0.478093,0.826629,1.641941
935,2,0.581122,-1.127817,-0.331601,1.610637,0.150624,0.193369,1.351865,2.031813,-0.289246,1.697682,-1.122059,1.417982,-0.565526,0.136321,-1.424809,-1.385858,1.627567,-0.995230,0.346429,-1.341004,0.520276,-0.500944,0.805458,-0.378256,-1.979901,0.342800,1.125492,-0.009838,-1.049169,-0.874665,-1.222269,-1.211249
936,2,0.743499,0.777719,0.905715,-0.585095,0.658926,0.622483,2.515837,-0.404827,1.390670,-0.832676,-0.723897,1.013429,-0.065849,-0.043537,-0.523914,-0.402541,0.920348,0.903010,-0.430559,-0.280574,0.067359,-0.488891,-1.437475,2.410749,1.100773,-1.453224,0.659046,3.186692,-0.949211,-0.131722,1.072797,1.251534
937,2,0.316819,1.142582,1.854027,-0.758667,0.336430,-0.175225,2.454152,0.539507,1.286648,2.258417,-0.889201,0.048656,1.069849,-0.138015,0.815579,2.000348,-0.388275,0.399825,-0.341695,0.627402,0.077615,-0.865802,-0.409799,-1.468576,-0.432121,0.254420,2.862227,-1.174004,0.417450,0.285029,-1.012069,-0.595794
938,2,2.563316,0.729210,2.258958,-1.218908,-1.346627,1.060983,-0.453793,-0.900803,-0.107352,-0.270219,1.065120,0.549490,0.432810,1.246344,-0.317893,-1.371914,0.681108,-2.961986,1.312659,-1.303680,0.127944,0.076388,1.355067,-0.383062,-0.292702,-0.810171,2.374444,-0.317924,1.163743,1.519013,1.100799,0.850083
939,2,-0.097309,0.392306,-1.008505,-0.114715,0.560782,-1.056420,-0.288912,-0.038058,-0.815928,0.460789,-1.104226,0.563316,-0.690183,-0.710953,-1.046925,-2.436332,0.610030,-1.184642,0.325007,1.243268,-0.646229,-0.374931,-0.107394,-0.802827,0.299970,-0.018264,-0.266178,0.062528,0.490565,-0.901349,-0.232533,0.215313
940,0,0.661015,-0.336055,0.494640,-1.412500,0.477816,1.569632,0.245579,1.225506,0.010610,-0.489926,-0.258520,-1.063634,0.004029,-1.624940,0.201924,0.045746,2.261534,0.177585,0.733360,-0.649038,-0.262135,0.330173,0.362978,0.090380,-1.233689,-0.144246,-2.177345,-0.069069,0.216751,-0.906250,1.266431,0.571720
941,2,-1.036549,-0.448490,2.444366,0.949978,-0.542975,-1.010776,-1.377633,-0.750100,-1.192753,1.680533,0.538878,-0.493933,-2.152346,0.393259,-1.523301,2.215364,0.118415,0.440788,0.621217,-1.010978,1.691671,-0.130081,-0.942869,-0.342798,-0.292200,-2.350092,-0.079994,0.015718,1.462298,1.505761,0.144846,-0.968769
942,0,1.728575,-0.150805,0.322306,0.120288,0.977221,-0.364588,-0.363200,-0.279278,1.310051,-0.400031,0.094726,0.414221,-0.367269,0.071572,-0.838586,1.072433,1.344809,0.907843,-0.505444,-0.882100,0.858883,-0.730045,-0.860932,-0.210165,2.384798,-0.778618,-0.732729,0.591919,0.668550,-0.629601,-1.064873,-0.451403
943,1,-1.333291,1.544341,-1.166955,0.435614,1.798527,1.396113,-0.978282,0.216741,-0.307676,-0.032727,-1.850592,-1.548383,0.108553,1.387540,0.381983,-0.143231,-0.797854,-0.199425,-1.080906,1.417092,0.133886,0.005683,-0.264631,1.103944,1.328418,0.479665,-0.377816,-1.569295,0.229713,0.564191,0.376097,0.379319
944,3,0.042768,0.200454,-0.678568,0.098364,-1.083852,-0.135679,-0.320010,-0.534130,-0.863254,0.188335,0.756661,0.309640,-0.301015,-0.108174,0.027897,1.406813,0.418717,-0.145876,0.075847,-0.239785,0.705509,-0.849006,2.186192,-0.396640,0.622783,0.526394,0.140443,0.018707,1.505059,0.456868,0.738878,-1.531812
945,1,0.511340,-2.012594,-0.420678,-0.045657,-1.145715,1.017433,0.407602,-0.337829,0.087348,0.624550,-0.616296,-1.158925,3.013601,1.421616,-1.897782,-0.218667,-2.052137,1.667479,1.109421,1.134875,-1.743471,-0.015844,2.429725,0.588332,0.911381,-0.805591,1.907997,-0.008573,0.303388,1.298793,0.670660,1.089862
946,3,0.983355,-1.383632,-0.820914,-1.790474,-0.184913,-0.654638,0.407131,3.018421,-0.784201,0.153814,-1.555650,-0.686005,-0.178572,-0.696211,1.599990,-1.065929,-0.889044,-0.884743,-0.869165,1.055218,0.303503,-0.135956,0.528505,0.768704,1.071860,2.778058,-0.700798,0.109180,-0.615184,-0.516194,-0.059667,-0.586990
947,0,1.684200,-0.069318,0.766555,1.362889,-0.907169,0.349725,-0.045175,1.800133,-0.758402,0.498093,-0.194976,0.360405,0.453648,-0.331205,-1.334383,-0.257738,0.264533,-1.849814,0.489633,1.644962,-0.533248,0.914859,1.166055,1.003649,1.335357,2.832323,-0.415340,0.408043,-0.863783,1.641473,0.264257,1.158233
948,3,0.330947,1.027754,0.190729,-0.455421,-0.404895,1.563812,-0.509254,0.550094,-0.930909,-0.062692,0.675566,0.012315,1.513710,1.122380,1.439461,0.748902,1.026885,-0.282025,1.596125,0.699676,-0.032558,-1.141040,-1.029809,-2.711075,-0.447829,-0.111084,-1.542013,-1.378189,-0.986474,-0.056731,0.124529,-0.558400
949,3,-1.761906,1.362731,-0.696490,0.809584,0.465939,1.643733,0.048416,-2.048894,-2.111914,-1.495018,1.446712,1.450021,0.129676,-0.161649,0.973037,0.857366,1.496755,0.456531,0.080393,-0.154559,-1.100697,-1.506100,-0.696425,1.665037,-0.592511,-1.326504,-0.096385,0.058912,-1.134622,-1.054066,-0.212661,0.856743
950,0,0.386503,-0.793413,0.916859,-0.788241,0.257280,-0.764059,2.818540,0.734015,0.767979,-0.222544,-2.175819,0.592046,-0.645024,0.466172,-0.365926,1.001622,-0.007360,0.052443,2.097373,1.624655,-0.499168,0.145471,-0.831365,-0.927931,1.845991,-0.560643,2.949709,0.314697,-1.707048,1.729620,-0.786092,0.223749
951,0,-0.751871,-1.784180,1.298725,0.914157,0.012359,-0.053628,0.870345,-0.714222,0.370832,-0.255490,-2.313442,0.681848,1.268775,-0.581543,-0.097595,-0.081968,0.870152,-1.785075,0.810225,1.011456,0.453740,-1.384418,-1.644106,-2.248900,-1.036725,-0.031408,-0.343309,-1.837124,-0.641722,0.820003,-0.779134,0.696035
952,2,-1.301146,-1.443123,1.108432,0.031736,0.450666,0.809239,-0.284496,-0.317239,0.355062,0.982166,-0.214996,-1.448992,-1.109655,0.200995,-0.786130,0.270216,2.568839,1.068168,-1.898524,0.652191,-0.383103,-0.762972,-2.479706,-0.903667,0.767207,-0.136341,-0.352189,-1.871717,-2.282730,-1.629448,-0.262120,1.000622
953,3,0.066436,-0.588293,-0.827039,-1.576468,0.337390,-0.550122,-0.436296,1.506616,0.448711,-0.894850,-0.016291,0.807469,-0.492631,-1.883284,0.354117,0.032556,-0.506263,1.190252,-1.925418,1.502156,-0.786043,-0.573434,-0.854104,-0.759972,0.178591,-1.366217,-0.177301,-0.014453,-0.230541,1.224841,-0.052381,0.685366
954,1,-1.180781,0.435423,-1.101168,-0.593841,-1.379671,0.953737,-0.619046,1.618316,0.207195,0.142862,2.797377,0.477666,-0.844064,-1.217972,0.284626,-0.414271,-1.256631,0.842715,-0.632210,0.511723,1.867256,-0.660166,-0.730622,0.248805,0.219609,-0.476845,0.468547,0.030312,0.840379,-0.533295,-1.496656,-1.531220
955,2,-1.272007,-1.160013,1.711382,1.458609,0.609160,-0.616117,-1.677058,0.533956,-0.313062,-0.583008,-1.147460,-2.075606,-0.462906,0.352577,0.145545,-0.485093,1.123010,0.374518,-2.250604,1.636718,0.805277,-1.150941,0.702523,0.595658,0.918848,-0.428507,1.611964,-0.496927,-1.282889,-0.358963,0.447786,0.589742
956,1,-0.170170,1.323685,1.176631,-0.685883,-0.605694,-0.737290,1.066591,0.044092,1.114577,0.182647,0.283896,0.873341,-0.488773,-1.150204,-0.914172,-0.886987,0.697777,0.566110,0.518396,-0.834506,1.551347,-0.693068,0.980180,0.748592,-1.066548,0.192725,-1.147553,0.132175,-0.599932,1.003340,-0.262520,1.069194
957,3,-1.067953,-1.250074,-0.977138,0.905928,1.672535,0.068330,0.238559,0.590692,-0.133744,-0.211486,-0.616588,0.477359,1.534248,-0.427935,-0.038866,0.559208,0.119697,0.000712,-0.023267,1.345946,0.385380,1.524441,0.856130,0.160466,0.537951,-1.829874,-0.478583,0.272361,0.740768,-0.943570,-0.172411,0.998543
958,1,1.408638,-0.443189,-0.094961,-0.026557,0.828987,1.399066,0.889963,2.667798,-0.299980,1.405653,-0.317529,0.644810,-0.179517,0.305677,1.638204,-0.602772,-0.164983,-0.588146,0.482169,0.891032,-1.259959,0.184562,-2.569689,-0.528759,-1.498597,0.108292,1.900457,-0.269576,-2.261286,0.499214,-0.840982,-0.984373
959,2,-0.032290,0.695429,1.268678,0.556713,-0.078692,0.023002,-1.562006,0.909605,2.536448,-0.045267,-0.112645,-1.662676,0.815364,-1.176673,0.279738,0.948380,-0.662659,-0.012765,-0.785489,-0.308684,0.221271,0.416065,-0.775074,-0.241849,0.402438,-0.758202,1.442121,0.776988,-0.121724,0.463614,-0.878929,0.716063
960,3,-0.323916,0.407616,1.456889,0.322942,-0.389047,-0.834067,1.289835,0.272771,-0.039397,-0.885014,0.000529,-0.286412,-0.419600,1.544489,-0.521438,-0.473369,0.106307,0.577948,0.446589,2.033671,0.118525,1.055295,-0.648911,0.110151,0.406550,-0.740224,-0.747249,0.821447,0.549315,0.310212,0.228776,2.918809
961,2,1.562306,-0.612640,1.120784,0.018216,-0.745244,0.026237,0.503541,0.062299,1.282524,0.980869,0.197020,-2.263039,-0.308802,-0.315959,0.330873,-1.241170,-0.133303,1.489003,0.039395,0.026920,0.130087,-2.321981,-0.489847,1.229547,-0.518206,-0.865272,0.485588,0.705760,0.849611,-0.274274,1.562701,-0.772820
962,1,0.356916,0.717714,1.282132,-1.284649,-0.539885,1.220432,0.350641,-0.551372,-0.201992,0.279147,-0.535161,1.041531,0.472465,-0.736109,-0.162711,-1.716412,1.140152,-0.191922,0.469404,2.838786,-0.931418,-0.718256,0.828162,-0.696983,-1.385174,0.589373,1.457459,-0.800148,-0.995230,0.100709,-0.876845,-0.086300
963,1,0.773511,1.957844,-0.739622,-1.766079,-0.784772,0.393193,-1.085526,-0.277371,-0.156076,-0.763223,1.965645,-0.757250,0.137950,0.207556,0.658225,-0.246496,0.010262,-0.120156,0.410919,-0.462150,-0.391958,-0.191115,-0.245479,-0.274254,0.796115,-1.323080,0.452831,-0.854262,-0.263424,-0.140993,-0.187445,-0.950556
964,2,-0.818887,-0.888591,0.192983,-0.785062,0.177794,-0.058654,0.353580,1.069134,-0.520249,-0.167122,-0.885133,0.905130,0.840964,0.550787,-1.449694,1.229038,-1.706631,-0.346384,-0.649058,1.952337,-0.017249,-0.298951,0.428513,-1.121882,-1.594605,0.138735,-0.197367,0.346869,-0.929624,-0.041775,-0.164515,0.806941
965,0,0.700316,-0.662837,-0.043921,0.115268,-1.276625,-0.381733,-0.017617,0.537360,-0.377777,-1.238977,-0.042757,-0.127792,-0.006041,-1.629392,1.008940,-1.211949,-1.526103,-0.569999,1.343558,1.074371,0.607347,0.634940,0.282597,-0.201944,0.232020,-1.460242,0.045100,0.582185,3.473787,-1.012043,-1.511823,0.956102
966,3,-1.113281,1.491197,-1.275815,1.068322,-0.672261,-0.020694,-0.105264,0.290975,-0.231735,-1.363322,-0.195892,-0.410632,0.597815,-1.106175,-0.608477,0.936898,0.968396,0.015245,-0.298252,-0.393413,-1.103768,0.097225,-0.725320,0.106242,0.305713,0.610632,1.055286,0.009831,0.080582,-0.725164,-2.460188,-0.566666
967,2,-0.566640,-0.743508,0.959779,2.056745,1.458557,2.967660,-1.111753,-0.133653,-1.416147,0.547109,-1.015102,0.427476,-0.309495,-0.666895,-0.330902,-0.027167,1.520828,1.373215,0.642523,0.756188,-2.839939,-0.667467,0.080454,0.582708,-0.810445,0.451481,-1.174152,-2.475801,-0.995775,0.951031,1.133593,1.151676
968,0,0.596306,1.853485,0.840690,-0.595116,-0.470538,1.209373,-0.010409,1.144030,-0.444145,-0.011678,0.864477,0.218728,0.293889,0.384199,0.917644,0.649250,-0.070249,0.983050,-0.764967,-0.097018,0.735421,0.208058,0.757831,-3.163985,-1.415208,0.221273,1.398633,-0.564945,0.652196,-2.733472,0.988870,0.736783
969,2,-0.147603,0.254208,1.794857,-0.627140,-0.765443,-0.114979,-2.299524,1.599979,0.677700,-0.929503,-0.107334,1.736013,-1.306054,0.333800,0.404195,-1.815961,-0.528821,0.264948,-0.046933,-0.502759,1.325195,0.055457,0.884605,0.093624,-0.803660,0.326399,-0.790969,1.104296,-1.238319,-2.431287,1.544364,-1.757933
970,1,-0.432375,0.298376,-0.452565,-0.854682,-0.069161,-0.845928,-1.172917,0.446278,-1.404014,-0.417841,-0.502346,-0.400582,0.218327,-0.485246,0.498325,0.601151,-0.657558,0.151918,-1.277395,0.669729,-1.286366,0.307402,0.421158,-0.322316,-1.057670,-1.311288,-0.986498,-1.170538,-0.465805,-0.905727,1.262306,0.286640
971,1,-0.743849,1.390536,0.283120,-1.719747,-0.366159,-0.497231,-2.067967,-1.219085,0.412763,0.312548,-0.307168,0.235081,-1.443003,0.015109,-1.715134,-0.184319,-0.076734,1.489129,-0.213908,0.047892,0.572439,1.418620,-0.351784,-1.294110,-1.622047,0.075801,-0.889508,1.759528,-0.545704,0.809636,-0.063772,0.620616
972,0,-0.521591,1.322464,1.008800,-0.285396,1.456342,-0.989572,0.219693,-1.890776,0.006962,-2.167590,0.020729,-0.247628,0.216326,-0.556076,-0.474526,-1.226748,0.251636,0.562828,-0.882276,-0.660826,0.242525,-1.425228,-0.137146,-1.603942,0.355472,-0.820927,-0.474557,-0.762149,1.376548,1.386171,0.430132,-2.355161
973,3,-0.433917,-1.344581,0.860839,1.989535,-1.367543,-0.056969,1.391045,1.159351,-0.406796,-0.626413,-1.248367,1.372680,-0.286873,-0.432939,-1.069477,-0.116488,0.378080,0.278786,0.164963,0.419795,0.589404,-0.058439,0.766506,0.565236,1.040803,1.667931,-0.767856,0.888557,0.469001,-0.182937,0.969163,-0.327006
974,1,-1.899007,-0.833700,-0.686477,0.508545,-0.059654,-0.751446,-1.063440,-1.882213,0.257470,0.521013,0.565794,0.071092,-0.445537,-0.319174,0.427902,-0.984948,-2.483454,0.217469,-0.331415,-0.758833,-1.183482,-0.981496,1.538926,-0.413289,-0.296380,1.650519,-1.031999,-1.601148,-0.225844,1.106186,1.210635,-1.584982
975,3,0.835187,-1.810230,-1.803466,2.968572,-1.234114,-0.949074,1.469003,-0.679258,-1.782609,0.347341,-0.319536,-0.851617,0.814239,1.528153,0.282131,-0.697629,-0.768751,1.523982,-0.109795,-0.663853,-1.224227,0.623097,-0.624627,0.281211,-1.942533,-0.240379,-0.469116,0.034524,0.081065,2.004664,-0.394711,0.989478
976,3,-0.634028,0.593434,1.014212,0.270499,-0.584893,0.793215,0.262108,-0.148892,0.224663,1.014277,-1.158480,-0.421564,-1.397891,-1.016052,0.329312,0.585148,1.497676,1.511603,-0.687280,0.693616,0.220290,1.163985,0.448135,-0.592017,-0.013106,-0.128924,-1.525777,-1.078694,-1.202794,-0.766767,-0.023348,-0.572460
977,1,0.586023,-0.690866,0.134103,0.623961,-0.485630,-1.051625,-0.354273,0.426519,2.166041,-0.031151,-0.888465,-0.289192,0.934694,0.216241,-0.271606,-0.040555,0.280691,0.075002,-0.056310,1.000437,-0.230013,1.095982,0.391616,0.666264,-0.875342,-0.048920,0.399168,-0.432558,-0.918054,-1.454412,-1.032734,1.552876
978,1,0.306877,1.900560,1.430992,0.799027,-1.218202,-0.120815,1.238651,2.156794,0.195478,0.137095,-0.364102,-0.915453,0.420554,-0.276866,2.029434,0.244227,0.482838,-0.820083,-0.851763,0.323346,-1.476267,0.503610,-0.624290,-0.411598,0.940656,0.815791,0.614110,-0.067219,-0.669091,0.455528,-1.099274,0.273583
979,1,-0.383960,-0.924491,-0.369832,-1.316424,-1.682551,-0.627737,-0.651321,0.250542,0.191466,1.653973,1.697933,0.299944,1.664872,-1.283060,0.295827,1.150590,1.251204,1.211917,-0.913793,-1.492202,1.280571,-0.201479,1.685070,-0.623736,0.141054,-0.913277,-0.008241,-0.179258,0.067378,0.212584,0.283622,0.310777
980,3,-0.739615,0.528398,0.736508,1.284117,-0.099181,-0.766246,0.196884,-0.469456,1.627511,-0.777629,-0.415744,-1.224703,-0.341920,-0.155839,1.355520,0.098859,-0.526879,-1.209923,1.154443,0.383918,0.176056,0.012916,1.142479,-0.181737,1.560393,-1.324484,-0.906300,-0.195014,-0.096140,1.065731,-1.487544,0.794689
981,0,1.114466,0.460249,-0.347374,-0.056864,-2.841727,0.533695,0.175874,1.154964,0.932710,0.219784,-0.992992,-1.217857,-0.767265,-0.720306,-1.231324,0.682294,0.213641,0.920822,1.153137,1.281231,0.067279,1.941992,0.339282,-0.539080,0.424206,-0.112384,-0.249213,-1.831552,-0.277967,0.326145,-0.226596,0.876233
982,0,1.736947,-0.073273,0.715247,-1.318172,0.426553,-1.552283,-2.450873,-0.696246,0.768871,-0.571440,-0.712518,-1.539324,-1.276851,0.037343,-0.208985,-0.136657,-0.897658,-0.662011,0.397182,1.377908,-0.524942,0.408770,1.254200,-0.443568,0.841745,0.229720,-0.670758,-0.815441,-0.072144,1.224093,-1.103388,0.365359
983,2,-0.364441,0.671120,0.098004,-0.017784,0.471855,3.347655,0.350717,0.605862,0.156991,1.093741,0.946105,-1.818142,-0.991411,1.011152,-1.479174,0.733276,-1.742123,0.956724,0.264643,-0.201883,0.400758,0.430680,1.254021,-0.677608,-0.475522,-0.202763,-1.859854,0.756192,-1.871159,-0.417288,-0.152820,-0.382724
984,3,-1.131389,-0.198591,-0.091766,1.393260,-1.099125,-0.746385,-0.988235,1.780278,0.216560,-1.754742,-1.042158,-0.415960,-0.528106,1.984972,0.649434,0.492852,-0.520048,-2.078953,1.453548,-1.045680,-0.209713,1.545239,-0.343256,0.364750,-1.769237,-0.972992,0.274590,-0.396279,0.162854,0.244029,-0.201483,0.776888
985,0,-0.588369,-1.187818,0.842685,-1.970245,-0.224060,2.122142,-1.245777,1.644904,1.183708,-1.055838,1.550745,-0.200655,0.592389,-0.446985,1.067189,-0.389686,2.466952,-0.664757,-0.731517,-1.475882,0.210609,-0.689985,0.251419,0.526300,-1.305706,-0.111721,-0.939284,-0.004144,-0.289218,-1.153099,0.212861,0.432305
986,1,-0.195040,1.904382,-0.173326,0.428068,-0.251448,-0.921964,-0.133368,1.391581,-0.530522,0.083002,0.174038,0.505028,-0.740367,0.844752,-0.312567,0.273258,0.501917,0.612359,0.959737,-1.928294,0.481725,-0.666426,-0.043890,0.613658,-1.602165,0.091594,-0.059776,1.063017,-1.643171,1.346424,0.039632,-0.339243
987,1,0.022805,1.137558,1.903174,-0.685755,1.202125,0.289364,-0.060362,0.695257,0.227769,1.136774,1.018403,-0.531819,-1.551052,-0.721738,-1.597356,-0.087295,-0.758669,0.036288,0.552871,0.559470,1.622688,0.936911,-0.354103,-0.546752,0.441835,-0.876705,0.081924,-0.611076,-0.486863,-0.822966,1.657270,0.412777
988,0,-1.374233,0.521396,0.609784,0.370489,0.388392,0.772765,-1.336214,0.223286,0.216690,-0.346934,0.246135,-1.308989,0.087785,-0.136405,-0.886796,0.536701,-1.208069,-2.194768,1.753978,0.060571,-0.513200,-2.439281,0.237068,1.935521,-2.801041,-0.615926,-1.052550,0.068020,0.026509,-1.256739,-0.623467,0.981416
989,3,1.079512,1.125131,1.103559,0.491332,1.616033,1.040093,-1.138590,0.427283,-0.329437,1.306696,0.319761,1.177477,0.786340,-1.238588,-1.395549,0.935003,1.362564,1.322569,2.491905,-0.080171,0.605075,0.157876,-0.816826,1.469247,-1.577972,0.854970,-1.320157,-1.300797,0.709128,0.048445,-0.203161,-1.703350
990,3,-0.605577,1.137679,-0.903343,-1.269146,-0.436051,1.244903,0.297305,1.447687,-0.432290,-0.351369,-0.708320,-0.502272,-0.034674,2.194064,0.940109,-0.608489,-0.722495,0.952316,1.077058,-0.353440,0.604184,-1.146271,-0.008631,0.389806,-0.360625,0.000760,-1.437328,0.327733,-0.293377,-0.182976,0.795535,0.100463
991,0,0.505771,1.854730,-1.276533,-0.795064,0.313975,0.898946,0.715548,-1.544349,-0.686308,-0.127848,-0.162870,0.903138,-0.235586,0.550062,0.029139,-0.965780,-1.580485,-2.014905,2.017103,0.743664,1.244708,0.720985,1.452576,-0.136500,0.183812,0.254195,0.385595,0.389151,0.000260,-0.266594,-0.223868,-0.324310
992,2,0.746438,0.561734,0.684895,-0.368913,0.339526,0.627209,-0.999450,1.114405,-0.762120,-1.107742,0.945600,-0.590500,1.953595,-0.321107,0.743189,-1.743162,-0.140321,-0.840499,0.217123,1.661283,0.293620,-0.080254,0.721179,-0.041074,-1.314310,-0.155734,-0.766451,-0.261685,-1.088137,0.607527,0.629976,-2.735905
993,3,-1.461006,1.260289,2.135271,0.856175,0.229863,-1.182274,-1.470089,-0.225107,0.139361,0.512417,-1.725051,-0.318973,-0.691707,1.514714,1.381383,0.449537,0.872402,2.558526,0.524519,0.485911,-0.347110,-0.130088,1.198204,-0.687524,0.359183,1.137746,1.714297,-0.644712,-0.969473,0.638229,0.939152,-0.364377
994,2,-0.993522,0.851128,3.108325,-0.701402,-1.230691,-0.399036,1.237046,-2.037930,0.048621,-0.839598,-2.626198,-1.340039,0.771522,1.001985,0.824127,0.929000,1.093382,-0.472512,0.344174,1.196384,-0.522621,-0.228140,0.681649,0.880799,-1.726095,1.584180,-2.433816,-0.386821,0.378242,1.609727,0.794877,-0.951138
995,2,-1.665285,-1.286214,-0.661013,0.507258,1.093085,-0.703276,2.342603,0.308139,0.859863,1.066082,1.812286,-1.308516,1.708049,-0.402194,2.582422,1.303397,-0.958611,1.165843,0.243077,-3.009224,0.178952,0.427763,-0.509169,1.366382,-0.021461,0.514751,1.491139,0.151080,-0.619689,0.493346,-0.212116,-1.011976
996,0,0.312562,1.629751,-0.397346,-1.465787,-1.240190,0.419381,-1.460858,0.573573,0.978866,-0.784671,0.389652,0.827024,0.362995,-2.534904,-0.101894,-1.036252,0.412636,1.777994,-0.883891,-0.700415,-1.310383,0.739233,0.210012,-0.236764,0.251688,0.892392,2.835471,-1.162593,1.554123,1.624288,-0.693660,-0.256922
997,0,1.911432,-0.448429,1.453526,0.158165,-0.961026,1.266655,1.053783,2.178105,0.502308,0.839440,-0.679349,0.255436,-0.039514,-1.337250,-0.998696,0.267720,0.264284,0.541829,0.961271,-1.289032,-0.010484,-1.455000,1.158299,-0.885907,-1.118837,-0.102936,-0.713490,-0.013363,-0.639374,0.310092,-1.268396,0.011307
998,2,0.327668,0.024211,-1.842575,-1.820891,-1.274698,1.568594,1.178275,0.556748,0.721550,-0.189076,-0.747593,-0.440615,1.541767,0.248453,0.642813,-0.095367,0.069194,0.701415,-0.818788,0.785288,-0.822415,-2.552184,-0.441662,0.276075,0.668704,-0.209123,-0.283641,1.256809,0.949420,0.006002,-0.496861,-1.340728
999,3,-0.599506,0.352306,1.024348,0.042348,0.037433,-0.058076,0.719263,0.905655,0.162624,0.256968,-0.742927,-1.540921,-0.295470,-0.457719,-0.779146,2.140316,0.168837,0.963182,1.584985,1.584785,1.243988,1.291844,0.084438,0.984901,1.407977,-0.923799,0.970398,-0.382681,0.591208,-1.257347,-1.225611,-0.491376
1000,0,1.167350,-0.517865,-0.014993,-0.807473,-0.278151,-2.908302,0.305597,1.251982,-0.489861,2.359800,0.669474,0.230761,0.411283,0.660207,-0.212037,0.611817,-0.732390,1.191008,-1.805791,-0.148710,0.049253,-0.952149,0.880394,-0.364883,-0.497035,-0.606935,-1.613056,1.387147,0.744501,-0.317799,0.649859,0.555907
1001,2,0.023708,0.265365,1.415300,0.388585,-0.439890,0.468600,0.242369,1.488379,-0.317776,-1.275320,-1.225849,0.938838,1.134941,-0.143622,1.026834,1.028894,-0.404040,0.261412,-0.736946,0.810504,0.132627,0.588141,0.013994,-0.663901,0.248661,-0.478072,-1.032517,0.192104,-0.187074,1.992875,0.581170,0.522635
1002,1,-0.242796,0.696974,-0.570554,0.034632,1.000062,-0.872514,-1.118887,-1.213945,-0.768746,-1.164500,-0.089062,-0.710946,-1.461229,0.714763,0.936860,0.560300,0.543312,1.151490,0.172742,-0.922665,0.680936,-0.333364,0.688736,-0.088998,-0.061843,-1.024466,-0.456259,1.081359,1.336034,-2.106787,2.326370,-0.872707
1003,3,0.365997,-0.034143,-0.135969,1.802195,-2.407092,-0.514032,-0.930511,1.796640,-0.027255,0.873330,0.463283,1.425916,1.305531,0.414531,-0.441296,-0.428645,-0.189277,-0.565724,-0.813176,0.523331,0.042540,1.667742,-1.391377,0.307811,-1.128464,1.186874,0.833308,-0.560372,1.565216,0.584063,2.109456,0.648715
1004,2,0.257040,0.184111,1.037357,-0.270279,-1.140605,0.754065,-0.493014,-0.657216,1.158708,0.754526,1.159276,0.776706,1.123373,-0.368357,-1.307639,0.349351,-1.162561,0.610490,-1.611394,-0.035303,-0.381990,0.925549,0.391957,1.364649,0.249286,-1.424565,-0.030253,-0.484860,-0.098400,0.436131,-0.827184,0.215327
1005,1,-1.991937,0.448015,-0.163921,-1.826701,1.232361,-0.715124,0.046787,0.326193,-0.586653,-0.723408,0.569850,-2.037459,0.035499,0.700696,0.387125,-1.765268,0.116032,-0.187688,-1.400475,0.547764,1.741849,1.086704,-0.875133,0.708714,0.735587,0.122316,1.319688,2.097172,1.050341,-0.545929,0.030351,-0.414366
1006,0,0.490629,0.664225,-1.625487,1.262709,0.197191,0.331899,0.922374,0.531764,-0.095163,1.371469,0.110888,-0.672997,1.405467,-0.329098,0.981457,-0.425258,0.293915,-0.100777,1.711556,0.666147,1.335971,0.696152,0.413315,-0.550822,-0.195473,-0.744370,1.182864,0.635003,0.519402,1.506071,-2.122088,-1.292571
1007,1,0.300677,0.944208,0.927068,0.554210,0.087213,0.061156,0.105580,0.730454,0.639179,0.462762,-1.336158,-0.054413,1.091181,0.106148,-0.575753,-1.364005,-1.884182,0.189242,0.920971,0.652233,0.526083,0.548861,-0.567376,0.696582,-1.493999,1.560962,1.088887,0.325453,-0.654169,-0.253421,-1.231063,0.904440
1008,1,0.407540,0.211208,0.237997,-0.165508,-0.508607,-1.038855,0.729174,-1.439845,-0.145758,-1.584659,-1.136597,-0.916912,0.835729,-0.644130,-1.238641,0.227283,-0.753431,-1.341005,-1.248311,-0.206202,-0.236852,-0.406647,0.560474,0.359989,0.251251,0.487143,0.016677,-2.325698,0.155072,0.507860,0.411155,-0.044724
1009,0,0.992856,0.318225,-1.469580,1.191494,-0.314423,0.590613,-2.177850,-1.560523,-0.723709,0.345295,0.325813,-0.025418,-0.369636,-0.628474,0.835610,0.822150,1.127996,-0.417062,-1.008635,0.401817,-2.106634,0.319118,-1.131485,1.384040,1.226439,0.706203,-0.155299,-0.218326,0.324944,-0.329805,1.095552,-2.708204
1010,3,-0.642920,1.079739,-0.332105,0.872335,-1.381606,-1.147340,0.851707,0.277527,-0.612004,-0.210642,-1.878912,0.760485,-0.429984,0.034475,-0.825660,-1.335916,-1.862492,-0.113860,-0.759432,-1.784950,-0.733024,2.360616,1.016554,-0.385052,-1.086118,-0.956698,-0.658289,-1.025964,-0.969009,0.398941,0.459803,-0.964403
1011,0,1.007609,-1.151655,0.643037,1.159929,-0.179307,-1.129429,-0.353592,0.583131,0.547840,0.051602,0.907011,-0.658883,-1.340693,0.537138,0.313335,0.723134,0.366431,1.288473,2.306282,-0.745575,2.052980,-1.263172,-0.542532,-0.834436,-0.244437,0.028673,-0.438728,-0.626876,0.512845,-0.455359,-1.224400,0.375941
1012,0,0.219884,-0.227786,0.111574,1.755632,-0.420366,-0.324834,0.178199,-0.161191,0.638888,-0.533014,0.546271,-0.718921,0.687157,-0.285252,0.249564,-0.978816,0.603810,0.840942,0.300731,0.120031,-0.699288,0.519618,-0.309953,-0.143858,-0.974555,1.740173,-0.650733,0.171822,-2.494305,0.053779,-0.379950,0.316176
1013,2,-1.258824,0.174071,0.137306,1.449919,0.812996,-0.382877,0.945986,0.256936,-0.715334,-0.378747,1.480681,0.802790,0.951437,0.747198,1.032397,-0.031734,-0.081700,0.398056,1.570202,-0.076120,-0.530244,-0.397742,0.119920,-1.375706,0.533063,0.107747,-1.117852,-0.438036,-0.347065,0.462232,-0.435553,-1.575938
1014,0,1.262467,0.925770,-0.393627,-0.080155,-0.258807,0.117022,-1.437253,0.003785,0.404444,-0.605980,-0.049589,0.643452,-1.222336,0.894255,0.401175,-0.876336,1.765348,-0.583307,-0.320010,-2.600019,-0.757377,0.055991,2.192777,1.092688,-0.579425,0.685290,0.525215,1.491177,0.752072,0.902589,-0.972939,-0.476241
1015,1,0.149750,-1.177733,-0.373320,-1.898832,-0.762041,-0.173371,-3.647033,-0.402097,-0.027569,-0.166683,1.318866,-0.248146,-0.217731,0.678231,-0.256345,0.622880,0.696737,0.041861,0.360779,0.151549,0.294428,1.835596,1.172417,-0.812138,2.262147,-0.101008,-0.684894,-2.259430,-0.067089,-0.866969,-0.561157,-1.455003
1016,1,1.333779,-1.062048,-1.028234,-0.272639,1.458843,-0.787673,-1.194934,-0.049630,-1.199542,-0.592985,-2.490902,-0.001967,0.253820,-0.264022,-0.260267,1.272475,-0.434653,-0.551884,-1.113705,1.400134,1.439580,-0.019624,-0.598942,0.131289,2.066162,0.764406,0.652598,0.036741,1.007557,-0.235384,-0.959659,0.126041
1017,0,1.585476,-0.598303,1.067736,0.593717,-1.533350,0.073687,-1.890390,0.893787,-1.451326,-0.657348,0.392519,-0.290615,0.185751,-0.013787,0.004953,-0.517130,-0.599339,-0.805369,0.050578,-0.499909,-0.236952,0.005309,-0.915927,1.003842,-0.285311,0.185655,1.123419,1.383268,0.174093,2.786925,1.999963,-0.330157
1018,2,1.512409,0.392898,1.413862,-0.126003,-2.114583,-0.737574,0.105496,0.308695,0.785487,-0.111596,-0.585124,0.837574,-0.928795,1.312655,0.430810,0.363610,0.552367,-0.339983,-0.623242,-2.604503,0.355705,1.453635,0.091751,-1.509743,-0.674933,0.383458,0.381518,-0.748773,-0.580882,0.416172,-2.432378,1.985640
1019,0,0.807962,-0.005444,-0.575053,0.758284,1.593858,0.944830,0.647992,0.331283,-0.835788,0.014583,1.319220,-1.345876,-1.303216,0.888895,0.257771,-1.704501,0.637659,0.777168,-1.917151,-0.386504,0.685647,0.084549,0.548959,-1.155405,0.546936,0.435133,1.881073,0.209352,-1.423013,-1.661550,-0.150988,-0.862092
1020,1,-1.913035,-1.914571,-0.939284,-0.876290,-0.590749,-1.917427,0.356313,1.676589,0.066226,1.349071,-0.665394,-2.092053,1.884884,1.342763,0.874466,-0.642549,-1.328598,0.045178,1.390114,0.261387,0.114364,-1.293376,1.668999,1.780500,-1.754417,0.328197,0.797946,0.707233,0.471821,0.864559,-1.891720,-1.225397
1021,1,0.015312,0.456015,-1.470206,-1.425752,1.595742,-0.002302,-0.858990,1.897662,-1.204130,-1.655869,-1.987989,0.540418,-0.281062,-0.349908,-0.347536,-1.484029,0.395687,-1.379219,-1.003689,-0.464014,1.134232,-0.608086,-0.365550,1.854847,-1.392663,-1.396732,-0.103639,2.253417,0.773463,-0.474732,0.098625,-0.846455
1022,1,-0.539861,-1.273726,0.241219,-0.113788,-1.226735,0.617240,-0.834678,-0.783885,-0.347396,0.119308,0.185854,-0.165971,-0.579083,0.071494,-0.418051,-0.114130,-0.148288,1.048789,1.318521,1.719470,0.312417,0.631122,-0.327127,-0.729490,0.848342,-0.619934,-1.804580,1.073892,-0.448747,0.284470,-0.288248,-1.308875
1023,0,-0.317941,0.284891,-0.344884,-1.539733,0.962457,-0.051510,-2.422120,0.755722,-0.035218,1.068035,-0.676988,0.179712,-1.559693,-0.013621,-0.466353,-1.675633,-0.951395,-1.361015,-0.300092,-0.453079,0.751213,-2.360797,0.869005,-0.361862,0.596570,-1.231840,0.201664,0.706981,0.307782,1.398521,0.043127,-1.939430
1024,1,0.056723,-1.202981,0.773218,-0.830838,0.128259,-1.173878,-1.145681,-1.399490,0.269018,-1.234623,0.452098,-0.136790,-0.174077,0.156622,-0.588580,-0.396220,1.256735,-0.857255,0.276550,-0.435790,-0.461235,-0.524279,-0.252442,-0.178799,0.463076,2.531445,0.437765,-0.338510,-0.750389,-2.058911,1.631614,0.524712
1025,0,-0.530240,2.005066,-0.988828,-0.752441,0.233339,0.164300,-0.398166,-0.751181,1.499492,0.121103,-0.170661,0.383704,-0.173027,0.259320,-0.008310,-2.806516,-0.788145,0.939233,0.426210,0.947801,-2.078821,0.372939,-1.015737,1.561177,1.434002,0.318170,0.910498,0.839443,-0.564947,-1.910973,1.382520,1.062343
1026,2,-0.042493,-1.071706,0.716735,0.970360,0.227407,0.478947,-0.279457,-0.151650,0.858148,0.699379,-1.445412,-2.523923,0.742665,-0.174375,0.958228,-1.091906,-1.089500,-0.701863,-1.109753,0.758288,-1.577705,0.054391,-0.120080,-0.337731,-0.830820,-0.114210,0.036829,0.307794,0.179684,-1.762928,-0.359394,0.418955
1027,2,0.891351,0.192934,-1.334201,0.470857,-0.950783,-0.429219,0.225751,0.345432,-1.345781,-1.079911,0.381470,-0.865917,-0.268914,-0.393647,-0.690299,1.694638,-0.388378,1.814117,0.579269,-0.281687,0.164576,-0.668989,-0.535350,2.635078,0.147942,1.089619,0.450619,-1.428959,-2.159750,0.347490,0.045175,0.360387
1028,1,-0.205874,-0.112295,0.053051,2.308111,-1.131812,-0.508625,-0.440253,1.292739,-0.278840,-0.876940,0.128040,0.707096,1.231178,0.166906,1.082784,0.397821,0.137661,-0.808562,0.572244,1.405491,-0.611873,-0.886244,1.034465,-0.875061,-0.572437,0.304840,-2.116771,1.340933,-1.205950,-0.393301,2.208365,0.002979
1029,0,1.602554,0.622361,-0.508111,-2.166289,0.118736,0.221274,-1.236280,-0.412005,2.006527,-0.185509,1.269203,-0.754436,0.698126,0.896828,-1.787256,-0.648683,-1.165295,-2.519072,-0.018539,-0.519094,0.895159,-0.146113,1.313135,-0.291128,0.315119,1.128096,-0.324012,-1.331516,0.051143,0.338240,1.834397,1.055119
1030,1,0.241316,-1.050454,0.391463,-1.262805,1.876590,-1.323437,2.186748,-0.426312,0.536876,-1.203993,0.004591,-0.791920,0.421779,-0.418107,1.238111,0.713616,0.082209,-0.999428,0.379594,-0.913595,0.227922,-0.234027,0.000933,-1.886699,0.996124,0.168446,0.681796,-0.615891,-0.220868,-1.366606,-1.338420,0.266884
1031,1,1.511297,-0.863481,-0.659357,0.872076,0.368301,-0.564301,1.101954,0.514576,-1.132424,0.314252,-0.088862,-0.787266,0.831799,0.059110,0.953305,-0.680867,-0.053325,-0.826124,-0.586663,0.652688,0.816596,1.450740,0.138242,-0.029926,0.405143,0.580647,0.192619,-0.389381,1.153734,0.352329,1.568148,-1.233601
1032,3,1.222523,0.021566,0.221020,1.135260,0.216869,-0.538103,-1.591778,0.905478,1.651258,-0.686630,1.548155,1.930382,-0.120774,0.167668,2.443114,1.172964,1.194795,0.153776,-0.481020,-0.967728,1.050984,1.799014,-1.024576,0.913851,-0.241950,-0.389506,1.608333,0.081376,0.362121,-0.162116,1.451104,-0.175526
1033,3,-0.461393,0.960442,0.016755,1.830436,-0.785095,0.248756,0.507800,0.398637,-0.320647,-0.616753,1.410685,-0.008964,0.248667,0.304569,-0.948025,-1.489948,-0.190434,1.904425,0.395048,0.500680,-0.236890,-0.548780,-0.560145,0.563573,1.136927,-0.429333,-0.600539,-0.282078,-0.025460,0.251820,0.037374,0.635462
1034,1,1.498970,0.382330,1.700495,0.643282,-0.125079,0.667418,0.186790,0.676404,0.496711,1.142860,-0.997001,1.128749,0.842039,0.609295,2.188772,0.246737,-0.773722,-0.232731,0.686205,-0.242219,0.997747,-1.656291,0.521847,0.293788,-0.761658,0.521193,1.050523,-2.010691,-1.256103,0.481957,-1.052462,-0.557984
1035,0,-0.451810,-0.613114,-0.979392,0.026906,0.164216,1.438067,-0.225019,0.508174,-1.428170,0.501672,1.264062,-1.194162,-0.022692,1.695939,-0.923393,1.164503,1.416000,-1.026374,-0.926913,0.118349,1.493095,0.204940,-0.462331,-0.728730,2.156245,-0.571739,0.679007,-1.996784,-0.943472,0.333573,1.331237,-0.107631
1036,2,0.094741,1.722420,1.250707,-0.287917,-1.080551,-0.273238,-0.776127,1.665586,0.565348,-0.132009,0.832832,-1.060434,-0.578984,-0.226322,0.822796,1.064567,-0.332822,-0.144826,1.730909,0.428971,-1.378647,1.427017,-0.654622,-0.086809,-0.275602,-0.874327,0.403302,-0.531103,-0.298584,-0.939553,-1.273881,1.823139
1037,1,-0.411100,-1.413361,0.910947,0.914732,-1.012153,-0.678609,0.969753,-1.223778,-0.616804,1.064386,-2.260353,-0.476140,1.419046,0.944943,0.346711,0.456347,1.590507,-0.437681,0.341024,1.101599,-0.049419,-0.263755,0.717625,0.990257,-2.039750,0.791444,-0.244169,-1.532566,0.881668,0.492424,0.822462,-0.630442
1038,3,0.966944,-0.200740,-0.095605,0.376819,0.521212,1.193107,-1.709256,0.819380,-0.464679,0.819885,2.634540,1.998489,1.342488,0.641133,0.389615,-0.772747,0.428451,0.183873,0.128035,-0.343292,0.835203,-0.516505,1.454013,-1.072207,-0.938167,0.518374,-0.902325,-0.184458,-1.486059,-1.284984,1.744084,0.144156
1039,0,-0.058671,1.726610,-0.474940,0.429430,-0.429544,-0.301606,0.530894,-0.032190,-0.078566,-1.676027,1.134501,1.362110,-0.015649,-0.387894,-0.004983,-0.531082,1.093864,-1.179011,0.857324,0.130183,1.087301,-0.193833,0.889454,-0.055948,-0.848398,-1.124376,0.747317,0.224848,1.471588,0.347091,-1.774502,-0.721593
1040,0,-1.093879,-1.105937,-0.693508,0.733997,-0.865067,-1.821849,1.545219,-0.624029,0.818192,-0.523951,-0.236286,-0.372474,-1.779784,1.002110,-0.276978,0.745693,0.622013,1.182925,0.571971,0.244863,-0.134912,-1.049748,0.208621,0.749660,1.808016,2.916781,0.820098,0.198277,0.807400,0.633598,0.202908,-0.179702
1041,3,2.037105,1.116406,0.632185,-0.532704,-0.752342,0.618429,-0.346305,0.465878,0.585268,0.002191,1.134121,0.351213,-1.388095,-0.766485,0.081869,-0.225960,0.405404,-0.127603,0.540801,-0.323167,1.309850,-1.030400,0.559854,-0.929678,0.217354,0.669051,0.614091,-0.097774,0.728414,0.442760,1.357587,0.157776
1042,0,1.273123,0.774004,0.718721,0.972354,0.462832,0.197470,-1.692682,-0.115019,2.041560,0.325397,-0.536785,-1.546577,-0.861542,0.066854,-0.114743,0.468440,0.320199,-1.697625,1.312330,0.556923,-0.853805,2.513244,1.333671,0.096649,0.067586,-0.379604,-0.563374,1.424004,0.915136,0.226783,0.290845,-0.995364
1043,2,-0.911341,-0.346540,0.253444,-0.812962,-2.393771,-0.325157,-0.459166,0.432846,1.456802,1.191224,0.618600,-0.536019,-0.790484,-0.513117,1.537000,0.651548,-0.129838,0.217116,1.633930,-1.664058,-0.827670,-0.142643,0.925175,-0.255221,-0.932552,-0.935775,0.015972,0.102819,0.284839,1.717801,-0.780900,-0.951423
1044,3,0.682984,-0.333585,0.614280,1.342811,1.049253,0.228974,-0.481158,-1.050655,0.074340,-1.242981,0.734709,0.337284,0.203312,-1.462990,0.823094,-0.447854,0.079292,1.101370,0.036159,-1.133156,0.088006,-0.047487,-1.632410,1.160089,-0.122871,1.130203,0.421489,1.413332,0.805443,-0.552610,-0.205501,0.588069
1045,0,0.459058,0.107673,-0.390586,-0.320121,1.087767,0.160718,0.411328,-0.427749,0.727826,-0.583735,0.394110,1.931867,1.430665,-0.737843,1.080102,-1.155396,1.160789,0.647656,-0.710581,-0.891385,-1.039903,-1.267635,1.021216,0.266349,0.722565,0.262246,-0.204888,-1.028416,0.632711,-0.401322,0.390384,-0.710893
1046,0,0.031153,-1.633757,0.267861,-0.906437,-0.210141,0.094544,0.073374,-0.578387,-0.647480,1.217323,-0.737267,-2.355164,0.333416,0.072473,1.271758,-0.279080,-0.306627,-1.747262,-0.111537,1.044475,-0.307508,-1.682309,-0.193996,0.503999,0.004219,-1.025659,0.554620,-0.478484,0.777710,-0.559137,-0.816484,0.383679
1047,3,-1.379751,-0.439079,1.187624,-0.500780,1.372595,0.343904,1.359443,-1.193748,-0.614603,0.413091,-1.215457,1.533258,1.346430,0.940710,-1.282177,-0.991839,-0.772851,0.133352,-1.253955,0.076728,0.388853,0.252782,-0.553746,0.739896,2.059961,0.374708,0.840370,-1.476295,0.296827,0.864299,-0.094758,0.637930
1048,1,0.605927,-1.134912,-0.249300,0.943748,0.493922,0.155992,1.015507,-0.707161,0.333217,1.217302,-0.825131,-0.681144,-0.541855,0.429405,-0.245840,0.099378,-1.456427,-1.093588,-0.454918,1.275608,0.587954,0.466532,-2.215546,-0.276423,0.421100,0.366380,-1.387735,0.096099,-2.540691,-0.273624,2.039224,0.078908
1049,3,-0.008358,-0.118767,-0.154114,2.435068,-0.309451,0.971525,-0.975462,0.097999,-1.446463,0.285343,-0.882080,0.846017,0.126098,-0.167499,1.214956,-1.333605,-1.602641,-1.123884,-0.276400,-1.598831,0.740777,-0.780401,-0.803522,-1.059063,0.438766,-1.246772,1.319748,0.901265,-0.392695,1.692391,-0.368749,-0.551795
1050,1,-1.132215,1.309886,-0.764449,0.373482,-0.645165,-0.617463,0.172966,0.527523,1.402091,0.784407,-2.076489,-1.495161,0.609417,-0.506875,-1.118378,-0.661316,0.308333,1.533334,0.302973,0.833214,-0.336362,0.641462,-1.906010,-0.869940,-0.963562,0.944443,0.705487,-0.189954,-0.273856,0.432707,1.106647,-0.563586
1051,3,-0.758661,-0.517960,1.143039,-0.030364,0.602793,-1.323190,-0.742852,1.160069,-0.547747,0.321196,-1.931402,-0.801264,0.766732,0.704817,-0.730329,1.239684,-0.600182,-0.391024,-0.126332,-0.845523,-0.883189,2.361781,0.846423,-0.173184,0.416300,-0.816714,0.090333,0.169881,-0.231542,0.537480,0.420832,-1.568222
1052,1,0.152147,1.376845,-0.212553,-0.116885,0.533744,-1.013455,-1.376468,0.208100,-0.130657,0.006485,-0.732700,-0.211633,1.493750,-1.324695,-0.181802,-1.903739,0.996527,1.558425,-1.161680,1.794105,0.838722,0.519298,0.230558,-1.726186,-2.067383,0.351144,0.055970,0.048103,-0.094548,0.968126,-0.426316,-0.378354
1053,0,1.278914,-2.133870,-0.025848,0.119897,-1.209870,-1.763481,1.033757,-0.717273,-2.298324,-0.091244,0.173199,0.311472,0.925241,-1.033308,-0.170738,-0.348894,1.316263,1.646271,-1.008921,0.525908,-0.270225,-0.799609,-0.347178,-1.311413,-0.039019,0.447069,0.023131,1.653858,0.401574,-1.009239,-0.724968,1.406970
1054,2,-0.457216,-1.011024,0.297382,0.261804,-1.258433,1.075237,-0.656687,1.304467,0.618565,0.159134,-0.156467,0.926226,-0.565686,0.156377,0.628186,-1.061516,-0.695656,2.532521,1.159005,-1.466664,-1.082643,0.207634,0.605860,-0.435616,-1.002355,2.036228,-2.406013,-0.329504,0.006379,-0.109463,1.586929,-0.544770
1055,3,-0.825290,-0.040599,0.372794,0.388385,-0.040162,-0.547546,0.180590,0.509629,0.337926,0.626871,-1.440464,0.730867,-1.169965,-1.208390,-2.172017,0.551192,1.558653,-0.009071,-0.452195,-0.187458,-1.304746,-0.809819,-0.483288,1.633363,0.265885,-0.488973,0.424478,0.925601,-1.623858,0.086639,1.216575,0.433463
1056,1,-0.434755,-1.082390,0.689254,-0.075190,-1.193646,0.371063,-0.085930,-1.123708,0.578300,-0.078974,-0.177761,0.722394,-0.231916,-1.175607,-0.626525,-0.045611,0.490869,-0.070344,0.368458,-0.041910,1.244834,0.427268,-1.971489,-2.018371,-0.319954,0.975631,1.685286,-1.949754,1.380292,1.139326,1.923220,-0.426837
1057,2,-0.981669,0.376099,0.529507,-0.949078,-1.482108,0.302791,0.428179,-0.096715,-0.929480,-1.279160,0.810240,0.004096,-2.144505,-0.407578,-0.433287,-0.113429,-1.112604,-0.180651,0.263585,1.038726,1.101351,2.894227,0.509953,-0.307118,-0.488346,1.765168,1.676264,0.614006,0.905632,1.157712,-0.522992,0.875053
1058,0,0.914553,-0.052398,0.597912,0.825727,1.083399,-1.469405,-0.671710,-0.094464,-2.314545,2.838271,1.070992,-0.743519,-0.016906,-0.793441,0.074631,-0.364340,1.990061,-1.682996,0.276419,0.997347,1.547341,0.197688,-0.223309,0.493570,-0.551042,0.565354,0.574302,-1.165694,-0.381991,0.963397,0.359677,-1.043335
1059,1,-0.769372,1.543445,-0.456138,-0.202010,1.615288,0.864956,0.062107,0.001945,0.865783,1.314400,0.358419,-1.495036,-0.145024,-1.260265,-0.354000,0.781831,-0.781934,-2.463729,1.180231,0.478886,-1.137487,0.033294,2.116282,-1.779299,0.025736,-0.290401,-0.000194,0.107179,1.360437,-0.518978,-0.182756,-0.001048
1060,3,-1.435451,-0.272896,-1.334435,0.011306,0.819353,0.201207,0.260025,1.559887,0.110355,0.195251,-0.255833,-1.121659,-0.253872,-0.823560,-0.140294,-1.760792,0.386780,0.571163,0.224419,0.416293,1.731634,0.603814,-0.055772,0.056134,-0.547148,2.136065,0.083964,0.024032,0.710859,-2.026520,1.051675,-1.127965
1061,0,-0.702381,-0.000624,0.157658,-0.614349,-2.200548,0.493940,-0.674474,1.017617,0.531014,-0.660476,-1.828026,1.203082,0.866966,-1.236473,-0.938236,-0.162580,-0.148810,2.002773,-1.669848,0.586900,1.973704,-0.623864,-0.373889,-0.830670,0.838961,-0.552047,-2.021642,0.321581,0.911200,-0.437192,-1.588342,1.021824
1062,0,-0.235281,0.541417,-0.772010,-0.194867,0.923121,-0.697930,-0.756970,-0.177958,-0.746760,-0.408098,0.515359,0.288058,-0.737186,-0.364641,-0.487292,0.144728,0.939677,-0.241711,0.157826,-0.410693,1.009534,0.179162,-0.076991,-0.866945,0.501044,1.631672,2.068055,-1.077538,0.370047,0.992766,-1.286533,2.120019
1063,2,-0.084765,-0.562033,1.327094,-1.451433,0.546859,-0.153258,0.911528,-2.270944,0.189496,-0.697739,0.084431,0.131473,0.874480,-0.334955,-0.838605,0.879183,2.174009,-1.460183,-0.298249,0.421880,-1.205261,-0.335241,-2.601723,1.693516,0.246731,0.737943,-0.156851,-0.636552,0.483256,0.808221,1.173942,2.252538
1064,2,-1.599558,-0.838824,0.888479,-0.836506,0.083037,-0.371301,-0.321724,-0.627143,0.530314,-0.942285,-1.318496,0.561964,-2.485973,0.212717,0.066264,0.242104,0.436374,0.505728,1.051836,-0.309313,0.346334,-0.560679,-0.899531,2.301188,0.587277,0.865444,0.211257,0.763244,2.425174,-1.542595,1.528718,-0.581364
1065,0,0.998999,0.837448,0.438813,2.266574,0.474005,-0.210227,0.349508,-0.006143,-1.353674,-0.627131,1.325740,0.959604,-0.037664,-0.939721,-0.904454,-0.280236,-0.363867,1.039801,-1.245355,-1.564586,0.614599,-1.036986,-0.088943,0.677369,-1.041954,-0.178436,1.068584,-0.019206,0.645613,0.120704,-1.531750,0.471499
1066,0,2.026464,-1.461868,0.089546,0.111549,-0.177194,1.518767,-0.865279,-0.694979,0.888182,-0.885738,-0.232823,2.595464,-0.873006,-0.092542,-0.131744,-0.743561,-1.411882,1.788523,-0.595127,-1.483959,0.111706,-1.256827,-0.516769,-1.594080,-0.456250,-0.371790,-1.690251,0.768862,0.357432,1.643948,-1.424097,-1.980322
1067,0,1.958758,-0.731023,0.787312,-0.326353,1.885407,0.122520,0.024871,1.046427,-1.635209,1.019046,-0.833096,1.327471,-1.380402,2.826696,-0.339356,-0.658597,-0.777007,-0.378542,-2.268982,-0.617246,-1.081201,-0.989830,1.384339,-1.443042,0.883491,1.189440,-1.369810,-0.384864,1.513789,-0.968445,-0.662300,-1.050361
1068,2,1.505609,0.611412,-1.081423,-0.372474,-0.544019,0.282039,-0.683550,-1.288297,1.220442,-0.609505,-1.695705,-1.196950,0.328592,-0.933158,0.538086,-0.488934,0.533783,-1.741782,1.481186,-1.223296,-0.292916,0.955614,0.796692,-0.167922,-0.232172,-0.606609,0.750935,-2.140667,-0.686778,-0.691227,-0.537341,1.303674
1069,2,-0.564506,0.621847,1.108069,0.543594,-0.839680,-1.792729,0.075700,-2.053494,-1.122950,1.694097,-1.460817,-0.329482,0.745880,-0.593532,0.804886,0.500502,0.970622,-0.975019,-0.099878,-0.086615,0.226400,0.469347,0.427375,0.278141,1.385987,-0.068679,-0.930135,-0.493212,0.080070,-0.594963,1.654790,-2.338861
1070,3,-2.005197,-0.553008,-0.534948,2.045220,0.272847,-0.161573,-1.556093,0.553878,0.638971,-0.194623,-2.423431,0.689565,0.940085,-1.292001,0.955779,-0.360557,-0.372686,-1.930884,0.149157,-1.144376,0.524000,-0.785646,0.332401,-0.733798,-1.488029,-0.734433,0.648814,0.367122,-0.724315,2.135448,-2.336979,-1.374254
1071,2,0.020755,0.635219,-0.346209,1.493100,1.222494,-1.007438,0.014912,1.950660,-1.191432,1.040997,-1.340006,0.157912,-1.675537,-0.348368,0.333021,0.784649,-0.298956,1.477547,0.749488,0.335740,1.438324,-0.659910,1.832645,1.731746,-0.577808,0.247986,-1.561978,-1.911523,-0.008293,0.875658,-0.064227,-0.593580
1072,2,0.646249,-0.101654,0.501688,-0.426569,0.010206,0.519456,-1.075798,-0.479279,0.041232,-0.236978,0.500734,-0.591387,-1.677227,0.449575,-1.249126,-1.089768,-0.509683,-1.683885,0.706895,1.012266,1.301821,0.708378,0.445076,1.871699,1.066567,-0.043716,-0.039452,-0.576734,-2.160535,-0.194262,0.719212,-0.595013
1073,2,-1.122686,-0.523263,-0.910274,-0.543774,1.172173,-0.045243,-1.207145,-1.546829,1.807368,-0.416721,0.111922,-0.506424,0.591879,-2.110933,-0.934494,0.186163,0.119985,-0.003891,0.478183,-0.020834,0.432022,1.161012,-0.889677,-0.090764,1.169802,-1.333139,-1.669312,-1.351200,-1.804722,0.339817,-0.463632,0.219139
1074,1,0.508958,0.661410,-1.153834,-0.842264,1.527028,1.355030,-0.013838,-0.906651,0.508521,1.064467,0.009986,-2.087833,-0.905341,-1.425234,0.221707,1.059577,-0.464376,1.355315,-0.256775,-1.208364,2.153638,0.841678,-0.506113,2.394357,-0.433211,-2.397986,-0.675124,0.912096,-2.372492,-0.533549,-0.365347,-1.106423
1075,1,-1.122975,0.623484,0.552713,-0.493588,0.532605,-1.224856,-0.565225,-1.598136,1.496987,-1.689193,-0.502664,0.687924,-0.684592,1.152050,0.183832,-0.051127,0.098557,0.387271,0.352040,0.112519,0.299329,1.203089,-0.581911,1.013600,-1.251239,0.125311,1.457423,0.889769,-0.639959,-1.290728,-0.822668,1.868499
1076,3,1.348121,0.463516,-1.648058,0.714406,-0.004779,0.087863,-1.110485,0.001268,-0.686872,-0.198345,0.643485,-1.468190,-0.419323,-0.592687,-0.387166,-3.221570,-0.888139,0.343677,0.538349,1.952079,1.319463,-0.300977,-0.928728,0.226613,1.415779,0.125840,0.971543,-0.172593,0.538208,-0.416133,-0.288105,0.432140
1077,3,0.495265,0.549609,-1.700284,-0.236964,2.211715,1.555858,-0.216735,-0.679499,0.771889,0.649126,-1.859323,1.996635,-0.074395,-0.584208,0.305204,-2.299736,0.637322,1.789160,-0.204954,-1.010959,-0.811252,1.909648,-0.647178,-0.953601,0.406708,-2.375020,0.997215,1.339770,-2.609459,0.499575,-0.836621,-0.460044
1078,1,0.102964,2.096959,-1.408780,0.814638,1.483014,-0.617895,1.097445,-1.476442,-0.583887,0.069343,-0.851219,-0.701179,-0.492255,1.063245,1.671929,0.883126,0.228597,1.121667,0.246163,-0.036439,-0.309211,-0.589596,-0.783072,-0.107302,-0.574460,0.969042,-0.096408,0.333760,0.162585,0.950627,-0.394572,0.666210
1079,3,-1.030884,1.536219,-0.206118,-0.482986,-1.268548,-0.049045,-1.601873,0.120250,-1.233241,-0.355729,0.596730,0.976556,0.686834,-0.127201,1.904014,0.487576,-0.726083,1.197958,0.763488,0.509888,-0.020394,-1.107632,0.081406,-0.159751,0.389655,-0.653447,0.603753,1.054000,-1.556154,0.275637,-0.333933,-0.144213
1080,2,-0.686519,0.253781,1.027911,-1.411264,0.385041,-0.100675,0.368060,0.958568,0.337869,-1.268991,0.870105,-0.606265,-0.082037,-1.337035,-0.955852,-0.744904,-0.471966,-0.082586,-1.119141,1.205641,-0.316485,1.869498,1.045284,-0.703720,0.927704,1.035084,0.038374,0.386647,0.783015,-0.265537,0.333298,-0.657301
1081,0,1.746084,-1.108069,0.510195,-1.496916,-1.166726,-0.543397,-0.462674,1.254393,-1.048928,0.391560,0.417516,-0.751869,1.125428,1.710609,1.108980,-1.983803,-1.166393,-1.477929,0.537802,0.095472,1.229752,-1.184302,-0.054341,1.726080,-0.616763,-0.601807,0.184453,-1.594369,0.475843,1.006805,2.018668,-1.222427
1082,1,0.375114,-1.096732,-0.621597,-0.777335,0.651293,0.792578,0.972138,-1.127091,-1.047283,0.352870,1.695996,1.456128,-0.850537,-0.130160,0.752874,-0.237671,1.085541,0.200294,-1.082015,-0.517997,-0.157809,1.629911,-0.681570,1.444623,0.360798,0.686657,-0.712159,1.655824,-0.589830,0.871235,-0.544940,0.294543
1083,2,-0.771983,0.891839,1.579912,1.440517,-0.816926,1.944448,0.663579,0.637353,-0.892298,0.826655,-0.106924,-1.412241,0.939486,-1.075080,-0.093450,-0.064592,0.471947,-2.346526,0.282481,0.684194,0.258186,0.088858,-0.963904,-2.363304,0.543695,-0.073527,2.099714,-0.991618,0.324876,-0.298982,1.253589,0.313504
1084,0,-1.812103,-0.904249,-0.048428,0.669204,0.916433,-0.569090,0.928949,-0.721363,-1.959953,-0.651969,1.373835,-2.073889,0.075481,1.000454,-2.233796,0.077196,0.365893,0.818781,0.287726,0.352613,0.641966,-1.117994,0.565745,-1.237656,0.558098,-0.519384,0.270962,0.562607,-1.808496,0.956296,0.377515,1.097903
1085,3,0.466634,2.502027,1.537843,0.768006,1.783440,0.201752,-2.760566,-1.013450,-0.529103,0.552786,-1.754019,-0.982612,-0.170307,-0.902502,-1.983418,-0.536144,0.062488,1.148533,0.672642,0.610681,0.054432,0.343929,-0.538335,-1.437500,1.165401,-0.123052,-1.026451,0.240886,0.019196,1.143814,-0.240661,-2.058438
1086,3,0.836177,0.274527,-1.687477,-0.873695,0.376514,1.964699,-0.366050,0.616173,-0.427543,0.743057,-0.787775,0.010554,-0.036414,0.496983,-0.102421,-0.334093,0.221073,0.277961,-0.289207,1.336486,-1.991563,-0.253118,-1.063706,0.379334,1.622659,-0.827107,0.710501,0.583245,0.639105,1.206103,0.355116,0.239960
1087,2,-1.999950,0.519104,0.473883,-0.584541,-0.405409,0.066106,0.758581,1.438045,-0.429812,-2.064720,0.845721,-0.204296,0.384307,-0.221006,0.738200,-0.386470,0.728020,-2.218024,0.261961,0.561450,-0.974568,0.062923,-1.776574,0.913642,0.686778,-0.427146,-0.074362,1.250733,0.393753,0.168296,-1.547260,-0.402406
1088,1,-0.743295,-1.154037,0.936304,0.141794,-0.129005,1.462171,-1.193706,-1.232573,-0.045501,0.196651,0.889262,-0.978654,-0.913942,-0.724021,0.120637,-0.069287,0.112145,-0.337325,0.670028,0.704427,-0.002385,-0.828478,0.257180,0.681791,1.116502,-3.309365,0.354141,-0.521742,-0.718635,-0.857547,-0.352714,-1.381932
1089,1,1.494291,2.206870,0.639544,-0.488647,1.849313,-0.011675,0.302645,0.776202,-1.456763,-1.479663,0.622610,1.090088,2.435390,0.238290,-0.007474,1.393880,-1.051809,-1.730176,-1.021525,0.222193,0.063723,-0.521570,-0.335159,1.104557,-0.034595,0.220948,0.598185,-1.527174,-0.318829,0.167993,0.877970,-1.032708
1090,3,-0.586446,-1.254755,-2.175231,0.634569,-0.754204,-0.680868,2.712147,0.929450,-0.855224,-0.227579,1.954892,1.058689,0.628842,0.109331,0.776676,-1.363009,-0.986907,0.206638,-0.775428,-2.121943,-0.405034,0.982945,1.402185,0.818406,-2.202149,0.989337,0.892453,0.241301,1.087833,3.003706,-0.495431,0.867211
1091,3,0.893056,-0.704279,-1.175839,0.607453,-1.012530,1.260874,1.015053,-0.736144,0.445651,0.428953,-0.362478,1.401397,1.487629,1.778492,0.288330,1.521567,0.724791,0.383229,-0.046303,0.897568,-0.188686,-0.629533,-1.338261,-0.905237,-0.526659,-0.093856,-0.321847,0.140534,0.459061,-1.539694,-0.104006,-0.768928
1092,3,0.915983,-0.669036,-0.189641,0.380699,0.607113,-1.567473,0.131011,-0.651503,1.122639,1.559884,0.865448,-0.777836,-0.523384,-0.500797,1.341294,-0.183200,-0.998696,1.088336,-0.857425,0.275002,0.796686,-0.893688,0.555806,0.816931,-0.264023,-1.026538,-0.979689,0.359571,-1.094601,0.925979,-0.153110,-0.371588
1093,0,0.544014,1.460364,-0.532598,0.747111,1.554416,0.026536,0.182654,-0.125283,1.403185,0.806531,-0.399925,1.538626,0.799284,-0.006099,-1.299252,-0.016975,-1.158193,0.109106,0.038349,-0.719378,0.326274,-0.151024,-0.582085,0.258168,0.842003,0.061112,0.775236,0.153124,-0.767143,-0.743689,-0.056383,-0.553085
1094,2,-0.578925,-1.421112,0.655501,-1.031943,-0.512220,0.170296,-0.167876,-0.016910,-0.048018,2.018174,0.609285,-0.761305,0.450833,0.901567,-0.411775,-0.666299,0.016038,-0.401831,0.130416,-0.505136,-0.126408,0.720675,0.075244,0.841112,-0.143574,0.327138,0.109729,-0.517801,-0.823453,0.155244,-0.158097,0.384875
1095,3,-1.006240,-0.558779,0.998182,0.523375,0.363679,-0.054159,0.796923,-0.140973,-0.050008,1.312362,-0.338490,0.322955,-0.357996,-1.697345,1.013329,-0.593970,0.012687,-1.201601,-0.537428,0.577029,-0.075093,1.585843,0.069218,-1.253391,-0.051077,0.383490,-0.944787,-0.586982,0.474315,0.445478,0.211715,-2.233715
1096,0,0.629038,1.174484,-0.639778,1.727299,0.243079,0.333256,0.088896,0.819788,-0.556038,-0.411968,-1.706579,0.584452,-1.536454,1.335534,1.546226,0.607597,-0.035325,0.849394,-0.059083,-2.056158,0.754506,0.068674,0.363012,0.563593,-1.976204,0.715248,-0.583992,-1.304372,-0.388903,-0.802818,0.044894,0.903627
1097,2,-1.939907,0.268309,2.007797,-0.204535,-0.532477,-0.963771,-0.986470,-2.740813,-0.046938,0.561100,0.487451,0.493149,-0.008274,0.220440,1.289125,0.105933,0.317878,0.850816,-0.303992,-0.793620,-1.416809,0.218495,2.466465,0.242807,-0.718631,-0.492929,-0.989734,0.016850,0.034281,1.711828,1.373616,-0.017770
1098,0,2.007248,-1.164191,-0.104258,-0.253611,1.178908,-1.054712,-1.155978,0.790623,-0.332499,-0.899647,0.469346,-1.389234,-1.082322,0.748220,0.337069,1.193475,1.008382,-0.454771,-0.048149,-0.463247,0.084609,1.187853,-0.816237,-0.261990,-0.138685,-1.858568,-1.715235,0.047412,-1.040406,-0.722749,0.185864,0.388097
1099,2,-0.588510,-0.333322,-0.665997,-0.528986,1.194559,0.006126,-0.171820,0.379501,-0.263187,-0.328534,-0.266561,-0.576275,-0.215391,0.404272,0.620079,-0.914341,0.660501,-1.549840,-0.822892,-0.910217,-1.460920,-0.061339,2.994136,-0.953816,0.707835,-0.980322,1.380737,1.469955,1.717375,-0.716460,-0.664220,1.037754
1100,2,0.666284,1.812649,-0.923511,-1.176430,-0.834178,1.437500,-0.874960,3.046710,-0.698116,-0.452025,-1.790273,0.456403,0.366454,-1.243010,0.737364,0.084629,-0.583541,-0.850336,-1.130317,0.066213,-2.476221,-0.233430,-1.000260,-0.406068,-0.028244,0.333626,-0.090958,-1.276551,0.073255,1.272039,-1.550297,-0.696692
1101,2,-1.499770,0.190282,-0.681121,-0.967946,-1.175417,-0.125205,-0.233170,0.288400,1.060730,0.000857,-0.408035,-0.780891,-1.191471,-0.601407,-0.938818,1.402584,0.220480,-0.442334,-1.154069,0.907908,-1.516260,1.595902,0.190879,-0.176120,-0.060724,1.323968,0.143029,0.138562,0.897579,0.297012,1.071217,0.302995
1102,0,-1.542316,0.705930,0.215651,1.402065,0.494406,0.603469,0.044231,0.708615,-0.763147,0.414763,-1.567771,0.613009,0.289436,0.161665,-0.491221,-1.028639,1.733878,2.030284,-0.760482,1.508079,-1.484160,1.845549,0.706079,-0.161994,-1.636376,-0.319434,0.196711,-0.271416,-0.017530,-1.146984,0.246288,0.755612
1103,1,-0.054108,-1.162890,0.540204,1.028832,-0.543158,-0.039297,2.216738,0.408121,-1.013984,2.663891,0.858725,-1.709369,0.014272,0.595767,-0.817991,0.210911,0.750730,-0.738706,-0.840165,0.266920,-1.302791,-0.445918,0.440651,1.707117,-0.106738,-0.991103,0.463753,-0.250866,0.667248,0.798055,0.421270,-0.518946
1104,0,-0.093676,0.885907,0.573224,-0.048449,-0.158960,-1.293908,-0.951238,-0.939278,-0.414792,-1.384991,-0.776684,0.330646,-0.820341,-0.125554,-0.103190,-0.644908,0.635679,0.522871,-1.477137,-1.083859,0.188006,-0.557852,-0.446878,1.674108,-2.091802,-0.868157,-1.229658,-1.253932,-0.024425,1.402782,1.433472,0.025371
1105,1,0.456438,1.170097,-1.514284,2.231902,0.425892,0.758069,-1.339551,0.552204,-1.082004,-1.167298,0.104899,0.158532,0.965349,0.092708,-0.199336,0.177338,-0.770708,0.745925,-0.168660,-0.980462,1.028864,0.754278,0.624088,-1.301578,-0.082304,-0.109808,1.383252,-1.211813,-1.810099,1.112015,0.524563,-1.893567
1106,1,-0.106066,-0.997166,0.937420,0.406386,-0.514786,0.626721,1.359608,1.013426,-0.927458,-2.185248,-1.966595,-0.878152,1.048831,0.650901,0.662407,-1.289281,-0.091595,0.940524,0.607506,0.987375,1.206076,-0.756924,-0.033928,0.332215,-0.227914,2.209489,0.472422,-0.473162,-0.243091,1.711106,1.667751,-1.228498
1107,0,0.836825,-0.604034,1.061696,0.376470,0.791914,0.002443,-1.491060,0.643411,-0.457476,1.765429,-1.988149,-0.480082,0.932190,0.551156,-0.094871,2.047747,-0.442260,0.102977,-1.137123,-0.841873,0.378602,1.861265,1.981240,1.152820,0.527418,-0.316033,-0.734820,-0.025686,0.963993,0.887356,1.040578,-0.639037
1108,1,-1.234704,-0.972533,-0.060442,1.394129,-0.151789,-0.364029,0.106177,-0.799884,-0.030082,0.253795,-0.237023,0.547854,-0.811317,-1.530432,0.654145,0.641102,-0.458017,-1.154112,0.596636,0.003315,-1.233624,-1.168033,1.203985,0.318183,-2.827551,1.633032,1.551958,0.055590,0.139459,-0.007084,-0.441972,-1.049079
1109,0,-0.456609,-2.281450,-0.516744,-0.219693,1.426478,-1.358209,-2.479768,1.770192,1.428967,1.351266,0.282721,0.758933,1.914668,3.042930,-1.254753,-0.603597,-0.921214,1.398235,0.882965,-1.659640,-0.606742,0.880046,-0.132435,0.121730,-1.454595,0.472644,1.047288,-0.381547,-0.555858,1.538257,1.144945,1.241171
1110,1,0.607259,0.128213,0.762528,2.423934,0.253025,-0.559837,-0.197423,-0.785042,0.384003,0.505226,-0.133616,0.622557,-0.056269,-1.029485,0.167842,-0.029565,0.434338,0.062406,-0.550898,0.193009,0.277408,0.772609,0.192536,1.080207,-0.319557,-0.516099,0.521119,-0.508164,2.641826,2.118093,1.053516,1.187315
1111,0,-1.282534,-0.955461,-0.922086,-0.855113,0.695152,0.656537,0.223096,0.752650,0.752234,0.116919,-1.341254,-0.525339,0.264722,-0.667356,-0.095614,2.122625,1.670551,-1.562151,1.784829,-0.053013,-0.688883,0.201219,2.362509,0.117414,-0.725595,0.851712,1.022986,0.678629,-0.461373,1.600162,-0.806937,-0.976848
1112,1,1.055056,0.260689,-0.435532,-1.063307,-0.840530,0.616384,-0.261557,1.128409,-0.841690,0.938025,-1.137797,-0.289251,0.092823,-1.262636,-0.844557,0.917045,-0.569544,0.053634,-0.541212,1.591969,0.113639,1.837652,0.788851,0.254189,0.008017,-0.185408,-1.258568,-1.654775,0.424024,0.588986,0.201853,0.274700
1113,3,-0.972778,-1.958984,-0.179283,1.947142,-0.171062,0.914289,0.092525,0.124852,0.429257,-2.632260,-1.455205,1.368526,0.298239,-1.661676,-0.583743,-0.156377,1.229826,-0.160695,0.506906,-0.476264,0.125535,1.043709,-0.778229,-0.740188,1.943312,-0.350844,0.033263,-0.095152,1.188170,-1.500317,1.886181,0.165212
1114,1,-0.123457,1.277544,-0.218400,0.125048,0.150661,-0.239556,-0.607781,1.639455,0.211257,0.560717,-0.543123,0.405771,-0.498989,-2.214419,-0.263749,-2.460792,-0.220579,0.671085,-0.470366,1.164010,0.182984,-1.164078,0.362216,-0.017905,-0.848447,0.811802,1.952656,0.230295,-1.174669,0.060077,-0.291604,0.034521
1115,3,-0.980080,-0.513231,-0.842194,0.009350,0.024318,0.757716,0.934109,-1.331893,-0.182313,-1.248721,-1.612567,0.705629,-0.186137,-1.070445,-0.648074,1.262302,-0.488759,-0.587283,-1.200428,-0.720223,-0.216836,-1.167317,1.295050,0.563692,-0.138026,0.086059,-0.868783,1.446271,-0.803748,-1.157598,-1.213984,0.575416
1116,1,-0.474210,-0.942648,-0.182639,-0.053402,0.086553,1.612355,-1.250189,0.717551,0.446721,0.906157,1.191396,-1.181612,1.282888,0.894544,0.156954,0.506856,-1.257025,0.309070,-0.125644,-0.027734,0.314986,-1.876274,-0.545735,-0.743271,-0.153018,1.969875,0.071770,0.747911,-0.318373,-0.055307,0.141550,-1.432265
1117,2,1.878714,1.281016,1.372254,-0.387782,-1.536526,0.068996,0.905103,0.400377,-0.313425,-0.028832,-0.295466,0.225680,-0.974080,-0.270496,-0.555216,-0.198038,0.148250,0.601072,-0.506996,-0.422567,0.201879,0.969527,-0.410724,-0.217149,1.946388,1.829393,0.763659,1.706800,0.290810,-1.372058,0.860967,-0.699347
1118,2,-0.880403,0.058501,0.680026,-0.203226,-0.532541,-0.226671,-0.777147,1.162643,0.013088,-0.596450,-1.045672,0.734044,-0.009178,-0.058660,0.407389,0.435764,1.382310,0.595332,1.334960,0.114235,-0.315935,-0.856444,0.046267,0.378290,1.653723,-0.205185,0.825072,-1.110854,-0.396997,0.114251,-0.630062,-0.072442
1119,1,0.777169,1.061656,-0.468790,-1.000349,-0.058261,-0.009606,-1.499315,0.016173,-0.679373,0.052072,-1.045215,-0.961960,1.952226,-0.935267,-1.961653,0.034156,1.414392,0.444549,-0.813129,1.363598,-1.224944,-0.347021,1.354877,-0.544051,0.654358,-0.518356,-1.696664,1.424640,-1.430209,1.859682,-1.125390,0.166183
1120,3,0.575714,0.036717,1.283858,-1.340253,-1.809854,1.103969,-0.815081,-0.068224,-0.010161,-1.332751,-0.328743,-1.040140,0.467737,-2.105047,0.983538,-1.774034,0.487793,0.300996,1.409795,0.599010,-0.355550,0.259277,-0.936662,-1.265485,0.704765,-1.906591,0.484263,-0.953466,-0.450671,-0.018596,0.523787,1.143986
1121,1,0.797369,1.163069,0.314058,-0.155181,-1.828466,-1.018301,-0.041222,-0.033213,-0.473973,1.542403,-1.259693,-0.162660,-1.734500,0.414818,0.372090,-1.205565,-0.068978,0.463887,-1.500464,0.581177,-0.792022,-0.114280,-0.866755,-0.454693,-0.280087,2.539325,-0.466368,-0.310220,0.039355,-0.444223,0.487464,0.352180
1122,2,-0.737102,1.455570,-1.063342,-1.115499,0.796544,0.412595,-0.344012,0.250176,-0.815873,-0.126567,1.992319,0.333632,-1.294568,0.787323,-0.338044,0.609411,-0.521312,1.261914,0.735096,0.042539,-0.216204,1.062788,-0.446581,2.014391,-0.397545,0.006023,-0.667970,0.864507,-1.500802,1.263969,-0.308143,-0.640925
1123,3,-1.473608,0.707777,0.671465,0.546122,1.153344,0.711627,0.424098,1.855361,-1.784656,-0.145985,-0.965972,0.571119,-0.240063,0.399888,-0.392397,2.126582,-0.603171,-0.405850,-0.071067,1.239794,-0.616202,0.758173,-0.140609,1.821640,-0.779367,-0.601002,0.206418,0.324968,-0.561905,-0.144655,0.385704,0.300700
1124,3,1.494610,-0.258161,1.036853,-0.898886,1.312610,0.855957,1.009044,-1.298191,1.135269,1.543168,0.043982,0.492631,0.439827,-0.493591,0.641916,0.286035,0.862922,-1.110001,-0.729146,0.197414,0.836182,-1.399776,-1.394341,-0.242291,-0.391226,0.897541,-0.369334,-0.372072,0.227389,1.486134,0.202470,-0.220598
1125,1,0.623874,1.411332,1.350994,1.420146,0.227264,0.241837,-1.796012,-0.176371,1.114481,0.832911,-0.407409,-0.791432,1.470432,-0.140500,-0.260020,1.016205,1.622247,-0.341970,0.078792,-0.196466,0.001694,-1.930601,0.847697,-0.835049,0.928532,-1.978574,0.745306,-1.497602,-0.771632,-0.480870,-0.328980,0.090306
1126,3,-0.475004,-0.417371,-1.536516,0.902888,-2.701555,-2.038952,0.643622,0.887469,0.396956,-0.362330,-0.818609,0.020649,-0.937963,0.483291,-1.054086,-1.753935,0.614445,-0.772437,-0.153013,-0.011231,-1.595968,0.165621,0.166231,-0.399956,-0.046497,-2.023780,0.872326,1.175214,0.750824,1.529399,-0.501777,-1.365088
1127,1,-1.324396,0.422416,0.194926,-1.105609,-1.019224,1.338770,1.452269,-0.185964,-0.793590,0.932476,-0.149327,-0.311294,1.420565,0.638309,0.932220,-3.727150,2.595762,1.042975,-0.405645,-0.151174,-2.317587,1.713268,-0.957431,-1.164945,1.651922,-0.013558,1.835017,-0.856336,0.910511,0.721194,0.172122,0.807321
1128,1,-0.061308,1.602100,0.315841,-0.114507,0.757727,-0.015015,0.173336,0.846942,-1.432212,1.694911,-0.934869,0.793697,-0.937211,2.787062,0.286209,-0.201422,0.044184,0.222544,-1.178510,0.863945,-0.037642,1.074687,0.410232,1.072615,-1.503144,-0.500900,-2.313026,-0.837673,1.038596,0.403037,-0.107062,-0.270111
1129,3,1.225749,1.011478,0.765803,0.379925,0.125761,1.158444,0.125264,-0.574350,0.062431,0.796925,0.785314,-0.338363,2.034561,-0.805488,0.729522,0.772942,2.471282,-0.231689,0.274590,-1.295184,-0.702877,-0.069827,-0.183698,-0.235762,-0.008261,-0.374877,2.242731,0.065696,0.363614,-1.329326,-0.197037,2.128610
1130,2,-0.279611,0.252944,-1.681657,-0.038728,0.423626,-0.587780,0.211574,0.069344,0.451456,-1.813998,-1.082262,1.160752,-0.601133,-1.080093,-1.392914,-0.276400,-0.067825,-0.456615,-0.578659,0.205950,-0.116232,-1.051120,0.048383,-0.125755,0.151842,-0.633607,-0.153086,1.106010,-0.296725,-0.159541,0.218848,-0.554488
1131,1,1.744677,0.279606,-0.897179,-0.553104,-0.465409,0.878614,-0.057834,0.778127,-0.185813,1.334704,-0.063084,-1.196378,1.181208,0.088016,0.764739,0.303311,1.397048,0.368301,0.356676,-0.775436,-1.006680,-1.930542,-0.682279,-0.902822,0.790603,-0.744726,1.045761,0.378854,1.588318,0.723226,-2.256439,-2.007883
1132,1,-0.024403,0.628811,1.034703,1.391929,1.097340,2.571696,-1.574687,-1.421906,-0.562088,-0.964402,-1.817925,1.100053,-1.563590,0.656977,-0.794573,1.735283,0.095301,1.120800,1.397552,0.118490,-0.228333,-1.385392,0.608366,0.885848,-0.001553,-0.624878,-2.912325,1.095796,-0.551607,0.681526,-1.464826,-0.228435
1133,0,0.549139,1.140200,-1.081455,-1.009970,-1.557709,3.062890,-0.685751,-1.347851,-1.156095,2.492359,-0.010243,-1.449214,-0.753457,0.045378,0.106127,-1.235497,-0.064894,1.257666,1.262600,0.324333,-0.428317,-1.251079,3.531728,0.889986,0.171335,-1.350558,-0.899611,-1.744762,-1.487932,-0.471358,-0.254974,1.476271
1134,0,1.681265,0.471433,1.010501,-1.243385,-1.050446,2.288000,0.280335,0.080396,-0.004143,-1.789818,-0.879948,0.158239,0.667911,1.557848,1.508230,0.113137,1.043295,0.566291,-0.147288,2.812471,0.587344,0.541033,1.003926,1.758942,-0.186271,1.965597,0.851377,-0.897606,0.301010,-1.163005,0.161181,0.642805
1135,1,0.104040,1.255066,-0.002757,1.006384,-0.262003,-0.978475,0.918590,0.991222,-0.683605,-1.136182,0.502778,-0.404126,0.497652,1.998286,-0.067359,0.482026,0.329132,0.248212,0.424636,0.993012,-1.010818,-1.933275,0.034327,1.327237,1.013117,-0.103133,1.439346,-1.614145,-1.606236,-1.994415,0.812043,-0.689900
1136,2,-0.781646,-0.679375,0.090952,-0.529456,0.745462,0.689252,1.264764,-1.400082,-0.051633,-1.127980,-0.956476,0.297288,-0.911916,-0.982353,0.777791,-0.708428,-2.297920,0.584904,-1.551372,-0.754006,-0.222188,1.579640,-0.132193,-0.690736,-0.139618,-0.322702,-1.348227,-1.345495,0.068394,0.656650,0.380613,0.601614
1137,3,1.967445,-0.581721,0.437883,-0.942765,-0.029689,-0.093432,0.253598,-1.054624,-1.148000,-1.134742,-0.777662,-0.117350,0.976340,-0.676628,0.733200,1.591876,0.423601,-1.261303,-0.472299,-0.587529,1.869700,1.421160,-0.508754,2.357179,0.015122,-0.827150,-0.288506,1.019919,-1.408376,0.998033,0.219908,-1.954899
1138,1,-0.806510,1.467801,-0.286617,-0.761395,1.131689,-0.271335,-0.056175,1.284545,-2.254754,0.912425,0.611330,0.178341,-0.421166,0.164718,-0.175376,-0.912683,-0.494834,-1.031857,-2.963602,0.480250,-0.545746,-1.495457,0.032192,0.566324,1.492954,0.595384,0.363088,0.070604,-1.152099,-0.179025,0.205834,0.709084
1139,3,-0.417028,0.820220,-0.239717,0.250032,-0.949754,1.514729,2.164623,0.145938,-0.907598,-0.195510,0.007007,1.353727,-0.809708,1.491728,-1.494745,0.183720,-1.241876,-1.186107,-1.544302,-0.143661,1.474043,0.134935,0.988501,1.044689,-0.730448,0.820057,-0.465198,-0.701162,0.317350,1.052501,-0.316071,0.506975
1140,3,0.629274,0.657196,-1.186944,0.174315,-0.176022,-1.102117,1.149670,-0.400560,-1.031829,-0.033922,2.092674,0.059441,-2.020835,1.809037,2.279722,1.197160,0.868122,-0.246910,-0.599007,0.574704,-0.717736,-2.027776,1.061398,1.777768,0.666715,-3.315314,0.098166,0.157283,-0.661921,1.409566,-0.741517,-1.615874
1141,0,-1.328349,1.042795,0.146945,-0.544774,-0.311561,0.258214,-0.392771,1.546517,-0.965301,-0.473941,0.153450,1.293306,0.165166,-0.521516,-0.225767,0.043801,0.800188,-1.235493,0.616867,1.473612,0.733575,-0.393069,-0.678242,0.534575,-1.568533,0.743763,-1.196038,0.208505,1.294607,-2.070173,-2.412403,1.818419
1142,3,0.477687,1.971984,-1.617828,-0.169995,-1.524007,-0.544342,0.824992,0.388382,1.043064,-0.468787,-1.126999,-0.118436,1.682252,0.076881,0.211441,0.143828,-1.123782,0.386014,0.212559,-1.019340,0.296623,-0.751456,1.541595,-1.379849,-1.331204,-0.860905,0.078582,0.080698,0.219727,0.643103,1.236153,-0.652101
1143,3,0.141106,-2.087984,-1.250076,-0.383338,0.305779,0.154581,-1.106388,0.443100,0.170719,-0.057147,0.434889,-0.809694,0.345877,-0.203184,-1.206730,-0.884653,-0.343426,-1.848826,0.131988,-0.205912,-0.724279,0.611412,-2.009515,0.493978,0.618159,1.651592,-0.741800,-0.518178,-0.446277,-0.065004,-0.565243,-0.006253
1144,3,0.970773,-1.466496,0.942399,-0.360656,0.406282,-0.049243,-0.647546,0.220660,-0.710862,0.592027,0.505543,0.133399,0.171615,-0.823415,1.160397,0.700896,-0.098580,0.681283,0.325617,0.883195,-1.759994,1.320440,1.295515,-0.734519,0.673641,0.148860,-0.408745,-0.098356,-0.040377,-0.043198,-0.881770,-1.167377
1145,0,2.558263,0.158287,-1.385185,0.205019,-2.097181,-2.354837,1.089843,-1.567056,-0.528287,-0.757505,0.192482,-0.704095,1.371412,0.808403,2.342096,1.007403,1.358949,-0.694472,1.118023,-0.157877,-1.016507,-0.134480,-0.643820,0.189301,-0.559214,2.064327,-0.069778,2.376648,0.745227,0.122705,1.076418,0.556510
1146,1,-0.289525,1.553402,1.119802,-1.330987,-0.675358,0.958458,-0.134121,1.107680,0.353890,0.219435,0.096106,1.596078,-0.521705,-0.566762,-1.911409,0.526010,-0.649987,0.889881,0.393257,0.064305,-0.270319,1.762360,0.405402,-0.275931,1.687248,0.756757,0.070354,-0.488012,0.162119,-0.263813,-0.272972,0.111388
1147,2,0.700084,-0.325910,0.707610,1.008729,-1.178142,-1.106695,0.358672,-0.649494,1.014872,0.218949,0.078353,0.628446,-1.825339,0.137263,-0.386369,0.172745,0.635419,0.428366,-0.688154,-1.528649,0.094953,0.958817,-1.615355,-0.552926,-0.375646,-0.776620,-0.999068,0.338508,0.625327,-0.494292,-0.570479,0.958810
1148,2,-1.166173,-0.407617,-0.703444,0.562301,-0.773198,1.115887,-1.122399,-2.132224,-0.291073,0.895097,0.756520,-0.204118,-0.756974,-1.091459,1.501145,0.605551,1.155728,0.757764,-0.163007,0.100522,1.746728,-2.418524,1.712585,-0.041266,0.255934,-0.304743,0.786285,0.531039,-0.526921,1.025472,-1.321352,-0.020004
1149,0,1.677272,-0.383755,-0.111880,-0.214738,0.255737,0.760444,-0.825290,-0.029459,0.853889,-1.086444,-1.269060,-0.391254,1.228265,0.185815,-0.806100,1.412198,-1.469432,-1.607895,-1.234547,1.492879,-0.005137,-2.194145,-0.429521,-1.356995,-0.106894,-0.202244,1.718470,1.179639,0.187452,0.147448,-0.937608,1.468053
1150,1,-1.446510,0.367943,1.540168,1.027931,-2.505096,0.209468,-0.569679,0.353095,1.067948,0.761770,0.001072,0.927711,-0.246718,1.276493,0.692674,0.412905,-1.486590,-0.151214,-1.621902,-0.192930,-1.764976,0.993195,0.870059,-0.486704,-0.684232,0.669133,-0.363668,2.108584,-0.293614,-0.047478,0.959968,-1.071849
1151,0,-0.119898,0.264716,1.059795,-0.405287,-1.219952,-1.212491,0.726914,-0.174935,1.279319,1.165116,-1.976399,1.151785,1.560070,0.971808,-0.112179,-0.026962,-0.598495,0.066070,-0.162206,0.670872,-1.418592,0.030000,3.153975,-0.521289,-0.887103,0.422029,2.310293,-0.594554,1.198216,1.571185,1.257985,-1.749125
1152,2,-1.487123,-1.423833,-0.002160,-1.024209,-0.184924,-0.157213,-0.645531,1.885561,-2.054376,0.090904,-0.932307,0.373959,0.497474,0.434103,0.626956,-0.063189,0.013768,0.206690,0.928256,1.084327,-0.235917,0.910927,1.176210,0.154690,-1.365682,0.196247,-0.222865,-1.411369,0.546620,0.288681,0.945303,-0.584575
1153,3,1.055328,0.856003,-0.821522,-0.000901,-1.457282,2.335279,0.337857,0.847640,0.856271,0.142389,-1.573955,1.153577,0.812302,0.564965,-0.370960,0.769924,-0.356849,-0.086628,0.672510,0.105802,-1.401225,0.631436,0.601578,0.602716,0.067216,0.383662,-0.085394,-1.021155,-0.190893,1.073864,-0.452966,-1.200441
1154,0,1.187526,0.324976,-0.981494,0.733813,0.754393,-1.389168,-0.506227,-0.540085,1.424316,0.264559,0.152658,0.185793,1.622629,-1.319098,-0.074817,0.877754,-0.417671,-1.244898,-2.289904,-1.411533,1.393971,-0.804211,-1.285017,-0.788086,0.197522,-1.226430,1.779831,-0.457944,1.737249,1.171161,-0.805982,1.196523
1155,0,0.679966,1.211997,1.183425,0.266166,-1.240904,1.138305,-1.481909,-0.049838,0.310213,-1.331810,-0.452553,-0.650749,-1.002605,-0.833656,0.090342,-0.614633,-0.557798,0.411899,-0.274970,-0.365343,-0.322580,-1.716662,-0.862839,1.130690,0.539050,0.661557,-0.898058,0.823463,1.570164,0.155498,0.068400,0.372356
1156,1,0.561500,2.085092,-1.787389,-1.189053,1.042727,0.366088,1.100494,-0.947645,0.935068,-0.915505,0.808072,-0.225662,-1.575621,-0.778654,1.661323,-1.669375,-1.129276,-1.487570,-0.494737,0.741584,-0.925223,-1.102957,1.735660,0.436852,-0.595639,0.733287,1.423961,0.581676,0.648558,-1.226796,0.706312,0.002450
1157,2,0.587183,-1.104357,-0.202257,0.482120,2.314736,-0.375227,0.503179,-1.624173,-1.359404,-0.034294,-0.053132,-1.398216,0.518750,0.735014,1.283430,-0.203518,-1.073381,0.557841,-0.157408,0.568939,-0.105646,-2.594980,1.300958,0.874475,0.860329,0.679499,-0.678430,-0.595052,-0.252943,-0.793620,-1.188092,0.725707
1158,1,-0.101979,0.157573,-0.346351,-0.465890,0.104023,-0.722273,-1.013385,0.321198,0.585075,0.351330,0.763826,0.171406,-0.147192,0.646119,-0.259827,-0.687763,-0.016814,0.316391,-0.483092,-2.008527,-0.942000,-0.587875,-0.963319,0.041762,-0.430587,-1.054605,0.957607,1.213841,-0.009617,0.608707,0.181223,1.144761
1159,1,-0.385925,-0.218051,0.365447,-0.227126,-1.280440,1.048137,-0.165589,2.004897,1.212048,0.838832,0.802483,-1.384599,0.385140,-0.817939,-0.375392,-0.654858,-0.475955,-0.193986,1.081139,-1.127035,-1.158801,-0.523566,-0.836211,1.902911,0.352460,-1.322794,-0.703367,-0.608270,0.421592,-0.554120,-0.309810,0.628903
1160,2,-0.914695,-1.158738,-0.329652,0.332086,0.711608,-0.775667,-1.300710,-0.417869,0.460974,-1.470086,0.641450,-1.196312,0.038142,0.467227,-0.718227,-0.989514,1.883195,1.006811,0.318425,-0.483211,-0.010729,-0.541685,-0.765683,0.074474,2.556128,0.599250,0.078953,0.034361,-0.186907,-0.796805,2.371562,-0.800192
1161,3,1.087255,0.751867,-1.379677,1.055586,0.835986,1.908028,-1.997417,0.769175,-0.055313,0.213917,-1.531350,0.438698,0.615245,-1.678938,1.266994,1.655238,-0.553216,0.720189,-3.812932,1.492616,-0.559159,-0.253870,-0.049138,0.963844,0.223701,0.863062,-1.491742,-0.703571,-0.482337,0.126232,1.463844,-0.317366
1162,1,-0.955215,1.179695,-1.575618,-0.625169,1.755109,-0.066108,-0.173855,0.284461,0.022507,2.213770,-1.031104,-0.938783,2.023760,-0.391276,1.102354,-1.023852,0.263048,-1.907872,-0.268031,-0.226018,-1.714126,-0.465376,0.137539,-2.661594,-0.087618,0.215973,1.132774,-0.571476,2.134804,1.161236,0.503480,-0.808467
1163,3,0.859831,1.388405,-0.375171,1.385220,1.184484,-1.517684,0.754498,0.163037,-0.023192,1.405444,0.054778,-2.166291,0.179156,-0.865952,1.226035,0.496879,0.195746,-1.409841,0.710652,1.583684,0.472939,-1.679696,-1.002918,-0.653550,-2.160166,-0.475554,0.426430,-0.235933,0.342830,0.044048,0.828494,2.248265
1164,3,0.696820,-0.066123,-0.374592,0.237563,-1.398243,-1.657553,-1.101819,0.034399,1.160015,-0.528762,1.811045,0.879704,-0.344375,0.052047,2.182603,-0.278147,-1.440995,-1.088856,0.073770,-0.643855,-0.259187,0.484695,0.228170,-1.149533,-0.059087,-0.444148,1.198468,-0.368366,-0.360238,0.813204,-0.608373,-0.925332
1165,1,0.109875,-0.082954,-2.142771,-1.068365,0.955653,-0.605172,-1.612023,1.244513,0.394249,-2.062830,0.075070,-0.403360,-1.201713,0.549362,0.876111,-0.127400,0.372202,-0.489889,0.096950,1.477131,-0.410960,1.209529,3.011363,-0.575974,-1.109815,-0.526505,-0.643222,0.918038,0.452389,0.937626,-2.035655,-1.348912
1166,0,-0.162753,0.342447,1.030159,0.242072,0.853171,-0.009861,-1.265504,-0.439534,0.772926,0.845281,-0.862650,-0.477630,-0.151287,0.451132,2.175014,0.853966,0.649317,-1.833119,-0.127223,-2.197580,0.797721,-0.279948,0.173701,0.537950,1.390349,0.134575,0.104934,2.122082,1.600247,0.363992,-0.587277,-1.452940
1167,3,0.831154,-0.405964,1.801136,0.372976,-0.653436,-0.926126,0.655623,-0.970328,0.337559,-0.585004,-0.295166,-3.152840,0.237615,-0.769961,1.075016,-0.446566,-1.468634,0.537708,0.040192,-0.165588,-0.547733,0.443080,-0.730607,-1.116848,1.719416,-0.100721,0.263601,-0.124492,-0.330107,-0.489759,-0.393589,-1.516494
1168,3,0.156612,1.215090,0.173731,0.301430,-2.221170,-1.161509,-0.890016,-1.022683,1.536058,-2.231215,0.379506,-1.014142,0.937365,-0.501009,2.045046,0.275878,0.461624,0.385087,-0.616111,1.278986,-2.395489,-0.864288,-1.591768,-0.979925,-0.665619,0.238793,0.082636,1.293133,-0.254345,-1.014791,-0.914820,-0.377877
1169,2,-0.758292,2.716143,2.396021,0.107518,-0.109573,-0.331806,1.577978,2.371103,-0.844135,-0.888287,0.286945,0.601872,-1.540654,-0.518477,-0.815100,0.778303,0.916645,-2.423141,0.152038,0.340380,-0.859706,-0.381452,-0.304698,0.644605,-1.691711,1.234647,-0.081072,-0.317500,0.677481,-0.362490,-2.443812,-0.164135
1170,2,0.637704,1.196477,1.861660,0.413902,-1.383269,2.149896,0.077177,-0.512253,1.340693,1.379671,-1.101921,-0.278967,-1.521884,-0.907534,0.142552,-1.014818,0.311582,0.937305,2.396479,-0.883097,1.093151,0.145317,0.047941,0.275576,-0.451863,1.671471,0.664537,0.414890,-1.579907,2.260803,-0.480255,-0.756863
1171,0,0.756260,0.390219,1.094795,-0.134128,1.861834,0.913606,0.730025,0.425467,1.496057,0.831539,-0.320160,-0.851395,1.688112,-2.422752,0.538785,2.028618,0.014013,0.981316,-0.182647,0.392480,0.509140,0.295176,-0.934467,-0.083617,-0.827894,1.434957,-0.637834,-0.730269,-2.557039,-0.676220,-0.248164,0.303667
1172,0,1.227021,1.990914,-0.016772,-0.609232,0.445037,-0.567528,0.266418,-0.756956,-0.097308,1.524703,1.499753,-0.326984,0.913328,-0.264672,-0.319117,-0.417926,0.419191,0.545824,-1.835331,-1.001243,-1.185232,-1.342905,0.840480,-0.234904,0.223720,-0.282721,1.104598,0.143608,0.541956,0.488567,-1.273472,-0.301659
1173,1,-0.377891,2.506317,0.423100,-0.882519,-1.130452,0.702503,1.406117,-0.643366,-0.588520,-2.102752,0.928935,-2.195413,-0.614451,-0.987749,-0.901834,1.275925,-1.554713,0.177640,0.941405,-0.096835,1.067400,-0.399507,-0.815345,0.616847,1.198167,-0.760520,-0.851368,-0.427941,1.708402,0.666777,-1.242692,0.240046
1174,3,-1.055981,-0.023737,-2.125397,0.495445,-0.415776,0.301588,0.656230,-1.184667,-0.214044,-0.580813,0.397703,0.948513,-0.879485,0.968350,0.198505,0.008318,-0.476303,-0.302105,1.453588,1.468315,0.459625,0.742960,0.418361,-0.469080,0.120441,-1.023308,0.622409,-1.977635,-1.628324,-1.279477,0.266854,-0.759566
1175,3,1.062358,-1.120048,-0.109918,1.636743,-0.118017,0.538164,1.496545,-0.203282,1.811217,0.960351,-1.261736,-0.018373,-0.356093,0.461309,0.375115,-1.414253,0.313867,-0.110669,1.788311,0.867550,-0.905612,0.877418,-0.326586,-1.138611,-0.526942,0.533036,0.981201,0.985903,-0.398283,-0.447875,-0.478672,1.831648
1176,0,1.269318,-0.878623,1.195776,0.958463,0.513369,-0.188305,-0.876768,-0.706677,1.585595,0.211795,0.646731,-0.629564,0.113617,-1.415555,0.127189,0.205237,-0.232255,-0.327381,0.730932,-1.137509,1.509413,-0.801946,-0.632144,0.909949,0.677102,-0.064839,-0.989741,-0.720160,-2.342380,-0.516449,0.594765,2.468161
1177,3,-0.467484,0.539721,-0.174572,1.109050,0.264846,-0.270630,-0.327711,-0.447128,-0.118130,-0.115877,0.723146,0.443307,-0.203406,0.490748,0.150012,-1.256923,1.110142,-0.297404,-1.807589,0.415356,-0.520386,0.584768,0.277722,-0.031784,-0.257825,0.105036,0.665947,0.191785,0.320774,0.188076,-0.049670,-0.576902
1178,1,1.097292,1.454393,0.750919,-0.988875,-0.233667,1.413526,0.390238,1.518627,1.393599,1.314405,1.079836,-1.139852,-0.317298,0.866991,-0.184174,0.138753,-0.493917,-0.246717,1.791759,0.861398,1.883553,-0.137823,-0.428501,0.700463,0.677096,-0.822177,1.888415,1.334451,1.713795,-1.115917,-0.835221,0.240717
1179,0,-1.011275,0.565944,0.922290,-1.279787,1.133645,1.156341,-2.221498,0.310654,-2.126387,0.275507,1.060602,0.210817,0.649698,-0.520658,0.439507,-0.156058,-0.444546,0.023000,-0.938479,0.964021,-0.332954,0.175294,0.244658,-0.258090,0.234594,-0.693420,-0.849859,-2.103722,0.145437,-0.583656,-0.143535,1.963350
1180,2,0.204370,-0.136323,2.167881,0.678425,-0.267783,1.245621,0.365998,1.359160,0.076776,-0.214821,-0.304520,0.803520,-0.450453,-0.221191,-0.378853,0.086618,0.099624,1.434611,0.011491,0.715534,-0.874114,0.391499,-0.313474,0.801380,-0.048383,-1.481447,1.371041,-0.801952,1.220819,-0.504639,0.749576,-0.092669
1181,2,-0.384955,0.248573,0.768751,0.441624,0.009906,1.065942,0.305822,0.517423,-0.289134,2.303805,-0.135161,-0.673594,0.829613,0.183368,-0.234192,-2.847061,0.986021,1.485042,-0.142145,-0.689131,0.788103,2.371339,1.528640,-0.811003,-1.741478,0.290125,-1.604978,-1.473936,0.333900,0.095503,0.584557,-1.214480
1182,2,-0.323413,-0.089478,-0.933487,-0.071085,-0.634264,-0.700961,-1.437167,-0.133913,-0.889775,-0.380793,0.498852,2.186733,-0.967115,1.574953,0.774336,-0.523493,-1.597718,-0.098571,1.328112,-0.165516,-0.446400,-0.820774,-1.133575,0.940246,-1.653419,0.227070,1.396877,0.637563,-0.409543,-1.150984,-1.429414,1.516571
1183,0,1.105600,-0.564271,1.362673,0.509336,-1.143967,-0.830150,0.927294,-1.135801,1.110017,0.437348,0.619892,-0.656242,0.753535,1.261986,0.038591,-2.617244,0.672586,0.285657,-0.623858,-0.219568,0.174711,1.841546,-0.323805,-0.761692,-0.563061,-1.782617,-0.546380,-1.989198,0.025387,-1.129757,-1.424289,0.131070
1184,2,0.494071,0.214325,1.011939,0.719589,2.522762,0.618145,0.371955,-0.568366,2.083103,0.888439,-0.531968,-0.632701,-0.350024,0.707679,-1.740212,0.095015,0.231504,-1.017604,-0.971585,1.585023,-2.628950,1.255508,-0.498979,0.901104,-1.335032,2.184302,-0.579435,-0.394352,-0.452866,-0.405634,-0.893934,0.623843
1185,2,-0.609959,0.579164,1.552374,0.539063,0.121859,-1.995790,0.199824,-0.938177,-0.711027,1.201821,1.847106,0.521067,1.018058,0.001256,-1.236579,-0.771879,-1.121766,-0.585915,-0.200435,-1.396348,-0.971582,0.829700,-1.439893,-0.651499,0.236700,-2.000356,1.547028,1.289688,-1.273845,-0.919233,-1.386204,-0.542267
1186,0,-0.751835,-0.156679,1.445899,1.561293,-0.864821,0.516223,-0.622620,0.389601,0.141876,0.018051,-0.407969,-0.606232,-2.144848,2.906938,-1.966287,-0.437307,-0.713943,-0.346633,-1.322943,1.234987,-0.174459,-0.181514,0.905302,0.509925,-1.063472,0.727789,0.248407,1.552952,-1.219268,0.433224,-0.379586,-1.533724
1187,0,-0.911909,-0.234043,-0.065314,-0.936123,0.300185,1.276361,-0.600715,1.548530,-0.463162,1.481592,1.516288,-1.926660,-1.417378,-0.192707,-0.042844,1.291139,-1.077252,0.161834,-0.606960,0.545304,-0.469925,-0.940245,0.036285,0.055956,-0.551143,2.100423,-0.725154,0.889706,0.187018,-0.590308,1.343281,0.165025
1188,1,-1.781262,0.799703,-0.673453,-0.163837,1.277775,1.643531,-1.200780,0.274673,-1.881004,1.203499,-1.171631,-1.199306,0.846253,0.827705,0.595362,1.564917,-0.124588,-1.627522,0.930273,-1.742109,2.049993,-0.126292,-0.130628,-0.718100,-0.114859,-0.932467,0.150613,-1.010945,-0.100309,0.863133,0.344576,-0.757472
1189,2,-0.512605,-1.198020,0.529278,-0.061828,-0.019070,0.952688,1.683345,-0.356367,1.316225,0.669823,-0.989464,1.136712,-0.296904,0.472311,-0.829239,-0.632694,0.365276,-0.299826,-1.141875,0.819698,-0.749252,0.220210,-0.128199,-1.067566,0.150302,-0.679523,-1.012438,-1.258778,-0.596781,-1.551997,2.004862,1.100663
1190,0,-0.235598,0.117285,0.216740,1.277564,-1.624911,0.089375,0.815376,0.427024,-0.479286,-0.199836,1.667964,-1.302224,-0.645705,-1.104201,0.644877,-0.218203,-1.022560,-0.124952,-0.594787,-0.364058,-0.763840,2.173189,-1.198750,0.586729,1.662064,0.468341,-0.166522,-2.869488,-1.423160,0.146894,-0.850770,0.519050
1191,2,0.274970,-0.020656,2.129088,1.138920,-1.463339,0.376486,-0.551910,0.218589,1.153183,-0.224829,1.009367,-0.666645,-0.970436,1.526675,0.104740,1.171785,0.062171,0.635329,0.322463,-0.054528,1.929320,-0.601957,0.741847,-1.078982,0.211816,0.179854,-0.415544,-0.675304,0.053212,1.052410,-0.694264,-1.078406
1192,3,1.272283,-1.442181,1.166680,0.613559,0.434152,-0.719424,-0.117236,-0.702894,-0.100221,0.874977,0.447032,-1.407299,-0.251624,1.359325,1.078443,-0.482914,0.390115,-0.606966,1.821140,1.502069,0.252536,0.722247,-0.565295,0.116322,0.418047,0.360865,0.326762,-1.975584,-0.041216,-0.254657,-0.640825,-1.577151
1193,2,1.772146,-0.594496,0.370682,0.251114,0.575855,-1.786253,-0.978161,-0.859434,0.676616,-0.139766,-0.851344,0.302268,-0.469714,1.802224,-0.353751,0.700680,1.590052,-0.402299,0.244269,0.289558,1.225278,0.675666,-2.009337,0.534963,0.797924,0.712157,-0.812989,0.018043,1.539886,0.795917,0.221494,-0.590000
1194,3,1.619034,-0.342240,0.396610,0.567460,-0.328611,1.414246,-1.252753,2.505029,0.131623,-1.017937,-0.244605,-0.805244,-2.002690,-0.661375,0.389680,0.993410,2.159668,0.385733,1.301211,-0.072401,0.784519,1.177890,-0.048939,1.033417,2.015582,-0.385129,-1.939342,-1.135607,-2.354624,0.252963,-0.184681,1.862573
1195,1,-2.004779,2.929261,0.642248,0.661613,-0.689572,-0.418098,-0.551284,0.745948,0.577325,-0.280824,-2.372115,-1.479846,-0.325962,-1.212163,-1.526993,0.173761,-0.457479,-1.141997,-1.829805,-0.235664,0.850948,1.211026,0.253126,0.166148,0.084608,-1.087108,1.552094,-0.513962,0.839852,-0.187658,0.537889,-0.970660
1196,2,0.126246,-0.325534,0.200201,-0.952333,0.779949,-0.449370,-0.859870,-1.350657,-1.249243,-0.372067,-0.192507,-1.759995,0.418698,1.032719,-0.523483,0.399306,2.216119,-1.687755,0.898912,0.789767,-0.491963,-1.079047,-0.521450,0.335999,-1.344151,0.785998,2.662533,-1.300376,-0.484057,0.936560,-1.993125,1.046224
1197,2,1.724563,-1.634624,-0.171124,-1.948107,-1.325172,-0.991691,0.742912,-0.258653,-0.174825,0.246642,-1.276286,-0.547158,-0.438846,-0.117733,0.239366,-1.521708,1.054118,-0.397777,-0.469689,1.445888,-0.746513,-1.163254,-0.713592,-0.223728,-0.339945,-0.208996,1.270759,0.224609,0.413383,1.578352,2.171403,2.635260
1198,1,2.299647,0.908346,0.088928,1.412990,-0.130295,-0.571554,1.177591,-0.015471,0.085249,-0.028946,-0.917541,-0.611008,0.972638,-0.191361,-0.249168,0.050455,0.695040,-0.356346,2.103065,0.684784,1.509603,-0.069647,0.527319,-1.464584,-0.700967,-1.223956,0.035018,-0.598726,-0.885681,0.993923,0.867740,0.090071
1199,3,-1.220453,1.416901,0.165441,-0.179931,-0.462121,1.897710,-1.261089,-0.978106,0.528204,-0.891066,1.278367,-0.704045,-0.226090,0.177046,1.297645,-0.334107,-0.103210,0.203157,0.938720,0.277649,1.317013,0.175177,-1.334956,-0.259125,-0.718296,-0.064425,1.828391,-0.495267,0.754002,0.356858,-1.103666,0.885817
1200,2,-0.606593,-0.149533,0.490783,-0.417908,0.851672,1.736577,-0.950787,0.847940,0.141039,0.231197,0.282279,0.990310,0.991914,-0.165036,-0.207475,1.493631,-1.231363,0.858910,-1.392740,0.772796,0.584985,-0.884742,1.118554,-1.067323,-1.170078,1.352091,-0.485633,0.110751,-1.624729,0.779552,0.239147,1.410475
1201,0,-0.927388,-0.498811,1.032814,1.171079,0.173648,0.377193,-1.152950,0.233681,-1.653950,-0.907075,0.464404,0.017337,-0.375370,0.656462,-0.870206,1.030418,-1.027073,0.279452,-0.862070,-0.112868,-1.465658,1.072639,-0.408942,0.313483,1.137900,0.921297,-0.268282,-0.492040,-0.279493,-0.033651,-0.814209,0.250801
1202,3,-0.033388,-0.323052,0.795543,0.041391,-1.198313,0.858082,-2.071445,-0.797597,-1.152262,0.655384,-0.057130,-0.469449,0.530523,-0.167501,-0.839784,-0.333853,-0.194442,0.895770,-0.522638,-0.482041,0.080560,-0.031131,0.806283,-0.155857,1.320685,0.494862,-0.545623,-0.346748,0.011014,-0.193553,-1.944847,-0.779288
1203,1,0.514493,1.210938,-0.524215,1.624108,-0.923125,0.789829,-0.580331,-0.883014,0.483719,0.874944,-0.861452,-0.520102,-1.195200,1.127510,-1.414993,-0.030031,0.035212,-0.192625,-0.004000,-0.012946,0.570298,-0.633368,0.583171,-0.209999,0.814318,0.454596,-1.249370,0.186756,0.040978,0.370951,-0.733332,0.910057
1204,3,-0.825735,1.732664,-0.234358,1.943649,-1.243826,-0.291546,-1.161562,0.283289,-0.911225,0.204985,-0.464664,1.145279,1.019832,0.903937,-0.702054,0.291456,-0.546187,-1.225114,0.155682,-0.719422,-1.775634,-0.336056,-2.184430,0.757171,0.979036,-0.862824,-0.305449,-1.027631,-0.469291,1.426445,2.019587,-0.273507
1205,0,0.280046,-0.393626,0.512096,-1.107819,0.614559,-1.280033,0.635780,-1.337272,-0.182667,0.790268,-0.032188,1.444374,-0.909545,1.719391,0.773431,1.206635,-0.531022,-1.124584,-0.950413,0.697107,0.730275,0.673568,0.525213,0.359384,-1.411870,0.235724,-0.610692,1.647132,-0.592192,2.433054,-0.245194,-0.382474
1206,0,0.802018,-0.532298,0.004457,1.695501,-0.483481,0.113479,0.227462,-2.861134,0.613605,-0.831874,-1.659111,-0.262379,1.051039,0.580897,-0.833337,-0.556418,0.138328,-0.883425,1.760657,-1.896845,-0.978246,-1.742793,2.159843,0.645500,-2.025999,0.179521,1.274885,-0.202790,-0.009082,1.050294,-0.803976,1.132947
1207,1,-0.536587,1.801832,-1.913942,-0.749720,0.176549,-0.002897,0.842852,-0.308809,-0.087173,-2.638140,-1.264644,2.161723,-0.543092,0.611331,-0.405790,0.001498,0.474571,-1.274021,0.987382,-0.578824,-0.129177,1.297141,0.718460,0.078421,-1.184481,0.835841,1.109133,0.163857,-0.839558,-3.461130,-0.497217,1.984807
1208,0,1.134987,0.235278,-0.909724,-1.464634,-1.189057,-2.209948,0.758434,0.636128,-0.100131,-0.592136,1.276609,0.388005,-0.687513,1.981453,0.921746,0.357504,-0.633188,1.363450,0.136796,1.089958,-0.863016,0.332059,0.426835,-0.272312,-1.349563,-1.314197,-0.715205,3.341464,-0.368273,-0.737289,1.535974,-0.355187
1209,2,0.726525,-1.784712,0.945467,0.678966,-0.305296,-0.146572,-1.788637,1.489778,0.578180,0.036884,-0.001315,-0.393183,-2.177436,0.392736,0.228719,0.792317,-0.771687,-0.423851,-1.010657,0.351620,2.089056,-0.846386,-1.302503,-0.078892,0.584224,-0.455741,2.642029,1.047961,-0.270491,0.096060,-1.530465,2.123538
1210,0,1.169755,0.381409,0.926627,-1.453793,0.818778,-0.111838,1.204055,0.732658,-1.329139,0.251592,-0.068950,0.585850,0.212074,-1.901772,-0.532294,-0.709397,1.298024,-2.643425,-1.226081,1.432254,0.968870,-1.068769,0.041414,-2.156466,0.298510,-0.066115,-1.382173,-0.662128,-1.227662,0.503540,0.510835,-0.008152
1211,1,-0.503323,0.409663,-0.476143,-0.073772,0.061934,-0.555861,0.726830,1.417397,-1.429647,-1.671637,1.753205,-0.985069,1.530836,-0.797004,0.607042,-0.348008,-1.146468,-0.763806,-1.460980,-1.849800,0.274110,1.243234,-0.166322,0.239111,-1.373856,0.949667,-0.300371,0.532815,0.179103,-0.435805,0.789857,0.445163
1212,0,0.848338,-0.237170,-0.407411,0.985413,0.149841,-0.227021,0.460131,0.496542,-0.618852,0.130794,1.028934,-1.146966,1.355409,-0.126007,0.263888,0.162447,0.449450,-0.894807,0.100429,0.726361,-2.242921,0.699750,-0.078752,0.754775,0.149256,-1.309519,0.458543,0.992979,-1.484271,-0.944555,-0.126596,-0.434411
1213,3,-0.164297,0.340433,0.466497,2.894120,0.871755,-1.649925,-2.319618,1.217874,1.722905,0.164929,0.922012,-0.908618,-0.437429,0.894568,-0.719303,-0.518158,-0.425711,0.841287,1.003237,-1.061318,-0.703368,-0.772281,-0.679714,-1.572214,0.711137,-1.744051,0.081314,-0.043547,-0.045236,-0.300778,1.003642,-1.098950
1214,1,-0.187642,1.814661,0.370327,-2.593676,1.161164,-0.963502,-2.117868,1.227546,1.268868,1.024593,-1.741452,1.964253,0.089364,-0.761752,0.474785,-0.524987,-1.089451,-0.277314,0.723746,-0.077263,-0.866792,0.375319,0.593831,0.157838,1.586494,-0.426814,-0.025518,1.337002,-0.281815,0.280657,-0.733500,2.073237
1215,0,1.237906,-1.077687,-0.606457,-1.384306,-2.051317,-0.515261,2.347494,-0.277833,1.037750,-3.447777,0.425867,-0.340300,-1.347162,0.785381,-0.336704,-0.421053,-0.814210,0.511346,0.001119,0.943742,-1.758860,0.939899,0.614410,1.620960,-0.270293,1.618596,0.610369,1.933990,0.374738,-1.274783,0.307053,-0.971802
1216,0,0.432385,-0.471459,-0.579269,1.415992,-0.580308,0.464195,0.225061,-1.781424,-0.548617,-1.636240,0.648519,1.595830,0.434989,0.556030,-0.276694,-0.310890,-0.857203,0.928980,0.140871,0.051230,0.034197,0.191584,-1.329748,-0.676733,0.049830,-1.407096,-0.833729,0.713694,-0.824137,-0.865503,0.467850,0.243363
1217,0,-0.141531,0.892534,-0.429277,-1.578138,-0.517223,0.936110,2.620881,0.672603,-0.572790,-0.226414,-0.829975,0.477456,0.496273,-1.085609,1.550444,0.494654,1.025149,0.498025,0.838089,1.648221,-0.513526,0.860618,0.009763,0.220915,-0.524458,0.740704,-1.211258,1.255402,-0.269912,-1.170392,-1.041748,1.050344
1218,1,-0.509183,0.825301,0.170719,-1.754780,-0.397130,-1.050352,1.096570,-1.138707,-0.807062,0.044402,-0.451329,1.846600,-0.703474,-2.748498,0.854747,-0.236993,-0.254804,0.640124,0.124085,-0.241927,-3.611512,0.443331,0.564047,0.076904,-1.032048,-1.154652,-0.509659,-0.030299,-0.942698,0.879181,-0.123872,1.043071
1219,0,0.971792,0.221195,1.133442,-0.213535,0.754221,-1.284555,-0.112491,0.467875,1.639157,-0.373102,1.549030,0.761381,-0.632134,-0.642427,0.539747,0.752986,-0.520450,-2.142604,-1.598891,0.102212,-0.879781,-0.115630,1.067402,-0.528831,1.980294,0.088435,-0.750936,2.390714,0.199280,-0.372207,-1.088857,-0.093812
1220,0,0.434073,0.148460,-0.301602,1.302774,-0.319574,1.325796,-0.313619,0.514276,1.126517,-0.603239,-0.171605,-1.358547,1.255233,0.789598,-1.206037,-1.472196,2.488092,0.150116,0.694822,-1.332275,-0.537740,-0.161552,-1.425207,-0.200130,0.769976,0.640486,1.573442,-0.571325,-0.404406,-0.864428,1.950269,-2.124171
1221,0,1.862919,0.621450,0.416277,-0.265052,-1.021578,1.489466,0.652733,0.478042,1.853480,-1.065745,-0.787355,-2.187584,1.126334,0.083235,0.765422,1.018533,1.931868,0.832880,3.068658,0.463345,-1.123139,-0.108369,2.023538,-0.463570,-1.202222,-0.624868,-0.917405,-1.250569,0.163074,0.511448,1.434824,-0.897544
1222,2,-0.771817,0.436016,1.210671,-0.111685,-0.572724,-0.452120,0.498524,0.570010,0.912560,1.436754,0.883510,0.844855,0.102873,-0.032918,-1.367552,-0.661569,-0.968259,-1.689917,1.219141,-0.333797,-1.679144,-0.739979,0.296907,0.031931,-1.527363,0.206851,0.061827,0.045152,0.113644,-0.711103,1.114992,-1.096858
1223,2,0.001353,-0.535293,0.315955,1.582532,-0.698406,-1.182605,2.487072,-0.985043,0.093020,-1.028935,-0.850177,-0.237412,2.637966,-0.646387,0.752014,-0.186669,0.506440,1.891466,-0.725538,-1.839965,0.297096,0.125518,-0.444626,-0.080655,0.104645,0.478239,0.534599,1.079045,-1.424246,0.070836,1.147534,-0.306971
1224,3,-1.860760,0.129423,-1.192827,-0.600577,-0.244114,-0.203575,0.142467,0.888305,-0.898913,-1.648450,0.970111,-0.076363,0.744748,-2.180390,0.132490,-0.994255,0.493278,1.299160,-0.769267,1.253584,0.317156,0.711783,-0.075459,-0.156493,1.503102,1.517665,1.996586,-0.250358,-1.591686,-1.425884,0.647777,0.650188
1225,2,-1.186734,1.159293,0.772279,0.596354,-2.262691,0.736139,0.051966,0.013372,-2.199526,-0.974066,-1.231880,-0.516774,0.924324,-0.343494,1.057359,-1.574548,-0.322911,-1.200715,0.348979,1.101073,1.340488,-0.865443,0.039344,-0.135915,0.099350,-0.366214,-0.688044,-0.428926,-0.558457,0.252124,0.298355,-0.191267
1226,2,0.197360,1.826169,1.358414,-0.362004,1.464386,1.340158,-0.801753,-0.694196,1.904876,1.351899,1.805683,0.164085,1.153176,0.305647,0.349754,1.296554,0.999231,0.203493,-0.181314,1.738039,0.151526,0.226910,-0.346299,-1.160095,-0.020090,0.735061,0.914109,-0.818420,0.474053,0.322471,-0.740737,1.218215
1227,1,-1.485503,0.589302,1.617490,-1.149345,-2.565844,2.165473,-0.606466,0.669052,-1.297603,-0.048775,1.111099,0.895590,-0.799294,0.640018,-1.108455,-1.334544,-0.482477,0.359839,-0.109673,1.224215,1.440289,0.301065,0.030759,0.091202,-0.045397,0.440163,0.137785,-0.987473,-1.944137,-0.318008,0.504220,-0.390844
1228,0,0.652986,-0.386122,-0.681161,1.353973,0.908273,0.801754,-1.438945,1.089009,-0.148297,2.277468,1.548391,-0.191071,-0.259314,-0.714581,-0.168350,-0.066161,-2.056589,0.171880,0.335461,0.161522,-0.535173,1.427867,0.246328,-0.153281,0.189910,0.661757,0.441889,-1.023197,3.084444,0.850479,-1.077509,-0.158140
1229,2,1.256659,1.861880,0.183046,-0.080381,0.973764,-0.801947,-0.690876,-1.359456,-0.159027,-0.303678,0.843120,0.472339,0.518565,-0.767768,-0.331069,1.097748,0.041140,-0.177979,0.425034,0.921988,-0.783484,1.873052,-1.356820,-1.039948,0.438629,-0.775226,0.184807,-0.013817,-0.455235,1.965471,-0.762060,-1.158458
1230,0,0.613850,0.160442,0.811165,1.813742,-0.305569,0.884637,-0.711880,1.027613,-2.922676,2.145091,-0.408113,-0.111833,0.963629,0.898567,-0.583096,0.471329,0.050839,-0.739022,0.017881,3.876235,0.163193,2.040426,-0.400745,2.631653,0.824017,1.169396,0.651758,-0.448804,0.216330,1.553550,-0.931823,1.775644
1231,1,0.503051,-1.649966,0.406002,-1.473640,0.436072,0.303663,0.117551,-1.203803,0.419210,-0.122097,0.142217,0.034018,0.972955,-1.168341,0.673214,-0.926844,-0.361142,-0.300470,0.485668,-1.371461,1.216547,0.881342,1.409021,1.593570,0.135857,-0.758223,-0.630585,-0.618544,-1.324538,-1.152267,1.827088,0.882430
1232,1,-0.726672,-1.247763,1.207928,-0.360206,0.839207,-0.959331,-1.201769,0.651607,0.628527,-0.090392,0.199713,-0.050162,0.675561,0.221615,0.649179,-0.129891,-1.195928,-0.488074,-0.458131,0.154042,1.799388,-0.230456,0.368208,0.406447,-0.176867,1.255707,0.357773,0.974266,-1.273819,0.849661,1.359384,0.735053
1233,2,0.318721,0.376309,-0.727834,0.556989,0.524106,-0.219481,0.154056,0.377136,0.341222,-0.281581,-0.224986,-0.650080,-2.343248,-0.263782,0.511317,-0.293363,-0.042947,0.260399,0.001014,-0.053874,-0.321923,-0.654364,-0.345985,1.226783,0.225002,1.201839,-1.563257,-0.683756,-1.379798,-1.191335,-0.519603,0.090723
1234,0,-1.131259,-0.117344,0.221105,0.968841,-0.530614,-1.158531,-0.943140,0.263011,-0.418360,-1.356243,1.551919,-0.342713,-0.159817,1.561424,-0.222447,-0.041514,-0.604903,1.135294,-1.016731,1.335696,2.581196,0.804507,-0.161113,1.479183,-0.039639,0.422586,-0.294491,0.900828,0.920541,-0.325265,-0.670877,0.579788
1235,0,1.423852,-0.098873,-0.484983,-1.435750,-0.512527,0.791622,0.175650,-0.873517,1.205627,-0.532089,1.168318,-1.363363,1.272990,1.255382,1.513543,-0.820845,-1.153832,0.555417,0.508251,0.135007,-1.141553,3.094790,-0.379955,0.594995,-0.058106,1.215271,-0.112031,1.253981,1.220375,0.881669,1.053052,-1.462313
1236,1,-1.882646,0.916172,-1.691697,-1.341091,-2.052175,1.433166,0.663357,-0.886597,0.741797,0.953002,0.211603,-0.060351,0.382833,-0.059542,-1.085677,-0.202762,0.997877,0.992995,0.051512,-0.090242,-0.160127,0.826604,-0.938115,-1.440937,0.065799,-0.426211,0.827310,-0.003849,0.146978,-0.868355,-0.569595,0.494993
1237,1,0.506954,-0.894608,0.675613,1.120191,-0.755535,-0.680197,-0.202226,0.406960,0.572168,-1.125235,1.883742,1.181383,1.016500,-0.969553,2.157961,-0.335371,1.404906,0.721511,0.005538,0.789590,1.687315,-1.600023,0.075570,-2.629012,-0.008061,0.631440,2.421965,0.341648,0.326283,-0.512330,0.391743,0.993521
1238,1,-1.362506,0.313055,-1.035815,-0.737421,1.916867,0.047454,-1.460475,0.303552,-0.259563,-0.075928,-0.343924,-1.528825,-1.887323,-1.917816,0.234671,-0.030712,-0.863439,-0.035864,-0.490214,-0.485975,0.083522,-0.216857,0.089501,-0.277507,-0.678646,-0.698110,1.568362,0.617896,-0.353646,-0.833424,0.580214,-0.782418
1239,0,0.140320,1.015320,-0.264583,0.290188,-1.976554,-1.591087,-0.027650,-0.260441,0.334769,-0.908763,0.162926,0.462115,0.160060,1.315363,0.093574,-1.221767,0.244441,0.066747,-0.086625,-1.788226,1.041264,1.316643,0.748024,-1.307237,-0.328675,-1.089412,0.559609,-0.432944,-0.073256,-1.613229,-1.903035,-2.476371
1240,1,-0.204351,0.490866,0.325741,-0.180014,-0.264344,0.640274,-0.312310,1.233410,-1.192865,-0.448749,-0.396239,-1.173564,-1.184716,-0.541148,-2.355003,-1.307568,-0.389696,1.336310,1.420612,-2.368287,-0.634048,0.140650,-0.178061,-1.368724,-1.329947,-1.381025,0.995810,-0.086466,-2.054047,0.972414,-1.040872,1.870754
1241,3,0.698227,-0.884263,-1.708285,0.371949,0.954105,0.756401,-0.417824,-1.279095,0.096272,0.315848,0.461382,-0.148032,-1.019908,-0.676888,-2.903147,0.145710,-0.190545,1.706372,0.000561,0.900667,0.478325,-0.542907,-1.190418,0.031841,-0.391005,0.449383,-1.236375,0.358287,-1.464729,0.471400,0.996098,-0.148636
1242,0,-0.928327,-0.136570,-0.424300,-0.157986,0.001910,-0.503926,-1.971617,0.432392,-0.095730,-1.558611,-1.319997,1.603388,-1.176462,0.450439,0.607565,1.426739,-1.644217,-1.436158,-1.689279,-0.609534,-0.508567,0.691197,-0.867912,0.269442,-1.334106,-0.440754,-0.168777,-0.192643,-1.045386,-0.893915,-0.679027,0.302967
1243,2,-1.736295,-0.590390,-1.043022,0.111655,0.390146,1.418119,-0.330081,-1.092125,-0.006473,-1.678547,0.100926,-1.590046,-0.004338,0.640860,1.318391,0.145597,-0.948037,-0.578120,0.134306,0.675643,-0.497508,0.384627,-0.138066,-0.248180,-0.202018,0.383671,-0.043777,0.581482,-0.522889,2.306988,-0.161794,-0.217179
1244,0,0.394117,0.709624,-0.914589,1.364100,-0.016460,0.214021,-1.693264,1.014402,-0.890666,-0.833534,-0.493598,0.210541,-1.406126,-1.008154,-0.646914,-0.518645,0.263507,-0.402306,0.268847,1.019994,-0.871409,0.202502,-0.264663,2.127925,-1.093356,-1.410151,0.729169,0.334092,1.728137,-0.483227,0.681847,0.721294
1245,3,-0.908948,-0.765797,-1.514518,-0.060914,-1.423913,0.898527,1.120715,1.099264,-0.773161,-0.055295,2.762979,-0.012644,-1.147550,0.969339,0.345246,0.112887,0.550554,-2.171039,-0.509847,-0.766380,1.169930,-0.167481,1.256155,-1.096980,-1.068010,-0.394409,1.511188,-1.067147,-0.304881,1.015588,-0.900248,1.013685
1246,3,-1.449957,-0.203358,0.223439,-0.525854,1.445722,-0.053161,1.221837,0.541457,0.845673,-0.772179,-1.142660,0.310129,0.872211,-0.599490,-0.669636,-0.262175,-0.346869,-1.277129,-2.025859,0.437875,-2.018720,0.857267,-0.452266,1.075903,-0.860449,-1.649481,0.473101,-0.241887,-1.984563,-1.675951,-0.560615,-0.486386
1247,3,-1.283666,-0.963577,-1.024895,-0.046507,-0.001464,1.748415,0.079781,1.365043,1.867804,-1.678381,1.881227,-2.786681,0.963055,0.100064,1.034917,-0.040640,-0.139120,0.729093,1.320115,0.044064,-1.082599,0.948307,1.576842,0.527788,-1.422648,-0.429457,0.845009,0.864840,0.273980,-0.884646,0.194578,0.597041
1248,3,-0.978963,-1.222176,-0.132347,-1.116076,2.271317,-0.287922,0.645127,-0.698973,1.102733,0.009956,1.723228,0.220236,-0.263690,-0.650573,1.142595,-1.545420,-0.664494,-0.117380,-2.002393,-1.058951,-0.007157,-0.356459,0.084214,-1.079284,0.057912,-0.253634,-0.348562,0.529042,-0.170853,-0.838864,0.027550,-2.110465
1249,2,0.308865,0.934613,0.373334,0.744168,0.372874,-0.682927,-1.331759,-1.321835,0.249805,1.528622,1.366514,1.629427,-0.846578,1.860283,0.002741,-0.539415,0.505947,0.424764,0.068829,-0.111684,0.098159,-1.406470,-2.946104,1.342317,-0.501626,1.390906,1.322176,-1.962184,-0.309613,-0.714796,-2.082459,-1.657779
1250,1,-0.041135,-0.338881,0.626233,-0.309114,0.402845,0.050319,0.067738,0.869917,-0.710629,-0.826598,-0.233656,0.333254,-1.009026,0.550992,-0.513832,0.291504,-0.657002,-0.403107,0.585080,0.317918,0.187977,1.098816,-1.461573,-0.679501,2.057754,0.280672,0.253665,0.983440,2.759837,0.743873,-0.010745,-0.656585
1251,0,0.203940,0.473455,1.428314,0.527654,0.846406,-1.617870,2.317671,-1.056525,-1.129054,0.426254,0.026654,0.403253,-0.650140,0.040516,0.189206,-0.549517,-0.581405,-0.823806,0.697602,0.083542,-0.592897,0.423761,1.274315,-0.227905,0.450561,0.572960,-0.280542,-0.769108,-0.894851,-0.286901,0.699726,0.978345
1252,3,-0.233922,0.550395,-0.693344,0.939275,-0.651633,-2.064692,0.446696,0.306189,0.084740,1.664227,-1.193597,-0.496900,-0.898604,-0.879929,-0.105592,-0.417711,-0.714482,0.698731,1.225636,-0.758104,-0.680075,1.347961,0.492662,0.882117,-0.436237,-1.173282,1.254903,-1.151546,-2.558062,-0.744189,1.933824,1.407969
1253,1,-0.365351,1.372248,0.757072,0.957241,-0.534801,0.934590,-0.193366,0.794010,1.090060,-1.522718,0.412876,-0.779711,0.597892,-1.353671,0.319790,0.459322,1.794281,0.221303,-0.993626,0.969578,1.328389,-1.174214,-0.389703,-0.557508,0.799993,0.119546,0.751258,-1.539410,0.005765,-0.056779,-1.292123,0.446172
1254,2,0.093935,0.729731,0.061933,-0.185037,-0.365623,1.147663,-0.356148,-1.363985,0.754204,-1.291303,-0.849816,-2.118943,0.439811,1.246337,-0.619182,0.056569,-0.596400,-0.876627,-2.201221,-0.203766,0.510228,0.121808,-0.607621,-0.834563,0.168909,-0.150147,2.022889,1.378119,-0.638985,-2.875420,-0.091781,1.326856
1255,2,-0.146172,0.086142,-0.149036,-0.419930,1.133277,0.445134,0.488019,0.383283,0.647414,0.874791,-1.426419,1.512091,0.144020,-0.664355,-0.824763,1.768707,0.637759,0.099880,0.228104,-0.702457,-0.958211,1.325178,2.282453,-1.077304,0.963891,0.366210,0.471404,1.427093,1.650374,0.314574,-0.612388,2.278471
1256,0,0.255279,0.819217,-0.899367,0.482414,-0.427247,0.552664,0.075850,0.957867,-0.160665,0.178946,-1.295572,-0.420996,0.165396,1.479866,-0.609335,1.097442,-0.668953,-1.490792,-0.856200,0.587869,-1.492005,-1.177834,0.380688,2.061011,0.603521,-0.426942,-0.503266,-0.722691,-0.437910,-1.391645,0.167565,1.358308
1257,2,0.377417,-1.408234,1.533975,1.763527,-1.165394,0.670206,0.819743,0.537265,1.867850,-0.505838,-0.123908,-0.523301,1.288656,0.654464,1.765592,-1.243580,0.848303,0.218197,-0.024692,-1.369228,1.686016,-0.897108,-0.997315,1.281776,0.080946,-0.804892,-0.167650,-1.379514,-1.320017,0.335316,-1.367343,0.277978
1258,0,0.896928,0.407941,1.511768,0.492381,0.037170,0.702492,-0.492242,0.524529,0.260451,0.667353,-0.825883,-0.154554,1.331423,0.120869,0.234030,1.299242,-0.129100,0.518568,0.587146,0.633508,0.011880,-1.253227,-0.760967,-0.476229,0.525632,-1.264409,0.352241,-0.084315,1.527570,0.252324,-1.651949,2.424443
1259,2,1.794881,-1.393803,0.103314,-0.440954,0.924587,0.476738,-0.755533,0.678447,1.044797,1.196583,-1.037700,-0.953849,0.654697,-0.053122,-1.334095,0.188405,-0.365313,1.746334,-0.821404,1.185905,0.396618,0.367895,-0.211358,0.594699,0.710185,-0.733882,-0.752531,1.246514,-1.026085,0.972117,-0.989503,0.299706
1260,1,-0.312074,-0.129407,2.847782,-2.163855,1.248254,0.502857,0.629953,0.631068,-0.609164,0.151838,0.690075,-0.972339,0.532688,-0.031166,-1.601571,0.067287,-0.787763,-1.896615,-0.053430,0.970004,1.306363,1.517926,-0.237498,0.415054,0.478500,0.699096,1.004397,-0.343418,-0.455164,0.356172,-1.511276,1.901989
1261,0,1.331657,1.058215,0.106697,0.276336,0.958274,0.792517,-1.263780,-2.099370,1.735427,-0.634002,-0.445381,0.875924,0.245522,-0.338826,0.261675,0.682734,0.410066,-0.392151,0.725227,0.137402,0.937088,0.609232,0.560943,0.246318,-1.982287,-0.388218,0.455368,0.179866,-0.077683,-0.741806,-1.325924,-0.486134
1262,0,0.199320,-1.362119,0.633382,-1.633803,-0.143493,1.302622,0.893142,-1.556885,0.485655,0.181388,-0.266193,-0.197129,-1.941762,0.606370,-0.107786,0.458186,0.073613,0.746415,-0.721662,0.159267,-1.888079,-1.241927,-0.973042,-0.278250,-1.736452,2.134673,1.418524,1.576502,1.429011,1.134240,0.596187,0.784722
1263,0,-0.004785,-0.473311,-0.785702,0.699890,-0.212052,0.736401,-1.678229,-0.058727,-0.393086,-0.271546,-0.278745,-0.265696,1.265697,-1.230156,-1.755392,0.017376,1.564778,0.391691,1.346049,-1.466574,0.672376,-2.347910,0.467001,1.031849,1.196145,-1.055319,0.596833,-0.159892,0.225611,0.196891,0.896360,0.613634
1264,3,-0.629545,0.123473,0.662193,-1.220051,-0.291312,1.347090,-0.859448,-0.803916,0.707373,0.663548,-0.368822,-0.372179,-0.097921,-0.989021,-0.041670,1.605858,1.256501,0.198548,-2.270064,-0.655549,0.029726,-1.462522,0.996352,1.058162,-1.548296,0.258252,0.259707,-0.985326,-1.273812,1.890624,-0.889040,-0.320487
1265,2,0.430529,-0.959396,0.054072,-1.474398,-0.113146,1.111886,-0.115862,1.761004,0.578373,0.428839,1.509123,-1.788352,0.240976,-0.534988,-1.007161,0.641210,-0.280919,-0.188171,0.378304,-0.220444,0.436710,-0.501119,-0.086517,0.639545,-0.223145,-0.999825,0.274928,-0.853557,0.214629,1.116820,1.582776,-0.025548
1266,3,-1.871004,-0.772870,-0.775292,-0.281801,0.336222,-0.392994,-2.597845,-1.497519,-2.096623,0.183400,2.045496,1.461990,-0.370865,-1.114493,0.731662,0.037020,1.019629,-1.184862,-0.143132,1.514838,-0.362129,0.882746,1.678830,-0.582081,0.053204,1.074187,0.514581,1.283546,0.392914,-1.772237,1.396841,0.543125
1267,0,0.059654,2.544249,-0.955838,1.934126,-0.774283,1.131171,-0.082241,-1.549208,-0.346903,0.851122,-1.127849,-1.514108,-1.402689,0.836047,-0.012275,2.177865,-1.271479,1.224467,-0.056267,-0.166661,2.451058,-0.342974,0.973525,-0.929301,0.051656,1.160391,1.162315,-0.856161,-0.179829,-0.619198,1.380811,0.012500
1268,0,0.137973,0.220359,0.607969,-0.255760,1.706582,0.973918,0.071356,-0.203884,1.091646,-0.158906,-0.791814,1.919186,0.204689,0.331991,-0.210533,-0.343549,-0.145598,-1.435948,0.158028,1.154619,1.141160,-0.399402,0.206462,-0.013204,-0.914575,-2.887282,-1.192105,1.084593,0.459075,0.229674,0.266632,-1.260933
1269,2,-1.306373,-2.423333,0.003387,-0.452730,0.046201,0.278998,0.786663,0.327136,1.412117,-0.812035,0.528625,0.863311,-0.942686,-1.347760,0.432549,-0.606821,0.467657,-1.368643,0.117420,-0.622055,-0.276606,-0.160204,-0.210664,-1.299489,0.965201,-0.012770,-0.886800,-0.083712,-1.067634,1.268558,-0.578724,-0.809746
1270,0,-0.762024,0.117035,2.386592,-0.740763,0.498990,-1.021312,-1.149022,0.135472,0.339392,-0.691646,-0.915542,0.737787,-0.499526,-0.512012,1.325742,0.616772,0.602804,1.168353,1.332680,0.292832,0.807821,-1.536182,0.303593,-1.015528,-0.570713,1.008861,0.850064,1.166640,-1.393932,0.760561,-0.553809,1.131083
1271,1,1.024730,0.017084,0.444225,0.285903,0.498386,0.171296,-0.001850,1.246843,0.832175,0.077658,0.543968,-1.305081,0.186058,-0.627446,0.471338,-0.105328,1.319481,-1.164611,1.369442,0.170671,0.726764,0.953336,-0.571681,-0.312117,0.185502,-1.336994,0.636859,0.830452,1.321964,0.833615,-0.458341,1.733183
1272,2,-0.818966,-0.188772,2.121469,0.178080,-0.265923,1.047065,0.349923,-0.592204,0.468139,-1.082708,-1.611094,-0.881593,0.942817,0.864867,-0.322391,0.234683,1.382611,2.122740,-0.933561,-1.069223,-0.868826,0.655398,0.420184,-0.243237,-2.330753,-0.737442,-0.203471,-0.671888,-0.403214,-0.393413,-0.252217,0.699650
1273,3,-0.807685,1.751370,2.085646,0.816284,-1.411823,-0.289741,-1.287211,1.053280,1.065982,0.646536,0.361453,0.634480,0.163382,-0.985515,0.481818,1.194626,-1.315847,-0.281269,-0.019922,-0.599767,-1.288533,0.934448,0.737574,0.755816,-0.194232,-0.325759,-1.102714,0.309695,-2.217744,-0.065857,0.109758,0.379655
1274,3,0.372156,-1.061122,2.853203,0.079714,-0.709857,-0.587969,0.593149,-0.625547,-0.566045,0.290731,1.331020,-0.771798,-1.177166,-0.532007,-0.135114,-0.087495,0.087988,1.219689,-1.654854,-0.628984,-0.300498,-0.259766,-0.251596,-2.232284,-1.031455,0.777563,-1.409043,0.926359,-1.803866,1.162169,0.436683,1.583833
1275,0,0.600596,0.217953,1.024900,0.604344,1.798169,-1.714301,-0.089781,2.123122,1.031680,0.048115,-1.938801,1.239866,-1.150639,1.200648,2.012316,-0.817824,-0.474518,-2.082590,1.718489,0.845811,0.881727,-0.252364,0.011683,0.147321,1.846156,0.473084,0.886956,0.261692,0.172529,-0.361184,0.958627,0.681914
1276,0,-0.608999,-0.004599,-1.150485,0.292903,1.890679,0.342768,0.756834,-0.447811,1.941209,-0.521840,2.730479,-1.077692,-0.502869,1.055955,0.157747,-0.088422,-0.612765,1.678876,1.326316,1.110311,-0.285286,-0.957358,2.795627,-1.574228,-0.344648,-0.523425,-0.756393,0.030897,-0.055644,-1.029800,0.181904,-0.279609
1277,2,1.696614,-1.320049,0.165852,-1.789579,1.246262,0.748346,-0.492098,-0.038590,-1.636157,0.060119,0.989230,-1.403623,0.416979,-0.728288,0.383179,-0.040225,-0.198815,-0.567801,0.014489,-0.552483,-0.801971,-0.188016,-0.339463,-0.529229,-0.885573,0.157103,-0.296923,1.295234,0.121486,0.410918,0.124033,2.183494
1278,1,-0.712289,0.515214,0.665999,0.459449,1.220157,-0.855557,0.153112,-1.172781,-1.604714,-0.846075,-0.084733,1.620282,-0.937397,-0.537814,0.110786,0.294740,0.794865,0.219367,1.569069,0.957046,-0.737922,1.436138,1.631924,-0.944637,0.969919,0.114103,-0.403602,0.808280,-0.368469,-0.677274,1.168434,0.690858
1279,1,-0.463102,1.081227,-1.009440,0.247762,0.356871,1.112547,-1.454090,0.029042,0.925595,0.975750,-0.210789,-0.831194,-0.546460,-1.079356,0.764549,0.969862,0.227758,0.749385,-0.838397,1.618076,0.925550,-0.281320,-0.229072,0.785841,-0.299204,1.979104,0.130448,1.629668,0.802723,-0.105974,2.026261,-0.918028
1280,0,-0.509691,-0.846268,-0.465147,-0.949478,-1.352858,-1.498097,-0.556292,-0.772034,1.304350,-0.863661,-0.815380,0.189996,0.269806,-0.803360,1.825704,0.054034,1.939843,-0.993184,1.013425,0.290450,-0.853672,-0.608085,-1.562680,-0.472902,1.798870,-0.913819,-0.454109,0.479700,-0.837399,1.116415,1.121777,-1.790834
1281,2,-1.118292,-0.886385,0.665644,-1.640889,0.511260,1.675783,0.297127,-0.816417,-2.681934,-1.243312,0.462773,-0.818718,0.638002,-0.465759,0.686586,-0.573270,-2.033257,-1.187556,-0.311523,-0.083667,0.278332,0.880642,-0.133605,-0.015446,0.158427,-0.642374,-2.281594,0.958368,-0.490540,1.108461,0.000007,-2.862405
1282,3,1.378144,0.727964,-0.500576,-0.119561,0.301500,1.303807,-1.426733,-1.552760,1.267577,0.639420,0.023141,-0.820828,0.925464,-1.488914,-0.589450,-0.863581,0.662402,0.659563,0.044522,-0.264276,0.885385,-0.188360,0.421391,-0.344809,-0.034359,-1.473568,-0.217418,1.397955,-1.356354,0.407212,-0.322286,-0.450274
1283,0,1.843296,0.272679,0.117485,0.781606,0.408535,-0.098502,1.366079,-0.718975,-0.722674,1.255835,-0.330198,1.130765,0.121600,-1.132753,0.282758,-0.228716,0.796873,1.746898,-1.471855,0.913437,-0.297465,-0.972055,-1.146522,0.048049,-0.168971,-0.024322,1.995548,0.670105,0.635100,-0.096277,0.281974,-0.868555
1284,2,0.859867,1.782674,0.171101,-1.036372,-0.726326,-0.190895,-0.693184,1.787254,0.267915,-0.692334,-0.737721,0.339865,1.098967,-0.656761,0.702443,-0.752080,0.572366,0.204719,0.154923,-1.125150,1.407492,0.614992,0.967576,-1.559018,1.428368,-1.124907,-0.933519,2.325336,0.124250,-0.906128,-0.456271,-0.762687
1285,2,0.349568,-0.223961,-0.790872,-1.947660,-1.412566,2.340525,-0.441453,-2.172846,-0.446766,-0.366780,-1.216383,-1.431841,0.468423,0.063887,-0.644717,0.397321,-1.101654,0.986367,-0.969675,2.838364,0.356075,0.779976,1.703240,-0.144779,-0.076743,0.403745,-1.387514,1.238581,-0.379836,-0.042116,0.284782,-0.703933
1286,3,0.059474,1.787639,0.139849,0.312658,0.907246,-0.185510,2.050022,0.485501,-1.673702,-1.384565,-1.275242,-0.192134,-0.656223,-1.112577,-1.247633,-0.141508,2.457087,0.848281,1.846954,2.125410,-0.818578,0.999499,-0.990398,-0.067973,0.093488,1.884845,-0.533820,0.339631,1.190656,-0.479368,0.431844,0.550715
1287,3,1.307657,-0.247815,-1.668120,1.406750,0.505917,0.790504,0.219516,0.631742,-0.599127,0.791650,0.077891,2.185453,-0.066090,-0.033810,0.996752,-0.020640,0.640469,0.311250,0.982435,-0.955025,1.398949,-0.407561,0.917238,-0.458852,0.044750,-0.440558,-1.562732,1.354731,-0.118899,-1.972175,-2.651587,0.428277
1288,2,0.429661,0.461438,0.406260,-0.186773,-0.038070,-0.409911,-0.729440,0.266886,0.355604,-0.235678,0.643334,-1.299712,0.134603,0.098928,1.411479,0.470063,0.263900,0.230571,0.352646,1.385076,-0.307524,-0.711357,0.737740,-0.992218,1.062710,-0.113387,0.659094,0.267542,-0.906031,0.194851,-0.094299,-0.720994
1289,2,-2.492052,-1.183079,2.046319,-0.352787,0.203273,0.870557,0.084149,0.368094,-0.937784,-0.013642,-0.434104,-0.728437,-0.672138,1.352171,0.669342,-0.034539,-0.265226,0.816796,0.943238,0.237727,0.701231,0.256174,1.002017,0.837403,-1.092287,2.526677,-1.437350,0.198865,-0.584969,-0.563369,0.924521,-0.602231
1290,3,-0.780643,-1.792111,1.045118,0.956908,-0.196780,0.346334,0.718007,0.749310,-0.466367,-0.708232,1.757673,-0.796518,0.234672,-0.723786,0.723939,-0.051618,1.958340,-0.988844,2.214780,0.394271,-0.010099,1.931467,-1.563673,-1.079472,-0.468181,-0.524944,-0.763990,-0.541351,0.353388,1.799611,0.566023,-1.288606
1291,3,0.585235,-0.755948,0.781775,-0.181478,-0.548304,1.004382,1.267343,-0.043741,-2.526413,0.704039,-0.010771,-1.357156,1.187442,-0.941647,0.361421,1.131981,1.579134,0.886739,1.095792,-0.063763,-0.654238,0.714799,-1.306258,-0.677138,-1.505500,-0.861642,-0.686785,1.051649,1.715806,0.895495,-0.188484,-0.279359
1292,0,0.580656,-0.064463,0.426546,0.886645,-0.644735,1.268665,-0.457944,-0.746662,0.592414,1.222992,0.506897,-1.913306,-0.891380,-3.358404,1.612659,0.260741,0.308795,-1.132652,0.138202,0.132281,-0.121967,0.591091,-0.571290,-0.117898,0.225578,-0.373647,-1.670618,0.418214,0.660325,-0.774789,-1.345559,0.397813
1293,2,-0.441496,0.075611,0.281178,0.018615,0.331097,-0.913760,2.265978,-1.031748,-0.846632,-0.147824,-0.383015,0.553687,0.713573,1.138611,0.295908,-1.305142,0.205923,0.758590,0.121311,-0.959267,0.105871,-0.141053,0.809028,-1.057109,-0.428313,-2.117640,-0.910773,0.262995,-2.073877,0.001104,-1.358308,0.790402
1294,3,1.455417,0.024069,0.755777,0.534704,1.771204,0.037953,-1.680000,-0.351741,-0.539549,1.444148,-0.730816,0.900854,-0.926338,0.407853,-1.071715,1.127355,-0.554582,-1.282684,0.506069,-2.320817,0.734672,-0.822260,-0.171598,-0.321940,-0.355502,-0.555489,-2.423582,0.239659,-1.302310,-0.669156,0.184377,-0.355233
1295,2,-1.617306,0.332188,-0.641784,1.261619,0.666934,2.571686,0.553580,-1.086807,0.082810,0.613201,-0.529438,-0.223447,-0.259342,-0.877854,-1.406654,0.054281,-0.530219,-1.354894,-0.125252,0.099714,-2.434397,0.991992,0.842458,1.611222,0.678677,0.246422,-0.865558,0.656970,1.456517,0.378710,-0.633424,1.922165
1296,0,-0.671548,-0.474526,-0.523150,-1.041427,-0.483027,0.527046,0.513856,0.352130,-0.039374,0.959996,-1.669570,1.265355,-1.271406,-0.428360,-0.526609,-0.177580,-2.255863,0.696150,-1.144636,0.629708,-0.203970,1.409817,0.284356,0.761862,-0.088928,0.096488,-0.007748,0.340588,-0.415087,-0.521462,0.148994,0.609645
1297,2,0.171098,-0.371637,0.047521,0.279379,2.032974,0.378297,1.469332,-1.123223,0.162063,-1.889485,1.926334,0.248187,0.344040,-0.603378,0.652199,-0.332449,-1.716045,0.210877,0.766524,0.051200,-0.709655,-1.074276,-0.141615,1.530904,-0.442011,0.548768,1.284539,0.117170,-0.845437,0.693796,-0.498873,-0.744156
1298,2,0.033931,0.239143,0.232356,0.305032,1.408980,0.828983,0.411176,0.339670,-0.711574,1.261605,-2.412722,1.121380,-2.099001,1.158525,2.380659,0.808865,0.397395,1.551619,0.047511,1.128379,-0.662542,-0.332968,-1.722421,0.717932,0.165670,2.746479,-0.602110,-0.634259,1.648094,-1.087123,-0.761167,-2.054115
1299,0,-0.213687,-1.410293,-0.101002,0.106442,1.347871,0.104359,-0.896436,0.200467,-0.590742,0.843442,1.991237,-1.262390,-0.459968,0.650095,-1.277434,0.927389,1.053038,-2.953116,0.187587,0.022147,-0.856016,1.398883,1.590260,1.060868,1.115878,1.101284,0.498806,1.231270,-0.231943,1.598614,-1.254468,-0.572630
1300,0,-1.107603,-0.786499,-0.255113,-1.232683,-0.322549,-0.218039,-1.227072,-0.610294,-1.677224,-0.320793,0.043013,-0.179479,1.482140,-1.185959,-0.470108,-0.556275,-1.117762,1.951582,-0.956604,-0.464030,-0.571238,-1.704525,-1.821384,-0.031082,0.329664,-0.854572,-0.290739,0.206747,1.914299,0.300660,-0.030589,1.938768
1301,2,0.170330,1.200397,-1.172099,-0.302887,-0.224496,-0.106244,0.217690,-0.370447,1.662028,1.080729,0.042805,0.145096,-0.784312,-0.539284,-0.141406,-0.137541,0.168622,-0.139435,1.807752,1.328483,-0.155995,-1.058702,-0.248264,-1.010787,-0.485446,1.056311,0.521148,-0.246602,-0.245386,2.661769,1.279095,0.514039
1302,0,2.548766,-0.357399,-0.410650,1.476839,2.287311,1.009449,0.307418,-0.540354,-1.347184,-2.506232,0.231401,0.081442,-0.316481,-0.176309,-0.203499,-0.202577,0.501156,-0.474584,0.453779,0.527926,-0.504954,-0.307382,-0.275117,-0.399969,1.089135,1.303419,-1.047286,2.143021,-0.594009,-0.899430,-0.586847,1.300931
1303,0,2.246204,2.256751,-0.280462,-1.471708,-0.834483,-0.082403,-0.551744,0.143158,0.414270,1.393605,-0.222238,-2.444322,2.282311,-1.075675,1.465345,-0.613341,-0.632802,-0.775801,-0.464455,0.313466,1.318047,0.733350,-0.264587,-0.306680,0.620954,-0.678145,0.177397,-0.717728,0.871764,0.046799,1.242759,0.212416
1304,0,1.643912,0.580583,0.192126,-0.322833,1.124302,-1.480736,0.018672,0.089607,-1.403110,-0.898513,0.320519,0.681181,-0.532968,-0.025432,-1.854158,-0.083120,1.745149,-0.955818,2.162997,1.159821,0.066749,-1.252612,-0.817099,0.326072,-0.975106,-0.144278,1.202653,1.004894,0.433156,-1.338946,0.049672,0.889431
1305,1,-1.117775,1.535723,-2.023442,0.449464,-1.262592,-0.037336,1.365928,-0.681433,-1.063241,0.966944,0.194627,-0.009015,-1.014835,1.805295,0.654373,0.393187,-0.533048,0.301227,0.437831,-1.045681,1.125566,-0.715675,1.428207,0.085049,0.750200,-2.406429,-2.032880,1.091892,-2.508571,-0.855881,0.602910,1.114265
1306,3,0.027831,-0.092560,-0.838336,-0.111003,-0.139641,-0.410234,-0.514269,-1.683029,-0.061277,-0.038586,0.090830,-0.066183,-0.693933,0.498886,-0.518538,1.125755,-0.319166,0.247249,-0.677920,0.597021,-0.244369,-0.217108,-0.091700,2.056317,-0.408247,1.919079,-0.193591,0.692518,-0.901160,-0.671575,0.303354,-0.450163
1307,1,0.353655,1.729914,0.536976,-0.769265,0.339817,0.285805,-0.742964,-0.428636,0.467513,-0.171016,0.596716,-0.198492,-0.195255,-0.303415,0.091389,2.010718,-0.318909,0.710945,1.195679,2.101323,0.186972,-1.964515,-0.181256,0.903855,-0.855493,-1.410413,0.049274,-0.389448,1.232368,-1.165074,-0.364814,-2.331371
1308,2,-1.356705,-0.900650,0.654853,-1.124694,-0.012513,0.905283,-0.413807,-0.212380,-0.189755,-0.666449,0.264773,0.966711,-0.164341,0.342214,-2.186026,0.085950,0.538065,0.576316,-1.237011,-0.507859,-0.011120,-0.114194,0.049193,0.044505,-0.078803,0.593320,-1.489251,0.734549,0.910162,-0.212693,-1.182252,0.119074
1309,0,1.094673,-0.563717,-0.327821,0.066177,-0.131349,-0.348318,0.653426,-1.154291,0.786153,-2.578411,-0.648932,-1.561343,-0.979326,-1.003114,-0.296555,-0.807610,-0.197219,-0.877071,0.439079,-2.182495,-1.182899,-0.736323,-0.851167,0.900020,-0.895069,-0.294104,-0.424195,-0.575556,-1.499528,-0.528839,2.470051,-0.285886
1310,3,-1.398466,-1.661671,-1.609072,2.064998,0.013283,-1.632250,-1.277077,2.103454,0.184192,0.653564,-0.015533,1.268112,-0.511709,0.727571,-1.382763,-0.248264,-1.623322,-2.078252,-0.962135,-1.113846,1.033319,1.092763,-0.060852,1.494175,-0.650254,0.675452,1.927832,2.629985,1.104902,-0.295975,-0.904942,1.975158
1311,0,0.374863,-0.487116,-1.034519,-0.553145,-0.708730,0.954324,-0.866961,0.159516,0.443843,-1.749213,1.486990,1.232879,0.558162,-0.532064,-0.535992,1.645724,3.097799,0.276311,0.158432,-0.073583,0.312608,0.355053,0.880401,0.190808,0.632458,0.577264,0.764288,0.072585,-1.077373,-1.219501,0.173689,0.598333
1312,0,-1.455106,-0.604628,-0.546758,0.636827,-0.730115,2.143292,-1.417037,-1.462714,1.818701,-0.892769,0.752361,1.503971,0.620672,0.238296,0.199309,0.345375,-0.318186,-1.334797,0.539052,1.193319,-0.597874,-1.099379,-0.865738,1.035359,-0.264283,-0.209110,0.736289,-0.847782,0.869346,-0.422649,0.426586,0.826160
1313,2,0.087217,-1.230274,0.016607,2.310622,-0.154854,-0.261426,-0.098435,0.706214,0.833507,-0.142235,-0.119519,-0.395425,0.195930,0.265572,0.143608,-0.004780,0.253135,-0.695549,-1.389394,3.292941,0.127539,-1.379388,0.754941,1.164171,-1.193786,-1.363360,-0.315818,0.961942,-0.862290,-1.217558,1.659777,2.380315
1314,2,0.292903,-0.346137,1.623420,1.098659,1.546577,0.342251,0.618150,-0.343596,0.851031,1.729101,0.530218,0.861345,-0.896185,0.325198,-2.098918,-0.236507,0.838153,0.020292,1.043342,-1.652913,-0.367314,1.074319,1.090787,-0.172647,-0.589445,-2.293296,-0.609314,1.066189,-0.283432,-0.584032,0.343239,0.229126
1315,2,1.052948,0.487359,-0.807051,1.560718,-0.508429,-0.091830,0.204546,-0.590228,1.956452,0.492699,-1.894950,0.537161,-0.009872,-0.653596,-1.551188,-0.614409,-0.251717,-0.876727,0.420597,0.101285,0.343905,1.150416,-0.137379,0.134298,-0.339694,0.221594,-0.898354,-1.623184,-1.702871,-0.747987,0.395982,0.113019
1316,3,0.852596,-0.959500,0.701366,1.613784,-1.401618,-0.352656,0.757769,-0.150880,0.123620,-1.117060,1.805952,-1.073237,2.420925,-1.274645,-0.121427,1.004867,-0.106363,0.414031,2.274923,-0.135568,-1.213986,-0.835366,0.531915,-1.712475,1.069360,-0.787969,1.288350,0.757728,0.208951,-0.205749,0.323889,1.398429
1317,1,-0.813542,-0.187603,0.018809,0.640305,0.979253,-0.233519,0.202157,-1.342962,-0.536903,-0.490167,1.011497,1.363044,-0.853411,-0.799557,-0.164154,-0.794133,2.271937,-0.359432,-0.714032,-0.112740,0.035302,0.230002,0.303572,0.483827,0.173160,0.721063,-2.514411,0.456186,-0.787447,-0.183915,-0.341897,0.350258
1318,3,-0.737883,0.040345,-0.976254,0.077218,1.308767,-1.575642,-1.354427,0.838945,-0.310341,-0.520209,0.769751,-0.013056,-0.217040,0.400943,-1.579246,1.142049,-0.363799,-1.072565,-2.377209,1.965186,-0.165043,-0.488866,-0.062825,-0.019241,-0.553613,0.906974,-0.571907,0.654044,-0.127340,-0.482424,-1.028612,0.676258
1319,2,-1.065779,1.774504,1.044315,1.130971,0.997020,0.309060,1.907293,-1.220770,-0.136783,-0.568011,-0.501808,1.412304,1.732282,-0.177301,0.829618,0.849880,-0.446633,-1.725614,-0.544133,-0.880902,0.911870,0.931067,1.585538,1.001784,-1.563436,0.989872,-0.549371,0.393474,-1.461321,0.065375,0.721168,-0.968031
1320,2,-2.611359,-0.118265,1.238840,-0.405941,0.043109,-1.978770,-1.496532,0.244054,1.254435,0.011994,-0.220078,0.324371,0.179038,0.047195,-0.502502,-0.270398,-1.653124,0.800514,0.711001,0.290220,-1.327017,-0.577479,2.255293,0.609345,-0.054968,-0.115014,-1.263171,-0.301889,0.110987,0.579897,-0.372766,-0.719180
1321,1,-0.937140,1.447929,-1.257703,-0.931993,0.644926,-1.129952,1.247564,0.372666,-0.958219,-0.668951,1.401024,-1.017616,-1.822184,0.009036,0.547732,0.260756,-0.908200,0.940260,0.012366,0.124740,0.480195,-0.959342,0.609161,1.089097,-1.526711,0.358875,-0.517413,-0.699280,0.103039,0.761246,0.219750,-0.447333
1322,0,2.205589,-0.861807,0.477749,0.575660,-0.113712,1.121962,0.728807,-0.311724,-0.913751,0.181782,-0.259690,-0.008705,0.186966,0.233950,-1.553165,1.688231,0.686729,-0.493009,0.454013,0.540265,-0.351309,-1.469107,-0.795622,0.223162,0.106657,0.346309,0.519808,0.121385,-0.156153,-0.505457,1.231548,-1.837047
1323,1,0.501197,1.323891,1.075241,1.146177,-0.122429,0.264977,0.626525,0.012930,-0.733986,-0.278622,1.458879,0.955018,0.026591,0.018591,0.001010,0.254028,1.234990,-0.555188,-0.540312,0.610043,-0.653101,-0.736065,-2.074871,-0.056193,1.775636,-0.061275,-1.120902,1.147788,-0.149890,-0.510465,-0.313339,0.824593
1324,2,0.263946,-1.556540,-0.971243,-0.063222,-2.132413,-0.250031,-1.190628,-0.140798,-1.117958,0.705164,-1.746598,-1.217189,-0.030822,-0.020054,-1.035179,-0.959164,1.112919,-1.775019,-0.579674,-0.487320,1.046049,1.479261,0.702320,0.338654,1.799099,0.543432,-1.065803,0.386257,0.699265,1.571265,0.364065,-0.368095
1325,1,-0.742493,-0.305321,0.248073,0.074192,1.584299,-1.567801,0.916988,1.316494,0.723326,1.084691,0.764085,0.075474,-1.350626,0.045347,1.913598,1.452303,1.086094,-0.867167,-1.141883,-2.034377,1.210850,1.856347,-0.826283,0.368838,0.349062,-0.078249,0.845134,-0.640880,-0.876107,0.393383,-0.362115,1.660458
1326,3,-1.510906,0.798922,0.119814,-0.935053,-0.351376,-0.747282,0.076521,-0.956008,0.041934,0.145383,0.909246,-0.938019,1.025300,1.095294,-1.464190,-0.702318,-0.043598,-0.902385,0.646442,0.295020,1.560380,-0.330581,-0.376719,-2.786465,-0.534625,-0.159865,-1.165877,-1.441782,0.109287,0.647214,0.080215,-0.355620
1327,3,0.061906,-0.863125,-1.788642,-0.313521,0.319422,-0.208099,-0.133635,1.206272,-0.871466,2.450742,-0.026260,0.538602,0.654439,-1.177055,-1.048208,-0.081119,0.377868,-1.273481,-0.330063,1.414364,-0.641710,1.253498,0.096047,1.868775,0.801734,-1.610609,0.780983,-0.284380,1.052496,0.666848,-0.675873,-0.989798
1328,0,-0.529183,-0.895249,-1.496214,0.426318,1.294990,2.219138,2.290776,1.656320,-1.653875,-0.008223,-1.209922,-0.042525,-0.137585,2.173871,-0.772626,1.052883,-0.791875,0.024902,-0.063075,-0.541605,-0.507251,0.028617,-0.085265,-0.099094,-1.113301,-0.351764,-1.071130,-0.270857,0.114524,0.172956,0.235173,-0.023344
1329,0,0.766602,-0.174530,0.427720,-1.345036,0.492281,-1.117906,-0.482068,-0.950560,0.492678,-0.828535,1.619250,-1.486402,2.034223,1.154169,-1.778714,0.260666,2.574250,-0.666008,-0.002054,-1.031114,0.633874,0.954367,1.563379,0.099694,-0.015554,-0.382519,-1.556763,-0.105722,1.807971,-0.138602,-0.552482,-0.753641
1330,1,1.480259,0.267434,-0.336448,-1.954804,0.191683,2.058042,-0.922493,0.541027,-0.394730,0.056779,-1.225300,-0.168586,-1.079951,-0.352511,0.692850,0.441198,-0.506996,0.549236,-0.178481,-0.678904,-1.072155,1.656850,-0.941190,0.347382,1.324123,-1.240024,0.190992,-0.588190,1.687764,0.128616,0.094189,-1.504460
1331,3,-3.014387,0.606104,-1.252777,0.513130,0.598327,-0.115900,0.028093,-0.033991,-1.582702,0.950455,-0.101704,-1.457136,0.796873,-0.325207,0.200080,0.999879,0.024410,0.605162,0.939914,-0.734944,0.990374,0.925548,0.282021,1.644679,0.485710,0.711390,0.597089,1.365799,0.586714,-1.234176,1.301082,1.282984
1332,0,-0.410327,0.313407,-0.102827,1.300524,-0.777778,0.107345,-0.515095,-1.446845,-0.609054,-0.989334,-0.310030,1.065397,0.665208,-0.184622,-1.235442,-0.188961,-0.335188,0.126643,-0.097730,1.660583,0.379488,0.038439,-1.392556,-1.210402,-1.841870,0.883969,-0.764869,-0.237843,0.623573,0.323751,0.941219,-1.377336
1333,0,1.332793,-0.288428,-0.515384,0.152429,0.368283,1.159791,-1.263417,-0.449371,-1.702849,0.614225,1.973792,-0.613008,-0.829898,0.249617,-0.182267,0.565331,0.809196,0.236794,0.329023,0.236900,-0.006779,-0.186628,0.871736,0.986759,-1.779588,0.276784,-0.872745,1.464479,-0.587153,1.543003,-0.986600,-0.435580
1334,1,0.575600,1.608087,1.361779,-1.284092,-0.315319,1.945696,1.433581,1.075759,-0.259288,-0.278469,1.258874,1.089454,2.335699,-0.919005,-0.238845,1.155466,-0.277977,-1.283446,1.399218,0.370530,-1.474873,1.645685,0.853091,-1.228153,1.051874,0.471945,0.213170,0.189666,-0.842661,2.926670,-0.107734,-1.329648
1335,1,-0.980912,0.703021,0.620724,0.162865,-0.074899,0.075438,0.557252,1.323738,0.172145,-1.401304,1.013126,-1.060295,0.101525,-0.245809,0.777685,-0.635905,-1.051859,0.445743,1.051905,1.961299,-1.085227,0.308394,-0.545138,0.520697,-2.743990,0.734474,1.481564,-0.530691,-1.821907,-1.167607,0.828111,0.346100
1336,3,1.385607,-1.004613,-0.079068,1.526364,-0.729277,-0.005942,0.267412,1.140112,-0.425723,0.133819,0.185773,0.912727,1.405953,0.633115,-1.034908,-0.754499,0.647143,0.642508,-0.945139,-0.304788,1.178450,1.317810,-0.524780,-0.887298,0.000049,-0.021735,-1.920722,-1.559259,-0.541322,1.128241,3.471939,-0.822034
1337,3,-0.559451,0.762139,-1.410399,1.247132,1.444205,0.563964,1.613592,0.103185,-0.368399,0.346821,-0.602948,0.384419,-0.350110,-0.279743,0.174392,-1.530442,1.621161,0.708091,-0.849801,1.486911,-0.462577,-2.002214,0.153862,0.714114,1.478914,0.780370,-0.809652,1.690462,0.514116,0.243933,-1.244431,2.343050
1338,0,2.348192,1.799514,-0.006148,-0.039422,2.471342,-0.465735,0.184135,0.151298,-0.175331,-0.369736,0.869322,0.637578,1.020561,0.275713,0.924675,0.976232,-0.425824,0.323557,-1.223253,1.772422,-0.810907,0.069074,0.258297,0.416619,-1.902751,-0.854654,0.507850,0.163047,-0.020021,0.714043,0.053646,0.050711
1339,0,1.116034,0.026688,0.393554,1.658733,-0.305840,0.237256,1.165816,-0.495128,0.542696,-0.643962,0.847258,-1.371907,1.447374,-1.128922,-0.465101,0.413860,0.179896,-0.342208,2.010867,0.354071,0.013670,0.564839,-2.037153,0.812530,0.471910,0.553576,-0.043897,0.505716,-1.304190,0.415554,-1.086922,0.189769
1340,2,1.252188,-0.751414,-0.852980,0.783795,-0.034081,-0.109221,-0.106878,-1.811980,1.039975,-2.871095,-0.604600,0.791825,-0.697416,-1.552767,0.233270,0.533461,-0.207281,-1.108703,-0.746249,1.819232,0.487304,-0.338927,-2.008457,0.478596,0.812397,-0.810861,0.436974,1.836337,-0.161070,0.543056,0.157034,-0.229446
1341,1,0.436658,-0.262006,-0.431916,-2.177941,0.910923,-0.680406,-0.010730,0.333425,-0.225172,0.439571,-0.235400,-1.086306,-0.863597,0.949832,1.315756,0.335217,0.187518,-0.357046,0.235672,-0.562089,-1.332253,1.295684,0.212968,2.389268,-0.049952,-0.370586,0.526027,-0.259104,0.413351,1.788650,-0.758259,0.049636
1342,1,-0.743914,-0.445427,1.165329,-0.280624,0.434893,-1.347981,-0.118288,-0.111455,-0.140591,0.160480,0.149418,-0.792148,-0.854344,0.468185,-0.193945,0.505724,-0.798968,-1.460284,0.042993,0.045186,-1.134378,0.805574,-1.180511,-0.394235,-0.031551,0.263384,0.210564,1.711915,-1.235459,-0.007545,-0.689186,1.014481
1343,0,1.266624,0.151327,0.243869,0.294687,-0.470322,-0.671564,-0.200085,1.455431,0.096757,-0.249444,-0.215974,0.083397,-1.850790,-1.250063,0.226165,0.245370,-0.879685,1.979214,-1.165817,-0.158155,0.411397,0.274124,0.609450,-0.500644,0.734270,-0.747460,-1.492794,1.126695,-0.475704,1.868206,-0.557428,-0.662591
1344,1,-1.171556,0.228783,0.330308,0.192644,-1.361914,-0.686519,-0.063613,0.736251,-0.505567,0.325393,-1.639668,-1.041947,-2.819550,1.049407,-0.298452,-1.005470,-0.330832,0.976020,0.155640,-0.646068,0.998911,-1.005360,-1.580742,-0.021287,0.661791,-0.849600,-0.906508,-0.732195,0.974690,0.732960,1.059943,0.113583
1345,3,-1.377808,0.772688,-0.175022,0.967930,0.725455,-0.199299,-0.107964,1.339175,0.815434,1.957223,-1.625323,2.234333,-1.313002,-0.152108,1.063392,-0.502903,-0.132776,0.802631,0.794622,-0.701648,0.805256,-0.089763,0.590943,0.724309,-1.342969,2.308707,1.550900,0.677974,0.447428,-1.567906,-0.494276,-1.207676
1346,1,0.337429,0.093821,0.127489,1.597797,0.960324,0.008690,-0.714871,-1.024339,-2.286628,0.434449,0.033230,0.361587,1.853184,0.107916,-0.078383,-0.338264,-0.650194,1.413486,0.339371,0.569502,-0.210852,-0.109205,1.812697,-0.993527,0.168615,1.526098,-1.061526,-0.283059,0.313188,2.045661,0.286165,-0.140226
1347,0,2.688569,-0.193925,-1.344666,-0.085165,-1.016274,-1.043504,-0.885948,0.577538,-0.527795,-1.662219,0.269778,0.616397,-0.417196,-0.317028,1.894415,-0.437182,1.913902,-1.063125,0.000568,-1.218694,-0.133486,-0.272139,1.356067,0.123655,1.770717,-1.110519,0.749058,0.450298,-1.398291,-0.733406,0.376655,0.775111
1348,2,-1.289896,-1.360326,-0.160799,0.639451,0.775472,-1.133895,-1.266911,-2.266308,0.423669,-0.414192,1.165053,-0.945195,0.630232,-1.202101,0.144630,-0.524304,0.724498,-0.057131,0.324249,-0.606711,1.041066,1.070715,-0.189010,1.564073,-1.036277,-0.889640,0.641455,0.168599,-2.151114,-0.600582,-0.483647,0.802090
1349,1,0.568756,0.207471,0.743353,-0.438748,0.179285,1.189754,1.154435,0.877351,1.030451,2.289280,-0.759758,0.523445,-0.990594,-1.087479,-0.577644,-0.891436,-0.828375,0.395849,-1.514349,1.640627,-0.500194,0.669274,0.916221,-0.186218,0.199985,-0.082084,1.092516,-0.640878,1.279268,1.608169,-0.826488,-0.907726
1350,0,-2.228536,0.968592,0.420570,0.215817,-0.868189,-0.353876,1.263928,2.514574,0.104122,-1.702993,0.444062,2.425018,1.630353,-0.183692,1.965626,-0.567221,-0.813514,0.235515,0.664275,0.342793,-0.735320,-1.454360,-0.953524,-1.334206,-0.703894,0.668132,-0.644652,-0.794315,-1.496415,0.908151,3.111963,2.756533
1351,1,0.269430,1.755718,0.652038,0.052080,1.651040,-0.428343,0.125802,2.025530,-0.709868,0.566979,0.590605,-2.253556,0.305697,-1.020979,-1.577504,-1.168986,-0.517332,0.894208,2.566023,-0.683341,0.091488,0.407032,1.395410,-0.111859,1.201861,-1.445792,-0.332112,-1.495397,0.771601,-0.108110,0.890182,-0.278618
1352,1,-1.193197,0.698861,-0.400688,-0.229332,-1.283012,-0.628219,1.254976,0.322676,0.532254,0.807749,-0.704889,0.244528,0.051465,0.049686,0.251239,-1.511012,0.668475,0.093875,-0.256880,-0.467846,-1.249886,0.357954,-0.419388,0.084439,0.248039,-1.266109,-0.708923,0.503370,2.479387,-0.159109,-0.470008,-0.531955
1353,0,-0.564320,-0.454031,0.041488,1.185366,-1.230104,0.071688,-0.139898,0.587944,-0.479095,-2.160827,-1.001495,1.157246,-0.749649,-1.241289,2.098119,1.205934,-1.355148,2.067946,-0.730639,-0.624631,-0.175975,0.303448,-0.569265,-1.432939,-0.466765,-0.174635,0.872020,0.930839,-0.220044,-0.075417,-0.596349,-0.078832
1354,0,0.830816,-0.133508,0.604601,-0.234823,1.001765,-0.018063,1.013068,-0.123574,0.489776,1.195141,0.532698,-0.717880,-0.142975,-1.015378,-0.359765,-1.927619,-1.466505,-0.237826,0.514835,1.238906,1.253742,-0.245420,1.409584,0.142832,-0.867448,1.088124,-0.099487,-1.616710,-0.122697,0.630425,0.249388,-0.334613
1355,2,-0.868780,0.643108,0.547847,-1.485268,-0.091482,-0.179049,0.095910,-1.139281,0.982489,-0.706674,-0.298042,-0.432909,0.439805,0.078461,0.836955,2.029367,-0.120797,0.206180,0.410141,-0.075762,-0.021656,0.228770,-1.048462,1.912416,-0.188253,1.260896,-0.310901,-0.358675,1.396783,0.666038,-0.948503,0.332430
1356,1,0.734018,-0.925074,1.082422,-0.190997,-0.683227,-0.830977,-1.540055,1.595780,-0.267530,-1.314542,-0.273089,0.686915,-1.501143,1.321141,-0.300005,0.352278,-0.059883,0.191074,-0.856125,-1.039638,-0.414480,-0.021104,-0.178137,0.814897,1.644213,1.238663,-0.098172,-1.149348,-1.151105,0.457527,0.354713,-1.640947
1357,1,1.225521,0.552307,0.480422,-0.946857,-0.592870,0.261056,1.584172,-0.152134,-0.730882,-0.652664,-0.060729,-0.347333,0.078034,1.889323,-0.158306,-0.345350,0.877815,-0.731375,1.120246,0.030060,-0.740866,1.436524,-1.314623,0.221031,-0.685201,0.150250,-1.566295,-1.202720,0.362613,-0.323081,-0.559261,0.239095
1358,2,2.184843,0.314098,-0.258812,0.829696,0.577007,1.148553,1.787926,1.010249,-0.527922,1.001337,1.019908,-0.369918,-2.844638,-1.393304,-1.289526,2.673618,-1.214675,-1.296256,0.302709,-1.435808,0.307348,1.403351,-0.746241,0.880589,-0.383235,1.987344,0.506351,-1.210449,0.555077,-2.262767,1.575683,-0.411118
1359,3,-1.531700,0.149936,-0.087257,0.931260,0.991163,1.820045,0.152545,0.860959,-1.338389,0.007407,0.071831,1.041314,0.484172,0.791356,-0.029310,-0.428436,0.516283,1.129233,-0.261961,0.540937,0.442518,-0.284570,-2.089410,0.899322,0.650789,-0.110915,0.031101,0.727799,-1.690048,-0.679961,-1.259249,-1.776538
1360,3,-1.340838,0.047942,-0.592499,-0.432055,0.098072,-0.319179,-0.806730,0.578245,-1.241179,-0.295644,-0.863740,2.457387,-1.227960,-1.165608,0.933590,0.845497,-0.682435,0.785663,1.080087,-0.773303,-0.101198,-1.476816,-0.896714,-0.601213,-0.957323,-0.910005,0.767372,0.371309,0.542111,1.089590,-1.544644,-1.622889
1361,1,-0.755054,0.591667,-0.086970,0.719684,1.218996,1.742255,-1.301111,0.433486,2.793822,-1.063315,0.318937,-0.254329,0.047489,-1.188954,1.303050,1.864327,-0.896855,-0.894643,0.248170,-1.346088,0.808953,0.454248,-0.200370,0.470383,-0.777727,-0.144725,1.807224,-0.132371,1.522508,0.222208,-0.356504,0.146552
1362,1,0.559558,-0.290799,0.903554,0.025043,0.513166,-0.303149,0.982463,0.685858,0.657518,-0.018539,-2.145114,-0.484068,-1.034378,2.164417,-1.728212,-0.931388,-0.943610,0.913192,0.169082,1.076320,-1.022700,-0.755281,-0.550281,-1.045443,0.214052,0.659974,1.370837,-0.641824,1.599474,1.942381,-1.583567,-0.030984
1363,2,0.481383,-0.085081,0.595148,1.733823,2.595179,-0.129320,-0.299632,1.289179,-0.223097,-0.615946,-0.347489,1.937427,-0.193337,-0.458656,1.747142,-0.000339,-1.516456,1.161867,-0.445291,-0.929664,-1.623373,1.665220,0.616058,-2.271804,-0.235773,0.928425,-1.268941,-1.848658,0.004161,1.163966,0.312863,0.186771
1364,2,-1.916315,-0.797353,0.442634,-0.793510,-0.937862,0.859304,0.415588,0.394254,0.110988,-1.314337,0.658059,0.228949,-0.051651,-0.022998,0.873743,0.608791,0.580823,0.066166,-1.191220,1.218780,0.712925,-0.408615,1.112736,-0.470602,-0.430654,-1.956380,-0.606011,0.283919,-0.321960,0.209857,0.146265,0.462468
1365,0,0.124753,0.506132,-2.066118,-0.045853,2.249883,0.415547,-0.119389,-0.823094,-0.850581,-1.035934,-0.921889,0.442821,-0.466738,-0.413465,-0.021984,1.302642,-0.605562,-1.039088,0.718219,-1.702340,-2.208133,-0.899456,-0.356183,1.375734,-0.588840,-0.033614,0.917018,1.847640,0.281398,0.076251,1.026494,0.081716
1366,0,0.367089,0.236437,-1.605746,-0.323004,0.584297,-0.255185,0.052997,0.347781,0.239541,-0.400374,-0.107313,0.105102,2.244619,0.019854,0.691733,-0.516554,0.108831,-0.765774,-0.398315,-1.810445,-0.302345,0.373993,-0.071779,0.023269,0.995122,-1.132244,-1.307676,1.146410,0.402026,-1.426635,-0.101230,1.392653
1367,3,-1.065104,-0.453551,-0.127143,-1.776739,0.988073,-0.856591,0.274314,-0.770407,-0.750493,0.449693,-0.348025,-0.532678,-0.209216,-0.948989,0.217168,-1.876222,-2.265866,0.027850,1.477820,-0.524685,-0.868168,0.835370,-0.918722,-0.602054,0.020880,0.813868,-0.539693,0.249887,-0.499402,-1.718742,0.415174,0.701445
1368,1,-1.813575,0.077242,-0.671429,0.177065,-0.428931,-0.706588,0.635073,-0.859767,-0.196757,-0.204643,0.677675,-0.927427,1.152905,-0.536775,-1.691150,0.295570,-1.005468,0.821684,-0.165471,-1.761011,0.804191,-0.622685,-1.564848,1.511668,0.129435,-1.950321,0.741255,1.231139,-0.941293,0.117387,0.027792,-1.264036
1369,2,1.804191,0.496432,1.806514,0.066177,1.119459,0.715630,-1.519216,-0.641352,1.128076,-0.133004,-0.484511,-0.353549,2.078537,-0.502381,0.519052,-2.264252,0.573952,1.551012,-2.326940,-0.825411,1.453735,-0.072321,-0.968656,-0.048471,0.052288,-1.067083,0.918939,-0.628890,0.991629,1.886439,0.925090,1.248387
1370,1,-0.237097,-0.496786,-3.025970,1.282555,1.072222,-1.208053,0.328455,2.278084,-0.770225,-0.595101,-0.351235,-0.164045,0.987770,-1.161636,0.188963,-0.978324,-0.065346,-0.513324,-0.778244,-0.527799,0.365888,-0.249402,-0.226206,0.379148,-1.447432,1.024766,-0.116082,-0.213929,-0.018339,-1.354468,-0.919812,-0.026170
1371,1,-0.259118,-0.280720,0.733360,-0.492869,-0.230857,1.739370,-0.233031,1.277899,-0.470540,0.504242,-0.518695,-1.972444,1.186769,-1.309453,2.081114,-0.053287,0.059572,-0.571485,-0.247427,-0.287294,1.122427,1.415037,0.214308,1.362574,-0.095046,-1.011431,0.227059,0.169925,-1.175249,-0.272893,-1.391348,-0.007188
1372,0,0.402059,-1.368289,-0.605039,0.014513,-0.332979,-0.350457,-1.557229,-0.198189,-1.142340,-0.770416,-0.051266,1.724483,0.064829,-0.630179,-0.288301,-0.853909,1.538240,-0.789378,1.553596,-0.334294,1.368694,-1.131218,1.277506,-0.714931,-0.818930,0.517280,0.886074,1.353700,0.183641,-0.559851,0.218332,1.799682
1373,2,-0.877031,-0.240920,0.576131,0.945031,-0.366504,-0.891659,1.629769,0.841413,0.197395,0.788243,0.122177,0.767802,-0.081772,1.189960,0.037920,1.366753,1.745584,0.251128,-0.594783,-1.069790,-0.887029,-0.014636,-0.168503,-0.373481,-1.265509,0.273447,-0.695686,-1.750768,1.083266,1.323231,-1.794906,-0.698300
1374,0,-1.414692,0.317971,0.231949,1.372740,-1.564421,0.815135,-1.134158,1.068167,-0.595208,0.035076,0.944157,-0.173275,0.013416,-1.602547,-0.511858,-0.911722,0.179856,1.514058,-0.312810,-0.959260,0.357717,1.020223,-0.292573,0.773471,1.403241,-0.488866,-1.984572,-0.765005,0.501927,-0.334200,1.059399,2.406570
1375,0,-0.014935,0.126126,0.537205,-0.616666,-0.299502,0.747626,-0.772818,-0.744586,-1.094240,0.218615,-1.821286,-0.683951,1.427701,0.441583,-2.937619,-0.164966,-1.945988,1.923419,-0.476695,-0.917287,-1.400312,1.342295,0.326021,-1.411767,1.285625,-1.424629,-1.645147,-1.377196,-1.426048,-0.331305,-0.186319,-0.889951
1376,2,1.173308,1.210716,-0.762576,-0.649269,1.974441,1.408632,2.207282,0.965022,-0.625652,-0.292874,1.156357,1.974948,-0.186910,-1.195504,-0.317131,-1.139070,-1.323277,0.824706,-1.138093,-0.531568,-0.083931,0.471962,0.290958,-0.405278,-0.050367,1.223628,-0.941755,-0.685790,1.719393,-1.158043,0.244552,-0.626160
1377,0,0.912335,-0.975906,0.017644,-2.119613,0.150025,0.293551,-0.494610,-0.035952,1.037683,-0.546615,0.455639,-0.794126,-1.569305,0.343505,-0.137734,0.144029,-0.139967,-0.169579,0.853846,-0.596192,0.478997,0.467859,-0.592631,0.137695,1.425245,1.299953,0.374668,-0.800437,0.942716,0.002955,-0.173802,-0.987247
1378,2,1.364187,0.131965,-1.712967,0.705981,0.017899,-0.669803,2.248809,0.854749,-0.083622,0.288122,0.441055,-0.536750,0.640616,-1.616649,1.818027,1.449001,0.325462,-1.116425,-0.724799,0.384516,2.167400,0.181733,2.221187,0.121565,-0.438217,1.053973,-1.747292,0.770431,-1.011058,0.143919,-0.982778,-0.433930
1379,2,1.180318,-0.631711,0.689405,-0.055981,-0.709110,-0.680198,0.099247,0.363275,0.200940,-0.569917,1.039830,1.935555,0.541641,0.419499,-1.120897,-1.067394,1.385108,-0.495677,-1.268006,0.932325,0.391392,-1.513027,-0.086221,-0.674072,-0.783006,0.773542,0.802912,0.111165,-0.781072,0.764263,0.887972,0.597019
1380,1,-0.047657,2.824088,0.624709,-0.209800,-0.014237,1.048224,0.194707,0.694402,1.369728,-1.761711,0.721118,-1.311469,-0.773399,0.330742,-1.806835,1.495700,-0.680850,0.191137,-0.331975,-1.666252,-0.006623,-2.048112,0.098638,-0.489608,-0.819008,0.845596,-1.259211,-0.056190,1.164861,1.870447,-0.493125,1.017184
1381,1,1.109121,0.755182,-1.361442,-0.628288,1.321043,-0.616641,1.152281,-0.187913,-0.011171,1.192925,0.529480,-0.292509,-0.708875,0.343229,0.642066,0.797070,1.103416,0.001452,0.016436,-0.401977,-2.290769,-0.103592,-1.265012,-0.208989,0.827251,0.649432,1.104288,-0.620604,0.734529,-0.429610,-0.399411,-2.311993
1382,1,0.995820,1.192264,0.443330,-0.813724,-1.258374,-0.188114,0.633841,-0.788522,0.195073,1.825426,0.480767,-0.194827,-1.653122,-1.125561,0.895037,0.632903,1.036432,-0.030103,0.865220,-0.998766,0.730612,-1.265133,0.763129,-0.982263,-0.032488,0.402605,0.682956,0.093863,-0.262205,1.037821,1.332599,0.188624
1383,3,-0.606374,-0.015391,0.932847,0.143472,-0.627903,1.262398,-1.003637,0.322010,-1.630256,0.073654,1.079784,0.505038,0.472476,1.740823,-0.597849,-0.523254,-0.657606,-0.197949,0.328320,0.135902,1.461909,-0.640748,-0.375252,-1.520894,0.144815,0.646189,-0.221709,1.063957,0.858500,-0.388755,0.470059,0.305448
1384,0,-0.183603,0.524893,1.318453,-1.891081,-2.197549,1.539764,-1.772785,-0.692651,-2.037643,0.087728,2.169916,0.069353,-0.177332,2.258173,1.777166,-0.955417,1.124415,0.720286,1.052789,-0.025350,-0.500486,0.156267,0.947546,-0.562499,0.348774,0.347484,-1.554187,-1.645217,-0.074516,-0.385634,-2.142334,0.942292
1385,2,-0.107055,-1.120716,2.004022,0.039660,1.225042,1.409174,-1.143562,-0.326621,0.368110,-0.066424,0.187472,-1.163901,0.821216,-0.779149,-0.498341,-0.490434,-0.830116,0.155851,-0.159610,1.016826,0.419820,-1.117795,-1.559385,-0.407141,-0.151496,1.355086,0.211539,-0.641860,0.703444,-0.224614,-0.138701,0.140462
1386,2,1.206057,0.498910,0.876803,-1.818452,-1.104337,-0.130774,0.109847,-0.367089,-0.577367,-1.720151,-1.341765,-0.179834,-0.375550,-2.364223,0.112473,-0.576985,0.818947,1.153202,-2.352508,-0.600655,0.339504,-0.546893,-0.752892,-0.620025,0.764563,-0.251938,1.249598,0.802913,-0.003641,-1.748277,-2.113133,-0.593542
1387,3,0.091657,0.826331,-0.665512,-0.002549,-0.840911,0.460762,-1.051339,0.798042,1.444732,0.037267,-0.368119,-0.035940,0.241801,-0.444914,0.309341,0.274742,-1.989667,-0.345228,0.557300,0.291024,0.153883,0.284559,0.056127,-0.514804,-2.127179,-0.196432,-1.981931,-0.355481,-0.020739,-0.886048,-0.933619,-0.250499
1388,2,0.476906,-1.268103,0.803630,0.356652,0.401651,-0.726193,-0.680719,-0.481303,2.283500,-1.663212,0.797899,1.274759,0.405368,-1.480972,-0.198738,1.439293,-0.527765,1.043268,-0.181822,-0.153229,0.484213,-0.706576,-0.041998,1.420353,0.858774,-0.547312,-0.371019,-0.726299,0.825672,-2.002184,-1.049160,-0.105394
1389,3,-2.404380,-0.532167,1.784884,1.030300,-0.803729,0.314399,-0.816873,1.630568,-0.198292,-0.020847,-0.346995,1.001961,-0.823057,-1.376864,-1.861778,2.136360,-0.847317,-1.170354,0.775796,-0.253768,0.809401,-0.367942,-1.145855,-2.047867,0.285507,1.601492,-0.924621,0.335616,-0.263332,-1.013136,-1.128869,-0.485925
1390,2,1.345838,1.540357,0.133689,-0.738650,-1.325304,0.277509,0.725351,1.073002,-0.196561,1.758712,-0.292361,0.100162,0.746323,0.077394,-2.204090,1.564262,0.044518,-1.190803,-0.627005,2.070439,-0.167758,0.074235,0.674982,0.536948,1.599604,-0.227665,-0.336944,0.346926,0.438388,-0.102658,1.006604,-0.238367
1391,0,1.040971,-0.535489,0.662878,0.204616,0.299221,-0.630823,0.655283,0.040375,-0.494331,-1.597832,-1.242479,0.734689,1.309651,-0.175902,-0.181543,-1.087548,-1.198452,-0.315829,-0.580628,-1.151248,-0.709913,-0.439787,0.202161,-0.855294,-1.082209,-0.733956,-0.853300,-1.688481,-0.863652,-0.728225,1.817363,0.513932
1392,0,0.347078,1.226931,-1.279037,-0.245882,-0.497447,-0.776337,-0.807767,0.125892,0.075238,-0.818198,-0.115079,1.729632,-0.049919,1.009296,0.400809,-0.365197,-0.414205,-0.927740,-0.617536,-0.641614,0.636110,-0.238778,-0.699434,1.256558,-0.457575,-0.891793,-1.634280,0.918809,-0.230748,-0.731799,-0.624004,0.242318
1393,3,0.239665,-0.390404,-0.243816,-0.376096,0.732864,0.711099,0.504931,-0.010088,-0.800314,-1.292845,1.401222,-1.152956,1.432818,0.866002,0.571049,0.418350,-0.789027,1.519977,-1.632073,1.307065,2.117113,-1.552834,0.650994,-0.773812,0.125592,-0.509522,-1.226547,-0.512268,-0.075923,-0.702374,-0.993031,-0.794820
1394,3,-1.358735,-0.670361,0.191378,-1.334132,1.649064,0.318755,-1.884760,-0.287407,-0.311690,0.500345,1.931139,-0.954131,0.326131,1.283005,-0.245540,1.500546,0.577149,-0.517231,-0.968856,0.944907,-1.491814,1.158001,-1.291580,-1.161980,-1.123244,-0.640898,0.912540,0.644155,-1.089422,1.175690,-0.207165,1.603330
1395,2,-0.255232,1.373995,1.714745,0.917509,-0.315188,0.542736,0.197572,-0.245102,-0.066319,0.713082,-0.246926,0.551792,1.650438,-1.184885,-0.787717,0.141953,-1.232049,2.678045,0.863336,0.224332,-0.028779,-0.680524,-0.869429,-1.280061,0.145683,1.743870,0.397123,-0.024572,-0.449011,1.895662,-0.031233,0.440091
1396,2,0.369947,-1.507398,1.371008,1.816641,1.678110,1.070669,1.856262,0.339345,1.673087,-0.568021,1.066018,0.867836,-1.560037,1.142655,-0.417699,-1.046115,-0.511971,-0.551888,1.300677,-0.902878,-0.303888,0.602299,-1.094289,-1.859325,0.410994,-0.780654,0.318788,1.102010,-0.671607,-1.289023,-0.777147,1.609820
1397,0,-0.174242,0.089902,-0.433350,0.321731,0.577974,1.457805,-1.503988,0.216295,0.044492,-0.292881,-0.655302,-0.390623,0.875675,-0.569808,0.648789,-0.699029,-0.465455,1.464328,-0.235236,0.149161,1.028131,-2.501315,0.584144,0.394592,1.711092,0.847778,-1.211531,-1.101831,-0.640008,-0.499231,1.237077,-0.143712
1398,3,-0.450451,0.862135,-0.515691,-0.460110,-0.246546,-0.184325,0.777922,-1.507235,0.601659,0.223246,0.406782,0.922403,0.979816,0.301550,0.356197,-1.003896,-0.741878,0.360112,-0.789758,-0.559077,0.429434,1.205259,1.749179,-0.945324,1.149047,0.336597,1.918398,-1.663903,-1.189333,0.627642,0.183134,-1.885152
1399,0,0.832313,0.943723,-1.014599,0.484617,0.265362,1.569108,0.157084,-0.618172,0.412043,0.375074,-0.154333,0.182292,0.130590,-0.839903,-0.500764,-0.116668,0.813341,-1.711041,1.720438,0.136747,-1.284333,-1.859184,-0.522092,0.351420,0.548178,0.178836,-0.562614,0.749211,-0.762183,0.737392,-1.285754,-0.148020
1400,3,0.418548,0.885497,-0.805738,2.431849,-0.946436,-0.958673,-1.217751,-1.587376,-1.469009,-1.104184,2.671223,2.073760,-0.249271,1.010217,0.167203,-0.360655,-1.120307,0.348725,-0.625276,-0.325936,-0.206045,-2.048043,1.196726,0.513992,0.982726,0.159509,-0.606578,-1.400170,-0.622578,-0.521090,0.471024,-0.586749
1401,1,0.852106,1.365181,0.111115,0.271309,-0.912877,0.911338,2.050834,0.624608,-0.976498,-1.372219,0.144004,1.061982,-0.308888,0.521653,0.652171,-0.452301,-0.218647,0.654491,0.837029,-0.379007,-0.331847,0.006158,1.486804,-0.237441,-1.333702,-1.789982,-1.398554,-0.601957,0.403644,-1.840368,0.784651,-0.965423
1402,0,-0.120531,-0.758317,0.829982,2.155656,-0.259273,0.705322,1.659445,-0.374976,0.784372,0.075108,-2.040625,-0.777098,-0.647539,1.888240,0.185534,-0.951621,0.735094,-0.059209,0.524654,-0.435810,-0.130662,-0.194680,-0.618193,1.456227,-0.958252,2.003452,-2.313942,-0.644703,0.552669,0.684990,1.137842,-0.670000
1403,3,-0.629641,0.758285,0.525297,0.422743,-0.293090,0.403156,2.082869,0.353663,0.048532,0.103837,-1.149986,0.017131,0.891030,0.892425,-0.808139,0.530104,-0.421847,0.577976,-0.842885,0.331566,1.617402,-1.114199,-0.515588,1.691549,-0.743699,1.423782,1.004035,-1.294637,-0.152922,1.251177,0.098921,-1.512087
1404,1,-0.424789,1.701163,1.558154,-0.328898,0.990641,-0.507881,0.235174,-0.892398,-2.051570,0.067458,1.488455,-0.132102,-0.031597,-0.905728,0.703357,0.846404,-0.246573,0.267920,-2.356554,-1.033469,-0.900355,0.396690,-1.043668,-0.336664,-0.762380,1.254890,0.119965,-1.718242,-0.001904,0.311012,-0.446176,1.682609
1405,1,-0.228988,0.074068,0.371534,1.235860,-0.878289,1.140269,-0.925571,2.457440,-0.545229,-0.735077,-0.639968,-0.301282,1.094901,0.059537,1.045171,-0.805315,-0.179627,-1.332102,-0.662923,-0.441655,-0.535841,0.399515,-0.164635,0.854099,-1.333685,1.028389,-0.089080,-1.695198,0.164519,-0.642967,-0.246903,-0.510719
1406,1,0.987431,1.557786,-1.308924,0.907402,0.380259,-0.955300,-0.542652,-0.117734,0.093665,-0.079658,0.905173,0.820697,-0.265331,-2.190227,1.421100,0.566135,-0.621192,-1.245715,-1.109020,2.066767,-0.472730,-0.564691,2.066352,0.337321,-0.375442,0.071330,-1.671069,0.066974,-0.365444,1.622418,0.050368,-0.053446
1407,2,-0.711983,0.206807,0.136616,0.149392,-1.010064,0.359748,0.262807,-0.217723,-0.119923,0.248352,-0.564936,0.239785,-0.561163,-1.324890,-0.192593,-0.020090,0.333497,-1.078290,-0.671819,-2.265227,2.584442,-0.048004,-0.573996,-0.191407,-1.698935,0.317750,1.493056,1.817616,0.093684,0.504163,-0.856457,-1.249066
1408,1,-0.131631,-0.789941,1.441483,-0.205825,0.126502,-0.458216,0.162853,0.198474,1.302607,0.467117,-0.198813,-0.703533,1.354767,-1.522918,-0.091110,0.515069,-0.336392,-0.731266,0.184555,0.265644,0.689010,0.404282,-0.282353,0.212390,-0.302378,-2.443614,-1.390697,0.715458,-0.435312,1.389320,-0.813954,-1.611220
1409,2,-0.390577,-0.794769,0.597661,0.886645,-1.770535,-0.380002,-0.936310,-0.573088,0.719147,0.457718,-0.345585,-1.037825,0.851660,-1.189722,-0.041914,-0.752470,0.002655,0.127429,1.354358,0.070145,-0.390377,-0.019883,-0.938396,-2.093232,-0.822492,-1.301108,-1.941747,1.237422,-0.597616,1.940363,1.592561,-0.545511
1410,0,1.640293,-1.299064,1.010007,-1.195230,0.765389,-1.347003,0.150433,1.529147,0.700662,-0.210706,2.547470,1.650076,-1.070319,0.177971,-0.264232,0.126560,-0.438660,-0.858673,1.166399,-0.659367,-0.001323,0.862388,0.570782,-1.038465,0.386267,-0.051942,0.041252,0.626701,-0.467599,-1.300675,0.683682,-0.023415
1411,2,-1.161985,1.454543,-1.560459,-2.666627,-0.912470,0.768231,1.155842,-0.380696,0.703207,0.553042,-0.333719,-0.592424,-1.398392,-0.130814,-2.514366,-0.368331,-0.221289,0.788982,-0.074825,-0.134292,0.681581,-0.244122,0.234013,0.054267,0.059502,0.299405,0.766199,1.002148,-0.761353,-0.922676,0.380273,1.811848
1412,2,0.300370,1.251053,-0.678055,0.503039,0.206361,0.401222,-1.249395,-0.277383,1.266622,0.976482,1.070748,-0.190965,-1.425107,-0.289738,-0.421685,-0.650905,-0.139310,-1.471974,0.763922,0.358245,-0.040932,0.592334,-0.382323,0.242922,-0.323605,1.057744,1.205639,-1.134493,-0.193586,0.290970,0.619980,-1.338076
1413,1,-1.079343,1.611666,1.535375,0.838259,-0.247659,-1.490554,-1.099313,-0.150158,0.261145,-2.164228,-0.767738,-0.365161,0.510107,-0.381028,0.390822,-1.063350,-1.270093,0.821926,0.707381,-0.266792,0.529473,0.499856,1.375102,0.167714,-0.162505,-1.802939,-0.830934,-0.289026,0.164205,1.111539,0.824219,-0.585716
1414,2,0.850564,1.425892,1.311771,2.506264,-0.386650,-1.534356,-0.218899,-0.165175,-1.628530,0.748757,-1.308444,-1.362422,-0.025131,0.933966,1.232591,-0.353206,1.504198,1.299681,-0.134357,0.086579,-0.174521,-0.697891,0.938682,-1.748588,1.294715,-0.092045,-0.596586,-0.802325,0.753445,-0.228561,1.308923,-0.004566
1415,0,1.169779,-1.082255,1.208831,1.132902,0.442775,0.016355,0.598348,-0.226398,-2.066732,-0.339827,0.553526,0.713496,-2.231484,0.825090,0.578626,-0.086999,-0.703623,1.206036,-0.639474,-0.014878,-0.439778,0.491792,0.743501,0.420560,0.290837,-0.229869,-0.745080,1.401683,1.166101,-0.578774,-0.078978,1.490398
1416,1,0.068111,0.194656,0.438218,-1.411885,0.109733,0.032897,-0.908062,0.133331,-0.255400,0.393596,0.568756,0.200484,-0.813961,1.960862,-0.321793,-0.337238,-0.677390,-1.628838,0.616696,-0.289671,1.635011,-0.852443,0.904160,0.862307,-1.311801,1.373879,0.896168,0.114001,0.662764,-1.095160,0.603571,-2.847009
1417,3,0.619516,-0.803114,-0.326563,1.159371,0.065062,1.620159,-0.351635,0.732688,-1.705768,-1.603314,0.424795,-0.821038,-0.621483,-0.493971,0.808445,1.315362,1.193191,-0.966811,0.197608,-0.026060,-0.348443,-0.145712,0.352696,-0.507803,-0.861518,-1.575487,0.160851,1.623762,0.730339,-0.355686,0.380966,0.083288
1418,0,0.849759,0.419396,0.841418,-0.471050,0.720082,0.396102,-0.985219,-0.150437,1.237366,1.658648,0.396447,-0.010024,-0.700416,2.089487,0.424122,2.130496,-0.295892,-0.917628,0.118426,0.298199,0.608459,-0.639971,-1.359478,0.075703,0.863314,1.245090,-1.974409,1.610551,-0.988615,-0.938803,1.114519,0.380174
1419,2,2.586223,1.326916,-0.026206,-2.070487,0.831290,0.064001,0.699704,0.137535,2.037948,-1.131891,-0.388336,-0.950896,0.313527,-1.220037,0.571000,-0.279393,1.419807,-0.912311,-0.731999,1.288797,-0.232191,0.365145,0.277402,1.347783,-0.104255,1.139657,-1.275969,-0.447599,0.641202,-0.255518,1.000557,-0.851016
1420,0,1.497712,0.195163,-0.316617,0.284471,-0.261606,-0.334843,1.433074,-0.465702,-1.573778,-0.942684,-1.186144,0.067032,0.536828,-0.721193,-0.443917,-0.375715,-0.591078,0.550407,2.189165,-0.921358,0.219017,0.078889,0.356414,-0.569785,-0.502831,0.747707,0.787644,-0.413416,0.557611,0.885779,0.210579,-0.281020
1421,0,-0.081980,0.425903,-1.455694,1.886826,1.622627,1.103029,-1.289177,0.695271,-1.428079,1.017864,0.574536,0.338026,-0.541437,0.086894,0.133274,-0.923847,1.146675,-0.442402,-0.985222,0.217673,0.232454,-0.947209,-0.265690,0.419417,1.732605,-0.046464,1.584696,1.354451,1.253320,-1.848951,1.124410,-0.679227
1422,0,0.446637,-0.374543,1.513761,-1.116274,-2.081894,-1.558559,0.982574,-2.458471,-0.863972,0.192909,1.240885,-0.100440,0.295623,0.561649,-1.000913,-0.939306,0.268819,-0.192855,-0.373697,-0.512278,-0.827729,0.270286,0.488766,-1.013315,-1.107255,1.911573,0.307216,-1.629323,-0.871844,0.539735,1.525723,-0.924421
1423,0,2.537618,-0.420866,1.068278,0.955152,0.774261,-0.337981,1.047747,-0.174506,1.238700,1.803801,0.232826,-0.152644,-0.487226,-0.047086,-0.496636,0.444360,1.141473,-0.376665,0.998676,-1.783785,0.666532,-0.661500,1.380431,-0.583792,1.523433,-0.022576,0.938936,0.205619,-0.948927,-0.127627,-0.706599,-0.292875
1424,3,0.485417,1.669436,-0.342754,1.904199,1.147059,0.002178,1.371506,-1.736105,-0.675692,-0.550110,-1.656615,-0.217897,1.594446,-0.413991,2.630476,0.495700,0.440990,-0.286924,0.668251,-0.047971,0.761128,0.135636,0.339715,1.302170,-0.082090,0.416473,0.664975,0.293832,0.380598,0.684148,-1.285352,0.597904
1425,3,0.733905,-0.302044,-0.052723,0.046736,-1.738601,-1.616260,1.440216,-0.537038,-0.499840,0.043237,-1.636530,1.312884,0.656953,0.050607,1.515499,-0.537772,-0.075442,0.317299,-0.272358,0.988191,0.112477,0.022725,1.439397,0.164807,0.241959,-1.382973,1.015182,0.397708,-2.279747,1.265084,-1.665628,0.539580
1426,2,0.724985,0.184629,-1.443600,0.318006,0.062107,0.241608,0.774781,1.141486,0.731566,-0.954628,-0.123530,0.324148,0.058711,-2.231121,0.340957,0.079725,-0.198997,-1.756603,0.136926,0.303012,1.441596,-0.839099,1.646114,0.714346,-0.744231,-0.703673,-0.052057,-0.052946,-1.638503,-2.217848,0.789279,1.769826
1427,3,0.039772,-0.465150,0.711103,1.693102,-0.439649,0.322423,-1.849599,-0.732870,0.148775,-0.465982,-2.517971,-0.974438,0.401091,1.605109,1.240159,0.668154,-0.567619,1.251915,0.435438,0.187829,-0.259262,0.939845,0.336382,-1.539374,0.134816,-0.639091,0.887028,0.325669,0.342087,0.615200,-0.356899,-1.779665
1428,0,0.774240,0.227775,2.250852,-0.343620,-1.934974,-0.143468,-0.713224,0.126270,0.707632,0.292365,0.384872,0.316426,0.239648,-0.545358,-0.908911,-2.224138,-0.457055,0.665385,0.007483,1.293194,-1.335944,0.454711,-1.004705,1.150975,0.104791,0.998724,-1.210199,-0.589652,-1.570348,1.279036,-1.629490,0.747561
1429,2,0.243052,0.615285,0.230339,1.204135,1.753478,0.735420,0.500039,-0.911405,1.118918,0.157832,-1.298029,1.033996,0.345062,0.088928,1.055869,0.708185,0.637764,-0.445464,0.398361,-1.183546,-0.701773,-0.211241,1.252113,0.327285,0.833981,-1.744688,-0.243255,-2.022643,-0.494698,-0.524405,-0.122841,0.318492
1430,0,1.033670,0.859727,-0.216429,1.034142,-1.127244,0.895618,-1.026884,-1.028035,2.181964,-0.236519,-1.639766,0.955611,-0.311067,0.466285,1.008730,-1.894539,0.953805,-0.064805,1.500190,0.556736,-1.363772,0.875526,-1.781651,0.562310,1.524408,2.128022,0.038036,0.069879,0.772408,-0.154487,1.247113,0.238368
1431,1,0.068426,0.801925,-0.608814,-0.997514,1.512134,2.272388,-0.269954,-0.152853,-0.469058,-0.219052,1.506696,0.112435,-0.151812,0.774186,0.386800,-1.062635,-1.123827,-1.376094,-1.060045,-0.864356,-0.942440,-0.052218,2.153887,0.949633,-0.310169,-1.197616,0.388679,-0.196638,-0.675431,0.708261,0.916589,-0.127768
1432,0,0.356412,0.582387,1.741205,0.650547,-0.155525,-0.813450,0.800607,1.715721,0.626529,0.178114,-0.933623,0.590234,-0.009003,-0.791994,-0.213799,-2.007963,0.158989,1.363780,0.474770,-1.194559,-1.828245,1.121216,-0.567346,0.636661,0.962627,1.498788,0.075199,0.045553,-0.210309,0.562742,-0.277761,0.140554
1433,1,1.529795,0.749829,0.327447,0.683060,-0.462548,-1.112671,0.217948,0.527755,-0.301787,-0.871161,0.327824,0.122070,-0.857552,-0.093966,-0.345989,0.998618,-1.831884,-0.216003,1.123781,-1.032938,0.191997,-0.527622,0.536375,-0.688852,0.597276,-0.240698,1.240980,-1.646282,-0.328212,0.003917,-1.101359,1.681176
1434,0,1.543702,-1.058255,0.204416,-0.779621,1.395851,2.550079,0.200787,-1.585730,0.280730,0.782728,-0.130819,0.341947,0.340015,0.972531,-1.097378,-0.310177,0.507234,-0.223678,-0.603533,-0.038819,-0.795964,1.354989,1.354638,-0.850649,-0.069922,-1.195244,-0.008444,0.621913,0.490364,0.841365,-0.375664,0.044077
1435,1,-0.831302,0.373418,-0.246390,-0.295146,-0.155168,-0.777173,2.323357,-1.109094,0.726790,-0.351851,-0.346867,0.060213,0.272461,-0.282293,1.811024,-0.698097,-0.297529,1.269557,-1.261712,0.156975,1.800168,-1.892246,0.709929,1.474711,-1.224248,1.781107,-0.324860,-0.387330,-0.439207,-0.528708,0.240479,-0.919927
1436,0,-0.292297,-0.850659,1.661328,0.764868,-0.478442,-0.520213,0.131137,-1.521766,-1.550216,-0.145258,0.321748,2.284842,0.569865,0.113848,0.965067,-0.978634,-1.201429,1.217485,-0.428299,0.390799,-0.501773,0.063028,1.430070,-0.496066,0.626131,2.093824,-1.712740,-0.847748,1.086984,-0.292262,0.019531,1.005147
1437,1,0.975279,-0.668491,0.512109,0.169792,1.548186,0.773663,-0.774764,0.585632,2.248186,0.270663,0.432822,1.344507,-0.201934,-0.840916,-1.601363,-0.031036,-1.442372,-0.789216,0.327721,-0.975698,-0.091469,1.043107,0.447518,1.581269,-0.269913,0.444576,-0.650952,-0.031791,-0.280111,-1.675384,-0.208133,0.446885
1438,1,-1.283349,0.213038,0.157593,0.189932,-0.616467,0.476817,-0.269274,-1.487598,0.434229,-0.699697,1.817599,-0.905417,-0.978412,-1.328711,-0.718136,0.741780,-0.863898,1.204815,-2.067648,-0.735369,-0.568274,0.407056,0.786146,0.343914,-0.792423,-0.209973,0.678950,-0.346504,0.032834,-0.383941,0.228987,0.465685
1439,2,-0.290170,-1.199054,-0.188320,0.516335,-1.404243,0.131065,0.445966,0.409616,1.658195,-0.821231,-1.232663,1.355537,-1.141478,0.956703,-0.423721,0.485960,1.733640,0.803386,0.237270,-0.668310,-0.505943,1.282247,-2.123063,-1.431646,-0.978737,-0.386657,-1.072436,1.341443,-0.146216,0.832511,-0.665329,0.746339
1440,3,0.260214,1.749075,0.578083,-1.550147,-1.558375,-0.374111,-0.687273,-0.008128,1.822110,-0.623698,0.726390,-0.466884,-0.965625,-0.045060,-0.453287,0.300952,0.377384,0.444872,1.591818,-1.526654,-0.121476,-0.795512,-0.709960,0.636405,0.202407,0.645340,-0.276345,0.419691,0.582363,0.652620,-1.382848,0.869436
1441,0,-1.574799,-1.325977,-1.658693,0.462016,-1.359661,-0.041880,1.446467,-0.586628,-0.859441,0.182039,0.317411,-0.211698,-0.771148,0.376719,-1.334219,-0.478725,0.627875,-0.165891,-1.169356,0.527871,-1.933037,0.300980,0.509876,-0.836388,0.746014,-0.880601,0.763384,0.077790,-0.318107,-1.621237,-0.148474,1.346115
1442,1,1.540831,0.481868,0.215242,-1.360187,0.713764,-0.483956,0.172682,0.250964,1.116891,1.548432,-0.480982,-0.468779,0.278999,-0.551913,0.354786,-0.397144,0.426022,0.017745,0.360036,1.051334,-1.582996,1.579471,-1.751682,-0.379054,-0.133587,-0.326201,2.066140,-1.660575,-1.344282,0.486121,1.737124,0.254822
1443,3,1.621870,0.807207,-0.128160,0.133452,-1.407143,0.106134,-1.077922,-1.821111,0.645550,0.591836,-1.933896,-0.784409,-1.422651,0.288217,2.112631,-1.601008,0.431194,-0.632717,0.409359,-0.378037,0.155289,-0.710433,0.411916,-1.192580,0.049221,0.464125,-0.992023,1.089499,-0.260980,-0.306359,-0.508433,-0.585984
1444,1,0.559924,0.300736,-1.962841,-0.339340,-1.623994,-0.058211,-1.201298,0.421953,0.554341,-0.872827,0.272692,0.114841,0.330917,1.147794,-2.082872,2.246634,-1.091176,-0.698734,-1.612764,1.168197,-0.258274,-0.349694,1.154506,-0.146664,0.831136,0.264076,2.189789,-0.625693,-0.878498,-0.352068,0.007384,-0.787349
1445,0,0.905480,0.894640,0.278700,0.529471,-0.207650,1.036337,0.193876,1.121996,-1.028587,0.157540,0.379479,-0.267437,-0.949955,-0.269061,0.668714,0.006564,0.159784,0.097336,-0.039475,0.888991,-0.501145,-0.049207,1.501501,1.120731,1.964807,1.366167,-1.294229,-0.550742,-0.634689,1.192323,0.364910,1.387790
1446,1,0.026565,0.624302,-0.576514,-0.964667,1.950153,-0.805679,-1.143047,-0.872652,0.635297,-1.214856,-0.910866,-0.985948,1.167356,-0.778683,1.847871,-1.302006,0.620387,0.937351,0.341946,-1.824310,0.267430,-0.555815,0.213012,1.830623,0.527910,0.291178,0.874439,1.786145,0.730034,0.254518,-0.490491,0.216777
1447,0,0.152601,0.864885,0.246769,0.533779,-0.931737,-0.926565,-2.208854,-0.244356,0.618178,-0.674640,-0.298767,-0.152465,0.010678,0.763975,1.141543,0.139111,-0.598365,2.457974,-1.379221,-0.311534,0.864590,-1.041097,0.132641,1.106756,0.218003,1.510493,-1.207090,1.563035,-0.756275,0.089893,1.156878,-0.728067
1448,3,-0.866203,-0.897949,1.334901,0.021307,-2.185767,0.343127,1.526737,-0.778266,-0.552982,-1.353413,-0.405665,-0.275564,-1.445748,-0.038523,-0.454371,2.660165,-0.884876,-0.880664,1.020556,0.027457,0.826442,0.096600,0.765961,-0.633948,-2.222887,-1.201279,-0.420377,-0.541858,-1.369866,0.718112,1.359638,0.167510
1449,2,0.012179,-1.073354,2.206815,-0.823129,-0.444361,-1.468278,-1.436842,-0.788863,1.251219,0.012398,-0.296704,0.050416,-1.430768,0.955091,-0.359790,0.496126,-0.574720,0.088678,0.633943,-0.946806,0.875670,-0.249257,0.747247,0.931090,0.104620,0.279645,-0.852916,-2.162331,0.128112,0.066474,0.290828,2.031791
1450,1,0.593692,-0.358944,-0.890379,1.132372,0.464229,-0.257911,1.687210,2.421726,-0.249248,0.483547,0.058932,0.561780,2.232843,1.227545,0.186263,-0.206785,-0.795600,0.070438,1.116220,2.170416,0.115013,0.683854,1.092757,0.386859,0.746840,-1.326813,-0.886815,-2.741708,-0.174161,-1.145524,-0.931600,-0.460808
1451,1,0.130912,-0.492948,0.431602,-0.131246,0.676780,-0.380700,-1.743253,0.256921,0.151142,-0.470755,0.873348,0.474389,1.497000,-1.199077,-0.011908,-0.874804,0.394377,0.562773,-1.519893,0.572405,-1.941085,0.764469,0.095724,0.825857,-0.164842,-0.254801,-0.721089,0.890139,-0.031429,0.382389,2.890127,-0.801112
1452,0,0.599875,-0.345313,0.332861,-0.852934,-0.338573,0.245396,0.538613,0.904805,-2.957341,0.901087,0.813113,0.294354,0.991033,0.551472,0.461623,0.373582,-1.116254,-0.372833,0.363387,0.734006,-1.424312,-0.165356,-0.238502,-0.439452,0.682724,0.906613,0.834756,-0.142206,1.422281,-0.970885,-0.245113,0.848219
1453,3,0.400195,-1.388043,-0.821295,0.160330,0.563196,0.523325,-0.588845,0.719338,0.721440,-0.188737,-0.406572,-1.418686,0.284111,0.508887,1.206688,0.812189,0.737405,-0.833066,0.328191,2.496134,0.083856,-1.125479,1.000084,-1.310395,-1.051590,1.124940,-0.395923,-1.255828,1.249549,-1.420376,1.332283,0.766487
1454,3,-0.834080,-0.076449,-1.328808,0.281963,-0.847103,0.444243,1.553136,-0.907384,1.655878,-0.329117,0.802022,-0.531083,0.763805,-0.721523,0.404160,0.347548,-0.084902,-2.403718,-1.314166,-1.288794,0.014207,-1.810651,0.623945,0.036202,-0.493745,0.165507,0.289837,-1.029688,0.524833,0.619516,-0.502833,-1.178012
1455,0,-0.514950,0.013125,0.831266,-2.111771,-0.095594,-1.783420,0.207445,1.358217,-0.865967,0.267143,-1.639018,-0.554483,1.891710,-1.876510,0.262645,0.068038,-0.539787,0.495954,0.479361,1.093150,0.380544,-1.465893,1.246411,-0.656941,-1.811790,-1.008216,0.117220,-0.597731,-1.022356,1.047334,1.783127,-0.381648
1456,3,-0.665859,-0.817520,0.391868,0.918672,-0.795540,-1.226623,-0.058963,1.143007,0.051387,0.424390,-1.188455,-0.240571,-1.165427,-0.231806,0.370009,-0.011381,-1.001616,0.477334,1.297265,-0.105622,-0.077428,-1.608311,-1.902757,0.457503,0.310880,-0.847305,-1.195071,-0.394241,-1.585761,1.579859,1.677107,-1.171239
1457,2,1.469470,0.391593,-0.298902,2.569920,-0.278412,0.525877,-0.626427,0.364602,-2.193029,0.620140,0.309935,0.270048,1.502725,0.609267,0.665841,1.146595,0.253633,0.249718,-0.306221,1.119825,0.254841,-1.685428,-0.360501,-2.041959,-0.597168,0.200161,0.081518,-0.897494,1.043779,-0.076143,0.268485,-0.650334
1458,0,1.516022,-0.532675,-0.297075,-0.097574,0.493836,-0.138313,-0.622758,-0.477158,0.553866,0.245594,-0.064847,-0.202470,0.032901,-0.208947,-0.385078,1.776590,1.116353,0.158336,-2.278267,0.947383,0.553680,-2.063519,-0.353970,-1.242525,-0.518666,-0.029395,0.385793,2.182030,-2.096748,-0.976035,0.868088,-1.610860
1459,0,1.255270,-0.364975,-0.389573,0.268397,1.572543,0.326853,-0.097890,-1.502597,-1.854447,0.573444,-1.187033,1.011216,-1.241502,-0.001031,-0.614539,-0.553889,-0.108708,-0.247610,2.272585,0.921536,0.066111,-0.573151,-0.088883,-1.417986,-0.781927,0.233269,1.250091,-0.453847,-1.614138,-0.496689,0.609827,1.180609
1460,1,-1.399079,0.465856,0.891309,0.408492,0.059211,-1.076781,-1.152750,-0.179321,-0.007355,-1.096389,-0.129157,-0.937341,-1.805343,-1.051251,-1.812838,2.091496,0.564210,-0.330866,-2.373766,0.504827,-0.620156,0.512417,0.653318,-1.762249,-1.421180,-0.695796,0.281687,1.247556,0.955169,-0.719407,0.088195,1.274268
1461,3,-1.462092,-1.194858,0.534440,-0.382752,-0.142329,-1.260233,-0.345009,-0.500153,0.643143,-0.858587,-1.391177,0.574943,-1.070278,-0.568317,0.456287,-0.970447,0.568860,-0.923335,0.724015,-0.437181,0.853058,-0.696507,-0.099173,-0.727102,-0.002337,0.180215,1.761607,-0.255092,-0.456662,-0.967803,-2.255293,-0.747485
1462,3,-0.845591,-0.522437,1.638239,0.949109,0.805894,-0.157708,-0.261424,-1.075439,0.329593,1.130125,-1.475401,-0.887127,2.742962,1.173705,-0.284873,-1.480446,1.355273,0.288136,1.141169,3.478229,1.048686,-0.530187,-1.067798,0.507897,-1.301757,0.579112,2.435437,0.269232,2.269394,1.139843,1.578232,-1.232371
1463,0,0.171174,0.772499,-0.737543,-0.562039,-2.621617,0.661261,0.460279,-0.741722,1.379996,0.806430,0.271476,-1.696874,0.574898,-0.938057,0.271071,0.096348,0.102635,1.104136,0.811037,-0.722866,-0.477080,0.027117,-1.121144,0.796959,-0.520559,-0.550456,0.368445,0.979841,1.670035,1.332963,-1.376522,0.466551
1464,0,0.116137,-0.163488,0.272061,-0.694744,0.749102,0.783355,0.889071,0.289633,-0.699971,-1.576026,-1.293376,-0.321215,-0.461490,1.014707,0.448448,0.488755,-0.080482,0.405146,0.193715,0.691057,1.160940,-1.258944,0.079005,0.203650,-0.597257,0.689023,0.734933,0.175615,0.892652,-1.572209,-0.271439,1.557129
1465,3,1.852149,-0.403986,0.425903,1.374400,1.773445,-0.134361,1.659769,-0.372545,-0.063774,-0.783471,1.313600,-0.311825,-0.110256,-1.624029,0.831956,-0.619700,-1.091838,-0.147970,0.915115,-0.128679,1.301148,-2.203308,0.635741,-0.129273,-0.728545,-1.315248,-0.214536,-1.348337,0.301819,0.006286,-1.453732,2.253139
1466,3,-0.195245,-0.340906,1.058463,0.804289,1.442670,-0.893966,0.150675,-1.507204,0.083429,-0.134091,0.363988,-1.274507,0.469301,-0.615946,1.036512,0.016354,-1.627974,-0.060284,0.352104,-1.069810,-1.664902,-0.763189,-0.196457,2.406108,0.701263,-1.117060,-0.481130,1.256512,1.415861,0.387972,0.304386,-1.015114
1467,0,0.994439,-1.043055,0.493612,0.517605,1.005663,-0.392326,0.769253,-2.411753,0.797926,1.676089,-0.426030,1.187541,0.939505,0.452435,-0.995281,0.436375,-0.287783,-0.407794,-0.067325,-2.299711,-1.059132,2.857116,-0.186602,-0.303337,0.591209,0.034100,-0.058344,-1.476930,-0.811196,-1.110583,-0.618284,-0.258678
1468,1,-0.672832,0.906366,0.122869,1.419129,-1.560356,-1.165399,-0.226520,2.005813,0.322085,-0.529130,-2.120310,0.434466,0.475743,0.392137,-0.277802,-0.751187,0.449107,0.829118,-0.056244,-0.485680,0.344455,0.676512,-2.163805,-0.253169,0.720321,-0.372202,0.631120,0.582049,1.419758,-0.520064,1.039892,-1.915853
1469,2,0.546363,-0.882903,1.007585,1.113040,0.939041,1.960294,-0.503525,0.510183,0.671971,-0.262662,-1.000679,0.674409,0.494328,-0.044678,0.601362,-0.016612,-0.887137,0.974285,0.059105,-0.393623,0.884557,-0.166660,1.387729,-1.239045,-1.659588,0.921348,0.237969,0.469526,-0.594720,-0.610818,-0.536620,0.209280
1470,3,1.469105,-0.773992,-2.445029,0.298284,0.212372,-1.225927,-2.620989,0.785207,0.249356,0.307041,-0.035162,0.475507,0.546136,-0.285852,0.946272,1.628863,-1.497192,-1.468203,0.160831,1.130882,-1.237974,1.008365,-1.469903,-0.702838,1.277437,-0.459633,-0.331995,1.596409,0.534983,-1.238154,-1.562003,-1.193920
1471,1,-1.077518,1.549005,0.172528,-0.175025,-0.462944,0.278237,-0.865994,-0.214155,0.961705,-1.215901,1.728452,1.129270,0.848400,-0.586699,-1.440657,1.603713,-1.509037,-0.284049,-1.077869,-1.835535,-0.043958,0.158512,1.071794,0.642549,0.505477,1.350728,0.819521,-1.623765,0.538016,0.637534,0.511364,0.106541
1472,2,-0.533840,-0.105923,-0.267564,0.804741,-0.290139,0.412318,-0.725915,-0.261055,0.209088,-0.166438,-0.653967,-0.044202,-0.584611,-0.047083,0.883485,2.105894,-0.527462,0.829546,1.733095,2.602491,-0.624482,0.790413,-0.201040,1.508296,1.101847,0.479843,-0.793386,-0.273428,-0.222291,-1.095476,-0.296688,-1.735015
1473,3,0.760946,0.341390,0.906186,0.784838,0.391804,-0.547677,1.052172,-1.263759,0.900674,-1.175289,1.146817,1.585009,1.166980,0.243498,0.235269,-0.889668,-1.328878,-0.066769,0.719894,1.296207,1.042974,-0.689963,0.162260,-0.637844,-1.961849,-0.740272,1.376672,1.299758,0.268099,-0.663781,-0.506344,0.836924
1474,3,1.493380,1.223337,1.622350,-0.314941,-1.354632,0.994623,-0.689556,-0.884254,0.855329,-2.897153,0.425591,-0.321944,0.627446,0.412450,1.664033,1.117177,-0.806636,0.285884,0.271145,0.708342,0.125315,0.717249,1.507172,-0.172453,0.186458,-1.469035,-0.814334,-0.904219,0.698976,0.054607,-0.385249,1.755451
1475,1,-0.106941,-0.398892,-0.593389,-0.806190,0.405516,1.234328,-0.204590,0.128420,-0.394823,1.618429,-1.034478,-0.078991,-0.373126,0.374421,1.804088,0.172789,-0.991303,1.543219,-1.009561,0.174815,-0.531571,-1.612433,0.442462,-0.258094,1.243778,-0.258355,0.646286,0.449874,-1.709654,0.258896,-0.472244,0.741586
1476,1,0.712463,2.853873,-0.011597,0.663575,0.022837,-2.454651,1.948829,0.429626,-0.675597,2.032317,0.018156,-1.162873,0.348181,-1.336265,0.145207,0.032612,-0.339582,0.407145,-0.732798,0.067438,1.167520,-0.360526,0.279226,0.297654,-0.927087,0.072251,-1.128007,0.717929,0.280101,-0.362382,0.823157,-0.743250
1477,2,0.281734,1.933408,-1.866783,0.134723,1.432819,1.541858,0.292192,-0.846997,-0.892210,-0.822579,-1.098492,-0.317943,-0.869278,-1.318258,-0.061499,0.219546,0.708883,-0.701172,-0.180376,0.733196,-0.986729,0.407727,0.079672,0.415246,-1.087957,0.628709,-0.416305,-0.883638,-0.068171,0.507570,0.665399,-1.293614
1478,2,-3.308305,-2.214354,-0.212074,1.341225,-1.677207,0.724915,0.442038,0.994753,0.688040,0.642164,0.084205,-0.341484,0.178335,0.363132,0.134216,-0.743855,2.137120,0.401531,0.157636,1.267165,0.000559,0.236522,-0.784607,-1.306099,0.004677,1.182802,-2.099090,-0.070235,-0.556705,0.143280,0.906819,-0.539130
1479,3,-0.626641,-0.110396,0.594580,-0.214056,-0.144788,-0.926615,0.702277,1.037039,-1.386745,1.086787,0.690682,0.798356,-1.553574,0.988579,-0.030635,0.323433,-0.397783,1.054626,-2.594612,0.387179,-0.561127,0.278368,1.443075,-0.139990,-1.852664,-0.849564,0.184838,-0.972262,0.157274,-1.272146,1.148794,-0.109237
1480,2,0.735257,-0.140017,0.833589,-0.824697,1.733229,-1.031073,0.614219,0.858008,-0.310170,0.529756,2.024513,-0.105539,-0.970457,-0.015581,0.608095,-0.051683,-0.632562,-1.385006,-0.874071,0.502882,1.951917,-0.272141,-0.102860,-0.931058,0.884705,0.196524,-0.903860,-1.162763,-0.158874,0.548206,-1.118296,1.278067
1481,0,-0.581748,1.095803,2.004466,0.117610,0.998561,-1.296228,-1.299476,1.208317,0.655134,2.194623,0.490822,0.081728,1.335155,0.709016,-0.518797,-0.300965,-1.020640,-0.253944,-0.812993,-0.446848,2.077711,1.411594,-0.851327,-0.290767,-0.137814,-0.360612,0.444539,1.391799,-0.762928,2.161112,-1.476047,-2.006144
1482,2,1.182844,-0.592418,1.593944,-0.962206,2.443562,-0.021775,2.233268,0.750280,0.126136,0.103394,0.071147,0.171932,1.362988,0.687852,-1.113317,-0.756127,-0.073736,1.002410,-0.268995,0.138406,0.419510,-1.570845,-0.565987,-1.024716,-0.000081,0.723176,0.935031,-0.633227,0.491419,1.407795,-1.138281,1.251802
1483,2,-0.335767,-1.642829,0.465224,0.113213,-0.122803,0.682696,0.136942,1.532138,0.745791,0.102340,-1.486099,-0.908849,-1.219294,2.316262,-1.011150,-0.910811,0.805025,1.023510,-1.258237,-0.963338,0.023457,2.350759,-2.008550,0.597414,-0.619627,0.272056,0.290935,-0.113490,-1.024008,-0.456987,-0.348762,0.256859
1484,1,0.608435,0.317320,2.586469,0.634853,-0.682292,-1.529835,0.482302,-0.453583,0.901918,-0.979679,-1.305968,-0.305659,1.230582,-1.161699,0.825492,-0.795115,1.502202,-0.272824,0.448495,-0.132948,-0.829915,0.703315,-0.163422,0.779981,-0.456225,0.521550,0.110065,-2.099555,-0.779893,0.930559,-0.941571,1.193033
1485,3,0.954428,1.520196,-0.873335,-0.909301,-0.509369,-0.756289,1.723213,1.375071,0.601660,0.125801,-1.742529,0.474776,-0.422491,-0.962428,0.818882,0.538577,1.081545,1.310549,-0.656468,-0.259317,-0.700452,-0.215389,1.242762,0.894088,-0.563941,-1.584281,-1.249469,0.524930,-0.322765,-1.699422,-1.378874,0.654053
1486,1,1.142774,-0.219775,-0.484572,-0.004574,1.990622,-0.541247,-0.970423,0.773289,-0.573284,1.289634,1.374316,-0.433697,-2.085916,0.154929,-0.695205,-0.844511,-0.382137,-1.385628,-1.493955,0.068394,0.529051,-0.595209,-1.659491,0.584999,-1.110887,-1.256555,0.099080,0.505048,-1.051972,-1.471064,0.807806,-1.603679
1487,1,0.610129,-1.029981,-0.275681,-0.703569,-0.746474,0.274328,-0.466618,-0.656863,-0.603289,2.457779,-0.653666,0.811124,-0.012541,1.445710,1.592327,-1.806895,0.744996,-1.825737,0.726908,-0.164834,0.073002,0.237647,-1.349661,0.747329,-1.722241,0.137534,-1.810385,-0.039490,-0.154727,-0.862881,-0.889407,0.130098
1488,0,1.236953,1.585955,1.400736,0.132748,-0.171906,1.113667,-0.709833,1.130149,0.338602,-0.059329,1.110625,0.240820,-0.077219,-0.573642,-0.569634,0.508423,-0.843159,1.368507,0.611265,0.227803,0.336054,-1.256861,1.508006,-0.450476,0.332480,1.071648,1.161803,0.589989,-0.625816,0.307319,-1.292382,-0.400411
1489,0,-1.619498,-0.129074,1.603125,-1.868920,0.521425,-0.903365,0.199173,2.263362,0.660450,-0.132593,-0.573863,0.701599,-0.040541,1.024649,-1.023512,-0.023309,0.752193,0.766054,-1.921832,0.657385,-0.791965,-0.910208,-0.480409,0.897353,2.311732,-0.057627,0.064579,-0.138598,-1.219873,-0.828056,0.268084,-0.857521
1490,1,0.506806,-0.378790,0.066445,-0.072494,1.784605,-2.013747,-1.835179,0.305224,-1.625776,0.664226,0.756791,-0.246134,1.001962,1.202593,1.191962,0.669356,-0.953885,1.038109,-0.244656,1.243410,0.983037,-1.239295,0.870039,-0.447029,-0.910309,1.075556,-0.078753,-1.270736,0.297113,0.689146,-0.287818,0.130806
1491,2,0.810035,0.044563,-1.161564,-1.300334,0.789815,-0.092707,1.661781,-0.589660,-0.721723,-2.003532,1.060433,-0.720428,0.264609,-0.484627,0.561510,1.039819,-1.017300,-1.014334,0.304403,1.166211,0.871082,-0.605317,-1.232043,-0.048822,-0.167967,-0.953038,-0.920001,0.779466,0.267061,0.269390,0.761525,-0.237413
1492,2,-1.705883,0.763172,-0.083697,0.635222,0.014182,-0.372031,-0.023263,-1.451943,-1.453964,-1.058310,-0.751023,0.622973,0.283737,-1.148551,-0.962490,1.130962,-1.174740,1.562905,-0.763342,0.542523,-0.048488,2.564681,1.535719,-0.525877,1.315777,-1.869544,-0.982229,-1.045939,1.641347,0.046959,0.081548,-1.314296
1493,3,-0.414627,-0.640384,0.767929,0.951242,0.574128,1.474952,-0.336155,0.953674,-0.451251,-1.141257,-2.200722,-1.563563,0.319143,0.815531,1.081579,-0.490356,-0.216457,1.213267,0.261175,-1.844552,-0.064006,-0.457610,-2.092970,-0.124053,-0.398312,-0.463428,-0.070119,0.059479,0.052846,0.711161,-0.562490,1.234220
1494,2,0.769775,-0.903010,-0.426028,1.168370,0.090316,0.820622,-0.567927,0.843502,1.266193,-0.901663,-0.689253,-1.304879,-0.505116,0.625214,1.120933,1.445412,-0.912732,-0.833396,0.497600,-0.937900,0.765066,1.421498,0.236612,-0.569076,2.157337,-1.058184,-0.557348,0.008680,0.082771,1.077321,-0.106111,0.452353
1495,3,-1.150919,-1.441458,0.199489,1.403296,0.034103,0.444729,0.497193,-0.403687,1.476930,-2.018645,0.960820,0.327240,0.993058,-0.449903,0.694365,-0.750746,-1.421391,-1.211752,-0.677753,-0.689679,-1.018485,0.729112,-1.903841,-0.162746,0.796259,-1.204709,-0.936954,-1.122817,-0.366525,-2.323284,0.000967,0.369887
1496,0,0.929061,-0.651422,0.822019,1.352289,-0.034817,0.239167,-0.308574,1.303459,-0.411324,-0.160982,0.761118,0.511553,1.754916,0.776253,0.079251,-2.034799,0.658118,-1.333316,-0.199485,0.515091,-0.212324,1.782515,-1.372527,1.079137,-0.825023,-0.507632,-0.655450,-0.381284,1.286271,-1.610157,-0.177051,1.256431
1497,1,-0.965656,-0.313956,-2.066401,0.167948,-1.045044,-0.316169,-1.201677,2.165219,2.157346,-1.351138,-0.113011,1.709332,1.320766,0.132270,-0.839930,0.632966,-2.316819,-0.162792,0.014615,0.243332,1.269173,0.145976,-0.057796,0.274820,0.328534,0.872765,0.934442,0.642684,-0.663669,-0.303217,2.312516,0.275851
1498,1,0.222071,0.030729,-2.002270,1.214411,-0.354881,-0.212489,0.242472,-2.074310,-0.846677,1.048451,-0.149461,1.096001,1.835262,0.704121,1.022923,-1.100523,-0.530489,-0.827862,0.913102,-1.334629,0.633799,-2.515319,-0.930530,0.546899,0.203743,0.873922,0.400108,-0.954677,0.239678,-1.942412,2.050396,1.224323
1499,0,-0.561839,0.505023,-0.781633,-1.386947,-0.411415,-0.656360,0.911936,-0.864734,0.799021,-0.756754,0.311614,-0.396376,1.968048,0.899008,-0.312878,-2.686424,-0.546745,-1.170147,-0.453706,-0.112477,0.073221,0.968547,0.667004,-0.320233,-1.305475,-0.320333,-0.421981,-1.037671,0.499730,1.056871,-0.832951,0.506127
1500,2,-1.740598,-0.756501,-1.923850,-0.678867,3.063115,0.025662,0.506000,-0.381647,1.585548,1.469158,-0.011258,-0.481550,-1.701962,2.188245,-0.279565,0.162666,0.889493,-1.533470,0.646989,-0.688678,-1.163989,0.507676,-1.770798,-0.596824,0.250143,0.534713,1.785450,0.653320,1.538883,0.288559,1.481400,0.232487
1501,0,0.700732,-1.443131,-0.294532,-0.319962,0.494439,0.141035,0.646589,0.255024,-0.752336,-0.250318,0.150643,-0.978309,-0.524704,0.874482,-0.857037,-0.765238,-0.970285,1.331296,-0.797343,0.289362,-0.877886,0.879684,-1.447184,0.361716,-0.186538,-0.639192,-0.487701,-0.256212,-0.245943,0.871311,0.963432,-1.004950
1502,1,1.381986,1.600121,2.182418,0.484491,1.633035,1.547526,0.575489,-0.724530,-0.032446,0.057226,-0.723431,0.459011,-0.957784,1.194142,-0.635125,-0.445754,-0.182765,1.118260,-0.822567,0.700832,0.161377,-0.087577,-0.049260,-0.188682,-0.836422,0.643313,0.322160,1.673745,-0.736815,0.043945,-1.449388,-0.791493
1503,1,-0.259807,-0.174538,2.250497,0.989373,1.259912,-0.772572,2.336833,1.040391,0.998765,0.180810,0.622661,0.862789,-0.114539,0.764929,-0.563409,-0.041633,-1.549178,0.022381,-0.318567,-0.820652,0.336584,-0.654873,0.298156,0.142487,0.335172,0.517706,0.031774,-1.472282,0.710105,-1.616652,0.391715,-0.853221
1504,1,2.826952,-0.980158,1.333269,-1.219327,-0.679058,0.460523,-0.678922,-0.351843,0.227891,-1.603351,-0.187028,-0.053514,0.624436,0.050763,-1.311521,-0.142195,0.350567,1.190484,0.584986,-0.488093,-0.689691,1.566567,1.106351,-0.241654,0.493910,-0.584076,-0.370955,1.064287,-0.341183,-1.262033,0.476429,0.770431
1505,0,2.377208,-0.562191,0.026848,-0.959064,-0.733731,-1.224591,1.857361,-0.295764,-1.130414,1.175345,-0.285413,-0.215587,1.586560,-0.810888,-0.098015,0.399853,0.320065,1.436559,-1.057553,-0.245300,-1.138457,-0.760825,1.370369,-0.576320,-0.638948,0.157406,0.200697,1.275549,1.424326,-0.622889,1.025007,1.013090
1506,3,0.054507,1.755270,-1.328336,2.190135,-1.088211,-0.409316,-0.549042,1.017619,-0.020456,-0.517869,1.030226,2.069873,-0.399463,0.485533,0.536103,-0.512225,1.483290,-1.343343,-0.746444,1.094102,1.368763,1.483131,-0.766429,1.905251,0.059287,0.531102,0.041296,-1.004223,0.627252,1.819934,-3.519877,0.829654
1507,2,-0.851784,-0.284177,-0.546204,1.954406,1.697528,-0.441285,-0.401667,0.378216,0.639908,0.428267,-0.539146,-1.445715,0.510989,0.770352,1.455439,2.035455,0.564090,-0.400074,1.103034,0.361081,0.197237,0.468435,-0.302324,-0.189036,-0.206514,-0.053356,0.118423,1.841465,-0.374472,-0.533649,1.384721,0.042513
1508,1,-0.011788,1.782454,0.687254,-1.273525,0.504148,0.219689,-0.220106,-0.217412,-0.378775,0.495212,0.387716,0.488261,-0.408442,-0.272925,0.879927,1.404924,-1.092095,1.214453,0.440737,1.471155,-0.427820,0.370779,-1.599630,0.126277,-1.057972,-1.158334,-1.260850,0.730168,0.815130,-0.926575,0.956670,1.105879
1509,2,-0.715664,1.598849,0.528651,0.557885,1.201059,-0.637210,1.637260,0.144050,0.388225,-0.100672,-0.072445,0.048700,-2.504364,-0.626913,1.621466,-2.029718,1.098257,-0.199710,0.408022,-0.954477,-0.675407,-2.011122,-1.993437,0.476057,1.071156,-0.458989,-1.187801,-0.315804,0.448989,-1.855949,1.215200,0.336393
1510,0,-0.099695,0.089919,-0.385852,1.596917,-0.220613,-1.245439,0.056391,0.800991,1.605438,1.887182,0.986669,0.583389,0.015737,2.236513,0.124709,-1.134349,-0.070484,2.074431,0.346595,2.294291,0.113513,0.932895,-1.196759,1.306116,-0.260111,0.973706,-0.161825,0.737025,-1.247425,-0.291124,1.394965,0.064468
1511,2,-0.081060,2.792458,1.158869,-1.150028,0.628983,0.928884,-0.241079,0.733871,-0.237841,0.746601,0.654312,-0.582065,0.327164,0.379341,1.282912,3.405527,0.325284,0.300464,2.011070,-0.380382,-2.177591,1.959717,1.588165,0.230941,-1.020351,-0.911694,0.914752,-0.481151,-0.338992,0.343143,1.773530,-1.782140
1512,3,-1.089189,-0.700003,-0.691561,-0.483897,-0.872860,1.002513,-0.051936,2.345440,0.778686,0.219150,-0.555106,0.506292,-0.938099,1.061714,-0.452960,-0.042244,-1.666242,2.657678,-1.112455,0.366833,-0.041026,-0.433499,-0.527912,1.149282,0.331732,0.831328,0.001826,-0.743129,-1.090821,0.922783,-0.031239,-0.394970
1513,0,1.594249,-0.314446,0.099591,-0.139171,-0.113282,2.229427,1.365728,-0.353233,-2.433741,-0.954662,1.088273,-0.773709,1.069398,0.664408,0.267411,-1.019329,-1.364782,1.257620,-0.402580,0.844613,-1.699762,0.345406,1.459269,-1.270478,-1.310721,-1.649265,-0.801615,0.388940,-0.428904,1.033512,-0.166558,0.429428
1514,2,2.553360,0.018249,-0.530145,0.407427,-0.154804,1.384880,-1.487143,-1.860032,1.109750,-0.354318,0.761866,0.316085,0.298073,0.803781,-0.574110,-1.376891,-0.658076,-0.008253,0.082069,-0.339398,0.347831,0.176606,0.846987,0.093611,1.342040,0.017672,-0.341839,0.292427,0.789013,-0.648687,-0.730026,0.649235
1515,3,-1.721244,-0.643671,0.376733,0.833987,-0.821977,1.428883,-1.384448,-0.782156,1.215962,-1.212300,-1.239393,0.762619,0.470420,0.143342,-0.522707,-1.134344,2.100611,-0.726711,-0.334185,0.663427,0.430394,0.779459,0.937751,-1.200503,-0.159381,0.284206,-0.150138,0.762014,-0.978408,0.427978,0.327504,-1.589867
1516,0,-0.280170,0.502416,-0.840568,-0.840232,-0.977503,-0.285452,1.363158,1.038292,-0.822337,-0.693071,-0.118101,-0.230873,-1.449252,2.905119,-0.679630,1.916010,1.071150,0.134758,-1.167879,0.833902,0.189654,-0.140506,-1.198338,-0.455557,-0.358956,1.402084,1.000285,0.438589,-1.022769,-1.807720,0.644011,-0.085759
1517,3,0.140833,-0.539847,-0.906821,-0.516284,-0.884450,1.099129,0.240232,-1.256822,0.114608,-0.210149,-1.267136,-1.649639,0.402979,-0.814362,-0.474975,0.119979,-1.008591,-1.502081,-2.106512,1.820839,1.139893,0.761875,-0.010164,0.476063,0.918488,-0.172848,0.060662,-1.175203,0.304581,-2.122392,-1.849538,-1.392982
1518,0,1.104065,0.183927,0.827734,0.356544,1.097468,0.768505,0.720469,-0.677890,-0.425472,-0.519240,-1.129002,0.154504,-1.713800,-0.264901,0.029212,0.199602,-0.134064,-1.056412,0.471213,0.218750,2.014370,-0.601167,-0.377874,0.533745,-1.185017,0.419584,0.610300,1.516976,1.075681,-0.306663,-1.140965,0.926015
1519,2,0.698139,0.721148,-0.290841,1.533281,0.182183,1.889392,0.443130,0.199453,-0.101039,-0.242633,-0.883493,1.740106,1.065473,1.552572,0.884041,-0.051435,-0.055288,-0.165657,0.731443,2.705705,0.285896,-0.706874,0.652146,-0.551508,2.695886,-0.242161,-1.467818,-0.030191,0.101270,-0.222389,0.340408,0.503636
1520,1,-0.507572,1.364673,-1.444429,-1.517707,0.866743,-1.304893,-0.039568,0.077407,-2.321189,1.459841,-0.952934,0.638092,-0.944474,0.268343,0.717776,-0.577792,1.883927,0.187962,-0.306305,-0.838044,1.469800,-0.866333,-1.501226,-1.362944,-0.675401,0.487306,-0.631522,1.145612,0.234972,-1.169726,-1.382488,-2.090813
1521,3,-0.466205,-0.284540,-0.032302,0.967298,-0.165794,-0.390318,-0.446810,-1.474634,-0.197915,0.549529,0.338097,1.488967,-1.508933,0.033158,-1.382392,1.171313,-0.508239,0.851045,-0.825188,-2.004905,0.276584,-0.323982,-0.336457,0.787011,-1.239004,-0.339512,-2.491780,0.034567,-0.775754,0.881402,0.968318,0.133500
1522,0,-0.727940,-0.806100,0.459021,-0.006040,-0.061836,0.359370,-1.146411,2.733793,-0.540456,-0.958408,-0.974829,0.790410,0.007892,-0.553047,0.295693,0.175790,-2.086189,1.138832,0.429698,-0.548671,-1.722973,0.387760,1.551697,0.022692,-0.679582,0.179792,0.579879,0.085643,-0.179645,0.538187,0.254683,-0.676946
1523,3,0.250117,-0.797266,-1.849584,0.895375,0.708642,-1.849381,-0.302989,0.928316,0.069528,1.783835,-1.879860,0.137223,0.167442,-0.799782,-0.382589,-0.841059,0.141508,-0.644922,-1.011925,0.452952,-2.224245,-0.071337,-0.911760,1.293356,0.636184,0.719864,-0.696570,0.392002,-1.077769,0.090971,-0.571067,0.067801
1524,0,-0.724596,1.070509,0.184666,1.674134,-0.545961,1.344400,-1.140790,-0.352261,0.485479,-0.005258,-0.053216,-0.623439,-0.407303,2.287463,-1.332148,0.773463,0.280068,-1.478974,0.267591,-1.477013,1.437606,1.336234,1.189343,-1.308102,0.966917,-0.543275,0.932315,-0.153981,0.867934,-0.359170,-1.036900,0.356863
1525,1,-1.759448,0.551484,1.150436,-0.677435,0.709378,-1.183838,0.742650,-0.053360,-0.246411,0.244534,-1.114063,-0.457534,-0.530779,-1.466445,1.056006,-0.184765,-0.708752,-0.825311,-0.482689,0.002376,0.468325,-0.356114,0.132389,-2.525349,0.549564,0.162855,1.336902,0.047045,0.819590,-0.050680,0.248339,0.995149
1526,1,-0.733938,-0.715084,-1.251159,0.504921,-0.248090,-1.417957,-0.270415,0.643060,-0.032922,0.678901,0.532520,-1.519710,2.010704,-1.530927,0.302823,-0.402919,-1.517181,-0.355655,-0.277507,-0.236252,1.892652,-1.168025,0.906318,0.412927,-0.848391,0.831731,-0.195594,0.232908,-0.020161,0.954181,0.615170,-1.323250
1527,3,-0.873112,0.822160,1.016441,-0.989362,-1.477448,0.573203,-0.056891,-0.308020,-1.361599,-0.069689,0.082770,0.450964,-0.572134,-0.527599,-0.470517,-1.929216,-0.088488,0.871275,0.630915,0.121712,-0.199086,-0.157167,-1.003364,1.512892,1.401719,-0.067805,0.086092,-2.292828,-0.650672,0.682285,-1.428878,-0.777994
1528,1,-1.580124,-0.850281,-1.359545,0.334215,-0.660071,-0.807687,-1.301981,-0.441882,0.116673,-0.151723,-0.351502,0.121053,-0.575637,-1.009006,0.029667,0.944855,0.431701,0.711032,-0.257685,-0.478172,1.492844,-0.741139,0.682132,0.452011,0.708624,0.596563,-0.510273,-2.614000,-2.095432,-0.154132,0.365794,-1.117105
1529,1,-0.562631,1.096752,-1.519996,-0.112191,0.693362,-0.994946,-1.607407,0.337822,-1.285778,-1.068063,0.645171,0.360167,-2.143727,-1.003494,-1.414940,0.717094,-0.402932,0.493466,-0.693759,0.376292,-0.001878,-0.030764,0.457328,-0.071229,1.439151,-0.644684,-1.453829,0.523301,0.699464,0.693798,1.399071,0.402782
1530,2,0.204287,0.054486,1.481993,-0.850273,1.887959,-1.454538,-0.396780,0.409228,-2.601439,0.073411,-0.193424,-0.555397,0.903686,-0.018291,-0.378939,-0.450366,-0.496703,1.111622,-1.560419,0.089403,-0.322288,-0.957598,1.488040,-1.109361,-0.260693,1.773226,0.300777,0.547209,-0.354959,2.133904,-1.441986,-2.161622
1531,1,-1.019420,-1.139381,0.883750,1.485681,-1.126331,0.731814,1.245783,-0.246594,-0.023012,-1.291699,-0.561140,0.627812,-1.082748,1.345526,-0.910590,-0.576564,0.786370,1.116962,-1.002403,-1.242160,0.827724,-0.799080,-1.406802,0.770557,-0.414605,-0.270263,-0.086778,-2.209941,-1.892079,-0.569815,-2.251692,0.217480
1532,3,1.213582,0.616218,0.363042,0.016384,-1.664105,-0.457106,0.472396,0.279615,0.473301,-0.092839,-0.360705,0.751861,-0.008262,0.837177,-0.640855,-0.184791,2.369050,0.962952,0.814495,-0.445205,-0.987134,1.241697,-1.290853,0.466751,-0.932860,0.435951,0.107559,1.079733,-0.270230,0.037939,1.187974,0.598316
1533,3,-0.397737,-1.424313,-0.430421,1.408741,0.964841,1.448816,1.835038,0.229371,-1.753234,-0.110278,1.801026,1.127464,-0.514793,1.061991,-1.189534,2.569801,-0.505102,0.475487,0.417683,-1.368720,-0.810786,0.170912,1.968089,0.600663,0.954616,-0.934259,0.274424,0.810144,-1.186870,2.316162,0.946430,-0.229509
1534,3,0.196134,0.687326,-0.653162,-0.285082,-0.963860,-0.902433,0.408583,-1.263488,0.213720,-0.826368,-0.002669,0.139131,-0.521411,-1.138608,0.639759,-0.821141,1.496497,1.113917,0.081617,-1.033979,-0.750504,1.777092,-0.094923,-0.504490,-0.868261,1.806871,0.453027,-1.670070,-0.956364,-0.477938,-1.038061,-0.312011
1535,0,-0.058798,-1.461992,0.211729,0.143528,-0.767210,-0.855436,0.673496,-1.452398,0.136591,-0.758446,-1.249001,-0.345410,0.367337,0.938839,0.721125,0.547748,-0.263669,0.963030,0.082007,-0.434212,1.580017,-0.303399,1.004392,-2.063851,-0.208507,1.186220,0.774583,2.291639,-0.297507,-1.333140,0.510554,0.399581
1536,1,1.814785,0.775980,-0.706617,0.003928,-0.659074,0.851936,-0.280511,0.954225,0.230336,1.646428,0.985027,-0.443780,0.278710,-1.599769,0.925278,-0.797443,-0.076181,-0.128590,-1.410687,-0.456200,-0.055549,0.217849,-0.976980,0.618313,0.757153,0.017304,-0.071363,0.046463,-0.597133,0.977754,0.942218,0.557874
1537,2,0.341687,1.255434,1.338133,-0.231308,-0.296524,-0.189860,1.523155,0.785805,-1.661547,-0.310391,0.212777,2.211174,2.070611,-1.215735,-0.338859,-0.855741,0.460296,-0.291871,0.055414,0.932216,-0.078765,0.136258,-1.070509,-0.616503,-1.131359,-0.422312,0.912035,1.590736,1.060935,0.230713,0.882663,0.388707
1538,1,-1.018652,-0.880995,1.498673,-0.126359,0.139913,-1.997689,0.648021,0.500755,-1.456582,0.460236,-0.288774,0.893540,-0.829739,-1.810214,1.691787,-1.058468,-0.363595,0.846432,0.319161,0.545886,0.314228,-0.220227,-0.525068,-0.138930,-1.294100,0.030001,-2.081560,-0.185084,-0.034236,0.131233,-0.337971,-0.890298
1539,3,0.461926,-0.144080,0.758499,0.263925,-1.492695,0.952520,0.338624,-1.162742,1.361618,-0.447425,2.129092,0.231124,0.505259,-1.892679,0.265181,-0.283104,-1.080304,-0.012620,-0.417732,-1.308455,-1.000298,0.170791,0.977992,0.900028,-1.104068,-0.793669,-1.871750,-1.380341,-0.187286,0.740783,-1.497470,-0.269914
1540,2,0.376703,0.024172,0.379134,0.749864,-0.856417,-0.864538,1.059861,-1.105722,-0.159916,-1.021725,0.024163,0.218370,-0.371169,-0.610175,0.145385,0.398648,0.086856,-1.577609,-0.289079,-0.093021,-0.528272,0.530968,-0.579331,-0.107748,-1.239655,0.086535,-1.513391,-0.844328,-0.194306,0.117846,-0.995108,-1.008570
1541,2,-0.386592,2.367186,1.163216,-0.499207,0.239591,0.498128,-0.202425,1.043356,0.356642,-1.403403,1.092209,0.446264,-0.189678,0.400585,0.468330,-1.039655,-0.494075,-1.675404,0.099907,1.413012,0.870997,-0.742170,0.495243,0.587385,0.532855,0.783443,-1.177033,0.853165,-0.716602,-1.096897,1.126554,0.336606
1542,2,-0.305781,1.132646,1.481770,-0.384033,-0.439326,0.350882,1.178306,-2.066185,0.721464,-0.400332,-0.012144,-0.739714,-1.164619,0.265570,0.237634,0.682178,0.243281,1.800135,-0.419474,0.308006,-0.212496,-0.432751,1.924523,0.578395,-1.576957,0.123405,-0.755102,-0.255383,-0.471697,0.064862,-1.319937,0.164034
1543,1,0.563001,-0.711798,0.319601,-2.593201,-0.799730,0.498235,-0.911638,0.884586,1.486205,0.062534,1.372596,0.034042,-0.887827,0.758406,-0.773610,1.476695,0.423620,-0.264899,0.833446,-1.020962,-0.031960,-0.273086,1.395317,0.822965,0.348708,-1.386209,0.428252,-0.861272,-0.331290,0.407167,1.518036,0.664760
1544,1,0.003446,1.427509,1.374306,0.021751,-0.969746,-0.431127,-1.534811,-0.371175,-0.365664,-0.951358,-0.279304,1.223510,-1.200498,0.277332,0.173443,0.180799,-0.946271,-1.544833,0.490296,-1.864289,-2.155659,0.739191,-0.466369,-0.458638,-0.579035,1.296326,0.251138,-0.652237,1.506255,0.237832,-1.661863,-0.543244
1545,3,0.387062,-0.029338,1.006513,-0.287388,0.034620,0.195710,-0.556866,1.090882,-0.882484,-1.283235,-0.385001,0.949941,0.443450,0.907650,-0.456690,-0.278117,-0.032674,-0.689052,0.667538,-0.598081,-1.203954,0.428190,-0.588770,-0.357671,-0.711885,-0.018037,0.433923,1.455754,-0.249747,-2.292112,-1.386451,-0.753066
1546,3,2.222182,0.748474,0.649932,-0.616996,-1.206670,-0.386704,-0.714143,-0.210539,1.622237,0.466213,-1.379219,-2.149610,1.223534,-0.335939,0.932108,-0.974612,-2.037744,1.028588,1.152806,0.657962,-1.395104,2.474760,-0.359696,-0.942211,-0.109621,-0.484504,0.232893,-0.049910,-1.382676,-0.564705,0.947482,0.724400
1547,1,1.640475,1.378988,-0.187743,1.194450,-0.019511,1.200925,0.480086,0.657007,0.849047,-0.697983,-0.145545,-0.184928,-1.154259,0.794843,-1.516083,0.051903,-0.363836,0.489181,-0.573519,-0.189260,-1.316973,-0.095040,-1.707691,0.643751,-0.434998,-1.711369,-1.433434,0.058719,0.388981,0.764415,-1.154696,2.416418
1548,2,0.046782,0.128352,0.400268,1.299718,-0.373506,-0.405781,0.217773,2.467855,-0.181133,1.098688,1.103675,-0.435532,-2.029885,-0.127212,-0.949220,-0.030228,0.943425,-1.716611,1.597720,-0.129960,1.178706,0.557710,-0.328999,0.338651,-0.514335,-2.014339,-1.003142,-0.187898,0.091076,0.624901,0.311812,-0.152737
1549,2,-1.849802,0.101225,-0.097798,0.426821,0.168963,1.464596,-1.704501,-0.605969,0.109454,-0.436008,-1.356484,-0.040422,-0.491654,2.035023,0.697819,0.336677,-1.251723,1.118654,1.165047,1.116864,0.299807,-0.204769,-0.167730,-0.290007,-0.359047,-0.728391,0.237402,-0.498982,0.440409,1.046613,0.606093,0.771011
1550,2,1.273109,0.091933,2.027054,-0.387534,-0.804377,-1.146959,0.144154,0.116618,-0.040648,1.137828,-1.949365,0.109059,0.619037,-0.126810,-0.155519,0.969525,-0.628869,-1.271446,0.555310,1.402445,0.215846,-0.582966,-0.256359,0.592053,0.738751,0.443468,-0.387559,1.022482,0.174832,-1.898215,0.846587,-1.182558
1551,2,-1.007504,0.551600,0.669497,0.225491,-1.821666,-0.967086,0.516030,0.891908,0.162708,-0.972664,0.385975,-0.265908,0.022438,0.231186,-1.161498,-0.332080,-0.270246,0.130644,-0.630433,-1.321412,-0.863717,1.609405,1.179157,1.661953,-0.373314,0.583429,0.021194,-0.876953,-0.418409,-0.706171,-0.853215,-0.417458
1552,3,-0.606151,-0.979474,-1.325151,0.304317,-0.368885,1.044203,-0.324186,1.129273,-1.084371,1.399844,2.080216,-0.481617,-0.155106,0.422780,0.438707,-0.383791,-0.766317,1.004555,-0.188191,-0.705109,1.509511,0.013670,0.653055,-1.831585,-3.594821,1.736419,0.915940,0.054678,0.886536,0.454639,0.396738,-0.415696
1553,0,1.379785,-0.496222,0.097693,1.108851,-0.552682,-1.406069,1.334024,0.433353,-0.257531,-1.148936,2.001899,-0.614948,-1.079962,0.563044,-0.862779,-1.001375,0.348099,1.472522,-1.016340,0.035665,0.161270,-0.127738,-0.483885,-2.192780,0.697289,1.218085,-0.283649,-0.344762,0.960406,-0.553385,0.927661,0.274093
1554,1,1.149079,-0.853902,0.819728,1.335853,0.560799,0.325995,-0.791890,1.279680,1.950706,0.487858,-1.889416,-0.174342,-1.404600,0.058194,-0.035040,0.984998,1.417977,0.426777,-0.896076,-1.442524,0.651021,0.990260,-0.136571,-0.315318,-0.153752,0.639194,0.607057,-0.808358,-0.570209,-0.910369,-0.246178,-1.060107
1555,0,1.932876,-0.000613,-0.495517,-2.064345,-1.184648,0.013179,-0.265124,-0.532553,0.811517,1.099512,0.174572,-0.516588,-1.592117,-0.095787,0.777934,1.534823,-0.769260,1.053375,-0.144451,-0.458658,0.307227,-1.045860,1.877394,0.975006,2.153159,-1.060935,1.888521,-2.951421,-0.855370,0.148387,-2.984460,-1.259654
1556,3,0.606510,-0.550637,0.105906,-0.533772,0.029998,-1.309428,-0.052002,0.147909,-0.647338,0.858403,-0.241750,0.150676,0.550534,0.028692,0.490472,1.158204,1.267691,0.960490,-0.154421,0.775440,-2.192940,0.270550,0.169434,-0.088549,0.600587,-1.437762,-0.109699,-1.163639,2.837890,-0.750103,0.926519,-0.555600
1557,3,0.735618,-0.303988,0.514050,-1.128827,-0.732509,0.334999,-2.364735,-0.267573,0.004585,0.112593,-0.121035,0.736546,-2.239044,-0.298847,1.206906,0.126052,0.622742,0.429102,0.828507,0.739015,1.553348,0.454866,-0.111120,1.027754,-0.104837,-0.681043,0.243302,-0.723953,0.367172,0.455556,0.182659,-0.493032
1558,0,-0.233516,0.048502,-1.783568,-0.094568,-0.128135,-0.580724,1.572055,-0.829702,-0.872132,0.592746,0.026886,0.738274,-0.216966,-0.473105,0.094674,1.312997,0.013338,0.653300,-0.866138,0.372188,0.085744,-2.429205,-1.181273,-0.725259,0.699451,0.976947,-0.660111,0.294299,0.656893,-0.164100,0.642723,-0.145061
1559,0,1.231629,-0.753683,-0.091777,0.750475,0.186677,1.963943,-1.447774,-1.898446,-0.923123,-0.326433,-0.022121,1.667083,-1.564435,0.264085,-0.892139,-0.280055,-1.673428,-0.475966,-0.756886,-0.380166,0.865482,2.002186,-0.208761,-0.474217,-0.679572,-1.240319,1.302235,-0.335923,-0.599468,-0.476470,-0.578216,0.629993
1560,1,0.371936,-0.204051,1.109791,-0.443455,-1.129913,0.240665,0.176256,-0.871600,1.115046,-0.043023,1.588223,0.509904,-0.329860,-0.676785,1.325685,-0.987745,0.766315,0.487938,-0.311010,-1.050326,-0.607730,-0.274785,-0.261253,-0.697304,0.679756,-1.047612,-0.159845,0.165119,0.797705,-0.156417,0.838865,1.034912
1561,3,-0.338580,1.304415,1.448629,-0.744799,1.653260,-1.268966,-1.463159,0.406115,-0.930955,0.321159,-0.005173,-0.230932,-0.177839,-1.420327,-1.137736,0.037353,-1.443543,0.288154,1.925710,1.473192,-0.348246,-0.091637,-0.202391,0.082012,-1.016387,-0.103621,-0.790132,-1.357129,-0.620175,0.521846,-0.849627,1.640211
1562,3,-1.541977,-0.018115,0.804140,-0.706887,0.387818,-0.681612,-0.041992,-0.261686,-0.997661,-2.485449,0.541987,0.903162,0.191044,-0.521125,-0.073360,-1.148910,1.381006,0.043432,0.238057,0.155772,1.812569,-0.427483,0.151248,-0.599068,-0.242499,-0.919109,-0.387693,-0.077773,0.230966,-1.754742,0.412536,-0.193719
1563,1,-0.148600,0.463108,0.232032,0.375380,-0.547005,-1.374082,1.556624,0.491534,0.909673,0.380411,-0.557993,0.143301,0.817113,-0.208529,0.348257,1.076552,-1.886887,1.580797,0.297763,0.669762,-0.321195,0.855150,-0.461477,-0.527754,-1.271044,1.005157,0.909513,1.600625,0.114056,0.965227,0.997460,0.632700
1564,1,0.691459,0.400333,-0.306100,0.855565,-0.571750,1.675492,0.146548,0.804350,0.363738,-0.979153,-2.867728,0.973440,0.014804,-1.285730,1.148440,0.404109,-1.753417,-0.491941,-1.469293,-0.518202,1.683903,0.155950,-1.482716,0.110916,-0.157614,-0.614639,0.217570,-0.406320,0.773543,0.125983,0.330803,-1.474133
1565,3,0.308877,0.419555,-0.545491,0.135290,0.697698,-0.567949,-0.184506,2.002343,0.027983,0.839892,0.333130,-1.042376,0.368829,0.768624,0.524938,0.213237,1.046415,-0.001801,-0.714200,-1.007040,1.452906,0.689957,-0.545158,0.124827,1.328080,0.145626,0.613540,-0.389550,-0.832092,0.605484,-0.667131,-0.835053
1566,1,-0.313144,-0.710713,0.948604,0.521760,-0.944483,0.140231,0.929553,-0.533851,0.841489,-0.565188,-2.953426,-1.692835,-0.614384,2.255192,-1.562684,0.263900,-1.268093,-0.226428,0.212976,0.638751,2.160496,1.415891,-0.516089,-0.709837,1.270464,-0.018357,0.844043,1.030025,-1.128870,1.210859,-1.888964,0.224052
1567,2,-1.350071,0.387522,0.931914,0.121172,-0.928537,0.972518,0.187143,0.195944,-0.313946,-2.050920,-0.477576,0.872260,1.451763,-0.610270,1.035522,1.520665,0.082576,-0.542404,0.929729,-1.293533,-1.192299,0.604656,0.014236,0.334289,-1.227602,-0.309971,0.518675,-1.037914,-0.675864,-1.584245,0.793993,1.570429
1568,3,-0.270578,1.248775,-1.228974,-1.041461,-0.582216,-2.495912,-1.007735,-1.620879,-0.702252,0.247939,0.637391,1.163321,0.519880,1.008039,0.081221,-0.355041,0.151132,-0.952414,-0.329837,0.185181,-0.044585,-0.500691,1.977580,0.287780,-0.394333,0.923703,0.585606,1.756357,0.884820,0.482574,0.213122,-0.848310
1569,2,-1.140010,-1.736231,0.662510,-1.719805,-0.164250,0.490882,-0.258680,-0.464525,0.159806,1.518657,1.973006,3.037301,0.810967,0.892919,-1.608175,1.134739,1.052602,-1.019103,0.539229,-0.653457,-0.194127,-0.040696,0.131906,-0.171591,1.201079,1.090273,0.463465,1.248031,-1.298636,-0.546226,0.902622,2.148238
1570,2,0.017137,-0.838244,-0.203033,0.631107,-0.895874,0.358909,0.490340,-0.285189,0.017062,0.172990,-2.208932,-0.954301,-0.089687,0.039559,1.774315,-0.310342,-0.631985,0.731813,0.992129,-0.760925,0.445983,0.076533,-1.154538,0.087824,-0.114591,1.175551,0.172943,0.446550,-0.962038,-0.166982,-1.250990,-0.717572
1571,3,-0.918101,-0.807636,0.729250,1.207515,0.977492,-1.059766,0.420295,1.051105,-1.086905,0.138442,0.219040,-0.732142,1.568015,-0.990101,1.236402,-0.333460,0.176580,-0.321435,0.362408,-0.513471,0.131904,0.498773,1.195777,0.695369,0.734002,-0.861507,0.793824,1.026669,0.782910,-1.971295,0.890713,2.524412
1572,3,2.163648,-0.358030,-1.353929,0.731211,0.407126,0.101371,0.473159,0.158023,1.050697,0.839718,-0.943374,0.399255,-0.740287,1.352327,0.109418,-0.285595,-1.929245,1.007964,0.543562,-1.286593,-1.355537,0.310957,1.206533,-0.973980,1.143352,-0.226299,-1.638021,-0.665225,-0.898979,-1.878945,0.302136,-0.747220
1573,0,1.939829,-1.214009,-1.018916,-0.126235,-0.600230,1.689261,0.690842,1.014614,0.136794,0.608458,0.741100,0.443602,-1.231542,-0.924075,-0.806073,-0.655749,0.004391,-0.613700,0.407075,-0.526962,-1.675102,0.083240,1.947369,0.111277,-1.585360,-2.655034,-1.267306,-1.365278,1.215304,1.804028,0.357183,-0.469767
1574,0,0.616002,-1.219980,1.166986,1.025169,0.927359,-0.297520,-0.105748,1.361683,0.895558,-0.125341,1.066661,0.772759,-0.425076,0.864877,-1.091118,1.098188,-2.437258,-0.293998,0.334428,1.541498,0.498628,-0.093483,-0.564077,1.703678,0.126919,-0.346541,-1.159503,1.545339,0.702422,0.168626,-0.270753,-0.676103
1575,2,-1.482806,0.966160,-0.224621,1.093805,-0.458167,-0.664104,-0.245334,0.752477,-0.952315,0.424184,-1.045135,-1.158244,-0.028906,-1.338568,1.706323,0.316079,0.119337,0.145995,-0.341576,-0.995759,-0.997272,0.115246,0.261305,0.667877,1.141760,0.085460,0.428125,-0.469612,1.560136,-0.078402,0.863045,-2.009201
1576,0,2.246738,1.647211,0.335138,-0.988629,-1.560035,-0.771757,-0.039883,-0.830318,0.230810,-1.686132,-1.352271,-0.259751,1.880685,-0.505128,-1.635714,0.749805,-0.194306,0.900437,1.319415,-0.032225,-1.046396,0.849381,-0.670465,0.765245,-0.440553,-0.497751,-0.063188,-0.423888,1.625167,-0.393268,-0.128221,1.932722
1577,2,1.459646,2.189910,0.147295,-0.412310,0.789615,-1.455681,0.283711,0.428591,-0.768785,0.842272,0.118600,-0.567575,1.188128,-0.126546,0.978450,0.266262,0.290851,0.142580,0.073145,-2.523246,-1.827093,0.431242,1.197762,-1.139464,-1.129417,-1.038474,1.771201,-1.650003,-1.195272,-2.305395,-0.372637,-0.759998
1578,3,-1.005444,0.064480,-0.527143,0.692766,-0.000648,0.232339,-0.188594,0.496439,1.147470,-0.575334,0.666500,0.290432,-1.632216,-1.184718,0.193418,-1.427747,-0.308351,2.363808,-0.552033,-1.386837,0.504189,-0.067053,0.627146,-0.259087,-0.651876,1.552496,-0.436073,0.981589,-0.339105,0.342734,-0.209795,0.207919
1579,2,1.599993,-0.670214,-0.770466,0.124524,0.264690,1.221288,-0.297758,-0.294093,1.004239,0.324450,-1.455729,-0.606323,-0.959942,0.005161,0.873055,-0.666026,-0.585262,-0.535799,-0.557192,-0.521627,-0.885410,2.628061,0.005350,0.356579,0.261706,-1.099609,-1.576372,-1.168749,0.494257,0.689917,-0.118209,-1.466300
1580,1,-1.110685,0.442325,-0.552856,0.283518,-0.798472,0.602457,0.141444,0.011164,-1.209723,-0.168597,0.077227,1.335589,-0.912761,0.525566,0.265851,0.093745,0.522230,-1.503125,-0.881892,-0.917536,2.115836,1.178304,-1.290926,-0.178119,-2.220584,1.052711,-1.614938,1.091385,0.570261,0.252011,1.855529,0.988851
1581,1,0.878314,-1.440654,-2.167864,0.752861,0.037128,0.206658,-1.241604,0.537517,0.289080,-1.009366,-0.937476,0.079863,-0.873343,0.552358,-1.133808,-0.673555,-0.265692,0.667058,1.054707,-3.764307,0.871183,-1.108813,-0.746229,-0.061864,-0.582956,0.543188,0.893467,-0.152677,-0.584621,0.365008,2.390926,0.732965
1582,3,1.511448,-0.053019,0.227758,1.932180,-0.384654,0.046301,0.712647,0.815929,0.707580,-0.508892,1.185062,-1.903342,0.370710,-1.335676,0.102891,-0.693380,-1.958415,0.608034,1.690046,0.156388,0.383395,-0.718369,-0.277471,-0.195556,-1.180284,0.152637,-0.136522,-0.128504,0.640586,0.588475,0.341913,0.386626
1583,0,-0.274624,0.667802,2.002076,-1.654443,1.006993,1.813869,-1.352561,-0.819470,-1.305513,0.549883,0.046546,0.023323,-1.596783,0.008232,-0.117243,0.233704,0.534369,0.197430,0.701142,-0.052979,-0.738590,-1.311653,0.560497,0.144995,0.590917,-0.941557,0.260576,-0.358255,0.003726,0.485331,-1.049858,-0.014428
1584,0,0.934294,0.998551,-0.392358,-1.121014,0.719195,1.424607,-0.748183,-0.127632,-0.365130,-0.482897,0.475616,2.360711,1.745573,0.736451,0.365007,-0.410504,-1.743125,1.920785,-0.194330,-2.050784,-1.260711,-0.180024,1.539685,1.062577,-2.953348,1.471664,1.251390,0.241924,-1.670632,-1.412175,0.561956,1.087400
1585,3,1.120966,0.926852,0.532515,-0.080033,-0.026475,1.131558,-0.362054,-0.258839,0.971620,0.036326,0.659179,-1.196864,0.684442,0.084706,1.516337,-0.324404,0.680693,0.241426,-0.928022,0.278035,-0.070375,0.560452,-0.460199,0.727292,-1.619604,-1.589301,-0.976376,-1.034063,-0.419223,0.155354,-1.495244,-1.473511
1586,2,1.429559,-3.614900,1.643215,1.643608,0.545811,0.402644,1.608276,-1.137226,-0.539029,-0.155892,-0.462591,1.422464,0.840497,0.162014,-0.058256,1.290717,0.087822,-0.321837,-0.970412,-0.447052,0.640830,-0.427364,1.377259,-0.948863,1.312738,-0.934036,-0.922926,0.303005,-1.216054,0.335415,-1.164055,-1.017956
1587,3,0.400734,0.700787,0.047210,1.944570,-0.161100,-0.011424,-0.101552,-1.393333,0.281377,2.546510,-0.644159,-0.668112,-1.716656,1.152461,-0.343571,-1.115031,-0.535820,1.617517,-0.530765,-1.180243,0.735783,-0.561911,-0.887366,-1.022164,0.674143,0.549033,-2.061658,0.443822,-1.010899,-0.750326,-1.125835,-1.413115
1588,3,0.872882,0.217494,-0.543425,0.899367,-1.244722,-0.236495,0.947352,-0.961289,1.584570,-0.396042,1.033302,0.999328,-0.022836,-1.517742,0.034715,-0.524154,0.833978,0.148405,2.230365,-0.550801,-0.819353,1.535421,-1.215408,-1.332797,1.279199,0.490228,1.426277,-0.118607,-0.448714,-0.387057,1.105060,-0.444097
1589,1,0.512574,0.893713,0.617247,-0.168451,-0.871555,0.371769,0.072923,0.420078,-1.290539,1.279983,0.302331,-0.425375,-1.227445,1.572114,-0.494409,-1.595844,-1.535422,1.223858,0.185429,-0.863475,0.746093,-0.167678,-0.278243,1.448779,0.992760,0.296739,0.530156,0.641656,0.495618,0.306216,-0.936646,0.199818
1590,0,-2.139170,-0.060286,-0.508375,1.642241,-0.369607,-0.160783,0.193895,1.167640,0.146323,0.243227,-0.513461,-1.042664,-0.687732,0.188091,2.010876,1.199699,-0.917726,-0.203314,-0.787435,0.035286,0.150132,-1.118003,-0.125304,-0.390583,-0.625072,0.541858,0.095092,-0.424273,-0.464906,1.177813,1.385356,-0.312658
1591,3,-0.676787,0.289927,0.188956,1.525344,-0.433791,1.201257,-1.082856,0.283821,-1.205107,-1.193440,-0.449878,0.753680,-1.165005,-0.634400,1.208522,-1.481910,0.836887,-0.983479,0.492320,-2.353746,-0.427488,1.046118,1.884654,0.138086,0.630368,-0.440797,-0.513905,1.145467,-0.162901,0.792389,0.652572,1.074932
1592,1,-1.276462,0.897372,-0.268244,0.311304,-0.300592,0.802607,0.338731,0.764125,0.610132,-0.234563,-1.380545,-0.346682,-1.140352,-0.978197,-0.162848,0.355260,-0.303700,0.073432,1.342773,-1.458924,-1.028835,0.745496,-0.012839,-1.321982,0.336718,-0.792750,-0.485921,-0.653267,1.059028,-0.538429,-0.313214,-1.371191
1593,0,1.799779,0.660946,-0.845850,-1.147506,0.481921,0.429890,-1.068414,-0.209452,1.051011,0.134009,-3.088989,1.203651,-1.274961,-0.074166,0.490917,0.957821,0.415211,-0.976402,-0.519265,-0.013550,0.301925,-0.042309,1.991224,1.716190,-1.103931,-0.031351,-0.445142,0.399847,-0.901721,1.301385,-0.909116,-0.547786
1594,3,-0.467212,-0.064117,-0.117031,-0.349463,1.732552,1.350627,-0.623540,1.842381,-0.345690,0.620332,-0.420407,-0.457314,0.497258,0.843929,0.062673,-0.978161,-0.391552,1.283295,1.103772,-0.283350,-0.855365,1.004389,0.784408,-0.884537,0.852028,1.936660,-0.553007,-0.156387,-0.236082,0.405479,-0.714536,-0.290640
1595,1,0.170273,-0.054129,-0.500063,-0.819030,0.933142,0.310415,-0.640199,-0.473745,-1.051987,0.441718,0.322564,-0.997787,-0.162762,0.768579,-0.336311,0.579045,-0.596815,0.489662,-0.029774,0.053014,1.977702,-0.104653,1.362468,-0.085017,-0.741818,-0.852612,-0.928374,0.864461,-0.159032,2.045508,-0.897506,0.645036
1596,2,1.753563,0.260923,0.169055,0.483026,0.406471,-0.349941,-0.351620,-1.242255,0.861534,-0.988653,-1.621594,0.498130,-1.575668,-0.727043,-0.512378,0.681874,0.962748,1.876989,-0.611543,-0.017879,-1.439981,-0.493537,1.189570,0.643552,1.115431,-0.711552,0.163766,-0.151576,0.181812,-1.145579,1.651669,0.827044
1597,3,-0.205331,-0.158410,-0.387534,-0.300850,0.668090,-1.347088,-0.083583,-1.134950,-1.550673,0.450944,0.330120,-0.485061,1.489509,-1.363071,0.811326,0.180376,-0.864317,-0.612313,-0.104202,-1.156476,0.636956,0.308150,-0.816396,-0.097835,-1.842975,0.443420,-1.004825,1.454298,-0.408813,-0.594577,0.425292,-1.191679
1598,1,-0.297911,1.940983,-0.928137,0.282130,0.476539,0.551197,0.197316,0.790260,-2.018166,0.008846,-0.516511,1.413688,0.720553,0.023902,0.004419,-0.592971,0.815822,1.125517,-0.113782,-0.474934,-2.222649,-1.114877,0.848549,1.304520,0.155664,0.959974,-0.381414,-0.019510,-0.913807,0.174895,-0.870793,-0.526230
1599,0,0.314154,-0.067417,-0.159813,-0.902418,0.478400,-0.566590,0.406227,0.300870,1.025243,0.383758,-0.444173,-0.299638,-0.949080,1.391796,-0.973783,-0.538518,-1.783341,-0.381587,-0.649821,-0.826997,0.852536,0.061448,-0.100686,0.907479,-0.393033,1.347730,-2.274571,-0.775084,0.300088,1.180946,-0.579944,-0.368133
1600,3,0.458304,-0.650205,1.169412,-1.101441,-0.649081,0.655847,0.875407,-0.573312,-0.043485,-0.243797,-0.182109,-0.851491,-1.224174,1.911519,-1.441288,-0.932921,-0.141297,-2.099283,0.187702,0.119914,1.491236,0.839495,-0.474978,1.694951,0.878965,0.381712,1.562403,0.208346,1.496016,-0.136754,-1.574311,2.058579
1601,2,0.518939,-0.384245,-0.993596,-0.722436,1.096371,-0.165511,0.609983,0.095057,-0.619660,-0.837259,0.851277,-1.226134,1.468177,0.228960,0.542319,-1.169399,-0.822707,-0.513060,1.047839,0.333309,1.522583,-0.532012,1.895577,0.352801,1.350574,1.031606,1.847076,-0.726646,1.152822,1.989671,0.846509,-1.194853
1602,0,0.820931,-0.296008,0.885735,0.977220,-0.134388,0.609829,1.203167,-0.928292,-2.165507,0.466646,-0.367650,-0.321406,0.563366,0.499052,0.358197,-1.076889,-1.102741,0.823923,-0.164249,0.088022,0.742841,0.832742,-0.380745,0.412975,-0.011119,1.154408,0.270312,0.263681,-2.061624,0.299845,-1.586190,0.268055
1603,2,0.048654,-0.511049,-1.026927,0.750590,0.128155,-1.351916,-1.074624,-0.813233,-1.043400,-1.188679,0.973225,-0.516503,-1.321834,0.672440,1.085137,-1.178886,0.859203,0.477324,1.602708,-0.212384,0.011508,0.624397,0.743962,-0.732711,-0.272194,0.512824,1.685338,-0.919548,-0.643451,-0.150035,0.120530,-1.040984
1604,1,0.415216,0.509437,-1.431906,0.640266,0.254186,0.373982,1.371223,1.376900,-0.794162,-0.090705,-0.177179,-1.192291,-0.600240,0.590176,0.307449,0.748313,1.664177,0.074218,2.175840,-0.442893,-0.496737,-1.170957,-2.005805,0.464112,0.814961,-1.523557,1.197107,0.364588,0.667048,-0.974549,0.127069,-0.000397
1605,3,-0.138226,1.710336,0.416688,1.487070,-0.826881,-0.161514,-0.316877,-0.298845,1.427009,-1.873685,0.135942,-0.132002,0.077053,2.758897,-0.903436,0.459463,-1.116859,0.130708,2.074820,-0.327220,-1.097929,1.160385,-0.094183,-0.536762,1.090396,0.529771,1.323959,-0.776573,-1.055156,-0.230766,1.453099,0.844910
1606,3,0.748754,1.717498,-1.521277,0.544790,0.471912,0.313577,1.719671,-0.874573,0.588099,-0.634052,-0.414461,-0.803970,1.575266,-0.223705,-0.242292,0.755279,1.382459,-0.212169,0.089397,1.074880,-0.288326,0.092221,0.129337,0.521990,0.947513,0.317078,0.724739,-0.027070,-0.104155,1.713011,-1.637448,0.446927
1607,3,-1.374949,0.569932,0.417307,-0.315052,1.960916,0.683969,0.945674,0.171750,1.147272,1.620801,-0.863344,-2.045198,2.064089,-0.765936,-1.974946,0.168594,0.208096,-0.586245,-1.253350,-0.495115,-1.383577,0.031538,-1.142262,1.514990,0.144014,-0.435157,-0.735194,-0.557934,1.816491,0.024989,0.164785,0.312847
1608,0,0.726084,0.021317,-1.637449,1.549669,1.750080,1.047042,1.074505,-0.374453,-0.752405,0.718907,-0.697334,-0.478901,0.313828,-0.464887,-0.590063,-0.853404,-0.569520,0.238021,0.330858,0.443263,-1.777141,-0.180647,-0.260217,0.798931,0.012338,-2.471562,-0.269760,-0.685554,-0.538691,1.217057,-0.861857,0.966127
1609,0,0.583703,0.077716,-0.874058,-1.321000,-0.341440,0.363077,-1.888461,-0.550769,-0.259761,-3.391540,0.944051,0.854731,0.724535,1.235962,-1.090489,-0.535226,-0.991616,2.231144,-1.578324,-0.324146,2.539623,0.134885,1.455930,0.228573,1.678149,0.008013,0.768171,1.083977,-1.006398,-0.526025,0.916307,0.452700
1610,3,0.692082,0.608749,0.961733,0.133456,1.873203,0.467487,0.402234,-0.100339,-0.900536,-1.891231,1.778243,1.214557,0.212291,-0.682181,0.936061,0.345781,-0.019956,2.053405,-0.417596,1.139251,0.115630,-1.187019,0.781542,-0.472091,1.005719,1.836937,0.655968,1.250135,-0.966390,-0.004641,-0.025414,-0.576788
1611,2,-1.178445,0.373887,0.268327,0.210546,2.365014,-1.403599,-1.076654,0.150722,-0.836419,0.578039,0.307022,0.475355,-0.267580,-0.119757,0.651820,-1.733924,-0.345383,-0.339584,-1.053795,-1.951375,-2.383133,0.539314,-0.069086,-0.307872,-1.030582,0.744758,-0.662703,-1.452968,0.283169,-2.136793,1.211408,-0.279935
1612,2,0.567376,1.092059,0.699889,0.748500,-1.120255,-0.038956,1.530699,-1.637139,0.570184,0.967451,0.403788,0.395241,-0.281155,-0.228051,-0.135990,-0.371931,0.101279,-0.763007,-1.908978,-1.269786,-0.054114,1.734632,1.649840,-0.149375,-1.743699,0.375047,0.903231,-0.360274,1.641480,-0.866416,-0.242471,-1.869087
1613,2,0.325429,-0.850686,-0.853619,-0.353525,-1.468134,0.527601,1.250499,-0.521361,-0.043567,-1.393273,-0.338682,-0.493620,-0.049440,0.261659,0.133243,-1.382927,0.434080,1.332536,-0.186118,-0.451448,0.139798,-0.569698,-1.415880,-0.225824,0.680212,-1.016189,-0.337801,0.910961,-1.118869,-0.058073,1.543474,-0.848626
1614,3,-0.556889,-0.989139,-0.496229,0.204874,0.324388,-1.820293,-1.891881,2.316798,2.415310,1.520802,0.542236,0.332542,-0.672991,-0.231028,1.312164,-0.362263,1.341303,0.305300,-0.735885,-1.425907,0.155840,0.402652,0.028532,0.204826,0.208667,-0.434070,-0.508563,0.739031,0.483100,-0.593282,0.734674,-0.159199
1615,2,-1.549621,-0.268841,0.877725,-2.071710,0.412822,1.789204,-1.586843,0.340666,-0.538652,1.226176,-0.439099,-3.037088,-0.956102,-0.982228,-1.134000,0.711880,-0.818837,-0.530820,-0.578785,1.105191,0.645495,0.749464,0.626487,-1.126735,0.588412,0.982469,0.702560,1.120305,-0.065732,-1.074912,-1.057344,0.145353
1616,3,-2.357956,-1.321350,2.110827,1.438744,0.330545,1.348138,0.950706,1.475646,-0.412003,0.270594,-0.155828,0.449217,-1.511771,0.302580,-0.372315,2.990390,0.675058,-2.033691,-0.180978,0.322323,0.408920,-0.931338,1.709321,-0.087716,0.900710,0.051565,1.617954,0.964957,1.462391,-0.121911,0.221528,1.131176
1617,1,0.932021,-0.180342,1.723235,1.028359,-0.728167,-0.781325,-2.046200,1.117114,0.517294,-1.495350,-1.725910,-0.341268,1.302150,-0.676201,-1.080586,-1.343902,-0.555147,-0.336274,-0.592199,0.180749,2.337349,-0.093909,-1.097731,1.000622,-0.164476,-0.031110,1.293896,-1.084987,1.035360,0.525030,1.376271,-0.301331
1618,0,1.531456,0.391873,-0.145592,-1.546235,0.492585,0.977912,1.449223,-0.828563,-0.164224,0.166762,0.260602,-2.347495,0.494653,0.058121,1.443328,-0.817652,0.829186,-0.916729,-0.520605,0.582984,0.609498,0.798468,1.233040,1.185353,-0.663687,1.621316,-1.320115,0.119868,-0.914606,0.177626,0.989070,0.180755
1619,3,0.650068,-0.638363,-0.405801,-1.043630,-0.043900,-0.580284,-0.700952,0.906651,-0.609948,-0.150100,0.096433,-0.847787,0.111199,-1.089915,-1.342234,1.342821,-0.900430,0.525042,1.114150,-2.062564,-0.624095,-0.036117,0.987559,-2.383545,0.441042,0.000409,-0.688252,-0.654621,-0.493351,-0.933302,-2.171067,-1.545497
1620,2,-0.753821,0.440678,0.312590,-0.394862,1.580947,2.369845,1.079707,-2.128567,0.897857,-0.927656,1.717825,-0.843114,-1.083697,-0.671838,1.207216,0.045123,-0.337550,0.654464,-0.061569,-0.845489,0.065919,0.805258,0.529300,0.478998,0.507319,0.189687,0.010854,1.460639,0.063858,-1.115166,-0.785932,-0.652260
1621,1,-1.367096,-0.295719,0.392565,-0.655672,0.538162,0.127974,-0.406625,-0.397183,0.309145,-0.654701,2.706298,-1.589522,0.190960,0.849416,0.002275,0.384341,1.450146,-0.543239,-0.445641,-1.910365,1.332013,0.036325,1.996833,0.041324,1.409729,-0.119361,0.153959,-0.619591,-1.759781,-1.031763,-0.467509,-0.944934
1622,0,0.840551,2.103392,0.503109,1.922731,0.089331,0.485905,-2.555741,0.237942,0.415709,0.059944,0.669318,2.114650,-3.105665,-0.137784,2.923665,1.630045,0.342649,-1.184242,-0.231764,1.261220,0.334596,0.961826,-0.263409,-0.213785,-1.827384,-0.022581,-0.826055,0.837293,0.850153,-2.724677,0.994247,-0.043400
1623,2,0.256684,0.450394,-0.602653,0.085385,-1.177424,0.164338,0.736566,-1.646163,0.074251,-0.701797,1.526021,-1.570241,0.900197,0.464599,1.602710,-0.579209,-1.766352,0.275853,0.543078,0.678389,-0.445742,0.862618,0.415980,0.067070,-0.936232,-0.732810,-0.681735,-0.006168,0.253421,-0.030628,1.614836,1.308330
1624,2,0.988588,1.555611,0.014285,-0.322262,-0.279219,-0.738037,-0.040204,1.460491,-0.895064,0.938042,0.484521,-0.264383,0.056347,-0.297092,0.235796,1.910709,-1.407845,-0.929800,0.440991,-0.616905,-1.134381,-0.411147,-0.809245,-1.473974,-0.190018,-0.859449,0.400728,0.407750,-0.593677,-0.598244,0.310635,0.009243
1625,1,-0.340507,0.422739,0.788648,0.351646,0.196780,1.249952,0.963251,-0.308108,0.696276,-1.269406,-1.642519,-1.221034,-0.633037,-0.301672,0.217865,-0.068267,2.730536,0.075179,-0.131246,-0.213009,1.634066,0.356501,-0.188356,-0.414823,-0.194265,-0.417870,1.194743,0.762284,-1.973181,1.490659,0.843748,-0.684180
1626,0,-0.383652,0.420898,-0.069707,-1.137939,0.187333,0.084227,0.388053,-0.552038,0.687544,-0.741743,0.107984,0.389582,1.688596,-0.006627,-0.431719,0.046979,0.459503,-0.680099,0.640194,0.306852,0.060562,1.117011,0.967502,0.412704,0.418429,-1.764007,0.277522,1.512019,1.019493,1.425639,0.541726,0.129039
1627,1,-0.521879,0.074483,-0.920155,0.689582,-1.000902,1.160516,-0.572247,1.196364,-0.582182,0.448967,0.841877,-0.036806,0.126816,-0.215678,-1.085358,0.007015,0.342926,-0.186334,0.756014,-0.898352,0.001922,-1.026891,-1.515361,0.377121,1.232623,1.491523,-0.514261,-1.256050,2.005454,0.555435,-1.504743,0.005544
1628,1,0.250819,-0.883821,0.271837,0.496253,3.072137,0.742712,0.482808,-0.991246,-0.135550,1.627941,-1.367289,0.974826,-0.804951,0.181154,0.027795,0.041026,-1.478708,-0.388208,-1.396972,-0.959232,-0.461044,-0.039768,-1.328795,-0.100023,-0.783787,-0.969019,-0.617621,0.108599,-0.279537,-1.142052,0.817692,-0.298868
1629,3,1.013648,0.224370,0.727728,0.268425,-0.342880,0.753930,-0.923362,1.024830,1.280861,-1.343049,0.039358,-0.110472,-1.655034,-0.860129,-1.098272,-1.233751,-0.259140,1.024770,0.194152,-1.037442,-0.932350,0.141394,1.029943,-0.283486,-1.543478,1.476578,-2.903642,-0.554603,-1.299950,-2.317390,1.044108,0.514273
1630,0,2.081013,-1.831176,-0.418693,-0.372798,0.640233,-1.883096,-0.282371,1.064640,-0.282584,1.245997,0.095076,-1.198516,0.172315,-0.434401,0.812352,-0.625950,0.716997,-1.205249,-0.729914,0.106552,-0.746812,0.986795,0.356317,-2.048041,-0.257049,-0.203627,0.428160,-0.095840,-1.881514,0.842957,2.473495,1.113915
1631,0,0.977751,-0.859851,-0.405244,1.925611,0.604561,1.331923,1.551551,-0.949255,-1.661726,0.684285,0.476071,0.325755,-1.562344,-0.147953,-0.801626,-2.259174,-0.528897,0.600933,-1.178164,-0.454796,0.594409,0.963981,-1.312103,-0.929667,0.505005,-1.089198,0.682085,0.524018,0.822927,0.460221,-0.674047,0.689690
1632,3,0.657019,-2.494153,-0.980636,1.320536,0.604700,0.513917,1.986866,1.327225,-0.181092,-0.149212,-0.789797,1.399388,-1.848725,0.329585,-0.477587,-1.846138,1.382859,0.287930,0.041628,2.596181,0.596717,0.528192,-1.209784,-0.670454,-0.670479,2.112827,-0.239634,-0.656541,0.387226,-0.053129,-1.722579,-1.120173
1633,3,-1.480288,-1.286305,0.393074,1.481013,-1.048262,0.794438,0.512497,-0.155764,0.007864,-0.930440,1.364276,1.451795,1.046801,0.235284,-1.485187,-1.139490,-0.780904,-0.594927,0.838660,0.838630,-0.557759,-0.095625,-1.834993,1.099980,0.962681,2.213771,-0.831122,-1.795672,-0.489589,-0.660803,0.298084,2.749821
1634,2,-1.171923,-0.314918,0.626412,1.065851,-0.977617,2.961745,0.148766,1.862820,-0.699950,-0.534428,-1.444348,0.210431,-1.430370,-0.558345,-0.809191,0.844488,-0.782972,0.098089,0.860416,-0.499437,0.583193,-1.092334,-0.654518,-0.785586,1.059782,1.330421,1.617904,-0.580703,-0.659897,0.682709,-0.560287,-2.060692
1635,0,-1.023151,1.800219,-1.281053,0.944885,1.281705,1.553930,1.308469,-0.513685,-0.028229,-0.044785,0.492099,1.315399,0.426653,-0.683308,1.364389,0.495921,1.456542,-1.934076,0.374873,-0.958123,0.840205,0.109725,1.182738,-1.521275,-0.881929,1.391876,-0.998722,-0.228096,0.308425,-2.167577,0.782158,0.265246
1636,2,1.323020,0.510925,1.469779,-1.955602,0.933941,-0.458406,0.390496,-1.169278,0.131397,0.169586,1.458039,-1.096792,0.466191,1.254025,-0.667337,0.539426,-0.241797,-1.388027,-0.047439,-0.253873,0.598102,2.186657,-1.845487,-0.624508,0.374737,1.683136,-0.280430,-0.456229,-0.770074,-0.690202,-0.906910,1.117500
1637,3,0.414515,0.805639,-0.751784,0.935017,0.774229,-0.168624,-0.555489,-0.966987,-0.054139,0.655905,-0.340377,-1.410428,-0.904937,0.379882,0.402060,1.382946,1.438678,-1.591964,-0.061125,0.554163,0.535337,1.262769,0.793777,-0.253650,-1.006518,-0.789241,0.581324,-0.374855,0.242882,-0.578524,0.103075,-1.395234
1638,0,-0.287613,-1.000854,-0.082627,-0.322176,-2.579849,-0.935395,-0.368935,-0.536348,1.534639,-0.393696,0.807649,0.238572,0.037817,0.004039,-0.118298,0.031296,-0.201985,0.478427,-0.930714,-1.817886,-0.246248,0.393536,0.671526,-0.491622,0.448652,-0.528271,-0.331116,-0.146493,0.889561,0.337724,0.604021,0.229573
1639,2,0.099627,0.898585,0.879234,0.256962,-1.266244,-1.756319,0.826084,-0.855747,1.258072,-1.503581,0.585880,1.408182,0.526622,0.196911,-0.314654,0.834185,-0.882556,-0.590070,-0.666377,0.804611,-0.003508,-0.098223,-0.327193,0.810445,0.030430,0.088618,0.407243,1.816723,-0.629722,-0.045960,1.072371,1.361261
1640,3,0.446479,-0.131535,0.559697,0.243045,0.251010,-1.460389,0.116440,0.398228,1.078320,1.724645,-1.241850,0.137657,-2.509903,-1.738788,1.024049,1.819233,-0.413138,0.786756,-1.681608,2.105125,0.676114,-0.667586,-1.669776,-0.490900,0.299973,0.237909,0.579966,-1.952078,-0.407153,0.309796,0.440031,1.093873
1641,1,1.875169,-1.413783,0.055600,0.719404,-0.017510,-1.124390,1.685692,-0.901696,0.181215,-0.776366,-0.646258,0.352405,0.291184,-1.684004,1.121865,-2.218621,-0.672612,-0.739276,0.489259,-0.639118,-1.311972,-0.701398,-0.407800,0.512989,-0.306546,0.151537,-0.011956,0.587009,1.434419,-1.354651,0.610699,0.511059
1642,1,-0.559339,0.539606,-0.190258,0.077901,1.970770,0.065891,0.211756,1.506132,0.800928,-1.238320,-0.876374,-1.105008,-1.314415,0.508935,1.010854,-0.223330,-1.089271,-1.517812,1.616000,0.284982,-0.045552,1.096285,-0.323468,-0.082870,-2.524240,1.001066,1.093482,1.348061,-0.035849,-1.824342,-1.047406,0.757857
1643,3,1.090587,-0.355876,0.738755,0.739533,1.398695,-1.120127,-0.933700,1.496327,-0.739818,0.126027,-1.061806,-1.041671,0.470263,1.747556,-0.784150,1.019926,0.552047,-1.183745,-0.547103,0.869946,-0.825181,-0.216885,-1.027417,0.674122,0.602276,-0.533196,0.144965,-0.652034,0.241312,-0.103404,-1.153459,0.485192
1644,0,-0.132024,0.509051,-0.347607,0.651696,-0.409280,-0.660230,-2.019078,-0.397800,-0.586233,0.256932,0.456435,0.597849,2.520836,-1.736292,1.622937,0.106750,-0.258776,-0.578280,-0.194277,0.004205,2.224129,-0.317761,-1.010726,0.840811,-0.445147,0.851750,-2.338891,-1.496712,0.534750,-0.943563,-0.623044,-0.238754
1645,3,2.838912,-0.458522,-0.542728,0.454249,-0.806179,-1.021580,2.104586,1.102275,0.832766,-1.502387,0.931079,0.453710,-0.446909,-0.755350,-0.489623,-0.851690,-0.668133,-1.226582,0.436223,0.400007,-1.247247,-0.126881,1.236423,-1.295499,-1.154571,-0.700032,-0.059463,-0.553138,-1.769161,-1.228280,-0.128725,0.788382
1646,0,0.803644,0.023003,-0.237280,-1.548407,1.819544,0.312321,1.653721,-0.570182,-1.096901,-0.577740,-0.300414,0.794955,-2.477345,-0.082121,-0.143739,0.889126,0.426241,1.137567,0.756036,-0.124108,-0.275546,0.397461,0.666001,0.511413,-0.848579,0.221281,-0.795717,0.700353,-1.667840,-1.774987,1.510829,1.072393
1647,3,1.446787,0.024349,-0.766628,0.760293,0.363577,-1.256243,2.457496,-0.905965,1.632051,-0.886470,0.488168,-1.439077,0.509313,0.305255,0.438429,0.107627,-0.293086,1.241679,0.132469,-0.148468,0.279880,-1.763209,2.228274,-0.135680,-0.116700,1.730906,-0.438086,1.715144,0.513039,-1.474499,0.622045,-0.951832
1648,0,-0.234601,0.971118,1.264622,-0.664699,1.758378,0.977549,1.575708,-1.195793,-0.329482,0.847157,-0.313141,-0.699114,0.532382,0.716614,0.675776,1.988820,0.056358,-1.776178,-1.893263,0.318188,0.208200,-2.414881,0.109153,0.062558,-0.008581,1.705981,0.187733,-0.294413,0.769918,-1.234629,0.249208,-0.831285
1649,2,0.091362,0.263423,-0.739316,-0.072442,0.409549,0.104419,-0.104324,-0.306077,-0.162943,1.565168,0.626357,-0.612930,0.498028,-0.922104,-0.887743,-0.227153,0.646202,1.222717,-0.485237,-0.740329,0.212479,0.473893,-1.383308,0.365620,0.163286,0.339283,-1.968337,-0.014836,-0.563912,1.050922,-0.744761,0.047125
1650,1,-0.080702,0.830621,-1.401959,-1.414277,-2.054288,1.219342,-0.053375,0.994803,0.262833,0.444359,-0.201311,0.346727,-0.247848,-1.011703,-1.006802,-0.120617,-0.954714,-2.296342,-1.686276,0.708397,-0.961020,-1.521057,-0.351636,0.472340,-0.241168,0.669014,-2.737838,-0.271361,-2.095530,-0.287292,-0.072770,-1.433294
1651,3,0.418598,1.228742,-2.552075,-0.039196,-0.865300,-1.045438,0.449401,-1.431436,0.985700,-0.011691,-1.558466,-0.388482,1.194552,1.837542,0.304935,-1.168044,-0.020052,-0.257857,-0.019188,1.708962,-0.446346,0.399420,0.818936,1.180454,-1.437070,-2.978583,0.457615,0.822411,-1.198180,-0.007804,1.823314,-0.316656
1652,3,-1.630076,-1.049810,-0.483742,1.761527,0.421819,-2.683349,0.669452,1.221280,0.341594,-1.135694,-0.939627,1.007620,-0.236975,-1.361777,-0.144294,1.332505,-1.263836,1.697889,0.004910,0.355717,-1.609657,-1.153190,-0.176157,-0.657699,0.709021,0.040769,0.512590,-1.557019,-2.546841,-1.432213,0.262493,0.529116
1653,1,0.049313,-1.017064,-0.440468,1.195669,1.854884,-0.042885,0.264610,-0.034988,-0.396282,2.072212,1.173401,0.399566,0.146364,0.662113,0.420801,0.408705,-0.040395,1.412048,0.500589,0.990563,-1.531607,-1.008214,0.383776,0.528714,-0.232656,-2.184767,-0.294086,-0.797065,0.699572,0.460823,0.678300,0.886690
1654,3,0.801816,-0.833276,-2.543753,-0.499595,1.768016,-0.937659,0.994664,-0.648080,0.645995,-1.430001,1.828817,0.457497,-0.795684,-1.263231,-1.094374,-0.553765,-0.010231,-1.019133,0.462597,-0.962770,0.240234,-1.092223,-0.807258,0.456144,-0.728301,-0.034640,-1.194180,0.688443,-0.489109,0.279276,2.318136,1.233257
1655,3,-0.136087,-0.953619,0.712917,0.185015,0.890760,0.973384,-1.436195,0.439488,0.290923,-0.140396,0.984493,0.797054,0.236788,0.859707,1.170511,0.788252,1.824083,0.603028,-0.613026,-0.215640,0.307462,1.024000,0.323175,-0.527109,-1.698578,-1.268174,0.046312,-0.705839,0.772844,0.673941,0.984667,-0.191192
1656,0,0.170040,0.320185,3.059315,-0.608596,-0.172178,1.568806,-0.727870,0.529010,0.478641,-0.097839,0.389855,0.102400,-0.727889,0.060811,-0.720195,-1.254643,0.925112,0.014307,0.457795,0.858786,-1.757438,1.875644,-0.719990,-0.730326,-1.611813,-1.653769,1.479898,0.632782,0.407925,2.063700,-0.503935,-0.332290
1657,3,-0.849089,-0.229284,0.384753,0.801889,-0.499845,1.791620,-0.357467,1.120592,1.513161,0.207545,0.743527,2.446219,-1.601957,0.263527,-1.547632,1.046090,-0.474401,-0.526283,-0.754947,-0.985654,0.321789,1.185680,0.279230,0.359560,0.160693,-0.790942,-0.488454,-0.212943,-0.310619,0.191598,0.534564,-0.553370
1658,1,0.054726,1.247315,0.049367,-0.726349,-1.289520,0.982328,0.594737,0.600467,1.612686,-0.843082,-0.277563,1.040328,-0.486808,-0.040662,-0.121550,0.028840,-0.614878,0.547366,-0.484202,-1.319670,1.705222,0.087206,-0.845676,0.691230,0.306081,0.791497,-0.124869,-0.632315,0.612698,-0.307010,-0.001008,-2.100805
1659,2,1.232197,-1.188058,-1.430189,-1.576409,0.157028,1.416379,0.672850,-1.836763,-1.819593,-0.412260,0.121215,1.328717,-0.617859,0.125312,-0.571509,1.001793,-0.109678,-0.156479,-0.129104,0.141014,1.190688,1.090915,-0.181501,0.353819,0.070178,-1.243733,0.898491,-0.772848,-0.430076,-0.006338,-0.742481,1.007977
1660,3,3.239320,-0.899695,2.309535,0.946150,1.340898,-2.427649,0.302067,-0.557606,0.571415,-0.342703,-0.116649,0.172169,0.662025,-0.414939,0.208995,-0.119511,1.294934,-1.445914,-0.176303,1.080253,-1.146254,0.712480,0.380803,1.789101,0.673029,-0.353208,0.764209,1.416433,2.795331,0.841231,-0.474650,-0.045702
1661,1,0.869422,-0.718062,0.048160,-0.199372,2.375290,-0.371885,-0.798902,-0.297572,-1.117063,-0.389623,-0.213758,1.095572,-1.310939,1.610526,0.893982,-0.486580,-1.281566,-1.439109,0.090584,0.622379,0.503676,-2.328517,0.781605,-0.061262,2.092330,-0.447504,-1.733758,-0.557396,0.754847,-0.692473,-0.732828,1.156257
1662,0,1.002223,-0.129600,-0.944096,0.251548,0.435508,0.923525,0.502987,-0.506264,-0.835041,-0.797347,2.037692,2.096153,1.428436,0.509569,-0.766644,-0.351907,1.536657,-1.881789,1.164624,0.002499,-0.916133,-1.131765,-0.526058,-1.206711,0.427200,-0.939715,-0.570628,-0.396478,-2.071408,1.652868,-0.540146,0.650012
1663,3,0.164880,0.361108,-0.351977,1.977288,-0.894690,-1.864102,0.811752,-0.068890,0.595678,-0.510588,-0.305673,-0.081321,-0.638817,-0.064592,-0.348322,-0.582517,1.174405,-1.238960,0.053179,-0.422809,1.548066,0.440221,0.883166,-0.587061,-2.259302,-0.219130,-1.796125,-1.266785,-0.217663,0.969145,0.528923,0.537999
1664,3,-1.359807,-1.045311,1.338217,-0.457724,-0.603187,-2.143819,-0.522853,-0.495450,-0.354123,-2.318068,-1.043933,-1.237253,1.316901,0.141225,2.393425,0.731971,1.689779,-0.771016,-0.020609,-0.081448,-1.062170,-0.779524,-0.622748,1.991144,-0.402418,0.647707,1.147220,1.759855,-2.057897,-0.418785,0.712307,0.514297
1665,1,-0.095299,1.840788,-0.030994,1.924256,-0.152858,0.323555,2.417021,-0.907799,0.148283,-1.354089,0.431010,-0.330356,-0.021448,-0.122578,1.034718,-0.180485,-1.677398,-0.007062,-0.603271,-0.865944,0.818603,1.865744,-2.292600,-1.067869,0.652774,-0.193796,0.901464,-0.016251,0.934506,0.064396,-2.013736,-0.862413
1666,0,0.224551,-0.057681,1.562974,1.000139,-1.768146,0.109884,-0.491930,0.310710,1.052173,-1.449805,0.654531,-0.228606,1.414323,2.007933,0.542766,0.071762,0.698364,-0.255084,0.345331,1.102601,-1.920168,-2.270468,-0.849291,-1.194137,0.312767,0.072127,0.515504,1.030308,-1.484206,1.481668,1.208532,-0.151086
1667,3,1.218372,1.715146,0.289887,0.183250,0.440253,-0.509017,-0.251832,-0.303245,-0.505240,-0.113099,-0.599888,0.477794,-0.032419,-1.025037,0.568811,-1.934190,-0.328887,-1.253383,1.767002,-0.430015,-0.766689,0.602902,1.317928,0.839786,0.076630,0.253625,-1.827038,0.619399,-0.094028,1.924672,0.055106,-0.620455
1668,0,0.475291,0.695772,-0.089802,-1.422419,-0.386475,0.720681,1.462477,-0.742866,0.672782,0.454502,1.166807,0.091356,-0.057355,-0.779666,-0.240667,-0.758069,-0.467741,1.826583,1.552542,-0.910928,0.849850,0.993216,-1.596911,0.590740,-0.096453,0.655529,-0.802642,0.662930,0.691037,-0.402809,0.028002,0.268109
1669,0,0.160085,0.171141,-0.208696,0.476688,0.636579,0.315365,0.506587,1.257361,2.787354,-0.315508,-0.291192,-2.143771,-0.824971,0.351101,0.463202,1.226116,1.100547,1.478120,1.236014,0.808242,0.957108,1.003582,0.455625,1.731552,-0.208913,-0.690984,0.476183,-1.556060,0.042597,-0.914538,-1.811667,-1.870715
1670,1,-0.531400,-2.036470,-0.690941,-0.401432,-0.411557,-0.959918,-1.062061,-0.357845,2.487017,1.311305,1.131465,0.096567,-0.778540,-0.675968,-0.251315,-0.520692,-0.132680,-2.259387,-1.627099,1.474742,0.516110,-0.168026,2.041659,-0.252315,-1.874386,-0.289514,-0.568664,0.125660,2.001192,0.247719,-0.658215,0.678198
1671,1,-0.926156,0.265176,1.522298,-0.139938,-0.908971,-1.557931,1.208872,-0.619770,0.190322,0.639064,0.916308,-1.602769,0.170436,0.966131,-1.271818,1.077006,0.596520,-1.043831,-0.631048,0.886853,-1.185017,0.887752,-0.512527,-0.207862,1.294505,-0.201355,-0.716252,1.764434,-0.376666,-1.440617,0.967379,0.013931
1672,3,0.828486,0.257649,-0.718349,0.088220,0.619164,0.969666,-0.262075,1.184048,-0.014253,1.225172,0.049667,0.572652,2.505297,-1.632715,-1.086240,1.731505,0.204376,-0.899076,-1.921909,0.894004,0.561712,-0.574637,-0.288767,0.032242,-0.026386,0.705393,1.116116,0.819788,-0.085423,-1.134031,-1.292101,-0.190795
1673,0,-0.094709,1.132437,0.609590,-0.332054,-0.456372,-1.802181,-0.820192,0.266210,-1.835291,0.531127,0.431571,0.682633,-0.223088,-0.410922,-0.799560,-0.636124,-0.835404,-0.661571,-0.172713,1.641966,0.246927,0.729131,0.985265,-0.530896,0.862829,-0.373147,-0.544791,1.786477,-0.812145,1.731488,-0.478509,-0.407087
1674,1,-0.850787,1.073587,-0.729139,-1.134747,-0.657061,0.281758,-0.229473,1.547205,0.031909,1.359814,-0.096531,-0.321851,-0.273465,0.289002,0.250814,-0.599885,-0.992108,-0.506134,0.510917,1.231419,0.035459,0.421397,0.846843,-0.208268,0.050149,-0.324591,-1.289378,-0.977190,-1.166323,-0.276609,-2.800385,-0.906058
1675,3,1.351152,0.061006,1.368462,-0.534441,2.265718,1.524646,-0.653185,0.115279,1.052673,1.415789,-0.121235,0.181532,0.834186,0.184582,-0.264036,0.958061,-1.196196,-1.089739,1.264100,-0.942198,-0.204696,-0.566880,-2.977520,0.632748,1.028797,-1.628155,-0.214643,-0.504093,1.124754,0.171276,1.410016,0.300509
1676,2,-1.685127,1.063927,0.655458,1.100713,-0.201930,0.566137,0.982594,0.130531,-1.079590,-0.658609,-0.134572,-1.451680,1.918290,-0.080530,-1.646940,1.289656,1.412491,-0.493259,-0.715904,-0.883914,-0.338773,0.024859,-0.353020,0.762341,-2.213651,1.483802,1.680761,0.015364,-0.481849,-1.180857,0.053617,-0.022599
1677,1,-0.974863,2.718082,-1.293325,0.243694,-1.576349,-0.340942,0.873981,-1.353356,1.867381,-1.078066,0.077228,-0.527937,0.356764,-1.086455,-1.503631,-1.633060,0.001523,-1.220554,-0.743650,0.017552,-1.504907,0.470921,0.098699,0.893469,1.840237,1.523784,-1.128436,-0.369528,2.269812,1.355639,0.071943,0.288190
1678,0,-0.621635,-0.129672,-1.342095,1.197024,-0.369214,0.238434,-1.341894,0.251989,-1.596678,-0.059650,0.500447,0.868056,-0.998445,2.052779,0.005180,-1.110383,0.978729,0.951133,0.477284,-0.586635,1.519698,0.044745,0.200914,0.006529,1.106060,0.397574,1.234259,1.169683,0.705371,0.211286,0.185689,0.732964
1679,3,-0.884307,-0.207180,-1.044890,-0.062739,0.408785,-1.803376,0.215426,1.410675,-1.066678,-1.777757,0.688611,0.750486,0.666428,0.246891,0.223228,0.152505,-0.322308,2.175789,-1.340653,-1.794338,1.335049,1.967303,-0.553240,-0.824092,-0.046954,0.231145,1.252233,0.828139,-1.270395,-0.175386,-0.200962,-0.272538
1680,2,-0.097346,-0.523005,0.509705,-0.783544,0.055662,-0.305321,-0.086610,1.085661,0.499874,-0.193502,0.350494,2.113961,2.480759,-0.963726,1.379321,0.733401,1.323354,-0.206189,1.377595,-0.827400,0.557465,0.177452,-0.315527,-0.799009,-1.050249,-0.689823,-1.564944,2.131419,1.118729,1.620846,-1.945990,1.712631
1681,1,-0.411989,1.464097,0.847618,0.063211,-0.089360,-0.410229,-1.070719,-1.266337,1.154389,1.208448,0.329218,0.324076,-0.889515,0.217787,-0.277252,0.581870,-0.749840,0.618607,1.073762,0.491294,-0.332475,-0.144150,0.010223,-0.539925,0.667931,1.188149,-0.979898,0.983880,0.470757,-1.590812,-1.748487,1.411711
1682,1,0.688846,1.103322,0.896146,-0.081250,-1.822423,0.023288,-0.527560,0.924122,-1.127791,-0.507889,-1.825267,-0.458413,-0.777927,-0.312429,1.364697,0.596304,0.211055,-0.601304,-1.474184,-0.385511,2.410338,-0.825802,1.508089,-0.347667,1.152994,-0.423621,-1.074141,0.685687,-1.131372,-1.103003,-0.352516,-1.164323
1683,1,-0.906301,1.106063,-0.047785,-0.332598,-1.073811,-0.386309,1.034820,0.828883,-0.326417,2.177078,-1.555673,0.576420,-1.294830,-0.108785,-1.224610,1.202750,-1.095532,0.075318,-0.108667,0.111601,0.497992,0.589933,0.374053,1.796143,0.327634,0.089507,-0.620222,-0.250887,-1.142239,-0.221523,-0.196220,1.736063
1684,1,-0.008446,0.714355,0.298143,-0.893485,-0.700937,1.546598,0.950644,-0.339361,0.957713,-0.876016,0.406057,0.770227,-0.536332,-0.087731,0.904652,-0.090425,0.823456,-2.264892,-1.327750,-0.804718,0.806757,0.008953,0.653705,-0.225574,-1.333547,-0.657055,0.465927,1.102482,1.251966,-0.896156,-1.510627,0.114277
1685,1,1.420239,0.508652,1.379864,0.994117,0.288083,1.369473,1.416377,-1.517775,-1.698893,-1.375361,-1.993784,-1.048445,-0.306818,-0.796968,-0.000906,-1.018918,0.940952,-1.769611,-1.670626,1.082486,0.622501,1.331946,-0.824569,-1.198490,1.833099,-1.156428,2.146036,0.030785,0.143958,0.444925,-0.174182,-1.046489
1686,1,-0.521802,-0.856295,-0.331687,-0.149839,0.851715,-0.892133,0.145110,1.157619,-0.266491,-2.452915,0.828676,0.915315,0.817797,-0.920458,-0.062100,1.518169,1.985089,0.788010,1.270856,0.464896,0.760120,0.241583,0.925315,0.537192,1.006654,-0.217204,-0.059225,0.634592,-0.081483,-2.399479,-0.705246,-0.017685
1687,1,2.398814,-0.245295,-0.651989,-0.781119,1.528471,0.026675,0.924279,1.162555,-0.413795,1.157786,-0.023640,-0.228019,1.783348,-1.197082,-0.847864,0.188898,-1.221212,2.131028,2.119326,-0.311317,0.235772,-0.915310,0.097331,-0.204789,-1.417887,-1.848069,-1.218995,-0.264307,1.816461,-0.458265,1.543830,-0.240355
1688,1,0.035918,1.505133,-0.649451,-0.886730,1.875124,-0.201365,0.537366,0.162183,0.307408,0.522521,-1.329059,1.516355,1.051656,1.173579,-0.583209,-0.097737,1.061900,0.002722,-0.135326,0.680921,0.997095,0.220785,-0.892603,-0.077610,0.397088,0.535816,-0.711973,1.267704,2.244465,-0.874050,1.114732,0.629050
1689,2,0.851511,1.051180,-0.139658,0.878066,1.828904,0.446125,0.165191,-0.138683,-0.906294,-0.450544,-0.694188,-0.297456,0.994727,-2.734036,1.406282,0.606340,1.179142,1.539588,-0.558941,-0.172305,1.811246,0.642730,-0.806402,-0.290645,0.927959,0.866123,-0.799275,0.431062,-0.391458,-1.917449,0.132696,1.616196
1690,0,0.762589,-0.203112,-0.496552,1.317407,-1.287806,-0.357939,-1.374337,0.661401,0.564173,0.590678,1.528960,0.231062,-2.529007,-1.022964,2.066557,0.840675,-0.699650,0.502795,-0.697386,-0.508146,-0.701442,-0.938845,-0.748722,-0.185841,-0.548652,1.268331,-0.820723,-0.756726,1.569856,-0.100185,0.528329,-0.382455
1691,2,0.178467,0.727520,0.268438,-0.924123,0.940395,-1.607792,-0.654155,-1.605427,0.176325,1.546834,0.475798,1.658617,1.062235,-0.537359,0.323166,0.337712,0.671793,-2.079203,0.038270,-0.641828,-0.263813,-0.477569,0.758774,0.563041,-0.105967,-1.602225,0.521368,-1.121864,2.210693,0.866927,-0.589698,-1.113938
1692,0,0.823640,-0.128343,-1.259382,-0.002879,-0.461918,1.633738,0.534424,1.360559,1.794557,1.638835,-0.046356,-0.485012,1.193902,-0.486850,0.648040,1.151416,0.344335,-2.335330,-1.222498,-0.907269,-0.917677,0.819024,1.817325,0.061750,-0.262799,0.566474,0.786388,0.937798,0.715260,-0.637583,0.239522,0.368605
1693,3,0.011137,0.601979,0.268142,-0.231783,0.325688,1.152166,0.170670,-0.674591,-0.371662,-0.357490,0.421204,-1.721050,-1.997518,-1.865923,-3.925329,-0.831339,0.686969,-0.401805,1.640377,-1.394528,-0.617288,1.934394,0.517877,0.579737,0.979357,0.445202,0.373444,1.092417,-0.898682,0.412520,-0.020941,1.857621
1694,1,1.142293,0.926175,-1.242203,-1.180085,0.918757,0.515879,-0.716972,0.741074,-0.967955,0.742597,0.173944,-0.008474,-0.494350,0.517045,0.547977,-0.366305,-0.078886,0.924032,0.460268,-1.398937,-0.830134,-0.750665,-0.337022,0.042806,-0.926326,-1.736196,-1.255857,-2.124436,0.238528,-0.016734,1.080725,0.644877
1695,1,3.405726,0.146944,-0.493758,0.450168,-0.159728,0.859719,-1.863248,1.535416,0.097190,-0.578584,1.242231,0.707604,0.479739,-1.890789,1.746788,-0.646496,-0.096948,0.936020,0.711947,1.163629,-0.054303,-0.785058,1.022480,0.307835,-0.510472,0.237187,0.430533,-0.471026,1.985799,0.798805,1.312433,-0.812801
1696,1,-1.076231,0.765861,0.069915,0.932517,-0.620514,-0.359552,0.158739,-0.006195,0.198883,-0.220420,-0.636029,-0.513192,-1.436505,-1.086898,-0.871740,0.731765,-0.842338,-0.168448,-0.579690,-1.207534,-0.075386,0.198702,-0.553661,0.515862,-1.229055,-0.265452,1.628601,-0.323796,-1.735207,-0.511953,-0.283220,-1.347518
1697,0,-0.077994,0.272074,-1.608461,-0.672246,0.632523,-0.262712,0.722157,0.245773,-0.755874,-0.278586,1.142363,-0.113236,1.410616,1.285618,1.924674,-0.483650,2.323713,1.264458,-1.011693,-1.588960,0.782309,-0.054595,1.232686,-0.432168,0.187185,-0.895016,-0.712166,-1.542587,1.220248,-0.295619,0.802653,-1.167894
1698,2,1.024890,1.797675,-0.459920,0.428308,0.306620,-0.780590,-0.805535,0.740273,1.367287,-0.037253,0.800008,-0.076348,-0.416267,0.371163,0.158291,1.098585,-0.603477,0.215148,-1.541885,0.817424,-0.187617,-1.509719,-0.629736,-0.787945,0.036061,0.506485,0.429988,-0.199159,-1.416213,-0.067490,-0.876813,-0.568224
1699,3,-1.450534,0.768591,-0.824783,0.496429,0.990793,-0.703459,-0.206512,0.002755,-1.117940,1.545833,-0.184925,-0.114344,-1.168523,-0.720301,0.881028,0.335441,0.688987,-0.550276,-0.603261,-0.919756,1.906940,-0.654598,-0.384181,0.663517,-0.427337,1.527674,-0.304893,0.767093,-0.524933,-0.297177,1.607209,0.944646
1700,0,1.468546,2.046726,0.902483,-1.434522,1.300350,-0.161991,-1.348382,-1.381077,2.644583,0.956678,0.010639,-1.207506,-1.388990,0.494799,-0.381114,-0.280468,0.913507,-1.313408,0.984166,1.119181,-0.926083,0.526896,0.118434,-0.907854,-0.894549,-0.057164,-0.489933,0.670196,0.607665,-0.793670,0.742199,0.556551
1701,3,-0.260967,0.588737,-1.243907,1.726196,-0.593285,-0.336281,-1.830305,-0.653712,1.155258,-0.466181,1.281652,1.322847,-1.028735,0.446142,-1.579237,-0.100730,0.923525,0.680603,-1.474627,1.055362,-0.948203,0.360094,0.787194,0.321382,1.341800,-1.125869,-0.104566,0.680217,-0.686548,0.310248,0.326105,-0.252963
1702,0,0.292306,-0.353490,-0.850148,-0.680645,-0.253043,-0.080570,0.458058,0.664437,0.777021,-0.877520,1.945841,0.195981,-0.292879,1.769564,-0.679154,-1.267911,1.155922,0.839967,-2.264002,0.604074,1.349714,-0.443987,-2.477301,1.279248,-0.943556,-1.287290,0.718931,0.478617,-0.211613,-1.803108,-0.514940,0.148488
1703,2,-0.240033,1.393678,-1.153983,-1.207794,2.655096,0.913660,0.061019,0.694982,0.586734,1.053658,0.117095,-0.664260,-0.940193,1.359919,0.009794,-0.651536,0.224251,1.280564,1.141591,0.770024,1.396460,0.938065,0.756654,0.559612,-0.391460,0.501044,-0.396928,1.210171,-0.139368,1.687299,1.105708,-1.026738
1704,1,0.434338,0.648113,-0.603582,0.881973,0.971338,0.425103,-0.383142,-0.104806,-0.114151,1.699259,-0.554856,0.204349,0.989149,-0.273972,0.257377,0.631325,-1.280392,0.003658,1.673324,-1.052339,-0.289279,0.579304,-1.561350,0.727465,-1.126313,0.259987,1.307619,1.843727,-1.071200,-0.390148,-0.507970,-1.436242
1705,0,-0.663272,-0.284348,0.747920,0.320820,1.105483,1.493428,0.177062,1.507606,1.334987,0.875829,-1.126448,-1.035227,-0.857335,2.637733,1.347646,-0.800635,-1.127470,1.081630,0.528411,0.225056,-1.521410,-0.472405,0.714875,-0.160527,0.677271,-1.090762,-1.996361,-2.266571,-0.150827,1.740177,-0.886160,0.348107
1706,1,0.840418,0.465485,0.634879,1.781770,-1.444359,-0.692372,0.230304,-2.187479,-0.088803,-1.185489,0.938733,-2.125117,-0.449760,-0.188637,-0.593115,0.494015,-1.825861,-1.724686,1.301021,-1.465724,-0.935664,-1.942191,0.535060,0.713768,0.412724,-2.823335,-0.911523,-0.256510,0.564945,-0.754609,0.796896,-0.366561
1707,2,-0.656438,-0.000239,1.651326,-1.253204,0.586722,0.172407,-0.281680,-0.423891,-1.531194,-1.358462,0.761734,1.738182,-0.437716,-0.201982,-0.660974,1.339343,-0.873922,-0.118134,-0.577608,-1.472250,-1.386950,-1.450817,1.095996,-0.076137,-0.679790,0.688887,-1.355424,-0.559330,-0.124944,-0.292556,1.296895,-0.022525
1708,0,-0.855247,-0.424435,-0.739835,-0.825133,1.363379,-1.683415,0.141792,0.153907,-1.319070,-0.900947,-0.342366,0.644079,1.142862,-1.300327,-0.013396,0.443979,-0.035959,0.153695,0.719913,0.564168,1.093266,-0.222335,-0.681922,-0.382937,-0.514151,0.718852,-0.558157,-1.065111,0.695178,1.615444,-1.380860,-1.162951
1709,0,1.692052,1.019301,0.076207,-0.020826,0.417107,1.517080,0.063564,0.197054,1.022458,0.052685,-0.804367,-1.608632,-1.046877,-0.551724,1.207128,-0.060602,0.366597,-0.421278,-0.796272,-0.912508,-0.022240,0.113616,0.288350,0.400756,1.134252,1.168527,1.089714,0.501183,-0.302275,-1.379400,-0.266386,-2.245988
1710,2,-0.071278,0.076400,2.304944,0.258506,-0.001012,0.443169,-0.709767,-1.031506,0.739492,0.961247,0.268663,-0.007697,1.156276,0.833259,-1.087401,-0.588199,-0.090656,-0.279714,0.412404,0.970469,0.429039,0.078937,0.760697,1.391616,-0.938171,0.897038,0.844433,-1.840744,0.194867,-0.513484,-0.926060,-0.269124
1711,1,0.167848,1.199200,2.278207,-0.867186,-0.772941,-0.002111,1.073141,0.017720,0.189793,0.777334,0.482325,-1.490800,-0.566220,-0.390091,-0.882684,1.236954,0.242249,-1.430649,-0.857090,-0.875583,0.365222,1.349983,-0.782341,-1.273869,-0.201329,-0.104196,1.103707,-0.304485,-0.285515,2.068414,0.230165,-0.110264
1712,1,-1.087106,0.881404,1.316079,-0.424730,1.000216,0.429320,-0.879723,0.734741,-1.821301,-0.503975,1.518930,0.457039,0.292605,-0.484176,0.515181,-0.682324,-1.239539,1.617623,1.761984,1.476661,1.582069,0.032333,0.758915,-1.387782,-0.127010,0.703122,-0.059583,-1.217331,-0.031563,-1.329257,0.402650,-0.058852
1713,1,-1.133946,-0.416156,-0.302940,-0.410405,0.534672,1.818381,-0.049566,-0.344106,-0.682261,-1.354112,0.998831,0.090570,0.912687,-1.963483,-0.161703,-0.062559,-1.096825,-2.678398,2.001183,0.820574,-0.177915,0.125186,1.016132,-0.599666,-1.065922,-0.528650,-0.100497,0.813770,0.877993,-0.742405,0.514585,-0.626965
1714,3,1.832479,-0.581871,-0.558039,0.596325,-1.117249,-0.709161,-0.290173,1.059836,0.220254,-0.109001,-0.046695,-0.314081,0.444024,-0.456160,0.732825,-0.063848,-0.307365,0.941936,-0.317279,-0.557842,-0.187333,0.551128,2.034690,-0.516921,0.768849,0.896165,-0.777079,-0.257875,0.691672,-1.291162,-1.408484,-1.140845
1715,0,0.562363,0.901620,-2.483876,-0.016304,-0.084205,0.362933,-0.187589,-0.844383,-0.720538,0.506624,-0.390490,0.074079,-1.887205,0.051151,-1.662519,-0.474289,1.242779,0.307683,-0.217936,-1.354345,1.450793,-0.185730,-0.530512,-0.350304,0.079792,-1.203521,-1.101467,-0.071749,1.348357,0.337705,-0.853114,1.698195
1716,1,-1.564014,2.389090,0.113209,0.619374,-1.394984,1.141602,0.511616,-0.946712,-1.064294,-1.329767,0.319003,2.012224,0.370105,0.534364,1.250054,0.308275,0.041703,-0.314056,0.876555,0.371172,0.366277,0.485265,-1.295370,0.295900,1.095445,1.884222,-1.539183,1.250887,0.675591,1.002291,0.429456,0.485208
1717,2,-1.967037,-0.455058,-1.081322,-1.181445,-0.017326,-0.278067,-0.843995,0.995352,-1.429816,0.570027,0.573918,0.120965,-1.232616,-0.473806,-0.474188,1.149954,1.138538,0.737546,0.305336,1.302525,0.300741,-1.694119,1.095726,-0.352478,-0.384814,0.093779,-1.802019,-1.980585,-0.158853,0.603125,2.274713,0.099521
1718,2,1.047224,-1.014304,1.537874,1.704100,-0.180394,0.971038,1.161624,1.702476,0.287497,-0.594311,-1.255425,-0.848597,0.434567,-0.548301,-0.884658,0.947414,0.700298,-0.124926,-1.492949,1.577716,-1.454008,-0.026645,0.799259,-0.077473,0.750071,-0.834232,0.491813,-0.197249,0.587853,-0.569043,0.425270,-1.338292
1719,2,1.480689,-0.176984,3.491508,-0.749590,0.335361,0.913325,0.317463,-1.051231,-1.757483,-1.064061,-0.312144,0.014087,-0.230495,-0.900195,0.079030,0.621257,0.047601,-0.854360,-1.024343,0.623609,0.618436,1.160480,-2.961919,-1.805394,0.942526,1.172270,0.382396,-1.639244,0.059099,1.799843,-0.947190,-0.129326
1720,3,-0.276123,-0.566079,1.292682,0.783857,-1.279555,-0.465350,-0.174767,-0.242726,-0.631920,-1.059030,1.263790,-1.264334,0.151714,0.015913,1.658887,1.004194,-0.809158,-0.743616,0.954588,-2.776904,-1.242766,0.904471,0.518295,0.541546,-0.455785,-1.075682,-0.224881,0.400686,0.463845,-0.402112,-2.334866,1.391697
1721,1,0.911602,-0.441000,-0.760542,-1.929958,0.321392,2.084807,-0.892579,0.400152,-1.394013,1.729295,0.349706,-0.889255,0.309464,-0.922371,-1.999129,-1.073733,0.277591,0.889033,0.114491,-1.109953,-0.128904,-0.314069,-0.008085,-0.363930,0.677132,1.061798,-0.039615,0.393485,-1.569774,-0.222187,-0.338166,0.915377
1722,2,-0.439037,-1.285812,0.923883,-0.834337,-0.689819,-0.416420,-1.212397,-1.586043,-0.580917,0.068970,0.649057,-0.139328,2.070165,0.706076,-0.467595,-0.561162,-0.408730,0.900446,1.981884,-0.285459,-0.671779,1.901007,1.153584,-0.086499,0.984409,0.964762,0.261726,0.462905,-0.257973,0.010140,0.720337,-1.606875
1723,0,0.989078,1.454137,1.624065,1.212715,-0.017275,0.708912,0.361673,0.736712,-0.406937,0.705203,-0.525132,0.744054,0.238542,1.731829,-0.248181,-1.095263,0.243355,1.398761,0.821210,-0.323870,-1.248060,-1.532618,-0.697784,-0.069665,0.218258,1.086666,-1.206203,2.934140,-0.987964,-0.266242,0.397377,0.413860
1724,1,0.657414,0.494827,0.639144,0.062139,0.005094,0.150856,0.623377,0.897108,1.498835,-0.707360,1.004990,-1.689258,-2.132471,-1.118972,0.227185,1.204002,-0.696744,0.372192,-0.756397,0.238299,1.419869,-1.057673,0.632272,-0.818981,-0.545124,-0.612897,0.905847,-0.228720,-0.406381,-0.575690,1.616094,0.445468
1725,2,-1.154927,1.678050,1.121461,-0.625370,1.007587,-2.252594,-0.765572,-0.035577,0.532059,1.002460,2.669088,0.850285,0.036693,0.113006,1.238652,-0.936232,1.571645,0.270582,-0.587014,0.615376,0.849996,-1.231730,-0.544854,1.254000,1.369218,-1.575287,0.139871,1.040993,-0.406365,0.910940,-0.247151,-0.311140
1726,2,-1.681052,0.085135,0.252109,0.661369,-0.744751,-1.194667,-2.158493,-3.089355,-0.650814,-0.613784,0.868194,1.792124,-1.592028,-1.008901,0.414625,2.165710,-0.333581,0.735102,-0.154244,-0.962174,-0.250515,0.671700,0.147769,0.824966,-0.899596,2.317701,-0.411382,-0.742264,-0.194987,0.734826,0.923305,0.814690
1727,2,1.132741,1.698988,0.935675,0.077704,1.222930,0.317752,2.087658,-2.075313,0.545340,-1.935436,0.870031,0.781638,-1.569171,-1.258505,0.113831,-0.650409,1.841987,0.072429,-1.229300,1.414547,-0.218976,-1.141813,-0.901423,0.017653,-0.272960,0.379134,0.885465,1.061912,0.234202,1.452168,0.172145,1.672538
1728,0,0.285926,0.921336,0.349788,-1.571679,1.072963,1.147689,0.980822,-0.353783,2.219428,0.794541,0.231282,0.312222,-0.930608,1.013151,1.348824,0.585425,-0.498478,-0.757623,-1.052710,-0.782769,0.983126,0.125823,-1.010211,-1.177313,0.169303,1.044997,0.848794,1.124614,1.468488,-1.303187,0.149315,0.600030
1729,3,0.442418,1.315409,0.597236,0.274504,-0.617550,-1.333248,1.181618,0.910596,-2.305165,1.484319,1.014726,0.931489,-0.077032,-1.823327,0.718634,-1.002952,0.811245,-1.150120,0.897201,-0.587053,0.620472,0.575067,-2.248555,0.502542,0.404247,0.560170,-0.729452,-0.988727,-0.739609,0.431707,-0.807863,0.417567
1730,1,0.075786,1.250518,0.483841,-1.599750,1.065619,-1.256732,0.639690,0.658526,-0.849209,-1.200054,-0.025610,-0.275890,-0.470076,0.171553,0.041767,0.686079,0.146682,-0.000333,0.525765,-1.649449,1.109942,-2.530075,-0.598924,0.350936,1.475777,0.282084,1.450938,-0.287214,2.504900,-0.454425,-0.386602,0.505048
1731,2,-0.354114,0.390984,1.034991,2.013569,-0.110801,0.948817,-0.825317,0.147552,0.619042,0.444896,0.104273,0.061371,-0.789560,-0.526879,1.038767,-0.231707,-1.130229,-0.818339,-1.361121,0.423236,-1.842408,0.878036,-0.126304,-1.552827,1.027240,-0.781436,-1.220356,-1.037662,0.504000,-0.216599,-1.830170,0.913490
1732,2,0.467103,0.038115,0.046110,-0.071742,-1.221878,-1.382177,-1.029379,0.545565,-0.912622,-0.782958,-0.513583,-0.082502,-0.756568,0.936181,1.725211,0.270710,0.954914,0.136431,-0.763760,1.430619,-0.656437,-0.726992,1.144463,-0.116925,-1.037227,0.825569,-1.392830,-0.633543,1.599071,-0.234130,0.563790,0.302125
1733,0,-0.318526,-0.565768,-1.827124,-0.065732,-0.831162,1.759091,-1.779966,-0.602221,0.435191,-0.129801,-1.050715,0.501256,1.267351,0.746847,0.143921,1.612610,1.967112,-0.610244,-1.249295,-1.906322,0.879529,0.638063,-0.563249,1.681814,1.369013,0.452155,1.236708,1.417540,0.270377,-0.153811,1.904981,1.679342
1734,1,-0.686819,0.421545,1.054054,0.326749,2.190261,-0.903920,-1.166882,-1.056419,-1.176641,1.310813,-1.447185,0.427916,0.463345,-0.219998,1.256472,-0.105920,-1.480277,0.564598,0.321032,-0.325924,-0.978842,1.167300,1.249428,1.815396,-1.404181,1.370043,0.341803,1.218009,0.900951,-0.454812,1.288076,1.100885
1735,0,1.284354,-1.364252,-0.014986,-0.338559,-0.418360,-2.018135,0.359538,-2.504774,0.662914,0.235068,1.215848,1.401584,0.032508,1.646319,0.298493,3.161861,0.365709,-0.790572,0.133211,-0.794528,0.624619,1.314842,1.327083,-1.184151,-0.447159,-0.150757,1.187468,-0.720203,-0.101887,1.078658,-0.175452,-0.964525
1736,0,1.559527,-0.401220,0.839210,-1.350314,-1.976048,-1.251275,-1.324849,-0.437370,-0.595165,-0.265178,1.220671,-1.147956,0.331433,0.750550,0.673507,1.393357,-1.342919,0.973035,-0.699887,0.148749,1.602244,0.606773,1.735811,-0.199021,-1.970803,-1.109529,-1.028337,0.250515,-0.841462,-0.266984,1.039779,-0.035227
1737,0,1.670843,0.925635,1.736928,1.019053,0.250285,1.083288,-1.361367,0.141849,-1.004802,0.690070,0.820032,0.799456,-0.434820,-1.049718,1.088469,1.636323,1.298034,-0.558460,-0.332530,0.631378,-0.028261,-0.590009,1.008789,-0.305486,-0.306506,1.292244,0.024008,-0.314049,-0.662186,0.156055,-0.400013,-0.490297
1738,3,-0.120575,1.240723,0.953349,0.902682,-0.682384,0.773075,0.820495,0.175257,-0.761232,1.170087,-1.163530,0.015085,0.227905,1.284281,-0.649775,0.026422,-0.463069,0.334680,0.899095,0.928278,-0.346466,0.878721,1.086618,0.063210,-0.598152,-1.140947,-0.503376,-0.809443,0.944165,-0.689828,0.319735,0.243615
1739,0,1.782292,0.646706,0.524217,-2.289218,-1.273978,-0.205750,-0.329735,0.571086,-0.202044,-1.169352,0.111274,-0.163693,-1.054665,0.057659,-0.736882,-0.862013,-0.588378,-1.412124,-0.057788,0.430057,-0.104099,-1.577386,1.892325,1.641336,-0.341452,0.744063,1.065654,-1.373947,0.923626,0.793503,0.440031,0.108907
1740,3,1.802428,0.657962,-0.452357,0.726254,0.497270,0.077011,-0.915716,-0.976642,-0.125420,-1.214574,0.152275,0.499574,-0.546874,-0.643866,-0.142748,-0.500556,-0.298824,0.845922,0.288911,-1.313794,-0.332895,1.311101,0.667454,0.121403,-0.842378,1.060921,0.538276,-0.178643,1.077202,-0.872537,1.342375,-0.073343
1741,3,1.329105,-0.044267,-1.155139,0.658866,-0.617198,1.061743,-1.710331,-1.526038,-0.720763,0.184476,1.235773,0.255157,0.020568,-0.160388,0.159093,0.552355,0.293420,-0.693489,1.251261,0.549335,0.898882,-0.628761,0.373596,0.033002,0.886096,-0.216044,1.666053,1.614002,1.904327,-0.707510,-0.428667,-0.666494
1742,3,-0.647157,-0.098049,-0.567449,1.189693,0.303901,-1.826509,-0.142431,1.656181,1.363712,-2.148295,0.099560,1.455059,0.506429,-0.256963,-0.559742,0.856563,0.378525,-0.296892,0.529534,0.765952,0.289982,-0.014796,-0.306613,0.892536,-0.028520,1.171599,0.331737,-2.481775,1.706512,-0.401952,0.284877,0.799149
1743,0,-0.102365,0.128090,0.429619,0.745197,-0.256627,-0.623713,-0.543000,-0.959198,-0.625533,0.411990,0.167651,-0.796243,0.979728,0.146320,0.961198,0.591935,-0.796847,0.661686,-0.251804,-0.124836,1.874254,1.628812,0.591766,-2.257899,-1.501399,-2.031542,-0.563614,-1.066079,-0.220085,-2.381336,0.961213,-1.802850
1744,0,1.851258,-1.087806,-0.588013,-0.489327,-0.798351,-0.229243,-1.767424,0.800090,-0.663317,0.532132,-0.351424,-0.543906,-0.700556,-0.685164,0.851889,0.857760,-0.503628,-1.577130,1.012438,1.089071,-0.118129,1.389818,-1.598462,0.802795,-1.430999,-1.957270,0.150984,1.092012,2.244461,-0.460537,-0.143594,-0.140075
1745,1,-0.248495,-0.340702,0.007281,0.454601,-0.832737,0.152468,-1.017255,1.490604,-0.128001,0.833651,1.550414,0.566898,-1.294086,0.422268,0.154650,1.263640,0.021579,0.136565,0.481282,-1.037781,0.223200,-1.029271,-0.453272,1.919948,0.654953,-1.065132,-0.212036,0.995395,-0.169561,-0.028106,0.992446,0.511713
1746,3,1.013741,-0.907652,-0.075848,0.119241,-0.091861,1.473875,-1.195055,0.387199,0.521753,-0.967203,1.588381,-0.432885,-0.948868,1.467290,-1.354737,-1.021830,-0.658342,-0.465637,-0.371049,1.399740,0.279287,0.863716,-1.057261,1.196520,-0.194838,0.720841,-0.941706,2.044223,-0.071877,-0.893182,0.615808,0.723882
1747,0,-1.540601,1.766562,-1.622567,-0.215247,-0.325390,1.006836,0.181383,-0.299580,1.933658,-1.673872,0.512267,0.919692,-1.209025,-0.922237,0.690270,0.755697,0.557873,-0.458786,-0.048146,0.465060,0.437529,-1.206671,0.018474,-1.946728,1.669393,0.396439,-2.609799,-0.070921,1.412829,0.565418,0.156919,-1.129444
1748,1,0.743929,0.321171,0.249119,-0.863481,-0.319028,0.928156,-1.362632,0.294544,-0.743457,-0.870990,-0.979199,-2.631559,0.098053,1.393779,1.173685,0.415444,1.122405,-0.011877,0.859199,0.142784,1.277944,-0.293253,0.632514,-0.671554,-1.185698,0.183624,0.659160,0.255562,0.595760,-0.266763,-0.498703,-0.658766
1749,2,1.191161,1.562626,2.137550,0.449364,-1.502031,-0.752731,-1.489990,-0.513311,0.967220,-1.915012,0.517013,-0.668422,-0.062066,0.303177,0.670517,1.508407,1.294408,1.152226,-1.168134,1.141846,0.690949,-1.729014,-0.188152,1.746320,-0.360683,0.347657,-0.071481,-1.391758,-0.581502,2.261764,0.764213,-0.004038
1750,0,0.763086,0.755334,0.122956,-1.413787,-1.010795,-0.569983,-0.356383,0.145932,-0.168213,0.748989,-0.077036,2.170341,-1.974475,0.248730,-0.612212,0.159779,0.830544,-0.050639,0.974866,1.111666,0.750899,0.058560,2.161519,-1.486028,0.128903,0.106078,0.649386,2.124385,2.160826,-0.461403,-1.118024,0.542526
1751,3,1.493636,-0.213617,1.138417,0.481835,-0.936850,0.701524,0.113387,1.618278,-0.856940,-0.161458,-0.161701,-1.922291,1.263785,0.644942,-0.874306,-0.110617,0.707074,-0.317999,-0.467896,-0.917281,0.293527,0.517671,0.152783,-0.131211,0.300906,1.191342,0.345611,0.600697,-0.684612,-0.827071,0.318601,-0.329371
1752,3,-1.004038,0.839116,0.709017,0.524020,2.796278,0.679122,0.109506,1.175290,0.811391,-0.475730,0.633273,0.952084,1.079866,0.953958,-0.938235,-0.661460,0.896264,-0.511750,0.319471,0.628482,1.450906,1.229009,0.056082,0.736402,0.103673,0.816608,-1.597785,-0.172357,-1.538300,0.555889,0.337940,0.456335
1753,2,-0.035389,-1.011732,1.739106,0.109588,2.193971,-1.328161,-0.084840,1.947981,2.055984,0.041856,-0.219301,-0.284394,0.157972,-0.858930,-0.881640,-1.531716,0.623868,-0.726001,-0.208500,1.879961,0.671902,-1.176496,0.296802,0.887180,-2.701606,0.772385,-0.226901,2.849352,0.561510,-0.184537,0.293518,-0.735762
1754,2,-1.214281,0.499263,-0.817241,0.844877,-0.874705,0.606951,1.352824,-2.102605,-0.911724,-0.246744,0.616137,-0.769357,-1.132887,-0.480593,-0.359523,1.297078,-0.449545,0.996731,-1.944868,-0.694683,1.538054,1.108248,1.973809,-0.793394,0.202058,0.300292,1.867375,-0.611666,0.378978,-0.385877,0.947637,0.178157
1755,2,-0.928677,0.124996,2.082878,0.986777,-0.417006,-0.241585,0.001689,0.859909,0.769714,-1.351288,0.686957,-2.974323,0.038002,-0.660525,-0.866347,1.793766,-0.697770,1.361849,0.115446,0.652103,-0.186556,-0.686943,-0.351918,0.307616,1.059344,-0.756262,-0.166274,0.954709,1.280750,-1.616997,-0.214804,0.490040
1756,3,0.537424,1.471251,0.153902,2.085040,-0.164489,2.389936,0.675000,-0.783300,-2.656330,-0.665163,0.444392,0.746599,-0.390882,-0.749348,-0.660927,1.356511,0.972363,-0.574437,-0.523733,0.062138,-0.236845,-1.170567,0.934617,-1.254138,-1.935403,0.169755,0.363843,1.376714,-0.324492,-1.124744,-0.501634,-1.144938
1757,0,1.279967,-2.291407,1.047263,-1.732003,-0.614306,-0.377145,-0.258154,1.644768,-0.537705,0.965296,0.191913,-0.321302,1.402725,1.367843,-0.266968,-0.916290,1.047417,1.392498,0.096708,0.322925,1.086647,0.556702,-0.239333,0.902426,-0.395689,-0.861326,1.200130,-0.053401,-1.890506,3.217778,0.701661,-0.929019
1758,2,-0.852231,0.275682,1.449955,1.369478,-0.379510,-0.510434,-0.055391,-0.548734,0.339403,0.559658,1.594772,0.360248,0.345612,-0.693598,0.247932,-2.162396,0.577982,-0.956823,2.477605,-1.070924,-0.051723,-1.271792,0.892279,0.571540,-0.113374,-0.657347,-1.018029,-0.832943,0.726850,-0.711049,-1.846285,1.138844
1759,0,0.495491,-0.468699,-1.427152,0.035158,1.042357,1.468735,1.689245,-0.570857,0.348448,1.809102,0.827531,0.144862,-1.066651,-1.110670,0.910858,0.513002,0.347122,2.921577,0.440360,-0.313750,1.346558,0.541534,-1.632114,2.160133,0.603295,0.319373,-0.616983,2.200129,-1.174539,1.754003,0.737170,1.126071
1760,3,0.431470,-1.279684,1.124493,-1.120129,0.332405,-0.991155,1.043266,-0.437131,-0.200200,-0.665625,0.189140,-0.535926,-0.268009,-1.066274,0.502977,0.596066,0.336855,-1.234738,-0.756097,0.493142,1.814322,-0.165800,-0.188379,0.626491,-0.595456,0.854296,-0.088408,-0.324856,0.693218,-1.628014,0.142977,0.606479
1761,0,0.010615,-0.815385,1.611254,0.607556,0.220860,1.089108,-1.971959,-1.311302,1.197224,0.205221,0.532410,0.892674,0.117872,1.357634,1.245024,-0.658806,0.679604,0.975017,1.319337,1.591108,0.020639,-0.603559,-0.547258,-1.109002,2.075441,-0.510421,-1.455071,-2.365753,0.769625,0.634425,-0.007865,1.378942
1762,2,-0.359655,-0.196321,-1.758229,-0.224468,0.025686,-1.087145,-1.212538,1.110602,0.529065,0.860927,0.107495,0.251466,-0.382774,-0.193997,0.438316,-1.491871,-1.646376,-1.324840,-0.549771,0.924084,0.203559,1.903198,-1.395829,0.080694,-0.179071,0.333119,0.848242,1.040841,0.590846,1.762550,-0.328289,1.217566
1763,1,-0.910606,-0.149344,-1.344711,1.456769,-2.127400,1.695943,0.611265,-0.792627,0.112025,1.157051,-2.018476,0.823766,0.739163,1.569587,-1.215082,0.007603,-0.318325,0.353658,-1.262082,-0.306347,-1.795820,0.080664,-0.188255,-1.938835,0.301378,-0.159716,-2.076349,0.683427,1.422074,-1.262872,1.787084,0.022016
1764,2,-0.187022,0.777804,-0.386427,0.635486,-1.064589,0.358126,0.422547,-0.132820,0.770683,-1.337752,1.568125,-2.211459,1.858046,0.485085,-0.331068,-0.175642,0.627202,0.677713,-0.045613,0.592365,0.201607,-1.732073,-0.812564,0.300864,-0.720226,0.736713,1.812703,2.350603,-0.311864,-0.346939,0.079337,0.283863
1765,0,-0.533804,-0.436643,0.660338,-1.018695,-0.844399,-0.055349,0.208941,0.137468,-1.436929,3.057255,0.334900,-0.577470,0.515636,-0.700204,0.365057,-1.129706,0.646710,0.526254,1.390026,-1.038075,1.434568,-0.124248,0.166065,0.983235,-0.536188,1.005814,-0.519499,1.942248,1.553568,-0.264975,0.373073,-1.721915
1766,1,-1.872848,0.416832,0.876921,-1.331204,0.862424,1.011534,-0.470218,0.857837,-0.123643,1.199305,1.160328,0.942181,-1.015393,-1.440241,-0.429321,-2.154390,1.463299,0.681707,-0.644890,0.707575,1.243412,-0.016665,0.141283,-0.860205,1.092864,0.052215,-0.326248,0.582068,-1.760436,-1.710828,0.936182,1.181614
1767,3,0.719581,-0.582866,0.544933,0.864275,-0.671447,0.653411,-0.393454,-1.153792,0.288962,-0.391705,0.185991,0.012660,1.096554,-0.808055,0.169773,0.429857,-0.350202,-0.160156,-1.876418,0.776271,0.272307,-0.416538,-1.311745,-1.031960,-0.039790,-1.635822,-0.326876,-0.380414,1.807335,-0.411696,-0.404938,-0.003607
1768,0,0.235807,-0.969798,0.045630,0.646520,1.540241,0.987555,0.146904,0.568340,-1.379888,-1.213631,-0.039964,0.174256,0.308708,0.730040,0.748434,-1.013469,0.866627,-0.735038,-1.202986,0.810825,1.421811,-0.142964,0.150520,-0.850248,0.254903,-2.108117,-1.527943,0.816590,-0.128685,1.671445,0.297625,-1.341378
1769,3,0.621650,1.246471,1.384486,0.134839,-0.203982,2.786395,-0.236491,0.526258,1.195042,-1.051354,0.145445,0.644170,0.326341,-0.752613,1.966123,0.539498,1.326724,-0.470808,-0.031065,-1.091859,0.289329,-0.082824,2.597477,0.366676,-2.176307,-0.929716,-0.001094,-0.135634,0.151326,-1.824610,-1.117908,-0.470669
1770,1,0.881533,2.656013,-1.046799,-0.680969,-0.391773,0.980058,1.319026,0.350475,-0.055383,-0.327513,-0.218489,0.530703,0.568621,0.767791,-0.585083,0.110837,0.548305,0.752385,0.307921,0.026890,1.271948,-0.031820,0.218888,1.213993,1.624965,0.276981,-0.253470,1.181682,0.755612,0.653524,-0.279385,-1.843345
1771,3,-0.414424,0.956767,-0.195202,-1.136408,-1.006649,0.497857,0.078449,0.694292,0.976464,0.999457,-0.900178,0.733376,-1.537604,-0.160845,-0.544649,-0.858970,0.570866,-1.445501,-0.803575,-1.237684,-0.317839,-0.686037,0.651748,-0.245072,-0.323625,-0.687602,0.422031,-0.272036,-0.117089,-0.084332,-1.020481,-1.023587
1772,3,-0.732528,-0.533246,1.146305,1.641338,-1.681673,-0.364109,0.085849,0.333308,1.085625,-1.606980,0.422402,1.897137,-0.113266,-0.209041,-0.944898,0.181553,2.028677,2.617501,-0.288509,-1.987067,0.559126,-0.395649,0.100911,0.312456,-1.266742,-1.249486,-0.006422,1.231000,-0.162570,-0.728727,-0.045386,-0.067457
1773,1,0.600311,-0.269570,-1.541246,0.682030,1.780528,1.132351,-0.679894,-2.807192,1.095674,0.896551,-0.809784,-0.273678,-0.489558,-2.930960,0.692433,0.721774,1.021768,0.310049,-2.154711,0.471135,-0.127718,-0.256681,1.582449,-0.279140,0.733406,1.396587,0.056113,0.281476,-1.313805,0.486442,0.376366,0.423340
1774,1,-0.298078,-0.165198,0.916371,-0.218502,-0.781907,0.850315,-0.574439,-0.373482,0.340921,-0.905446,0.106446,0.172831,0.135516,0.052629,0.339156,0.666061,-0.817556,-1.698694,-0.491979,-1.173087,0.085991,0.145913,0.565608,0.496182,-0.246635,0.401608,-1.647334,1.098664,-0.815018,0.859417,0.397372,0.989499
1775,1,-0.098715,1.615174,-0.062620,0.289164,-0.485758,-0.070040,-0.758194,-1.776563,0.243681,1.706511,-1.627594,0.675761,0.573767,-0.317678,1.595254,-0.084324,1.478021,2.159151,0.703649,-0.762096,-2.413697,-0.675914,0.447922,1.480879,-0.918102,1.716378,-0.819065,-1.081152,-0.415022,0.666993,-0.691256,-0.574726
1776,3,-0.021098,-0.344487,1.139430,2.506442,-0.463407,-1.805145,-0.133329,0.871907,0.133476,-0.812122,-1.024805,1.182587,0.893844,1.077677,0.045157,-0.973843,-1.554254,1.073117,0.626585,-0.901289,0.004393,2.623698,0.264972,1.251450,1.390232,-0.346492,-0.017560,-0.616261,0.434957,1.961856,1.431505,-0.388017
1777,2,-0.771258,-0.008826,-0.494807,1.145719,0.580549,0.628510,-0.887842,1.667400,-0.446739,-2.020232,0.246098,2.238260,0.318789,-0.543089,0.767300,0.338233,1.706940,1.563119,-0.354585,-0.157479,-0.552069,-0.898537,-0.730523,0.452270,-0.561676,-0.986876,0.075618,-0.873117,0.302705,0.192478,-0.040163,0.042415
1778,0,-0.023906,0.204627,0.295273,0.691384,-0.420614,0.679059,-0.645445,0.627430,1.995944,-0.014136,0.927194,-1.143659,0.374700,1.291129,0.320004,1.218485,-1.590946,0.823998,1.034339,0.743265,1.676173,-1.290622,0.843317,0.460521,-0.988985,0.380922,-0.074527,-0.430747,-1.483580,-0.824778,0.222032,-0.056137
1779,0,0.392998,-0.848806,0.671630,1.683285,-0.785511,2.217865,0.147901,-1.045755,0.349762,-1.047952,-1.440770,-0.170620,0.969178,-0.564045,-1.035025,0.610159,2.505973,-0.839359,0.440360,1.617538,0.565981,1.135278,-0.428705,1.126786,1.330493,-1.962623,-2.381992,0.246161,-1.162685,1.558903,1.287582,-1.639998
1780,3,-1.092386,0.809465,0.005030,1.044994,-0.077013,0.187873,0.828113,1.120635,-1.819436,0.827379,-0.031450,-0.726906,0.271742,1.032507,-1.013451,-0.108482,-0.118981,-0.480388,-0.654960,-1.023263,-1.580588,0.092348,-0.664826,0.034833,1.386577,0.954006,0.928658,-0.634732,-0.535562,0.013570,0.262428,0.127746
1781,1,-0.382848,0.279464,-0.116371,0.410462,0.109144,0.625168,1.908140,-0.208408,1.421837,0.345550,1.234731,0.319985,0.992065,1.588332,1.572611,0.506508,1.678918,-0.465752,0.814292,0.510907,1.830282,0.428980,-1.726793,-0.190139,-0.408494,0.184637,0.014128,-0.743786,-1.237905,-0.244060,0.134699,1.496446
1782,3,1.580067,-1.146699,-0.861056,0.624690,0.439694,0.272799,-0.017075,0.934730,-1.607570,-0.004212,0.243257,1.395428,0.794572,0.665165,-1.790016,-0.130292,1.446141,0.706991,-2.460238,1.386451,1.522609,-0.752673,0.197260,-0.642677,-0.089194,0.811949,-1.286612,-0.763321,0.205832,-1.150793,-1.199922,-0.014754
1783,2,-1.125346,1.684620,0.308016,-1.014562,1.486991,-0.088513,-0.489135,-0.854208,-0.264740,0.520854,0.936253,-0.038048,-0.553357,1.051584,0.710606,1.462700,1.033644,-0.316612,0.213495,-1.392527,-0.114920,2.431700,0.277490,0.974875,0.042640,0.995855,0.354116,0.950313,-1.347136,-0.300422,0.222512,-1.365772
1784,1,0.576628,-0.936672,0.018329,0.237639,-1.055038,0.233794,-0.410590,-0.650873,0.505763,-2.335138,1.563980,0.559046,-0.029224,-0.277094,-0.583267,0.808396,-0.883795,0.912516,-0.511768,0.234577,-1.105818,-2.473259,1.013446,0.330725,1.198541,-1.350594,-1.099361,-0.147902,-0.880836,1.338851,1.164153,-0.571320
1785,1,-0.733183,-2.298213,-0.012147,-1.117174,0.687351,-1.566407,-0.346560,-0.805302,-0.142152,-1.272813,0.150985,-0.277122,-0.862081,1.376284,0.805906,-1.999954,0.352880,0.012672,-0.494500,-0.121234,-0.155653,-0.425254,-0.063644,-0.560427,-0.284452,0.900196,-0.649644,0.797291,-1.537682,0.293081,-2.624973,-0.039078
1786,1,-0.984602,1.673658,-0.206726,0.088838,0.235758,0.325150,-0.720574,-1.102365,1.366420,-0.754809,-0.389047,0.506935,-0.029523,0.415817,-1.532718,0.693954,0.723419,-0.848543,1.584082,0.311139,-0.104867,0.344855,-0.309966,0.856972,-1.242787,0.212989,-0.736184,-0.779319,-0.277957,0.750342,-0.389440,0.876327
1787,1,0.864419,0.396853,-1.655865,-1.219221,0.521254,1.271674,-0.324693,0.036318,-0.202575,-0.097861,-1.868336,1.660870,-1.429232,0.655722,-2.510763,-0.376800,2.104171,0.218418,-0.432891,1.744416,-1.057914,0.788385,-1.391719,-0.432831,1.505715,0.661867,-0.920179,-0.239787,-0.287886,0.114162,0.642266,-0.308469
1788,3,1.053497,0.477474,-0.109385,0.447382,-0.467528,2.111299,-0.034637,0.694895,-0.674888,-0.608301,0.640056,-1.485064,1.655492,-0.850796,0.291865,0.226182,-0.486825,0.890141,0.870042,-0.737276,-1.280907,1.577521,0.775117,0.561826,-0.341970,-1.142265,-0.019945,-0.368658,-0.753426,0.974559,0.639060,-1.032465
1789,0,0.197317,0.589577,-0.021769,-1.296459,-0.772694,-0.067095,0.213117,-0.392727,0.424770,0.527927,0.278096,2.210579,0.267993,-1.820601,1.066930,0.407157,-0.938174,-0.056230,2.132872,0.536715,-0.747831,0.903998,1.654228,2.051169,-0.066740,-0.406169,-0.719197,0.865852,1.200347,-0.922395,0.792174,-2.903147
1790,3,-0.944616,0.893620,0.527093,1.575527,0.153411,-0.211497,-0.400382,1.875665,-1.307532,-0.772478,-0.787635,1.348279,-0.233699,-0.706220,0.033691,0.632569,1.824623,1.092654,-0.185516,3.346453,-0.519369,-0.403086,-0.357267,-0.207051,0.420943,-0.718744,2.255461,4.099528,2.325486,0.459865,0.722602,1.020337
1791,3,2.134864,1.074146,-2.101758,0.723216,-0.483331,0.246675,1.548867,0.340508,-0.925509,-0.722833,1.108618,0.221684,-0.762613,0.305596,-0.631314,1.279328,0.948831,-0.195721,1.217431,-1.418618,-0.563157,-0.573507,0.794365,-1.273468,-1.069874,1.025742,0.137960,0.799923,1.401449,1.197506,-0.414402,0.667264
1792,2,-0.515363,0.667594,-0.322002,-1.718969,-1.654918,0.255739,0.011561,-1.330070,1.736713,0.380916,1.384848,1.304690,0.342998,-1.764917,-0.540314,-1.950627,1.249655,-0.041466,0.245783,1.231117,-0.953877,-1.391813,-0.643193,0.043483,-0.795739,-0.068369,-0.672508,-1.635476,0.330549,-0.640019,-0.001559,-1.459162
1793,1,0.131050,-0.287850,0.732926,1.001719,-0.614285,0.006267,0.633976,1.461629,0.935791,-0.407691,-0.186732,0.100590,-0.628557,-1.486498,-0.500033,-0.016284,-0.312663,0.250957,-1.524041,-0.998188,0.921625,0.758861,0.629676,-0.404063,-0.678845,-0.883621,-1.247912,-1.587697,1.012251,-0.750537,-0.115712,-0.815229
1794,1,-0.122513,0.610281,-0.664957,-0.267802,-0.572262,-0.639144,0.974763,-1.377328,1.493516,0.054578,-0.377892,-0.769335,-0.134828,-0.646893,-0.561902,-0.155285,-0.841718,0.706685,-0.070664,0.069801,1.917873,-0.712818,-0.356937,1.386368,1.202984,0.571661,-0.225273,0.323782,1.173623,2.504622,1.842956,-0.434312
1795,1,0.650525,-1.230502,-0.258371,0.755182,1.019510,-0.772154,-0.935737,-2.398635,1.220371,-0.840900,0.554682,-0.979564,0.246457,1.547413,0.550008,-0.558417,-2.025683,1.334245,-0.996818,1.192657,0.491820,-0.356033,-0.421097,-0.419249,-0.642840,-1.129878,0.392828,0.577198,-0.263856,-0.776547,-0.290185,-0.195154
1796,0,1.491613,-0.177586,-0.656563,0.284694,-0.580614,0.580255,1.501583,-1.928047,-1.074698,0.033470,-1.543893,0.872599,0.324593,0.649422,-0.416018,-0.444289,-2.187453,-0.000024,-1.013298,0.637050,0.280487,-0.300544,0.862068,-0.593733,0.782847,0.827267,-0.140809,-0.144318,1.777798,0.457912,-1.222950,-2.437443
1797,2,0.504362,-0.405679,1.133855,0.978580,0.707044,1.433602,1.562601,-0.248710,-1.462238,-0.964014,0.361249,-0.505083,2.164868,0.106765,0.248297,0.351989,0.494388,-1.006309,-0.162402,-1.190749,0.709941,-0.265131,0.644480,0.649816,1.092672,0.024439,0.817015,0.369651,1.091269,-0.986007,1.011814,-0.376841
1798,3,-1.754824,-0.595453,0.315041,1.458036,0.584033,0.129134,-0.302166,-0.639098,-0.673745,0.196381,-0.511811,-0.520024,-0.971976,-0.595271,-1.531501,0.027156,0.134001,0.482842,0.664096,1.623802,-1.082813,0.529798,-0.507360,2.109011,-0.141012,0.383397,0.010054,0.967122,0.637449,-0.212212,0.596607,0.459070
1799,0,0.412581,0.713924,0.939212,1.495387,-1.376367,0.034535,0.453254,0.396889,-0.704797,-1.912693,0.670586,-1.130758,0.911131,2.008673,0.499531,-0.394227,0.252346,0.700475,-1.342902,-1.507141,-0.451614,-0.383890,0.927098,-1.494401,1.089837,0.060332,-1.256984,1.669085,0.841406,2.289515,-1.777051,-0.436468
1800,1,-0.089605,0.527036,-0.496354,-1.098255,-1.350887,-0.871798,-0.213845,-0.077814,0.946929,-0.541731,0.281471,-0.451934,1.058650,-0.659075,-0.195676,-0.772163,-0.272884,-0.012800,0.165923,1.656392,0.768592,-1.408309,1.175528,0.445866,0.144123,-0.364436,0.187804,0.989764,-0.464663,0.938922,0.014910,-0.395739
1801,3,2.026795,-0.548962,-0.534278,0.454777,0.652281,-2.802361,-1.569529,0.655859,1.583503,0.455199,-1.006966,-0.155480,0.407066,0.484424,-0.910010,-2.032718,-0.490139,-1.403535,0.262568,0.171993,0.703334,-0.655268,1.190827,-0.626920,0.650300,0.721861,-1.374785,0.087096,-0.472486,0.817437,-0.351950,0.207839
1802,1,-0.731943,-0.198550,-0.529437,-0.862401,1.822775,0.122075,0.550136,0.066147,0.703705,1.175152,0.661007,0.587178,0.047031,0.036513,0.639577,-0.385302,0.930213,-0.346722,-1.037524,0.495107,0.458991,0.631754,-0.838057,1.977651,-0.906904,0.923306,-0.540860,0.552750,0.897218,0.484677,0.736578,-0.256742
1803,1,-1.192980,1.671308,-0.239059,0.071797,0.000210,1.007070,1.189675,1.523301,0.198354,0.090281,0.501022,-0.041349,-0.420383,-0.441693,0.533587,0.376171,0.309343,0.023736,1.644738,-1.543409,0.338770,1.032898,-0.369487,0.540868,0.021404,-2.064162,-1.786254,0.347249,-0.825540,-0.226549,1.511855,1.045156
1804,1,-0.406706,1.753611,0.869798,0.612849,0.235303,0.025310,1.813732,0.072863,0.686639,0.697728,-0.024660,-0.790708,1.532896,0.625128,-0.154657,-0.213307,-1.642316,-1.889834,1.327922,0.954805,-2.675814,-0.797333,-0.528802,-0.967506,0.340972,-1.364020,0.384449,-0.369488,0.675193,0.381290,-0.961529,-0.084942
1805,3,0.487298,0.260603,-1.225669,-0.201448,0.850948,1.087895,-0.632391,3.499922,0.108399,-0.346521,-1.284490,-2.193121,-0.890091,-1.163694,0.341508,0.801157,-1.597541,-0.582476,0.695403,0.631983,-1.057864,0.990543,-1.371990,-0.839046,0.743926,-0.387466,-0.058166,-0.020463,0.694174,-0.333500,-0.204349,0.098779
1806,2,-0.083951,-0.141991,0.911551,-0.399160,0.314484,-1.847172,0.300108,-1.283004,-1.002560,1.002741,0.162587,1.129698,0.705199,0.014001,-0.704201,0.469559,0.095987,-0.515803,0.023404,-0.699233,1.706588,0.207705,-0.808745,-1.135565,0.362429,-1.335434,-0.496271,-0.172943,1.351282,0.412045,-0.884588,-0.737016
1807,2,0.921728,-0.375934,1.036675,0.377612,0.084728,-0.626925,-1.944985,0.385161,-1.075501,-0.998887,2.176274,0.035962,0.082575,1.953392,0.972903,0.171682,-0.265254,-0.926872,0.175529,0.663514,-0.351293,0.796390,-2.037246,0.507196,0.917043,0.987673,-0.576594,0.914516,-0.077019,-0.788526,-0.748688,-1.890686
1808,1,-2.389237,1.728364,0.299864,-0.148250,-1.062363,0.248722,2.250069,0.674468,-0.471193,0.982018,-1.134196,0.002693,-1.254544,1.829273,-0.223684,-0.473846,0.120914,-2.266290,1.291940,0.053230,0.895186,0.255851,1.094966,-0.411740,-0.673383,1.027043,-0.253724,-0.093419,1.104749,0.920976,1.153515,0.254574
1809,0,0.178102,0.192323,-1.717875,0.671379,-0.346589,-0.220984,0.874908,-0.425280,-0.514472,0.343166,-0.159998,1.084102,0.783574,-0.512388,0.052091,-0.594589,1.017955,-1.777764,-0.314125,-0.113409,-0.740524,0.053697,-1.146567,-1.237475,1.128593,0.541740,1.243590,-0.197206,-0.628201,-0.770922,0.256331,1.250877
1810,2,0.900675,1.437035,0.631297,0.342896,0.438528,0.104798,0.135972,2.587278,0.492006,-1.385780,-0.391259,1.956660,1.176872,-0.484272,0.923142,0.471913,-0.791513,0.253425,-1.886330,0.196312,-0.296260,0.510313,-0.348386,0.170324,0.630795,0.995075,-0.303306,0.248805,-0.706142,0.365458,-0.311278,-0.840070
1811,0,1.205221,1.610484,-0.835398,-0.191481,0.594710,-0.469077,-0.848415,-2.040475,0.191098,-0.010024,-0.759698,-0.415542,-1.228710,-0.292928,0.957869,0.749875,0.212201,0.605725,0.536892,0.084882,-0.217413,0.554502,-1.382432,0.395558,-0.538612,0.967547,0.234242,1.406109,-1.027863,0.390299,0.135560,2.713246
1812,2,-0.518600,-0.223271,0.111190,0.253944,1.320532,-1.797997,-0.597917,0.823090,-0.234602,-1.549109,-0.120020,-0.555087,-0.893355,0.863510,0.822375,0.151209,1.530400,1.040979,0.148213,0.119919,1.025182,-0.369201,-0.956702,-1.269901,-0.895991,-0.371418,1.179225,-0.431967,-0.590695,0.994375,-0.921978,-0.264240
1813,1,1.156895,-0.143637,-0.737221,0.050202,-0.030080,0.038729,0.687433,0.252841,1.014162,0.716287,-1.016955,0.915011,0.281269,-0.394596,-0.000515,-1.429174,0.705492,-0.729286,-0.017004,0.443760,0.688249,-0.033062,-0.891338,-0.923962,0.380840,-0.312071,0.186993,-1.555070,0.356508,0.104037,-0.027217,-1.129644
1814,2,0.597667,-1.566517,-0.013654,-0.112204,-1.070132,0.607346,-0.169667,0.347272,-0.207413,0.555166,0.911813,0.194336,-0.850024,-2.143821,-2.007556,1.233270,-0.370410,-0.981829,-0.132399,-1.480524,0.364436,-0.473762,1.090438,-0.556983,0.374261,0.608305,-0.146146,0.881578,0.008592,1.458209,0.159417,-0.113374
1815,3,-0.151788,1.273059,-1.199519,1.009194,1.418811,-0.921528,-0.375936,1.004211,-0.652295,-0.438102,0.057781,1.263646,0.004105,0.332154,-0.308634,-1.472733,-0.013207,-1.138558,-0.255678,-1.942635,-0.192654,0.618156,1.526165,0.428836,-1.992931,2.508652,-0.221384,0.457680,-0.678008,-0.242322,-1.247695,2.177835
1816,2,-1.073987,-0.475920,0.859638,-0.932645,-2.288662,-1.882132,-0.092872,-0.398962,-0.666258,0.597717,-0.331106,-1.039671,1.292650,-0.009625,0.695294,-0.664991,-0.767605,2.013072,-1.027694,0.829200,0.859375,-0.107341,0.419900,1.148746,0.730361,0.849068,0.722409,-0.808850,0.151793,-1.321132,1.738051,0.864818
1817,0,1.537436,0.274280,-0.730927,0.195290,-0.609412,-0.472897,0.422004,-0.511571,1.743114,-0.666830,-0.337869,0.879671,-1.481720,1.401379,-0.093872,-0.659691,1.366525,0.744280,0.013731,1.279913,1.582332,0.270732,-0.180801,1.503467,1.185472,1.176475,0.081494,0.092606,-0.142850,-0.659727,0.464830,-0.064226
1818,3,1.972357,0.210468,0.260137,1.094638,-0.331283,0.662984,-0.869538,-0.399272,0.426751,0.811155,0.557489,-1.367389,-0.095581,0.271126,0.865707,0.105036,-1.860427,-1.755628,-0.219781,-0.294000,1.846986,0.152308,1.095693,-0.000784,0.023213,0.643111,-0.809909,-0.015095,-2.504018,-0.258309,-1.018020,1.080388
1819,3,-0.449088,-1.103451,0.259620,0.987127,0.720965,-1.190260,0.978539,-0.420374,0.988949,-0.658956,0.912415,1.255025,-2.193097,-1.229408,-0.060351,0.113066,0.363548,-0.026836,-1.079383,0.726576,0.095686,0.278433,-0.869700,0.992555,0.453251,0.396164,1.025567,0.943809,-0.246691,0.834613,0.280706,0.729705
1820,3,1.308594,1.772712,0.623411,0.532524,-0.484784,1.669476,-0.751031,-1.120111,-1.364653,0.739165,1.728284,-1.899650,0.701275,1.029098,-0.632222,1.110290,-0.067551,0.302953,0.063475,0.843356,0.845571,-0.226684,0.738134,-0.701871,-0.063777,0.847266,0.651830,-0.590128,1.163187,0.122076,0.129998,1.609076
1821,0,0.479058,-0.245234,-0.134942,-0.816819,-1.456128,-0.521731,-1.225632,0.043386,0.281139,2.265812,-1.127179,-0.118890,1.776814,-0.919315,-0.931855,-1.025815,0.723878,1.906909,-2.673170,0.303025,-0.271835,-1.518775,0.137602,0.356887,1.184482,0.397020,1.259027,-1.429179,0.203161,1.161598,-0.308302,0.324860
1822,3,-0.469873,0.749805,0.111879,-0.395318,-0.351812,-0.235908,1.678228,-0.038313,1.802912,-1.490714,-0.194568,1.268182,-0.254671,-0.090655,0.948633,-0.769345,0.782340,1.775880,0.916271,1.972213,-2.870035,0.924310,-1.070851,0.019443,-1.080406,-0.752897,1.718372,1.320245,1.138786,-0.672715,-1.530227,-0.007408
1823,1,-0.731613,-0.591953,-0.073194,-1.807861,-0.988418,2.011572,-0.027875,2.355243,0.350031,1.582751,-0.692301,-0.539079,0.387374,-1.316544,0.690494,0.688551,-0.578858,-0.613452,1.398873,-0.036043,-2.084580,-0.151526,-0.622854,0.740651,2.753485,-0.364226,0.112777,0.099763,1.007725,-0.844887,-0.153633,-0.268663
1824,0,1.007327,-0.058835,0.632096,0.460227,0.087997,0.638184,-1.359380,1.097704,-0.750325,1.155296,-0.210560,-0.851665,-0.472070,-0.132448,-2.479584,2.689676,-0.482027,0.022194,-0.738858,1.566093,0.687643,0.792271,-0.577409,0.669446,-1.379323,0.195245,1.031350,0.388193,-0.169433,0.412824,0.106446,-0.535881
1825,0,-0.162907,-1.803147,-0.233966,-0.916679,0.091219,-0.414218,-0.731590,-1.016307,-0.076447,0.498290,-0.279898,-0.081632,0.987855,1.097310,0.603078,0.691841,0.916649,-1.113586,0.010267,-1.533577,0.418782,-0.168587,-1.180605,0.407051,-2.736878,1.113591,0.215183,0.388651,0.262936,-0.174146,-1.170404,0.002960
1826,3,-0.238716,1.426079,-1.167780,0.970622,-0.124862,-0.373180,1.364182,0.770976,-0.386321,0.505859,-0.788582,-0.126524,1.125748,-0.648049,0.628222,-1.035196,-0.741214,0.370342,-0.729100,1.183521,-0.201855,-0.746604,0.501644,-1.203624,0.665155,-0.152600,1.200045,-0.453847,0.678015,-0.605202,0.808635,-0.825439
1827,0,0.345938,-0.220526,-1.599235,-0.310497,-0.752375,0.260721,-0.025230,-1.612345,0.082857,-1.074454,1.845764,0.397413,0.626123,-0.692245,0.784768,-0.595491,-1.536504,-0.885236,1.229740,0.053176,0.572577,-1.822735,0.875980,0.847018,-0.786046,1.709119,-0.247032,2.167986,-0.528781,-0.106289,0.548557,1.118138
1828,0,-0.501104,-0.409982,0.668664,-0.613798,0.699122,0.626532,0.207867,0.753368,0.707116,1.105857,0.502163,-0.104893,0.977536,-0.308586,-1.426053,0.869095,-1.191486,-0.164009,-1.101964,0.349521,-0.000091,0.425949,-0.698771,-1.512517,0.281853,-0.501293,-0.933590,0.273146,-0.973133,-0.184662,0.772881,-0.334432
1829,2,-0.254028,-0.704437,3.821427,-0.364521,0.880161,0.076251,-0.055007,0.494717,-1.444007,-0.180114,-0.341574,0.676836,-0.914980,0.731328,-1.129183,-1.147023,-1.797559,0.694302,0.497638,-0.341177,-1.488163,-1.008741,0.022349,0.169616,0.655181,-0.095889,-0.692761,1.127193,2.137688,0.548753,0.774261,0.602542
1830,0,-0.080418,-0.041980,-0.296643,-0.107104,0.053444,0.597197,-0.471956,0.617825,-1.371970,0.390951,0.056728,-1.371609,1.244655,-0.277849,1.362010,-1.201690,-1.536478,-1.928119,1.649497,0.077174,-0.070099,1.136538,0.076938,0.717547,0.241635,0.342321,-0.456420,-0.832790,0.085279,-1.355889,-0.163414,-1.546809
1831,2,2.182834,-0.297932,1.216534,1.364393,-0.562067,-0.549397,-0.605266,0.978831,-0.043090,0.162455,1.075208,0.637887,-2.883819,-0.770094,0.122938,0.212796,-1.524978,-1.194792,1.007555,-0.624094,-0.364527,-0.435025,0.513477,-0.987960,0.101757,0.135096,0.795351,1.139396,-0.897318,-0.780588,-2.233785,-0.185848
1832,3,-1.319072,-0.439251,-1.681626,0.259386,0.263319,-0.499195,1.319833,0.121834,-0.518983,-0.498356,-0.679992,-1.510709,-0.771100,-1.262729,-0.578761,-1.646854,0.762446,-0.775495,-1.721707,0.708371,-0.272684,-1.638673,0.462316,-1.422340,-0.154834,1.471160,2.348564,0.792035,1.544724,-0.543581,-0.862394,-0.083877
1833,0,0.416174,-1.832918,-0.623433,0.601466,0.275194,1.077757,-0.918170,-0.236257,0.052361,0.684268,-1.214210,0.275345,-1.013856,-1.814399,0.475731,-0.132875,-1.727983,-0.687118,0.138347,0.506476,0.031201,-0.659075,0.460021,-0.796426,-1.769276,-0.271833,-0.469709,-0.311136,0.769250,-0.066791,1.840091,0.211382
1834,1,0.722208,0.503681,-0.000953,0.014912,1.880854,-0.792054,-0.149869,1.339550,-0.071572,1.232083,-0.113181,-0.903010,-0.043831,-0.468529,-0.844273,0.983032,-2.448170,0.463024,-0.900535,-0.191434,-1.559716,0.848914,1.274906,-0.497478,0.362840,-0.277897,0.844509,0.311152,-0.235370,-1.653562,0.547510,-1.473865
1835,3,0.946871,-0.725192,-1.705794,1.070995,-0.421625,-1.126998,-0.882572,1.008060,-0.451469,1.239320,-0.401029,-1.715537,-0.117044,0.633983,-0.268939,0.090952,-1.224572,2.649310,-0.527570,-0.244326,0.104656,0.584652,-0.617312,0.646154,-0.227138,-0.249624,0.649917,0.525617,0.770635,-0.981620,-0.079662,1.315904
1836,1,0.032737,0.189273,0.492736,0.578995,0.267419,-0.636974,1.373050,-1.298349,-0.080958,-1.238260,0.064986,1.353333,-2.373821,-1.498600,-1.200058,-0.593378,1.834153,0.414286,-1.115942,0.152741,-0.975404,-1.521260,-1.946265,1.082773,1.897739,1.326384,1.340958,-0.039505,0.688957,-0.064729,-0.129548,1.023014
1837,2,1.241546,-1.316216,1.868556,-0.446699,0.718970,-0.065180,0.132024,-0.619855,-1.178868,0.982568,0.667427,1.148126,0.650643,-1.763972,-0.751164,-1.527633,-0.104533,0.227989,0.400220,-0.065024,-1.306023,-1.850820,-0.394716,0.686464,0.122462,-0.826435,-0.848498,0.594223,1.092217,0.945710,-1.313802,1.066753
1838,2,0.616837,-0.991415,1.292115,-0.337893,1.062256,0.250555,-1.346840,0.922442,-1.535610,0.143132,0.075064,0.949065,-1.174963,-1.668211,1.042067,0.512586,1.267416,1.183405,-1.922425,-0.631746,-0.915985,-1.049440,0.465899,0.465227,0.310800,-1.226513,-0.390842,0.107653,-0.765802,-0.369476,-0.945442,-1.069491
1839,2,1.248980,-0.929480,1.072313,1.425976,-0.942836,0.143096,-1.157642,-0.949362,-1.146957,0.280282,0.103202,-1.616837,0.826777,-1.053766,0.880751,0.175758,-1.625672,1.075402,0.176488,-0.755094,0.700379,0.411074,0.647742,-0.779458,0.267090,0.148965,-1.017521,-0.445605,-0.663032,0.869631,-0.176290,-0.574351
1840,2,-0.877856,0.722724,1.071946,-0.258647,1.410636,1.221119,-1.467807,-0.790434,-0.579687,0.329722,-0.256292,1.526281,0.653336,1.227000,1.267618,0.079687,-1.152056,-0.588418,-2.837726,-1.749725,0.811942,-2.664618,-0.469282,0.672811,0.446139,-0.268477,1.008179,-0.019113,1.345518,1.251117,1.693538,0.066842
1841,2,0.742976,0.257437,1.503816,0.492957,-0.377599,0.682178,-1.075912,-0.369606,0.465487,-1.602511,0.793761,-0.839170,0.497491,0.071662,0.329280,0.169560,-0.399377,-0.669039,-0.831428,-0.042312,0.019409,0.835771,-1.091576,-1.198744,-0.361952,1.045168,0.165726,-0.987507,-0.778076,-0.636088,0.729165,-0.216467
1842,2,-0.799045,-1.012436,1.706084,-0.590689,-0.704320,-1.275550,-1.275868,-1.564164,0.425552,-0.063679,3.007126,-0.480741,0.808656,0.122670,1.318491,1.066066,-0.599642,-0.547822,0.728362,0.695569,1.685547,2.661130,-0.634904,0.067768,1.629175,0.405061,-1.497762,-0.498665,0.249239,-0.659495,-0.341132,0.787353
1843,0,-0.166466,-0.043276,-0.147636,-0.695911,-0.266291,1.018503,1.980753,0.881432,0.115423,-0.862629,-1.990219,0.581885,-1.339986,-0.615319,2.415478,1.574317,1.079041,0.261457,-0.903907,0.250118,0.887190,-1.910082,0.243370,-0.706654,1.577872,1.914633,-1.695394,-0.431685,-0.570650,-3.618657,-0.696201,0.194581
1844,2,1.375872,-0.671806,2.597831,1.095436,0.619714,0.228153,0.600802,0.099480,-0.892627,0.632716,0.226399,-0.980977,0.639774,1.863542,-0.831229,0.547175,-0.315639,-0.456878,0.628163,-2.222752,-0.479537,1.481018,1.075209,1.081146,-0.600207,-0.585752,0.233062,0.684455,1.733197,0.223212,-0.457551,-1.133918
1845,3,-0.438430,-0.555016,0.201941,0.239247,-0.600389,1.106444,-0.309429,-0.438634,-0.140199,-0.026097,-0.078455,0.764780,2.157568,-0.013542,0.009426,-1.616697,-0.583840,1.556359,0.563475,0.797790,-0.178637,1.262956,2.094367,0.088373,-0.426191,0.184706,0.860592,-0.333857,-1.070800,-0.480620,0.137975,0.728730
1846,1,-0.565796,1.156357,-0.747391,-1.082832,-1.111154,0.082758,-0.654536,-0.555389,1.417583,0.867358,-0.659614,0.774971,-0.906002,1.579556,-0.823159,-1.439390,0.556811,1.485262,0.153251,1.347272,1.004427,0.846456,1.602027,-2.040247,0.798316,2.072684,-0.992120,1.047700,-1.983308,-0.373038,-1.050363,-0.394696
1847,3,1.290849,1.150215,-0.343526,1.444210,1.020321,-0.124060,1.317843,-1.951311,1.152295,-0.045260,-0.445757,-1.402881,0.711574,-0.051444,-1.095125,-1.832344,-0.338892,-0.383705,-0.814391,0.312626,-0.320299,-0.000239,1.113696,-1.520644,-1.691187,0.920075,-1.617017,-0.883256,-2.686673,0.626667,-0.502709,-0.665876
1848,2,-0.460124,0.967037,0.029398,2.204002,-0.780345,0.023127,-0.386753,-0.701597,-1.607886,1.724963,-0.454457,1.189759,-0.890335,-0.693081,1.002370,0.826038,1.273506,-0.024074,-1.201083,0.672432,-1.208619,-0.369347,-1.027539,0.052690,0.336426,-0.604911,0.632602,-0.626068,2.251699,0.000928,1.321103,0.652893
1849,0,0.966471,0.806391,-0.063606,-1.034189,-0.252672,-0.215229,-0.288297,-1.012782,0.660815,-0.682941,0.245422,0.794367,0.014018,-0.609153,-2.577597,0.935860,-0.905361,-0.038421,-0.683120,1.375214,0.021537,0.623118,0.632840,0.073245,0.341231,0.742764,0.204818,0.295537,0.567759,-1.312728,1.353333,-2.219716
1850,1,1.123207,0.825132,-0.253808,1.973113,-0.690256,1.179368,-0.490421,-0.422477,-0.117738,2.821436,1.612688,-1.505009,-1.079663,0.987070,-0.417825,-2.549380,1.824574,-0.477951,0.034218,0.407418,0.494574,-1.254423,-0.023072,-1.189860,0.831527,0.139403,-0.390722,1.744851,0.088648,0.182424,-0.798848,0.822942
1851,1,-0.934584,0.258754,-1.572317,0.074976,1.816969,-1.737730,-0.381140,0.300377,0.007321,0.570908,1.044757,-1.196178,-0.116258,-0.485812,0.613246,-0.775419,0.228315,0.089302,-0.966273,-0.122773,0.125433,-0.721294,-0.346908,-0.536278,0.400160,-0.567393,-1.384259,-0.723292,-0.353823,1.186747,-2.257187,-1.419885
1852,3,-0.167660,0.076202,-0.023198,0.142849,-0.257475,-0.207491,0.509671,-1.294581,0.755948,0.109277,1.628446,1.085710,0.260979,1.195674,-1.300285,0.770467,-1.122030,-1.906956,-0.611924,-0.460365,1.233311,-1.713861,1.415384,0.127475,-0.081702,1.069278,-0.066932,0.763374,-0.146223,-1.258688,1.245051,-0.843676
1853,0,0.886064,0.247677,0.061109,-0.996525,-1.332572,1.142789,-0.541654,-1.804455,2.317921,-1.002268,0.734286,-0.815172,0.530322,-0.504098,0.934715,-0.831036,0.323693,-0.131872,0.309006,-1.242921,-0.681102,-1.238551,-1.420863,1.613833,0.687657,-0.215321,1.090062,-0.134081,-1.599504,0.135619,0.965912,0.948524
1854,3,-0.061119,0.347079,0.241954,-0.823300,-1.106293,-0.542411,0.531916,1.567399,-0.601585,0.212578,-0.366615,2.666812,-0.215697,-0.624478,0.027827,0.058015,-1.542574,0.514148,-0.141366,0.158383,0.324740,-0.330472,-0.554657,0.978759,0.567750,-1.013271,0.739490,1.186558,0.830588,1.274543,2.343467,0.973118
1855,1,-2.829215,0.215666,1.009382,0.942522,1.989868,-1.034605,-0.302650,-0.092773,2.547484,1.185190,0.374073,0.807882,-0.359719,-0.577878,0.028317,-0.416904,-0.853920,-0.584662,-0.559190,-0.629562,-0.001252,0.785400,-0.546799,-0.590544,-0.727571,0.677964,1.763407,1.978562,1.095129,2.008932,-0.269043,0.545437
1856,2,-0.619528,0.812876,0.071033,2.399845,0.916465,-0.808747,0.872293,0.140970,0.473828,-0.231576,0.042386,0.021048,-1.257389,0.288528,-0.196155,0.074134,0.955455,0.481975,-0.614962,0.534120,2.963177,-0.028744,1.552449,-0.440782,-0.937072,1.370132,-0.504573,-1.271094,-0.704094,0.411576,1.444095,0.697808
1857,1,0.726150,0.575737,0.868002,-2.189466,0.717229,0.572948,-0.406003,-0.719383,-1.592982,0.504542,-0.311333,-0.692885,-0.061785,0.145319,0.738053,-0.674602,-1.722605,-0.103519,-0.707779,-0.937419,-1.202955,0.084977,1.153884,-0.031941,-0.922746,0.506756,-0.680519,1.341974,0.751742,-0.071272,-0.948600,0.314446
1858,0,0.541895,0.521646,-0.349396,-0.792308,-0.769985,1.241157,0.317192,-0.091212,0.460967,-1.407638,0.595555,0.250642,0.003402,-1.607575,0.475773,1.107423,-1.430320,0.023114,-1.479347,0.046443,-0.288582,-1.041467,-0.041794,-0.728251,-0.220931,-0.630783,-0.434255,0.133150,1.697867,-0.387338,0.287307,1.168739
1859,3,-0.599616,-0.138552,1.264070,-0.330208,-1.129804,0.761875,0.278771,-0.254866,1.226090,-1.143121,0.048709,1.460938,-1.245901,-1.362461,1.000646,0.717329,0.197816,-1.616750,1.145716,0.614582,-1.664053,0.151671,-0.413789,2.437604,-0.843420,-0.653499,-0.681133,0.686680,1.394496,-0.401661,0.040025,-0.742253
1860,2,0.386784,0.020132,-0.410414,0.499668,-0.512556,0.253494,0.229416,0.214616,-0.394421,-0.561949,-1.247272,0.496776,-0.194734,-1.360244,-0.721334,0.373582,-0.414243,0.228229,1.254947,0.478080,-0.663723,-0.652205,1.125964,-0.938792,0.912307,-0.123980,0.631503,-0.642675,0.012602,-0.633956,1.162508,0.368948
1861,2,-0.083668,-0.244389,-0.218670,-0.301782,0.415878,-0.541651,0.464429,-0.950834,0.859436,-0.259413,-0.819974,-0.800630,-1.650335,0.542589,-0.925613,0.068625,-0.624333,1.522557,1.269826,1.498314,-2.256623,-1.232159,-1.212698,2.513566,-0.434979,0.901415,-0.022501,2.452343,0.028084,-0.033523,0.359360,-0.054298
1862,0,0.170435,-0.214180,0.088471,-0.167425,-0.272334,-1.316063,-0.766931,-0.224977,-1.945819,-0.120139,0.000470,1.092630,-0.271391,0.842727,-0.930776,-0.612380,-1.965572,1.064519,0.652253,-1.583367,-0.105922,0.465360,-1.205350,-0.433511,-0.153684,-0.641162,1.581215,1.796705,0.760410,-1.106219,0.842305,-0.229512
1863,3,-0.779552,1.859969,-0.212404,-0.520557,-1.869963,-1.058417,0.135732,1.092712,-0.342659,-0.783694,0.941045,0.977848,-1.161185,-0.642815,-0.595274,-0.358937,0.476921,-1.056751,-0.620368,0.787028,0.076846,-0.345856,-0.955404,-1.345637,0.209709,-2.268042,-2.062771,0.471243,1.369544,0.102918,-0.809216,-0.966205
1864,3,-1.914773,-0.097306,1.322077,0.255194,0.911970,-0.338551,1.197313,0.510650,-2.018304,-1.148322,1.175168,1.080970,-0.512365,-0.388624,0.647099,0.040666,0.878596,-0.730587,-1.144411,-0.082526,-0.144668,0.041764,1.353891,-0.327244,-1.108856,0.987011,0.590234,-0.700135,-1.416764,0.649156,-1.057006,-1.511676
1865,3,0.042979,-0.004942,0.945508,1.861033,0.822963,1.490155,0.232230,0.497915,-0.240687,-2.384352,0.411760,-0.084840,0.409945,1.288969,0.512799,0.519677,2.011288,-0.904694,-1.381443,0.631074,0.495739,0.052233,0.650899,-0.395643,1.473606,-0.830623,-0.101167,0.880999,1.187203,-0.137679,0.017582,-0.034818
1866,1,-0.789997,0.069820,-0.681825,-0.421565,0.666704,-1.216538,-0.366496,0.000696,-1.138395,0.515264,-1.124748,0.436324,-0.259260,-2.510063,0.439362,0.223823,1.045165,0.890151,1.154231,-0.671590,0.357331,2.478797,-0.204284,-0.032213,0.724074,2.741573,-0.358169,-1.092774,0.562780,-0.369127,-0.709510,-0.162157
1867,0,-0.643357,0.275773,-0.350271,0.655610,0.079901,0.201020,-0.466836,-0.272035,-0.149087,0.022418,-0.083082,0.558109,-0.047206,1.245336,-0.010556,0.190079,0.578826,0.797654,0.331497,0.346248,-0.103047,1.970353,0.415643,0.439352,-0.702424,1.603540,1.671347,-0.658867,-0.479141,2.086398,0.363193,0.639889
1868,1,-1.169438,1.027830,-2.092662,0.696997,0.602201,-0.499354,-0.631723,1.858544,1.863663,-0.070697,-2.294753,-0.353905,-0.875242,0.326448,-0.555081,-0.007386,-1.308239,1.447150,-0.858460,-0.207341,0.055453,-1.969568,-0.886172,-0.933636,0.649277,-1.018177,-0.200597,-0.111809,-0.916490,-0.815827,0.473754,1.325866
1869,3,0.014709,1.233526,-0.282770,-0.389171,-0.753825,-0.125340,-0.160309,1.312964,0.644809,0.157137,-0.175430,-0.969412,1.797822,0.093844,-0.574446,-0.497327,-1.229304,0.674719,0.182162,0.106935,-0.612200,0.693871,0.150622,-0.217117,-0.213986,0.658068,-1.082485,2.096894,0.331781,-0.664019,1.392380,-1.500620
1870,0,-0.322938,2.250709,-0.512036,0.605870,-0.405109,-1.252853,-0.955462,-1.427097,1.178095,0.535328,-0.946227,-0.883226,-1.320493,0.293798,1.002579,0.732543,0.429987,-0.525628,1.652694,-1.084274,-0.207026,1.274614,0.024039,-0.386675,-1.001653,-0.099856,0.728675,-1.509526,0.500374,0.288485,0.828168,0.577439
1871,2,0.236866,0.583252,1.691600,-1.734253,-0.782683,-0.103135,-0.361669,0.439927,-0.822764,-0.263531,1.330640,0.517701,0.014122,1.249478,-0.144482,1.258080,-1.365093,0.348432,0.579016,0.381683,-0.916995,-0.936300,-0.806111,1.207733,-0.790314,0.276201,0.151628,0.667105,-1.758443,0.524525,-0.457689,0.111194
1872,3,-0.669353,0.279822,0.712698,2.056486,-0.315708,0.856118,-1.204436,1.675586,-1.565760,-0.823417,-0.765867,-0.108357,1.271103,-2.102553,-1.053518,0.408322,0.549793,1.170574,-0.332374,1.044752,0.443311,0.940378,-1.471203,0.991181,-0.761337,-0.206777,0.100440,0.268897,0.646875,-1.954988,2.706841,0.030901
1873,0,1.722978,-0.374518,-0.016115,-0.746440,0.384365,-1.580257,0.032144,0.347169,-0.478770,-0.347600,0.551279,0.620482,-0.381230,0.195942,0.794009,-2.346103,-0.710499,-0.109942,-0.412313,-0.742990,-1.066205,1.581492,0.762511,0.364197,-0.105881,-0.820191,-0.593223,1.900176,-0.438545,-1.529460,-1.095199,-0.364994
1874,2,-0.090690,-0.278518,0.784066,0.750423,-0.173754,0.361403,0.598129,-0.062245,-1.588512,-2.154828,0.299386,0.543522,-0.099442,0.215312,-0.116708,1.320439,2.325187,0.247715,0.919994,1.032751,1.380764,1.434749,-0.214197,0.031710,0.295648,0.286397,1.135768,-0.153981,-0.090027,-2.642982,-1.213829,1.489133
1875,2,-0.179287,1.288096,-0.750739,1.453537,-0.300180,0.129397,-1.415242,-1.113380,-1.221688,-0.160264,-1.552858,-0.807240,-1.719250,-0.783545,-0.884902,-1.696337,0.915805,-0.155294,0.211687,0.998919,0.440882,0.658232,1.427465,0.000383,-0.948521,0.603735,-0.833593,-0.670409,0.964176,-0.214417,0.822324,-0.417905
1876,0,-0.088964,-0.143816,0.481562,0.295064,-1.057024,-0.314227,-0.643454,0.458615,-1.515318,-0.206213,1.016127,0.842471,-0.937493,-0.392146,-0.369663,0.340700,-1.160154,0.019122,1.179121,-0.061619,0.215622,1.289875,0.847683,-2.090539,0.315249,-0.613918,0.812426,0.876966,0.083906,-2.069094,-0.861438,-0.420355
1877,2,-0.229518,-1.084200,-1.453376,-0.781703,1.044113,0.508850,-0.101236,2.787085,-1.099151,-1.006347,-0.894087,0.540289,0.075201,0.346888,0.978020,-0.340239,-0.592145,-0.989900,-0.425414,-0.299533,2.593002,-0.389735,-0.342842,0.580096,-1.026773,-1.539121,1.935141,-0.442412,-0.644592,0.763547,-0.381434,1.053262
1878,0,0.456459,-0.584269,0.230032,-1.467357,-0.068629,0.947108,1.952628,1.440757,1.891467,0.547371,0.985372,0.092766,1.313697,-2.397913,-0.177904,0.889111,1.158191,-0.318384,1.706531,-2.164403,-1.175207,-0.241039,1.350395,1.164815,-0.369498,-1.010685,0.627137,-0.491620,0.998144,0.234688,0.024571,-0.160293
1879,0,0.613450,1.457596,0.056242,1.362625,-0.976694,0.714536,0.337919,-0.018914,1.044612,-1.419841,-0.124425,0.937415,-0.166707,0.069530,0.668507,-0.783410,2.443483,0.244208,0.221776,1.505382,-0.788015,-0.560586,0.173051,2.263523,-0.197831,0.320600,0.555044,-0.016427,0.216707,-0.984682,0.247964,0.007529
1880,0,2.914639,0.012058,0.270896,-0.520997,0.945589,-0.744132,-0.477835,0.084372,1.493714,0.948705,0.992580,0.652249,0.035082,-1.257358,-2.539569,-0.426171,-0.940519,-1.363660,-0.580497,-0.302653,0.958430,-1.417168,2.457109,0.279516,0.733109,-2.125523,-0.090693,0.098987,0.312786,-1.006499,-2.867589,1.965392
1881,3,-1.052519,-0.780194,-0.074770,-0.901276,-1.822639,-1.645205,-1.320785,0.490615,0.718382,0.196658,-0.894359,0.732085,0.291238,0.270870,-1.216880,-1.955596,0.300530,1.463747,0.203890,-0.381841,-1.299232,-0.609538,0.001789,-0.234889,-0.159176,-0.337579,-0.332975,-0.094778,0.995889,-1.175397,-0.044525,1.038216
1882,1,-1.523396,0.155984,0.165874,0.632432,-0.009847,-1.091240,-1.184224,-1.210373,-0.115096,1.256669,-0.597244,0.642045,0.438800,2.476249,-0.391312,1.925878,1.219134,-1.294686,-0.295609,-1.461632,0.151798,-0.293334,2.042357,1.513552,0.493275,1.157378,0.885756,-0.571130,-0.779309,1.222581,0.795530,-1.290126
1883,3,0.418181,-0.766550,-2.324689,0.903606,0.571167,-0.921751,-0.147850,0.591372,1.510345,-0.138419,-1.494348,0.230125,0.822009,0.701391,-0.970317,-0.292072,0.069530,-0.014536,1.093825,-1.442834,0.088833,1.650897,0.743438,0.109311,0.635104,-0.227602,0.698086,-1.281403,0.447286,0.802490,0.342260,0.543394
1884,1,1.108800,-0.819149,1.117315,0.988396,0.184633,1.431433,-1.301210,0.293874,-0.636961,-0.425043,-0.676238,-0.882878,2.408067,-0.558263,0.229373,-1.340052,0.335299,0.015429,1.292985,-0.641108,-0.173722,-0.883643,0.382343,-0.549670,-1.268773,0.945094,-0.797859,0.344877,-0.755722,-1.109863,-0.129600,0.233167
1885,3,-1.525833,2.205340,-1.160891,3.589626,-0.093159,-0.835964,0.160123,-0.086643,-0.506031,-0.157292,-0.344501,-0.251234,-0.040511,1.751524,-0.727162,0.335309,-1.422751,0.235470,0.447821,2.677274,-0.639502,0.134349,-0.418248,1.308508,-2.980663,-0.793171,-1.375547,-1.634853,-0.690979,0.563248,-0.262332,-0.469555
1886,1,0.015201,0.464606,0.476428,0.825220,-0.778778,1.269187,-1.808193,-0.386122,0.078277,0.118434,-1.489174,1.011215,0.003970,-1.176096,-1.767871,0.652395,1.297483,0.345491,-1.170139,-1.715202,-0.604531,0.081083,-1.501171,0.743324,1.774293,1.945254,0.292274,-0.806908,-0.186873,1.052882,0.846574,0.728224
1887,0,2.347794,-1.217930,-1.888725,-0.064460,0.875928,1.247255,0.208165,0.005847,1.521467,-0.134040,-0.973006,0.959471,-1.039978,0.785565,0.893465,-1.309014,-2.169351,1.188151,-0.012157,1.242208,-1.562901,0.341305,1.096966,-0.376361,-2.018519,-0.554529,-0.309022,-0.644460,0.735938,-0.347198,-1.851267,0.018044
1888,0,0.026127,0.959227,0.443822,1.060126,0.475418,-1.008150,-0.860553,1.118264,0.079318,-1.443760,0.719940,-0.260269,-1.922695,-0.433450,0.299446,1.210710,0.179511,0.014900,-0.734347,1.225593,1.038474,-0.715369,0.736216,-0.850529,0.429022,0.602169,-2.246537,0.392133,0.741841,-0.500377,0.641932,0.542884
1889,1,-0.564719,1.635789,-1.568255,-0.985096,-2.070114,1.095465,-0.696537,0.663558,0.219585,-0.096034,-0.663302,-0.112010,0.822142,-0.068826,1.543474,0.206955,-2.169412,1.627263,-0.928123,0.576053,0.099681,-0.152760,0.395141,0.681349,-0.645147,0.550779,2.662559,-1.012478,0.904749,0.627423,0.321367,-0.963985
1890,2,-1.465722,0.673379,0.149006,-1.267925,-0.049336,0.515702,-0.378949,-0.924593,-0.351746,-1.297920,-0.645370,1.377996,-0.777941,-1.682783,0.272908,1.180643,-1.002968,-2.286615,-0.731750,-1.392300,-0.577713,2.634585,-0.298727,-0.313145,-1.094244,-0.956718,-0.582216,0.392679,-0.129730,-1.769851,2.374405,-2.005813
1891,0,0.551171,-1.173186,0.165825,1.239148,-0.410752,-1.591172,-0.155689,-0.103202,0.420353,0.614765,-2.238903,0.330595,-0.938873,0.122008,0.505718,0.597760,1.770393,-2.652579,0.151483,2.823509,0.890045,0.866714,-0.211345,-1.517929,-1.416719,-0.142912,-0.933704,0.995570,-0.894343,1.281231,-0.073716,0.240758
1892,3,-0.192992,-0.429599,0.345806,0.962620,0.255948,-0.514721,2.179009,0.193498,-1.119034,-0.904806,-2.084197,1.291015,-0.381503,0.152494,-0.740494,0.048911,1.296134,0.845765,-1.551664,1.592487,-0.633339,-2.549421,0.453426,-1.359987,0.185318,-0.889150,0.476991,1.038516,-0.979248,-0.611587,-0.155428,0.006009
1893,0,1.382209,-0.604523,0.207867,-1.047924,2.278695,-0.487850,0.590217,-0.801525,-0.904983,0.055848,-0.029780,0.174486,-0.666151,-0.089501,0.463334,-0.781998,1.248333,0.365850,-0.042952,-0.087531,-0.379286,0.721366,-2.773438,-1.724154,-0.470984,-0.384851,0.285656,-1.330181,0.479171,0.361437,0.572731,0.208550
1894,2,0.697782,-0.788350,0.380776,0.058147,0.414114,-0.672182,-1.620154,-0.020444,0.773180,1.006117,0.933321,-1.982651,1.214319,0.558099,-0.588701,0.858225,0.734488,0.301281,1.046051,0.998187,0.146835,-0.508628,-0.306832,2.136168,0.623005,-1.445716,-0.032956,2.171593,-0.490958,0.300167,0.772519,0.053398
1895,2,-0.259975,0.433039,0.762027,1.379295,1.433224,0.256084,1.124284,0.012017,-0.498975,2.129503,2.039649,-0.552299,0.454310,0.425433,-1.173484,0.761476,0.467340,-2.300297,-0.241814,0.721608,1.842585,0.186730,1.615840,0.630918,-0.017924,0.363870,1.805084,-0.899914,-1.235653,-0.273435,0.848686,-0.556462
1896,3,-0.930002,-0.053017,1.354242,-0.112377,-0.131332,0.307166,-0.549656,0.047731,-0.350498,0.534114,1.093030,0.441840,-0.328549,0.399740,0.471278,-0.748623,-0.256878,-0.408833,-1.448601,-0.601770,0.767461,0.171684,-0.461060,0.064506,1.829898,-2.038443,-0.979836,-0.818834,1.518309,1.385055,0.045411,0.461270
1897,1,1.567197,-0.358126,0.613878,1.318513,-1.096671,-1.078989,-0.788193,0.049335,0.995885,0.483375,-0.146714,2.923035,0.950365,0.149665,0.659628,-0.214742,1.130009,-0.636952,0.349893,0.073214,1.065859,-1.564255,-0.873938,1.747368,1.943756,-1.640543,0.884762,0.863496,0.536274,0.364382,-0.477304,0.023689
1898,0,0.719311,-0.588446,-0.251852,-0.920355,0.192156,-0.311874,-1.109638,-0.417962,0.881139,0.966723,-0.012628,-1.936129,0.431411,0.062231,-0.608277,-1.154563,0.978946,0.150401,-0.914271,1.070601,0.171480,1.094555,0.350645,-0.730016,-0.806487,1.273833,0.071397,2.590883,-0.970760,0.181711,-0.257861,1.220505
1899,2,-0.935346,-0.618823,-0.094206,0.213692,0.719144,1.598008,-1.066133,-2.277856,1.299035,-0.596398,0.416802,-0.357044,-1.350349,-1.184429,0.165523,-0.232529,0.018241,0.629908,1.407851,1.608780,-0.065620,-0.996658,-0.480200,0.656752,-1.835435,-1.592937,-1.345100,0.519818,-0.916398,-1.343072,0.422083,0.888368
1900,2,-0.413048,-0.470009,1.274896,0.375898,0.680226,-0.376177,0.970767,-0.750420,1.207814,-0.424813,1.043661,-2.299086,0.124927,-1.329316,-0.787067,1.490465,1.110684,-0.214860,1.007739,0.675182,2.933711,-0.460504,1.242925,-2.685711,1.583741,0.553447,0.807663,-0.266090,1.324514,-0.199101,-1.006795,1.798959
1901,3,0.427664,-1.306910,-2.105548,0.109809,0.029539,0.724171,-0.572599,0.333139,-0.372923,-0.057758,2.451910,-0.576280,0.424186,2.195572,-1.157207,0.480362,-0.995600,-1.238525,1.031162,0.266548,-1.164239,-0.495400,0.727857,1.778838,0.629623,1.240137,-1.514184,0.567857,1.059135,0.608865,0.803505,1.277499
1902,1,-0.352885,0.804188,1.155396,1.953445,-0.335277,-0.157832,0.260489,2.011986,-0.863494,-0.974590,-0.465441,-1.134669,0.112386,0.170657,0.381731,-0.037528,0.754926,-0.195732,-0.821878,0.607235,-0.270873,-0.661844,0.516976,0.158607,2.851104,0.000175,-0.806919,-0.998772,-2.210973,0.117938,1.480181,-0.637929
1903,1,-1.604244,1.371683,0.227458,-1.042299,0.874557,0.898079,-0.134127,1.590958,-0.769829,-0.191394,0.122371,2.480121,-0.463206,-1.301467,-0.974534,0.929545,0.848749,-0.358377,1.520365,1.112858,1.656493,-0.044295,-0.399663,-0.715377,0.301116,-0.313608,0.184188,0.254611,-0.940189,-0.496848,-0.020002,0.015071
1904,2,0.527938,0.140872,0.630436,-0.300498,0.957584,0.430187,-2.425742,0.297878,0.665964,-1.470866,2.227584,-0.649946,-0.256803,0.573966,-0.854601,1.470123,0.276036,-0.413920,-0.109999,2.022433,-0.230193,-1.586771,-0.402395,-0.298083,1.583779,-0.725026,0.520743,-0.455132,1.036054,-0.778377,0.217676,2.420081
1905,3,-0.514666,-2.717731,-0.000850,0.727284,-1.399863,0.957057,1.675502,0.383632,2.407732,0.264688,-0.383793,0.236900,-0.327771,0.276849,-2.007369,-0.914477,0.298825,-0.536023,0.061532,-0.913591,0.269118,0.301185,0.927960,-0.983541,1.010620,-0.616542,1.505774,-0.137970,-0.391042,-0.910667,0.994124,1.748429
1906,0,-0.567020,-0.837555,1.092547,-0.739992,0.619421,0.917036,0.345350,2.630181,-0.585094,-0.647423,-1.629654,1.485572,-1.277625,-0.607833,-0.274023,-0.298890,0.392931,0.037994,0.190109,0.697163,-0.684301,-0.034732,-2.087032,1.320738,-0.796727,-0.480126,-0.558787,-0.253529,0.208079,0.947873,1.754149,-1.195869
1907,3,-1.473324,-2.219048,0.135718,-0.037497,0.134612,1.298754,0.065662,0.190540,0.176977,1.033647,0.900413,-1.437966,-0.006674,0.491739,-0.322237,1.724967,0.322096,1.115740,-1.139979,-0.746166,0.846608,1.768106,-1.010759,-1.322258,-1.208242,0.189040,1.993069,-0.863601,1.328074,0.846922,0.138550,1.407096
1908,2,-0.497839,0.217478,-0.255595,0.517588,0.208269,-0.939752,-0.304103,-0.135470,1.413706,-0.735468,-0.484140,0.507434,0.337066,0.041368,-0.420201,-1.312758,-0.395266,1.957429,-0.832999,-0.681355,0.480792,0.519840,1.649104,-0.468498,0.896176,-2.025142,-1.587052,-1.048322,0.215360,1.323689,-1.346261,-0.279127
1909,3,-1.066430,-0.551821,-0.888730,-0.598738,1.599049,1.318159,0.122820,-1.155005,-0.986545,0.215321,0.530118,1.395517,-1.094302,-0.014954,-1.475189,-2.309275,1.260752,0.976500,1.083407,-0.224356,0.899846,-0.414761,0.929349,-1.758217,0.737424,-1.629196,0.578262,0.722619,-0.273936,0.175829,1.417452,-0.172440
1910,3,0.210160,0.281009,-2.161387,0.121005,-0.334213,-0.942016,-0.042334,0.804886,-0.505928,0.594873,-0.319281,1.309768,-0.720770,-1.039982,0.558107,-1.268630,0.388415,0.455302,-0.382415,1.226582,0.788831,-0.415839,-0.393710,0.498219,-0.790543,1.292940,0.461510,2.421054,-1.666168,0.567415,2.588815,1.933324
1911,0,0.926228,0.056922,-1.236362,0.927899,-0.821980,1.402596,-1.262224,2.470023,0.254716,1.378533,-0.088912,-0.762417,-0.724084,-2.474035,-1.159708,-0.276012,0.250974,0.543100,0.116742,-1.155167,-0.572414,-0.641197,-0.332658,0.674735,0.593484,0.104155,-1.107572,-0.306467,-0.532201,-0.016422,-0.274505,-0.078084
1912,2,-0.194353,0.457835,2.689126,1.151161,1.457594,-0.114206,-0.808144,0.366502,-0.309980,0.902699,0.372567,0.182824,-0.287782,-0.261526,-1.459828,-1.072522,1.083315,2.553283,-1.738696,-0.225322,1.590866,0.620887,-0.299940,-1.729505,0.634236,0.087128,0.630981,-0.447008,1.171673,3.478042,1.182423,-0.619499
1913,1,-0.660979,0.101562,1.511387,0.363521,-1.026021,0.067811,2.011734,1.309612,0.271475,-0.916352,-0.264526,-0.793248,-0.503468,-1.099751,0.315921,-0.424041,1.590140,0.490181,-0.004907,-0.200689,1.311160,-2.660118,-0.117257,0.070384,0.536541,-1.094041,-1.090794,0.020409,-1.266551,-0.533017,1.455693,-0.714486
1914,2,0.764657,0.378036,0.920155,-0.915101,-0.687385,-0.688751,-0.536002,1.023209,0.418644,-1.143908,0.182879,1.784113,-1.138833,0.049877,-0.216182,0.853268,0.742623,0.268735,-1.055217,0.845964,1.319180,0.630668,-0.372644,0.012551,-0.304257,1.654128,-0.824729,0.279792,-1.430827,-0.286916,-1.187185,0.178567
1915,3,-1.357664,1.429107,0.538382,-0.114143,-1.246344,-0.435717,1.576941,-1.314656,1.783311,1.055813,0.487670,-0.711598,-0.336567,0.398926,-0.285558,-0.459021,1.622867,-0.924256,1.349265,-0.816231,0.859548,1.116190,-0.470887,0.492677,1.846199,0.066767,-0.747945,0.088854,2.034179,-2.301179,0.229873,-0.318995
1916,1,-0.287467,-0.693340,-0.137541,-1.064924,1.186872,-0.428715,0.909067,0.167352,1.595587,0.790709,1.210677,0.734605,0.583700,1.183964,-1.561034,-1.239780,-2.034330,0.380888,-0.873642,0.918828,-0.532013,0.604556,0.034432,0.921993,0.772173,0.083573,1.473133,0.924562,-0.569859,-0.570464,-0.767514,1.579185
1917,3,1.160227,-0.143103,0.571455,0.086397,-0.804243,0.213316,0.447491,0.383256,0.044266,-0.134125,1.011714,-0.940933,-1.272958,-0.321678,-1.427815,0.552824,1.137832,-0.214071,-1.158221,-0.802487,-0.414450,0.536439,-0.154234,0.325683,0.199478,-0.744118,0.347720,-0.861621,-1.432403,-0.629570,0.923155,0.116461
1918,0,2.412850,-0.703698,0.578878,0.135046,1.860661,-0.223794,-1.441948,0.566161,-0.193268,-0.720472,-1.628607,0.319110,0.766137,1.416337,-0.804324,0.076962,-0.313652,0.322156,-0.490566,-0.732390,-0.507894,-0.693327,-2.265007,-0.676949,-1.007434,0.814942,1.294392,0.371517,0.490339,0.989408,-1.894724,0.459273
1919,0,0.701075,1.141665,1.058300,-0.403214,-1.215394,0.259381,-0.564616,0.606959,1.416068,-0.715276,1.452120,1.364812,0.302537,2.925890,0.526501,-1.550850,-0.148299,0.377639,0.039684,-0.913859,-0.622724,1.027633,-0.639524,1.397310,-1.579677,0.647597,0.120066,0.131889,0.105603,-0.715752,-1.371930,-0.712987
1920,3,1.069194,-0.684619,0.808194,-0.271350,-0.646156,-1.973881,-0.050534,0.325163,1.112762,-1.366483,1.789954,1.909343,0.401548,-1.541551,1.127074,1.037271,0.103740,-0.036050,1.279043,-0.652127,-0.575549,0.401784,-2.619123,0.013336,-0.601199,-0.139952,-1.077129,-0.010772,-1.180102,-1.441878,0.129468,0.141228
1921,3,0.676070,-1.675221,-0.236461,-1.106214,-0.169127,0.356102,-0.681533,-0.993121,0.672320,-0.072821,1.499927,1.130588,-1.030110,-0.235780,2.231580,0.272543,-2.109519,0.126345,0.760312,-0.061190,-1.136866,0.061435,0.816381,-0.563232,1.216719,-0.201736,0.238427,0.944679,-1.563427,0.114722,0.150397,-1.768048
1922,3,-0.214755,-0.096363,-0.639904,2.284447,0.922326,2.624627,1.143152,-1.841549,-0.907465,-0.375415,0.940116,0.015434,-0.400629,0.195965,-0.273709,0.965601,-0.407858,1.456893,0.449168,0.796868,-0.984324,-1.797589,1.559763,0.243821,-0.594981,-1.143382,-0.413503,0.001732,-1.546056,1.328498,1.639679,-2.066555
1923,3,1.342544,-0.919463,-0.537151,0.254436,0.352162,0.638841,-0.696317,0.404998,2.749007,0.587094,0.290931,0.311586,0.431584,0.493425,-0.446229,-0.123171,-0.627711,-0.738766,-1.120845,-0.415007,-1.091340,-0.463550,-1.049652,-0.652553,0.723312,0.966217,-0.469714,1.580980,0.634452,0.949683,-0.135296,0.009900
1924,3,-1.392818,-0.749471,-1.826245,3.009274,1.491409,0.283934,0.394557,-0.976699,0.107024,-0.214874,0.394238,0.398268,-0.821670,0.834234,-1.086792,0.919407,-0.739271,1.232103,-0.789224,0.515478,-1.449736,0.602075,-1.072687,0.853873,0.820679,-2.503346,0.711004,-0.455836,1.620103,0.082744,0.486359,-1.295693
1925,3,0.532248,1.097577,0.277334,0.569000,-0.879494,-1.167273,0.207760,-1.287897,0.503656,1.390112,1.224337,0.873170,0.157227,0.270462,0.544587,-0.000333,-1.153224,1.388439,-0.769862,1.252227,-1.380330,1.476176,1.547798,0.503545,-0.332429,-0.117747,-0.431960,-1.791644,1.296195,0.664571,0.030129,1.471711
1926,3,-0.612644,-0.678654,0.401992,0.263458,-0.496465,-0.678144,2.284027,-1.080394,1.031058,0.730432,-0.964289,0.362958,1.165625,0.434892,-0.977201,2.132723,-0.699154,0.656155,-0.507427,0.221467,1.298521,0.181296,0.494898,-1.294898,0.732615,-0.133003,0.642254,0.546679,-0.408672,0.094043,-1.856505,-0.564821
1927,0,1.862122,-0.638259,1.281047,1.049434,-1.160433,-1.033635,1.789850,0.271610,-1.137171,-1.317060,0.208616,-2.222126,-1.577776,0.778861,-0.501713,1.933006,-0.815657,1.319760,-1.191772,-0.368697,-1.613590,0.490807,-1.104066,1.564844,0.382189,-2.153947,-0.512312,-1.092941,-0.773710,-1.374212,1.147947,0.526901
1928,0,0.642252,0.557362,-0.177819,-1.230572,1.095175,-2.989912,0.106092,0.679497,-0.153403,-1.927607,0.813697,0.076930,-1.267850,0.754609,-0.434940,1.400486,-0.221388,-0.238239,-1.529384,-0.414591,-0.096948,-0.598725,-0.085673,1.082804,1.280045,0.156014,-0.046417,-1.515807,-0.580825,0.330393,0.192339,-0.527557
1929,2,0.161984,-0.208848,1.356640,0.361642,1.574743,-0.570943,-2.317940,0.092164,-0.199495,-0.188127,2.067874,-0.597731,0.194589,-1.460668,0.397421,-0.066291,0.984099,0.411498,-1.557613,-2.166472,0.032195,1.157545,-0.172108,-1.757732,-0.097303,1.250852,-1.347347,-1.389416,1.619779,0.901849,0.676570,-0.135849
1930,1,-0.376230,1.128781,-1.319326,0.379139,0.658590,0.432369,-0.860203,1.864308,-1.470381,-0.011178,-0.447295,-0.685167,-0.337210,-0.269161,-1.208170,2.329952,-0.431660,2.015455,-0.778795,-0.590720,-1.036703,0.131924,0.743212,0.615858,0.492441,1.578525,-0.498708,-1.204938,0.672591,0.544367,-0.892301,-1.020513
1931,0,0.638563,1.013241,-0.217686,0.694131,-0.694865,-0.000345,1.041451,-1.060490,-0.419615,0.514741,1.091611,0.039176,-0.723105,1.565737,-0.184181,-0.480353,-0.751144,-0.183824,-0.224693,-0.304067,0.424459,-0.288172,1.847016,1.552021,-0.972286,2.266802,-0.548739,0.504143,0.528228,1.248710,-0.270252,0.958427
1932,1,-1.941210,0.967820,0.126837,-0.390533,-0.786375,0.485004,0.389176,1.705572,-1.484153,-0.437582,1.208498,-1.092057,-0.834857,-0.839332,2.105162,-0.943739,0.792408,-1.533432,1.405224,1.376272,0.976310,-1.170716,0.354047,-0.484958,-0.372729,-1.065471,0.250301,-0.100355,1.097942,-0.240178,-0.220602,2.115569
1933,2,0.358697,0.353430,-0.671176,-0.720235,0.276575,-0.758972,-0.045716,-1.447489,-2.119292,-0.253291,-0.398883,3.520391,0.250893,0.827193,1.672382,0.260327,-0.160783,0.580708,0.563032,0.065302,-0.021629,-0.555561,0.801226,0.333459,1.723841,0.466817,0.727408,-0.234760,0.534575,-1.049117,-1.123599,-0.259154
1934,1,-0.482330,-0.329482,-0.910242,0.810696,-0.653151,0.563602,0.907201,0.348516,-0.211852,1.598366,0.169449,1.332393,1.966474,-0.945993,0.627153,-1.311597,-0.792211,-1.696298,-0.022693,-0.000001,-0.552487,0.129708,-0.672462,0.137854,-0.704179,0.437683,-1.491401,-1.532333,0.173088,-1.322233,0.794675,-0.761959
1935,2,1.622739,0.657165,1.515708,0.622878,1.004775,1.350440,0.890312,0.258505,-2.078000,1.213403,-1.290555,0.075255,1.103932,-0.296409,0.755835,-0.977748,-0.127755,-2.544642,0.267384,0.552716,0.557794,1.088985,-0.345611,0.504128,0.303993,-0.103578,-1.017368,-0.391578,0.375762,0.283606,1.001091,-0.214544
1936,3,-0.363931,0.706866,-0.771573,0.602273,-0.547114,0.834332,-0.641646,0.546989,0.624798,0.380163,-0.402431,-0.727708,-0.766154,0.962513,0.993413,0.545494,2.010134,0.838754,0.088222,1.360892,-0.513364,-0.832691,0.063699,0.910170,0.631446,2.078783,-1.534083,-0.308766,-1.323604,0.746637,-0.132493,0.084983
1937,3,0.282498,0.441795,-0.101148,-0.760167,-1.240656,-0.426097,1.069670,-0.138874,0.317950,-0.587249,1.008554,-0.122887,-1.137638,-0.413896,0.702610,-2.004851,0.047567,-1.137947,0.935169,-0.681977,-0.104310,-0.792583,0.098334,-1.077928,-0.134195,-0.615881,-0.131358,-0.788555,0.517583,1.550122,1.085339,-0.574956
1938,1,-0.852700,0.025161,0.174823,0.680900,-0.848767,-1.287416,0.786611,1.437965,-0.788645,-1.059657,-1.222004,-0.760601,0.993468,2.810277,-1.037653,-0.293892,0.137022,-0.761379,-2.022243,-0.612505,-0.107573,-1.106953,0.669932,0.034952,-1.040331,0.839762,0.422670,-1.897954,0.811732,-0.957646,-1.042311,-0.645505
1939,1,-0.123987,1.324470,-0.591201,0.813880,0.260715,0.453680,2.391225,0.317065,-0.472055,-1.008915,0.111000,-1.814304,-0.173096,0.528166,-0.512697,-1.593804,2.359590,0.827574,-0.468181,-1.776654,0.612570,0.312629,-0.036867,0.626908,1.075027,0.311800,-0.615240,2.847803,-1.509227,-0.010296,0.937468,-0.199419
1940,2,-0.824597,-1.066215,1.940351,-1.659932,-1.023677,-0.611277,0.442304,-0.395149,-0.067631,1.119963,0.348296,0.952251,-0.680799,-0.110582,0.399844,2.487601,-0.016962,1.013882,-0.352037,-0.191292,0.712646,-0.371134,0.427674,-0.356997,-0.546268,-0.532178,-1.964481,-0.588743,0.671662,1.192875,1.189577,0.136721
1941,1,1.031096,1.055513,-0.528438,2.081069,0.309382,-0.042846,1.028573,2.313512,0.344104,0.725386,-0.185104,0.198758,0.992060,-0.087413,0.051988,0.048123,-0.060858,-0.350638,-0.532316,1.253600,0.653689,-0.198903,2.741309,1.000555,-0.361541,0.877337,-2.491142,0.610047,0.351456,1.176374,0.708193,-0.771026
1942,0,1.929702,-0.194658,1.760939,1.080576,-0.374480,-0.707762,0.702616,-0.212935,-0.564372,0.209373,-1.032287,-1.066523,0.448379,-0.375971,-0.247669,-0.649305,0.419813,0.046196,0.763507,1.450914,0.548791,0.060766,0.639731,-1.457698,-0.637966,0.184919,0.267132,0.667255,0.067247,-0.283416,0.193400,-0.546349
1943,1,0.111832,2.300937,0.120349,-0.919830,0.295288,-0.507502,-0.395127,-1.851052,1.250554,1.090693,0.145073,0.639944,-0.146925,-0.488095,0.138814,1.424249,0.097184,-1.085975,0.249196,2.165665,-0.328876,-0.946812,1.565377,-2.317483,0.459834,0.035191,-1.806966,0.404798,0.250059,-1.188421,0.305150,2.265068
1944,2,1.150789,0.426531,0.474548,-1.345342,0.555863,-1.867986,0.365207,-0.068124,1.797360,1.194187,-1.645236,0.293106,1.039633,0.898736,0.538182,-1.190981,-0.532524,0.459314,-1.229671,0.103516,0.634576,-1.322907,0.563511,0.514933,-0.637416,-0.476806,1.424603,0.410601,-0.831544,-1.142821,-0.696994,0.756686
1945,0,1.816396,-0.517443,0.273396,0.103001,-1.233224,-1.124646,1.565370,1.195676,0.007138,0.269757,2.367019,-0.003438,0.233913,0.405415,0.728500,-1.212108,1.483472,0.245460,-0.309480,-1.243243,-2.232619,-0.212902,-0.327892,-0.770436,1.443338,0.194961,-0.014746,0.569034,-1.870821,-0.724870,0.958619,1.148690
1946,2,-0.815629,0.489484,-0.294610,-1.035743,-0.942373,-1.112938,-0.129236,-0.718038,0.610620,-0.550075,-1.045628,0.363301,2.535085,-0.183615,-0.708416,1.536368,1.169895,0.353838,-0.370201,-1.032719,1.705996,-0.055122,-1.481206,-0.627309,-1.184308,-1.358509,1.857691,0.253289,0.400515,1.504410,3.413309,2.583807
1947,1,-0.759299,1.250254,0.169232,0.521109,1.789404,-0.540316,-1.672839,-1.214545,0.414777,-0.663452,-0.965316,-1.225165,0.306936,-0.699463,-1.490909,2.310144,-0.184048,-0.801255,1.240470,-0.142482,-0.057030,0.395423,-0.123219,-0.428596,-0.725063,-0.051375,0.154179,0.135834,-1.193948,0.597166,0.990848,1.215915
1948,1,1.415547,0.973918,-0.174798,1.156102,-0.840791,-0.668136,1.383099,1.369629,-0.682444,-0.303404,1.921306,-0.459612,0.607937,0.548796,0.203856,-0.684947,2.087728,1.983893,0.449965,0.778754,-0.028122,-1.069178,-0.521409,0.857732,-1.222699,0.569648,-0.344147,-0.580678,1.355197,0.316788,0.654656,3.131386
1949,2,-0.275095,0.257396,-1.041135,0.217416,-0.597450,-0.586214,-1.546705,1.276494,0.258500,1.688982,0.403223,0.272563,-0.980252,-1.625805,-0.105285,-0.287837,0.205195,1.859928,0.054658,0.288282,0.853868,-0.719376,0.701976,-1.042642,-1.319680,-0.159919,-0.356056,0.093439,-0.704154,0.076583,0.212210,-0.550025
1950,1,0.745400,-0.238976,-0.465272,0.078427,0.824812,0.728783,0.306384,0.377607,-0.053107,-0.561859,1.409998,-0.586706,0.937991,-0.441890,-0.652937,0.112729,0.842935,-1.736478,-0.140102,-1.367889,-0.299043,1.969033,1.017098,0.857679,0.389926,-1.291982,0.882045,-0.589272,0.239678,-0.372166,0.835682,-0.245470
1951,2,1.465989,0.276897,-0.807762,-0.211281,-0.105211,1.171061,-0.694177,0.880235,-1.050975,-0.423319,1.835872,0.851456,-1.080407,-1.019511,1.683966,-0.574581,0.082954,-1.620619,-0.153181,-0.104423,0.128861,-0.784048,0.752036,1.021599,-0.145047,0.871178,-0.565556,0.347896,-1.986707,-0.323558,-2.456887,0.322661
1952,1,-0.272670,0.857664,-0.092138,-2.272861,-0.942606,-1.258022,-0.456186,0.397455,-0.689712,0.779655,0.724351,-1.862166,-0.698071,0.682344,-0.754589,-0.350704,-0.309157,0.493297,0.208568,-0.041442,-0.924491,0.022854,0.035683,-0.490431,0.906620,0.001456,1.068406,0.933970,-0.074001,-0.672291,-0.032503,0.470681
1953,0,0.514520,0.296285,0.011318,0.937760,0.198596,0.628593,0.853647,1.446092,0.863828,-0.441229,-0.962952,0.874726,1.404909,1.246091,0.309045,-0.761271,-1.450078,-0.389178,-2.179595,-0.929859,0.250379,0.393451,0.699486,0.704267,0.806883,0.442867,0.853620,-0.707539,-0.028657,-0.448798,-1.942256,-0.507242
1954,1,0.016462,0.662234,-1.513805,-0.802350,-0.949047,-0.643359,1.638956,-0.222521,-0.000855,-1.079606,-1.046429,0.489754,0.644592,-0.855763,0.311146,-0.134671,-0.472754,-0.157577,1.816600,-0.848196,-1.249510,0.607979,-0.738329,-0.988249,0.209591,0.148553,-0.681853,-0.489573,-1.299414,-0.823812,-1.128193,1.778228
1955,0,0.839956,0.183890,-0.735108,-2.144603,0.434638,0.075983,-2.078420,0.848610,2.027165,0.680476,0.169927,-0.492033,0.264364,3.386133,-0.393657,0.429226,1.793453,0.689921,-0.813667,0.538075,1.712645,0.399418,-0.560199,-0.980801,0.792086,-0.876992,-0.125310,0.432589,0.475856,-0.376158,0.128367,0.383815
1956,2,-0.729354,0.284646,0.445129,-1.322523,-0.022178,2.662963,1.379992,0.743648,1.397442,-0.699595,0.394763,-0.404529,-0.280366,0.564559,0.369892,0.710368,-0.229687,-0.085081,0.491697,0.499899,0.540259,-1.072544,-1.005206,0.338392,1.827579,1.209190,-0.552897,0.026602,-0.462744,1.396320,-0.599075,0.094450
1957,3,-0.906973,-0.011819,0.285138,0.938984,0.899101,0.489451,0.677017,-0.236900,-0.291947,-1.196827,2.554363,-0.290733,-0.553534,-0.057860,0.180249,-0.170788,1.089152,0.538017,-1.347043,2.069644,-1.272923,-0.688459,0.996241,0.682257,1.212171,-0.564521,-1.412792,-1.859020,-0.710223,1.253818,-0.082375,0.195788
1958,2,0.077441,-0.021565,1.323441,-0.616694,-0.278841,0.578395,-0.068762,-0.647456,1.132567,0.378726,1.716717,-0.078703,-0.009030,-0.287000,-1.182543,0.123780,0.886899,1.718549,0.861770,0.149725,-0.047422,-0.401449,0.813967,-1.495613,0.515926,-1.655180,-1.004732,0.587142,2.022149,0.764819,-1.190826,1.890610
1959,2,1.082543,1.516481,-1.044494,-2.155127,0.340259,-0.560340,-0.514706,-0.560944,0.429313,1.400564,-0.348153,-0.246125,0.469921,0.062362,-0.452202,2.570995,1.852360,-0.557432,-0.297971,-0.231161,1.012393,0.638273,-0.662098,0.776577,0.355950,-1.421886,0.647957,-0.077376,0.241057,-0.154474,-0.618954,-0.478086
1960,0,1.003017,1.660987,0.129190,-2.033348,0.790184,-0.466067,1.238902,0.923597,0.264308,-0.558336,-0.743959,-2.006350,-0.347438,0.263999,0.140904,-1.185723,0.747141,-1.127754,0.155214,0.260992,0.133966,-2.457014,-1.308605,0.476923,1.403220,-0.144455,-0.577786,1.195038,1.613576,0.403720,-1.581876,-1.847005
1961,0,2.063606,0.612088,-0.520903,0.189823,-2.090294,-1.520836,-0.789135,0.490256,0.240486,-2.485194,-0.151030,0.961158,-0.585438,0.135373,-1.265920,1.084460,0.176860,0.788912,-0.028599,-0.289042,-2.644000,0.616328,-0.528788,-0.947984,2.345163,-0.328822,0.945272,0.971401,0.920758,-0.148867,-0.256133,-1.315018
1962,3,1.219607,1.402950,-1.131507,0.401930,-0.378669,-0.584128,0.244668,-0.664381,-0.184922,1.003856,-0.558462,-0.497261,-0.170067,-1.325012,-0.718081,-0.471770,-1.607083,0.611523,0.559286,-0.302776,1.500982,0.410718,-0.050849,0.035203,2.368250,0.473971,-0.253907,-1.659258,-0.092866,1.723269,1.177913,-1.260061
1963,2,-0.478361,-1.423754,-0.137635,-0.971524,0.479061,-0.701563,0.196971,1.443164,-1.195577,1.249361,-0.138298,-1.045168,0.932537,2.357396,-2.364420,0.810860,1.129537,1.040231,1.075335,-0.458734,2.202851,-0.891312,-0.506207,0.634889,1.376540,0.878039,-0.366476,0.264426,-0.684951,-0.583107,-0.730342,1.198348
1964,1,0.898693,-1.598382,-0.396519,1.517705,0.206305,0.098196,-0.198187,0.970411,-0.779651,-1.054329,-0.381848,0.429986,0.316476,-0.654161,-0.545303,-0.295619,0.306945,0.677391,-2.035884,-2.247641,0.164781,-0.380483,0.342296,-1.072880,0.636585,0.736030,2.055968,0.933596,-1.248567,1.145586,-0.180656,1.733452
1965,0,0.617144,-0.683205,1.247486,0.400381,0.025824,0.966717,1.836657,-0.599380,-0.376269,-0.130354,-1.141894,0.411364,-1.252380,0.516717,0.363155,0.578730,-0.197717,-1.374343,1.006841,-0.355182,-1.847622,0.362356,0.250734,0.192841,-0.095721,-0.267645,-0.207961,-1.269495,0.045464,-1.887757,2.030725,-0.360586
1966,3,-0.697459,1.447864,0.790699,2.466543,0.089817,-2.196158,0.433387,-0.024471,0.621921,-0.268688,-0.467543,1.520513,1.179146,0.295428,0.359739,0.229133,1.673421,0.217849,-0.013483,0.574812,2.055096,-0.247997,1.051983,-1.163043,-0.452639,1.043434,-1.207001,-0.242740,1.714981,-1.663159,-0.629301,0.164675
1967,2,0.624578,1.194613,0.953167,-0.336826,1.919817,1.461235,-0.902897,-0.336976,-0.801240,0.399692,-0.008463,1.107916,-1.986689,0.878213,0.821530,-2.440363,0.903308,-0.664469,-0.878413,1.850268,-1.099456,0.410910,-1.525356,-1.400236,-0.552948,1.088381,1.082624,1.198137,-2.144371,0.941052,0.244558,-0.883285
1968,3,0.643566,-1.552073,0.091326,-0.193316,-1.450883,0.483382,-0.003196,-0.658113,-1.103881,0.394377,-1.775970,0.119449,-0.970401,-0.348505,0.132449,0.406602,-0.811148,-0.203558,1.093587,0.812338,0.245725,0.489836,-0.616821,0.772087,-0.557137,2.554423,-1.073216,0.797245,1.012536,0.452163,-0.816797,-0.267774
1969,3,0.284253,0.445111,2.705621,0.466664,-1.067116,0.186865,-0.144121,-1.478631,-0.345537,0.451504,0.272717,-0.103426,-0.824318,0.732941,1.416252,-1.469181,-0.375138,-0.737400,-0.532065,-1.705903,-0.671717,-1.056087,0.592083,2.158072,1.694618,0.207917,-1.330520,-0.573787,-0.489814,-2.206898,-1.428241,1.615967
1970,2,-0.268141,0.213980,0.058339,0.136768,-0.338409,-0.727112,-1.821214,-1.007367,0.310794,-0.039121,0.558250,-0.885714,-0.674490,-0.529482,1.144414,-1.403403,0.089969,-0.172725,-0.084568,1.281220,0.297339,-0.938300,0.322567,-0.137062,-0.442370,-0.844028,0.861764,0.102772,-0.771930,0.859752,1.202721,-1.288133
1971,1,-1.013029,-0.831814,1.307493,-1.485718,0.907346,0.970300,2.078610,-1.039626,0.210479,-0.036450,0.054408,0.666709,0.648036,3.201269,-0.107716,-1.614016,-0.816800,-0.036298,-0.369955,-1.669751,-0.652177,0.139318,-0.625006,0.143435,1.486296,-0.458578,-1.078848,0.762281,0.191279,1.204213,0.339707,-1.200083
1972,3,-0.822935,0.010376,0.428529,-3.048488,0.541073,2.164879,1.328516,1.610129,0.094066,-1.664084,-0.082353,0.249748,-1.349583,-0.516473,0.639356,0.195580,0.564817,-0.227720,1.766874,-2.166308,-1.135473,0.878991,-2.292307,0.238221,-0.067042,-0.176678,1.079147,0.341514,0.652466,-1.625289,0.353238,-0.519395
1973,3,-0.019338,-1.757231,1.277742,0.177726,-0.831534,0.704675,-1.314179,0.184441,0.894801,-0.638283,-0.393128,0.744278,1.677553,0.910059,0.225751,0.078392,-1.241034,-0.343448,-1.355657,0.697997,1.147212,0.765552,1.012069,0.392474,0.574304,1.572117,0.674191,-0.559340,-2.072265,0.620053,-1.546448,-0.292775
1974,1,1.099229,0.115780,2.041462,0.406144,0.304412,-1.532175,-0.188047,0.599204,-1.432634,-2.278974,1.450132,0.566242,-0.095397,-0.186111,0.717185,-0.314688,0.530472,-0.218035,0.205788,1.416185,-1.492531,-0.786576,-2.207521,0.287533,-0.394148,-0.524325,-0.171246,-1.099294,-0.071686,-0.483946,-1.115328,-1.819849
1975,0,2.334570,2.068258,0.318818,-0.458119,-0.883785,1.035641,0.021162,0.807019,-1.565493,-0.275429,-0.482460,-0.435001,0.789116,0.915052,-0.623341,0.692864,-0.757679,0.520371,1.137947,0.185356,-0.335332,-1.177897,2.398023,-0.994574,0.891803,1.831090,1.499089,-2.509082,-0.961843,-1.104443,-0.790852,-1.129367
1976,3,-0.303060,-1.665440,0.438747,-0.844249,1.426482,1.074384,-0.159426,0.763054,0.647914,1.071407,0.458249,-0.289302,-1.361250,1.999191,-0.196893,0.383205,0.251491,-0.070753,0.169496,0.188338,0.039721,-0.346070,-0.525883,-0.014457,0.547336,-1.411865,0.769455,-0.422387,-0.677935,0.928828,-0.539754,3.230178
1977,0,0.570694,-0.866367,-0.496497,0.483368,-1.168306,0.492118,-0.351777,1.151229,0.441981,-0.634210,-0.080038,-0.385730,-0.816903,1.589995,-0.969521,0.643301,-1.276383,0.273596,-0.525261,1.397408,-2.294182,-0.463897,1.647299,0.678624,0.736559,0.367140,-1.922380,1.200708,-0.988207,1.719875,0.849824,-0.220042
1978,1,-1.519084,0.041734,-1.190934,1.622718,1.996693,0.998069,1.515093,-1.107090,0.653768,-0.325258,-0.758919,0.048156,0.920142,1.047369,-0.462161,-1.225642,1.849946,-1.335555,0.451615,0.977484,-1.812188,0.319747,0.168763,-0.773279,1.670570,-0.370838,0.561527,-0.797260,-0.752116,-0.031589,2.655051,-0.234358
1979,1,1.590765,-0.221659,-0.758542,-2.065091,0.631434,-0.714039,0.609078,1.141933,1.490007,1.601831,-2.852019,-0.491569,-0.600731,-1.265564,-0.127721,0.840945,-2.047978,1.312693,0.622716,1.027146,-0.987974,0.245626,0.754685,0.023803,0.391807,-1.109205,1.311888,0.520976,-0.729774,0.306187,-0.999077,-1.121807
1980,2,-0.702698,1.814710,0.963496,0.061113,-0.324612,-0.187751,-0.346115,-0.195526,0.673185,0.832756,0.778790,0.137662,-0.494792,1.554862,0.620006,0.613354,0.434175,0.428427,-0.046546,1.533876,-0.385454,-1.695703,1.297995,-0.523545,-0.865311,1.334154,0.239249,1.806107,1.364519,-0.061151,-0.417106,1.611423
1981,1,0.412492,0.849304,0.681756,-0.233840,1.531948,0.339790,1.296050,0.436521,-0.889431,-0.235345,-0.832972,-0.175782,-1.800448,-1.491055,0.049450,-0.862325,0.952473,-0.811805,0.019285,-1.714344,1.150818,-0.393164,-0.873172,0.201062,-0.362945,3.128464,0.539278,1.874249,-0.494479,0.930827,-0.499015,-1.041736
1982,0,1.637847,0.722476,0.454196,0.538245,-0.124770,0.930276,0.053336,0.512188,0.452883,-1.760095,1.037175,1.165764,0.881356,0.191231,0.604679,0.055482,2.823027,0.681451,-0.735642,-0.975943,0.121883,-1.722620,-0.599472,0.237292,1.697728,-1.246491,-0.068209,-0.683495,-0.119979,-0.123958,0.130415,1.053137
1983,1,-0.657768,-0.486242,0.793708,-1.022772,0.364582,0.200186,0.772014,-0.832836,-0.048837,-0.501001,1.314740,0.525204,-0.593658,-1.599095,2.329692,-0.854807,0.149027,-1.687450,0.677228,-1.388342,-1.733612,0.170045,-0.276571,-0.628775,-1.151513,1.452893,-0.338527,-1.991860,-0.564031,1.025173,0.380203,-0.473097
1984,0,-0.246692,-1.931954,-1.837671,0.492006,-0.147592,0.389100,-1.150477,0.719849,-1.935002,1.184305,-0.244824,0.309125,0.058232,-1.679377,1.885968,0.934542,0.173384,0.246438,0.661897,1.256569,0.662088,0.300221,1.178176,-0.168120,-1.040471,-0.735129,0.453319,1.286980,-0.271002,-0.505945,-0.178917,-0.124560
1985,3,0.595869,0.272077,0.019276,-0.816903,1.012037,0.348171,0.434935,-0.487897,-0.409811,0.037448,0.200887,-0.460993,1.683514,-0.892205,-0.126798,-0.351589,-0.422682,-0.965515,0.366688,1.276661,0.348646,-0.845115,1.298496,-0.380575,-0.490918,0.628121,2.063139,-0.033465,-1.287724,3.058803,-0.253664,0.401570
1986,1,-0.604336,-0.212664,0.565627,1.710227,0.714770,-1.087211,-0.768969,1.000192,-1.645322,-0.093791,-0.150126,0.583212,1.945906,-0.806058,1.562381,-0.655891,-1.030447,0.385673,-0.347019,-0.283898,0.042416,0.561074,-0.551338,-0.931502,0.308749,-2.298041,1.189038,-0.980017,-0.224964,0.357128,0.609559,-0.758234
1987,1,-1.378030,-0.948998,0.366371,1.041746,1.906380,1.532041,0.174899,0.142710,0.612116,-1.782162,0.095504,0.697444,-0.072409,0.192877,-0.362452,0.277943,-1.216673,0.804659,1.562225,0.675003,-1.671577,-2.069892,0.643989,0.294838,-1.541015,-0.529173,0.436266,-0.985289,1.894381,-1.045125,0.576153,-0.202734
1988,2,-1.066603,0.361342,0.660603,0.521422,-0.123008,0.506467,1.687427,0.058925,-0.415999,0.348663,-0.822373,-0.592606,-1.025308,-0.733043,-0.252809,1.360637,-0.747304,-1.181066,1.475063,-0.450587,-0.133803,-0.488315,-0.195774,-0.796647,0.618810,0.149629,-0.106635,0.044929,0.217936,1.408342,0.028456,-0.801220
1989,0,-0.589158,-0.778941,0.281739,-0.282831,-0.277721,-0.060992,-0.056418,-0.676971,1.409900,0.998013,2.440573,0.810880,1.350596,-1.387997,-1.083651,0.894737,-1.724200,0.171873,-0.703926,0.949887,-1.987718,0.651489,0.888804,-1.353957,1.316474,0.070018,0.043575,-0.264887,-0.167828,-0.654092,0.405660,-0.039961
1990,0,1.026402,-0.364909,-0.404932,0.627408,-1.679392,-0.213053,-0.306252,0.027820,0.208957,0.112669,0.650048,1.343380,-0.275443,1.474661,-0.244745,-0.528569,0.347966,0.075790,-0.077932,0.411567,-1.423929,1.548650,-0.886367,0.493057,-0.022333,0.186657,-0.339143,-0.639962,0.540092,0.593442,0.599764,0.397767
1991,3,-0.548178,1.369369,0.932441,0.500909,-0.292817,-0.185108,0.108558,0.832919,1.165553,1.145032,-0.192745,0.430201,0.050492,-0.558372,-1.864565,1.743726,-0.337204,1.623325,0.213078,0.347433,-0.460528,-0.180124,-1.624753,0.051295,0.301039,-0.239037,-0.673196,-0.340743,0.845152,-0.124457,-0.396270,0.441746
1992,0,0.408602,0.696468,-1.462669,-0.729426,-0.079031,1.094915,-1.108762,0.657761,-0.420331,-0.515294,-0.152754,0.070926,0.234204,0.566339,0.330765,1.635214,0.525217,1.050663,-0.301141,0.660937,-0.151520,-2.751220,1.854839,-0.111128,1.553451,-1.758570,-1.862042,1.021329,0.442395,-0.613604,-1.386307,0.413881
1993,2,-0.301496,-0.400411,-0.966463,0.328914,-1.324664,-0.809186,-1.495481,-1.810599,0.775448,0.544356,0.067578,-0.454902,0.073780,1.049726,0.087202,0.905215,-0.290886,-0.058155,1.557999,-1.504805,0.094405,0.244027,0.337155,0.541700,-0.062572,-0.825577,-1.975562,0.383126,-0.267886,-1.259212,0.548283,-0.574977
1994,1,0.104421,2.977509,0.182610,-1.413145,-0.490091,-0.835271,-0.212860,-1.534704,0.364197,-0.164812,0.827625,-0.764654,-0.119539,0.947699,0.030764,-0.207902,-0.114305,1.237113,0.169317,0.276670,-0.660506,0.133044,-0.521174,-1.043976,0.844310,-1.155401,0.069249,-1.792853,-1.815794,1.204020,1.165407,1.826901
1995,2,-0.808846,0.177806,0.671357,0.753323,0.107061,-1.572093,-0.213314,-0.747829,-0.620500,-0.089525,0.383098,-0.637836,0.401126,0.791028,0.155950,1.077467,-0.449239,-0.308261,-3.081712,1.345705,-1.326405,2.340589,0.337860,-0.970243,1.374385,1.603429,0.904292,0.949739,-0.616108,1.116138,0.390116,0.792679
1996,3,0.457892,-0.428834,-1.183799,-0.180018,-2.213912,-0.413805,-0.161248,0.856803,-0.935759,1.194033,-1.043912,-2.772142,1.546929,-0.590879,0.512622,-0.819589,-0.720083,1.244887,-0.627337,-2.892960,-1.121536,0.509677,-1.356267,-1.851417,-0.579583,-0.588557,-1.164393,-1.349816,-0.115128,-0.325770,-0.431551,-1.015544
1997,1,-0.412795,0.505632,1.408050,0.647997,0.705853,-0.389791,-0.525356,-1.246897,1.833789,0.539348,0.968272,-1.528812,0.165633,3.017895,-0.033355,-0.574505,0.777419,-1.107519,-0.138769,-0.774281,0.627667,0.353637,-0.592992,-0.458895,0.847216,0.196508,1.028533,0.666184,1.695382,0.125458,1.824718,0.421804
1998,3,0.003903,-1.179014,0.280349,-1.871097,0.031378,1.461936,0.978524,-1.288969,1.079904,-0.923784,1.467091,0.814866,0.758594,1.467405,-1.296684,-1.498879,-0.074179,-0.744291,0.219556,2.764875,-0.706126,-0.091132,-0.123643,-0.397437,-0.729153,-1.204816,0.548810,-1.226180,1.582084,0.181392,-0.681411,-0.929876
1999,2,-2.737148,0.696329,-0.160423,1.709915,-1.109452,0.097629,-0.989982,-1.133925,1.344094,-1.041500,-0.573125,-0.138942,-0.953160,-0.497880,-2.680711,1.107870,1.214328,-0.030467,1.108463,1.626831,1.530094,-0.277813,-0.616328,-0.154517,0.048547,-0.073389,-1.543588,0.903974,0.317925,0.455293,-0.401856,0.145920
2000,1,-0.289203,0.533506,-0.707421,-0.026777,0.189376,0.081687,-0.076044,1.422394,-0.044584,1.669712,-1.272856,0.424216,1.132942,-0.316996,-2.185948,-0.231623,1.813474,-1.981493,-0.211098,-1.448840,0.300996,-1.606705,-0.012491,-0.452623,0.780498,1.517823,-0.757726,0.206021,0.398016,0.084836,0.803425,-0.223641
2001,3,0.252783,-0.188117,1.718780,-0.572729,0.370488,-1.987114,1.069606,-0.697426,-0.741395,-0.847525,-1.146701,1.721011,0.452574,0.503502,0.497830,-2.443141,0.366079,0.964605,-1.675038,1.363358,-0.745059,-2.361968,-0.070573,0.346238,0.249701,-0.956178,0.139969,-0.291129,0.747506,-0.909398,-1.581416,-0.115076
2002,3,2.051649,-1.001460,0.261064,0.248510,0.811942,0.453488,-0.882318,-1.033673,-0.408168,-0.396793,0.915255,1.357355,0.931642,-0.552160,0.893052,0.781506,-1.264237,-0.056408,-0.444530,0.530533,2.214612,-0.179564,-0.350158,0.649309,0.802387,1.027364,0.761670,0.499931,-1.840207,2.243379,-2.277240,-1.219633
2003,0,0.852369,0.617484,0.853493,0.305367,-0.278303,-1.291793,-0.138675,-0.103107,0.839287,-1.018530,2.045166,-1.294573,-2.589132,-0.762275,-0.665724,1.109708,-0.638147,-1.121790,-0.239493,-0.484440,0.438565,2.295643,-0.304753,1.123699,-1.218550,-0.129575,-0.576589,-1.866296,-1.143285,-0.677446,-2.107645,0.794247
2004,3,0.104356,0.299572,0.067054,1.005213,-0.445662,1.887566,-0.313753,0.697466,0.584498,-0.294438,-0.921457,1.344186,-0.199455,0.759000,0.457243,0.852675,-0.103861,0.929766,-1.262761,-1.047744,0.184863,-1.833281,0.291401,-1.227538,-0.612485,0.069700,-1.184870,0.927890,-1.312757,0.515024,-1.495681,-0.469153
2005,1,-1.424023,0.538938,-1.244131,0.738013,-1.385008,0.834083,-0.600430,-0.533975,-0.188993,0.422335,0.020013,0.256050,0.270554,-1.448064,-0.980957,0.712004,0.800517,0.121374,-1.450435,0.439044,1.858914,-0.208374,-1.276909,0.063429,0.117664,0.352250,0.693759,0.127288,-0.460169,0.419778,0.901807,-1.603683
2006,2,0.257511,0.291588,-0.664598,-0.292805,0.306180,-1.111094,1.123817,0.405766,0.771622,-1.038502,0.690391,0.420475,0.013610,-1.332296,1.155534,1.279333,-0.524413,0.502964,0.448612,-1.312411,0.416034,0.693720,-0.394617,-1.852112,0.302458,-1.063174,-1.521533,-0.284002,-0.160800,2.231812,-0.797381,0.898961
2007,1,0.999329,-1.189335,0.964238,-0.556864,1.016374,-0.491714,0.164593,0.391537,-1.268469,-1.200977,-0.656457,-0.052324,0.753912,-0.428643,-0.989783,0.194279,-0.848254,-0.878856,0.662005,-1.286767,0.944802,-0.684053,1.002765,2.823659,0.049556,0.013307,0.412645,1.475506,-0.715551,-1.520915,-1.393863,0.048924
2008,2,1.449591,-0.371091,-0.152187,-1.047466,-1.051466,1.745819,-0.452958,-0.752432,1.498423,1.083754,-0.434497,0.722655,0.462582,-1.533601,0.748662,-2.002257,1.049524,0.987187,-0.060357,1.844029,0.254090,-0.248159,-0.656890,0.480548,0.050907,-1.596980,1.341278,0.103170,-0.875209,0.282202,-0.490139,-0.374951
2009,2,0.686647,-0.193176,-0.802032,1.242924,-0.323013,-0.426755,-0.334104,-0.165428,-0.778921,-0.912984,-0.353738,-0.255516,-1.447202,0.189103,-1.393449,0.335473,2.182051,-1.224398,0.730963,-0.664405,-1.089289,1.860831,-0.979028,-0.774233,-0.701389,0.918386,-1.244375,-1.145723,2.417996,0.076263,0.854799,0.482877
2010,3,0.415991,0.609741,-0.976166,-0.256170,-1.775864,0.220974,0.159336,-1.249408,-1.280980,1.224252,0.136058,0.338754,2.010039,0.877556,-0.487771,-1.279339,0.219954,0.811408,0.310469,0.174255,0.163906,-0.192394,-0.792596,0.256206,-0.512724,-0.750192,-0.565345,-0.460988,-1.368036,-1.215230,1.963395,-0.651188
2011,1,-0.435662,0.383732,-0.619048,-0.630494,0.401928,-0.137328,-1.284757,-0.760337,-0.415985,-0.828479,1.718464,1.372147,-0.455581,1.462331,-1.162754,-0.102123,-0.522557,-0.741215,-1.994903,-0.606960,-0.260583,-1.286840,0.473566,2.915215,-0.197219,0.938300,-2.349127,-0.612765,1.166575,-2.573504,-0.286685,1.988784
2012,3,0.601052,-0.572775,0.763786,1.536231,-1.611499,-0.632324,1.112024,0.218294,-0.495109,-1.244514,-1.008122,-0.040147,-0.613609,2.146908,0.990653,0.792123,-0.307461,-0.945801,-1.601038,0.193691,0.931717,2.190858,-0.194079,1.124550,-0.286752,-0.750937,0.162103,-0.898731,-0.491525,1.127016,-0.075459,0.905520
2013,1,0.618421,-0.964146,0.305621,-0.323539,1.200319,-0.605407,-1.395610,0.327565,0.898623,0.023698,0.024388,-0.609099,-1.354447,1.205061,0.400657,1.095707,0.877407,0.205267,-0.314402,-0.414586,-2.364833,-0.813977,0.243460,-0.823591,-0.322986,-0.367189,-1.388115,0.254692,-1.018746,-0.677740,2.408264,1.551978
2014,1,1.496020,3.461946,0.416032,0.564916,0.255574,1.031658,1.095680,0.608231,-1.089778,-1.201798,0.360732,1.290562,-0.405118,0.159666,-0.941843,0.040906,0.332967,1.383169,-0.070974,1.171768,-1.757209,-0.341347,-0.989163,0.363682,-0.069403,-1.618514,-0.285016,-1.648075,-0.065157,-0.335712,0.269816,1.164377
2015,1,1.344499,0.807676,0.613458,-0.124047,0.898916,0.333492,1.342311,-1.590999,-0.113627,0.722573,-1.022579,0.140173,-0.574538,-1.228701,-2.370328,1.299191,-0.071481,0.988053,-2.309200,2.039383,-0.363667,-0.045254,1.566116,0.211875,0.141073,0.109878,0.164936,-1.043252,0.516779,0.187410,0.442274,0.849392
2016,2,0.188681,-0.436352,0.076323,-0.017890,0.578762,-1.399785,-0.824819,1.392053,-0.315553,-1.992375,-0.208888,-1.291233,0.723894,-2.946547,1.092404,0.724854,1.044979,0.146998,1.191252,-0.121492,-2.188053,-0.047151,-0.367310,0.697423,0.833055,2.040827,0.839098,-0.082407,-0.961986,-0.794692,-1.898802,1.429896
2017,1,-1.100636,2.224844,-1.304626,1.845683,-1.240447,1.416454,-1.128661,-1.382206,0.381004,-0.551201,-1.181184,0.279425,-0.049670,-1.919369,0.169364,-0.311868,-0.914177,0.173128,0.070768,1.590920,-2.031263,-0.843605,0.115360,0.580059,-1.562327,0.653086,-0.224254,-1.205508,-0.442300,-2.400578,-0.222420,-0.268005
2018,2,0.393564,-0.476098,0.582887,0.326219,-0.666000,0.410641,-0.193497,0.220353,0.379703,2.164308,0.778008,0.305108,-1.235171,0.647082,1.251645,1.070756,0.678457,0.879838,-0.708732,1.601911,-1.181931,-0.060447,-0.710561,0.189129,0.438807,0.150901,0.364886,-0.039181,-0.029786,0.747770,-0.555670,0.549756
2019,2,-1.640612,0.276071,0.898011,0.709236,-2.215246,0.894137,-1.637600,0.464541,0.476468,0.971207,0.181419,-0.446262,-1.150840,-0.360708,0.150194,-1.006006,1.012604,-0.354311,2.238530,-1.146146,0.544559,1.016913,0.251620,-1.464497,2.289626,0.530879,1.055524,2.045604,0.971443,0.001303,0.516384,-0.479127
2020,2,-0.898390,0.942062,0.023134,1.111357,-0.070353,0.024580,0.459883,-1.073128,-2.556552,-1.314151,1.698195,1.676262,-0.329673,-0.449446,-0.911677,1.614621,1.138283,-1.127371,-0.014287,-0.120549,0.420954,-0.828596,-0.462162,-0.257719,1.786717,-0.116464,0.283523,0.380428,-0.019395,-1.936788,-0.431538,-1.464566
2021,0,0.846479,1.261086,0.339807,0.614207,0.156378,0.978579,1.309510,-2.137941,1.373337,0.354962,0.138663,-2.023008,-2.009313,0.141790,-0.493144,-1.482967,0.160943,0.372233,-0.760044,-0.760182,-0.695340,0.958508,-0.641708,-0.273660,0.866666,-0.361968,1.014725,-0.680969,-1.958359,-0.349769,-0.393581,0.402447
2022,1,-1.250131,1.029332,0.654986,0.596722,0.656431,0.830394,-1.093150,-0.211119,-0.026102,0.379729,1.176732,-0.355902,-1.750092,0.633515,1.076339,-1.380631,0.183892,-0.367633,0.248954,0.828209,0.629719,0.874300,-2.188866,-0.439760,-1.793950,-0.919428,-0.775815,0.317241,0.469296,-1.509516,0.203610,0.547303
2023,1,0.843751,0.957298,-0.301698,1.965554,1.822149,-0.396287,1.715632,0.330815,-0.402681,2.437707,-0.338062,-0.824572,1.652655,-0.203634,-0.246514,0.754831,-1.272011,-1.040519,-0.631178,1.289769,1.506005,-1.251854,-1.879547,2.534533,1.928004,-1.553537,-2.297432,-0.442684,-0.809291,1.126366,1.364958,-1.550692
2024,2,0.253761,1.537736,2.534314,0.926536,-0.881936,-1.546726,0.668617,-1.128117,-0.432601,1.401624,-0.436713,-0.175549,0.712542,-0.733641,0.367442,-0.304118,-0.494195,1.172633,0.699970,0.867155,0.928940,0.420227,-0.600466,1.067089,0.526305,0.106491,-0.068783,-0.439086,0.253539,-0.433833,0.812438,-0.596689
2025,0,0.755834,-0.776975,-0.020640,-1.131386,-1.023560,-1.865913,-1.057341,1.050171,-0.230578,-0.960414,1.581889,-1.552638,0.279452,0.933670,-0.501370,-0.311938,-0.891264,1.066489,1.291412,0.760941,0.146536,-0.125490,-0.198979,-0.471164,-0.366625,-0.724830,1.393358,1.561886,-0.294510,0.369829,-1.129216,0.408092
2026,0,0.287698,0.007827,1.293860,-0.026551,-0.757606,0.094418,0.290450,0.310361,-0.249047,1.230931,-0.947421,1.263521,0.004066,-0.012202,1.568738,1.457366,1.821085,-0.665209,-1.448067,-0.022094,-0.646547,-0.748171,0.003567,-0.183486,-1.256256,0.261854,-0.726635,0.122214,2.231175,1.904238,0.787490,-0.406990
2027,1,-0.040257,1.801851,2.176545,0.624239,1.350297,0.377159,-0.456257,-0.416277,0.928197,-0.246054,0.997070,0.454600,0.644427,2.457582,-0.953546,0.469076,-0.500680,-1.312332,-0.669131,1.323239,0.967150,1.528713,-0.971196,-0.098251,0.913483,-0.150946,-0.228953,-0.345543,-1.111405,0.660205,1.212656,0.178986
2028,0,0.361626,-0.596929,1.231482,-0.756825,-0.617762,0.584472,0.060055,2.024619,-0.684529,0.699501,-1.530939,3.437886,-0.394962,0.984977,-0.413551,0.940311,2.429298,1.998033,-0.435823,-1.431712,0.579597,-0.146226,0.548232,0.416932,1.327956,0.036324,0.239754,-0.273127,-0.197425,-0.178835,1.325500,-0.502270
2029,0,1.791594,-0.303737,-2.261851,1.771848,0.018138,-0.207559,1.089416,-2.141957,-0.207137,-0.493651,0.265183,-0.838674,0.401073,1.211156,0.583896,-0.494757,-2.773877,-0.259246,0.138011,-0.327453,-0.452136,0.338711,-0.729113,-0.088525,-0.432697,0.204802,-1.444339,1.136693,-1.646446,-0.674548,0.816401,-1.214696
2030,0,0.441672,-0.029512,-0.638422,-2.077853,-1.876263,0.130894,-0.799234,0.450025,1.715791,-1.155649,0.286555,-0.050357,-0.358055,0.193805,-0.590335,1.310007,-0.625308,0.126066,-0.734322,1.557070,0.581774,-0.597887,-0.253886,-0.279736,-0.284140,-1.452183,1.264438,0.489714,-0.324471,-1.909639,-0.832289,0.572520
2031,2,-0.012578,-0.542609,-0.450016,1.017228,-0.752828,0.260483,-0.522429,-1.222299,-0.830063,-0.184588,0.288545,1.178433,1.405239,-0.518309,0.852186,-0.366641,0.251953,1.378693,-0.662694,-0.166251,-1.143756,-0.158671,-0.425541,0.320134,-0.623863,0.770255,0.091912,-2.128937,1.206103,0.289107,-0.563860,-0.408452
2032,1,0.949250,-1.157326,-0.168867,0.789456,-1.162261,-1.744216,0.429377,0.849727,0.710498,-0.104366,-0.450693,0.922317,0.356727,0.854152,-0.232875,-1.470298,-0.985090,-0.391812,0.890808,1.287916,-0.212812,-0.712445,0.171526,0.301995,-3.169032,-1.673250,-0.655583,-1.660197,1.520058,0.104887,0.897173,-0.233236
2033,0,1.050616,1.091188,-2.449155,0.312924,0.638598,-0.538654,0.395818,0.932763,0.107524,0.044044,-0.479062,1.149824,-0.369500,-1.925048,-1.239483,-0.652685,1.564581,-0.169282,-0.424728,-0.489637,-0.449382,0.594856,-0.535109,-0.343186,-0.972180,-0.463035,0.300733,0.404983,0.528549,2.148254,1.049448,0.295549
2034,0,0.987867,0.407227,-0.129316,-1.527801,-0.261572,0.041022,-1.158967,-0.302164,0.444328,-1.115383,-1.047107,0.753222,-2.311813,-1.050503,-0.926294,0.787098,0.044194,-0.073891,1.771685,1.175754,-0.917437,-1.770403,1.223680,-0.009225,-0.604002,-0.801732,-0.204769,0.436185,0.710620,0.770034,0.286267,1.386075
2035,3,1.390386,0.452970,-0.112131,-0.412278,-0.704304,1.468734,-0.501626,0.702257,0.384231,0.535890,0.930425,0.949219,0.540451,-0.695067,-0.039340,-0.027178,1.322179,0.007500,0.286869,-0.569598,-0.162366,1.758530,-0.831481,-1.624920,1.796720,-0.341708,0.699409,2.732996,-0.090775,-0.135647,-0.151168,0.555118
2036,2,0.535065,0.970023,1.468639,0.032492,-1.976705,-1.285971,0.153891,-0.306773,-0.581420,0.829995,0.563994,-0.665179,0.375842,2.065126,-1.064507,-0.955003,-1.368887,-0.467449,-0.872319,1.089507,-1.411909,1.605930,-1.640465,-0.449867,-0.739214,0.372153,1.113574,0.430061,-0.145637,0.113720,0.168112,0.226564
2037,2,0.423993,0.459471,0.169219,-0.886166,0.935394,0.510828,0.006326,0.360147,-0.279131,-1.202551,-0.855339,1.105735,1.358888,-0.186694,0.912868,0.205898,0.722874,0.087587,0.555875,1.184326,-0.654352,0.272316,-1.036734,-0.704903,-0.901682,0.453449,-0.692005,1.427825,-0.510359,1.935989,-0.816606,0.137062
2038,2,0.468340,-0.123558,0.322043,-0.224162,1.079797,-0.231018,0.928567,-0.476100,-0.066506,-0.989191,-0.897767,0.742457,0.125486,-0.806270,-0.064366,0.834924,0.580688,-0.716011,-0.318548,-1.225138,0.178315,-1.263565,0.266073,-0.163985,0.433370,-0.056971,-0.438011,-0.412805,-1.513489,-1.296073,-1.031889,-0.437292
2039,0,-1.004584,-0.905404,0.206791,0.547930,2.036120,-0.323413,-0.888610,-0.741701,-1.443712,0.299708,0.291629,-0.103311,-0.333317,-0.590745,-0.866277,0.324308,0.599249,2.531828,2.610983,0.226018,-2.348655,0.059157,-1.579579,-0.869990,0.556588,-0.181518,-0.384650,-0.954997,1.009446,-0.240234,1.464339,-0.985051
2040,3,0.449056,-0.249603,-0.869980,1.732761,0.531610,0.188326,-0.463324,-0.206094,-1.164107,0.030348,-0.603730,0.262966,-1.650514,-0.907651,0.171127,0.601200,-1.191948,-1.577360,-0.610704,1.236981,1.087327,-0.925167,-1.452196,0.203788,0.979016,-0.163166,0.751109,0.765797,-0.667535,0.743151,-1.263089,-1.124261
2041,3,-0.582344,-0.220861,-0.104104,0.367346,0.998611,0.677113,1.066453,-0.613352,0.210051,-0.720726,1.805474,1.335969,-2.441954,-0.684908,-0.561619,-1.248079,0.696359,-2.162313,0.217302,0.415325,0.502805,-0.752546,-0.701944,-0.389309,-0.513140,0.666813,0.545971,-0.811266,-0.470406,-1.062925,0.365921,-0.361823
2042,2,-0.562296,0.748212,-0.539772,0.484943,1.713737,0.114057,1.229854,-1.197698,1.300326,0.663302,0.151657,-0.592230,-0.536033,1.350063,-1.054069,-1.982060,-0.522448,-0.896784,1.851803,0.053140,0.767935,-1.423627,-0.224499,-0.189518,0.072725,-1.310267,0.897270,0.790343,1.811741,1.271926,-0.563831,-0.064874
2043,3,-1.085383,0.058564,0.708930,-0.625527,0.082404,0.335219,1.252775,0.198222,-0.213546,0.415497,-0.822237,1.600158,0.430458,-0.399258,0.780170,1.288811,-1.221632,-0.781597,0.052286,0.201251,0.036334,-0.205000,-0.681551,1.062951,1.960630,0.033603,1.410072,1.085036,-0.856124,-0.706466,-0.372492,0.049587
2044,1,-0.221151,-0.385561,-0.758679,-0.596806,-0.529304,-1.174546,0.657651,0.390878,-2.193114,0.247650,0.009927,-0.975694,0.540506,0.397046,-0.122383,0.282930,1.120205,-0.688160,-0.004648,-2.731882,-0.475240,-1.552888,-0.663913,-0.036048,0.710638,-0.709402,-1.460101,-0.302073,-1.121537,-0.712307,0.925206,-1.844074
2045,0,-0.339154,0.414300,-1.361838,1.158928,0.944389,-0.231887,1.305226,0.678846,0.130403,-0.564286,-0.170686,0.607619,1.673594,-1.088714,-0.933745,1.202144,1.292020,0.073040,0.737326,0.396127,0.134543,-0.583694,-0.671352,-0.970545,0.154162,-0.346203,0.310612,-0.363752,1.448716,-0.668857,0.751799,1.397679
2046,0,0.564391,0.625320,0.225882,-0.493866,0.625084,-0.639403,0.249959,-0.370409,-0.569354,-0.191038,-0.401432,-0.380713,0.285331,0.203281,-0.762652,0.290338,-0.975054,-0.830635,-1.117151,-1.661914,-1.382384,0.503464,1.395050,-0.335327,0.298341,0.843360,-1.297565,1.530094,-1.038698,-1.743041,-0.315382,0.936442
2047,2,-1.338460,-0.612809,0.046418,0.656106,2.059031,2.231951,0.113425,0.066756,0.685582,1.397482,-1.325873,0.577202,-0.245033,-0.596897,1.345926,0.585231,-0.002728,-0.306434,-0.226269,0.940025,-0.660180,0.399433,1.820421,-1.219802,-0.428168,-1.577471,-2.157305,-0.268148,-2.900864,-0.163104,-1.492285,-0.266262
2048,1,-1.172308,0.713518,-0.265163,-0.027982,0.400903,-1.395995,-1.238244,-1.323107,0.034625,-1.708948,0.418317,-1.125666,-0.700446,-0.222002,-1.022239,1.609868,0.427280,0.169005,0.819448,0.048941,0.187805,1.260748,-1.289926,-1.103705,1.118181,1.360418,1.023709,1.237249,-0.188311,0.545989,1.369830,0.649360
2049,3,1.173309,0.257699,0.444824,0.226995,1.071265,-0.036877,1.250435,-0.622799,0.758719,-1.582048,0.403278,-0.118532,0.954468,-0.422310,1.839718,0.560185,1.077343,0.440490,1.765642,1.145239,0.969320,-0.290035,1.960246,-2.971237,-1.203484,0.780049,1.410053,-0.909466,1.714732,-1.094581,-1.641890,-0.788333
2050,0,-0.344799,-0.241815,-0.488875,-0.579040,-1.826555,2.193515,1.243851,0.895002,1.265203,0.134134,-0.533002,1.818602,2.143166,-0.406662,0.938270,-0.604327,-0.447873,0.209336,0.997509,-0.661865,-0.222086,1.815438,-0.329101,0.297326,0.305735,0.088354,1.181718,0.244977,-2.329928,0.393779,-0.814163,-0.620515
2051,0,1.336652,-0.048923,0.941367,1.679377,1.181651,0.873977,0.886602,-0.593198,-0.271458,-1.314024,0.293095,0.199502,0.503420,1.187239,0.499638,-0.520868,1.950851,-1.063991,0.896400,0.006796,1.278218,-0.032109,0.112033,1.824475,0.526438,0.482839,-1.196666,2.048969,-0.451910,0.833577,0.310557,0.494272
2052,3,0.683763,-0.631100,0.177349,0.386366,1.238035,0.222310,-1.806463,2.242018,2.073307,0.047382,-0.307478,-0.151729,-0.074260,-1.666430,0.509199,-0.200624,-2.673951,0.326345,-0.336804,0.606201,-1.126199,0.460763,1.272845,0.793042,-1.048318,0.165266,0.092820,-0.703137,-0.838835,-0.538121,0.900291,0.384253
2053,0,1.824516,2.277458,0.167753,-0.530338,-0.052202,-1.747037,1.608334,-0.560504,1.654384,0.513314,0.049701,0.483466,-0.435209,0.807797,0.694542,-0.922492,-2.596345,1.387157,-0.136676,0.095521,-0.674049,-0.467842,0.645840,-1.484822,-1.248446,-0.874192,1.137200,0.502196,1.367832,-0.208783,1.113384,-0.681863
2054,0,2.980054,0.105344,0.354199,1.236391,0.182210,0.800078,-0.744487,0.365746,-1.401712,0.261192,-0.044659,-0.396918,-0.211820,0.941118,0.843641,0.172571,-1.283055,0.510580,0.515210,-0.955477,-1.020245,0.534198,1.010649,0.474576,-0.017860,-0.142737,-1.803238,1.947629,0.123497,-0.921663,-1.345702,-0.346462
2055,0,0.450933,-0.779790,0.709586,-0.556982,0.246546,-1.095700,-0.838788,-1.484065,0.618274,0.963318,1.009666,-0.602715,-0.323876,1.037441,-0.521652,-0.212756,-0.036656,2.783548,-0.884013,0.486298,-0.312381,-0.535768,-0.434662,0.195081,0.404347,0.639809,1.977386,2.457830,1.388946,-1.336741,0.215922,0.947119
2056,3,-0.342513,0.447695,1.127056,-0.133893,-0.023764,-0.931483,-0.140824,-0.039690,-0.492331,1.730496,2.495850,0.639702,-0.762434,0.673203,-0.480649,-1.078411,0.216741,-1.134512,-1.122134,0.720134,-0.526610,1.108899,-0.010691,0.868376,-0.771893,0.137968,2.443424,1.600952,-0.248299,-0.038642,0.871936,-0.403820
2057,2,1.656355,-0.300504,0.606108,1.029613,0.233459,0.229440,1.754211,-1.177877,-0.404628,-1.372122,-1.810611,1.005829,-0.283590,-0.810736,1.348926,-0.300730,-0.056000,-1.110161,0.207097,0.830774,-1.145946,0.505667,-0.136809,-1.097019,1.255787,0.628376,0.585682,-0.456530,-0.056911,-1.450851,-0.397422,1.202881
2058,0,-0.361706,1.758706,1.192197,0.774170,0.165519,0.559352,0.324660,-0.765002,0.497407,1.805674,0.646671,0.816255,-0.085246,-0.404806,-1.213571,1.025568,0.139413,-1.607959,0.469763,0.517008,0.728677,-0.208938,0.139770,-1.207887,1.437979,1.618727,-0.405315,0.233671,0.861526,1.679203,1.818758,-0.923762
2059,2,1.176146,1.143196,0.739685,-0.734438,0.594603,-0.838510,0.404848,0.863919,-1.651895,-0.123769,-0.507056,0.092990,-1.015578,0.973784,-1.932025,0.550406,0.037499,-0.341578,-0.435641,-0.293272,1.560255,-0.352223,-0.198154,-0.309029,-0.533745,1.683269,0.133745,-1.561218,0.277687,-0.538168,0.422909,-0.279381
2060,3,0.518987,-0.584739,-0.480073,1.826963,0.104092,-0.937495,0.316822,-2.669909,-0.251863,0.136267,0.027825,-1.944318,0.101042,-0.717035,-0.253136,0.015750,0.468180,0.333841,0.009709,-1.165436,0.313099,1.585672,-0.704373,1.452825,-0.626751,-0.819107,0.842941,0.093643,0.003063,-0.673071,-0.651638,0.762535
2061,0,0.075933,-0.983293,0.989239,0.806758,-1.021335,-0.283906,-1.200327,0.134322,-0.391159,0.775162,-0.371774,1.477147,0.029750,1.146684,0.756729,-0.551834,-0.003260,0.566600,-0.112231,-0.771161,0.516357,0.820370,-1.037648,1.369557,-1.309105,-0.649176,-2.243333,-0.076459,0.775784,1.356964,-0.603347,-0.470453
2062,3,-1.520407,0.062748,0.348352,-1.110628,-0.188816,-0.599290,0.945126,1.389397,0.105306,-0.727647,1.694878,0.806475,-0.831579,-0.120516,1.583489,1.017051,1.936220,-0.329673,-0.868867,0.177186,0.154014,1.333374,-0.200946,-0.951889,0.881698,1.805981,0.524665,-0.233926,-0.670683,0.648228,-0.819780,-0.372240
2063,0,0.842579,-0.731052,0.896446,0.663069,0.542649,-0.568581,-0.338494,-0.083354,-1.154315,2.118483,-0.942257,1.077898,0.349691,-0.505396,-0.088118,0.490913,-0.990698,-0.223545,0.012898,0.379158,0.729931,-1.750913,1.033543,0.471318,-0.416747,-0.620414,0.132910,0.387297,0.281957,-0.314453,-0.998063,0.015752
2064,3,0.590003,0.287919,0.544453,-0.314821,0.898702,-0.506191,-0.381066,1.359551,-0.958579,1.612730,-0.715848,1.248346,0.244281,-0.918046,-1.396104,-0.785934,-0.502529,-0.394261,0.070615,-0.328441,-1.453016,-0.547670,-1.462841,-1.811187,-0.854953,0.611088,0.539636,-0.344672,0.892278,-2.128473,-0.495270,-0.210988
2065,0,0.952407,0.937576,-1.067198,0.981211,0.093792,1.275007,-0.848162,-0.739963,-0.480403,1.503799,2.551293,-0.616650,-1.230202,-1.578850,0.677758,0.422751,-0.427962,1.083199,-1.249343,-0.652879,0.927746,-0.959688,0.165983,-0.200703,-1.450422,-2.027562,-1.434159,-0.124720,0.174368,-0.302373,-0.938567,1.717097
2066,3,-0.216988,-0.846106,0.322913,-1.687350,0.079812,0.625612,0.632511,0.132976,1.916935,-0.030124,0.704057,0.071959,-0.441636,-2.274668,-0.857925,0.193183,0.826839,1.446457,0.022429,0.686801,0.977533,0.355306,1.473593,0.177822,0.276203,0.487922,1.708770,-1.615050,-0.824558,-1.222418,-0.590408,-1.293825
2067,1,0.318005,0.795193,0.455575,-0.189383,0.837471,-0.101856,0.598176,0.014120,0.120781,1.657836,0.562440,0.368155,-0.653382,0.069971,0.865712,0.692068,0.258415,0.186796,1.174500,-2.562146,0.720867,-0.187739,0.452737,0.384610,-1.752238,0.577278,0.583294,-0.122444,0.349527,0.401658,0.615884,-2.259454
2068,3,0.952264,-0.303333,0.976938,-0.004643,0.260204,1.265470,0.057966,-0.872373,2.562033,-0.758490,-1.468462,0.631951,0.974205,-2.643523,-0.368135,-1.312525,0.797965,-0.802478,-0.878915,-0.340617,0.412555,-1.394047,0.000572,-1.909104,-0.386788,-0.477610,-0.054960,-0.351902,0.869326,-1.338914,-0.982771,0.298615
2069,1,0.185397,-0.783538,0.266204,0.287932,-0.290790,-0.287547,0.205364,-0.653245,-0.694939,0.265730,-0.630339,-0.921718,-0.846691,-1.238491,0.640846,0.925456,0.383008,1.014080,-0.963108,-0.453375,0.017497,0.617684,-0.053680,-1.788648,1.437847,-0.460022,1.394527,0.958326,-0.070980,-0.614347,-0.867343,0.962592
2070,1,-0.225811,0.152036,0.276927,1.610704,0.244280,0.678406,-0.973102,-0.242801,-0.224019,-0.045402,-1.089280,0.781084,0.628342,0.639013,-0.615491,-0.334238,0.467514,1.397406,1.164286,-1.098418,0.634371,0.431432,-0.242565,0.371269,-0.170349,0.079616,-1.287691,-0.012246,0.293492,1.133518,-1.435072,0.106261
2071,1,-0.246857,1.509520,0.219062,1.310904,0.108042,0.768536,0.832288,0.501921,0.750197,0.366765,-0.176342,-2.910210,0.609216,0.825236,-1.371078,-1.103940,0.038527,-0.804290,1.834156,0.842093,-0.773433,0.386685,3.048967,-0.946971,1.689105,-1.266672,-0.872876,0.156403,0.095967,1.026078,-0.594217,-0.675341
2072,3,-1.352145,0.469598,-1.199734,0.337963,-1.298755,1.081744,-0.886006,-1.290400,0.752912,-0.227798,-1.212774,-1.116484,0.490307,-0.830320,-0.308384,1.181456,-1.010274,-1.424354,-0.229703,-1.873888,0.479448,-1.466911,1.550224,1.146685,0.079586,1.529876,-0.364141,0.877055,-0.708009,1.367530,0.198102,0.365528
2073,3,-0.378840,-0.352691,-0.827845,1.532797,-0.766069,-0.671296,-0.618240,-0.071973,0.725139,0.854671,-0.974865,-0.559295,1.387847,-0.991109,-0.423150,-0.728980,2.446573,-0.425546,-0.067497,-0.934367,-1.331186,-0.034554,-0.976015,0.550619,-0.779914,-1.496720,-0.387157,0.425871,-0.262957,2.296369,-0.990486,-0.031800
2074,3,0.886531,2.180708,0.671910,0.710839,-0.473545,-1.037731,0.475388,1.438131,-0.919915,0.902545,-0.725143,0.738040,-0.277606,-1.175547,1.722313,-0.515713,0.951519,0.636813,1.831313,0.102936,-0.653333,1.519662,-0.663415,-0.180253,-1.993146,1.424144,-0.531903,-0.240761,-0.392816,-0.618422,-1.407835,-1.803616
2075,2,-1.293989,-1.752018,-0.294412,-0.237075,0.445285,0.414869,-0.347321,-0.134627,0.978875,0.746989,0.395860,0.348883,-1.377636,0.037794,0.383913,-0.590977,0.480238,0.075852,1.029620,-0.243367,-0.663920,-0.521033,1.122643,-0.444178,-0.803525,-2.795882,-0.438377,-0.522774,-0.302040,1.564833,-0.241493,0.243819
2076,3,0.039410,0.145074,-0.843768,1.311925,-1.309839,0.250346,-0.909607,-1.880170,-0.799883,0.688021,0.156428,-1.229130,-0.439809,0.664454,-0.277364,0.093774,-1.491143,1.091175,0.835533,-0.865967,2.145132,0.657741,0.422009,-0.218622,0.548610,1.218078,0.604115,-0.932327,0.256054,1.493339,-1.801133,-0.471874
2077,1,0.863010,1.906620,-0.350121,1.344201,0.639631,0.500087,-0.764684,0.583879,0.384810,-1.179601,1.298022,-1.195806,-2.247930,-0.748685,-0.048944,0.495949,1.884854,-0.304328,0.452242,0.167407,1.126309,0.304933,1.005878,-0.341182,1.697416,-0.246910,0.658018,0.202402,-0.110706,0.405057,1.130818,-2.166375
2078,1,-0.280277,1.260401,-0.525915,0.008623,-0.424326,-1.120405,0.202906,0.217579,-1.648484,1.670799,0.042826,-1.406065,1.510301,1.170528,-0.359536,0.910404,0.048140,0.212841,1.551597,0.465759,1.591405,-1.498776,1.625205,0.786967,0.624272,0.210238,-0.790615,-1.570974,1.743378,-0.051131,1.076883,0.861527
2079,1,0.351072,1.732455,-0.493218,-0.217671,0.306334,0.743956,0.666415,-1.862090,0.413818,1.885414,-0.035428,0.251605,-0.007916,0.030734,1.227362,0.206532,0.798963,-0.597806,2.170045,-0.825979,-1.071430,-1.039158,0.702375,1.146631,2.914961,0.711659,1.231850,-0.958195,1.343801,0.921240,1.685527,1.298431
2080,3,-0.173311,0.730684,-0.490112,0.902360,1.254147,0.139363,-0.842130,-1.576399,-1.662890,-1.557111,-2.208902,-0.288544,0.936643,-0.856282,0.211979,1.486288,-1.397686,0.708472,-0.555696,-0.237973,0.305746,0.576290,-0.980091,0.061444,-1.463135,-0.513766,0.405032,0.791767,0.568547,1.729227,-0.174289,0.026781
2081,2,-0.671423,-0.072562,0.658940,-0.555402,1.899908,-0.872147,0.900441,-1.110267,-0.880162,-1.170566,0.676098,1.635573,1.538739,-0.317788,0.736751,-0.111386,0.499670,-1.592517,1.008498,-0.371813,0.372386,0.917667,0.493122,0.755181,0.738506,0.358744,0.700272,-0.359966,1.360261,2.391690,0.292246,-0.028412
2082,3,-1.001943,1.301128,-0.501145,0.548966,-0.223449,0.597098,-0.197580,0.532143,0.184376,1.042950,-0.616156,0.482615,-0.105059,0.542516,-1.359920,0.147527,0.641347,-2.155733,-0.928730,0.776592,0.516083,-0.327808,0.230923,1.193505,0.106408,1.498931,0.659854,1.311272,-1.029799,-1.830653,0.641803,0.429285
2083,3,0.048970,0.346214,-0.870658,0.663122,0.195849,0.296553,-0.088578,-0.810371,1.738293,0.967032,0.062582,0.925869,-1.561867,1.037437,-0.066036,0.991265,-0.696222,-0.040016,-0.454412,0.963461,-0.826221,-1.608999,1.844540,1.088869,1.776431,0.421692,1.322588,0.808707,-0.158066,1.748459,-1.036559,0.203064
2084,3,1.215915,0.982508,0.394511,1.701272,-1.101449,-0.500215,1.189850,-0.508838,0.476777,0.606584,-0.580531,0.666831,1.873145,1.391305,-0.318126,-0.911764,1.309830,-0.534356,-0.627148,-0.530450,1.270663,-0.860906,1.403580,-0.266273,2.060885,-1.299197,0.882045,0.350377,0.417629,-0.487845,1.113229,-0.342011
2085,1,-1.875062,-0.461370,0.178743,0.405789,-0.454879,0.040525,-1.682274,-0.890026,0.662034,-0.741698,0.269760,1.988738,-1.233725,-1.216520,-1.911772,0.617904,1.337224,0.067249,0.724751,-1.402903,0.602338,1.085450,2.282657,0.394255,-0.650582,0.492548,-0.531586,0.445020,-0.344388,-0.661660,0.606595,0.148358
2086,0,0.410147,-0.145218,-0.323706,-0.889357,0.379269,0.803182,0.006989,1.476206,-0.113619,-0.955879,-0.670858,-0.310539,2.117827,0.509432,-0.767242,-1.461807,1.647754,1.221912,-0.554821,-0.244293,-2.086760,0.443574,-0.061813,-0.399390,1.657214,2.658394,0.152113,-0.377281,0.546474,0.857908,-0.649678,-1.024625
2087,3,0.472795,-1.157210,0.795370,-0.345200,0.275666,0.748058,0.283850,-0.631440,-0.703674,-0.091003,-0.522747,-0.532917,-0.288018,-1.582047,-0.054974,-0.367229,-1.761590,-0.734215,0.454276,-1.095907,-0.150883,-0.189178,-0.512686,1.521067,-1.251547,-0.508778,0.695067,1.585454,1.895859,-1.092368,-0.705703,-0.408815
2088,2,-0.834807,-0.383611,0.379127,0.905111,-0.156185,0.345667,0.032900,-0.197383,0.455814,-1.665225,-1.747872,-0.434170,0.451350,-0.861410,-1.363697,-0.950239,-1.475081,0.408872,1.687345,-0.682314,-1.538226,0.273986,-2.766585,1.097025,1.109869,-1.012648,-1.148772,-0.262957,-0.830706,-0.620400,-0.625209,-1.397710
2089,2,0.846539,0.253241,-1.524090,-0.930136,-0.551382,-0.345772,0.058169,-1.166613,-1.526208,0.884596,0.536825,-2.539438,-0.372681,0.136391,0.534310,-0.795106,0.377627,0.349230,0.230101,-1.029397,0.049745,-0.744424,0.526763,0.889767,1.926502,-2.558108,-0.429703,-0.299863,-0.046488,1.704048,0.312263,-0.855482
2090,2,0.592602,-0.562027,-1.066031,0.739690,-0.777646,1.579904,-1.431929,0.182699,-1.026138,-0.274759,0.729415,1.009845,-1.650359,-0.881871,0.458563,0.305040,-0.019916,0.543049,2.704387,-0.431786,-1.388098,-0.948818,-1.501392,-1.081834,0.397901,0.359751,-0.986619,0.555097,0.193923,0.424729,1.385037,-2.211190
2091,2,-0.343165,0.051604,0.271956,-0.806001,0.403953,-0.635028,-0.013619,-0.196729,1.445694,0.011438,-0.875091,-0.721612,-0.137261,1.184336,0.838483,-0.449860,-1.147576,-1.521416,1.316603,-2.018395,2.556751,0.959979,-0.899491,0.494980,-0.763907,0.097831,0.850126,0.336249,0.390320,0.758026,0.323435,-0.392747
2092,3,-0.477772,0.513092,0.409789,0.074271,1.259828,1.771812,1.078262,-1.404353,1.664410,0.654548,-0.432770,0.185569,-0.497980,0.665784,-0.969751,-0.437727,-1.137955,-2.091352,0.610033,0.009042,0.223295,-0.407313,-0.476617,1.033411,0.405714,0.221896,0.254166,-0.351502,0.629163,1.366704,-0.830593,-0.669371
2093,2,0.906586,0.203729,1.071052,-2.744344,-0.089364,-0.496854,0.095722,0.895609,-0.350064,-1.220694,-2.623144,0.870483,-0.380838,-0.631910,-1.210387,-2.335775,1.235568,-0.564315,-0.173507,0.946794,0.889247,-0.568905,-1.343204,-0.587723,-0.654971,1.578884,0.888973,1.211558,0.294414,-0.892237,-0.139149,0.061822
2094,2,1.005119,-0.146588,2.005871,-0.133892,-1.255624,0.753131,-0.408681,-0.718419,-1.183911,0.178708,0.171826,-1.761434,0.490978,-0.904106,0.134018,-0.506100,0.850984,-1.433612,0.026591,-1.665902,-0.757741,0.730013,0.034536,-0.048500,-1.260844,1.046448,-1.037838,-0.152872,0.392540,-1.404970,-0.603414,0.673854
2095,2,0.561934,0.057502,0.281104,0.870279,-0.475422,0.390430,-1.565753,-0.525751,1.867104,1.178338,0.229019,1.092410,0.951678,-0.997060,0.646410,-0.280528,0.540888,-0.124607,0.215727,0.722862,-1.959921,-0.890894,0.640475,-1.229752,0.264257,-1.610150,-0.648989,-0.026717,0.125454,1.256256,-1.270710,-0.994498
2096,1,2.935613,2.223669,-0.065962,0.330873,-0.300217,0.669295,0.104190,-1.265500,-1.083757,0.674824,0.299376,0.971838,0.568616,1.918877,-0.289036,0.378808,1.421553,-1.509379,1.359706,0.079503,-1.065354,0.529810,-2.017821,0.445610,0.848446,-1.218954,-0.095377,0.159367,0.220913,2.113457,-0.510115,-0.690067
2097,1,0.749828,0.684739,-0.881911,0.235233,3.005322,0.348686,0.179339,-0.076459,1.823107,0.713085,-0.772139,1.315903,0.135818,-0.544619,0.811596,-0.487295,-0.262228,0.889890,0.708661,1.156182,0.027954,-0.304742,-2.106473,0.373824,-1.020652,2.234830,0.400085,0.824063,0.792100,-1.233826,1.214953,-0.817749
2098,3,-0.132972,-0.898628,0.115400,-1.321019,0.670132,0.372851,-0.593429,2.092996,0.855833,-1.632177,-1.972428,0.115699,-0.098027,-0.868056,0.196397,-0.650738,-0.679208,2.208584,-0.632439,0.080723,-0.625584,-1.423976,-0.187079,-2.340662,-1.141059,0.162972,-0.064757,1.682561,0.481705,0.024909,0.585600,-0.008662
2099,0,1.098090,-0.094380,-0.970924,1.207501,0.379327,-0.113370,0.058430,-1.113114,-0.752039,-0.505127,0.896131,-1.336490,0.048242,-1.195959,0.849023,-0.099049,0.097809,-1.450548,0.557765,-0.514094,-0.067113,-0.452549,0.421624,-0.217407,0.325844,-0.713891,-2.089848,1.347528,-0.656874,0.026092,0.953984,1.169401
2100,2,0.964341,-0.306141,0.651600,-0.792157,-2.248656,0.380449,0.884820,0.405403,-0.168625,0.639333,-1.002063,1.465609,-0.956638,0.686065,0.679179,0.343271,-1.102354,0.857108,-0.737744,0.171253,1.211871,0.711476,1.478551,-0.893052,-0.360479,0.031659,0.502318,-0.163802,0.216990,1.228425,-0.461992,0.180199
2101,2,-0.560854,1.616574,-0.374225,0.143900,0.894966,-0.360795,-0.781751,-0.721042,-0.336288,0.799396,0.616513,-0.359859,1.292420,0.493476,-0.098584,0.194139,-0.767373,-0.385039,-2.551173,-1.228600,-0.980372,1.514976,1.399222,0.664822,0.148201,-0.060776,0.153128,-0.620468,0.397948,1.006579,1.174393,-0.673766
2102,2,0.261664,-0.154048,0.530886,0.448808,-0.536405,-1.430842,1.447714,0.328341,0.452566,-0.857933,-0.101714,0.970518,-0.224656,-1.867013,-0.721522,0.564341,1.955867,-0.865255,-1.254692,0.376537,-0.683523,0.492717,-1.063696,0.003365,-0.539663,-0.282984,0.198409,-0.768427,0.359925,-0.624905,-0.301873,1.731202
2103,0,1.229586,-0.603476,-0.226549,0.332579,-0.501715,-1.207932,-2.808958,-0.993499,-0.036459,-1.084666,-1.117307,-3.206100,0.339132,-0.883607,1.643716,-0.699548,-1.928585,-0.776139,1.005106,-0.732100,0.940508,2.076686,0.751120,0.798187,-0.708969,-1.280266,-0.930090,1.340474,-0.744954,0.283117,-0.005761,0.125674
2104,2,0.906899,0.131869,-0.795330,0.645430,1.175762,-0.249731,-0.457253,-0.531149,-0.794405,-3.076674,2.368098,1.224804,-1.798087,-0.987265,1.092149,-1.002459,-1.402621,-2.059254,-0.845498,-1.288362,-0.048667,0.739327,-0.130061,-0.774310,2.138389,-2.161170,1.477044,0.506282,-0.515826,0.397460,0.263170,0.071408
2105,3,-2.642263,-0.989273,1.236128,0.262584,0.642746,0.597187,0.443091,0.429923,-1.076111,-0.055149,0.298835,-1.014334,0.183623,-0.007799,0.370575,-0.438875,1.603597,-0.433584,0.614799,-1.859976,-0.593839,-0.194035,-0.639325,0.361523,0.454717,0.716701,-0.535848,0.958561,0.353063,0.356097,-1.508599,0.489190
2106,1,0.025593,1.256994,0.435668,-1.300765,-0.956967,0.672930,-1.442476,0.083568,0.346924,-0.505847,-0.433310,-0.395152,0.041666,-1.704471,-1.500726,0.272524,0.664686,1.334762,-1.024096,1.207562,0.947308,-0.572341,-0.472218,0.291242,-1.176035,-0.085893,0.745569,-0.473334,0.938281,2.042724,0.003046,-0.349835
2107,1,-0.150100,-0.961480,-0.403841,2.676841,-0.401073,0.486246,0.134632,0.007003,-1.081157,0.406915,0.756939,-0.216696,-0.592652,-1.011546,0.753271,0.150334,-2.338670,0.411050,-1.386222,1.100758,-0.120728,-1.552866,0.077070,-0.348837,-0.135694,-0.630958,0.845438,0.378417,-0.054721,0.196371,0.780977,1.002111
2108,3,-0.996533,0.366315,-1.755418,2.074652,-0.224503,-0.473097,0.106192,-1.184888,1.225698,-1.716806,-1.804283,-0.238669,-1.290715,-1.177534,-1.246518,-0.238288,0.259694,-0.514730,-1.187993,0.123514,-0.663772,1.052457,0.979788,-0.257539,0.444490,1.367277,1.187433,1.836172,-0.413821,-0.872161,0.503013,1.327580
2109,2,-1.374744,1.887526,0.016143,0.033149,2.459306,-0.377666,1.004087,1.706380,1.420090,0.662545,0.195066,1.335865,-0.515994,-2.673508,0.897976,0.108195,-1.908462,1.372950,-0.377662,0.344606,0.496057,-0.177180,0.905432,-0.084424,0.402674,0.332153,1.471096,0.934978,1.100915,-0.488318,-0.005135,-2.144786
2110,1,0.153134,0.540767,1.588744,0.501695,-0.801101,-0.205916,-0.746127,-0.193308,-0.370142,1.020808,1.124039,2.145626,0.453681,-1.412128,0.205054,-0.114071,-1.179381,-0.635323,0.947639,-0.580450,-0.091131,1.367133,-0.568614,-0.728481,-0.385891,1.982630,0.771956,-1.329656,-0.009705,0.648237,2.361621,0.289934
2111,2,0.012380,1.727964,1.160842,-0.410433,0.590056,0.659934,-0.993305,-0.076002,-0.571863,-0.509651,1.596434,0.179492,1.172883,1.422964,-0.866387,0.956681,0.083319,-0.118959,-1.022588,-0.318628,0.401568,-0.650972,0.707821,1.462505,1.102287,0.166138,-1.163753,0.282664,0.794360,1.202025,1.429365,-1.340225
2112,1,-0.664600,1.229259,-1.704226,1.772477,-0.147541,0.323950,-1.178092,0.564415,0.540110,-1.495378,-0.122230,-0.249880,1.208855,0.760643,0.232955,1.600728,-3.719078,0.022360,0.927962,1.289734,0.247334,-1.059026,-0.815074,1.116406,-0.554886,-0.056562,-1.014116,0.264574,2.161864,-0.888348,0.426007,-0.478561
2113,1,0.076509,-0.564524,2.353464,-0.642697,-1.292446,-1.448348,0.600371,-2.215709,-0.783329,-0.791771,1.146411,0.703905,-1.226611,1.051646,0.524058,-1.460885,0.753400,-1.511440,-0.891448,1.039292,0.734823,-0.457874,-0.600218,-0.372447,0.852298,0.159031,0.287044,-0.770258,-0.488025,3.180571,0.534451,1.351610
2114,3,-1.624318,0.736684,0.712812,1.345848,-2.656628,1.685640,0.794477,-0.592281,0.655442,1.175195,-0.341106,1.623452,-0.247671,-1.514591,-1.390690,-0.553740,-0.497536,-0.130223,-1.009016,0.580181,-0.164457,0.476747,-0.608969,-0.478523,-1.661629,-1.900858,1.107739,1.012354,1.611501,0.689583,-1.121793,-1.168485
2115,2,-0.673191,0.030766,0.631161,-0.617401,-1.648352,0.811154,-1.075462,-0.901344,-0.395810,1.362821,0.349160,0.463916,1.582577,0.914890,-0.597565,-0.392586,0.358647,-0.314813,-1.610033,-2.220694,-1.283399,-0.376186,-0.436773,0.243679,-1.285234,0.564209,0.388255,0.069767,1.289131,2.158166,1.365284,0.215174
2116,3,1.872932,-0.596886,1.049464,-1.155049,-1.095034,1.321417,1.156922,0.701826,-0.367225,-1.774378,0.891574,0.655257,-0.506839,-0.054764,0.431792,0.117110,1.026886,0.750305,0.609448,-0.691713,0.275402,0.004368,0.355720,-0.306881,-2.563215,-0.973609,0.777416,0.534723,0.579154,0.554427,-0.726634,-1.949472
2117,3,0.431899,2.097604,0.465749,2.047632,0.989852,-2.038734,0.511441,-0.165850,0.634153,-0.610854,-1.066496,0.213644,0.315902,0.476730,-0.602994,-0.686823,-0.202560,1.503195,0.459835,-0.984124,0.379846,-1.252363,-0.739316,-0.841780,0.838835,1.969591,-1.018402,0.467699,-1.447094,1.660446,0.369996,-0.879762
2118,1,0.897098,0.126707,1.757089,0.811710,0.524065,0.122388,-1.075244,-0.754247,-0.586469,0.564994,0.504724,0.434980,-1.859811,-1.101549,-0.503845,-0.172253,0.204578,-0.478610,0.918176,1.040702,-0.188777,0.943834,1.021120,0.680276,2.147964,0.452948,0.728872,0.298194,0.651391,0.078306,-0.439811,-0.865135
2119,2,-1.259442,0.316300,-0.795747,0.159952,1.014251,0.918100,0.870529,0.028494,0.184030,-0.448392,2.382412,-1.373036,1.343982,0.496444,-0.779932,-1.371653,0.741112,0.529520,-0.135544,2.149652,-1.204710,-1.127398,3.045708,1.253144,0.411064,1.176945,-0.067404,-0.644711,-0.128334,-0.477643,1.488811,-0.462899
2120,2,0.500547,-0.582296,-0.498892,-0.477901,2.132795,-0.566587,1.754928,0.033303,-1.327034,0.624240,-0.346253,0.194643,-0.576854,-3.126634,-0.356563,0.759028,0.158929,-0.195779,0.537641,-0.256673,-1.984608,0.500356,0.432094,-0.075049,0.154927,-0.728329,-0.274813,1.278620,0.285768,0.609367,0.609205,1.208129
2121,2,2.194747,0.979836,1.500790,-0.895399,0.236312,1.292077,-0.903077,-0.494513,-0.634740,1.438050,0.046082,-0.450001,1.291961,-0.311731,-1.288592,0.154869,0.075390,0.194845,-0.645743,-0.385306,-0.005428,0.322573,1.320232,-0.907065,0.258715,0.824736,-0.158174,0.853652,1.054714,0.157646,-1.086591,2.118488
2122,0,0.522548,-0.943343,0.235592,-0.306172,0.762623,-1.829787,0.307243,0.856350,0.227300,1.847660,-0.013399,1.040704,-0.071401,-0.574272,-0.648629,-0.345030,0.048665,0.533425,0.901693,-0.273895,0.072773,-0.363061,-0.125529,-0.267582,0.540571,-0.612675,1.327522,1.900682,-0.452957,-1.098225,-0.707515,0.479704
2123,2,-0.792075,1.122852,-1.904305,0.291951,0.939234,0.833650,0.788123,0.868592,0.254143,-0.188152,0.186028,2.587811,-0.410930,0.016771,-0.857686,-0.686575,0.653251,0.801423,1.273459,-0.787989,-0.160087,-0.658209,0.456877,-0.249275,-0.144998,0.292852,-0.333995,-0.001733,-1.594913,0.245172,0.428783,-0.756810
2124,1,-0.415001,0.295603,-0.030011,-0.310674,-1.084741,0.584548,-0.808201,0.501242,0.390636,-0.478302,2.249499,-0.148266,-0.211375,-0.504472,-0.685253,-0.817946,-0.885039,-0.077099,-0.044517,0.095653,0.236640,-1.254372,-0.883120,0.793728,0.360112,-0.957800,1.446376,-1.187007,0.245112,-1.425116,-1.725767,-1.158641
2125,0,0.674669,0.242226,1.507810,0.039531,0.340875,-0.693270,0.182790,-1.258055,0.541750,-1.874194,-0.729080,0.558272,-0.001622,-0.139359,-0.610503,-1.828149,2.685615,0.640318,0.950261,2.293150,1.447159,0.465144,0.717354,-2.142716,-0.073516,0.909335,-0.051220,0.650712,1.683403,0.711553,0.518138,0.681089
2126,2,-0.627859,-0.954720,0.228066,-0.524775,0.123773,-0.727624,-0.624290,-1.810583,0.862065,-0.600433,-0.493217,1.174751,0.016188,0.894986,0.536163,0.871520,-0.010932,0.041177,0.024304,-1.140885,-0.396016,-0.359289,0.285584,-2.324026,0.661045,0.645614,0.494085,-1.116414,-1.415424,-0.002102,0.899963,-0.736453
2127,0,-0.254788,1.039656,0.241744,0.033064,0.214141,0.211851,-0.264622,1.280703,0.890134,-1.795076,1.073893,0.197386,-0.671559,2.541460,1.279496,-0.978977,0.335481,-1.076251,0.200294,-0.511002,-0.689527,-0.278804,-1.336445,-0.750568,0.243448,-0.404326,-0.660184,-0.359252,-1.183660,0.391681,-0.040448,-0.902974
2128,0,0.509847,0.760192,1.004633,0.610087,-1.406722,0.520730,0.588151,-0.171070,-0.379313,-1.280042,1.187922,-1.340920,1.709672,0.195216,-1.092098,-1.179344,2.196735,-0.170852,0.373021,0.349695,0.451889,-0.297694,-0.667875,0.110313,-0.526669,1.959507,1.179788,0.436834,0.406641,-1.041192,-0.699068,-0.157300
2129,3,-0.247900,1.674071,-0.547606,1.075051,2.109171,1.265393,-0.781001,-0.683235,0.524033,-1.463284,-1.365835,-0.628800,0.317509,-1.232852,-0.899193,-1.035010,-0.071983,0.890964,0.526461,0.618370,-1.876346,-0.436607,0.326221,-1.299545,-1.655328,0.817999,-1.193560,-0.623805,-0.325111,0.114060,-2.057360,0.603894
2130,3,-0.368839,-1.029072,0.947417,-1.093164,1.523725,-2.078781,-2.099683,0.798887,-0.008540,-0.390877,0.905318,0.833166,-0.021228,0.761537,-0.740972,0.144099,-0.279140,0.551608,1.098778,-0.503555,1.554511,-0.236763,-0.111420,0.406983,0.568106,0.329159,-0.621175,-0.736988,0.847552,0.329039,-0.414004,-1.350289
2131,0,2.256803,0.713840,1.694553,-0.781772,-0.800459,1.163283,2.507484,-1.960448,0.307601,-0.027216,-1.085363,-0.457045,0.542141,-1.382154,-1.233171,0.827181,2.708824,-0.950648,0.642403,1.174289,-1.086463,0.385615,1.393861,-0.499920,-1.380774,0.945928,0.052045,1.886929,0.390986,3.056015,-1.628333,-0.240592
2132,1,-0.215091,3.133994,0.840973,0.741655,0.752449,-1.343623,0.913903,-1.749211,1.184196,1.011922,-3.184849,2.236001,-1.953289,-0.522993,0.444732,-0.541579,-1.795380,-0.154231,0.328371,-1.587258,1.047162,-0.079065,1.458641,1.462588,0.096569,-1.012233,-1.603079,-0.972137,0.635892,-0.036165,-0.182295,-0.040397
2133,1,2.252333,-1.843111,-1.034659,-0.353158,-0.908574,0.762268,0.578993,0.358227,0.254981,1.255758,1.810742,-1.871990,-3.018474,-1.124687,-0.433222,0.029275,0.794111,-0.594538,-0.730021,1.837556,0.077083,2.245534,-0.119561,-1.100500,0.424571,-2.484416,0.247135,0.223249,-1.638907,1.146225,-1.194158,0.314935
2134,2,1.372186,1.069813,1.580094,2.786982,-0.006990,-0.828868,-1.065453,-2.850268,0.570477,-0.840766,-1.035182,-2.172584,-0.474342,-0.636611,-1.004421,1.606319,-2.258808,1.268682,-0.424058,1.599263,1.066794,0.498905,0.850986,0.725314,-1.685969,-0.191707,-0.017821,0.481677,0.521987,-0.705504,-0.353965,-0.457429
2135,3,0.970348,-0.170003,0.227220,1.196903,-1.314434,0.270374,-0.382667,-1.334952,-0.976250,1.623540,-0.643018,0.075666,0.379390,0.204322,0.292768,-0.087658,-0.690930,0.859316,-0.641096,-0.536617,1.901275,-1.099684,-1.915557,0.783195,2.300867,0.345741,1.858941,0.458057,1.378668,-1.982767,-0.029056,1.863059
2136,2,0.015143,-0.283358,1.050442,1.448340,-0.254316,1.602644,-0.430157,-0.323119,1.199922,0.204319,0.439682,-1.013598,1.954121,-0.699190,-1.220851,0.247848,0.644506,0.849473,-0.616540,1.193947,-1.071707,-1.538382,0.656278,2.137493,-0.047708,-2.353649,-0.676714,1.568233,1.497370,-1.648438,1.092559,-0.781777
2137,3,-0.082186,0.538800,-0.238611,0.307617,-0.410043,1.948631,-1.063347,0.652982,1.103493,0.437997,-0.078406,0.628976,-2.076888,-0.900616,-2.203789,0.629385,0.280712,-1.126311,2.005325,-1.162999,-0.430651,1.118668,-0.686662,-0.489562,-0.542269,0.639467,-0.361743,0.335253,0.698069,0.576626,-0.315603,0.393874
2138,3,-1.353590,0.165146,0.543256,0.272781,-2.394786,1.029783,0.089465,-0.562749,-0.229692,0.015103,0.929719,2.041909,-0.522530,2.095014,0.656855,0.170303,1.448648,2.338912,-0.648532,-0.494473,0.151674,1.646764,-1.153441,0.381816,0.079543,-0.074157,-1.230478,-1.207396,-0.378567,0.743602,-0.137160,-0.180266
2139,1,-0.797816,-0.640961,0.272137,1.140404,-1.908373,-0.907002,-0.757003,0.475694,0.675116,-0.390689,0.649175,-0.394000,-0.565230,-1.119242,1.817672,-0.270160,-0.066901,0.307183,-0.206001,-0.391562,-0.019256,1.397268,-0.100660,-0.394827,-0.397461,0.519244,0.906485,-0.858667,-2.055964,-1.018230,0.468330,-1.360837
2140,0,-0.178764,-1.054452,-0.066520,1.647825,0.566868,-2.331992,0.941091,-0.409852,-2.615693,0.895351,-0.736262,-1.051144,-0.965800,0.671632,0.342059,-0.346932,-0.033085,1.621064,-0.133623,0.358149,0.454127,-0.625465,-0.728983,1.559390,-1.159653,0.102070,-0.268989,-1.945739,0.479995,0.091844,-0.584691,1.471130
2141,0,0.923027,-1.399882,-1.362825,0.560086,-0.041525,0.189018,-0.949516,-0.284925,-0.232344,1.558912,-1.837719,0.060524,1.056067,-0.395646,-1.057788,-0.352433,1.200735,-0.300193,0.971669,-0.390739,0.173726,0.978672,0.411136,0.224208,0.052488,-0.235100,0.095001,0.776672,0.582318,0.081027,0.898596,-1.147233
2142,0,-1.607417,1.149239,1.364076,3.734191,-0.153047,-0.603949,0.159103,-1.115208,-0.061817,-0.643338,0.342599,1.255615,-1.863500,-0.571957,0.550315,0.848011,1.541355,0.479316,0.243544,-0.092913,-1.508371,0.023562,-0.225829,1.373231,-0.298007,-0.493914,0.083104,-0.158966,0.176684,2.285107,-0.098289,0.334084
2143,3,-0.468875,0.241700,-0.554125,-0.040596,0.466517,1.287197,-0.415600,0.707901,0.952267,0.794928,-0.505162,-0.859013,0.132635,0.103021,-0.847954,-0.347820,-1.032248,0.377746,-0.104392,-1.605630,-0.655326,-1.729137,-1.537040,0.612010,0.254062,0.896701,1.347786,-0.826838,0.554940,-1.137303,1.471593,0.969785
2144,1,1.529209,0.701304,-0.974431,-1.203776,-0.717156,0.374435,0.529083,-0.397246,1.409279,-1.260811,-0.034318,-0.581362,-0.232532,-0.332727,-1.028258,-0.543284,1.270913,-0.165385,-0.394895,-2.644490,-0.469401,1.806340,-0.993263,-0.692087,-0.110617,-0.149652,0.762293,0.313213,0.942482,0.643236,1.795687,0.975926
2145,3,0.298145,1.902124,0.407405,-0.042399,-0.910172,0.003318,-0.694789,1.114446,-1.013551,0.718236,-0.328299,-1.356414,0.139236,2.235303,-1.465003,-0.141753,1.901889,0.442018,1.232182,-0.894543,-0.486173,0.197130,-0.461062,0.928021,2.378362,-0.144695,-0.942081,0.566195,0.524780,-0.403407,1.891544,0.913943
2146,0,0.440593,0.401420,2.137781,1.773931,0.938493,-0.292777,0.722912,0.192044,0.399021,-1.084124,0.799721,0.833620,1.362921,0.926170,1.329564,-0.194340,1.774105,-0.348272,0.701838,0.222830,-0.573017,0.461796,1.256146,0.427998,-1.794536,-2.184336,-1.244209,-0.493234,-0.058290,-1.653657,-1.039010,0.457164
2147,1,0.230045,-0.700171,-1.101288,-0.027689,1.946516,0.239166,-0.309018,0.810474,-0.359686,-0.643774,1.401872,-0.253152,1.051035,0.899248,-0.845854,-0.499245,-1.384916,2.130375,-0.256042,1.129472,-0.920854,-1.626310,1.267905,2.010339,0.565375,2.423408,-0.207952,-0.617527,-0.572971,2.267034,0.448043,1.528123
2148,1,-0.422969,0.049623,1.045150,0.338040,-0.859052,0.101671,-0.557456,1.980069,1.711822,-0.493313,-0.299349,-1.388276,-1.009017,0.128234,0.598764,-0.220504,0.128240,-0.191953,0.352014,-0.041186,-0.076100,0.003706,-1.050860,-0.394365,-1.235312,2.073024,0.971846,1.141912,-1.372993,0.276307,1.036564,0.421835
2149,3,0.228382,0.338969,-0.483534,2.247787,-1.421757,0.866891,0.421220,-1.230399,1.139272,0.086291,-1.332532,-0.935883,0.542661,-0.614575,1.606236,-0.981809,1.018610,-0.100169,-1.342268,0.187732,-2.905556,0.663965,0.026971,0.536531,0.961121,1.459010,1.517322,-0.961905,0.137534,-1.434615,1.172724,-0.076167
2150,3,-0.028116,0.946665,0.749284,0.662217,-0.009604,-0.506041,0.420271,0.811434,1.903362,-1.919378,-1.453046,-0.216243,0.150653,1.098289,0.936287,-0.588323,-2.416670,-0.119369,0.533525,0.505813,-0.721639,0.306920,-3.182144,0.351341,-0.659556,0.592067,1.240731,-0.216991,2.134267,0.616628,1.045904,-1.008186
2151,1,0.333422,1.295481,-1.076586,0.038693,-0.422806,-1.387839,0.913278,0.078052,-2.743734,0.280931,0.385827,-0.868340,-0.611186,-0.383146,-0.947578,-0.456614,0.320999,-0.072501,0.331272,-0.164535,1.415236,1.093207,-1.057270,-0.307923,-1.882652,0.787853,-0.332430,0.362713,0.375164,0.540084,-0.823771,0.523104
2152,0,-1.352163,-0.067315,-0.585860,1.118913,0.969250,-0.752645,-0.633694,-0.522180,-0.377864,0.156138,0.264153,-0.078707,0.116020,-1.584882,-0.234704,-0.331418,-1.725239,-0.989089,0.367303,-0.058472,1.033052,0.606240,0.089784,1.075227,0.500209,-0.160422,0.986661,0.519520,0.103377,0.029996,-1.477762,0.291129
2153,3,-1.026839,1.104665,-1.139175,1.449617,-1.520179,-0.979761,0.502151,0.926307,-0.323401,-0.577607,1.536908,-1.084048,0.541699,-0.079982,0.640506,0.317893,-0.396582,0.161249,0.074275,-0.858665,0.556142,0.909936,0.213736,-1.228791,2.323830,0.392699,-0.634784,1.351357,0.498074,0.213497,-0.812593,-1.626131
2154,3,-1.201197,-0.842286,-0.513157,0.444073,0.414325,-0.117184,0.474284,0.172005,1.928475,-0.423866,0.039607,-1.762843,0.674142,-0.679849,-0.290320,1.795785,-0.017003,2.428684,-0.660758,0.792401,-1.083830,1.260782,0.510171,0.343490,-1.280768,0.997997,-1.899743,0.053746,0.493751,0.083626,-0.038899,0.317526
2155,0,1.065407,-1.465525,1.608677,1.557803,-0.321582,0.246127,-1.016214,-0.582712,-1.591616,-0.189269,-0.693121,0.728336,0.279560,1.160453,0.175789,-0.472207,-0.092202,-0.460125,1.538196,0.549197,-0.611107,-0.385593,-0.025837,1.968005,0.390375,1.552330,-2.106847,-0.578862,-0.722019,-1.197203,-0.459330,1.340608
2156,3,-3.176293,1.695757,-0.252705,1.472592,0.342633,-1.024141,0.038580,1.012481,0.181970,-2.153845,-3.061023,1.387935,0.095735,-0.311831,-0.877544,0.249894,-0.003260,1.099009,-0.586167,-0.226133,0.289940,0.333432,0.616249,1.219733,-1.808877,-0.423935,-1.908974,0.792873,0.121858,-2.730822,0.032948,-0.874828
2157,3,-0.470216,-0.102276,-0.394040,1.739213,-1.811383,0.356788,-0.864190,0.253110,0.525697,-0.823186,0.274499,2.196045,-0.977669,-0.345318,0.925887,-0.120278,2.550963,-0.844837,0.735594,-1.266735,-0.941470,0.049415,-0.698399,-1.322417,0.170107,-0.157271,-0.065583,-0.620032,0.199143,0.290174,0.297457,-0.715459
2158,3,0.904358,-1.017970,0.531848,0.307571,0.733888,0.853057,1.468102,0.466240,1.204958,0.353751,-0.512299,1.272709,0.369116,-0.382125,-0.096056,0.777720,-1.083092,0.093298,0.172394,-0.984936,1.537791,0.534394,-0.554321,-0.640147,-0.437911,0.805983,-0.100608,-1.030534,-0.426062,1.409692,0.268118,-2.703742
2159,1,-0.237773,0.393141,-0.060619,-0.746126,-0.615343,-0.605972,1.752359,0.472416,-2.899379,0.017328,-0.046604,-0.129882,1.161611,-0.418172,0.171273,0.155076,1.207413,0.423092,0.139175,0.592860,0.777264,2.148985,-0.317581,-1.701740,1.107302,0.229227,0.641487,-1.699207,0.624237,1.288110,-0.246358,-1.200692
2160,0,1.470087,1.204993,-0.499642,-0.063620,0.184140,-1.138862,-0.779969,-0.249820,-1.592733,0.591657,-1.278303,-0.062979,0.828721,0.262515,0.931752,-1.872476,-0.852571,0.288627,0.618132,-0.572056,0.343977,-0.612195,0.284597,-0.933037,0.320740,-0.284022,-0.313666,-0.725234,1.631686,-0.856017,-0.266649,0.693289
2161,2,2.411791,-0.883021,0.596393,-1.535740,0.801914,1.897885,0.996048,-0.054502,-0.272499,1.197233,-0.037957,0.825924,-0.407584,-0.628414,1.007794,-0.459997,0.103691,-1.028647,-1.835475,-0.537626,-1.295568,-1.291098,1.509439,-0.692020,0.895126,0.667027,-0.377427,-0.749649,-0.374608,0.204016,-3.173333,2.955654
2162,1,-0.575450,-0.624199,-1.964189,0.499595,0.759120,-0.786337,-1.524219,-0.978257,-0.362840,-0.022059,-1.028113,-0.915498,-0.325079,-0.859496,0.694590,0.364042,1.100484,1.037054,-0.336538,-1.331115,-0.994700,-0.351297,0.530060,2.440320,-0.579914,-1.237093,-0.257067,-0.159383,-1.857518,-1.014943,1.394526,0.816957
2163,2,0.565548,0.010358,0.832084,-0.209822,-0.094206,-0.861693,-1.516262,-0.113769,0.282572,-0.996814,0.734086,0.419476,0.357340,0.381195,-0.009700,1.676443,-0.664379,1.403566,0.180298,-0.452776,-1.637017,-0.955338,-1.026852,0.172784,-0.493017,1.356711,-1.216638,-0.154662,0.344226,0.101855,-0.270116,-0.078832
2164,3,-1.176074,-0.583867,1.110796,-0.032518,0.783413,-0.205233,0.181875,-0.903333,-1.160161,2.822745,1.801710,0.686041,-1.265949,1.231776,-1.063374,-1.158471,0.789430,-1.267479,0.672663,-1.210430,-0.062797,0.422007,1.068401,-0.317852,-0.276656,-1.032498,-0.092839,-2.102664,0.341330,-0.789008,-0.376666,-0.966481
2165,1,-0.343561,0.141802,0.755425,-0.194620,-0.695363,-0.943620,-2.711007,-0.450711,-0.445066,0.403784,-1.460568,-1.086193,0.139428,-0.280486,0.257692,1.780547,-0.973569,0.099245,0.018383,0.346849,0.949474,-0.290687,-0.434133,-0.582253,0.021478,-0.567663,0.463134,-0.374447,-0.448337,-2.218992,0.018340,0.020565
2166,3,0.717001,0.841652,0.481946,-0.831539,-1.682495,-0.087685,-0.772029,0.290936,-0.923454,0.600528,1.739098,-0.983280,0.865768,0.226461,-1.252455,0.317329,-0.619400,-0.148881,-0.398356,1.619944,-0.680332,0.112012,-0.475656,0.715008,0.243666,-0.746860,-1.126756,1.173120,2.643458,-1.250653,-0.363021,-0.374732
2167,1,0.458315,1.133402,-2.213842,1.526174,-1.482412,1.297901,0.206149,0.169701,-0.045542,-0.758016,-0.100560,-1.591926,2.806650,-0.051596,-1.203091,0.452758,-0.527558,0.019055,0.350230,2.019019,1.089807,0.285769,1.460039,1.218813,0.224779,-0.879386,1.400335,1.164395,-0.005393,-0.503818,3.238826,-0.624253
2168,3,0.897878,-0.220737,0.897796,-0.168387,0.541993,-0.616559,0.922372,-0.867712,0.763952,-0.710404,-0.173199,1.039465,-1.858758,0.266669,1.143531,-1.003883,1.562678,-1.401072,-0.079426,-0.691540,2.019263,-0.300635,-0.298610,-0.767989,-0.193663,-1.928923,0.881088,-0.299798,-0.457286,0.638100,-1.714224,1.425334
2169,1,-1.476961,1.541808,0.197787,1.158877,0.112414,-0.638630,-0.718138,-0.152896,2.366408,-0.846159,-1.136932,0.145004,0.927405,0.601120,1.480498,-2.649971,-0.579586,0.266904,0.461580,-1.582416,-1.134553,0.074374,-1.241401,0.576847,1.751385,0.386325,0.462194,0.802303,-0.852875,-0.009069,0.449623,1.472148
2170,0,0.401327,-0.874035,0.912584,0.216348,0.762886,0.301467,-1.914125,-1.130578,-1.842178,1.201155,2.210506,0.271883,-0.036781,0.791795,-0.044204,1.322136,-0.034285,0.303792,0.305412,-1.592876,1.819069,0.623363,0.024201,-0.601692,-0.074891,0.285368,1.510321,0.050098,-1.019262,-0.863212,1.772139,-1.104469
2171,2,0.786562,0.059404,0.967724,0.396085,1.137926,-0.040580,-1.876295,-0.901476,0.999074,0.018948,0.639094,-1.313133,-2.270860,0.538939,0.392055,-0.644716,1.008627,-0.269154,0.918073,0.082131,-0.704192,-0.238327,-0.513939,-0.907219,-0.671162,-0.568242,1.122762,-0.388051,0.985582,0.235780,1.694595,-1.890167
2172,0,-0.442040,-0.945045,0.739410,-0.289314,-0.526380,0.590007,-0.948564,0.810577,1.109255,0.067468,0.153474,0.142765,-1.947498,-0.651748,-0.265491,-1.239476,-0.653027,-0.531081,1.464959,1.633679,0.597876,-1.138709,0.143443,-1.811124,1.271587,0.979177,-0.245804,0.319086,-1.434376,0.538080,0.373044,-0.329458
2173,3,0.562390,-0.106836,-0.212514,0.189679,-0.975311,-0.872291,-0.216237,-0.884540,0.006557,1.488954,-0.475180,0.473163,1.768046,-0.941323,1.953414,-1.639069,0.029642,-1.504984,-0.029089,-1.302703,-0.248837,-0.033867,-0.691665,-1.127081,-0.048227,-0.050003,0.198364,-1.176201,-0.293001,1.266889,1.706602,-0.888231
2174,3,-0.695284,-1.126372,0.213853,-0.343554,0.437473,-0.330055,0.065661,-1.276065,-0.498723,-0.066901,-0.826557,-1.104709,0.911593,0.370788,-0.504901,-0.885989,1.235581,-1.324798,1.487184,-0.161500,0.882139,-0.957598,-1.312806,1.608251,-0.739157,1.562155,-0.774845,0.123769,0.551730,1.395073,-0.722233,-0.500775
2175,3,1.564996,-0.390746,-0.168264,0.865357,0.879578,0.952905,0.686849,-1.822817,-0.946797,0.327048,-0.355628,0.053256,0.070413,0.915075,-0.052199,0.019736,-0.557975,-0.495675,-1.186192,0.565236,0.872108,0.873382,1.640295,-0.494204,-0.817233,0.407539,-1.407438,0.833862,-1.302234,-0.185316,1.307373,0.843941
2176,2,-0.119314,1.208156,-1.454160,-1.342418,1.544736,1.698215,-0.535598,-0.415601,-0.542350,0.535896,-0.040094,-0.100063,-0.668612,-1.096038,0.408573,1.206670,-1.613411,0.425646,3.125276,0.806137,0.040219,-0.509282,0.250989,-0.794383,-1.241781,0.426169,0.576280,0.945704,1.918886,0.091006,0.103201,1.189112
2177,0,0.920171,-0.562457,-0.378615,0.797322,0.989670,-0.635716,1.138950,-1.499655,0.484946,-0.349216,-1.803607,-0.115443,0.040142,2.180567,-0.816208,1.164037,-0.700626,1.552964,0.580789,0.210584,0.894593,1.313623,0.480133,-1.674043,0.404728,0.337690,-0.749883,0.919467,1.316409,-1.852739,-0.438382,0.443893
2178,3,0.659469,-0.657355,0.946440,1.547868,-1.784469,-0.457937,0.510834,0.440548,0.963712,0.178594,-0.776854,0.364604,-0.347269,0.129205,-0.090417,-1.638143,1.362930,-1.552252,1.416763,-0.085985,-0.759035,1.051714,1.452706,0.984522,-0.944888,1.346935,0.050722,-1.532315,0.086277,-0.194654,-0.649911,-0.956612
2179,2,-0.325872,-0.582509,0.899918,-0.127647,1.237568,1.702548,0.989015,2.593726,0.873658,-0.381192,-0.405174,0.816680,0.235884,1.846278,1.056982,0.581358,0.145753,0.676285,-0.930104,-0.170129,1.692461,0.563292,0.112712,-0.647512,-2.632209,-0.270504,-0.145377,0.675002,1.087708,-0.571990,-0.680303,1.746029
2180,1,-0.233923,0.705860,-0.493130,-1.016274,-0.293560,-1.066111,1.080257,0.191250,0.118114,-0.236075,0.092771,1.176582,0.461098,-0.900885,1.057378,0.248123,0.011996,-0.574409,-0.092785,0.622481,0.177623,-0.797128,-0.687049,-0.941068,0.341762,0.299891,-1.339465,-1.506489,-0.855412,0.870687,-0.873377,-1.653000
2181,3,-1.710910,0.181916,0.368309,0.255563,-0.631477,-0.942720,1.308005,0.135803,1.485489,2.918623,-1.556544,0.173730,0.118812,-1.338675,0.973863,0.105878,-0.699179,1.348541,-1.699064,0.371552,0.876360,0.644053,0.183847,1.097492,-1.112798,0.775950,-1.819251,-1.046787,-0.082556,0.431307,0.822646,-1.641012
2182,0,-0.502231,-0.556880,-0.385544,-1.144810,0.022530,1.664124,-0.532768,0.029824,-0.369320,-0.218551,-0.488897,0.203708,0.354590,-0.085498,0.519212,0.210326,-0.094799,1.360914,0.584177,0.461718,-0.247976,-0.362223,-0.668332,0.470679,0.582539,0.504286,0.315003,0.576962,-1.532670,-0.174547,0.542500,-1.662817
2183,0,1.583856,-0.330399,1.293417,-0.326890,-1.490507,0.001433,-0.866400,-1.286991,-0.183704,-2.016354,1.508630,-0.403986,0.914065,0.667680,-0.265142,-0.411650,-0.027075,1.400134,-1.958823,-1.781310,-2.472755,1.191456,1.231059,-1.834814,-1.105710,1.396972,-1.651330,-0.883488,0.642385,-0.920022,-0.091636,-0.451593
2184,2,0.337374,0.596861,1.546592,0.749079,1.393417,-1.000585,-1.014609,-1.314937,-1.030614,-1.059085,-0.428846,-0.768416,-2.349633,0.379232,0.422111,0.610876,1.164522,-0.184994,-0.189424,3.050694,1.560140,1.651199,1.802246,-2.037112,0.102176,1.348934,0.032728,-0.456949,2.457652,-0.279626,0.480190,-0.070286
2185,1,-0.338713,-0.188255,0.737207,-1.374399,1.342607,-0.382344,0.728845,-0.572461,0.018726,-0.238680,0.425451,-0.329404,-0.763925,-0.761589,-0.703777,-1.215578,0.363689,1.278789,-0.241052,-1.664414,0.679158,0.892030,0.334586,0.028169,-0.815650,0.352281,0.037430,0.476674,-0.605867,-0.457675,0.651398,1.203793
2186,2,1.197199,0.144902,-0.415747,0.843146,0.405924,-0.504919,0.227665,0.538559,0.052853,-0.086921,0.931926,0.387042,-1.171268,-0.509688,-1.561617,-1.196137,1.195132,-0.542886,0.971034,0.699772,1.318344,0.303541,0.926511,0.849046,-1.156446,-0.112812,-0.929519,-0.086509,-1.210364,-1.161437,0.200914,1.258582
2187,1,-1.019705,1.187461,0.394132,2.186349,-1.648845,-0.628600,-0.341489,-0.705765,0.338058,-2.457720,-2.028461,-0.249697,-0.518033,1.362494,-0.603383,0.631212,-0.448778,1.033733,2.997529,-0.173771,-0.472939,0.325571,0.571930,0.049884,0.360331,-0.577568,1.608935,0.365295,-1.831912,0.680706,0.018361,-1.128214
2188,0,1.792179,-0.158885,1.550255,-0.619652,0.314883,0.465719,-0.402981,-0.045554,-0.160033,0.217671,-0.218307,-0.419033,1.473470,-1.032753,-1.295246,0.629406,0.252857,-1.743437,-1.301610,-0.878981,0.633799,-1.211890,-0.946807,-0.606487,-1.243471,-1.091322,-0.610700,-0.425614,-0.487100,1.281532,0.169596,0.328119
2189,2,0.146585,-0.111991,1.092052,1.586581,0.350428,-0.849306,-0.391241,-1.449213,0.664929,0.178380,-1.182448,0.446040,-1.085589,1.058406,0.161445,-0.960839,0.427726,-0.725338,1.211410,0.005631,-0.602433,-0.994107,-0.823572,1.109925,-0.085842,0.039140,0.061524,-1.789001,1.448905,0.329588,-0.931007,-0.691154
2190,1,0.571229,1.111388,0.493465,-0.837116,-1.542113,0.799978,0.426261,0.454678,0.568129,-0.204599,1.168270,2.256330,0.282886,-0.677918,0.107282,2.390755,-0.591184,1.198001,0.180822,-0.731676,-0.172370,0.048919,0.093117,-1.196887,0.393115,0.902433,-1.303839,-0.526275,-1.231813,-0.260173,0.321049,0.675780
2191,0,1.313911,-1.260586,0.503970,0.836232,1.430930,-0.151102,-0.734653,-1.157905,-0.946593,-0.259388,0.568355,-0.656540,-0.056317,-0.136932,0.635164,-0.224238,0.251875,-1.772359,1.056846,0.923263,0.397996,0.213552,1.738232,-1.678454,-1.013495,-1.054392,-0.209818,0.977268,1.940519,-0.333347,-0.150675,-0.988403
2192,3,0.467935,1.393522,-0.681807,1.557425,-1.304721,-0.387661,-0.530305,-0.905447,-0.825963,0.867967,0.964831,1.955525,2.053313,-0.804947,-1.944916,0.129508,-0.251840,-1.012135,0.298721,0.537720,0.554224,-0.286961,1.302220,0.766335,-0.362587,1.532248,-0.893419,-0.521771,1.093958,0.019089,0.779554,-0.520544
2193,2,1.121167,-0.420209,-0.518119,-0.799699,-0.235097,1.016325,0.338587,0.277617,0.934521,1.789929,-0.072132,-0.350589,-0.338043,-1.365331,2.076553,-0.249847,-0.943775,-0.256010,-0.584916,1.673729,-0.088044,0.098827,-0.759001,-0.700277,1.636465,1.405412,-1.821533,-0.659965,-1.025595,-1.408405,-0.481743,0.450579
2194,2,-0.887855,0.863436,1.978189,-0.958931,-0.344601,-0.343482,-0.163632,0.771518,1.616551,-0.502843,-0.169985,-0.536080,0.454786,1.118018,-1.092167,2.664715,-1.399532,0.778177,-0.730437,-0.089045,-0.786048,-0.186615,-0.115435,0.149716,1.192829,1.489481,-1.617679,-0.631585,-0.874529,-2.020401,0.845310,0.678705
2195,1,1.992926,0.772383,1.782855,0.552908,-1.546375,-0.436804,-0.700327,0.511418,-0.946002,-0.287967,-1.233855,2.092851,-0.965824,-0.744181,-0.486643,-0.063149,0.359815,1.343161,-0.558809,-1.512429,0.662995,-0.019563,0.350274,0.801322,0.025135,-0.744190,0.649062,0.277491,1.267892,-0.261290,0.053120,-0.196087
2196,3,1.531533,-0.778959,-0.162898,-0.089429,-0.089168,-0.820873,0.442988,0.451194,1.347929,2.431319,0.512638,-1.601821,2.117616,1.332624,0.415096,1.509810,0.161450,-2.609494,0.705409,1.072526,-1.143577,-0.322742,-0.831574,0.802382,0.050831,-0.691696,2.704482,0.194929,-2.546581,-0.819986,-1.412263,-0.131707
2197,3,-0.763521,-0.536304,-0.617605,1.536460,0.071298,-0.639772,0.382195,-0.468213,-1.077631,-1.084741,0.552682,0.579115,0.074328,-0.499676,-0.073081,-0.038887,-0.926766,0.545737,-0.517892,0.496623,-0.342374,-0.497163,-0.232394,2.028121,-0.691335,-0.058556,0.675404,0.800498,0.286226,-0.520521,1.410178,1.176403
2198,1,-0.054482,2.452602,0.311122,-0.685003,-1.440726,0.060401,-2.191095,-0.577835,-0.629014,-0.233156,-0.334584,-1.360991,0.410539,-0.566669,0.448763,1.538908,-0.577742,0.105568,-0.372999,1.274984,0.265534,-0.657641,1.041485,-0.417577,-0.408027,-0.610033,-0.248151,-1.787148,-0.789617,-0.562974,0.300369,0.018503
2199,2,-0.205576,-0.370301,-0.104430,-0.574256,-0.306941,-0.915883,0.583468,-1.358291,-0.235319,0.238716,1.823209,0.251666,0.231565,1.002083,-1.891866,-1.894859,-1.231980,1.412095,-0.725505,-0.929170,1.506731,-0.551610,0.816676,-0.954722,0.653201,-0.076405,-0.255918,-0.019381,-0.854818,-0.175678,-0.217971,-1.195359
2200,0,0.847177,0.467863,-0.936975,-1.220826,-0.322570,-0.858228,-1.293719,0.117680,-1.186473,-1.682536,-0.345884,-0.615433,1.606318,-0.412337,-0.351797,0.807933,-1.143347,1.114577,-0.890455,0.508131,-0.183936,-0.001220,1.068523,0.637846,0.591198,-1.690669,1.024406,0.031297,0.114143,1.130371,0.334169,0.684617
2201,3,1.794735,1.374261,-0.948920,0.851109,-1.279750,-2.262354,1.863447,-1.171088,0.039759,0.684506,-0.157770,-0.113032,0.415294,0.513034,2.037278,0.557073,1.638769,0.329103,-0.926144,1.303395,-0.708501,-1.106580,-0.341975,-0.856326,0.087356,0.750160,1.226774,0.972230,2.354156,0.749754,1.414442,-0.939324
2202,3,-0.289007,-1.947874,-0.253317,1.001131,-0.587166,0.895497,0.968870,0.073490,1.344457,-1.190263,-0.746637,0.518353,0.722582,1.713336,-0.874323,-0.134907,-0.347973,-1.463684,1.123597,0.697887,0.780656,-0.202836,1.754021,-1.533097,0.681076,0.869329,-1.377129,0.111745,0.027856,-0.366176,-0.283090,-1.182143
2203,1,-1.247439,1.397840,-0.332571,-0.007605,1.281460,-0.525322,0.120824,0.170217,-1.506386,1.442596,1.387392,0.836194,-2.418531,-1.517776,-0.216296,0.466985,-0.356479,-0.739328,0.594071,-1.355334,-0.643355,-0.333166,0.335415,-1.900163,-0.661722,-0.168792,-2.016755,-0.551959,1.392465,-2.369581,-0.037558,-0.065169
2204,3,-0.199824,0.781659,-0.431593,-1.320603,-0.546751,-1.880407,-1.059912,1.339913,-1.264002,0.155247,-1.330042,0.906539,0.608861,0.348786,-0.448466,0.538872,-0.411836,0.406545,-2.006515,-0.984862,-2.099200,0.549767,0.868585,-0.394053,0.230708,-1.539631,-2.112043,1.238479,2.756436,-1.377144,0.229593,0.046381
2205,2,0.268364,1.036450,-0.153650,1.139933,-1.831319,0.622592,-0.356914,-0.823986,-0.687319,-0.360217,1.424497,1.262417,-0.142450,-1.324815,2.164037,0.271066,0.056466,1.403519,1.345441,-0.668159,1.552873,0.563237,-0.107321,-1.258195,-1.000031,0.166337,-1.155186,0.818712,-0.368108,0.098977,-0.109564,-1.478957
2206,3,-0.279530,-0.249956,-1.153008,2.465098,-1.408312,0.967329,-0.548993,0.857358,1.398749,0.128008,-0.264935,0.056048,-0.931859,1.575018,-1.196266,-1.116601,1.360520,0.732085,-1.421185,-1.136350,2.315161,-0.439410,1.017487,-0.056364,0.673427,0.837760,0.730007,-0.057291,-1.558858,0.130854,-0.611070,0.350632
2207,0,-0.157788,-0.126812,-1.756449,-0.305370,1.923854,-0.232627,1.915668,-1.308240,-0.532241,-0.045146,1.057753,-1.246861,1.010210,-0.152595,-0.182451,-0.014496,0.269224,0.321251,-1.117783,-0.268834,-1.898022,-1.603691,1.779770,1.510378,-0.568285,-1.441947,0.193751,-0.344661,1.798516,0.071285,0.802535,-0.483404
2208,3,1.677849,0.850805,-0.655052,-0.325103,0.092354,-0.586298,0.700969,-0.514464,0.084553,-1.070745,0.388148,0.585079,-0.139581,1.185765,0.427413,0.720362,-1.105691,-0.549326,-0.786464,0.292711,-0.799787,-0.269318,-1.603742,-2.106061,0.805859,0.894159,-1.181105,1.697667,-0.650305,-0.034675,0.803656,2.761166
2209,2,-1.162461,-0.202956,-2.414428,-0.425289,-1.086078,0.141671,-0.850606,-0.302421,0.354469,-0.546584,1.111239,-0.454226,0.325434,0.310817,-0.918538,-1.156161,-1.023095,2.149072,1.113216,-0.333478,-0.696710,0.409959,0.635539,0.104441,1.381623,-1.558476,0.349737,-0.794723,0.117497,-1.450123,-0.166882,-2.308346
2210,1,-0.360455,-0.394127,1.272193,0.958713,-1.017022,1.428421,1.184501,0.853248,-1.153131,0.284403,0.620786,0.827071,-1.851903,0.313132,1.020092,1.109238,0.528366,1.036656,1.561619,2.656771,1.989308,0.483319,-0.498369,0.777480,0.656637,0.644736,0.252209,-1.093922,0.172528,0.875368,0.205538,-0.175092
2211,3,0.056865,-0.281526,-0.804210,1.134107,-0.245347,-0.316310,-1.523977,-0.003899,-0.341334,-0.712347,1.253823,-1.399406,0.617191,1.117946,0.466151,0.184833,-0.426654,-0.610075,-0.371075,0.822988,0.151361,-0.265917,-0.992123,-0.336220,0.647588,-0.078858,0.212268,0.498998,0.047421,-1.357493,2.276402,-0.330782
2212,1,-0.661053,1.439782,0.157052,-0.319998,0.891711,-0.331407,-0.624645,0.407437,0.304563,-1.744571,0.933798,-0.316014,-1.964204,-0.067197,1.242015,-1.411356,0.412649,0.109333,1.640699,-0.266996,0.035874,-1.566858,-0.213968,-1.136135,-1.353953,-1.740980,-1.625797,-0.781153,0.455449,-0.985921,-1.252664,0.246056
2213,3,1.685588,0.538025,-0.482885,0.924495,0.231756,-1.759061,-2.260161,1.127168,-1.709173,-2.206825,-0.209512,2.890070,-0.324822,0.352478,-0.984548,0.634501,-0.915247,-0.504673,-0.566966,-0.313350,2.547601,1.269938,-1.071569,-0.460254,-0.787896,0.922576,1.030712,0.444177,0.527848,0.358343,-1.107058,-0.657574
2214,2,0.131463,-0.144958,-1.635154,1.336280,-1.308145,0.758877,0.842547,-0.675642,-0.925707,1.520494,-0.474132,-0.999506,-1.013801,1.466151,0.232119,-2.307353,-0.850775,0.637346,-1.429928,1.613206,-1.065690,1.157587,1.991529,-0.941344,0.592943,-0.016486,-0.134332,0.230208,0.226665,0.770218,-0.758226,0.632199
2215,2,0.702686,1.871958,1.585459,-0.537927,-1.208688,-0.332939,-1.843760,0.672933,-1.257549,-1.934063,1.322178,0.580282,0.526084,0.417509,1.624835,-0.183374,0.492450,-0.012588,0.003669,-1.569010,0.246488,-0.341039,-1.239037,1.490291,0.568032,-0.608200,-3.675799,0.777307,0.731442,-0.868037,1.567504,-0.339181
2216,2,1.241083,0.624674,0.159320,0.019812,1.553236,-0.164244,0.498708,1.138131,1.038050,-1.255131,-0.898007,0.469361,-1.210272,0.076747,-0.681894,-1.479332,0.535855,-0.417130,0.468619,0.069688,0.219140,2.070274,-1.645912,-0.834440,-0.193144,-0.878832,-1.522771,-1.674819,0.344231,1.603131,0.170608,-0.024242
2217,2,1.335379,1.321512,-0.584549,0.909336,-0.663337,0.311616,0.526900,-0.869906,0.157852,-1.207722,-1.055713,-1.379306,-1.642284,-0.301788,1.282091,0.907367,0.846424,-0.668676,-0.986719,-1.660620,-0.275400,1.537055,2.413267,0.530357,1.025522,-0.549971,0.335047,-0.330438,-1.358282,-0.724404,-0.265815,-1.431895
2218,3,1.290983,0.967126,0.278524,2.427849,0.275795,-0.465298,-0.692652,0.857100,0.598177,-0.321504,-2.012219,1.069008,0.019178,0.362890,0.248446,-1.750008,0.606318,-0.898105,-0.178804,-1.497763,-0.311258,0.417538,-0.304724,-0.875024,0.022704,1.333569,0.864905,0.061601,-0.254084,0.302041,0.415606,-0.483669
2219,3,1.002304,0.077402,-1.802050,2.715403,-1.196063,0.004680,1.191028,0.547328,1.192193,0.744538,-0.397489,-0.314029,0.164379,0.735759,-1.728435,0.525261,-0.689597,-1.454965,-0.112861,-0.694832,0.886667,1.784308,0.637196,-0.329362,0.190234,0.614055,2.345666,-1.038486,-0.170963,-0.183370,-1.160164,-0.399804
2220,1,-0.232370,1.649073,0.980691,-0.470033,-1.063967,-1.231563,0.165902,0.133625,-0.909872,-0.977359,1.323784,-0.990253,-0.254422,0.770218,2.447612,-1.027291,-1.001040,-0.009665,0.756618,-1.590690,-0.658454,0.573575,2.042169,-0.977790,-0.964101,0.280570,-0.382436,0.426442,-0.255020,-1.007039,1.654155,0.041707
2221,2,-0.293640,-1.015095,2.110536,0.551576,1.194542,0.507171,0.449030,1.149748,-0.501831,-1.016564,-0.896015,-0.984375,0.839383,1.825945,-0.984344,0.518072,2.318927,1.161344,-0.742055,-0.067970,-0.259360,1.305919,-0.540086,-0.588518,1.386284,0.756352,0.330789,-1.343362,1.410826,-0.118515,-0.471237,-0.596730
2222,0,1.861619,0.034976,0.275656,1.084111,0.278579,-0.897475,-1.299552,-0.905792,1.485357,-1.542599,1.122659,-1.834644,-2.071426,-1.563435,-0.982033,-0.895174,-0.899044,-1.191674,-0.490781,-0.149436,1.889404,0.839473,1.286600,-0.776232,0.196693,0.807384,0.381928,-0.626199,0.931594,0.711322,0.127437,-1.232991
2223,3,0.761307,-0.321937,0.716890,-0.048575,-1.062723,0.389550,-1.448013,-1.386382,-1.423601,1.245183,-0.427785,-0.652806,-0.012118,-0.011082,0.824965,-0.184332,0.030056,1.131488,0.354310,-0.781460,-1.357820,-0.782024,-1.601817,-1.267580,-0.229881,0.431684,-0.376409,-0.508045,-1.297397,1.251546,-1.033138,-0.656923
2224,3,0.460368,1.671171,0.588520,-0.270043,-0.882738,0.537995,1.154875,0.852253,0.199483,-1.276557,-0.383021,1.090754,-2.029074,0.064216,-0.494440,1.762585,1.467289,-0.589297,0.393519,-0.688015,1.138322,0.702020,0.358239,-0.746917,0.554265,-2.356801,0.580976,-0.927900,-1.072014,0.430015,0.450875,0.125986
2225,0,-0.065977,-0.363472,-0.012355,0.179978,-1.643642,1.042529,0.215729,-0.069169,1.134748,-0.703729,-1.154639,0.654754,-0.497348,-0.138978,1.934055,-1.196022,-0.247811,-0.494419,0.486035,0.059461,-1.030062,0.964426,-1.521373,0.882864,2.177647,-1.532745,-0.389854,-1.281453,0.914775,-0.174563,-1.215885,-1.021777
2226,3,-0.587842,0.988117,0.188952,1.997676,-1.684637,0.065429,0.968517,-0.572396,0.107465,1.084066,1.150603,-1.165839,0.655115,1.052243,-0.480056,1.222371,1.201409,1.063900,0.243482,-0.171836,-0.649850,1.686905,0.161752,-1.008338,-0.034044,-0.015711,-1.416837,0.110012,0.297667,0.649733,0.470676,-0.013835
2227,2,-0.927591,0.605016,1.647033,0.025888,0.365286,0.239929,-0.666193,1.503776,-3.211690,-1.345194,0.197880,-1.269382,0.551994,-0.989149,-0.338712,-0.736114,0.394456,0.191633,-0.300600,-0.703680,0.705946,-0.349079,0.315462,-1.409963,-0.930226,-0.334349,-1.669833,1.959812,0.752191,0.046579,0.099355,-1.514066
2228,1,0.216341,0.059573,-0.186321,-1.536730,-0.266835,1.447127,1.582002,0.868191,-0.767166,-0.370601,0.262493,-1.282915,0.730028,0.597043,-0.310954,0.333976,-0.788314,0.996204,0.142844,-0.235753,-1.436285,-0.626083,0.416703,0.109009,-1.693197,-0.344199,-0.858173,-0.204016,1.484607,-0.557570,0.669863,-1.359908
2229,1,-1.033633,0.422471,-0.276670,0.045439,1.314978,1.657481,1.229145,0.613479,-0.511111,-0.426831,-1.307185,-0.717194,0.647714,1.259599,1.893467,0.082704,-1.611172,0.280659,0.962794,-0.551701,0.840113,-0.375886,-0.892951,0.649751,-0.409546,0.778909,1.038671,-0.506509,1.350290,0.302561,0.348161,-0.109476
2230,2,1.525626,-1.030877,-0.172260,-2.579524,-0.427556,-0.724632,-2.208475,0.128719,1.305949,-0.413413,0.027978,0.801253,-2.204364,0.693219,-0.465469,2.285979,-1.570165,1.478058,0.103248,-2.163701,0.987735,1.708874,-0.404544,0.546777,1.093442,1.171611,-0.013873,-0.137006,0.276267,2.135788,1.261446,-0.156922
2231,0,3.183288,2.242024,0.088306,-2.196534,0.722795,0.951555,-0.564880,0.282827,-0.771641,-1.308994,0.822186,-2.084253,0.937495,-0.428609,-0.482135,-0.850760,0.243829,-0.672149,0.305859,1.356995,0.662187,0.484691,0.394183,0.822554,-0.264649,2.573374,0.156129,1.687481,0.629035,-1.554945,0.467077,2.143713
2232,2,0.888598,-0.659488,0.655549,0.321396,-0.886114,-1.132582,1.103876,0.902567,0.540597,-0.917768,-1.696222,-0.778613,1.312675,-0.385096,0.910272,-1.314623,-0.546229,0.574923,0.200411,-0.412703,1.394491,-0.363351,-0.798965,0.394479,1.231896,2.736433,0.585009,0.524678,0.361668,1.842396,-0.156010,1.066737
2233,1,0.612494,-1.641552,-0.809570,0.142786,-1.105390,0.465651,-0.723929,0.052283,-0.204181,-0.224107,2.181537,1.504698,0.839701,-0.658113,-0.062314,1.756467,1.257317,0.922681,0.665902,-0.097893,0.453084,0.357054,-3.153478,-1.219678,0.922478,-1.026757,-0.774351,0.805602,0.552906,-0.919915,0.098770,0.336974
2234,0,0.969360,-1.220392,0.118349,-0.289049,-0.783907,1.006711,0.619824,-1.433677,0.434103,1.479485,-0.597061,-0.045578,-0.681301,0.120751,1.304157,-0.249956,0.017846,-1.179045,0.673211,-0.133384,1.926026,-0.235791,-0.327393,0.316406,1.370417,1.064889,1.685958,0.822314,0.638625,0.180862,-0.663118,-0.793675
2235,2,0.635576,1.816343,0.971480,-0.487910,0.706955,-1.503845,0.999919,0.124041,0.331431,1.436827,2.121102,1.556517,1.626107,-1.008835,0.657140,-2.286864,0.886846,-0.124097,-0.654951,-1.651853,-0.600190,-3.006712,-0.007194,-1.012706,0.103217,-0.459184,-1.339105,-0.059169,-0.316069,-0.834153,-0.244162,1.158679
2236,1,-0.646512,0.698384,0.063459,1.698686,-0.085131,-0.530051,-0.813479,1.394169,-1.443023,0.387732,0.350826,-0.751949,-0.806186,-0.903448,0.565758,-0.380641,-0.762211,0.634016,0.606661,0.085390,-0.056419,0.931943,0.853620,1.855696,-1.455717,-1.489937,-0.514313,-0.489286,0.998943,-0.564521,0.351107,2.125611
2237,0,-0.370989,-2.107711,0.988919,-1.073359,1.732663,-0.230105,1.515443,0.012066,1.772044,1.552587,0.916106,1.917059,1.321331,-1.576124,-1.881966,0.140196,0.744813,-1.389319,-1.188475,0.379685,0.184146,-1.060155,-0.715254,0.558007,-1.080085,0.897957,0.801618,0.800866,0.824397,0.670187,-0.410220,-0.777589
2238,0,1.860414,0.544741,-1.366625,-1.093794,-0.208532,0.770834,0.217955,-1.005756,0.629553,0.746228,-0.476036,0.417038,0.808143,-0.559812,-1.712772,1.298814,-1.680354,-0.770065,-1.232695,0.202007,-0.075441,-0.523473,-0.990043,-0.966665,0.721422,1.567129,-1.498021,0.408425,-0.559326,1.290244,-0.923180,-0.544173
2239,0,0.057515,0.233949,0.228836,0.088453,2.239501,1.006500,0.744473,-0.769964,-0.326417,-0.093483,0.828121,0.010058,-0.473898,1.323416,-0.661585,0.452747,0.611297,-1.149112,0.282327,1.538891,-0.427119,-1.620994,-2.167410,-0.441484,0.157701,0.475975,-0.759995,0.261402,-0.486759,-0.467576,0.993249,-0.058826
2240,3,-0.819331,-0.402223,-0.792407,2.600871,-0.115550,-1.847027,1.023410,-0.641028,1.084944,-0.531114,-1.310698,-0.398893,0.653288,2.336986,0.594579,0.921476,0.536667,0.366803,-2.372931,2.457738,0.616970,-1.382406,-0.340187,1.160274,0.634181,-1.820966,0.294585,-1.958300,-0.510002,1.415058,1.790980,-0.373175
2241,2,-1.157245,-0.682523,1.789699,-0.374266,-1.165145,0.680705,-0.750303,0.115126,0.654237,1.928998,-1.142742,1.440893,0.357245,0.645353,1.402929,-2.209952,1.015184,-0.751318,0.501532,-1.427782,0.019365,-0.280226,0.523295,0.664283,-0.433207,1.183037,-0.801848,-0.667071,-0.796978,0.305983,-0.488785,-0.612360
2242,2,-0.059560,0.262557,0.200813,-0.145025,-0.675758,0.450277,-0.577038,1.044476,-0.474803,-0.198893,-0.619715,-0.570115,-0.369683,-0.496073,-0.300626,0.729858,-0.943881,-1.383801,-2.071520,0.256017,1.370680,-1.402337,1.517654,0.556609,0.348018,0.080476,0.915854,0.800244,1.065898,-2.147230,-1.109127,0.443064
2243,1,0.546393,0.315469,-0.433730,-0.212516,0.854770,0.415576,2.470355,0.202599,1.307411,0.094447,-0.337965,-1.441855,-0.466015,-0.566037,1.795928,1.480600,1.226201,0.595725,0.075163,0.004876,0.869667,0.022243,-0.078757,0.057323,-0.600136,0.782676,1.360470,-1.181941,-0.858575,2.170403,-0.810556,-0.363500
2244,2,-0.551184,-0.566993,-0.522586,-0.249356,-1.034135,-0.963221,-0.729840,0.353094,0.136994,0.663457,-0.587934,1.209046,1.608451,-1.063790,-0.171529,0.626405,-0.294317,0.678362,-0.254979,-0.923555,-0.769217,1.347981,-1.258279,-1.346990,0.795908,-0.062963,-1.104329,0.074929,-2.015683,1.053631,-0.262655,-1.624513
2245,1,-0.144229,0.437814,-0.313071,-1.232071,0.249467,-1.671922,-0.224633,0.704674,-1.692509,0.353827,-0.389886,-0.380049,-0.375688,-0.656585,-0.197649,-2.432012,0.653354,0.985600,0.483806,1.181797,-0.472651,-0.845333,0.046733,-1.679658,-0.519004,0.365964,0.591928,-0.197594,-0.134272,-0.795354,-0.128205,1.824128
2246,3,0.803998,-1.049261,-0.960502,0.288550,0.934886,-0.583356,-1.019690,-0.603409,0.556810,0.811627,-0.642209,-1.261992,0.039845,-0.146011,-0.157774,0.431877,0.071243,0.320415,-1.600140,-0.364112,-0.145319,0.103415,-2.225968,0.211942,1.582741,0.145807,1.497902,0.065017,-0.604474,-1.848081,-0.709494,0.851444
2247,0,-1.030415,0.901946,0.339192,-0.456771,-1.138193,-1.037136,1.192607,1.258025,-0.469173,-1.892728,0.715411,-0.852312,0.051600,-1.022146,0.433912,1.695502,-2.365026,0.029620,1.193335,-0.634057,-0.650084,-1.336383,-1.039889,0.699639,-1.599097,-2.331717,-0.173902,-1.728583,0.365794,-0.305826,-0.551404,-1.846343
2248,3,0.426528,0.237475,-0.509264,-0.255255,0.171224,0.151599,-0.112327,-0.071685,-1.827895,-0.139722,-0.835745,0.222323,0.081716,0.953654,1.116632,-0.019386,0.381585,-0.547166,-0.047336,-0.422847,-2.633142,-0.745633,-0.456028,-0.946805,0.546265,0.287264,0.133863,0.658249,0.842739,-0.212312,1.302734,-0.838674
2249,0,0.756361,0.569557,0.257489,0.682539,-1.394764,1.596988,0.291727,1.230243,-1.016739,0.974023,-0.579124,-0.903048,-0.638489,-0.011627,-2.485805,-0.663252,1.276705,1.223155,-1.401509,0.025219,0.154102,1.426302,-0.341995,0.428458,0.580793,1.057466,1.177437,0.190063,0.261455,0.002032,0.498885,-0.458703
2250,3,-0.139053,-1.078565,0.309536,1.576927,0.254865,-1.130618,1.392749,0.716113,0.159812,0.671105,-0.467159,-1.219984,0.150708,0.679694,-0.616471,1.229996,-0.981994,-0.405675,-1.925012,-0.289860,-1.688378,0.028976,-0.291583,-1.769799,0.301380,0.429444,-0.111698,-2.095144,0.618414,0.509680,-0.039124,0.634943
2251,1,0.852342,2.095507,-1.266359,-0.674161,0.762604,0.689420,-0.135232,-0.938683,-0.339788,-0.880899,0.412102,-0.793776,0.143476,-0.691673,-0.766646,0.817870,-1.260272,0.458349,1.115898,-0.520578,0.921361,1.643627,-1.170871,-0.940960,0.018693,1.764222,0.081932,1.408785,-1.408339,-0.533536,1.137906,2.076591
2252,3,-1.118666,1.468747,-0.310264,1.001672,0.070238,-1.516994,-0.513498,0.678427,-0.092764,0.052440,0.538132,-0.497312,0.464032,-0.460029,1.669999,0.753745,-1.127352,0.216671,-1.475770,-1.664308,-0.246195,-0.307944,-0.150242,-0.337510,-0.420736,0.188161,-2.738250,-0.448656,0.405072,0.298827,0.046748,-0.042425
2253,3,-0.055050,1.425947,-0.131321,1.970482,1.352889,-0.243511,1.094418,-0.538755,0.604301,-0.558546,1.958999,-0.373936,0.426955,0.936117,0.129886,-1.695866,1.575269,-1.058618,1.562060,-0.842415,-0.408799,0.129735,0.196845,-0.861318,-0.362587,-0.434435,-1.537334,0.530862,1.493484,-0.751270,-0.267335,-1.408839
2254,2,1.257448,-1.398323,1.508046,1.665905,0.928163,-1.068312,0.333144,0.437436,0.587419,0.328499,-0.188916,0.487105,-0.146860,-0.262467,-0.395214,0.183046,-0.913787,1.095174,0.820112,0.911293,-0.494178,1.517183,0.151259,0.656585,0.887213,-2.251277,0.673580,-0.554597,0.631389,-0.656197,0.627741,-1.521501
2255,1,-0.896189,0.322333,-0.079677,-0.905456,0.858537,-1.988727,-0.543652,0.685361,-0.078653,-0.834431,-0.543351,-1.018180,1.291517,0.352700,-1.521340,1.378733,0.451122,0.777639,-0.210042,1.536293,-1.485111,0.599963,-1.151062,-1.357350,0.191299,-0.778689,1.108380,-1.220794,-0.331808,-0.588019,1.040961,0.347209
2256,2,0.616479,-0.298834,1.327973,0.680164,0.702961,0.094041,-0.041010,-2.148618,0.851866,1.169558,-0.516077,1.041422,-0.321032,-1.520611,0.421244,2.196189,0.908415,2.511764,0.574824,-0.067173,-1.967842,0.511936,0.238378,-0.853247,0.851664,1.414087,0.623205,0.239199,0.617204,-1.180997,-0.379099,-0.060432
2257,2,-0.137314,0.823189,0.717758,-0.199887,-0.241127,-1.164038,-0.463389,1.472577,0.264818,0.204097,-0.964356,0.035041,-0.096691,-0.972227,1.736585,-1.815437,0.292688,0.466532,1.148310,1.963793,-0.085872,0.402513,0.646463,-0.182735,-0.787122,0.240445,-0.054567,0.892858,1.814070,0.382861,-1.020534,-1.578476
2258,2,0.453163,-1.546025,0.079331,-0.125940,-0.973870,-0.217226,0.159345,-0.434669,-0.140387,0.221374,0.087884,1.758485,-1.126307,-1.381495,0.972220,0.050159,0.464348,-0.394469,-0.380858,0.320336,-0.317097,2.083652,-0.710381,-0.377574,-0.179052,0.857049,0.481924,-2.161024,-1.655311,-2.006790,-0.949900,-0.231389
2259,1,-0.516155,0.288479,0.538901,0.953456,0.721788,0.534511,2.298279,-0.962101,-1.119253,-0.079790,-0.358808,0.007719,0.447006,-0.195362,0.852195,-0.011888,-0.323099,-0.935055,-0.269760,-1.452510,-0.040450,1.015055,-1.561702,-0.999219,0.113451,1.009584,1.065196,1.241063,0.547420,1.066987,-0.677031,0.429508
2260,0,0.557563,-0.428069,1.138944,-0.446756,-0.155590,-1.645450,-1.148622,-0.125620,-0.631558,0.545959,1.245938,-0.760678,0.826027,-0.382827,-1.110262,0.179959,0.657931,0.414842,0.242914,-0.411073,0.478484,1.826504,0.051517,0.843852,1.306062,-0.172068,1.259468,0.931434,-0.081550,0.439725,-1.287156,0.585908
2261,0,0.013322,-0.262429,0.567670,-0.243444,-2.039104,-0.422528,2.997161,-1.092059,-0.528156,1.903981,0.914650,0.102086,-1.044826,-0.461419,0.320466,1.148082,-0.547474,-0.336175,0.147626,-0.870773,1.080950,-0.818317,1.836148,0.044050,0.258020,1.364050,-0.732463,0.362285,0.568839,0.524883,1.923518,2.008131
2262,3,0.705146,0.428629,0.573286,-0.087814,0.235994,-0.584562,1.128274,0.914966,0.533162,-0.387666,-0.371473,0.430727,0.832720,-0.594492,-0.069179,0.841101,-0.161466,-1.160608,0.309012,-0.452888,0.059701,-0.224063,-0.398969,-0.866838,-0.085161,-0.056472,-0.124075,0.239874,0.148482,-0.682625,-1.158564,0.150529
2263,2,0.518624,-0.934671,-0.646306,0.528413,-0.771817,1.220644,0.664019,0.434081,-0.629141,0.825632,-0.854014,-1.686823,-0.975447,-0.163036,1.290271,0.281672,1.136600,-1.423759,-1.420003,-0.696010,-1.269560,0.156824,-0.773752,-0.319525,-0.059221,0.092252,1.540822,0.932272,-0.142603,1.091968,-0.757824,1.408598
2264,2,-0.180078,0.524150,-1.419465,1.580876,-0.817905,-0.365801,1.535565,0.008584,-0.039249,1.101274,-1.490647,-0.720027,-1.008592,0.331343,-0.537256,-0.777796,-0.468846,0.586430,-1.687749,1.316595,-1.239711,-0.414305,1.600931,0.847598,0.619002,1.351929,-0.571301,0.299069,-0.935718,2.377049,0.114610,2.258184
2265,0,0.403965,1.159838,0.982954,0.393088,0.537927,0.908821,-0.594239,0.879124,-0.460252,-1.749002,1.760048,0.894831,-0.333961,-0.287321,-0.536584,0.997844,-1.070029,-1.050330,-0.783030,-0.567303,0.512193,-1.633048,0.511566,0.226159,-0.012167,-2.395435,0.253535,0.409050,0.461656,1.319656,0.855180,-0.540245
2266,3,-0.469245,-1.790791,-0.466706,-0.120777,0.800767,0.432372,0.807754,0.343536,0.057100,0.298999,-0.856893,0.695202,-1.195724,0.878015,-1.536502,-0.600170,1.751604,-1.272671,0.820628,0.566978,-0.098428,-0.415372,-2.050706,-0.579865,-0.363615,1.299877,0.557529,0.885683,-2.058478,0.471873,-1.247496,-2.352823
2267,2,-0.059332,-0.854152,-0.402370,0.396949,-1.446409,0.210660,0.455236,-0.853469,-0.940991,0.295459,0.279347,-1.099329,0.001316,0.302668,0.585161,1.000052,3.278290,-0.578895,0.676587,-3.774155,-0.400948,1.350354,-1.820548,-0.487709,0.897981,-1.483082,0.834952,1.129477,0.985118,-1.050902,0.638980,0.308691
2268,2,0.504606,0.109411,1.484671,1.161994,1.347717,0.933191,2.036263,-1.307080,1.659708,-0.785701,0.358296,1.678101,0.599306,-1.658289,0.568184,0.394850,0.165234,-1.188140,-1.866880,0.403131,-0.908453,-2.306533,0.728641,0.193964,-0.013559,0.863789,0.413415,0.496085,-1.230691,-0.926156,0.177373,-0.356372
2269,1,0.414623,-0.198342,-1.413971,-0.649859,-1.228799,1.361012,0.022675,0.279444,-0.235519,0.147310,-1.505852,-1.148033,-0.334899,0.988516,2.078235,-0.666056,-0.994059,2.514059,-1.693300,0.145866,0.814967,1.504303,-1.216980,0.265676,-0.244373,-0.924272,0.875852,0.391012,-0.507306,0.318210,0.957682,0.392981
2270,1,0.106910,0.310386,-1.572592,-0.921237,0.151293,0.588784,0.315024,-0.976801,1.461363,-1.165716,-0.180279,-0.961991,0.813773,0.412523,0.351637,0.405691,-0.965251,0.832344,1.182012,1.124122,1.001693,-2.404754,-0.311948,-1.091691,-0.219003,0.445899,1.139181,-0.842429,-1.920259,0.872406,1.342282,-0.058805
2271,0,1.408449,0.301155,1.217323,1.243449,0.788726,0.640616,-0.140399,0.091893,-1.502593,0.762119,0.149575,0.701685,-0.013138,-0.301680,-0.523023,1.550662,1.521345,-0.016762,0.895199,1.380941,0.721880,-0.529899,0.881971,0.629206,-0.721417,-0.930555,0.414243,1.585895,0.295032,-2.222455,1.451679,0.166890
2272,2,-0.461047,0.767214,2.089953,1.816056,-0.519344,1.951307,-2.071160,-1.835823,1.185838,0.928495,0.479064,0.163027,1.532531,-0.007463,0.684320,-0.116385,0.160653,-0.804345,-0.310682,-0.118064,-0.313429,-0.170553,-1.391826,-1.619868,-0.580166,0.459422,-0.480030,-0.444071,0.385971,0.105891,-0.764965,0.602531
2273,0,0.862974,0.087640,0.398445,-1.413702,-0.180050,-0.227226,-0.817721,-1.108106,-0.500169,1.967925,-0.908289,0.205076,1.761604,0.671631,1.333686,-1.011752,0.317903,1.871306,-0.624422,0.657160,0.045469,-0.934410,-0.118258,0.586026,-1.429196,-0.924128,0.992122,0.555498,-0.384390,-0.882833,-1.461850,-0.839718
2274,1,0.102372,1.538395,-0.471732,-0.934411,-2.532042,2.091400,0.238610,0.213859,-0.161490,-0.852797,-0.449030,-0.363175,-0.618465,-2.100817,-0.049387,0.795223,-0.996771,-0.846103,-0.595785,0.183943,0.077055,-0.975893,1.034944,-0.898778,-1.358584,0.824215,0.875313,1.766579,0.420728,-0.852875,0.228692,0.299235
2275,0,1.918368,-0.834430,0.412139,-1.133351,-0.474683,1.787169,-0.835705,0.249695,-0.363710,1.588321,1.473204,0.670931,0.048924,-0.482429,0.464887,0.619167,0.103222,0.037051,-1.434851,-2.582911,-0.007316,0.917992,-1.510704,-0.039035,0.998833,-0.394658,-1.365979,-0.234908,-1.958012,-0.090284,0.381075,0.242032
2276,3,0.699498,-0.019800,0.635565,1.239617,-0.121961,-0.016271,0.422727,2.595348,1.866005,1.173758,-1.065155,-0.688875,-2.220502,0.043621,0.179031,-0.249998,0.191526,-1.218842,-1.156041,-0.078874,1.041452,-1.258199,0.581320,-0.487173,1.033848,-0.973352,0.255288,-0.565974,-0.772600,-0.212928,0.822145,-0.854591
2277,2,-1.371640,0.985027,2.053634,0.624838,0.192085,0.014221,-0.145384,0.523022,0.274105,0.534980,0.413094,1.223896,-0.808586,1.670676,0.798197,0.172310,0.617780,-0.872701,-0.934203,-0.941012,1.146802,2.106446,0.720135,0.634947,0.229772,-1.575932,-0.106803,-1.331896,0.121126,0.173069,0.120992,0.800189
2278,3,-0.342686,1.860579,1.898060,-0.481674,-0.373550,1.020853,-0.613596,-0.640548,0.811988,-0.547461,-0.229406,0.775455,-0.917172,-0.431480,-0.238073,2.267839,0.252991,-0.802752,0.683348,1.089805,0.474499,-0.389929,-0.332229,0.981313,1.120641,1.815383,-0.799932,-0.107283,-0.275382,0.741990,-0.561236,-0.027561
2279,2,-0.428283,0.395872,0.269179,-1.697245,0.135314,-0.420965,-1.267119,-1.308002,-0.676408,2.004758,-0.362977,-0.191795,1.009810,0.318828,-0.841912,0.355743,1.646656,-0.001659,-1.393499,-0.663034,0.246060,-0.669176,-0.148533,-1.411981,-0.187237,0.833958,-0.399399,0.136465,-0.075056,-1.743354,-0.879786,0.527646
2280,1,0.798683,0.346527,0.103240,-0.435012,2.249786,-0.789890,-0.488729,3.314998,0.813115,-0.402413,-0.021311,-0.462795,0.122649,0.420838,-0.255732,-0.175322,1.779230,0.810347,0.427656,-0.621725,0.093491,0.417593,1.325393,-1.648777,-0.608368,0.153820,0.261883,0.618161,-0.777501,-1.250435,-1.545663,0.696617
2281,2,-0.499575,-0.751371,1.753607,-0.207988,-0.522386,-0.520688,-0.119868,2.019441,1.985573,-0.342158,-0.834903,-0.978998,-0.195208,-0.807557,0.818655,-0.843262,1.350653,0.053802,0.081094,0.255739,0.828933,-1.737710,-1.945359,0.953231,-0.155051,0.180038,-0.461464,0.207377,-0.137342,0.496986,-1.365899,0.410659
2282,3,-0.391863,0.630341,1.761673,0.734697,0.584138,0.280557,-0.958855,0.032965,-0.165658,-1.330606,-0.204417,-0.532605,0.098555,-0.076820,0.993353,-0.354167,0.696767,-0.563286,-0.264768,-0.562455,2.146026,0.514619,-0.476458,-0.171477,1.448210,-1.957813,2.025518,0.428430,-0.280313,0.136235,-0.107937,-0.482800
2283,2,0.796882,1.047829,1.199307,-0.421107,-0.311565,-0.654646,-0.029974,0.305671,-0.426518,0.462590,1.309587,-0.249471,-0.627142,-0.386814,1.035260,-1.575151,1.334547,-1.054997,0.598218,-0.009083,-1.294621,0.606094,-0.463081,1.697929,1.658148,0.453938,1.074610,0.044120,0.017426,-1.837652,-1.706075,1.369434
2284,3,2.393266,-1.100513,1.166594,-1.507450,0.109821,1.451008,-0.956795,0.941194,1.730269,-1.065863,1.630930,-0.436312,0.847914,-0.122694,-0.258843,-0.146424,3.412414,-0.498947,-1.179519,-2.240653,-0.445211,1.100668,0.907874,-0.138874,0.275497,1.187173,-0.436621,-3.403642,0.588831,-0.715433,0.886363,-0.029250
2285,3,0.213988,0.885772,0.859061,1.065222,-0.725546,-2.522487,0.740474,1.499258,-1.544372,0.216580,0.212214,1.798475,-0.367862,-0.616828,-0.255123,0.623335,1.065685,0.214711,-0.501649,-1.421030,-1.276064,0.465788,0.327394,1.226266,-0.417747,1.076896,1.192268,0.427716,-1.074192,-2.001956,-0.210007,0.623272
2286,3,0.448964,1.241005,-0.280735,1.583520,0.708583,-1.832300,-0.237074,0.549734,0.351928,0.236400,0.380229,-1.290754,0.793374,0.680660,-0.980601,-1.975755,-0.628666,1.879819,0.941326,-0.071801,-0.478923,0.743228,-0.054397,0.213047,-0.061825,-0.093868,1.233989,0.483184,-0.752447,2.293893,-0.702647,1.252816
2287,1,-0.107565,0.286988,0.433390,0.857574,0.353129,-0.363135,0.582029,0.531813,-2.460443,2.090699,1.268586,0.322973,0.763589,0.915343,-1.241093,-1.542266,0.704887,0.532337,1.700810,0.245690,-2.650650,0.788265,-0.401912,-0.566448,0.406258,-0.376113,-0.559284,-0.183437,0.165217,1.569328,-1.360801,-0.701249
2288,3,-1.332245,0.739383,1.392206,0.258451,-0.089143,-2.228107,-2.621348,-0.035526,1.124105,-0.314413,0.282538,1.437293,-0.112656,-1.080486,-0.970208,0.674349,0.529286,1.569032,1.742135,0.253956,-1.112655,-0.999502,-0.276338,0.396637,-0.798154,-0.414307,-0.098132,-1.232127,0.351290,-0.524294,1.681722,0.332131
2289,1,1.531267,0.554249,-0.652842,-1.257906,1.011768,-1.541158,1.391181,-0.174783,-0.001133,-0.623236,-1.431000,0.151428,-0.273803,0.435446,0.217769,1.757135,2.813097,0.197180,-2.279444,0.633198,-0.667887,0.541392,-0.115909,-2.147496,-1.232992,0.760043,1.122007,-0.394108,0.843619,0.066569,-1.640488,0.375569
2290,0,2.967374,1.312482,0.460128,0.304584,1.532176,-2.185491,-0.329771,0.334659,-0.182638,1.733996,2.681892,-0.855683,0.537944,0.798050,0.913121,0.527121,-0.072876,0.088903,-0.844507,0.481720,-1.021327,-1.279273,0.067381,-0.113308,0.507996,-0.704217,-1.383711,-0.272628,-2.004241,-0.571069,-0.229069,-0.190641
2291,3,-0.422779,-0.098859,0.372633,1.015684,-0.050746,-0.599040,-0.308358,-0.841938,-0.555116,0.728748,-0.406363,-1.201595,2.053037,-0.584471,-0.853266,-0.506897,-0.589961,0.836742,-0.332151,1.174614,-1.950701,-0.649465,-1.516326,0.356512,0.734077,-0.040517,0.325111,0.104558,0.465612,-2.283193,-1.659053,-1.161303
2292,3,-1.400864,-0.112307,0.537675,-0.170432,0.739726,-0.919689,-1.032576,-0.309893,-0.232221,0.213631,0.095789,-0.047378,-2.243735,-1.025461,0.521859,-0.636697,0.640181,-1.485361,0.910114,0.913643,-0.602798,-1.435222,0.999467,0.483421,0.112358,0.120385,-0.918429,1.627399,-1.194021,0.495903,-0.809091,0.671879
2293,0,1.302036,-0.404892,2.558120,-0.163946,-0.742217,-0.997414,-0.875713,-0.138787,0.229981,-2.998247,-1.233768,-2.006941,1.239971,1.402199,1.278113,0.064614,-0.205652,-0.274989,1.914183,1.208552,0.011084,0.166831,1.313476,0.955849,1.055561,1.928043,1.081870,1.901617,-0.760402,-0.880531,-0.546187,0.034395
2294,1,-0.967520,1.406177,-1.605861,-2.261522,-1.360002,2.145043,2.213961,0.039544,-0.382025,-0.181802,0.640251,-0.131011,-0.402042,1.326862,0.628994,-0.611246,-1.129423,-2.226019,-0.069384,2.051974,0.197844,-0.498960,0.518330,1.577558,-0.747411,0.755632,1.648924,0.494172,1.229457,-0.854012,0.033924,0.777615
2295,1,0.741168,-1.406212,1.231699,0.620735,-1.564697,-0.006813,1.923745,-0.810308,-1.194346,1.660355,1.393537,0.574080,0.926528,-1.883423,-1.956791,0.157967,-0.013553,0.435395,-0.333504,0.332872,-0.877210,0.926776,-1.357775,1.234330,0.431412,0.259787,0.022310,0.163429,0.114979,-0.187585,-0.781107,-1.182951
2296,0,-2.140481,0.372740,1.191061,-0.680495,0.050066,2.389443,0.299353,0.263376,0.191559,-0.338149,-0.994576,-0.185752,-0.552944,-0.644662,-1.221291,0.231591,-1.524234,-0.231123,0.206009,-1.621862,2.057875,0.853746,1.654378,-1.009058,-0.946163,-0.220702,0.841600,-0.513131,-1.776197,-1.015010,-0.368203,0.267514
2297,1,1.411163,0.589974,-1.067456,1.789099,0.125283,0.656848,0.454584,-1.089931,0.366743,-0.576534,0.041500,-0.932178,0.825986,0.422240,0.289878,-0.296140,-0.209066,-0.073732,1.369108,0.038422,0.284902,-0.112423,0.404702,1.788896,-0.407709,-0.933808,-0.776108,0.202347,0.676222,0.033318,-0.770174,0.189551
2298,1,1.215204,0.293227,0.096860,0.350561,0.023524,0.590281,0.202934,0.027625,0.365241,1.824833,-0.973880,-0.000193,-0.469008,-0.439968,-0.253935,2.770396,-1.267055,0.177913,-0.355151,-0.612304,-0.694510,0.940422,0.934101,0.019945,-0.078722,-1.138698,-0.332341,-0.402964,-0.503910,-2.867322,2.076247,-0.920049
2299,2,-0.410522,-0.565754,0.786273,-0.119916,0.195735,-0.537434,-0.651513,0.442261,0.738066,-0.220720,-0.185512,-0.535558,-0.540135,-0.206979,0.202763,-0.761716,-0.305236,0.256900,-0.069667,1.098835,-1.041923,-1.496440,0.730193,1.093613,-0.545795,0.893532,-0.461254,-0.578636,1.008895,-0.297892,0.526473,-0.831455
2300,0,-0.721387,-0.486849,1.817848,1.321705,0.259264,-0.642983,0.658705,-0.451261,1.501556,-0.535248,-0.450448,-2.257942,-0.207368,-0.492569,-0.365126,-2.249331,0.644278,1.252858,0.492321,-1.029357,0.247937,-2.147697,-1.217523,-0.884874,-0.052906,1.954139,-2.147030,-0.375965,1.302814,-1.066988,-1.222407,-2.797580
2301,0,0.802897,-0.135882,-0.074551,-0.567950,-0.427611,-0.054232,-0.349838,-0.656882,0.208684,0.044793,-1.171033,-0.364532,-0.391816,0.713697,0.559639,0.852277,1.022451,0.824439,0.717156,0.831367,-0.953741,-0.624506,-1.270342,0.314300,0.581267,0.953283,0.682554,2.920958,0.981412,-1.281286,-1.834725,1.197178
2302,3,0.034656,1.217927,0.157287,-1.453487,0.915135,0.894762,-0.298985,-0.446783,0.717800,-0.094717,-0.460831,0.036366,0.237106,-0.891443,-1.387601,-0.751901,-0.192286,0.004429,-0.352023,0.793574,-0.052007,1.043075,-0.126621,1.153471,1.703595,0.614727,0.027581,-0.525766,0.960574,0.726638,0.086579,0.148248
2303,1,-1.208545,-0.212745,1.160301,-0.440219,0.523680,-0.234484,-0.602656,-0.199738,-0.359395,1.458481,-2.421492,-0.363418,0.761811,0.518816,1.313820,0.847295,-0.153893,0.811274,-0.481786,-0.423445,-0.133663,0.113145,0.379344,-0.149225,-0.608832,-0.392952,0.008153,-0.563657,-2.343231,0.043482,0.566958,0.683408
2304,2,0.427598,-0.179471,-0.458656,-0.294500,-0.395250,-1.119687,-0.925903,-0.232657,2.314260,-0.521169,0.343513,0.401306,-0.807594,0.118753,0.294211,3.839339,-1.553951,-0.648869,0.576413,-1.248244,0.861507,-0.530946,-0.505876,-1.267881,-0.335990,-1.056423,1.849112,-1.014297,0.458252,-0.420001,-1.250375,0.702966
2305,3,-0.208227,1.613414,0.738254,-0.775371,0.890173,0.615021,-0.479716,-1.085517,-0.564826,-0.216446,0.181530,-1.576374,-0.724272,1.424263,-1.384948,0.771866,-2.558591,-0.714744,1.277363,1.362793,1.765542,-0.461806,0.454112,1.209810,-0.202536,1.998067,1.381535,1.627727,-0.454449,-0.816786,0.348012,0.129234
2306,0,-0.280756,1.353254,1.106710,-1.304401,0.354594,-2.077205,-0.384724,1.090143,-0.681054,-0.324459,-0.237251,0.470449,-0.756746,-0.718191,1.299598,0.003968,0.885010,0.567680,0.697770,0.532649,2.687245,-0.138695,-0.849844,-0.494416,-1.133745,0.398269,-0.854105,0.282024,-0.081105,-1.453148,0.423814,0.371267
2307,0,0.929419,0.040797,-2.876956,0.276658,1.277631,-1.968201,2.269547,0.686924,-0.995770,-0.106159,-0.853293,-0.122636,-0.180333,-1.029126,0.446596,0.826771,0.312748,1.447861,-1.029885,0.916439,-0.473221,0.501535,0.193094,-0.325312,0.130464,0.753497,0.050605,-1.343491,0.687091,-0.302764,-0.949755,1.337992
2308,3,-0.647587,0.159283,-1.506321,-0.781359,-0.862496,0.390614,1.789047,-0.669500,-1.014483,-0.214900,-2.620610,1.068756,-0.376717,0.152925,-1.114331,-0.855323,2.836552,0.101546,0.844451,0.436880,-0.194511,-0.041085,1.867254,-0.509095,0.347974,0.389227,-0.046881,0.729239,-0.615523,1.842849,-1.759220,-1.398850
2309,3,-0.702598,-0.817489,1.021125,0.519958,-1.053746,0.226287,-0.522312,0.495259,1.611334,0.298627,0.342010,1.127525,0.050208,0.787594,-1.192296,-0.728539,0.696816,1.086462,-1.306301,0.070887,0.203899,-1.653629,-1.834519,0.756394,-1.489074,-0.290664,-0.754560,-0.915663,-0.032968,-2.712092,0.296438,-0.214349
2310,3,1.120952,-0.542525,0.387705,-0.224826,0.463344,1.550484,0.573941,1.119056,-0.376552,0.188245,1.909034,1.383226,-0.181427,-0.495067,0.010877,0.709245,-0.260391,-0.303065,-0.295055,-0.525672,-0.867009,-0.205539,-0.855348,1.102169,-0.394054,-1.122218,-0.105353,1.131763,0.376849,0.370112,-0.365390,-0.712094
2311,3,-1.523833,0.286501,-0.182928,0.946677,-2.778873,-0.534744,0.348662,-0.049605,-0.441650,0.393506,-1.114067,-0.269265,0.358934,0.267601,-1.908927,0.092004,0.392806,0.793304,-1.622609,-1.683155,1.788881,-0.644747,-1.534873,0.334542,0.342867,1.289651,-0.589078,2.945904,-0.927559,1.575851,1.203429,-0.189014
2312,1,-0.041949,2.166229,-0.022845,1.103892,0.192371,-1.037936,-1.102681,1.615368,-1.120973,-0.747858,-0.098013,1.151102,-0.542385,-1.096127,0.539796,-0.072788,-0.741151,0.276085,-0.581142,0.074642,2.824783,-1.178884,-0.191804,-1.007103,0.718088,-0.124203,-0.971899,2.185301,-1.272420,-0.155997,0.828512,-1.057593
2313,0,2.134482,-0.655779,0.686576,-1.658057,0.201680,1.227164,1.031568,2.548842,0.889664,0.884597,0.412449,0.382027,-0.467416,0.606917,-0.904460,0.819962,-1.140697,0.461036,-1.647877,-0.245748,-0.338470,0.336720,0.498087,-0.179213,0.686941,0.237217,0.217360,2.146416,-1.043033,-0.515992,1.255099,-0.114743
2314,1,0.868350,0.718610,0.465300,-0.351102,0.614909,0.124117,0.480262,0.955583,-1.169820,0.677333,1.224254,1.111439,0.628306,-1.625742,-1.743298,0.910557,0.689162,1.751693,-0.578191,1.251954,0.616835,-2.799065,0.310322,1.841495,0.946382,1.332967,-0.871824,1.460040,-1.234649,-0.105463,0.671224,0.588530
2315,0,0.030732,-0.946321,-0.264554,-1.148385,-1.306339,-1.405460,0.296625,0.555247,1.874290,0.269030,-0.216513,-1.627055,-1.908432,-0.077938,1.465544,0.104619,-1.415063,-0.481006,-0.346680,0.139280,-0.122079,0.752476,2.075630,-0.496126,-1.792204,1.024076,-0.372450,0.134760,0.714893,2.606953,0.139885,-0.365996
2316,2,0.885467,-1.243668,0.985486,-1.058173,0.197307,3.353549,-1.858725,0.285433,-1.222203,-0.837938,1.047684,1.572590,-0.635856,-0.499259,-0.341618,-0.511507,-0.138507,1.159656,0.044385,-0.251797,0.964293,0.052400,0.150349,-0.700742,-1.575909,0.490178,-1.754601,-1.079288,0.955997,-0.456919,0.702784,1.052807
2317,2,1.069803,-2.429033,1.056371,0.731903,-0.268056,1.004611,0.444495,0.904753,-0.212889,-0.182610,0.937685,0.179145,0.775718,-1.813108,1.736790,1.330957,0.444285,2.913775,-2.192010,1.706147,0.623926,-1.622412,-0.640018,0.609503,0.153554,-1.272905,0.196594,-0.267108,0.610720,-0.641709,0.441698,-0.569192
2318,1,0.727001,1.586067,0.203716,0.004505,-0.657203,-0.181601,-1.691198,-2.544046,-0.914353,0.405796,-1.953848,-0.488108,1.016023,0.729095,-1.149650,-0.540514,-0.783001,-1.717798,-0.320674,-2.481859,-0.340957,0.329612,1.154756,-0.266191,-0.343932,-0.322288,0.732736,1.562699,1.241675,1.613499,1.338570,0.581109
2319,0,-0.024931,-1.834382,1.961886,0.882061,-1.276323,-0.585524,1.292369,-1.010697,0.563910,0.335613,0.135357,-0.096946,0.020369,-1.413638,-0.933303,0.273908,-0.286746,0.222113,-0.736681,0.892179,-1.223639,-0.191665,0.522476,-0.577024,0.516777,1.260348,1.641756,-0.330817,-0.219805,-0.643447,0.532418,-0.149149
2320,2,-1.556923,0.283507,-2.128279,-0.434890,-0.676577,-1.400927,-0.236247,-0.728165,-0.129046,-0.892920,-0.475934,1.362004,0.608552,0.402260,0.076977,-1.712057,-0.137592,0.394257,0.801488,0.596760,-0.468013,-0.746961,-1.022106,-2.067497,0.371168,-1.091497,0.116040,0.361975,1.429193,0.841833,1.513018,-0.449133
2321,0,0.092920,1.426628,-0.038956,0.275045,1.686876,0.144142,-0.896332,-0.467866,-1.110691,0.139261,-0.229273,-1.137573,-0.159340,2.021675,0.952493,-0.142384,0.617186,0.410256,-0.920688,-0.164200,-0.685753,-1.831870,-0.739691,0.358900,-2.577562,-0.207200,-2.977809,1.652909,-1.390322,-1.153467,0.284450,1.074647
2322,2,0.965086,-0.486857,-0.301380,0.003423,0.115705,-1.128525,0.976161,0.169928,-0.953461,-1.075701,-1.663316,0.569662,-1.611250,-0.560738,-0.301285,-1.068164,-0.876951,1.998715,-0.601210,0.442925,-1.158270,-1.621768,-1.081282,0.642043,-0.174076,0.421037,1.695325,0.334924,0.905982,-0.360640,1.179500,1.304713
2323,3,-0.226172,-1.307702,0.198446,0.387262,0.566567,-0.101643,1.615710,-0.987714,0.283325,-1.124559,-0.802976,-0.419067,0.068635,2.240422,-0.804121,-1.103641,-0.531598,-0.372659,-0.263402,1.133314,1.364854,-0.503382,2.182716,0.187868,0.193897,0.935783,0.793472,0.999676,0.387952,-0.819819,-1.353165,-0.516002
2324,0,-0.103490,-0.065361,-1.188180,0.488643,1.211549,0.451763,-0.983457,-0.472843,1.093996,1.089881,0.066162,0.116960,-0.460267,-0.019643,-0.794797,0.547686,-0.127632,0.693383,-0.012815,0.095339,1.570615,2.042870,1.003766,-0.650332,1.013584,0.421346,-0.467848,-0.320511,-1.123601,0.213240,1.563359,-0.140251
2325,1,-1.273193,0.238581,0.405286,-0.182643,0.575976,-0.991437,-0.221306,-0.062973,0.677595,0.066512,0.129660,-0.066378,-2.080305,-1.304223,-0.241974,1.327462,-1.040458,0.409137,-0.601061,-0.056421,-0.554371,-0.067783,-0.855804,1.025949,0.746686,1.341872,0.241854,0.151834,0.507446,0.380335,0.551591,1.509028
2326,2,1.342293,1.028454,0.392107,0.637228,-1.300608,-0.454652,-0.860017,0.200779,-0.431090,-0.657574,0.668878,0.766081,0.830558,-0.231030,-1.986824,-1.333874,-0.193162,0.266257,-1.943960,-0.421050,-1.267493,-0.793154,0.012350,0.651710,-0.001732,-1.673886,0.830064,2.427649,0.418749,0.437214,-0.025725,-0.033933
2327,1,-0.191121,-2.290729,0.343265,-0.370315,0.390821,-0.689619,1.098250,0.586954,0.200619,-0.779360,0.261350,-0.084301,-1.174826,-1.399842,-0.554447,1.154377,-0.030120,-1.804087,0.318713,1.038675,-0.588136,0.230001,1.526864,-0.349950,1.453642,0.370279,0.406995,-0.215880,0.538945,-1.562412,-0.227850,-1.091342
2328,3,1.411008,0.017451,-1.176873,-1.381909,-1.408159,0.270626,1.005304,1.122456,-0.544337,2.495313,1.267622,0.036894,-2.180919,0.227247,1.453184,-1.155749,0.194448,-0.764269,0.891410,-0.594106,0.731399,-1.777742,0.829053,-0.083200,1.129277,2.327896,0.640220,1.487635,0.672554,1.153462,1.194085,-0.842931
2329,0,1.236148,0.985908,0.847929,-0.338545,0.400708,-0.796569,-1.044707,1.508492,-0.706922,-1.790366,0.476895,-0.427073,0.616946,0.880706,-0.504330,-1.621235,-0.887727,1.466847,-1.621377,-0.339247,0.941724,0.945914,-1.256925,-0.827605,0.389135,0.438239,0.170413,-0.711235,-1.099286,-0.075442,0.052713,-0.848857
2330,0,0.527183,0.347677,1.249776,-0.532056,0.967289,-1.048406,-1.140009,-0.371121,0.219273,2.960252,-0.213303,2.371799,0.383790,0.306928,0.105154,0.279101,-0.129545,-1.240867,-3.195046,0.058202,-0.035217,-0.206948,0.246682,0.799385,1.721931,-1.281319,-0.957748,0.503280,-0.228447,0.809297,0.631963,0.677101
2331,1,-0.416845,0.885315,0.889274,3.209755,0.132374,-0.249611,1.007402,-0.300379,0.615877,-0.311675,0.454642,-0.803035,-1.074072,1.363282,-1.556215,1.150833,2.169953,1.939607,0.864707,-0.699527,1.888471,-0.081735,-0.567942,-0.587376,-1.233911,1.206993,-1.154962,-0.201638,-1.679484,-0.535606,1.117592,1.842082
2332,1,0.140179,0.215503,-0.547328,0.938219,0.087764,-0.982425,-0.440108,-0.185472,0.947050,0.177942,0.692676,-0.224733,-0.782902,1.078745,-0.441837,-0.199149,-0.056572,0.100255,-0.425402,0.668046,-0.142008,-1.442679,-0.227918,-1.036497,-1.297617,0.800846,1.464111,0.300215,1.400928,0.569527,-1.451851,-0.905374
2333,3,-0.259925,-0.733291,-1.355799,-0.452297,1.705280,0.254084,0.056717,-0.668875,-0.687123,-0.343061,0.220506,0.569247,-0.697654,2.197985,0.758114,1.064748,-0.570189,1.484560,-0.842714,1.105825,1.291548,-0.152608,-0.671854,0.527665,-1.219667,-3.363129,1.103936,-0.929664,-1.206754,-1.737581,1.913771,0.084350
2334,3,-0.697918,0.193166,0.841839,-0.973188,1.252391,-2.196464,-0.705441,1.179099,-2.347718,0.461595,0.019168,-0.536249,-0.938517,0.320928,-0.519939,1.264209,0.378580,0.004074,1.139562,-0.501669,0.919903,0.091560,-0.090938,-0.500656,1.052423,-0.353068,-0.460810,-0.106451,-0.186047,-0.044030,0.228158,-1.133233
2335,1,1.370352,1.323474,0.891451,0.242526,-0.796207,0.654153,-0.995445,-1.281793,1.057569,-0.422587,-0.644236,1.315343,1.114105,1.736928,0.096482,0.631402,-0.337772,1.910230,-1.319152,-1.644192,-0.028403,-1.181387,0.300053,0.384170,1.053835,-0.119417,1.157724,2.051398,0.013344,0.086318,1.058715,1.748821
2336,2,0.205779,0.123962,0.505987,0.169640,0.333554,-0.137238,0.533545,-1.512945,-0.722372,-0.630038,1.289049,-1.359998,-0.751651,1.073824,-0.067168,-0.961339,-0.644015,1.900252,-0.266177,-0.864188,-0.325683,1.159248,1.264641,-0.807626,-0.129423,-1.289754,-0.547636,0.563902,0.090743,-0.100665,0.133283,0.087358
2337,2,0.714248,-0.925909,0.848735,-0.649674,-0.187987,-0.754466,1.023392,2.264481,1.220905,0.223055,-0.259768,1.144998,-1.018339,0.246471,0.212571,0.051161,0.518106,-0.191466,1.793559,0.179272,-1.066382,0.290741,-0.610041,0.052398,-0.524790,-0.582391,-1.260405,0.061796,-1.068984,0.922592,0.412011,1.095667
2338,0,0.236474,-0.651674,-2.037635,-0.801551,-0.523284,-0.870350,1.585181,-0.997726,-0.971281,0.932657,0.479844,1.023562,0.999984,1.235806,0.257477,0.171310,2.228945,0.581951,-0.618453,0.217890,0.114885,0.456031,-1.899956,0.350190,-1.511578,1.066031,-0.921107,0.624603,-0.605244,0.479596,0.775070,-0.252928
2339,1,0.159608,1.940373,-0.249858,1.349704,0.252196,0.692545,-0.039254,0.005176,-1.136041,-0.914900,-0.473645,-0.469578,-0.202676,-1.408749,0.314460,0.869349,-0.036091,0.624717,0.907400,0.309854,0.147310,-1.980042,0.082246,-0.431835,0.086678,0.830626,-1.238662,-1.408433,0.829637,-1.177865,-0.076768,-0.635688
2340,0,1.451872,-0.521914,-0.652098,-0.232874,1.134041,0.247442,0.751842,-0.946250,-0.030143,1.286798,-0.187419,0.423830,-0.183851,0.623909,-0.835435,-1.179940,-0.184172,1.803236,0.220678,1.148453,-0.379206,-0.252456,-0.953188,1.781995,0.081147,1.339021,-0.820874,0.957190,0.439337,-0.200834,-1.142331,-0.498701
2341,0,0.046867,1.557749,0.173187,-0.379897,-0.654819,-0.115885,-2.600893,0.298345,0.532919,0.398269,-0.239963,-1.626611,0.618892,-1.259255,0.271542,1.124034,0.410679,-0.068858,0.694794,-1.637958,-0.189284,-0.049032,0.100028,0.472344,1.045903,0.790824,1.050618,-0.908321,-0.741309,0.673978,-2.234135,0.962836
2342,0,-0.103413,-1.741413,0.157770,-0.338147,-0.101437,-0.275322,0.250617,3.165590,1.457251,0.056460,0.491076,1.838583,-1.515375,-2.348890,0.270351,-1.361675,1.608368,-1.314749,0.505597,1.016576,-0.828190,0.560102,-0.374704,1.876526,-0.434847,-0.589631,1.640029,-0.512843,-0.688086,0.109320,-0.143078,-0.724091
2343,2,0.604147,-0.334618,1.259053,0.447716,0.077078,-0.109145,1.011112,2.571908,-1.137029,-0.383342,-0.661768,-0.192916,-0.277942,-0.934368,-0.210667,-1.716142,-0.371782,0.249891,-0.782762,0.891872,-0.691704,-1.257829,-2.365059,-0.079136,-0.945545,-0.352610,-0.902151,2.118600,-0.258616,0.886225,1.095564,-0.731792
2344,0,1.479136,-0.100609,-1.624833,1.648421,-0.584948,-0.655336,-0.011585,-0.289520,0.530157,-1.149806,1.779634,1.075372,-1.109472,0.249347,-1.145197,0.355836,0.179966,1.236832,1.028754,0.840409,0.801505,1.617437,0.350227,0.051705,1.106341,0.934929,0.184108,1.602720,1.259239,1.618612,0.077410,-1.453205
2345,3,1.196941,0.610019,0.775399,0.829819,-0.523115,-1.305384,-1.171052,-1.826947,0.029666,-1.300146,0.006239,-0.295304,1.802967,0.397345,0.546866,-0.392508,0.234439,-1.192127,2.455967,-0.211188,-1.617278,-0.745527,1.223160,-0.014086,-0.012844,1.607153,1.166412,-2.818439,-0.202300,-1.240307,0.832649,1.103806
2346,3,1.907864,-1.403458,-0.063469,-1.420036,0.856931,1.366137,-0.264081,-1.387453,0.513983,-0.088470,-0.642560,1.307326,0.264572,-0.133894,-0.102606,-0.483025,0.049149,-0.099080,0.191844,0.267245,0.276480,-0.884186,-1.711039,2.837090,0.661683,0.407587,1.361250,1.575596,0.120072,-0.173848,-0.813699,-1.219837
2347,0,0.930373,-0.783870,-0.241176,-1.354013,-1.537248,0.473390,0.811005,0.398625,-1.702734,-0.998226,0.634986,0.664406,0.714158,2.947232,0.484077,-1.194751,1.603461,0.728000,1.127745,-0.278019,0.569925,0.279349,0.095922,1.500775,-0.130663,0.948646,0.150669,-0.015931,0.977712,-0.799272,-0.533916,0.863237
2348,0,1.064301,1.889702,-1.894700,-0.530278,0.525259,0.465636,1.490349,0.816911,-0.867245,0.259652,-0.161625,0.837171,0.045575,0.800158,0.056567,-1.119790,-1.088777,0.247802,-0.769472,0.004600,-0.514880,-0.547064,1.632097,-0.613940,0.956101,1.242944,0.929321,0.710765,-0.535813,-0.803035,1.299204,-0.030708
2349,2,1.411653,-0.889481,1.061249,-0.793514,0.690153,-2.482303,0.129340,1.272869,1.453680,1.368376,0.746002,0.858802,1.823535,-0.686487,0.633357,1.068070,0.587650,-0.941241,2.658205,0.185536,0.476206,2.396453,0.040629,-0.523026,-2.315649,0.265558,0.398682,0.940689,-0.669648,-1.729928,-0.132514,-0.086375
2350,1,0.195739,1.729596,0.154231,-0.358100,-0.107702,-0.645204,-0.447553,1.047172,2.481657,-0.216582,1.284889,1.155929,0.469766,1.752394,1.680686,-1.161950,0.045750,0.272581,-0.427082,-0.955450,-0.916338,-0.117111,2.037733,0.090556,-0.531816,-0.895618,0.343622,-2.403428,1.219824,0.687125,1.428385,0.046476
2351,2,-0.029440,0.006594,0.500627,1.083199,0.175541,-0.558680,0.223737,1.488169,-0.869725,-0.787703,1.752068,-1.995121,-1.289679,1.271601,0.794214,0.552794,-0.395419,1.321161,-1.018248,-0.623964,0.236910,-0.903929,-1.604141,0.057891,0.235017,-0.054081,-0.927933,-0.984616,-1.410012,-1.452390,-1.267734,0.077946
2352,3,-2.238392,-1.660194,0.586678,2.120765,-0.887248,0.388315,0.993739,1.564146,-0.276310,0.811373,-0.946423,0.603138,0.369736,-0.828159,0.320173,0.317189,1.479927,0.599068,0.795508,-1.356104,-1.507434,-1.949407,-0.186604,-0.590009,0.119028,0.924999,-1.398080,0.253029,-1.407289,0.963217,0.815482,-1.334084
2353,2,1.957533,-1.202313,0.847385,-0.682922,-0.356044,-0.350386,-0.195054,-1.801415,0.970273,-1.494175,-0.349592,-0.635530,-0.078214,0.127016,1.518924,-1.649816,1.026317,0.474506,-0.387312,1.232898,0.483475,1.676492,-1.467109,0.557183,1.073180,-2.306073,-0.160524,-2.205292,-1.155572,-0.161942,-0.200425,-0.624934
2354,1,1.048643,-0.675928,0.318294,-0.072862,0.416960,-1.131602,-1.017510,-0.034344,0.564131,1.214719,1.018289,-0.884110,-0.841534,0.322568,-0.262984,-2.364483,-2.304551,-0.444400,0.769964,-0.669903,-1.017996,0.103626,0.185760,-1.642516,-0.102838,1.296383,-0.441238,-0.092021,-0.294404,1.824024,-0.138442,0.681226
2355,2,2.106467,0.220014,1.587719,-0.923700,0.211192,0.112930,0.051313,0.915834,0.938561,0.301623,1.726552,0.015208,-1.162691,0.321990,-1.699238,-0.749314,-1.371063,-0.102524,-0.522968,-1.067360,-1.211636,0.904793,-0.001207,1.946459,0.208191,-0.713797,0.895650,-0.656923,-2.614317,-0.419796,0.074272,0.330616
2356,2,-0.990720,0.827860,1.237880,0.380963,0.507625,-0.348994,-0.235440,2.217225,-0.769413,-0.228248,1.081204,-0.449637,-2.002382,0.011242,0.035195,1.517824,-0.089418,2.087662,0.935205,-0.624926,-0.650892,0.550492,-1.298155,-1.166122,-0.058222,0.127200,-2.071218,-0.262767,-0.719404,0.030990,-1.513599,0.503776
2357,2,-1.098579,0.335760,0.412015,-1.638777,-0.751320,2.220313,0.178137,-1.082132,0.440208,0.077974,-0.473244,0.867642,-0.900072,0.623649,-0.110642,0.416479,0.970198,0.212645,0.135014,-0.442777,-1.244977,-0.564163,0.449007,-1.040593,-0.000433,-0.399501,-0.802521,-0.543264,0.417239,-0.378189,-1.038197,1.133901
2358,3,-2.491007,0.952400,1.730855,0.349124,-0.607500,1.081342,0.813172,1.109210,0.701297,-0.120602,0.251358,0.087973,-0.826086,0.858935,0.179342,0.455445,0.072699,0.783367,-0.709226,-1.831331,-0.268981,-0.127582,-1.515889,1.586887,0.610140,-0.455456,0.616062,-0.605281,0.560114,0.838184,-1.918593,0.458667
2359,2,1.186421,0.463262,1.701998,0.773600,-0.589226,-0.591818,0.561710,-0.396585,0.092495,-3.059154,-0.169051,-1.127091,-2.034847,-0.732132,-2.050623,1.624903,2.219182,0.056164,0.162223,-0.634728,0.111534,-0.253304,0.270213,-1.822842,-0.630612,-0.844236,-0.704768,0.887579,0.643079,-0.027122,0.435312,1.101798
2360,3,0.335972,-0.390803,0.496670,1.187693,-0.382191,1.071252,-0.570481,-0.863221,1.182573,0.697459,0.548819,-0.625217,0.844448,-1.425717,-0.939061,0.166181,-1.140737,-0.832212,0.188667,0.297348,0.653909,-0.851312,-0.167313,-0.999683,-0.078225,-1.003875,1.481523,-1.026470,0.448482,-0.867095,-0.410879,-0.173154
2361,2,-0.958737,0.797556,1.521459,-0.341237,-0.615537,-0.057782,0.702260,0.907278,0.073462,-0.197065,0.533716,1.493894,2.193087,-0.591245,0.644246,1.744800,1.451882,-0.263790,0.429260,0.318671,2.642176,-0.640653,0.853742,1.208583,0.925108,0.125496,-0.748201,0.476994,1.020625,1.477979,0.671364,-0.021342
2362,3,1.205245,-0.929063,-0.886860,-0.409427,1.025124,1.344194,-0.958141,0.847183,0.580570,0.902292,0.465135,-0.943571,1.344719,0.232254,-0.250288,-0.029990,-0.118581,0.612388,0.431624,-1.521688,0.357750,1.734484,0.478545,-0.336611,0.450529,0.161318,0.453901,-0.954590,0.088522,1.182516,-0.833538,0.649058
2363,1,-0.417040,0.662755,0.241594,0.792346,-1.484799,0.481984,0.338585,0.580183,-1.771584,0.750646,1.734633,0.973459,0.985682,-0.461968,0.451071,1.912300,0.883142,-0.183863,0.505492,-0.432385,-1.188620,-0.311227,0.037136,-0.581425,0.511486,1.782967,1.066887,0.373597,-1.459937,0.304690,-1.109396,1.336998
2364,3,0.792289,1.616371,1.020532,0.439020,-0.209107,0.087943,1.946021,1.298397,-1.020314,0.247814,-0.932305,-1.070583,-0.264994,-0.227968,-0.064877,-0.302117,0.832667,0.709750,0.267927,-1.260278,-3.030449,-0.572898,-0.477946,0.703008,0.409180,-0.062168,-0.098631,-0.971572,-0.134186,0.970089,-1.354352,-1.346687
2365,3,-0.891971,-1.265955,0.530441,3.149866,-0.369903,1.104984,0.852015,-0.302765,-0.977412,-1.318718,-1.592347,-0.715217,-2.141250,0.933294,2.134418,-1.041584,-0.393233,0.116052,-0.903914,-1.203974,-0.197269,0.147530,0.617582,-1.876261,-0.280524,1.071495,-1.219169,0.495385,1.230983,-0.040381,-2.862263,-1.228007
2366,0,1.013921,-0.127919,1.286033,-0.562786,-0.255615,-1.498413,2.027349,-0.096499,0.386822,0.343770,-0.758366,0.483580,0.221908,-0.567289,2.827304,-1.517422,-0.519941,-0.199144,-0.294423,0.469510,1.041153,-0.569747,0.198275,-1.684575,1.763002,-2.229356,-0.251868,0.053194,0.010129,-1.615695,-0.176731,-0.531247
2367,3,-0.352936,0.237482,-1.463612,-0.014027,1.258598,-0.343547,-1.179600,-1.658085,0.305287,-0.089899,-0.351583,1.553274,0.947805,-1.658721,-0.398464,-1.788309,-1.045165,-0.283404,1.091931,0.385487,-1.608048,0.936580,0.784511,0.086914,-1.563894,1.365746,0.668742,0.361397,2.343283,0.279593,0.877095,0.797263
2368,2,1.599887,-0.679881,2.242333,0.965453,1.592861,-0.674747,0.384211,-1.287412,-0.157967,0.869624,0.192136,0.039403,0.161926,0.291069,-0.036533,-0.053060,0.895222,0.351002,0.342432,-0.088794,-2.840543,-0.478842,0.520050,0.379015,0.098391,-0.108749,0.510345,-0.186350,-0.939673,1.344437,-1.238071,0.033523
2369,2,-1.260298,1.825280,0.114975,-0.398141,-1.085931,1.046304,0.029277,-0.535897,-0.121458,-0.497544,-1.934321,-0.539936,1.540294,0.829705,-0.377888,0.146305,-0.027509,0.818727,0.976480,0.026825,1.391629,-2.270108,-0.408477,0.810110,-0.489411,0.640207,0.774331,-1.144979,-1.456787,0.372098,-0.228780,0.732907
2370,3,-0.877973,0.132489,0.267264,0.380598,-0.125791,1.720633,0.924111,-0.046771,-0.852959,-0.424596,-1.759418,-1.440437,1.895380,-0.196327,-0.190668,-1.233024,0.511018,1.631719,-0.413238,0.554938,-2.708810,1.849711,-0.004299,-0.998515,1.071597,1.346355,0.664226,-0.302176,-0.573160,-3.213567,0.488429,0.060167
2371,1,-0.802077,1.077878,-0.633932,-0.934000,-0.617606,-1.327869,1.000802,0.243092,0.285821,0.857375,0.114328,-0.025327,0.517727,0.809527,0.260377,0.802540,0.007959,0.569103,-0.492065,0.503949,1.387397,-0.506202,-0.011878,0.307149,0.412074,0.974534,0.774893,0.485076,-0.151835,0.034953,0.933088,0.593825
2372,3,3.228864,-0.344542,-0.538846,-0.224673,0.721610,-1.321746,-0.071406,-0.047849,0.203664,-0.261775,0.307461,-0.610830,2.144766,2.022932,0.513850,1.381071,-0.307685,-1.222738,0.478049,0.174611,1.171003,1.705947,-0.518371,-1.241857,0.188729,-1.004189,0.504556,-0.971665,-0.485371,0.132405,-1.228147,-0.414303
2373,0,0.652256,1.283529,-0.517546,0.391514,-1.035509,-1.769035,0.720632,-0.405616,-0.918779,-0.316239,-0.599424,-1.065176,-0.325806,0.894674,-0.306675,0.259375,-0.164388,0.738328,0.983135,-1.585114,-0.554650,0.372816,0.203545,-0.797236,-2.082267,0.143097,-0.446183,0.136624,-2.054128,-1.115253,-0.398311,-2.254398
2374,2,0.493712,2.113248,0.188800,0.142833,-0.467610,0.474935,-1.308594,0.229576,1.224069,0.879618,-0.125982,0.208649,-0.980320,-1.610533,2.625263,-2.303911,1.202037,0.998395,-0.969623,-0.237578,-1.201677,-0.635575,-1.185069,-1.194479,-0.151063,-1.482301,-0.251507,-1.385732,0.092151,-1.378394,0.142629,-0.970831
2375,2,-0.582000,0.572115,-0.474499,-1.705245,2.014731,-1.237301,-1.685922,-0.592722,-4.433373,1.898725,0.088822,-0.867832,-0.267107,-0.924936,-0.212866,-2.646855,-1.654100,-1.193073,0.346087,-1.287404,-0.138656,-2.464938,-2.507627,1.534208,-1.024350,0.532190,-0.246953,1.897675,0.658078,0.626300,0.771460,1.168560
2376,1,0.884129,0.916565,-0.019368,-0.637153,0.544496,-0.092009,0.146243,1.481309,1.281861,-1.188584,0.245012,-1.298715,1.248211,-0.997985,0.115247,-0.494496,0.232404,-1.559130,0.305523,0.267988,-0.902892,0.260345,-2.397421,0.133724,0.327529,-0.095582,-0.094201,0.983412,0.650237,-0.050341,-0.266691,-0.037446
2377,3,0.576171,-1.956434,-0.160888,1.591162,-0.415136,0.638230,0.177152,0.737988,-0.407217,-0.812107,-1.410475,-1.691219,-1.656325,-0.558232,-1.152368,2.911203,1.196320,-0.169958,0.851068,0.031568,-0.244240,-0.618018,-0.575791,1.142534,-0.149478,-0.424208,-0.695776,-0.863238,1.209482,1.174066,-0.273859,0.778227
2378,2,0.002458,0.424691,0.874292,-0.585888,-0.396993,-1.934595,-0.307668,0.071327,-1.591556,1.076610,-0.302898,0.299885,-0.281448,0.039102,0.724913,1.649227,-0.355966,0.322102,-0.754486,1.166833,-0.471415,-0.276931,-0.555814,0.381891,1.487454,1.081855,0.258279,0.490819,0.262084,0.694859,-0.721839,2.026300
2379,0,1.762137,-0.164809,0.283215,-0.426253,-1.390086,0.630554,-1.526665,-0.605601,-0.103513,3.395236,0.589446,-0.756443,-1.139266,-0.709960,0.833542,-0.318124,0.562299,-0.573035,-1.591474,-1.006964,-1.449597,0.109186,-1.789327,0.174634,-1.344848,0.388450,0.652146,0.769834,0.272487,0.354690,-0.400651,0.613353
2380,1,1.628673,2.267027,-0.291048,-1.625431,-2.501280,0.716588,-1.052263,-0.605291,-1.341997,-2.186296,1.917352,-0.568968,-0.153872,1.442085,-0.128096,-0.568084,-0.871306,-1.202248,0.384047,-0.088655,-0.043702,-0.149020,1.312616,0.884686,0.333028,1.349709,0.087604,-0.648348,-1.386282,-0.998748,-1.510932,1.000378
2381,1,0.316637,1.588866,-0.558924,1.362947,1.183609,-0.729162,-0.086005,1.422269,-0.711959,-1.082142,0.119608,-0.170007,-0.613118,0.504404,-0.433027,-2.087836,0.882016,0.305826,0.765822,-0.572940,0.183033,1.390037,1.455119,-0.439828,0.559382,0.319814,0.219077,0.804538,0.631697,0.715386,0.638636,0.952629
2382,0,-0.094347,0.350215,0.582125,1.740524,0.068580,0.896645,-1.605923,-0.566483,2.051568,0.384609,0.763614,-0.966089,0.495764,1.007508,-0.726460,0.163048,0.180855,-0.692326,-0.499923,0.607402,0.418988,0.895366,-0.547195,0.222513,-0.146319,1.291885,-0.320584,-1.294354,-0.736433,-0.267486,0.097871,1.023791
2383,0,0.213161,0.000074,0.893415,-0.874391,-1.298710,0.525126,0.540003,1.070574,0.376741,-0.399497,-0.250079,0.026619,-1.542720,-0.241084,-1.066554,0.152936,-0.777267,-0.254196,0.038999,-1.771937,0.668192,0.673356,-1.488781,0.586013,0.278492,0.391013,0.688271,0.352002,0.419583,-0.824397,0.764048,1.942035
2384,2,0.378565,0.360077,0.941100,0.425929,1.405267,1.472559,-1.722005,-0.888825,-1.165616,3.081298,-1.119758,0.603894,-0.743642,-0.457765,1.215229,-1.206419,-0.050662,-0.688260,1.071554,0.010449,0.541040,-0.248541,0.285279,0.176812,-0.068031,-0.596605,0.311992,-1.045008,-1.298328,1.568598,-0.422467,0.071968
2385,1,0.286082,3.226160,-2.793350,1.550594,0.452991,-0.554552,0.775788,0.355293,1.135108,0.913181,-1.084428,-0.974156,1.792168,1.438614,0.880565,0.165259,-0.081403,0.869506,-0.015122,-0.121082,-1.048844,0.290527,0.382377,0.287220,0.250190,0.058616,-0.741713,1.140923,-1.099282,1.977283,-0.360882,1.870415
2386,2,1.712262,-1.002137,0.968488,-1.179603,0.450540,-0.287950,0.077745,0.709562,1.254051,-1.070508,-0.331406,0.261841,0.976727,0.058705,0.211674,-1.172654,-0.070560,0.735034,-1.960744,-1.861431,-1.546356,-0.688309,-0.257152,0.081032,-0.497704,0.513545,0.229081,-1.516551,0.603311,0.256579,-0.169707,-0.242772
2387,0,1.613127,-0.318910,1.939521,1.402029,-2.313234,0.767823,-0.995955,-0.983431,-0.082684,0.537838,-2.755803,-1.137558,2.343854,0.571617,0.002689,-0.778400,0.502977,0.313581,-0.232337,1.736513,0.049701,-0.087519,-0.670429,1.265346,0.788063,-0.289147,-2.160578,0.384584,0.247337,-1.491333,-0.338725,1.900540
2388,2,-0.959766,-0.070469,-0.498436,-1.168700,-0.659845,0.847237,0.535262,-1.198906,1.142904,-0.185797,1.665465,-0.596767,0.313164,-1.900286,-1.224230,-0.018136,1.238665,-1.121847,0.826719,-0.117451,0.551409,1.163103,0.758285,-0.342931,0.473631,-0.321479,1.478979,1.466395,0.438065,1.790935,-0.307223,-1.105854
2389,0,0.280802,0.635753,0.300342,0.599734,-1.462494,-0.343643,-1.184186,0.345373,-0.356554,-0.695166,-0.532655,-1.086224,-0.165070,0.611945,0.297692,0.343694,-0.557195,-0.141663,-0.550291,0.865527,-0.111255,-1.463975,1.212810,0.659470,1.514707,-0.147114,0.612367,-0.910232,0.737113,-0.353681,-0.086422,-0.638237
2390,0,0.992261,-0.666126,0.068391,-0.308606,0.499480,-0.775269,0.011013,0.768580,-2.039179,0.493280,0.751207,0.146193,0.386710,-0.686100,-0.728654,-0.659002,2.183921,1.912007,-0.386431,0.487477,-0.146634,0.780453,-0.058136,-0.016019,-0.325313,1.809367,-0.016551,0.202754,0.976122,0.563144,0.272997,0.137415
2391,2,0.506114,2.186488,-0.268223,-2.469004,-1.043006,-1.000445,0.700899,1.637157,-1.890373,-0.628279,1.407913,-1.190197,0.075352,1.728721,1.185850,0.508494,-0.839828,0.196208,1.364438,0.234425,-1.213818,0.156374,-0.452989,-0.757579,-1.330700,2.250706,-0.201494,0.293688,-0.342742,-0.555437,-0.959889,0.304816
2392,2,-0.722509,-0.120748,-0.001038,0.337501,2.036463,-0.173384,-0.945399,0.401579,0.413640,-1.123807,0.055866,1.022407,-1.298922,-1.802872,0.356436,1.463149,-0.609588,-1.012706,0.035379,-0.183648,0.231776,-0.643447,-1.458599,-0.242472,-1.731887,1.446873,-0.641327,-0.034091,0.620167,0.630501,-1.354259,0.170804
2393,0,0.408005,0.557657,-0.290615,0.683424,-0.647185,-0.111797,-0.058529,0.050050,0.429422,0.409298,-0.869734,0.723385,0.833615,-0.971664,0.273284,-0.323450,-0.735570,0.902222,-1.258954,-0.779377,-0.889598,-0.104776,0.019788,-1.480094,-0.459899,-0.160397,-0.210352,0.204119,1.041804,-0.172320,-0.503593,-0.750799
2394,1,-0.502595,1.703246,0.588151,-1.272218,-0.152240,0.925643,-0.389359,-1.437590,-1.640408,-0.718230,0.113187,-1.606757,-0.374591,-0.648850,-1.135982,-0.895320,-0.405574,-2.294392,1.163063,1.945384,-0.648082,0.074280,-0.556442,0.230886,-1.247617,0.675420,0.037383,0.350769,-0.908394,0.461400,0.368102,0.382951
2395,0,-0.231736,-0.452253,-0.607048,-0.781679,1.144681,-0.012442,0.545074,-1.007551,-0.159614,1.303226,-1.852095,0.592062,-0.050907,0.574421,-0.384661,-0.128629,-0.929842,-1.271513,1.267939,1.764853,-0.303793,-0.253212,1.239269,-1.411243,-0.352603,-0.126993,-1.213149,-0.030675,2.040200,1.147260,-0.925215,-0.790281
2396,0,-0.158608,0.154567,-0.621052,-0.739723,-0.981992,-1.340874,0.273351,0.554146,-0.712890,1.538845,-0.551429,-0.757168,0.197012,-1.393623,1.103211,0.963109,-0.264905,0.724937,-0.019939,-0.513480,-2.415185,-0.092252,-0.389662,-0.670176,-0.206892,0.985728,0.956447,0.135845,0.538343,-2.457601,-0.782257,0.374013
2397,2,-1.295655,-1.114588,0.630521,-0.358003,-0.302633,1.497581,0.205399,-0.342480,-0.221452,-0.369399,0.644608,0.204310,-0.432326,3.927455,-0.288224,1.610120,1.224231,-0.044498,0.799446,1.149480,-1.910614,0.264924,-1.901459,1.689852,-0.999003,-0.934560,0.834720,-0.420842,2.059744,-1.095764,-1.575200,0.707610
2398,3,0.338491,1.531047,1.162214,0.414049,0.261038,-1.215395,0.349614,-0.374150,0.291485,-0.042589,0.860851,-0.898793,-0.029605,0.690697,1.486191,-1.169499,-0.136253,-1.045506,0.125983,0.412379,-0.048616,-0.855688,-0.812377,-1.303701,-0.116792,0.286979,0.180250,1.967288,0.541181,-1.653403,-0.714773,-1.030526
2399,2,0.417452,1.585243,-0.460568,-0.790598,-0.033374,-0.302700,0.680890,-0.342532,-0.968902,1.133029,0.378676,2.222568,0.660961,0.208995,0.370333,-1.036602,0.517813,0.646271,0.783029,0.152193,0.446512,-0.302161,0.831401,0.126706,0.965657,0.149677,0.482396,0.928640,0.978967,-1.059536,0.999564,0.723532
2400,3,-0.207349,-1.761546,-0.667822,0.099479,-0.421117,-1.041099,0.689329,-1.248312,-1.198934,-0.100313,-1.004004,-2.163379,-0.914568,-0.856916,-0.604604,-1.929585,0.430855,0.457011,0.641519,-1.394907,-0.700680,1.182718,-0.637235,-0.021910,2.851858,-0.862608,-0.078180,-1.250799,1.012784,2.283652,0.131730,-1.754092
2401,3,-1.326784,0.644835,-0.059724,2.558536,2.062625,0.646239,-0.144175,0.353387,-0.125572,1.760521,-0.219795,-0.945257,-0.143602,-1.792753,-0.130164,-0.257833,-1.359992,2.368941,-1.615304,-0.784110,-0.387427,0.173087,-0.835705,-0.394079,0.362937,0.825511,-0.527943,1.864161,0.817040,-1.550308,0.666056,-0.760640
2402,1,-0.460064,2.152448,-1.460815,-1.106273,-1.938186,0.709782,0.388534,-2.720774,0.771046,-0.588751,0.135206,0.427167,1.124718,1.197406,-0.584718,-0.405793,-0.229667,-0.936879,1.222921,0.531843,0.460188,1.506013,0.269648,-0.982760,0.706161,0.722449,3.289640,0.190923,0.634949,0.668283,1.161219,-0.125057
2403,2,1.585562,-0.965674,0.735360,-0.633042,0.573974,0.746233,0.747460,0.802170,-0.097895,0.344517,1.738384,0.608502,0.646378,-0.580255,-0.310842,0.015234,0.675771,-0.558346,-0.016523,-0.748776,0.148424,-1.133916,-0.021904,0.881506,1.218017,0.237742,0.721349,0.595551,0.290782,-1.281974,0.896835,-0.463042
2404,2,1.059199,-0.027740,-1.216027,-1.614289,-1.215789,0.248620,0.387563,-1.694089,-1.861395,1.546504,-0.210330,0.367641,1.368442,0.803420,-0.564884,-2.070544,0.133414,0.135144,0.199105,-1.332776,-0.573073,1.419039,-1.574826,0.920201,-0.077866,-1.057190,-0.264921,-1.527534,-0.315162,-1.031105,0.496641,-0.299344
2405,2,0.628731,1.166049,-0.036184,-1.094591,-0.546528,1.309558,-0.776413,-0.018423,-1.735816,0.825633,-0.435645,-0.898862,-1.555822,1.232379,-2.520694,0.558153,0.925841,0.371521,-0.770655,-0.166500,1.630587,-3.053706,-0.179309,1.821426,1.524382,0.023748,0.286636,0.716371,0.144644,-1.287033,-0.951737,0.513738
2406,2,0.306749,-1.646289,-0.148718,-0.245760,-0.733485,0.016705,-0.650919,1.753241,0.470314,0.591307,0.170971,-0.388190,0.613286,1.052394,0.123205,-0.025995,-0.178257,-0.938768,0.230670,-0.866828,-0.791272,0.162822,-1.188394,0.434019,0.904563,0.599411,1.742334,1.128136,-2.162315,-1.008022,1.344673,1.344763
2407,3,-0.158144,-0.501444,1.154482,0.673277,-0.932167,0.214054,-1.385875,-1.507871,0.821181,0.267265,0.047011,-0.334224,1.072134,-0.865884,2.421945,0.953875,-0.890162,0.791978,0.105617,0.856897,-1.553856,0.558075,0.048760,-0.169453,-0.541565,0.303720,2.061944,-0.484096,0.286525,-0.291878,-0.683250,1.142852
2408,3,-0.006296,-0.886603,0.127629,1.123350,-0.583160,1.931424,-1.325452,0.226924,-0.916597,2.939026,0.338645,0.694999,-0.218976,0.362928,1.547130,1.238137,-1.452688,-0.563809,-0.264094,-1.584899,1.649741,0.453053,-0.543859,-0.066990,0.972427,0.075990,0.701130,-1.800263,-0.187092,-0.060917,2.231353,0.701434
2409,3,1.999579,0.750583,-0.286682,1.638278,1.954632,1.435406,2.212149,1.888304,0.280463,-0.104789,1.951028,-0.367250,-1.121285,-0.139324,-0.579143,1.193320,-1.179464,-0.799149,0.905350,-0.418486,-1.152568,0.574333,1.674844,0.591595,0.416249,1.016567,-0.662675,-1.557608,-0.131076,-0.083784,-1.281247,0.628460
2410,0,0.872673,-0.244674,-0.025913,1.735444,0.155118,-0.019903,-0.316225,-0.210551,0.797310,1.449495,1.412929,-0.451844,0.505880,-0.581210,1.143177,-0.574979,0.782435,0.650306,-1.234182,-1.045674,2.471577,-2.677087,-0.120972,-1.004056,1.413298,0.184527,0.062972,0.124596,-0.186314,0.040126,0.544651,-0.187956
2411,3,-0.578228,-0.065111,-0.137416,-0.428419,-0.873203,0.499117,0.599404,-2.895016,-1.232484,0.562968,0.702930,-0.626645,0.129279,1.474996,0.190627,-1.589670,-0.532106,0.373162,0.345084,-0.125717,1.060833,-0.375437,1.494795,-0.172275,-0.215623,-0.693652,-0.271135,-1.031528,-0.877096,0.762443,-0.694526,0.683226
2412,2,-1.134421,0.425914,3.075019,-0.525788,0.217502,-0.516415,1.274744,-0.112880,0.871596,1.264073,-1.282226,-2.801567,0.076705,-0.496356,-0.433103,0.262682,-1.049857,-1.162451,-1.611736,0.136524,-0.233320,0.626941,0.114507,-0.360384,0.728687,1.697291,1.120554,-0.359023,-1.469561,0.174845,-0.281851,0.034365
2413,3,1.923874,0.712811,-0.056520,0.403428,1.815134,-0.711275,0.629238,1.316981,-1.955168,-0.020545,-0.560921,-0.555076,1.186643,2.339694,1.442146,-0.441270,0.700368,-1.064700,-0.469477,0.921077,0.394138,-0.262265,-0.894349,0.581836,0.419005,-0.286681,-0.746772,-0.165153,1.905305,-0.927827,-0.302136,1.006393
2414,2,-1.198219,-0.103396,1.435230,-0.977287,1.219557,-0.170108,-0.880634,-0.423997,0.923419,-1.017072,-1.465879,-2.245641,1.169501,-0.723634,0.192099,0.521072,0.375271,-0.227770,-1.243617,-0.709254,-0.382360,0.962889,0.267437,-0.318683,0.978186,-1.498420,-1.802116,0.362374,0.353334,-0.432820,0.586559,-2.282312
2415,1,1.972154,0.936111,-0.130776,1.367202,-0.630304,-1.718975,0.381272,-0.348859,-0.761086,-0.742945,1.427113,0.127701,-0.553938,-0.605508,-0.541075,-2.218375,-0.331926,-0.790134,-0.126039,-2.425361,-0.266408,-1.003875,-0.626256,-0.782422,0.590730,0.604506,0.212559,-0.006604,-1.974762,1.356174,-0.171964,0.498230
2416,1,2.059236,1.576728,0.657571,-0.317870,0.440310,0.174185,-1.495420,-0.988407,0.247176,0.029856,-0.317973,2.006362,1.046819,0.252517,2.501434,-0.542297,0.653105,1.143064,0.046420,0.586389,-1.010941,-0.047091,-0.842660,2.624274,1.158201,-1.272311,0.462993,-0.225854,0.354825,-0.383549,0.788362,0.397547
2417,1,-0.839538,-0.841481,-0.338524,-1.126793,-0.881308,-0.557281,-0.298342,-0.088866,0.371246,0.448291,2.102660,-1.434642,1.179480,1.171871,0.155488,0.134931,0.132498,-0.209827,-0.299578,-1.448022,-1.891402,2.496117,-0.203771,1.249798,-0.694136,-0.068565,-0.269217,-0.479617,1.057492,-0.057378,0.668503,0.756333
2418,1,0.311302,-0.360784,1.562268,0.641416,-0.535354,-1.445357,-1.428230,0.241701,0.562100,-0.833009,-1.589029,0.615570,-1.249299,-0.471560,-0.491002,-2.173474,0.221184,1.205332,-1.480436,0.300084,0.348304,-0.249435,0.850519,-0.420242,0.644255,-1.092978,2.119734,-1.021571,-0.173222,-1.128089,-0.016379,1.063533
2419,1,-0.967000,1.520024,0.390544,-0.822506,-0.287105,0.955058,-0.580734,-1.068709,0.455835,0.846664,0.877462,-0.377005,0.575146,-0.812088,2.010986,0.411301,1.004611,0.984662,-0.320356,2.350257,1.128886,0.424566,0.630557,0.442739,1.704078,1.844291,0.713501,0.748259,0.229710,-0.054674,-0.173701,-0.826140
2420,3,-0.815064,-0.229685,-0.084723,-1.043630,0.698825,-0.395554,-0.562052,0.770161,-0.560632,0.010525,-0.679130,0.661371,-0.006732,-0.017051,-0.184198,0.572861,-1.021702,0.154436,1.089326,-0.088157,-0.076210,0.708073,-1.323295,0.674817,1.519971,1.078621,0.393158,1.015888,0.334991,-0.561578,0.345009,0.666823
2421,1,0.168906,0.441438,-0.367460,-0.025237,0.439001,-0.755368,-0.365632,0.196967,-1.867419,-0.189692,-1.242726,-1.118686,1.813261,-0.037332,-1.316278,-0.393274,-0.403683,0.267837,0.909998,0.595432,-0.481473,-1.766708,0.522680,-0.701560,-0.382081,0.544035,-1.023359,-0.498679,0.570018,0.156146,0.848763,1.181381
2422,1,-0.273756,1.494382,-0.250226,0.789592,-2.887247,0.364456,-0.247046,1.237819,-0.838891,-0.637598,-0.159617,0.211173,-0.738849,1.230834,1.084809,0.618598,-1.049558,0.000906,0.297750,0.164447,0.074373,-0.533548,0.578131,0.244783,0.093183,0.671031,0.875657,-2.306654,-0.358306,-0.344748,0.822040,-0.916415
2423,1,-1.116279,-0.827580,0.674252,0.233877,0.065489,1.338352,0.654156,-0.556537,1.298262,-0.149964,-0.359536,0.960547,-0.188341,0.493685,-0.012966,-0.947900,0.760354,-1.697441,-0.134549,-0.441344,0.758627,-1.257838,-0.666405,1.643109,0.435646,-1.238559,0.855751,1.061882,-0.380246,-0.525815,-1.416585,-0.530631
2424,2,-0.664791,-0.115359,-0.143454,1.931241,-0.722865,0.055638,0.905293,-0.305413,1.744148,0.270252,0.000468,0.916029,0.760292,-0.654126,-1.146824,-0.377796,-1.554592,-0.627378,-0.323327,1.696137,0.591558,-0.404570,-0.012306,-1.360064,-1.762224,1.849730,0.419132,-1.675451,-0.318076,0.349843,-0.071813,0.344260
2425,0,2.622786,-0.550874,0.529207,-0.679611,1.335014,-0.308750,-1.310318,-0.303662,0.063553,-1.633784,-1.755938,1.528889,-2.906340,-0.503005,-2.243587,-0.933070,-1.199649,-0.581037,-0.461150,0.455461,0.529137,-0.277455,0.093621,-0.180092,-0.505321,0.677888,-0.574817,0.334768,1.220088,1.004684,1.957724,-1.424038
2426,3,-0.084590,-0.863852,0.874127,0.596820,0.760558,-1.711768,-0.878252,0.605387,-0.417615,0.910474,-1.144531,-0.618826,1.624806,-1.075640,1.211085,1.195302,1.184563,-0.140488,-2.090236,0.741306,1.479366,-0.426711,1.481668,-1.541702,-0.583480,-0.130544,2.019294,-1.127428,-0.613354,-1.117984,0.476306,-0.380251
2427,2,0.616119,-0.173342,-0.278748,-0.781296,-1.061212,1.339984,0.608865,-0.385084,-0.633573,0.534101,1.049863,-0.711655,0.427317,-0.885289,0.471010,-0.036142,0.690845,-0.989358,-0.401835,-1.229950,0.210965,-0.045740,0.222337,-0.018074,-0.755246,-0.545358,0.541269,0.833052,-1.420369,-1.423299,1.006801,-1.406982
2428,2,-1.268528,-0.090227,1.720213,-0.164537,1.401758,0.133290,1.137546,0.528404,1.144008,-0.956775,-0.078149,-0.193616,0.895581,-0.896076,-1.890736,0.377120,0.769686,0.377909,0.905656,-1.654241,0.573411,-0.684906,-0.830919,1.350599,1.209839,0.447500,-1.002309,-0.123762,-0.352324,-0.594052,1.151463,-0.671237
2429,2,-0.310907,0.228704,2.238551,-1.433449,0.804339,0.947050,1.178682,-0.538701,0.634185,0.361903,-1.250225,0.499401,1.351506,0.281491,0.381085,0.430883,0.637410,0.568264,-0.731157,-0.559587,0.310284,-0.725593,-1.480991,-1.014896,1.172609,1.854780,1.066339,1.193545,1.042192,-1.713097,0.884977,-0.118806
2430,1,-0.151740,-0.758405,0.342439,-0.439260,0.098278,1.455372,2.111732,-1.088555,-0.058223,-0.551955,-0.389221,0.318446,0.850971,-0.877623,-0.382649,1.148140,1.233397,0.183358,0.949668,-0.106902,0.387024,-2.059289,-0.709595,1.450016,-0.362614,-0.426236,0.257599,-0.385188,0.905758,1.754740,1.174720,-0.765049
2431,3,-0.015450,-0.276241,-0.283775,-0.643316,1.962945,0.389174,1.616369,1.404197,1.681958,1.496257,1.036341,0.880302,1.788666,-0.260431,-0.537602,0.069002,-0.984060,0.223353,1.121994,0.173271,-0.963422,-1.653076,-1.321851,0.734228,-0.753636,-1.118338,-0.236854,1.145505,0.381669,0.380791,-0.164388,-0.832408
2432,0,-0.103445,0.911075,-1.143940,-0.231649,0.229012,-0.301700,0.311555,1.881431,-0.354100,0.315320,-0.817799,0.898407,0.043060,-1.080534,-1.663679,-1.211310,-0.085883,0.913950,0.163461,1.450696,2.374291,1.148059,0.085132,2.237018,-0.152477,1.333474,0.652508,-0.138825,-0.174881,0.527364,0.363078,-1.466592
2433,2,1.159266,-0.615560,0.910737,2.131574,-0.462482,-0.571771,1.230978,-0.544100,0.502582,0.250744,0.012796,-0.442557,0.718430,0.939020,0.169776,2.131245,-1.864444,0.036580,0.298681,-0.054558,-1.418584,-0.207024,-0.347891,0.710728,-1.145940,-0.020925,1.326969,0.391922,0.232757,0.123524,0.809229,0.937677
2434,1,0.210931,-0.243323,1.210482,1.133010,1.546392,-0.662525,0.290758,-0.938328,-0.619843,0.330470,-0.433069,-0.929532,-0.834291,0.953079,-0.168445,0.833739,-1.356529,0.331508,-0.916070,-0.245385,0.387335,-0.023368,1.186907,0.961105,-1.896456,-0.324394,-0.624692,-0.760454,0.851872,-0.083240,-0.282161,0.249239
2435,0,0.099326,-1.516729,0.490066,-0.244710,0.588796,-2.529655,1.703482,-1.467719,-0.665295,0.565267,1.173051,-1.678414,0.484355,0.224323,-0.614311,-1.163933,-0.493039,1.145163,-0.194327,0.654631,-0.978162,-0.145978,0.705111,0.696134,0.546212,0.340862,-0.215776,-0.193151,1.844610,-1.582796,0.953281,0.505952
2436,1,-0.030374,-0.612174,0.937327,0.504608,0.162515,0.488265,-1.182312,-0.653214,0.452567,-0.941892,-0.115928,0.409181,0.067174,-2.233237,-0.315328,0.298255,-1.843442,-0.712119,0.932942,-0.450009,1.597084,-0.972536,0.857171,-0.820250,0.141237,-0.196953,-1.140780,-0.846319,1.360632,0.571341,0.691685,-0.811533
2437,1,0.875097,0.058060,0.441805,1.096263,0.490419,-0.186107,-2.409388,0.411421,0.831905,-0.601986,1.255656,0.433788,-0.424671,0.471591,0.807670,-0.918025,-0.792552,0.174217,-0.959428,1.061179,-0.501052,-0.297410,0.898467,0.860165,0.330059,-2.043267,-0.840527,-1.286830,0.447326,-0.101156,-0.618933,-0.478865
2438,1,-1.617409,-0.438555,1.411179,-0.157834,0.648529,0.575205,0.506599,0.812278,-0.306097,-0.803136,-0.912539,-1.065378,-0.194327,-0.717170,-2.119034,1.307189,1.555973,-0.468543,-0.889209,0.003570,1.492819,0.772929,1.973226,1.267722,-0.487710,-0.088545,-1.296382,0.766493,-2.369792,-0.183802,-0.445447,0.392930
2439,2,0.486536,-0.350421,0.636648,0.281370,0.518322,-0.777663,0.701606,0.381415,0.189159,-0.748205,-0.090181,-2.705651,0.628079,0.717229,-0.752680,-1.539234,0.382163,1.189177,-1.495724,-1.266494,0.030885,-0.434470,0.644538,0.404904,-0.298631,-0.651378,0.919287,1.171535,-1.868797,-1.319522,-0.819870,-0.066246
2440,1,1.446469,0.069146,1.048365,-0.107587,0.604648,-0.236437,-2.424969,-0.326994,-0.356869,1.519013,-1.595094,1.049720,0.922765,-0.700983,0.247170,-0.487049,-0.058813,-2.399253,0.883992,0.905224,2.108072,-0.974371,-0.606518,-2.171151,-0.005841,1.034488,-0.090966,-0.666786,-0.725920,1.267344,1.104458,0.169658
2441,0,-0.294696,0.052587,-0.525812,0.849396,0.963727,0.780267,-0.695770,-1.212756,-2.008853,1.234365,0.842861,-0.441094,-0.130472,0.526229,0.592546,-0.574915,-1.508078,1.792447,1.351886,0.608820,-1.534415,-1.417027,1.397786,0.562184,1.197508,1.610912,-0.501768,-0.156782,1.665100,-0.321587,-0.558379,-0.228755
2442,1,-0.483330,0.674124,-0.367354,-0.028112,0.044681,0.113836,0.437081,0.570710,-0.697492,0.839052,-1.818119,-0.762323,-0.841172,0.326730,0.407011,-0.467087,0.352170,-0.382220,-1.817926,0.039342,-1.632233,-1.188756,0.336802,-0.631519,0.258612,-0.321703,1.578238,-1.727939,-1.267078,1.097361,-1.360057,1.055251
2443,3,0.949531,-1.106353,-1.575015,-0.600977,0.731543,-1.367277,-1.879665,0.031111,1.035199,2.155439,2.756276,0.290898,1.132318,-0.278986,-1.743483,0.260851,-0.467838,0.774439,0.832979,-1.066842,1.036652,-0.689571,1.286575,0.697458,-0.223917,-1.332242,0.140357,-0.394547,-1.738116,-0.558952,0.454108,-0.631733
2444,3,0.446776,0.081424,0.342974,0.350351,-0.391817,-0.098391,-1.482678,0.742564,-0.492323,-0.244739,0.137516,-0.399548,0.735438,-0.986652,-0.900134,-0.699192,0.032630,-0.743713,0.819018,-0.956235,-0.130910,-1.161413,-1.894732,0.122755,-1.345404,0.848280,0.154964,0.806015,0.767314,0.150168,-0.884526,1.730975
2445,0,1.598046,0.075623,-1.247283,0.436034,0.187129,-2.250775,1.146603,0.404831,1.171596,1.230783,-1.279677,0.598147,0.605732,-0.024945,0.087210,-0.106511,0.437056,0.281803,0.367704,-0.073983,-1.713724,0.603978,1.073151,0.198739,1.363501,-0.029143,-1.238527,2.049390,-0.506339,-0.729058,-0.253455,1.231827
2446,3,1.626302,0.555224,-0.779838,0.765768,-1.074912,0.533770,-1.034584,-0.308758,-0.076978,1.262179,-1.437568,0.444675,-0.384917,-0.384459,-0.424485,0.301108,1.025592,0.214474,-1.827194,1.145857,0.473990,-0.984726,1.634083,0.639416,0.155328,-1.660521,-0.907396,-0.101037,1.106897,-1.427465,-0.463172,0.061901
2447,1,0.506594,-0.854652,0.428825,-0.295438,-1.508645,0.441431,0.436279,0.156049,-0.052769,-0.694847,-0.991783,-1.163693,1.806414,0.138112,0.657935,-1.218380,-1.007629,0.313044,-0.563837,-0.161661,-0.768118,-0.011084,1.107688,-0.198899,0.216536,1.557779,-0.206574,-1.546238,-1.033162,0.080365,-1.138678,-0.583068
2448,1,0.054004,-0.543267,0.756779,-0.197723,-1.482426,0.255965,0.316040,2.089560,0.139659,0.228755,-2.510643,-0.616172,0.777292,1.807901,-0.077867,0.536174,1.040521,-1.475884,-0.154932,0.822192,-0.361014,0.754462,0.505079,0.712991,0.358377,0.448377,-1.082967,0.281651,0.179433,-1.516448,-0.021846,-0.338539
2449,3,1.051429,-1.186281,0.638605,0.836456,1.212543,1.246934,-1.119036,-2.286650,0.428845,0.353521,0.277116,-0.309856,0.277061,-0.242550,0.460958,0.031406,0.241223,-0.931509,-0.778383,0.699539,-0.788112,0.249130,-0.070769,0.361330,0.845251,1.149954,-1.236277,0.361809,-1.204056,0.645441,-1.159430,1.692675
2450,2,0.148193,0.574188,1.870689,-1.484560,1.888975,1.213418,-0.670876,-0.096519,0.864456,1.129041,-1.140763,0.360372,0.586560,-0.711788,-0.403504,-0.172231,-1.147719,-1.588397,-0.080608,-1.259832,-1.207247,1.947724,-1.113132,-0.631750,-1.258376,-1.292722,-0.729788,-0.983085,-1.701891,0.808636,0.275826,-0.610218
2451,2,-0.882868,0.050176,0.840492,-0.921487,-1.227840,0.607687,-1.626199,-0.866472,-0.782941,0.131531,-0.451050,0.300912,1.167843,1.362230,-2.024713,-1.350765,-0.107415,-1.303911,-0.101604,-1.486489,-0.114386,1.321086,-0.621643,0.101432,0.970657,0.847092,-0.790629,1.566922,0.582800,0.928809,0.606040,-0.840353
2452,0,0.878335,0.109565,1.093048,0.478009,-0.359909,-0.476770,-0.658221,0.132777,0.845887,0.453047,-0.910964,-0.937148,-0.203618,-0.102007,-0.438176,0.512911,0.406778,-0.688489,-0.557843,0.889947,-0.360777,0.828776,-1.090101,0.187130,0.253925,-1.308928,-0.455266,0.808783,-0.213514,-0.314548,1.745380,1.566295
2453,3,-0.873581,0.595086,-0.204002,0.545291,0.813594,-0.310167,0.024863,0.718872,0.144818,1.720371,-0.811791,2.547912,0.047443,0.889548,-0.954195,-0.303367,-1.691191,1.616021,0.476860,0.127006,-1.219413,-0.512082,0.483878,0.208062,-0.229759,-0.174740,-0.333184,0.664976,-1.451808,-1.009321,0.851572,-0.932917
2454,2,0.558525,0.381344,0.654035,0.919018,-1.265737,1.124845,-0.043203,-0.683524,-0.146806,-0.072168,0.251407,0.409941,-1.618272,-0.936004,0.238629,-0.130181,-0.450508,-0.123850,-1.776662,0.041260,0.970764,-1.010239,0.601073,0.801562,1.538310,0.924262,0.084996,-0.441121,0.024297,-1.685628,1.081863,-0.684020
2455,1,-0.045809,-0.136596,-0.273795,-0.262581,0.137748,0.198056,1.082327,0.860331,1.768128,-0.514820,-0.342509,0.520898,-0.071812,0.786171,0.227648,0.430213,-0.103531,0.569417,-0.058439,0.528669,0.370480,0.091931,-1.554932,-0.276122,-0.951159,1.196991,0.514790,-0.388549,-0.736643,1.058709,-1.232600,0.217723
2456,3,-1.462538,-1.057826,-1.268713,1.400969,0.759278,-0.308482,0.462952,-1.497342,0.496918,1.186049,0.664946,-0.408383,0.219539,-2.094563,-0.070607,-1.067903,-0.211930,-2.168772,0.334579,-1.003931,1.577728,0.242183,1.660033,1.118507,-0.154800,1.240286,0.981665,-1.750475,-0.248961,1.295962,0.897159,-0.326522
2457,2,0.470831,-0.795653,0.296070,-2.115377,1.157145,0.101626,0.809167,1.719542,-0.253873,-0.411171,-0.592408,0.607208,-0.178051,-0.515227,-1.114107,-1.242812,0.854588,0.530372,-1.117071,0.202760,-1.096256,-0.602919,-1.325075,-0.002743,-0.229235,-0.803146,0.926564,-1.340005,1.057998,-0.177621,-1.140097,0.536940
2458,3,0.231831,0.855083,-0.369191,1.542081,-0.050588,-1.105988,0.400496,-1.263718,-1.455806,-1.852670,-0.250274,0.109659,-0.796165,-0.659940,-1.073456,0.563991,-1.017945,0.610345,-2.358001,0.107374,-1.656523,1.231467,0.845758,-2.526010,-1.374530,-2.129715,0.032693,-0.019596,-0.287195,-1.060993,1.858292,-1.627334
2459,1,-0.262493,1.125082,2.424329,0.646407,-0.929573,-0.023209,-1.818326,0.559365,-0.665316,-1.493420,-1.400286,-2.152394,-0.031941,0.593566,-0.053392,-0.853675,-0.542421,1.789528,-0.699415,-0.402395,0.358416,-0.380353,0.955159,-1.479821,0.511456,-0.284933,-1.560084,-0.155056,-1.063599,1.029373,-0.584936,0.509727
2460,0,1.027236,-1.623284,-0.829840,1.079278,-0.059355,0.465660,-0.145908,1.170052,0.098389,0.520128,1.013399,-0.371455,0.162189,1.073780,0.286850,-1.829409,-2.430067,-0.838494,2.140280,-0.871906,-0.540679,-0.257577,-1.141015,-0.190770,-1.527343,2.259714,1.871585,0.851063,0.259100,-0.470993,1.202568,-0.519757
2461,1,1.248303,0.335116,0.710293,-0.793190,0.444434,-0.735673,0.124222,0.301488,1.447872,-0.164756,-0.753016,-0.849713,-0.389409,-0.627180,-0.392761,-0.236957,-1.187717,0.255243,1.473049,0.395022,0.134959,-1.492800,0.430562,-1.972482,0.707315,0.350760,-0.294326,-0.226270,-0.240876,-0.011839,0.411924,-0.614299
2462,1,1.048560,0.121197,0.090473,0.250516,0.486346,-0.114048,1.119713,-0.507206,0.159640,0.045787,-0.711217,1.187469,-0.695146,-0.382585,0.499003,0.784752,1.236861,0.508765,-0.111896,-0.695770,0.195416,-0.059864,0.896397,-1.279122,-0.218955,-1.831684,-1.065514,2.147034,-0.866996,0.797721,0.303926,-0.168247
2463,2,-0.626375,-1.378411,0.071915,1.143587,-1.235388,-0.363159,-0.110378,-0.334908,1.323033,-1.111036,-0.464651,0.653671,-0.379580,1.043328,-0.606713,1.059067,0.303748,-0.411166,-0.426995,2.118315,1.193980,0.719132,1.627227,-0.575168,-0.284206,0.637863,-0.310875,0.187613,-1.468229,-0.740212,-1.215708,0.185078
2464,1,1.179901,0.909656,0.759086,0.942368,0.081095,1.159278,1.098880,-0.316685,1.090291,-0.124112,0.451594,0.587629,0.740504,0.338280,-0.082678,-0.016224,1.238487,-2.669514,1.998690,0.655652,0.611170,1.838419,-0.665316,1.623088,-0.473979,-1.092853,2.168781,1.507245,-0.111073,0.713718,-1.200010,-0.628920
2465,3,1.088454,-0.082056,0.957788,2.259697,-0.952723,0.178045,-0.855078,1.024774,0.165709,-1.208393,0.505140,-0.986601,-1.379384,-0.207879,-0.279476,1.098029,0.043637,0.429724,1.567431,-0.050490,-0.879572,0.086744,0.176485,-0.512767,-1.708813,0.644842,-0.545252,0.423998,0.085132,0.466795,2.077941,1.115776
2466,3,-0.275341,0.917588,-1.473541,0.200490,1.996244,0.580305,0.085514,-1.672992,0.074212,0.273375,1.694044,-0.548038,-0.504456,-0.572687,0.212922,0.454382,-0.442632,-0.995570,0.196948,0.929723,0.661367,-0.123169,0.311330,-0.558337,-0.431521,-0.201739,0.207980,0.048352,-1.475496,0.733052,2.167834,0.630145
2467,0,0.400667,-0.806629,0.772260,-0.721870,0.957789,-0.541440,-0.033122,0.610205,0.662952,0.260715,0.296014,1.732896,-0.802014,-0.537440,0.299618,-0.530717,0.877961,1.520624,-0.742975,0.287373,0.806131,0.002146,1.408981,0.761589,-1.076867,-0.703721,1.091124,-0.112960,-0.602731,-1.442539,-0.389352,-0.255688
2468,3,-0.165524,1.281948,-1.088105,-0.636114,-0.718893,-0.629130,1.204580,0.731995,-1.959065,-0.719199,0.491709,-0.506828,0.522740,-0.122683,-1.073536,-1.221425,0.001987,-1.036102,0.232224,-1.669226,1.138328,-0.613201,-0.364239,1.376541,-0.405631,0.092829,-2.127768,-2.746618,-0.364085,-0.159748,-1.557239,-0.401936
2469,3,0.997034,0.770427,-0.420124,1.778732,-1.932011,0.420447,0.701280,0.662095,0.883400,-0.411202,0.832522,0.044109,0.280763,-0.653446,-0.231784,-1.260588,0.684141,-1.731647,1.356744,-0.377053,1.544898,-0.907677,-0.690874,0.570470,-0.547672,-0.383990,0.946338,-0.907965,1.339611,1.192991,-2.035474,-0.173443
2470,2,1.003004,1.458418,0.931557,-1.031841,-1.183311,0.897946,0.005910,1.947156,-1.370642,0.439673,-0.052295,1.194378,-0.983694,0.176674,-2.130034,0.435075,0.240793,-0.063186,-0.074784,-0.587278,0.851839,-0.162046,0.048208,0.833037,-0.489126,-2.641992,0.252892,0.203076,0.880811,1.106187,2.156938,0.416303
2471,0,1.259755,1.673286,-0.895506,-0.538178,0.689566,-0.964381,0.045001,0.311334,0.445060,1.357414,-0.321193,-0.238263,-0.682505,-0.614714,1.572343,0.071133,-0.757334,0.114231,0.003825,-0.992862,0.813848,-0.913936,0.719262,-0.249040,-0.596741,0.180701,1.389472,-1.058670,-0.338534,0.756983,-0.133005,-0.186462
2472,0,0.530246,1.049274,-0.281758,1.892355,-0.547793,0.568664,-0.017558,1.408635,0.176879,0.157740,-0.406434,-0.088399,0.041980,0.381815,0.027404,1.033646,-0.287184,-0.437485,1.545272,-0.505955,-0.826547,1.167721,-0.348979,-0.274982,-0.924533,-1.182433,-1.700288,-1.207321,0.889358,0.672112,0.397836,0.816176
2473,3,-2.047696,-2.008463,1.389279,1.208591,0.433901,1.212338,0.375141,-0.728527,-0.297552,1.401301,-0.332695,0.186687,-0.625908,1.065048,-0.000103,-0.021528,-1.136613,-1.775508,-0.335353,-0.635823,0.996277,0.767617,0.450738,-0.398625,0.290567,0.271961,1.563343,0.925951,0.101165,-0.369739,0.688383,-0.205371
2474,0,2.576743,1.826737,-0.031372,0.668152,-1.239333,0.250761,1.085025,1.147232,1.419282,-0.187884,-0.232764,-0.923192,-0.167827,-2.397687,1.515872,1.331510,-0.672303,-0.162637,-1.952211,-0.420440,-1.232126,0.975027,0.287730,-0.093753,-0.293735,-0.124951,-0.994744,2.635698,0.324550,-0.361805,-0.800723,0.360564
2475,0,-0.633615,0.186545,0.208129,-0.368621,-0.668997,-1.013770,0.430884,1.433537,-1.876380,-1.281328,2.926526,-0.145793,-1.603011,-1.201495,0.548686,1.993270,0.125116,-0.271990,1.922537,-1.454477,-1.641942,0.486920,0.704227,0.126679,-0.623590,-0.646188,-0.164907,0.703095,-0.509682,0.185050,1.123144,-0.082367
2476,0,0.389774,0.676369,-1.029811,-1.580378,-0.716824,1.551822,-0.303717,-0.021851,0.261534,-0.582381,0.278224,-0.199495,0.823226,-0.660400,0.035664,1.278093,0.328236,0.577641,0.491741,1.086348,-1.329943,-0.402852,0.605735,-0.183073,-0.780191,-0.015277,0.491552,0.200319,0.986164,1.682745,-0.997954,-1.592015
2477,0,0.047126,0.343045,2.086606,1.533240,-0.388228,-0.737767,0.068035,-0.895771,2.600130,-0.804150,-0.560574,-0.609196,-0.666289,-0.057855,-0.424971,-0.974520,-0.844080,0.253680,0.918813,1.335215,0.138822,-0.488712,2.156755,-0.097847,0.603576,-0.052582,-0.698475,2.290470,0.442463,-0.329183,-1.271675,0.221325
2478,1,0.914654,0.984325,-0.869591,-0.045527,-1.420548,0.877143,-0.783332,0.629933,-0.612778,-1.101870,-0.391748,-2.498916,-0.019197,1.067205,1.038077,-0.234833,0.735984,-1.694103,-0.389746,0.260166,0.537550,0.430398,-0.750158,1.547022,0.765087,-2.590075,0.072073,-0.780348,0.820327,0.120466,-1.069448,-0.684069
2479,3,0.220507,0.137251,-0.238620,1.188485,-0.121092,-0.849305,1.631220,1.930871,-0.159596,-0.220034,-2.062075,-1.004088,1.956797,1.657110,-0.386607,0.035672,-0.472075,0.277961,0.704218,-0.662472,1.661475,-1.384033,-1.267591,-0.230588,0.611354,0.527131,-0.053005,-0.218404,0.729005,-0.560963,1.232356,-0.175010
2480,2,0.897859,0.828041,0.977384,-0.505549,-0.481048,1.944903,1.262691,-1.283189,1.078664,-0.456932,-0.265409,-0.588470,-1.719861,-2.363816,0.780612,-0.680684,-0.951949,1.418240,-0.426326,-0.919703,0.866354,0.366305,-0.999948,1.943680,0.399966,0.134589,-0.198702,-0.739186,0.523398,1.630213,0.127148,0.589565
2481,1,-0.364566,0.433230,-0.030853,0.409802,0.796716,-1.162665,1.203676,-0.301759,1.252780,-1.916231,0.116990,0.742829,0.055368,-0.161741,0.428556,-1.378712,-0.155879,-0.826313,-1.305555,0.104386,0.174185,0.733645,0.753450,-1.094144,-0.452032,0.083455,-1.986039,-0.920829,-0.627317,0.008108,-0.368735,0.168360
2482,0,0.364508,0.222051,1.409806,-2.231306,1.427432,-0.506435,0.272303,1.022598,0.871900,0.325944,0.427373,0.284708,0.212313,-0.345931,0.585841,0.554006,-1.041676,-0.660408,0.291696,1.046161,-1.555100,0.626154,-0.351012,0.197252,-1.149833,-1.390237,-0.737359,0.590554,1.292482,-2.545555,-0.775464,0.117584
2483,3,0.131952,0.787011,-0.455490,0.073047,1.131053,0.019753,-2.173435,-1.179781,-0.258167,0.147042,1.081435,1.709285,-2.126937,-0.232897,0.184454,-0.903730,-1.128552,-0.798984,-1.091662,1.609549,2.432229,-0.592824,-0.570176,0.351345,-1.100551,-1.566463,-0.037019,-0.206083,0.685527,-0.779277,-1.735107,-1.240229
2484,2,-1.075069,-0.179856,-0.203870,-0.763931,0.120927,0.711237,-1.925623,-0.638663,-1.914778,-1.210400,0.111725,0.031551,-0.493665,-1.709707,-0.888670,0.102722,0.557207,-0.575022,-0.520059,-1.045936,0.424120,-2.172996,-2.249255,-0.418736,-0.749152,0.394385,-0.657323,0.161356,-0.649303,0.912020,0.304364,1.244980
2485,1,0.810614,1.259896,-0.639290,0.562091,-0.094911,-0.402168,0.175414,0.294744,-1.270371,0.365661,-0.052034,1.600654,-0.074800,0.386728,-0.021387,1.928838,1.312939,-0.473630,2.492118,0.248592,0.083276,1.543742,-0.298300,1.742820,0.187792,-0.764649,-1.772949,-0.710203,0.007909,0.857834,-0.643497,1.009571
2486,3,0.293399,-0.628400,0.437921,0.272731,-1.551766,0.648644,-1.976080,-2.766501,-0.883322,-0.126634,-0.983202,-2.043699,1.342174,1.195321,1.978329,-0.603057,-0.102638,0.526710,1.139854,1.142405,0.405584,-0.498851,-0.142978,0.477262,0.058806,-1.170585,-1.395418,-0.538708,-0.825779,0.055317,0.027788,-1.000298
2487,0,-0.666276,-0.959567,-0.048383,0.450807,0.715606,-0.476180,-0.254993,-0.962574,-1.814030,0.502280,-1.064955,0.164323,-1.290006,0.513024,0.629506,-0.448130,-1.174278,-0.764289,0.926243,-1.647687,-0.167870,-0.498736,0.297490,-0.798028,1.291699,0.934093,-0.294748,0.889119,0.883956,1.898992,1.784589,-0.733236
2488,1,1.100776,1.160866,1.466428,-1.379073,0.891895,1.957700,0.091352,-1.503534,0.362951,0.810240,2.180575,-1.549626,-0.782583,0.811636,-1.649870,1.237576,1.745639,-1.553600,-1.143463,0.084281,0.557279,-0.657204,1.900740,-0.939449,-1.248422,-0.325557,0.127902,0.801365,0.870048,-1.050018,1.447827,-0.417712
2489,1,1.177674,0.590234,1.485052,0.095190,-0.529125,-1.603598,1.624309,1.186740,-0.614803,0.421741,0.258682,0.395816,-0.612039,0.183566,-1.186045,-1.086434,0.050250,-0.419507,-1.124972,0.383537,-0.822912,-0.320754,2.288512,-0.369396,-0.815094,0.255811,0.369149,-0.125914,0.799418,-1.023239,0.864972,1.485561
2490,3,1.574496,1.532229,0.445468,0.529569,-0.277325,-0.089315,1.327462,-0.574818,-1.665562,-0.895956,-0.415506,-1.669221,-0.098545,0.964340,0.703314,-0.995490,-0.570730,-0.849232,0.453761,-0.140111,1.949331,0.288752,-1.670651,0.253839,-0.346439,1.414600,-0.273646,-0.194139,-0.799515,0.371940,-1.675370,1.346490
2491,2,0.043391,-1.585165,0.592973,0.469173,-0.279289,0.805990,0.300463,-0.320201,1.065715,-0.234753,-0.000783,-0.636311,1.506722,0.676785,0.168787,1.019486,-0.224759,0.812661,0.232151,0.576618,0.059535,0.071218,-0.145800,1.827268,0.582487,0.325247,0.699709,-1.030541,1.626650,0.347039,-1.464788,0.104795
2492,0,0.480555,-2.146744,0.674884,-0.178024,-0.225568,0.542642,-0.602003,-1.155822,-0.188758,1.908527,1.365122,0.284884,0.067656,-2.659033,0.279688,0.767944,-0.789583,-0.624516,2.157829,1.454953,0.200531,0.587343,-0.352050,-0.525368,-0.937847,-0.295461,-0.543470,-0.292132,-1.075252,0.673211,0.994459,-0.963864
2493,3,1.245150,-0.831290,0.822858,0.288501,0.404748,0.452836,0.822973,-1.480408,1.724385,-0.077965,-1.656263,0.911328,0.218681,1.518968,-0.570478,0.694880,-0.287035,0.190641,-0.596838,1.384104,-1.130551,0.954581,-0.990325,-0.887010,0.449377,-0.576230,1.210725,1.509650,2.881920,-0.134627,0.986380,-1.578701
2494,3,-0.396631,-2.003344,1.046443,0.452930,-1.162168,-0.019701,-0.020258,0.683729,-0.693262,-2.111882,-0.641406,1.994492,0.678484,2.204586,-0.598047,-0.468746,1.824920,0.158216,-0.377885,0.857628,-2.132233,-0.649132,-0.669868,-0.582120,-0.573943,-0.383184,-0.308661,-0.673459,1.212515,0.074751,0.710672,-1.307321
2495,1,-0.885799,2.064862,0.073365,0.707825,-0.556381,-0.017911,0.388735,-1.810742,-1.454215,1.424436,1.293785,0.135898,0.354703,-0.307479,-1.529585,1.776920,1.497737,0.849309,-0.422896,0.143199,-1.333883,0.198646,0.872569,-1.425217,0.503018,0.190456,-0.083633,-0.955017,-1.322487,1.365356,0.390172,-0.647173
2496,3,0.981371,0.000592,-1.055083,2.011517,-0.184407,-1.923654,-1.862060,-0.263611,1.632797,-0.047390,-0.392353,0.881202,-0.204260,-2.083982,-1.075123,1.194400,0.387031,-0.057408,-1.295745,-0.690605,0.725710,2.241912,0.218844,2.094141,-0.078120,-0.358673,-0.745857,1.178001,2.519840,0.955523,-1.104273,-0.580173
2497,1,-1.557410,0.339355,1.268543,0.587456,0.152319,-0.948852,1.272858,0.597591,-0.493876,0.445142,1.659036,-0.963591,-1.730063,0.554439,-0.096651,0.668208,1.805535,1.398174,0.615780,-1.129537,1.763517,0.269900,-1.054156,-0.503211,0.674189,-0.481143,-0.362774,0.049146,-0.199413,0.308011,0.740647,2.371408
2498,0,3.064417,-0.090673,1.377204,-0.179949,0.264163,-0.822765,0.337988,-0.267527,-0.311578,0.442438,-0.114631,-0.605155,1.654647,0.122987,0.216183,0.930780,-1.132160,0.756349,0.163997,0.084007,-0.314629,0.365907,0.374353,2.020346,0.079058,0.940046,-0.236370,1.191874,-0.144903,-0.512495,0.565752,1.204737
2499,0,1.423301,0.279940,0.179412,0.098494,0.945385,1.314657,1.858199,0.284033,-1.262074,-0.704213,-0.145658,0.729888,-2.343105,-0.272670,0.821671,-1.112859,-0.525384,-0.695434,-0.809019,0.169773,-1.461978,-0.112802,0.231399,0.259197,1.042906,1.585923,-0.245316,-0.290158,0.405446,1.220164,0.611111,0.539411
2500,1,-0.106077,1.357310,0.773412,-1.014816,-1.488770,-0.857041,-0.156490,0.187493,-0.844709,-0.836903,-0.090509,-0.477039,-0.992939,-0.237550,-0.938254,0.703851,0.712772,-0.077835,0.377576,0.093142,-0.069881,1.106114,0.827892,0.420190,0.144155,-0.608278,-1.097752,-1.249629,0.605300,0.716930,-0.390807,0.074356
2501,1,0.235221,0.782744,0.723052,1.217849,1.080601,-0.817348,0.338082,0.210301,-0.980009,-0.538769,-1.697411,-1.469347,0.619483,0.835338,0.635308,0.263000,-1.796448,1.360277,-0.094856,-1.083092,0.237317,1.632669,1.043175,-0.970245,1.181752,-0.698190,0.041244,0.209684,-0.154029,0.288137,1.325686,-1.507200
2502,0,-0.413097,-0.240855,0.040219,1.587117,1.020869,0.324195,0.039932,-0.012779,0.062608,0.023348,-0.874343,-1.590294,0.221483,0.659731,0.895811,-0.566352,2.289355,-1.772924,1.081852,-0.118453,1.550270,-0.354830,-1.613341,1.996934,-1.292212,0.296278,-2.120638,0.893207,-1.785690,-0.822768,-0.390646,0.895764
2503,1,-0.282210,0.223631,0.276021,0.884205,-2.080014,-1.668660,1.835411,0.410413,-0.133222,-1.566290,0.240533,1.109890,1.913172,-1.129733,2.135853,-0.359686,0.358291,0.616469,-0.121826,-0.672324,1.372533,1.715208,0.021407,0.915368,0.238546,1.003372,-1.649198,-0.017428,-1.227073,-1.761171,-1.592508,-0.124152
2504,2,0.435132,1.776418,-0.231865,-0.190332,1.209932,-0.620415,1.200387,1.085869,0.365821,0.126121,-1.354342,0.384109,2.573206,0.013069,-0.248160,0.757041,0.731281,-0.540972,0.265561,-1.168832,-0.696115,-1.251201,-0.892190,1.198949,0.715878,-0.659298,-1.367658,-1.180121,0.914585,1.014209,0.365579,1.069811
2505,1,0.765612,-0.053083,0.086400,-0.154581,1.292832,-0.405520,0.460573,-0.293184,-1.446407,-0.764278,-0.492964,0.283656,0.326120,1.608619,0.597427,1.973562,-0.210229,0.433860,-0.465203,-0.175410,-0.837833,-0.527536,0.994275,-0.416340,-0.049311,-0.793014,-0.868933,-0.002885,2.714229,0.215969,-1.272338,-1.912180
2506,0,0.516934,-1.044873,-0.423202,0.380837,0.344679,0.023617,0.188989,-0.686081,0.016317,0.370799,1.390791,0.184823,0.522889,-0.651605,-1.134797,-0.919133,0.088689,0.698051,-0.927549,-0.511837,0.024067,0.047186,-0.360876,-1.071585,0.692698,1.423126,-0.279269,0.421266,-1.143046,0.272228,0.359789,1.236082
2507,2,-0.268234,3.414165,-0.220007,-1.297913,-1.396319,0.584505,-0.652305,0.023599,0.954262,-0.461680,0.191107,1.008622,0.003623,1.196067,-0.467042,-0.059706,1.495933,0.533389,-2.654321,0.043037,0.550309,-0.732501,0.069059,-1.416295,-0.425197,-2.092063,0.140480,-1.873546,-0.834070,0.149683,0.678792,-1.281183
2508,1,0.602149,-0.971898,0.058202,-1.109067,-0.397510,0.591407,1.190758,0.959675,0.735768,-0.427788,-0.342367,-1.817889,-0.644873,0.301779,-1.888934,0.101097,1.314785,-0.032979,-1.540337,0.325959,-0.148860,0.158420,0.829872,0.137770,-0.599371,-0.367395,0.835964,0.203033,1.118118,1.476292,-2.248841,0.943142
2509,3,0.233269,0.093336,0.221011,-0.939678,-0.475522,0.622068,1.233067,0.797893,-2.397482,0.064153,0.904819,-0.872739,-0.398788,1.175249,-0.787799,1.140775,0.480558,0.105420,0.974741,0.340302,-0.545412,-1.924194,-0.415493,-0.351257,0.454522,-1.060736,-0.350375,-2.499724,1.469443,0.089276,0.217373,0.298324
2510,2,0.211314,0.825581,0.557939,0.356429,-0.999394,-0.442266,0.450210,-2.482831,0.022898,-1.397403,-0.527759,-1.184995,0.674392,0.270924,0.079219,-0.292215,-2.380980,-0.593829,0.864068,0.588735,1.500116,0.686718,0.925833,-1.285632,-1.419803,-0.172728,-0.194645,-0.852591,-1.101356,-0.765286,-0.363281,0.846724
2511,0,0.741844,-0.174556,-0.588601,1.140447,-1.466539,-0.223676,-1.079907,1.389035,-1.346591,-0.994883,1.435709,-0.004842,0.310393,0.161641,-0.493718,0.920932,-0.675910,-0.530545,0.889005,0.573186,-0.622261,-0.429342,-0.540943,0.288575,1.306406,0.156781,0.827010,-0.054241,0.470395,1.985601,-1.316147,-0.470822
2512,2,-1.691635,0.483430,0.942094,-0.285680,-0.009132,0.218367,1.651812,-0.028057,0.679643,-0.526809,2.117774,-0.109448,-0.784213,-1.867977,0.994631,1.311911,-0.148300,-0.543430,-0.652624,-1.338765,-0.961287,1.372868,2.240076,-0.603248,-0.302825,0.739827,0.758605,0.931602,-1.580751,0.004932,-1.216266,0.997101
2513,1,0.258044,-1.757293,-1.314220,0.062385,0.259988,0.621108,-0.212163,-2.198079,0.565151,0.590777,1.759386,-0.962915,0.936788,0.570790,0.660190,0.980720,0.241339,1.487328,-0.432847,-1.762946,0.022378,0.036617,0.792520,0.838598,-1.108019,-1.040233,-2.043770,-0.848056,0.133824,0.405315,-0.557956,-1.930659
2514,0,1.482956,0.770566,-0.849586,-0.922737,-0.708637,0.286061,-0.284162,0.602564,-0.582288,-0.213343,-0.717014,0.042574,-1.657423,-1.337478,-1.294849,-1.239983,0.415736,-0.097330,-0.667626,-1.664614,0.336291,1.213076,-1.225126,-0.061380,-0.757822,0.495392,-0.041303,1.013537,0.938974,0.287261,-0.755395,1.392304
2515,2,-0.433883,1.572129,1.713871,-0.506170,-1.081450,0.363143,0.853669,0.739070,0.673050,0.661677,0.607968,0.241751,1.037698,0.455794,-0.319756,0.137494,1.513717,-0.253085,-1.370985,-0.171191,0.587040,0.156551,1.362786,-0.546618,-1.267977,-1.205904,-1.238127,-0.395223,-0.028373,-0.719710,-0.996585,-0.827389
2516,3,-1.324869,-0.477814,1.243583,1.652912,-1.149420,0.330135,2.511435,2.395132,1.216959,0.120930,-0.071975,0.161622,0.591575,-0.744318,1.168632,-0.548970,-1.780461,1.337164,0.457354,-0.028462,-0.418501,0.102688,0.037673,0.598622,0.478121,1.221277,-1.239169,-1.678803,-1.266522,1.413333,-0.468219,-1.150806
2517,3,0.703470,-0.012347,-0.687195,0.334797,0.117780,0.718118,2.278560,-0.831722,0.252552,-0.875188,0.402809,-0.558267,0.881704,-0.254888,0.252528,-0.749004,-0.353448,-2.775424,0.243743,-0.228185,-0.767006,-0.398186,1.340058,-0.833700,-0.449154,-0.229381,0.085251,0.587590,-0.161911,0.970330,-0.187283,0.263202
2518,2,0.069849,0.810769,0.436647,-0.443520,0.792531,0.764575,1.240786,0.116246,-0.548029,0.618783,0.698636,-0.010363,0.484308,0.123701,-0.405302,-0.914651,0.438890,0.122283,-1.550769,0.666848,-1.134814,0.343692,0.437320,1.367684,0.008355,1.822457,1.353771,1.312188,0.989020,0.407572,-0.681261,-0.334409
2519,2,1.062643,-0.523639,1.481330,1.629672,0.325857,-1.947943,0.000225,0.189607,0.423264,-0.708183,0.331369,0.403585,-0.777019,-0.917805,0.355990,1.777339,-1.072809,0.938828,0.392021,1.006555,0.306279,0.750164,0.163489,0.189934,-0.554506,0.394144,-1.362005,0.879006,-0.722764,0.201210,-0.152886,-0.079285
2520,1,0.441596,0.891524,2.248809,0.986726,1.672767,0.792669,-0.720850,-0.374038,-1.015544,-0.551053,0.202524,-1.084718,0.597816,1.548989,-0.881665,-0.105008,-0.997093,0.401977,-0.538068,2.485555,0.388738,0.054702,0.266016,-0.956239,-0.860898,-0.016358,-1.111043,-0.047572,0.233342,-0.028168,-0.349434,0.250562
2521,0,1.740817,-0.991227,-1.210781,0.504390,-1.927216,-0.800343,-0.119865,1.469834,0.415505,-0.948913,-1.869368,-1.623082,0.595440,-0.829503,0.638954,-0.369288,0.778258,0.015708,1.190547,0.549665,-1.384953,0.803777,0.182976,-0.217371,0.206402,0.369864,-0.622052,1.157494,1.247457,0.150595,0.085913,-1.644946
2522,2,0.133054,-0.917327,0.467893,0.578070,1.179054,-0.465044,0.861522,0.159950,-1.398779,-0.020716,-0.042140,-0.081172,0.098567,1.161210,-2.334874,0.465655,-0.228208,0.633550,1.474175,0.313992,-0.437607,1.740371,0.079565,0.263728,-0.149604,-0.576851,-0.402545,-0.702152,0.333405,-1.285989,-2.341341,-1.893811
2523,3,-0.499326,-0.058109,-0.573101,0.341839,0.300490,-0.416989,1.176699,-0.187479,-0.592804,-1.542976,1.204461,0.127622,-1.384194,0.196360,0.685316,-0.151988,0.840616,-1.999696,0.422221,-1.483524,1.375854,0.063760,-1.276920,-0.795423,0.720670,-0.301592,0.190181,-0.006467,0.442491,1.730821,0.551329,0.842396
2524,3,-0.014236,-2.235815,-2.084957,0.291138,1.831177,-0.369871,-0.128677,1.701518,-0.192777,-0.957922,2.027481,-2.204034,-0.783152,0.065617,0.577231,-0.823612,0.111900,-0.851599,0.060324,0.317230,-0.501654,0.918477,-2.122321,-1.027822,0.186794,0.652538,-0.011827,1.488691,1.112457,-0.457349,0.612956,-0.376313
2525,1,0.867972,0.476973,0.856995,2.715893,-0.895582,0.215270,-1.156014,1.222652,0.812816,-0.203309,-0.502591,0.737023,-0.712137,-1.964437,0.702148,-1.271114,-1.030410,0.529212,0.561372,1.014227,1.609071,-0.287826,1.231561,-0.025224,-1.298658,0.377536,-1.070494,-0.296082,-1.142908,0.650466,-0.428609,0.797861
2526,3,0.179934,-0.506429,-1.015330,-0.521248,-0.615649,0.511086,-1.390129,0.084716,-2.513076,0.524225,1.421088,-0.881320,1.370392,1.041968,0.038223,0.686105,-0.197621,-0.717660,-0.263699,0.253771,0.219042,1.423728,-0.255236,-0.721248,-1.451065,2.045992,-0.490556,-0.525895,0.765601,0.333053,0.483793,-0.194718
2527,2,-1.331664,-0.634107,-0.918426,0.229014,-1.185934,-2.148701,-1.224207,0.699920,-1.466801,0.173015,0.970788,-1.774609,-1.795947,-1.923453,-0.249844,1.425509,-0.561408,2.059709,-0.391835,-1.009315,-1.385558,0.729070,0.460860,-1.264296,-0.516564,0.768196,0.302289,-0.502565,-0.342905,-0.199766,0.081830,1.406985
2528,1,-0.382500,-1.060000,-0.877942,0.701158,-1.793141,0.736750,-1.143384,0.403116,0.907518,1.465604,0.134120,1.408016,0.204822,-0.031487,0.262378,0.226587,1.561744,-0.260429,0.436877,-1.672880,-0.613799,0.781297,0.093230,-0.829701,-0.629869,0.018792,0.311832,-0.189606,-0.646685,1.831870,-0.572535,-0.128399
2529,3,0.418528,-0.195608,1.909324,0.572325,1.391429,-0.192574,-0.151890,-2.356369,0.921105,1.158387,0.125854,-0.664917,-0.168653,1.207841,0.291150,-0.059437,-1.442972,-0.525799,-0.089073,1.313804,-0.480947,0.475864,-0.071034,-0.201895,0.479705,0.556013,-1.041654,1.239821,-1.413399,0.830880,0.276044,-0.770229
2530,3,0.050354,0.397947,1.004497,0.014459,0.570840,0.820145,-0.190056,-0.858490,0.336618,-1.194144,-0.416147,0.387081,0.495049,1.735019,-0.141729,1.747608,-0.362807,-0.448196,-1.017109,-1.046096,0.341390,0.356553,-1.564867,0.905055,1.000347,-0.750792,0.008715,-1.211925,0.115651,0.761227,-0.181011,0.692597
2531,0,1.773383,-1.264532,0.052798,-1.374725,-0.415426,-0.251763,0.814356,0.302648,0.196245,-1.635252,0.034229,-0.608570,-0.164006,-2.744653,-0.352845,0.356756,0.089185,0.120452,0.565550,-0.679142,1.385245,-0.488222,-0.650264,-0.353187,-1.477247,0.358390,0.610305,-0.167895,-1.334837,0.111443,-1.296028,0.538281
2532,1,1.084298,1.662409,-0.322942,0.411403,0.504388,0.435635,-0.208787,-0.024985,1.117048,-0.841289,0.359306,-0.047593,0.888088,-0.008756,-0.360818,-0.731158,0.621002,0.175589,1.194605,1.299645,-0.390006,1.624101,1.088921,0.259562,0.587925,-0.973174,0.838958,-1.122358,0.866268,1.255919,0.392193,-0.592908
2533,2,-0.601621,-0.368991,0.703853,0.345849,-0.832137,-0.222853,0.385257,1.195164,0.550204,-0.118624,0.429234,1.189668,-1.857609,0.483992,-1.435205,0.131744,-0.006716,-2.721972,2.054961,-0.303295,1.417840,0.471725,-0.544862,0.741418,0.226334,-0.633370,0.875879,0.280189,1.567896,-1.907865,0.395581,0.791768
2534,3,2.231801,1.306436,-0.165576,1.582870,1.314711,0.003153,2.519997,0.605626,-0.784618,-1.671217,-1.906878,-0.526132,-0.567212,-0.166816,0.011670,0.213563,-2.699197,-0.364684,-0.682959,1.657336,-0.776730,-1.055997,0.012861,0.130631,0.896811,-1.283695,-0.543844,-0.834368,-0.787513,-0.574699,-0.368388,0.160387
2535,3,-2.099178,-0.110073,-0.460101,1.445772,-0.441416,0.827078,-0.632348,-0.710525,-0.356326,1.189994,-0.101886,-0.902549,0.560447,0.836475,0.050063,-1.081207,-0.430670,0.596394,-0.164773,0.449345,-0.146027,-0.706645,-3.757131,1.026128,0.525207,-1.450799,-1.199829,1.405753,2.377984,-1.356748,-2.202457,-0.858540
2536,2,0.561556,1.165544,1.054832,0.251574,0.436234,-1.635463,1.188819,-0.906853,0.904598,-0.391843,-1.179219,-0.084097,-0.098837,-1.232028,1.713029,-0.504907,-0.520008,-1.630422,-1.260054,-0.658239,-0.386852,-1.019665,0.150081,2.466424,-0.153418,-0.706560,-0.947304,1.124632,-0.796593,1.879127,1.275671,-0.300749
2537,2,0.056849,-0.828758,-1.057968,2.196794,1.998963,-0.612168,0.875068,0.815024,-0.918423,0.501448,1.622063,-1.448949,-0.472449,1.194170,-0.375480,1.241640,-0.920467,-1.574408,1.586284,-0.845869,-1.427520,-0.090714,0.661074,0.672395,0.789841,0.659507,-0.238418,1.437800,-1.265578,1.230136,-0.437456,-0.037851
2538,0,0.576714,-1.750565,0.522108,1.163120,-0.143845,-0.925418,-0.809269,1.554739,-1.711342,0.280285,0.720011,-0.663778,-1.103825,-0.741748,-2.843828,1.086110,0.028233,0.516477,0.277370,-0.424923,-0.379800,0.770834,-1.705613,-0.900341,0.346386,0.125997,1.113183,-1.654930,1.244844,0.363522,-1.634226,1.337304
2539,2,0.213670,1.240175,1.688544,0.739662,-0.927073,1.576899,-1.392341,0.450955,0.351339,0.533599,0.704596,0.637290,-0.266860,-1.278970,-0.507683,0.922804,1.099291,1.590086,0.032970,-0.635615,-1.081049,0.607881,0.118563,0.191280,-0.019717,1.175648,1.565904,-1.954785,-1.224433,1.105758,-0.357640,0.424881
2540,1,-1.007562,-1.614082,1.673105,-1.933676,0.009460,0.016355,-1.644533,0.815375,-1.319540,-0.554195,-1.600415,0.535201,-1.403399,-0.123551,-1.635649,0.758686,-1.056045,-1.494386,-1.173743,1.118358,1.081414,-0.553869,1.672710,-0.928795,1.270187,-0.932756,0.563518,0.773819,-0.341425,1.831849,-0.481062,-0.942496
2541,0,2.480037,0.978439,0.322263,-0.643924,0.692176,-0.135126,-0.518528,0.457567,0.570243,1.199020,0.133868,1.124136,1.646072,-0.498730,1.406666,1.212400,-0.369341,1.650546,1.789596,0.649329,-2.157940,-0.220161,2.210608,-0.887246,-0.318762,0.703585,0.514061,-0.157039,-0.739642,1.328526,0.250985,-1.145401
2542,2,1.157628,-0.336543,-0.035515,0.783366,-0.932526,0.269581,-0.187641,-1.652951,-0.834503,1.386774,1.408977,-1.018349,1.577867,0.517586,1.122889,-0.652129,-0.219195,-0.774756,0.885105,-0.590094,-2.870000,0.849513,0.569665,1.680088,1.065631,1.145703,-1.128049,0.623953,0.542677,0.443220,1.658850,-1.285516
2543,3,0.480388,0.557281,-0.271329,2.326339,1.256001,0.156170,1.181983,1.678284,0.261909,1.231334,1.280095,0.641811,0.250904,2.924143,0.471128,1.177457,0.065368,-0.073105,-0.232010,1.596867,-0.197254,0.203020,0.747811,-0.294647,0.791822,-0.831330,0.286272,-0.071069,0.998615,0.645931,-0.090399,-0.752598
2544,2,-0.836341,1.576512,-0.715283,0.358102,-0.365255,1.063967,1.383202,-0.376905,0.003993,1.503476,-0.301946,1.019713,-0.443864,-0.050938,0.451074,0.063854,1.920664,1.032598,-3.148221,1.964096,0.578223,0.257841,-0.313146,-0.103683,0.208140,0.428655,-0.351806,0.003969,-0.354484,-0.758515,0.677353,-0.517855
2545,0,1.220219,0.881731,0.149930,1.203289,-0.223579,-0.291675,0.094376,0.313736,-0.116842,-0.214706,0.033894,0.167829,-1.245248,1.508648,0.948082,1.240274,1.006603,0.575837,2.076634,-0.208671,0.196957,0.987658,1.711829,-0.040389,2.526362,-1.760969,1.450289,-0.823455,0.106957,0.066961,0.725241,-1.939726
2546,1,-0.450434,-0.776410,1.317623,0.320954,0.132889,0.753161,0.972520,-1.900575,-0.618478,1.147293,1.138802,-0.190325,0.575528,-0.610701,1.144650,0.606312,0.273988,-0.440356,-0.072120,-0.563937,0.032544,-0.562378,0.395330,0.251557,-0.595846,1.390916,0.865814,-0.309105,0.153732,-0.401796,-1.127344,0.896934
2547,3,-1.863000,-0.295320,-0.968130,-0.502015,-0.736270,0.495217,-0.549187,-0.201376,0.701712,-0.470870,0.683670,-0.257958,-1.210390,-1.029518,-1.585914,1.273149,-0.713210,0.150547,0.254555,-0.177654,-0.162341,-1.452974,1.051050,-0.668623,-0.440734,-0.209838,0.575726,-0.818915,-0.136322,-0.417075,0.433245,-0.154898
2548,1,-0.064314,0.602229,0.990039,-0.068649,0.909918,-0.812434,-0.878013,-0.369620,0.124318,0.787803,-0.399680,-1.416972,-0.646947,-0.446149,1.064775,-0.616368,-0.235252,-0.541370,-1.140838,1.094888,-0.619739,-0.485168,-1.807057,-1.088685,-0.477176,-1.113191,0.803360,-0.567428,0.819842,0.769139,-0.338783,-0.188482
2549,3,-0.615723,0.739262,-0.631925,0.710145,0.174062,-0.308888,-0.746072,-0.409362,0.373113,0.103114,0.247473,-0.430964,0.043561,-2.538850,-0.225755,0.391688,-1.142904,-2.268637,0.797020,-0.015220,-1.117484,1.249849,0.746449,1.453103,1.854113,-2.967308,-0.111188,0.933397,-0.202381,1.531140,-1.201516,-0.023800
2550,0,3.592847,-2.241031,0.667116,-0.293972,1.965401,0.795481,-1.016418,-0.229652,0.067432,-0.078638,0.225854,1.170051,0.460826,1.417370,-0.441943,0.180928,0.848894,0.738891,1.433137,-0.552253,-1.144492,2.188317,1.032590,-0.659985,0.426148,0.103520,0.437378,-0.378490,1.097453,-0.689744,-1.363974,-1.198598
2551,3,0.047002,-1.201601,-0.721852,-0.254887,0.941189,1.797477,0.353846,-0.690463,-0.887290,-0.004572,0.932475,0.306123,-1.314591,0.571647,-2.148348,0.185259,0.654891,-0.132012,-0.469660,-0.567920,-1.446632,-0.592887,0.761855,-0.364545,0.051564,0.001475,0.746357,-0.811749,1.063738,-1.080014,0.549563,0.561770
2552,3,0.455634,1.471188,0.598866,-0.028839,-0.604875,-0.196349,-0.413053,-1.282345,1.263677,-1.193184,0.654608,-1.325222,0.029748,-0.078223,0.074866,0.811043,-0.499226,-0.132191,0.325548,-0.168910,-0.026310,-0.265981,-0.902011,0.413787,-1.023958,-0.018718,-1.737825,-1.520296,0.049228,0.692539,-0.967949,-2.495340
2553,0,1.879575,-0.361860,0.493006,-1.438501,2.153948,-0.891726,-1.103699,0.018465,-0.267309,0.507624,0.626678,1.735015,0.499181,-0.828089,0.838736,0.214683,-0.880828,-0.077932,-0.679463,0.748288,-0.095709,-0.826834,0.719119,-0.851545,-0.135835,-0.085443,0.968920,-1.032766,-0.467126,0.386339,-0.582832,0.582230
2554,3,0.771955,-1.203977,-0.660393,1.118340,-1.484572,-0.138081,-0.231532,-0.878810,-0.741266,0.684413,-1.211678,0.040618,0.935502,-3.204235,-0.423207,-0.783072,2.140497,-0.496287,-0.440082,-0.708171,2.144044,-0.647352,-0.619210,0.404727,-0.439555,-0.430612,0.550413,0.198607,-0.081433,-0.487712,-0.697630,-0.521874
2555,3,1.015699,-1.021180,-0.302642,1.397053,-0.601934,0.570192,0.421788,0.043789,1.052092,0.678189,-1.991498,0.507446,-0.571780,0.564268,0.145360,1.673874,0.762293,-0.277789,1.692074,-1.367199,-1.222153,-0.809233,0.348722,1.669057,-0.946723,-1.143025,0.070938,2.214510,-1.007681,-1.195951,0.730286,-0.294171
2556,1,-0.049005,0.985852,0.016081,-0.160409,1.532808,-1.277716,-0.553833,1.040162,-0.256311,0.051454,0.853675,-1.821769,-0.104812,1.412717,0.060428,1.097465,-0.098881,-0.987453,0.410607,-0.541926,-1.021807,-0.284986,0.324781,2.032606,-0.703715,1.542952,-0.642919,-2.060955,-0.008954,0.144535,0.445008,-1.977909
2557,3,-0.120328,0.683803,-0.814379,0.174448,0.388880,-0.682263,-1.752227,-0.142772,1.106974,-0.520935,1.352644,-0.746620,0.095588,1.002555,0.531872,-0.582085,-0.387416,-1.687529,0.346047,0.375937,-0.097902,1.363232,-0.264157,-0.312840,0.093344,0.377231,0.455116,0.134778,-1.317625,-0.112220,-0.357785,-0.000997
2558,0,1.447820,2.083855,1.243191,1.861846,0.030163,0.198718,-0.431945,0.707983,-0.520764,-1.442225,0.591718,0.121274,1.373959,0.148880,-0.639795,-0.586906,0.601917,1.010318,1.674067,1.013633,0.353328,-0.555133,1.087516,-0.074497,1.130459,0.476691,0.576246,0.451960,0.200941,0.798091,1.121516,0.207166
2559,3,-1.203137,0.812137,1.358297,1.188344,-1.386461,0.867580,1.256380,1.105549,-0.712294,0.280045,-0.502327,-1.074739,-0.483067,-0.301498,0.195210,0.422161,0.201455,0.429964,0.154830,-0.435193,1.408968,0.192215,1.037435,0.216276,1.241675,-0.958744,0.026855,1.414351,-0.080653,-0.768415,-0.740499,-0.155187
2560,1,-1.426848,-0.475756,-1.943505,2.301956,-0.830788,0.829405,0.075706,-0.369261,0.223070,-1.069823,0.330232,-1.071782,-0.365664,-3.523242,-0.210202,0.912197,0.306310,-0.885723,-1.519214,0.582919,0.491674,1.062181,-0.145087,3.025825,0.240645,-0.334462,-0.630044,1.046370,0.690898,0.300559,0.353048,0.133156
2561,1,-0.640604,1.365618,-1.109880,0.829683,-0.423698,0.231120,0.409385,-1.162691,1.852230,0.131677,-0.675547,-1.517357,0.164119,-0.809938,0.888455,-0.711667,1.742845,0.895626,0.769047,-0.527896,0.444336,0.794232,-0.300287,-0.749416,0.083320,-1.234338,1.998235,1.473351,-0.323740,-0.354445,-1.039573,1.211757
2562,3,0.277431,-0.102428,0.118545,-0.202200,-0.693202,1.534118,0.020007,-0.409076,0.935839,2.250775,0.209570,2.204058,0.011172,0.068637,-0.309671,-1.067416,2.167996,0.528682,-0.879918,0.876255,0.032115,0.176135,-1.132069,0.285233,-1.014536,-0.220901,0.229461,-0.809492,-1.038246,0.251291,0.270306,-0.558908
2563,0,-1.022859,0.949206,-1.745059,0.397439,-0.123463,-0.406592,-0.320847,0.751428,0.074104,0.205903,0.723272,-1.080179,0.812816,-1.829393,-0.462406,1.124853,-1.030034,1.906186,0.430201,-0.401360,-1.368725,-0.148445,0.148384,-0.935250,0.369110,-0.461057,-0.034785,1.618944,0.238849,-0.385620,1.534450,1.386607
2564,3,-0.031947,-0.074638,0.298707,-0.353900,-0.391409,0.830239,1.545394,-0.331977,-1.677274,0.081246,-0.152275,0.031320,-0.189107,-0.345007,0.462776,-1.568035,-0.105865,0.282352,0.204668,-1.070974,-0.529813,-0.541139,-1.127537,0.261523,-1.526828,1.114349,0.595605,-0.380557,0.925319,-1.157175,-1.212629,-0.066417
2565,0,-0.253340,-0.807744,-0.502685,-1.789365,0.633679,0.076198,-0.218599,-0.255592,0.324329,0.597953,-0.064820,1.513204,0.073717,0.315555,0.317697,-0.035188,-0.221751,-0.053565,-0.946811,2.115851,-2.650726,1.523795,-0.173034,0.897006,0.549651,2.597738,1.938552,-0.060931,-0.445717,1.020365,0.147678,0.206780
2566,1,-0.836522,1.431772,0.389825,-1.149045,0.441535,2.556964,-1.301072,1.502504,0.873095,0.192138,-0.544423,0.377256,1.032835,-1.027924,-0.373996,-2.075147,0.648507,-1.214826,-1.338653,0.119008,0.519260,0.928521,0.974283,0.250231,-0.722691,-1.610802,1.217458,-1.729819,0.960258,0.227212,0.920277,-0.440609
2567,3,2.000053,-0.484855,0.330167,1.971305,-0.185316,-0.895305,-0.121297,-1.592250,-0.203643,-0.156379,-1.016208,-0.145875,-0.631692,1.131623,0.770406,0.677371,-1.240188,-0.173123,-0.576174,0.408201,-0.033726,-0.268718,-1.607053,0.188241,0.959373,-0.225778,0.750988,0.542075,-0.489893,0.935103,0.714320,-0.481995
2568,1,-0.675141,1.111910,0.548653,-1.137664,-1.614822,2.121271,-0.471746,-0.687159,-1.326753,0.541322,-0.233258,-1.136010,-1.126901,1.842144,-0.777583,0.333169,0.632304,0.517431,0.069722,-0.803353,0.096759,0.335473,0.749817,1.063264,-1.121370,1.696195,0.893908,0.690754,0.554455,0.279246,0.350246,-2.214758
2569,3,0.196567,0.784300,0.771461,-0.164952,-1.570080,0.278244,0.460447,-0.400984,0.920206,0.069096,1.192019,-0.276810,0.627634,-0.640628,0.403934,1.587488,0.288748,-0.338297,2.151198,-0.589486,-0.302378,-0.735612,0.070307,-0.666135,-0.569266,0.297906,1.372268,0.931499,0.526278,1.422061,-0.164303,-0.501470
2570,1,-1.233335,-0.337254,-0.672069,0.455947,0.928237,-0.314923,-0.692923,0.256678,-0.020807,0.112534,-0.668127,0.600492,-0.631398,-0.352709,-0.942753,1.068615,-0.342128,-1.859748,1.213157,-0.018688,0.873050,0.630289,-0.298318,0.219874,-1.235339,0.055477,-0.591013,-0.469430,1.634606,0.548439,-0.918053,-0.116553
2571,0,1.351854,0.587711,0.720243,0.630998,1.928839,-2.360750,0.861672,-1.527041,-0.787973,-1.210205,-1.138204,0.958280,0.215215,2.137127,-0.496874,-1.660982,2.333083,2.274884,0.545407,-1.096549,-1.416013,-0.223140,0.331717,1.064208,0.096472,-0.009770,-0.860014,0.097928,-0.389534,1.179146,0.337687,-0.148075
2572,2,-1.647345,1.451069,1.775373,1.238316,2.248619,-0.939159,0.268425,-1.469075,1.932105,1.280601,0.616710,-1.325880,0.476881,0.040880,0.029875,0.346577,0.628032,0.477636,-0.483961,0.514493,1.067495,-0.730225,-0.592355,0.494805,-0.943392,0.144996,-1.309723,0.427314,2.590914,-0.727622,-0.884194,0.800469
2573,0,0.214643,-0.101779,0.762121,1.031415,-0.839904,0.712365,-1.330973,0.536008,-0.487077,-1.029408,0.203244,0.303419,-1.298017,1.269179,-0.507316,1.497706,-0.378990,1.440432,0.816524,-1.206276,-1.311833,-0.227700,0.059691,-0.341781,-0.490888,1.951976,-0.578324,0.690544,1.407294,-0.617087,-0.717127,-0.014936
2574,2,-0.933832,1.415880,-0.623626,-1.622186,-0.617886,-0.472883,-0.443087,-0.583983,-0.060416,-0.949932,0.916746,-0.997402,0.219394,0.312446,-0.642636,0.367034,-0.168158,0.560701,-0.247048,-0.381131,-1.258785,-0.995029,0.412927,0.157003,0.776630,0.209797,0.525508,0.093425,1.591938,-0.296141,-0.786538,1.252432
2575,1,-1.572043,0.502635,0.486000,1.033289,-0.833006,-0.064195,-0.538018,-0.341927,1.024654,-0.542921,-0.029460,1.451750,0.030377,-0.612068,1.200762,0.089342,1.365652,0.408833,-0.134908,1.949341,0.530721,-0.474397,-0.135005,1.440019,-0.865665,-0.194769,-0.179578,-0.614711,0.210961,0.273724,-0.686364,-0.168395
2576,0,-0.210333,-1.695751,0.516649,0.539634,0.726252,-0.031909,0.629046,0.311857,-0.067364,-1.058399,-1.195638,0.434201,1.252902,0.734856,-0.574601,0.500967,1.139370,1.402730,2.757773,-0.486317,-0.236477,-0.921990,1.649887,0.585611,-0.324602,0.241841,0.774723,-0.042962,-1.265681,-0.556395,-0.164909,1.478293
2577,0,1.436783,-1.586844,0.868160,-0.152643,0.376529,-0.848636,0.542874,-1.412763,0.409421,-0.385294,-0.792536,-1.181113,1.893877,-0.263117,1.766507,0.465959,-0.935013,1.104692,1.776342,-0.858982,-1.480066,-0.060368,-0.031662,-1.353830,0.279474,-0.727560,1.434647,-0.439296,0.002150,-0.257217,0.880877,0.756791
2578,0,1.220664,0.832324,1.444829,-0.628083,1.764456,0.028507,-0.087312,1.193294,-0.296176,0.847739,1.244868,0.324634,0.971624,0.253976,-0.281347,0.968629,0.435881,-2.248455,-0.069245,0.258219,0.995830,0.408254,-0.352128,-1.271716,0.497630,1.493957,0.292497,-0.424785,0.438973,1.631021,-0.198613,1.607693
2579,1,-1.105088,-1.410251,-0.093184,1.099337,0.277499,-0.473069,0.862244,-0.081452,0.310016,0.491727,-0.300708,-0.699125,-0.796095,0.490872,-0.765982,-0.688450,-0.608307,-0.221281,1.823645,1.161131,-0.353196,0.593909,0.455019,1.093465,-1.459109,0.050697,0.986970,-1.320006,-0.630709,-1.749643,-0.734025,0.310441
2580,1,0.317756,1.007348,0.785606,0.257482,1.208060,1.154364,-0.962692,0.731597,0.745627,-0.894117,1.249807,-0.979641,0.951704,-1.067518,-1.041546,-1.249933,-0.618784,-2.119380,1.359705,-2.069002,1.371548,-1.163265,0.031319,0.684443,-0.083165,0.773880,-0.723075,-0.215801,-0.209650,-0.989899,-0.228868,-0.821299
2581,2,-1.772299,0.165593,0.886535,-0.643073,-0.076946,-0.162234,-1.390986,-1.042208,0.898296,-0.248697,-0.474532,-0.236684,1.135638,-0.585523,-0.402751,0.747265,-2.402953,-1.426959,0.456511,0.232103,-0.317701,-0.078478,-0.337502,-0.495000,1.160177,-0.345238,-1.052270,-2.566720,-0.190582,-0.166398,0.877019,0.714493
2582,2,0.330074,-1.118395,1.764430,-1.071739,1.225159,-0.799869,0.059972,-0.689352,-1.108279,1.028818,-1.454928,-0.208125,-0.436881,0.900006,-0.331739,-1.137720,0.156302,0.579671,0.647603,0.663814,-0.611909,0.675899,-0.881501,-2.835950,1.073340,-0.786065,0.398471,-0.164552,0.951120,0.782277,-0.216664,-0.694166
2583,3,1.432045,0.440341,-0.672459,-0.440676,0.390312,1.077218,0.705189,0.103734,-0.007946,1.695065,-0.598474,-0.423139,0.756587,1.056364,-0.911904,-0.718741,-0.469743,1.162525,0.045499,0.522754,0.501819,0.392425,0.878887,1.471434,1.208403,-1.016666,0.597391,-0.186685,-1.680397,0.004321,-0.023673,1.795462
2584,0,1.486863,-0.010480,2.004824,-1.307333,0.104290,1.897471,-0.737669,-0.150402,0.091228,1.267410,-1.271870,0.258921,-1.315475,-0.861307,2.786608,1.062945,-0.836877,0.095915,-0.025383,0.619029,2.034085,0.066186,1.272204,1.082581,0.885320,0.005154,1.920986,-0.631734,-1.035702,0.321149,-0.110094,0.775319
2585,0,2.188270,-0.295297,-0.990073,-2.322649,0.068385,-0.478704,0.051354,0.426148,-0.928938,0.369134,-2.291382,0.196202,1.827108,-1.278266,0.331500,-0.052230,-0.020582,-0.081157,0.935091,-1.026624,-1.553805,0.202757,1.149738,-0.982581,1.710552,-0.712931,-0.746909,-1.806431,1.574924,-1.169246,-0.288454,-2.470886
2586,1,-0.663893,0.393576,1.368038,-0.741809,0.363964,0.721289,1.710148,-0.407724,0.709872,0.693641,0.128919,-0.837207,0.391033,-1.405919,-0.188784,0.213934,-1.076716,0.258163,1.017192,-1.449726,1.328099,-0.338195,0.750921,0.481430,-0.201184,1.039244,-1.463716,0.053464,0.003794,1.160304,0.995847,-1.648689
2587,1,0.981671,2.388891,-0.853751,1.532112,-0.252851,-0.238822,-1.222593,-0.409892,-0.868033,0.787630,0.116456,0.450488,0.464129,1.160891,0.640165,-0.387256,-0.210373,0.967387,0.516099,0.547628,1.541642,-0.580041,0.128952,-1.707031,-0.875559,-0.033639,-0.178301,-0.257989,2.638963,0.340918,1.554109,0.679843
2588,3,0.297015,-1.559896,1.634492,2.088913,0.483193,0.499697,1.131586,-0.651958,-0.028398,-1.686563,-0.828075,-0.756675,0.509176,1.209641,1.602931,1.503256,-1.032314,-0.015329,0.275769,-0.780405,0.017607,-0.771980,-0.442075,-0.470478,-1.381706,1.640639,-1.425208,-0.400591,-0.111224,0.042434,-0.829792,-0.103067
2589,0,0.699065,-0.907882,0.988978,0.846433,0.191151,0.577758,-0.785976,-1.421225,-1.551771,-1.400155,-1.040029,-1.566633,-1.321919,-1.091234,-0.824554,-0.156298,-0.985818,0.810967,-1.032759,0.961214,0.091995,-0.241093,0.340685,-0.402505,-0.155572,-0.661821,1.233884,0.024596,0.682568,-0.988966,0.006506,-0.083671
2590,3,-0.260720,-0.024192,0.452825,1.445884,-1.204707,-0.612692,0.212308,0.500601,-0.425191,1.619010,0.153891,0.948656,-0.206987,0.321940,-0.229613,-0.830906,-0.419812,-1.136725,0.377595,1.483586,0.450226,0.026329,-0.971216,-0.305264,-0.759409,-0.713819,-1.254689,-1.104933,-0.567505,1.418322,-0.867651,-1.303179
2591,1,-0.132345,0.292267,1.762546,-0.239938,-0.549567,0.239944,-0.127207,-0.212318,0.004739,-0.436469,-1.281681,0.104978,0.417556,1.059281,-0.113531,-0.094661,0.272854,-0.451316,0.095847,1.020525,1.099019,1.178997,0.135655,-1.944573,-0.282300,0.151755,-0.295843,0.302557,1.369005,0.423042,-0.583186,0.686755
2592,3,0.780971,-1.140765,0.199212,-2.474714,0.920733,-0.479362,1.317730,-0.068519,-1.284220,-0.030579,-0.253663,-0.402379,1.134308,0.279686,0.413792,-0.745883,1.652660,-0.379666,0.357857,-0.236722,0.626050,0.666273,-1.077538,0.199380,0.277679,-1.071175,-0.175826,0.181219,-0.551561,-0.618320,0.936989,2.407683
2593,0,0.068849,0.260933,-0.610677,-1.951048,0.232493,-0.028451,0.635547,0.285438,0.247607,0.059696,0.906824,-0.448275,-1.017828,1.121561,0.290721,0.478081,-1.016519,0.231599,-0.098387,0.727894,-1.087314,0.828357,-0.941565,0.965543,-0.092284,-0.416606,-0.408982,-0.583546,-0.139842,-1.014564,0.620067,-0.437830
2594,1,-1.048640,-0.102187,0.308365,1.254419,0.152032,0.114617,1.353120,0.895206,-1.734196,0.007738,0.787009,-0.880547,-0.996877,-0.367836,-0.875093,-1.443690,-0.550111,-1.323768,0.408831,-0.435311,0.576284,0.907022,-0.137476,-0.960233,0.172493,-0.323369,1.968697,-0.618535,-1.693187,1.513752,-0.726118,0.279229
2595,0,0.397410,-1.090841,-0.761643,-0.083206,0.011807,-1.278903,0.725890,-0.302119,-0.410554,0.405887,0.574451,0.516359,-1.807034,-1.322153,0.446626,-2.395670,-1.516857,1.179380,-1.529212,0.237388,0.362354,-0.541381,0.842838,0.463336,-0.947129,-0.691547,-2.933876,1.008732,0.213579,-1.465920,0.600266,-0.857899
2596,1,-1.503516,-0.026566,-0.678947,1.192176,0.190888,-1.237980,0.484709,0.092106,-0.303957,-1.380065,-0.465692,-0.673951,-2.173625,-1.042936,-0.424646,-1.490717,-1.460637,1.351481,0.265201,-1.054716,-0.528302,2.251986,-0.809369,-0.943641,-0.303696,-0.753659,1.322413,1.135089,0.528951,-0.194983,0.107937,-3.138231
2597,1,-0.790866,-0.042737,0.239177,-2.645221,0.436022,-0.835309,1.785189,0.221972,0.526683,1.053064,0.920963,0.223142,-0.682500,-0.887614,0.919048,0.074380,0.667378,1.076157,2.074221,-0.677269,-0.152354,-0.064549,0.814208,-0.089821,0.793394,0.303806,0.555000,-0.979879,0.407787,0.272494,-0.890769,-1.358407
2598,3,-0.221957,-1.017939,-0.554047,0.618386,1.891728,1.703798,-0.893044,-1.164313,-0.719919,-0.846247,1.107173,-1.317566,-1.460752,0.904235,0.339338,1.570259,-2.067407,-0.931440,1.178506,-1.757285,2.362497,1.115166,0.794552,-0.872436,1.137801,0.460847,-0.228288,0.279166,-2.060316,0.403744,0.470084,0.138345
2599,0,-0.085354,-0.052170,0.488815,-1.879293,-0.451381,0.005474,0.410727,-1.006686,-0.147113,-0.078937,0.091001,0.177997,-0.125714,-0.192212,0.952176,-0.287572,-0.542643,-0.469653,1.282801,-1.823407,0.537964,-0.259366,-0.317686,-1.181303,1.089071,-0.349317,-0.035060,-0.476352,-0.711461,-1.303675,-1.401822,1.348364
2600,3,0.135194,0.992438,-0.539055,2.409530,0.600125,-0.558142,-0.557664,-0.241144,-1.004298,0.577466,-1.180544,0.306988,-1.325009,0.070336,1.379972,0.061404,0.224520,-0.089314,0.648707,-1.594545,-1.363862,-0.188307,2.076313,-0.137423,-2.678093,-0.462923,2.375859,-0.232154,-0.749952,0.048907,0.307466,1.673000
2601,0,0.431996,1.528847,-0.536243,0.078318,0.128387,0.213451,-0.031573,0.487460,-0.359637,0.101960,0.424367,0.198362,-0.222113,-1.050512,1.604396,0.078175,0.022839,-0.114130,0.334885,-0.208260,0.886820,-0.784399,-1.599719,-1.483904,3.372560,0.971720,0.383733,-2.313605,-1.116580,0.411119,0.583569,0.580932
2602,3,-1.822850,1.122327,-1.061930,0.546651,1.179192,-1.618087,-1.414976,-0.075488,-0.915328,0.116075,0.048641,-1.206225,0.516318,-2.845422,-1.500897,0.237831,-1.037264,0.085432,0.191404,-0.394601,-0.253122,-1.035595,0.410851,-1.435260,-1.425701,0.599595,-0.278231,-0.150915,-1.072332,-0.539406,1.910650,-0.368355
2603,0,1.339053,-1.012940,-0.114962,-0.709701,0.707829,-0.438833,0.289327,-1.592094,-0.883185,1.333416,0.092214,0.142863,1.182514,-0.114859,1.104249,-0.478397,1.383602,-0.891495,-0.555773,1.906859,1.266183,-0.452657,-0.551303,0.088346,1.430961,-0.056990,0.453288,0.830612,0.262001,0.534654,-0.197436,-0.296263
2604,0,1.654989,-1.027994,0.811503,-0.944552,0.310164,1.806353,2.067592,-0.398523,0.578554,-0.085526,0.968197,0.168457,-0.838863,-2.077198,0.116899,-3.129219,-0.477958,-0.624393,1.116125,1.595906,-0.433323,1.377658,0.298312,-0.441342,-0.167326,0.833261,0.374028,0.465984,-0.668629,1.147625,1.806592,-1.388419
2605,2,-1.353811,0.421413,0.002056,-0.261548,-0.980423,-0.081070,0.667095,-2.398339,-0.008607,-0.141475,-0.600311,-0.115940,0.926463,-1.896263,-1.838396,0.970367,0.496007,1.043004,1.811885,1.542427,0.669163,1.117512,-0.246486,-0.133517,1.568322,0.326930,-1.067333,-2.353447,-2.785803,0.634336,0.629841,-1.384336
2606,2,-0.115196,-1.667257,-0.075364,-1.128886,1.335635,2.320362,-0.012553,-1.470027,-0.083603,-0.013155,-0.433658,-0.346169,-0.275923,1.197851,0.229948,0.242136,0.498204,1.228669,1.820940,0.718696,-0.190878,-0.779397,-0.534581,0.599196,1.681637,-0.857383,-0.724611,1.258311,-0.587251,-0.206207,0.657756,1.121415
2607,0,0.025289,0.924168,-0.063393,-1.306282,0.642583,-0.814554,1.895241,-0.375361,0.209459,0.438623,-0.789166,1.170433,-0.554596,0.977729,-0.044167,0.028590,0.308151,-0.797604,-2.284625,-0.178278,-0.154745,-0.660356,-1.000018,-0.148037,-0.402052,-1.278633,-1.304560,-0.941307,0.927898,-0.250010,0.483883,1.203602
2608,3,-2.170987,0.454091,0.627824,0.405592,-0.343940,-0.635358,-1.386329,-2.061549,-0.318660,-0.206080,-0.126542,-1.617598,-0.677097,-1.393544,1.172021,0.579349,-0.316635,0.933936,1.962492,-0.504464,-0.182930,-1.705522,0.901045,-0.515413,-1.072001,0.657325,0.156051,-0.449648,-1.993010,-0.452514,0.633435,0.483084
2609,0,-0.456385,-1.012769,-0.135607,1.374387,0.955098,0.816510,0.552403,-0.232446,1.272705,-0.068356,0.292457,1.221615,0.276432,1.129173,1.372027,-0.932659,-1.316345,1.462980,1.218363,0.156386,-0.648674,-2.018200,-0.673681,-0.335676,1.866297,-1.618555,-3.113944,-0.705983,-1.352738,-1.002228,1.467453,-0.118637
2610,2,-0.887415,0.154014,-1.340628,-0.445056,1.772872,-0.311144,0.709539,0.889033,0.606572,-1.850006,-0.554218,0.435971,-1.103793,-0.444637,-1.180527,-0.909051,-0.718125,-0.496998,-0.519728,0.996599,-0.259619,-0.663262,1.969164,-1.186172,1.147160,0.132696,0.276039,0.929249,-1.456012,0.741209,-1.864343,0.775006
2611,3,-1.023608,-0.651914,1.404819,0.190435,0.475350,0.015718,-1.835308,1.369578,-0.081898,-0.246369,-0.655814,-0.338278,-0.075140,-0.182285,0.558166,1.048594,0.922542,0.866811,0.092482,0.840410,-2.287257,1.191583,-1.695079,-0.215482,-1.355320,-0.459804,1.317883,-1.394987,-0.495785,-0.077571,0.539787,0.617749
2612,1,-0.800816,1.017149,1.041599,-0.656058,-0.695856,-0.901994,1.062449,-0.678495,-1.088552,-0.099118,-1.440540,0.333595,-0.820861,-0.988559,-0.501513,0.686627,0.079134,-2.386619,-1.142995,-0.201193,1.248167,0.765831,0.302147,0.168338,1.208263,-2.013610,1.475215,1.048154,1.571229,-0.025957,-0.366208,1.230358
2613,1,0.009676,-0.142305,-0.394759,0.811510,2.522259,0.715477,0.696459,0.811956,1.196759,-0.939897,-1.042807,1.129193,-1.383335,0.140281,1.638289,0.911647,-0.585570,0.115128,0.313870,0.791361,-0.328644,-0.777483,0.917592,-1.267129,-1.757956,2.500479,1.234900,-1.426737,-2.713406,-0.867391,-0.775152,-1.469400
2614,3,0.368952,-1.229313,-0.457271,-0.653989,0.778579,1.115057,1.052381,0.623511,0.445814,-0.560285,-0.787107,-1.480075,-0.334178,-0.451098,-0.526838,-0.194239,1.383214,-1.201575,0.265451,-1.039116,0.568431,0.428660,-0.070926,-0.897087,-0.934838,1.813191,-0.171625,-0.578619,0.564667,1.052085,-0.793858,-0.071663
2615,0,1.694141,1.176341,0.640893,0.217811,-1.325057,0.421109,-0.766925,0.327751,-0.029210,-0.021752,-0.838224,0.182524,-0.475355,-0.801374,0.519361,-0.581191,-1.543160,-0.247892,-0.325437,0.884315,0.783470,-0.436457,-2.847391,0.031433,-1.688538,0.995585,-1.624030,1.665746,-0.588419,-0.105892,-0.676510,-0.721031
2616,0,0.743443,-0.892783,-1.256717,0.798820,0.715509,1.004149,0.241396,1.672816,1.488575,1.743216,1.005860,0.625660,-0.554019,0.790805,0.342132,0.408263,-0.400627,1.354600,0.608755,0.772360,-0.730191,-0.226853,1.178945,0.314549,-0.060199,0.120783,0.875382,-1.209173,1.074904,-0.469287,0.182403,0.450530
2617,3,0.326517,1.659580,-0.057457,1.426848,-1.309705,1.007713,0.366908,-0.232355,1.795459,1.042758,-2.697553,0.864132,1.518455,0.135455,-1.442154,0.906299,0.203035,-1.937037,0.602207,-1.713276,0.540027,-1.180254,-1.187616,-0.419489,-0.817558,0.608917,1.140385,1.025458,0.285922,0.459299,1.474309,-0.556408
2618,3,-0.548112,-1.807729,0.601350,-1.571865,2.102344,0.791501,1.592659,0.331892,1.068665,0.143629,0.138963,0.229933,0.736639,-0.749130,-0.807913,0.851922,-0.460187,-0.679013,-0.068314,-0.851469,-0.368857,-0.157706,-1.070199,-0.331469,0.787814,0.051816,-0.685262,0.006363,-0.424545,-1.405468,-0.958605,0.695805
2619,3,-0.605704,0.347981,-0.308232,-1.607828,-0.475403,-1.157669,-1.680993,0.508167,1.933604,-0.633595,1.719634,-0.591377,0.800172,-0.619058,1.376790,0.234445,-0.597137,-0.449991,-1.129578,0.960581,-1.173991,-0.322976,-0.061155,0.792857,0.133410,0.786193,0.288709,0.717235,0.917813,-0.096204,0.236700,-0.530946
2620,0,-0.161897,-0.143610,-0.208148,1.088402,0.592438,1.062780,0.843263,0.520897,1.010309,0.732068,-0.279114,-1.935079,-0.233636,0.003982,0.245482,0.894180,-0.895411,-0.159748,-0.157893,2.165119,-0.500574,1.710583,-0.889360,-0.169911,2.159987,0.985732,0.134870,0.159606,0.500052,-0.699870,-0.177842,1.640897
2621,1,-0.769227,-0.747809,-0.993163,0.135817,-1.486163,1.324355,-0.410529,-0.119503,-0.292131,1.303325,-0.810750,0.505267,-0.366044,-0.084832,1.087801,0.200195,0.426917,-0.111279,-0.611556,0.459956,-0.549608,-0.771151,0.087805,1.003452,1.688224,0.948748,0.890402,-0.674541,1.644721,0.805896,-0.217370,0.129696
2622,1,0.805485,-0.851185,1.259258,0.184073,0.470182,0.433932,0.007039,-0.842651,-0.104138,-0.834001,0.033472,-1.007504,-0.811774,0.163741,-0.973351,-0.557732,-0.736673,0.134542,-0.731756,0.915361,-0.604095,-1.378510,1.013003,-1.453489,-0.102285,0.477623,0.640367,0.664462,-0.755728,2.489676,-0.981877,-0.043649
2623,1,-1.366675,0.891916,0.106767,-0.517998,0.096142,-1.045212,0.836109,-0.526277,0.798066,0.099905,0.740272,-0.617054,-0.535774,0.812698,-0.979460,0.378591,-0.797575,0.943352,-0.002355,-0.221856,-0.443647,-0.392789,2.331076,-0.221584,-0.501326,1.494079,-0.083771,0.425652,0.311669,-0.316246,-1.391393,1.166622
2624,1,1.195861,-1.537343,-0.717537,0.187097,-0.272297,-0.470701,-0.492202,-0.064228,-1.214803,0.676034,-1.144497,0.693273,0.951774,1.274324,-1.444706,-0.542351,0.385444,-0.375556,0.759333,0.639843,-0.539878,-2.944176,-0.815418,0.716411,-0.247059,0.953274,-0.928620,0.053734,0.009815,1.037831,1.877252,-2.994040
2625,3,-0.157796,-0.739154,-1.237319,0.453201,1.641591,0.641112,-0.857724,0.631472,-0.427895,1.127246,-1.210896,0.042261,0.302432,-1.131908,0.155898,-0.551069,-0.016511,0.882811,0.097739,-0.960413,-1.679860,0.943744,-0.101208,1.518446,1.503961,2.190516,0.337355,0.367375,-1.727054,-0.541289,0.035941,-0.204252
2626,1,-0.776326,0.237534,-0.316086,-0.310571,-0.174490,0.162958,0.492089,0.901198,-0.581099,-1.438057,0.232499,-0.153452,0.605545,1.394494,-0.991522,0.956759,-0.183120,0.505230,-0.123688,0.096604,0.574195,-0.085779,-0.099129,-0.606418,-0.021149,1.411924,-2.150919,0.340367,-0.300133,-0.125322,-0.339129,-0.253285
2627,3,-1.688280,-0.025876,0.872835,-0.640488,-1.675146,-1.978979,0.421923,2.022968,-1.133142,-1.043727,0.005327,-1.108940,-1.894338,-0.315024,1.221656,-0.558283,0.030487,-0.805409,-1.956367,-0.935182,-0.611355,-1.673286,-2.505235,-2.882361,-1.115724,1.585322,-0.080034,-0.516217,1.198486,-0.004033,0.139575,-0.035640
2628,1,-0.276635,0.973260,-0.582095,0.605535,2.179997,0.874473,0.191426,-0.852182,-0.300934,-0.869881,0.482114,0.308654,-0.974042,0.615360,-0.359862,-0.823544,0.752330,0.241187,-0.807556,-1.132247,1.809370,-0.261366,1.745759,0.293812,-0.537652,0.228568,0.889163,1.029009,0.334025,-0.687141,0.242014,-1.283959
2629,1,-0.069021,1.779634,0.760123,-1.167165,0.227322,-0.838912,-0.616659,0.902496,-0.071569,0.848651,0.229486,0.014473,-0.318840,-0.709359,0.164359,1.215986,-0.292301,-0.665566,-0.413963,0.588329,0.825099,-1.406016,0.764493,-0.897811,-1.032875,0.666159,1.700857,-1.014638,0.810599,-1.006038,-0.196004,-0.121945
2630,2,0.753191,0.772209,1.116919,0.373468,-0.697771,-0.261529,0.469613,-0.981173,1.378851,0.308943,-0.448502,0.749486,-0.764500,0.519796,0.363019,-0.934944,-0.851829,0.970225,0.905107,-0.570387,0.212791,1.216781,0.152754,-1.318183,2.727968,-0.247936,-0.524567,-0.425727,0.220926,-0.482545,-0.569490,1.210845
2631,3,-2.009341,0.079367,0.768292,-0.770961,-0.889362,0.938921,0.430491,1.937115,-0.627332,0.153369,0.691621,-1.387772,-1.691250,-1.680191,0.258296,0.610410,-1.017741,-1.364732,1.079755,-0.945214,-1.081079,-2.655070,1.183768,0.810755,1.692547,0.506608,0.941363,-0.089852,1.466305,-1.288237,-0.747556,0.259005
2632,3,0.883487,-0.018193,1.081256,1.703748,0.934979,-1.145874,-1.034540,0.164302,-0.721374,0.641417,-0.138972,0.055880,0.858622,0.654193,1.197223,1.977263,-0.103458,-1.038360,-2.367417,-0.795965,-1.392879,1.522433,0.984720,-0.621897,0.497769,0.049104,-0.211932,-0.694143,0.911432,1.060033,-0.881112,-2.656327
2633,3,1.181842,-1.348547,1.466956,1.568750,-0.673913,0.976649,-0.738639,-0.457925,0.135714,-0.656988,-0.123639,-1.205247,0.251840,-0.927040,0.215769,-0.209971,1.047564,1.127851,0.556405,-0.442347,0.589133,-1.324240,1.204600,-0.466050,0.007066,-0.467899,0.413964,2.057165,-1.142747,1.689870,-0.492865,-1.640251
2634,0,1.716705,-0.723424,-0.371878,0.173002,0.024483,-1.243211,1.208883,0.053777,-0.694520,1.847442,-0.489133,-0.060452,0.381691,-0.554357,-0.225875,-0.811322,-0.002049,-0.192546,0.978529,-2.516924,-1.531697,1.127077,2.023746,0.507734,-0.931501,0.191674,0.406537,0.296903,-1.807757,-0.399018,-0.482319,-0.110936
2635,0,1.693753,1.024923,-1.066582,0.651867,1.628709,-0.251919,-0.486793,1.163061,0.997709,0.337025,0.324627,0.606494,-1.266719,-1.359425,-2.072369,1.211695,-0.966691,1.790138,-0.095859,1.041757,0.225885,-0.893478,-0.706231,-0.728560,0.168140,-1.186889,1.263042,-0.086168,-1.432836,-0.346643,-0.225525,-0.739460
2636,3,-0.688614,-1.117871,-0.686599,1.801755,-0.466166,-1.954118,0.821443,0.024499,0.701939,-0.838684,-1.806180,-0.391509,-0.947277,-2.591389,-1.529190,-0.011816,0.894077,-1.356568,-0.445063,3.153552,-0.204388,-0.634757,0.360433,0.588696,-0.879699,-0.093543,-0.546110,0.040360,-0.568630,-1.290799,-2.465838,0.572148
2637,3,1.211282,-1.001933,-2.002383,-1.235322,0.205792,0.369215,1.621973,0.795845,-0.796025,-0.200525,-1.437004,0.899403,1.356238,-0.273351,1.115496,0.222218,0.901856,1.109018,0.241538,-0.311904,-1.303484,0.673003,0.919917,1.133479,-0.936713,-0.590331,0.204546,-1.447105,-1.562633,0.031229,-2.533365,-0.221320
2638,1,2.456126,2.055581,-0.386472,0.227566,-0.646373,0.398862,1.947940,-0.350762,0.395642,-1.603482,0.152478,0.425850,-2.906701,-0.266358,0.818110,0.441177,-1.154183,0.046246,-0.114583,0.444930,0.466480,-0.273416,-0.743729,-0.140825,0.084485,0.483800,-0.931494,-1.416101,1.083392,-1.269786,0.851488,0.502343
2639,0,-0.476678,0.312695,0.618175,-1.373487,-0.292359,0.274314,0.196145,-0.272300,0.183383,0.913514,-1.629878,-1.356571,-0.822026,1.566793,0.663788,0.574617,2.755864,-3.818856,1.579219,1.029872,1.144056,0.106399,0.269411,-1.923473,-0.775506,-0.633547,0.114745,-0.530240,-2.189162,2.172311,1.209220,0.172373
2640,3,-0.775818,-1.101706,0.820886,0.854260,1.555156,-1.258910,-0.611225,-1.160656,-1.082822,-2.359084,0.923268,0.859590,-0.039658,0.095548,-2.162494,0.652858,-1.224844,-1.503069,3.306686,1.152314,0.982601,0.861362,0.383486,1.564708,1.064500,0.624254,0.091570,0.095294,-0.263867,0.586500,1.917481,0.479072
2641,1,0.726929,0.870984,-1.016545,0.378912,1.903888,0.009031,-1.576239,-0.086489,1.776291,-0.035627,0.537043,-0.430415,-1.172667,0.595751,1.214240,0.260815,-0.922289,-0.027898,-0.283280,-1.098340,3.076000,2.031383,-0.403383,0.627460,-0.319823,-0.355879,1.112285,-0.486092,-0.911957,-2.636310,-1.303255,-0.196515
2642,1,1.791419,1.828324,1.150015,0.051357,0.896882,0.556005,0.199459,-0.418797,-1.084669,2.166703,-1.985807,-0.165723,0.885915,0.818244,-1.568442,-0.861245,0.273897,1.379616,2.891698,-0.301316,-0.802326,0.687622,1.289919,-0.625933,0.190189,-0.054839,0.312883,-0.412221,0.636512,-0.553036,0.138643,0.257683
2643,3,0.651293,-1.189096,-1.098447,0.540329,-0.611049,-0.068962,-0.408308,-0.318687,0.777637,-0.303599,0.669719,1.235647,0.750445,0.155849,-0.176939,-0.894087,0.555759,0.845771,-0.206277,-1.682032,-1.100012,0.583100,0.263786,0.463613,2.723805,-0.879137,0.680923,0.754638,0.222019,-1.734499,0.347564,0.296030
2644,3,-0.959175,0.705145,-1.753677,1.238791,-0.628164,-1.888340,-0.126407,0.135395,-0.202364,0.523256,-0.647285,-0.450663,0.825306,0.291074,0.140010,0.271446,0.289513,-1.107997,1.058375,0.257566,0.449986,-1.273124,-0.465153,-0.919747,2.725394,-0.084661,0.434057,0.761318,0.061937,0.667549,2.096287,0.141351
2645,3,1.164675,1.268887,-1.408736,0.850778,-0.579962,-0.328387,-0.571873,-0.244924,-0.759541,0.334752,1.985325,-1.645633,-1.860636,-0.234575,1.133043,-1.802843,-0.107033,-0.988520,-1.386389,0.124823,0.759050,0.767725,0.236245,-1.994680,0.483809,-1.117960,-0.953462,-0.842179,-1.766389,-0.792391,-0.140238,-0.945962
2646,3,0.057105,-0.193267,0.720485,0.919883,-0.316894,-2.108192,-0.649936,-0.595783,-0.778948,-0.814783,-0.397611,0.148421,0.423817,0.050792,0.142151,0.943949,-0.605886,0.748681,0.532766,-0.645022,0.070098,-0.416520,-0.932251,-0.656392,0.528652,-0.119766,-0.653958,1.147988,0.039733,0.368423,0.033263,2.165551
2647,0,0.711256,0.637468,1.290497,1.346221,0.183751,0.554207,0.017908,-1.147067,1.077471,-0.815246,0.718318,0.135752,-0.095861,0.233949,-0.266569,0.736771,-0.878926,-0.160908,0.116969,-0.535333,0.819912,-0.822155,1.217192,-0.258561,-0.319523,-0.330792,0.541143,2.020373,0.223362,1.122797,-0.079558,-0.197538
2648,2,0.304484,-1.251870,0.331106,-0.178980,0.208519,-1.095111,-2.389298,-0.087317,0.919204,-1.972928,0.344417,-0.159074,-0.795300,-2.549402,-0.304135,0.810085,-2.210875,-0.425568,-0.510955,0.299713,-0.195752,2.186896,0.375921,0.813406,0.033758,-1.635683,-0.618964,0.398910,0.561860,-0.621816,-1.030035,-0.061213
2649,1,-0.883993,0.560653,1.814395,-0.839605,0.064254,-0.784124,-0.461660,-0.962275,0.639008,1.629574,-1.578130,0.723074,-1.372170,-0.954032,1.017771,0.957638,-0.678394,-0.542583,-0.852069,-0.172686,-0.758554,-0.097858,0.667463,-0.226882,0.531683,-0.064957,-2.079399,1.092955,-0.311413,0.489977,-0.796299,-1.242132
2650,2,-1.158276,1.679217,1.212746,0.010201,-0.515538,1.287778,-1.782045,-0.335488,-0.329659,0.287630,0.771528,-0.708153,-0.540349,0.065431,-0.451834,1.546834,0.615860,1.388341,0.254834,-0.223972,-0.154458,-1.337426,1.144119,0.896046,0.657544,0.087240,-0.435440,2.250539,-0.253062,1.755650,0.665919,0.209978
2651,3,0.738558,-0.197430,-0.119829,-0.953005,0.675318,-0.339383,0.263661,-0.267930,0.555061,-1.203712,-1.309176,0.272069,0.888962,-0.124902,0.987181,1.100318,0.320139,1.423856,-0.408672,0.107066,-1.937171,-1.488808,0.809893,0.176653,-0.541221,0.712512,-0.755072,-0.194014,-2.130033,0.169358,-0.888375,-0.899230
2652,3,0.848782,1.167879,0.497807,1.489534,0.924919,-1.212761,0.995171,1.511076,0.781752,-0.594834,-1.217672,-0.492766,-0.606487,-0.122694,0.359655,0.318634,-0.462158,-0.262705,-2.602166,0.488107,0.521380,1.595345,0.343330,-0.754998,-0.931766,-1.245521,0.362318,1.014008,-0.608643,-0.092146,1.639276,-1.166965
2653,3,0.902361,1.252909,0.346196,0.205695,-3.076934,-0.713130,1.305802,0.410139,-0.442993,0.013986,-0.461146,1.019437,-1.388273,-2.391048,-1.038310,2.158281,0.711375,0.580547,0.089647,-0.941242,-0.735576,-0.475066,-0.696624,-0.457440,-0.112299,0.972791,1.430287,-0.361248,-0.303369,0.565971,-0.569892,0.067543
2654,3,-0.252408,-0.008651,0.868687,0.648907,0.042552,0.915249,0.514663,0.283762,0.014916,-0.517140,1.908987,0.118755,-0.299286,-0.800648,-0.989644,1.307490,0.819799,-0.150007,0.232718,-0.970872,-1.189952,0.091876,-1.543564,1.264644,0.225010,-1.423416,0.243528,0.964494,1.003966,-1.202311,0.270496,0.897911
2655,3,0.301781,0.430195,-0.532427,0.820213,-0.168123,-1.893946,0.057005,1.575109,-2.271482,0.243137,1.327519,-0.097282,2.099773,0.433922,1.439563,-0.793985,-0.286022,1.061729,1.159668,0.042651,0.949133,0.804083,2.012068,1.147743,-1.820733,-0.741855,-1.538179,-1.879997,-0.184542,0.551543,0.154903,-1.234131
2656,0,0.711510,0.019742,0.534852,0.468658,-0.029893,0.659920,-1.085415,1.650195,0.314407,0.835323,-0.582733,-0.280491,-1.366453,-0.918971,-1.963084,-1.500977,-1.403998,2.284406,0.836307,-0.661222,-1.217056,0.289988,-1.138195,-0.753812,-2.841787,0.218633,-0.462758,-0.553982,1.441471,0.154205,-1.131323,0.701186
2657,1,1.875211,0.970696,-0.541064,-0.114527,0.598360,1.152032,-1.853189,-0.980009,-0.279585,0.510771,-0.380893,-2.428017,0.987587,-0.013589,-0.219476,-0.636009,0.665593,-2.016709,-0.250050,1.920553,-0.875582,0.209398,-0.558494,-0.044707,-0.265955,-1.341749,-0.777237,-0.544735,-1.173205,-0.861664,-0.404765,-0.292970
2658,2,2.004989,1.798098,1.892019,-0.118375,0.062432,-0.409813,0.221058,-0.124580,-1.495580,-0.484389,1.419899,-0.833189,-0.468524,0.184968,1.228328,0.740400,-2.087124,0.293276,1.120067,0.025199,1.828288,-0.627740,0.270566,-0.153559,1.238048,-2.076066,0.740950,-0.235465,-0.141561,-1.199931,-0.121695,-1.243522
2659,3,1.878478,-0.980750,-1.195086,0.325733,0.916898,-0.197193,-1.801763,0.559171,0.489206,-0.134848,0.876107,0.706732,-1.070707,-0.871647,-2.115637,-0.126155,-0.105087,-1.307279,-2.288587,-0.270434,-1.276448,0.740435,0.929721,1.088768,-0.714905,-1.475779,0.921658,-0.768763,1.144376,-0.814047,-0.204977,-0.417284
2660,2,-0.238155,0.177400,0.261037,1.567187,0.548739,0.091512,1.006879,-0.490111,-0.437514,0.791504,-0.758310,-0.282611,1.090488,-1.546941,0.766273,-0.874977,-1.406392,0.754490,-1.474927,0.172346,-0.357405,-0.063029,-0.069435,0.498675,-0.087289,-0.713229,0.029133,-1.160995,-0.494151,1.025200,-0.811075,0.746330
2661,1,0.178732,0.353594,0.633057,-1.092042,-0.187767,-0.283356,0.597803,1.538478,-1.510355,-0.634357,-0.011442,-0.014463,0.930830,-0.075139,-0.450397,0.687959,-0.099789,0.351042,0.157917,-0.347084,0.886895,-0.485907,-1.732413,-0.897534,0.794151,-1.341390,-0.417515,0.096065,0.408166,0.042575,-0.794241,2.946813
2662,1,-0.722535,0.119103,0.679792,-0.054174,0.914402,-0.774684,0.211257,0.576865,0.900717,0.550973,-1.414853,0.222576,1.098917,0.252079,1.527602,-0.125111,-1.010183,2.758467,-2.406478,-0.416416,-1.000749,-1.554945,0.224397,0.524767,0.653820,1.885796,-0.178567,1.347158,0.395828,0.755949,-0.608091,-0.336862
2663,1,1.294505,-0.622728,-1.457895,0.409922,-1.486530,-0.241199,0.752815,-0.002084,0.798160,0.641925,0.157680,-0.549792,-0.556130,1.526577,-0.343650,0.980919,0.525588,-0.112035,1.364564,-0.230809,0.583133,-0.403773,1.022495,0.252687,0.106459,-0.730130,2.708911,1.017399,-1.183483,0.126997,1.206599,0.226010
2664,2,1.338919,1.660458,3.603710,0.379607,0.369144,-0.801659,-0.632100,1.196651,0.022847,-0.676165,0.480482,0.267070,-0.875639,0.151186,1.043877,0.490148,-0.240590,0.755506,1.478186,1.055069,0.545847,-0.030754,-1.399989,-0.555514,0.045174,-0.214738,0.171868,1.731880,1.375965,0.267922,-1.609736,-0.282413
2665,3,-0.892153,-0.806060,-0.058317,-0.036773,1.977433,-0.153596,0.570159,0.985181,1.074610,-0.769352,0.045225,1.003221,1.597772,-1.808707,0.054132,-0.431213,-2.420312,-0.043843,0.972755,-0.763838,-1.028186,-0.928326,1.439451,-0.144378,0.406867,-0.069242,-0.046410,-0.353273,0.197463,-0.182384,-0.433251,1.009287
2666,0,0.364761,-1.023659,-0.364512,0.126083,0.629126,-0.178555,-1.473713,-0.360723,0.590176,-0.770688,-1.679577,-0.511300,-1.552950,1.553033,-0.551682,0.949777,-0.722421,-0.636146,-0.706356,1.064254,-0.847488,0.473085,-0.366256,0.898292,-1.021158,-0.995075,-0.809504,0.596706,-1.329197,0.693451,0.378380,-0.213201
2667,1,0.923371,-1.214954,-0.375231,-0.699417,1.167630,-0.362754,-0.425045,-0.735076,0.141591,1.628555,0.627652,1.868345,1.708218,0.409721,-0.627403,-1.539081,0.612281,1.190559,-1.226031,-1.088601,0.230729,0.203326,-0.785284,-1.345327,0.671863,-0.218032,0.695298,-0.435705,-0.772879,-1.351381,0.615803,0.282853
2668,3,-1.207572,0.147175,1.871400,2.447249,-0.874864,-1.192202,0.462216,-1.741431,-1.098684,0.394079,-1.823353,0.572047,0.220717,-1.201719,-1.109625,0.333244,-0.519281,-1.286875,-0.060499,1.667959,0.519292,1.047229,-0.273864,-0.021188,0.738756,1.559369,0.936787,1.430775,-0.063777,0.597144,0.017586,-0.743178
2669,0,0.918931,1.573717,0.015340,2.857364,0.203965,-0.266245,0.939580,-1.343968,-0.977974,-1.601194,0.618989,0.959210,0.138636,1.320143,1.254202,1.685297,1.424170,2.051894,3.055031,-0.093863,-1.082851,-2.262670,0.311501,0.029329,0.889750,0.598357,0.131914,-1.070307,-1.121925,-0.462908,-1.175776,-0.945018
2670,0,1.017175,1.378584,-0.181585,-0.230288,2.187254,0.296153,1.332858,-1.331475,-0.004844,0.079902,0.725722,-1.051112,-1.079177,-0.667919,-0.342092,1.134188,-0.054308,-0.530709,0.872381,-0.119151,-0.521706,1.799034,-0.898997,1.432006,2.540343,-1.682096,0.341186,0.079056,-1.251715,-0.917336,-0.438106,-0.374934
2671,1,0.825580,0.864078,-1.664321,0.911971,-1.334253,-0.203807,-0.877701,-2.024149,-0.912797,-0.020432,0.077252,-1.122285,-0.200324,1.031398,-0.705595,-0.473995,0.880570,0.357654,1.034889,0.311702,-0.346448,0.804684,-0.627078,-0.098931,0.042543,-0.126556,-1.301571,0.242995,0.546031,1.634118,-0.321904,-1.015696
2672,2,0.182731,-1.163146,1.043920,1.153640,0.716876,1.865467,-1.723531,-1.002190,-0.661532,0.092509,-0.384209,-0.532515,1.272127,0.917673,-0.430985,-0.257257,-0.099421,0.777660,0.160382,0.688969,0.827899,1.719257,0.662523,0.211214,-0.455116,-0.858817,-0.364097,2.896223,-0.888375,-1.089544,-0.940062,0.074973
2673,2,0.200088,1.855220,-0.107622,-0.624196,0.032882,2.219142,-0.706015,-1.703055,0.671093,1.007239,1.118557,0.934305,1.133297,-1.088692,-0.698071,0.060130,-0.833807,0.249032,-1.202720,-0.303798,0.288431,-1.466915,0.025223,1.620308,0.096173,0.508706,-0.438888,1.131654,-0.259122,0.716655,0.147274,-0.303841
2674,1,0.909398,1.729024,0.415322,0.616522,-1.079984,-0.591880,0.036284,1.067720,-0.887522,-1.129986,0.224795,-2.296011,-0.959591,-0.394668,1.199801,1.192453,1.508156,-0.100581,1.481534,1.879393,1.459686,-0.172754,-2.263861,-1.309666,-0.124740,-0.914171,0.207028,1.841615,1.089228,-0.552681,0.798779,-0.341266
2675,2,0.701687,0.047330,2.084733,0.937791,-0.686025,1.031179,0.367821,-1.672380,0.378604,0.969135,1.019375,-0.901851,-0.291113,0.498275,-0.698390,-1.125051,-0.550931,-0.366878,-0.144956,0.197445,-2.691834,-0.422431,-0.808224,-0.325042,-0.209896,0.117665,0.304597,-2.168470,1.246261,2.662154,-0.241844,0.945981
2676,2,-0.689301,0.293568,-0.915383,-1.757258,2.011826,1.324194,0.023873,0.570035,-1.842193,0.386112,0.962288,-2.608340,0.254757,0.135992,0.720248,0.535105,-0.095051,-1.433487,-1.180410,-0.330410,1.485250,0.684391,0.860346,1.239010,0.716186,1.123065,-0.988084,-0.465364,-0.318669,-1.452060,0.782335,0.132946
2677,0,0.517263,0.762537,1.335781,1.696524,1.263339,0.041591,0.256294,1.009943,-0.872163,-0.011554,1.603780,-0.890968,-0.138148,0.379430,-0.713300,-0.072622,1.330556,-0.802020,1.947343,-1.185293,0.937257,-2.244770,-1.282486,1.913065,0.036476,-0.984361,2.268523,0.772130,-0.594608,0.171555,-0.198686,-0.915098
2678,2,0.901194,2.668063,1.147180,-2.561333,0.617841,-0.177023,0.125394,0.079909,1.046752,1.893128,-0.653094,-0.060478,1.809918,0.344642,-1.413242,-0.013090,0.622961,-1.382459,-0.530945,-0.537305,1.993873,1.604700,0.725216,-0.197946,1.035572,1.003166,-0.341553,0.327022,1.089120,-1.524617,0.359126,1.220442
2679,0,-0.958438,0.460903,0.821547,0.338107,-1.008866,-0.422286,-0.643045,1.291880,-1.115637,0.312861,-1.053762,-0.144494,0.083711,0.615436,1.875758,0.070020,-0.653895,0.936868,-0.762221,0.631586,0.217272,-0.458566,-0.950429,0.127955,0.500532,1.039233,-0.434137,-0.774560,1.043055,-0.150765,-1.496259,0.986065
2680,3,-0.842515,-0.835186,-0.291717,1.936601,-0.474079,0.367605,0.846218,1.357018,1.260524,0.312129,-0.541878,0.007626,0.087824,-0.611793,-0.116378,-0.723257,-1.119311,-0.422081,0.308557,0.920769,1.141624,0.529956,-0.670477,0.345658,1.204114,-0.352740,0.919254,-0.442440,0.120183,-0.796586,0.269124,0.441941
2681,3,0.507768,1.353519,0.791186,0.599765,0.972672,0.564075,-0.268951,0.746632,-0.650227,0.435536,1.073781,-0.312957,-0.527168,0.023612,-1.420963,0.104141,0.645687,-1.006997,-1.377448,1.969784,0.446823,-0.481031,1.339553,0.618473,0.079899,-0.292667,1.225189,-2.353577,0.551692,0.628702,-0.469795,-0.101243
2682,2,-1.587608,0.889840,0.201839,0.485088,-0.097929,-0.011826,-0.661586,0.522172,-0.213694,1.728914,1.086857,0.514900,-0.210342,-2.279660,-0.347603,-0.233819,-0.734875,-1.116645,-2.521046,-2.697972,-0.214492,1.406942,0.467922,-0.374500,-0.450506,-0.194571,0.520850,0.969155,-0.372364,0.758234,0.587521,0.221417
2683,3,-0.312389,-0.109247,0.435030,1.872447,-1.881809,1.936038,1.200457,0.409401,-0.964535,0.626278,0.071186,0.115621,-0.218164,-0.306098,-0.531575,-0.926058,0.128210,1.418228,0.953920,-1.591003,-0.036876,-0.325588,-1.401244,0.738676,-0.540581,-0.305976,0.794550,0.393941,1.277631,-0.426606,-0.039080,-0.645600
2684,2,0.203945,-1.231049,0.291648,0.404691,1.215794,-1.776254,0.666029,-0.640492,-1.457190,1.627585,-1.189454,0.585388,-2.180880,-0.165920,1.945685,-1.921267,1.481222,-0.971226,-0.545457,-0.633091,-1.177398,-0.170625,3.542723,-0.183747,1.400942,-0.127759,1.275011,0.664805,-0.821089,-1.041536,0.119713,-1.831889
2685,1,-0.256349,2.465022,0.558031,-0.863131,-1.192079,0.569851,-0.214691,0.436841,2.166268,-0.977562,1.195820,1.483416,0.992647,0.451135,-0.767999,-0.755924,0.347796,1.392113,1.026648,-1.267157,-0.450436,1.031656,1.261704,-0.114609,1.476596,0.903954,0.093963,0.476572,0.838563,-0.095664,1.172303,-1.399373
2686,2,0.234556,0.990798,-0.611791,-0.194746,0.178656,1.187329,-0.807143,2.354105,0.431067,-0.313263,0.262606,1.030064,-0.363764,-0.565369,-0.657313,-0.701292,-1.852388,0.828545,0.238773,-1.184396,-0.132682,0.601653,-1.222665,-0.097378,0.443805,0.537968,0.016035,1.435487,0.050385,0.482915,-0.100091,0.033301
2687,1,0.512136,0.103710,1.655909,1.846550,-0.457375,-1.227291,-1.068237,-0.388228,0.277992,0.594124,1.318079,0.082121,0.510624,-0.455621,-0.694765,-1.313198,-0.875865,0.171805,-0.104518,1.961880,0.527740,0.381062,0.491257,0.614997,1.131230,0.549909,0.793879,-0.887484,-0.676424,-0.956881,0.143267,-1.142845
2688,0,0.750878,0.329850,0.130593,1.174016,-0.601922,-0.028026,-0.452423,-0.731127,0.206291,-1.506040,1.932905,0.367939,-0.962737,-0.349059,0.396892,-0.062842,1.118587,-1.446249,0.850405,0.286784,-1.584381,1.056878,-0.130850,1.259905,2.284037,-2.250846,-1.505572,-0.048475,-0.801397,0.959315,-0.396418,-0.419666
2689,2,0.982203,-1.690998,-1.471775,-0.097497,1.276979,-0.424037,0.103705,0.243508,-0.944579,-0.020544,-0.220995,0.900913,-0.672617,-0.962480,-0.215077,1.296027,-0.207858,-0.735758,-0.441514,1.791512,0.784069,-0.954246,-0.014697,1.395456,-0.941028,1.709462,0.042761,-1.602529,0.055403,-0.701613,1.014689,-1.207034
2690,2,0.758914,1.156352,2.755298,0.697243,2.081711,0.482349,-0.586878,-0.607475,-2.026496,-0.383459,-0.091657,-0.140889,1.049553,0.872924,-1.637778,-0.705735,0.180556,-0.356216,1.520685,0.758034,-1.161733,0.206793,0.647866,-0.177198,0.413871,-0.686055,0.243006,-2.334305,-1.148243,0.546737,1.045227,0.052822
2691,0,1.384722,-1.383857,-0.678495,1.079071,0.323678,0.778120,-0.178908,-0.013660,-0.314351,-2.102881,0.816376,1.054353,-2.487345,-0.352771,0.098693,0.356060,-0.235936,2.811208,-1.058123,-0.506295,-0.904779,-2.620159,1.474513,-0.275774,1.680482,-0.305147,2.776347,1.058785,-0.894512,1.056638,1.269498,-0.922347
2692,3,-0.767488,-0.562071,0.380820,-1.328991,0.472067,0.052604,0.278194,1.275271,3.828139,1.038695,-2.599333,0.196994,-0.288952,0.155151,-0.666569,0.011946,1.637371,0.050057,0.014686,-0.376735,0.416404,-0.558118,-0.900786,-0.117272,0.379244,-1.897668,-1.139639,-0.107049,0.673620,-0.348317,-1.033608,1.550578
2693,1,-1.734194,-0.113028,-0.348344,0.294248,-0.602249,-0.016076,0.344957,-1.596993,0.138362,0.084160,-1.214327,0.692116,-0.212651,0.351767,0.697845,-0.821142,0.538505,0.950359,-0.589855,0.412636,0.763635,-0.519983,-0.274898,-1.090353,0.656028,0.545358,-0.775823,-0.679855,0.397817,-1.086185,-0.160513,0.901090
2694,2,-0.076795,1.723401,-2.437373,0.734421,0.806583,-0.216962,0.403556,0.250096,-0.369173,0.278235,0.139710,2.322213,0.677456,-0.193792,-1.677492,0.626758,-1.235280,-0.773990,-1.259256,-1.252142,0.314405,-0.146921,-0.030897,0.641338,-1.202181,-0.072629,-0.821136,1.205917,-0.941609,-0.192220,-0.863458,-0.015333
2695,2,-1.147275,0.932412,0.224835,-0.555947,-0.645238,0.332139,0.183985,-1.289624,-1.070050,-0.250380,0.744769,-0.847529,-1.284872,1.444011,-0.847768,0.582501,1.944427,0.361042,-2.468738,0.567263,1.429931,-0.486918,1.374745,2.294199,1.834263,0.586289,-0.113811,-0.958744,-1.006193,-2.092633,1.873966,-1.411343
2696,3,0.100062,-1.850896,-0.248292,0.698138,-0.929269,-0.490336,1.402498,-0.188090,1.749409,0.605456,1.199740,1.968612,0.016262,-0.282210,-0.383000,-1.518424,-1.057193,0.454541,0.163756,0.273727,1.303560,-1.072333,0.343535,-1.234855,-1.393223,-0.657374,1.772301,0.092495,1.327375,-0.525067,0.583629,0.538779
2697,3,1.149206,-1.162243,-1.008439,-1.403292,-0.579989,0.695187,-1.222421,-0.249071,0.157408,1.227018,0.743144,-0.128738,-3.035507,-1.208675,0.327427,-2.683126,1.798566,0.773942,-0.342814,-0.389426,-0.799338,0.463374,0.933336,-0.012032,-0.358192,0.189168,0.252430,0.295906,0.568547,1.665129,-0.459820,0.806146
2698,2,-0.056015,0.292366,0.689160,-0.891383,-1.016330,-0.002924,1.023033,0.404503,1.028152,-1.260084,0.468656,-0.401098,-0.207408,-0.463652,-0.850274,-1.599340,0.919981,0.459415,-1.532352,1.418777,-1.310572,1.534657,0.063719,1.479870,0.256855,-0.504946,1.250535,-0.631274,0.134936,0.387759,0.290274,1.287462
2699,1,-0.370341,1.800153,-0.302241,-1.809813,-0.239818,-0.985832,0.009712,1.449668,-0.798853,-0.723987,-0.915199,-1.639283,0.336690,0.911993,0.602482,2.628565,-0.207708,0.575892,1.076199,-0.490845,1.436994,-0.233434,0.013051,-0.447168,1.319415,-0.455225,-0.733048,-0.008485,-0.238973,-1.047353,0.844662,1.185225
2700,1,-0.496795,-0.944108,0.088121,0.954592,-1.447263,-1.909275,0.415540,1.916135,1.333871,1.226756,0.700266,0.980692,-0.804405,0.533973,0.167002,-2.357347,-0.773036,-0.911681,0.244975,0.843562,-0.997768,0.317705,0.660511,-1.475284,0.778658,0.740656,0.187188,0.063146,-0.676195,2.259763,-0.482878,-0.335633
2701,0,0.578275,-1.751081,-1.390627,-1.229437,-0.482274,-1.301882,1.621921,0.226730,-0.353302,-1.809058,2.484733,-0.107426,-0.908461,-1.059065,0.402137,-0.455927,0.985315,-0.183083,0.088585,-0.288294,1.187098,0.859420,-0.163681,1.048873,-2.517682,0.805394,1.583055,1.324996,-1.727121,-0.514480,0.319540,-0.130381
2702,2,-0.458047,1.417307,1.086503,-0.677070,1.721124,1.935079,0.028691,-2.661189,-0.564557,-0.939827,0.544566,1.392970,-0.079856,0.635302,-0.230994,-0.570418,-0.754601,-1.570466,-1.925424,-0.987143,0.508387,0.254200,1.043285,-0.076881,-1.072471,0.805976,0.249756,0.934125,-0.649769,0.427201,0.291450,0.929419
2703,1,0.032291,0.788916,2.254952,-1.008369,0.993627,-1.241793,-0.725646,1.015969,-0.305641,-0.947724,-0.891688,0.423590,0.931420,0.664237,-0.830267,0.251997,0.224476,0.442473,0.448876,-0.348775,-0.780637,0.502707,-0.531160,3.067022,-1.179181,0.395740,-0.461743,0.819835,-1.216299,-0.908687,-1.598679,0.379031
2704,2,-0.442962,-1.789859,0.871867,-0.791711,-0.913279,1.894067,0.414605,-0.981032,-1.208350,-0.510846,1.281954,-1.587569,0.424814,0.066352,-1.294940,1.906913,0.832157,0.186196,0.588059,-1.116859,0.282759,1.290374,-0.776421,-0.547007,-1.578343,-1.285659,-0.485732,1.416799,-1.196648,-2.520233,1.362012,-0.948925
2705,2,-0.822039,-0.440653,2.235072,-0.635131,-0.429440,-1.459679,1.224790,-0.024910,-0.830680,1.158244,1.078481,-1.182498,-0.082553,0.487215,-0.201086,1.058098,0.979097,-0.255151,-2.216934,0.888951,-0.605454,0.520251,-0.510487,-0.394690,0.272382,-0.154792,0.630092,0.498615,-0.834094,-0.446468,-0.116693,0.138056
2706,0,1.782682,0.543944,-0.447155,1.352291,0.402307,1.209390,0.711490,-1.108816,0.867395,1.274786,0.925953,1.044588,-1.063947,1.646465,0.302544,-1.464435,0.185036,1.092330,0.541996,-0.201110,1.581737,0.856563,1.769312,1.928460,0.108686,-1.120204,-1.407027,-0.845648,-0.605888,0.759422,-0.694115,-0.885728
2707,2,-0.299326,0.883180,-1.434439,-0.697610,1.546147,-0.428038,0.122575,0.973648,1.091504,0.037946,-1.159431,-0.833645,-0.886650,1.197511,-0.484583,0.418653,-0.538675,0.564551,-0.243655,0.497266,1.069700,0.154118,0.622891,0.104282,-0.701689,0.174484,1.417439,0.061864,-0.131987,-0.778619,-0.065040,-1.063497
2708,1,-0.278901,1.000579,0.967655,0.340206,-0.646595,-0.041168,-0.401257,2.353852,-0.396101,-0.403453,-0.650817,-0.276479,0.124304,-0.362589,-0.799596,-1.019123,-0.129809,0.243090,0.156385,0.408360,-0.262168,0.265192,-1.669498,-0.624202,0.064098,0.162004,-0.280796,-0.949142,0.637312,0.608972,0.275777,0.553670
2709,0,-0.560294,0.273497,-0.842725,0.163758,-0.491711,-0.018305,-0.370684,0.126780,-0.173090,-0.575354,1.244266,-2.164610,-0.432644,-0.162150,1.538813,-0.031403,0.239199,0.558313,1.250929,0.432764,1.551576,-0.414350,0.697911,-2.205033,0.890177,-0.301400,0.341788,2.545336,-0.842524,1.005693,0.058018,0.324390
2710,2,-0.875345,-0.661089,0.717266,1.759591,0.148526,0.900983,-0.647166,1.381973,0.277381,0.630338,0.540918,0.179655,-1.191944,-1.459330,-0.674944,-0.892974,-0.462101,1.285841,-0.702056,-1.823229,0.612905,0.174495,-1.684852,1.140733,-0.287940,-0.612643,1.139705,-0.807131,-1.350763,-1.336952,1.481440,-0.948578
2711,1,-1.067331,-1.349940,-0.215800,1.236799,-1.451444,-1.013857,-0.817450,-1.531479,-0.858945,0.115111,0.744871,0.608201,1.982250,0.327366,-0.963956,-0.272553,0.178753,0.589281,0.220894,0.013344,0.377775,0.532338,1.756164,-0.075246,-0.676357,-1.458430,1.859310,1.457755,0.747955,-0.066903,-0.361103,0.234437
2712,3,0.961359,0.204354,-0.716515,1.562364,0.290161,1.144645,0.231098,0.042476,-0.988422,0.986074,0.788093,-1.288007,-0.153005,-1.142579,1.221162,-0.130104,0.983173,2.437921,-0.571154,0.618922,0.739521,0.608284,0.789505,0.432873,1.014131,-0.063498,0.679762,0.247563,0.471090,0.420420,-0.041105,2.357820
2713,1,-0.296807,-1.189449,1.287372,-1.426568,-1.289970,-1.143567,-0.494036,-0.369537,-0.808138,-0.963756,-0.876226,0.764003,-1.625585,-1.594964,0.219984,0.432988,0.638464,1.090411,-1.852007,-0.310355,0.464833,1.718601,1.093405,-0.487903,-0.271336,1.220071,-1.119667,-0.466316,0.273090,1.779430,0.124546,1.335921
2714,1,-1.028299,1.706212,0.662695,1.328169,-1.710626,-0.440069,-0.029585,-0.938974,0.176159,0.064321,-0.109248,0.573859,-1.247972,-1.613412,-0.180534,-0.099391,-0.914124,-1.115595,1.124568,-0.453959,0.423251,1.486575,-0.816773,0.101927,-0.630558,-0.522726,1.492954,0.499766,-0.269218,-0.780538,-1.273422,0.057679
2715,0,1.116875,-1.837140,1.790210,1.007381,1.085377,-2.708146,1.596315,1.598544,2.129045,-0.881856,1.764155,-1.088006,1.993990,1.037370,-0.999664,0.766364,-0.230132,0.238852,-1.113012,0.387911,0.353191,-0.195222,-0.308360,0.235939,-1.369788,-1.096067,-0.906755,0.341114,-0.251593,-0.783570,-1.289199,-0.027659
2716,2,0.986679,0.279009,-0.248669,-0.482179,0.231940,-0.154264,-0.325510,-0.698604,0.688273,0.002755,0.038803,0.799589,0.588447,0.851271,-0.611482,-0.807818,-1.600335,1.918375,-0.438756,-1.379926,-0.132227,-0.534594,0.022312,-0.796676,0.588692,2.059837,0.692958,-0.061261,1.349585,-0.399491,-1.492655,0.101627
2717,1,-1.064190,0.110041,0.495744,0.141879,0.600690,-1.468896,1.239807,0.601884,-0.244094,0.993349,-0.661968,-0.800154,-0.806400,-1.379436,0.749758,-1.461159,0.153242,-1.358656,0.067990,0.474536,-0.317239,-0.164431,-0.604529,0.547110,0.750441,-2.070741,0.653622,0.693872,-0.227809,-1.728293,-0.298807,1.931609
2718,2,-0.597649,0.307288,1.022395,0.921359,-0.717090,-0.496868,2.741577,-0.144665,0.164368,-0.816985,-0.201025,-0.555704,0.918718,-1.373415,0.615800,1.243037,0.914376,0.890046,-0.470514,0.819747,-0.490054,0.024280,-0.348541,-1.317108,-0.492430,-0.674162,1.615597,-0.204207,1.955900,1.671085,-0.925633,1.062584
2719,0,1.657571,-0.335573,1.209983,0.771995,-0.012485,1.050288,-0.812686,-0.875984,0.780071,-0.355466,-0.411633,0.260557,-0.316671,0.686307,-2.217959,-0.373088,-1.056206,0.968727,-0.380020,1.468394,-0.274608,-0.776546,-0.067991,-0.450219,-0.631213,0.591646,1.858068,0.807117,0.284708,0.187337,-0.493872,-0.483903
2720,2,-0.101489,0.447836,0.510828,-1.160603,-2.104793,0.661267,0.182899,1.271967,1.093131,-0.863876,-0.168564,-0.282401,0.293067,-0.360692,1.051160,1.199595,0.022736,0.359737,0.076106,-1.156819,0.709276,-1.814225,0.261145,0.089443,-0.910688,-1.847248,-0.002281,1.495341,0.784517,-0.822915,0.754832,0.066699
2721,2,-0.809370,-0.523843,-0.058384,-1.033209,0.032950,-0.045066,-0.943803,-0.096560,-1.113978,-2.238023,1.843104,-0.243892,-0.161437,-1.820773,-0.759463,-0.182181,-2.103222,-0.963309,-1.643747,0.472300,-0.331667,0.142747,-0.052695,0.724036,-1.034803,1.663263,0.555353,-1.083631,1.777830,1.063322,-1.044694,-0.995192
2722,1,0.361105,1.363788,0.250193,-1.571618,-0.059734,-0.203928,-1.092309,-0.740027,-0.888245,0.099976,0.224269,-1.089502,0.796988,-0.202791,-1.790339,1.127993,-1.536380,1.266235,0.099658,-0.042488,-0.219926,-1.083566,1.859981,1.843418,-0.166972,1.430712,0.097834,-0.239982,-0.049040,0.107059,0.692949,-0.416078
2723,1,1.557931,0.266584,0.153134,1.075131,-0.333800,-1.387828,-0.752187,0.201407,1.418590,-0.895044,0.092364,0.757303,0.427376,0.114082,1.227600,-0.834900,0.495183,-0.627296,-1.588872,-0.186976,-0.939587,0.769255,1.788126,0.393081,-0.527356,0.259395,0.402954,-0.884814,0.200071,-2.899248,0.415784,-0.461592
2724,0,-0.110744,-1.322504,0.936657,0.021702,-0.001569,0.653486,-0.294390,0.504076,-1.066686,1.131756,-0.789834,1.139614,0.627653,1.201513,0.625925,0.283399,0.382535,-0.485012,1.253707,0.237961,0.737760,-1.112858,-1.306607,-0.126710,-0.454972,-2.074912,-0.599399,0.149198,-0.120229,0.639089,0.989496,-0.243959
2725,3,-0.193786,-0.004366,1.492001,0.859839,1.474699,2.655443,-0.036073,-1.107356,0.123754,-0.156221,1.392761,-0.477283,1.486407,-0.346659,0.294145,-0.257796,-1.154923,0.057267,-0.857053,0.153238,0.769016,-0.529057,-1.711142,1.852309,0.240644,0.724447,-1.154694,-1.344739,-0.722401,0.781946,-0.733236,0.496927
2726,0,-0.415133,-0.699202,0.530692,-1.255377,0.407451,-0.875168,-0.326321,-0.762361,-1.637494,-2.214762,0.039080,-0.375481,-0.958714,-0.368813,-1.021632,-0.613558,1.995844,-0.789492,1.410003,0.026118,0.425740,-0.099331,-1.438593,2.574423,2.285656,0.740004,0.141858,-0.303697,-0.805823,-1.195512,1.284069,-0.242674
2727,3,-0.188914,0.347712,0.517312,0.084005,0.060581,-1.283950,0.629680,0.553095,-0.692869,1.065625,-0.469575,0.501548,0.470404,-1.443734,-0.238749,0.752018,-1.944449,-2.459049,-0.873942,-0.700055,-1.023264,-1.278615,-1.045659,0.395168,0.017132,0.791727,0.244557,-0.220143,0.792530,-0.890743,1.371230,-0.153127
2728,0,-0.664415,0.783940,0.395623,0.754831,1.671738,2.228099,-0.577817,1.003427,-1.210949,0.413778,-0.685335,1.066014,1.255528,1.460544,-0.355911,1.364006,0.443933,-0.159647,1.059012,-0.684721,-1.637951,0.758123,1.698278,-1.606857,1.063845,-0.324917,-0.042292,-0.609569,0.513541,-0.448233,-0.147238,-1.286221
2729,0,-0.106827,1.308740,0.456699,0.173248,-1.025365,-0.470668,-1.021617,0.353403,-0.933013,-0.481050,2.006855,-1.697125,0.181391,1.106690,-1.697316,1.756817,0.029883,0.370026,0.543715,0.748107,-1.209666,0.096308,-2.613649,0.309478,0.481098,-0.806046,-0.703471,-0.211040,0.455731,-1.011478,0.428119,-0.024189
2730,0,-0.378439,1.212705,-1.739052,-0.474367,0.704879,0.153430,-2.133777,-0.633919,-0.514943,0.242143,0.101553,0.179530,-1.021802,0.564825,-0.972041,-0.249032,0.167540,-1.555925,-2.000412,-0.137349,0.529056,1.454711,-1.018514,0.189601,-0.168716,-0.739379,-0.131341,0.490779,0.134606,0.188214,0.816646,0.447263
2731,1,0.149545,-0.474991,0.281522,-2.854268,-0.414667,-0.470056,-0.356509,-1.157351,0.560257,0.794236,-1.241826,-0.260421,0.289957,0.594772,1.737317,-0.278243,1.918918,0.363656,0.597264,0.021545,0.855135,0.383171,-0.648556,-0.395285,-0.390504,1.611603,-1.235025,-1.214604,-0.070610,-1.142411,-1.227990,-0.977908
2732,2,-0.218064,-0.176220,1.605703,-0.374158,-1.078488,-0.223907,2.511559,-0.606451,0.215306,-0.556397,-0.396004,1.804477,-0.381672,-0.205154,-0.030385,-1.094138,0.395206,-0.236578,-0.880130,-0.472005,-1.426178,-0.622329,1.101504,-2.154656,0.501139,2.066233,-0.901111,-1.530860,-1.124573,0.801407,-0.300935,-2.286790
2733,0,-0.927551,1.165256,-0.380993,0.255083,-0.374302,-2.106064,-1.667300,-1.819484,0.348709,-0.569599,1.559003,-0.474485,-1.640256,0.258782,1.332370,1.617897,-0.942491,-0.192833,-0.090199,0.123791,-0.801916,-0.189414,0.322565,-0.341123,0.345319,-0.670429,-1.089605,-1.071971,-0.198519,-0.731140,0.209358,0.124934
2734,2,-0.567158,-1.100255,-0.455262,-2.142870,-1.250269,0.821692,-0.350242,-0.948302,-1.287137,0.929382,-0.170435,0.177924,-0.475907,0.484843,-0.516626,-0.179228,-1.579146,-0.983235,-0.428114,0.085244,-0.211435,0.301793,-1.456401,-2.049353,1.250116,-1.071106,0.325137,1.077760,-0.425495,0.323102,-1.383674,1.614166
2735,1,1.074986,1.594667,0.322655,2.230724,-1.186602,1.113419,0.571920,1.214447,-0.293187,-0.555338,2.041131,-1.515535,0.613949,-0.680064,-0.743493,-1.838839,-0.860673,0.432956,0.897681,1.029705,0.763823,-0.059188,-1.311021,0.563881,2.554448,-1.032182,0.517845,0.916752,0.299738,0.539373,-2.136440,0.145148
2736,0,-1.737111,-0.052566,-0.684807,1.123034,0.667572,0.505036,-0.753755,-1.518777,-0.155675,-1.230258,0.725628,-1.259081,1.679066,1.132492,0.308980,1.245386,-0.038710,-0.455656,2.484491,1.016264,0.034548,0.238747,1.093029,0.884630,-0.884255,1.601171,-2.334970,-0.139451,-0.538505,-0.480808,-1.599573,0.582139
2737,1,-0.440738,-1.748971,1.092065,-0.839410,0.584663,0.195855,1.542513,0.086451,1.481568,1.119685,1.353823,1.209121,-0.357791,0.250441,-0.253303,1.052529,0.036483,0.132307,1.231300,-0.421000,-2.350956,-0.959240,0.070809,0.377680,0.277289,1.220445,-0.946734,-0.230548,-0.319260,1.105857,-0.097518,0.890468
2738,1,-0.927689,-0.193156,-0.829865,-1.051227,-0.271350,-0.018317,-0.464343,-1.163060,-0.471569,0.613330,0.410968,0.864748,-0.684539,-0.057145,-0.240428,-0.485620,-0.779650,0.080773,0.576806,0.375145,1.008718,-0.600435,-0.459004,2.400055,-0.079354,0.758328,-0.782043,1.020299,-1.478789,0.873628,0.288148,1.057807
2739,0,0.015807,0.459178,1.315656,-0.636563,-0.111164,0.105529,-0.101562,1.168629,0.713697,-0.080872,1.756247,1.458166,1.083613,-0.155102,-1.118408,1.067246,-1.262488,-0.681185,-0.217879,-2.348983,-0.938224,0.244755,0.692251,0.688883,0.890575,0.917374,-0.434613,0.715240,1.211050,-1.136194,0.920945,-0.915120
2740,3,1.433820,1.242280,-0.393336,1.385350,-0.220400,0.665130,2.411031,-0.434725,-1.581095,1.774063,1.073598,-0.949010,0.949361,-1.450181,-0.403911,-1.635407,2.934173,-2.218922,-0.654033,-2.095589,1.004590,1.671538,-0.357336,0.362304,0.119006,0.122924,0.744339,-0.515015,0.156620,-1.522636,-1.561831,-0.682919
2741,0,-0.255086,0.079283,-0.560166,0.669056,-1.790068,1.214596,-1.639819,0.665057,-0.627351,0.475616,1.047466,-0.927812,-0.644863,0.114872,0.393172,0.780797,0.206628,0.942258,-0.534287,0.800738,0.059421,0.441975,-0.100709,1.134016,-2.530925,-0.454687,1.243141,1.162246,1.503048,0.370124,-1.728487,-1.338583
2742,1,-1.367289,0.263592,0.989483,0.061451,0.248430,0.148525,-0.387247,0.964494,2.720990,0.701450,-1.029540,-0.723079,-0.542399,0.404141,-0.182206,-0.850207,0.442680,-0.145997,-1.065552,2.004232,2.215111,0.821355,-0.845567,-2.467902,-0.109184,0.049272,-0.076190,-1.065902,1.207407,-0.226654,-0.411831,0.725311
2743,1,0.342783,0.698776,0.774951,1.612478,0.783050,1.649651,0.924205,1.020763,-0.571990,0.148978,0.530194,-0.421872,0.817332,1.035666,-1.099194,0.637530,-1.384910,-0.069986,-0.780264,-2.701170,-0.628338,-1.159470,-1.628494,-0.473723,-0.916752,0.539827,0.886647,0.446377,-0.021508,0.077666,-1.526001,-0.257847
2744,2,-1.218300,-1.383802,1.568623,-0.828345,1.153055,0.003420,-0.678835,1.378589,1.621530,-0.712940,-0.876884,-1.102534,-0.752025,0.694407,-0.661054,-0.291463,-0.063424,1.138630,-0.093395,-0.243584,1.204740,0.284577,-0.208439,1.171428,0.695911,0.346759,0.019175,-0.235432,1.143276,-1.401420,1.910467,0.484213
2745,3,0.436255,-1.001049,1.864620,1.932744,0.080655,-0.867755,-0.059052,0.970575,-0.425204,1.098210,0.369643,-0.326353,1.004303,1.834096,-1.503711,-0.733113,0.488369,-1.691159,1.228539,-1.321316,0.102916,1.137704,2.273986,1.625373,-0.280540,0.350680,0.168164,0.127625,-0.330783,-0.053683,-0.322827,0.677504
2746,3,-0.109049,1.523199,0.839407,-0.584647,-0.698116,0.380640,0.738836,-0.456757,-0.777249,0.712143,0.339681,-0.091647,-0.416807,-0.864744,2.115343,-0.585243,0.712669,0.940938,1.517588,-1.080624,-0.066444,-0.537214,0.299457,-0.187683,1.347018,2.211348,-1.219818,0.171140,1.669901,0.091573,0.169052,1.320926
2747,2,-0.828814,-0.877730,-0.678005,0.581888,0.360356,-1.033811,-0.721108,0.025448,-0.577615,0.014232,0.666839,0.251181,-0.115484,1.405948,-1.054167,-1.864907,-0.098140,-0.750471,-1.484889,-0.245722,2.689131,-0.211304,-0.541572,-0.379008,0.816619,-2.156314,-1.205319,1.346753,0.835107,-1.090829,-1.042135,1.365285
2748,0,0.985620,-0.285290,-0.316111,0.373782,0.320610,0.455792,-0.546122,-0.420874,1.979995,0.545813,-0.050066,1.635003,-1.977373,-0.512252,-1.047844,0.119419,0.009933,0.080996,-0.718600,-0.231363,-1.561162,1.181379,-1.294778,-0.571558,-0.718237,0.195526,0.702125,0.113429,-1.164392,3.554519,0.424219,-0.538091
2749,2,-1.558383,0.336527,0.443351,1.108969,-0.272006,-1.371432,3.047529,0.006898,0.102296,-0.466089,-0.630212,0.277163,0.049336,0.724528,0.151485,0.817279,-0.441273,-1.705894,0.980103,-0.272311,-1.658743,-1.617885,-1.049941,0.520897,-0.156158,0.796365,-1.090425,0.374184,1.402957,-0.970790,0.912916,-0.243921
2750,1,0.791704,-0.194809,0.408576,-1.790015,0.645696,-0.602034,-0.490574,-0.167644,-1.787176,0.547615,0.019505,0.329284,0.665777,-0.835661,0.376749,-1.339759,-1.190609,0.843277,0.912887,1.209867,0.531171,-1.024282,-1.477629,-1.532412,-0.181433,1.314672,-0.987649,-0.232702,0.100970,-0.542344,0.408331,0.604068
2751,0,1.142253,-0.324003,0.876998,-0.821853,-1.439224,-0.097567,0.417904,0.222959,-2.126559,-0.567016,-1.015102,1.792194,0.286061,0.092563,1.573031,-0.741817,1.702074,-0.178639,0.210331,-0.788267,-1.027444,0.030349,1.180776,1.161613,0.335915,0.565991,0.407722,-0.694534,0.274876,0.206883,0.554633,-0.883000
2752,1,-0.021601,1.009331,-0.885037,-1.488476,0.269071,0.887296,-0.272435,0.491432,-0.345352,0.606985,0.928375,0.022237,-0.862392,0.387943,0.595148,-0.289892,-0.286788,-0.733533,-0.473560,0.130259,1.734062,0.930671,-0.459444,-0.329049,1.132004,-0.060024,-0.340800,-0.166318,1.698609,0.749294,-0.216730,0.084389
2753,3,0.356788,-0.577249,0.050110,1.625858,-0.304709,0.880137,1.420286,-1.299283,-0.230493,0.926807,-1.169474,0.114178,-0.132507,1.823723,1.302329,0.624412,-2.669570,0.560079,0.482891,0.413576,0.239865,-0.300671,-0.896449,-0.018222,-0.323929,-0.835206,0.266050,0.848001,0.193427,0.059744,0.004875,1.457350
2754,1,0.994442,1.503411,-1.591608,-1.007917,1.249038,-0.802419,0.016223,-1.593753,0.322720,1.629956,1.347718,2.259188,-0.208770,0.548798,-0.150603,1.472227,0.935601,-0.241848,-0.677233,1.207400,1.470676,0.908337,0.082721,-0.425908,1.281615,-1.232792,0.055265,1.182501,-0.751072,-0.397441,-1.624187,1.513782
2755,0,1.105390,-0.895196,0.277439,0.543968,0.450638,0.548327,-0.505142,0.429257,-0.440557,0.243680,1.214829,0.852971,-0.545907,0.419328,0.091590,-0.377797,-0.705822,-0.736963,0.641226,0.661692,-0.378813,1.474530,0.113172,1.554536,0.049991,-0.151092,0.076305,-0.622584,0.523495,-1.018568,-2.023196,-0.117573
2756,3,0.653721,-0.727185,0.012303,-0.473294,-0.178564,-0.533378,1.460792,0.857900,2.010673,0.068589,-0.270425,0.351377,0.217414,0.151484,-0.435272,0.137638,-0.841788,0.202259,-0.984498,0.141986,0.336565,-0.637994,-0.674141,1.675503,0.804625,0.996704,-0.756262,-0.680451,-0.532759,0.009964,-0.787485,-1.034272
2757,3,0.350651,0.631985,-0.269045,-1.356664,0.058173,0.275511,1.033779,-0.536469,0.619078,-1.610805,0.869700,-0.442263,-0.314717,0.729818,-0.004245,-1.271562,0.792604,-0.010703,0.867698,-0.172630,1.060036,1.066434,-0.403546,0.808201,-0.606966,0.375360,-0.297118,-0.001490,0.805717,1.732224,-0.237854,0.763966
2758,2,0.198649,1.664010,2.354192,-1.904055,1.279239,0.040399,0.075765,-1.397309,0.897375,-0.240728,0.842882,0.886122,-0.379758,1.170555,-0.210192,-3.008296,-0.465771,1.310012,0.356613,-0.837181,0.231052,-0.646209,0.358415,-0.783703,1.528669,-0.195339,0.324944,0.160779,0.427807,-1.224640,0.820404,-0.644824
2759,3,-0.923793,1.871172,0.166494,0.916979,0.008737,-0.913687,1.355576,0.080626,1.354572,-1.596148,-1.083255,-0.408426,1.102288,0.076834,1.167518,2.401134,0.114090,0.868602,-1.998686,-0.296650,0.135582,1.993422,-0.335577,0.160554,-0.457452,-0.433942,2.051898,-0.627958,0.857676,0.456758,-1.365629,1.016110
2760,0,0.284353,-0.289776,1.243888,1.267245,-0.567142,-1.907509,-0.183887,-0.477815,1.091177,-0.115887,1.063429,-0.825866,1.573495,-0.265698,0.723243,2.105045,-0.220907,0.212349,-1.168916,0.179295,0.728642,-0.513377,-1.787564,1.837145,0.417670,-0.816879,-0.944045,0.632007,0.530725,0.572710,0.209981,0.993608
2761,0,1.460815,-0.365816,-0.336065,0.231317,0.156901,1.510259,0.607040,0.899778,0.481793,0.278680,0.296100,0.900376,0.856278,0.235974,0.433807,0.552327,0.904840,1.251977,1.152367,0.345532,-0.955027,-0.059461,0.091365,-0.511016,0.012953,0.990909,0.215129,0.314489,1.732339,-0.869119,0.692763,0.994027
2762,2,-1.211080,-1.279005,2.451773,-0.834275,-1.154196,1.209372,-1.355669,-0.542480,-0.495907,-0.736022,0.386786,0.729298,1.938679,2.163995,-0.102835,-0.932033,-0.892039,0.288554,0.904086,-1.012432,0.866784,-0.452277,-0.798415,0.307944,-1.397309,0.891383,0.930211,0.566162,0.286546,1.279383,-0.099381,0.571841
2763,0,0.959039,1.089195,0.432284,-0.366305,0.427446,-1.844080,-0.489636,0.061935,1.625159,-0.486304,0.696496,0.341965,-0.650814,1.324290,0.071225,1.449181,-0.186476,2.115914,0.736917,0.099261,-0.046813,0.268909,-0.305531,1.347191,-0.079445,-0.610233,0.926169,0.048789,-0.823308,0.791560,0.620036,0.907153
2764,3,-1.793381,0.830369,1.718200,1.387799,1.409853,0.124603,0.049833,0.198816,-0.697466,-0.877345,0.013217,-1.528898,-1.536112,0.059330,-1.317217,0.415550,-0.013046,0.109971,0.785931,-0.853628,-0.324780,-0.330599,-1.384676,-1.618886,1.145088,0.731978,0.957980,-1.160556,0.842203,-0.734917,-1.037149,0.239398
2765,2,1.061723,-0.136652,-0.906947,0.932879,-1.721873,-1.025620,-1.820883,-0.410689,1.793715,-1.575668,0.803763,-0.827482,1.179074,0.090784,-1.166149,-0.790287,-0.362101,-0.638306,-0.792583,0.282549,2.109880,-1.151059,-2.280596,-0.804053,-1.049279,-0.290278,-0.186812,-0.073953,0.408367,-1.634343,-0.953650,0.874397
2766,3,-2.186801,-0.913787,1.467402,1.620751,-0.521485,0.897885,-0.378785,0.608762,-0.652446,0.685219,0.230393,-1.387234,0.332328,0.597320,0.816127,-0.490677,2.012213,-0.258437,1.915267,-0.178045,0.093399,1.050726,-0.424076,-1.639350,0.370151,0.873321,-0.304326,0.159596,-1.123153,1.716704,-0.311136,-0.250406
2767,2,-0.542976,0.134902,0.312043,-0.410669,-0.545194,-1.394335,1.674821,-0.778513,-0.981383,-2.396383,-0.212355,1.301889,-0.779459,-0.568681,0.905942,1.497724,-0.149579,-1.016543,0.206409,0.461021,2.266264,-1.594557,1.147439,-0.079161,-0.170706,-1.813735,0.537425,0.618693,-0.095054,-1.224676,-1.333934,0.232409
2768,2,-0.838712,0.849148,0.888833,0.334540,0.303207,0.746319,-0.222848,-0.194874,0.026285,0.521258,-0.469495,0.131029,-0.201278,-0.190565,0.329743,-0.590677,0.389484,-0.980110,-0.246375,0.180891,-0.104845,1.412365,0.024813,-0.925076,0.511720,-0.038386,-2.265331,-0.279713,0.498511,-1.128517,-0.460133,-0.735367
2769,1,0.518647,1.249733,-1.008976,0.233269,-0.018837,1.558911,2.303240,-0.618041,-0.356335,-1.019268,-1.223599,0.780369,1.197696,-1.332140,0.140669,-1.435507,1.338322,-1.437870,0.006021,-2.319202,-0.101632,0.704587,0.535688,-0.324432,1.091488,0.935679,0.342652,0.945534,-0.832009,-0.144808,0.887843,-0.571831
2770,0,2.440390,-0.781766,-0.566724,-1.365872,-0.647135,-0.242058,-0.470597,-0.753821,0.819777,-0.453039,-0.269664,-0.539396,0.521006,0.033975,0.850350,-0.647786,0.055916,1.263839,-1.806260,-0.210559,0.039914,1.667495,-0.916177,0.331527,-0.359772,2.219043,2.129798,0.935696,0.097648,-0.813834,-0.834630,1.615067
2771,2,0.269408,-0.549750,1.299188,-0.039003,-1.217704,0.560991,1.130619,-1.590823,-0.485619,-0.917008,-0.063342,-0.603874,0.368168,-0.172194,0.473772,-0.014011,0.753779,-1.408650,0.368614,-0.228599,1.349202,-0.402031,0.226822,1.138142,-0.306669,1.040677,-0.727580,0.388338,0.302244,-1.093039,0.128593,2.733905
2772,1,1.324374,2.674706,0.588753,-0.882972,0.620699,-0.763456,1.454346,-0.004648,1.185555,1.027585,-0.850084,0.181214,1.988053,-1.056641,-0.658128,-1.838404,-1.534857,-0.356799,1.188221,0.736607,-0.687235,-0.224956,-1.378947,-1.351403,1.411639,0.132703,0.310339,-0.737311,-0.270380,-0.499776,1.382560,-0.530498
2773,3,1.285764,2.173969,0.849732,-0.262267,-0.700371,0.257587,0.557369,1.443541,-2.533996,1.148315,0.956212,0.532635,-0.113078,-2.299740,0.349267,-1.248605,-0.844191,-0.126327,-0.069682,-0.586079,-0.400028,-0.369185,-0.331422,0.182275,-0.206603,-0.207275,-2.494999,0.404417,0.139783,0.320132,0.717682,-1.208126
2774,1,0.661793,1.346325,-2.333892,-0.562272,1.461988,-0.175867,0.005396,-0.622613,0.911782,-0.916879,-0.756969,-0.625259,0.131489,-0.432005,0.809601,-0.628222,0.699416,0.784132,0.769160,-0.655142,-0.774491,1.948537,0.798470,0.259067,-0.538602,-1.145808,0.121335,-1.682133,-0.573321,0.701802,0.030469,-0.716383
2775,0,-1.825385,-3.422791,0.210451,-0.353179,0.092342,-0.100221,-0.558451,1.453844,1.107403,-1.630652,-0.400492,-0.810587,0.831731,1.055711,1.099732,0.003677,-0.314980,0.383954,-1.623381,0.036069,0.475466,0.140454,-0.241354,-1.202247,0.809766,0.973796,-1.258958,-0.387930,0.411742,-1.317526,-0.138640,0.533904
2776,1,-0.016306,-1.172841,-1.719881,-0.586455,-0.684927,-1.580909,-0.486272,-1.720115,-0.581991,-0.348809,0.350678,0.921140,2.090884,-0.614038,-0.727758,0.000274,0.282300,1.057327,-1.163993,0.485098,0.204760,0.916516,0.587519,0.705772,0.867569,0.465554,-0.979993,0.855908,-1.472710,0.872953,0.208553,0.317326
2777,2,2.616202,-1.453134,0.721755,-0.867064,1.207358,-2.459737,0.555552,-1.499463,0.082531,-0.288848,2.374521,0.898549,-0.421517,-0.062311,0.761746,0.403206,-0.400749,1.367221,0.365949,-0.584446,-0.917410,0.333848,0.049832,0.553711,-0.517212,1.149552,-1.627072,-0.550044,0.195926,0.384008,-0.610373,0.695579
2778,2,-0.653831,-2.850672,-1.278154,0.698700,-0.680096,0.291004,-0.167647,-0.120121,0.660754,-0.473147,-0.641145,-0.101276,0.264731,0.540223,0.317719,1.342355,0.412495,0.811982,-2.317842,-0.580519,-0.263541,-1.351947,-1.808930,1.957598,-0.941217,-0.789403,-0.558082,0.632412,-0.912329,-0.168740,-1.294509,-1.231489
2779,0,0.164076,-0.004523,0.223539,-1.236748,0.843618,0.670240,0.592604,-0.556408,-0.339264,-0.915152,0.901276,0.008133,-1.864518,0.030457,1.082394,1.339351,1.087230,2.242296,0.809886,0.516867,0.672633,0.269862,-0.628260,0.392508,-0.437195,-0.450480,0.778382,-0.387504,-2.212583,0.593710,-1.019142,-1.774055
2780,0,-1.247832,-0.430264,1.126053,1.182604,0.555955,0.591080,-0.944940,-1.392333,2.063630,-1.050745,-1.575787,0.479495,0.902477,-0.293974,0.836478,0.778685,2.383014,0.515695,-0.760994,-1.221140,-0.861483,-0.019225,0.934745,0.495574,-0.107243,-1.322720,0.695314,-0.174755,2.359944,-0.513386,-0.638591,0.779495
2781,3,-0.865564,-0.614783,0.577512,-0.946768,-1.429826,1.138285,-0.823168,0.459291,-0.803224,-1.623496,-0.954018,0.184956,0.450906,-1.023874,0.835472,-0.662536,0.682114,1.547208,1.214556,-0.508696,-0.091568,0.885609,-0.090585,-1.085597,1.024875,0.549483,-1.624606,1.139511,1.155504,-1.354578,-0.024177,0.122062
2782,2,0.274614,1.180495,0.208975,0.515759,-3.152167,0.074566,1.104613,0.143573,0.182714,0.576477,0.534697,0.702862,0.125156,-1.555269,0.649026,-0.264881,0.584386,-0.724938,1.005140,-0.337486,0.394720,-0.489761,-1.516939,-0.914624,1.306038,-0.372042,0.011237,1.217385,0.143794,1.138050,0.744877,-2.557097
2783,3,1.116776,1.067936,0.353667,-0.396144,0.349304,-0.197942,-0.396072,0.754396,-0.391319,-0.767531,1.548566,-0.210125,-0.131856,-1.848666,0.275752,-0.988654,-1.088836,1.347520,0.778238,-0.369896,0.169060,-1.592583,-1.146489,-1.668746,-1.576916,-0.085534,0.380628,-0.294851,0.291329,-2.213710,0.363449,-0.693076
2784,1,0.066419,0.514507,0.511658,0.017991,0.719234,-0.066986,-0.936020,-1.408882,-0.094015,0.067785,0.464964,-0.668855,-0.801286,0.955188,2.002757,-0.227591,-1.404211,0.348575,0.127940,0.552588,1.345174,0.291928,-1.631817,1.650949,1.557131,1.967172,-0.822628,-0.070364,1.291202,0.909862,-0.835979,-1.308301
2785,2,1.337089,-1.467475,0.238720,1.205341,0.621011,-1.829361,-1.044821,-0.242271,-0.144105,-0.247617,1.737778,0.654151,-0.371070,-2.078628,0.860743,1.419711,0.200221,2.022179,0.687270,0.285121,-3.120968,-0.455748,0.967366,-1.879381,-0.216152,0.004744,-0.095631,0.510750,-1.507188,-1.621882,1.179272,-1.592455
2786,3,0.134570,0.224672,0.907904,-0.399194,0.591485,2.484105,-0.230483,-2.328523,0.838003,1.636280,-0.000211,-0.468848,0.035931,-0.245534,-0.387341,2.081392,-0.501879,1.136797,0.583595,0.478968,0.859588,0.365039,0.664015,-0.462161,1.712292,0.976978,-0.043520,0.089611,1.822595,-0.206863,0.896388,-1.606409
2787,1,-0.822272,0.881094,0.081140,-0.071775,0.648486,0.458550,1.630140,-2.506033,0.058588,0.632889,-0.979710,-0.962175,-0.583906,0.937334,-0.546882,1.613487,-0.462524,-0.259606,0.165652,-1.538197,0.441981,-0.641779,-0.112727,0.093351,-0.626343,-0.866556,-0.547418,-1.149436,0.805668,2.334129,2.386754,-1.740743
2788,1,-1.224915,-0.725810,-1.002001,-0.671453,-0.815948,0.529848,0.721441,-1.059929,0.888428,-0.724573,-1.592068,-0.481995,-0.520419,1.011939,0.059068,-1.074039,1.193290,0.102826,0.543155,1.725722,0.633121,0.356282,0.158049,2.028482,-0.120065,0.143111,-0.139622,-0.006846,0.675444,0.262752,-0.880214,1.338023
2789,2,0.501264,-0.842351,1.312271,-0.107670,0.634835,-0.185722,-1.093373,-0.574806,0.382589,0.742359,-0.391082,-0.161016,0.293613,-0.778326,-1.756080,0.091327,0.353793,1.497200,-1.136302,-0.876705,-0.224298,1.893976,-0.846855,2.094619,0.669333,-1.416823,-0.177372,-2.249114,-1.058642,-0.183522,-0.486089,-0.459149
2790,2,0.153758,0.157512,0.804891,-0.824659,-0.101647,-0.649975,0.127046,-0.352134,0.811267,0.275898,-1.103520,-0.216749,-0.609365,-1.255537,-1.966647,-0.023829,0.308847,-1.169582,2.260169,0.829213,1.004699,-0.802861,1.535405,1.042497,-0.196342,-0.231844,0.705677,1.036463,-0.663728,0.720908,-0.512601,1.065099
2791,0,0.921229,-0.545862,0.966648,-1.637915,-0.002238,1.576189,-0.288182,0.963579,0.817183,0.972378,1.531230,0.044298,-0.447314,-0.449835,0.217735,0.474348,-1.036075,-1.635595,-1.141214,-0.274216,-1.101687,0.253647,1.126817,1.054548,-0.215244,-0.494624,0.266263,0.556535,-0.635821,0.850196,0.205263,-0.528290
2792,2,1.504158,0.120351,-0.317600,0.480717,-0.152023,-0.705160,0.417322,1.583331,1.164485,-0.892677,-1.132119,-1.072386,-0.497540,-1.076809,-0.103300,-0.736093,-2.251848,-0.378851,-0.236616,1.977503,0.909940,1.016529,-0.352741,0.695941,1.177119,-0.184429,0.036594,0.742895,0.008016,-0.209046,-0.266645,0.896117
2793,2,0.545794,1.670126,1.122891,-1.078248,0.327429,-0.162077,0.624837,-1.051579,-1.015577,0.460087,0.339209,-0.518423,-1.091848,1.165203,-0.678338,0.568454,-1.030330,0.389021,-1.180620,-0.135261,0.437469,-0.598685,0.209216,0.707780,0.277712,0.143227,-1.484603,-1.914689,1.405073,0.013326,1.988572,0.158538
2794,2,-0.308222,-0.220587,1.362207,-0.785173,1.262914,0.973103,0.423390,-0.761436,0.785882,-1.285523,-0.655489,0.658080,0.111930,2.354778,-0.318071,-1.255353,-1.356353,0.390399,0.366037,0.439910,-0.847992,0.530057,-0.002582,-0.706798,0.823052,0.633763,0.588353,0.094184,0.427125,1.953308,-0.329280,-0.173956
2795,0,-0.241982,-1.487678,1.778656,0.901748,0.519957,-0.659899,1.281288,1.395782,-0.467966,0.591583,0.619005,0.360591,-0.113902,-0.003837,-0.679616,0.366930,0.944440,0.519247,-0.244866,0.456294,-2.077797,-0.642638,-0.762873,0.862756,0.882348,-0.868657,1.211890,-0.903767,2.297285,-0.122784,0.385161,0.325042
2796,1,0.555574,1.609791,0.382504,1.027037,-0.418013,-1.884600,0.232487,0.150839,1.298548,-0.724241,-0.877315,1.404002,2.185126,0.471329,1.046329,-0.377817,-0.292006,-0.126246,1.138819,0.004744,0.973185,-0.556496,1.647947,-0.807136,1.804244,0.315658,-1.457205,-1.020392,-0.045407,-0.979041,-0.653964,-0.958514
2797,1,-1.189336,0.100252,-0.026339,-1.009377,0.344259,-1.485830,-0.877711,-0.384910,0.904527,0.232676,0.160020,1.020758,1.103434,1.086643,0.340961,-0.787774,-1.267548,-0.340772,-0.515120,-0.180001,0.499565,1.299482,-1.600042,-0.343854,0.559719,1.044609,-0.224542,1.635956,1.101196,1.156142,1.538327,0.461584
2798,0,0.660276,0.513819,1.382971,-0.542243,0.456125,-0.373331,1.050888,-0.152602,1.672286,-0.333984,0.552141,0.195760,-0.903063,-1.440188,0.694273,-0.217824,-0.310743,-0.220826,-1.695922,-0.993542,-1.416603,0.850736,0.396615,-0.917917,1.952954,-0.333522,0.025891,0.416154,1.728709,-0.001414,-0.699484,1.173076
2799,1,-1.950485,2.062344,0.051387,0.237693,0.580837,0.897401,-1.366364,-0.943512,1.552056,0.488374,-2.739679,-1.639172,0.656362,-0.666859,-1.316350,0.267415,0.876803,1.217132,-0.673522,0.603672,1.454461,0.485715,-1.688093,0.493625,-0.532499,-3.983318,1.447393,-0.125376,0.989434,-0.719336,0.967919,-0.255090
2800,0,1.070146,1.841581,0.256430,0.903293,-0.862723,0.192427,1.326743,-1.675050,0.424079,-0.897663,0.743906,0.576366,0.503295,-0.991002,0.002286,-0.872298,-1.453402,-0.465098,-0.714991,1.439306,0.843019,-1.047441,-1.969068,-0.796498,0.399979,-0.720692,1.430286,0.175829,-0.485272,-0.111386,0.215295,1.182790
2801,3,1.259767,0.856706,-0.790495,0.725572,-1.592128,0.801419,0.593483,0.183689,-0.622915,-0.560532,-0.699818,0.063596,0.696811,-1.980789,0.077337,0.325743,-0.274837,1.185976,-0.194608,1.227791,-0.355620,-0.642718,0.015416,-0.147107,0.492604,0.256110,-1.122728,-0.648030,1.411790,-1.055803,-1.513641,2.031069
2802,0,0.644694,-0.676856,-0.101983,-0.077164,-0.125755,-0.989456,-0.933084,1.784375,0.521112,-0.025102,-0.700103,0.944402,1.166486,1.683708,1.753345,0.807240,-1.238130,0.903973,-0.327791,-0.080572,-0.434395,-0.205342,-2.511753,-3.788326,-2.383769,0.895020,0.784745,-1.264441,0.973949,-0.569838,1.961488,1.210373
2803,1,0.073335,0.693436,0.239356,0.918178,0.896699,1.071655,1.321641,0.190916,0.299802,0.190760,0.558677,-0.351477,2.043875,-0.812289,-1.700050,-0.058060,-1.019463,-0.541014,0.347132,0.485521,1.148923,-0.457161,0.366381,0.282771,1.685277,-0.324021,-1.327225,-1.520860,-0.797366,-0.060599,-0.940123,-0.632527
2804,0,0.083174,-0.512186,-1.700561,0.268281,0.352278,0.201297,-1.158009,-0.004657,-0.803970,0.373812,0.349898,0.310070,0.075659,-0.546006,1.729459,-0.606445,0.985299,-0.896467,0.354303,-1.197020,-0.775627,-1.237490,1.220413,-1.571849,-0.472651,-1.000372,-0.905191,0.653673,0.073594,0.145295,0.313838,1.944570
2805,1,0.858656,-0.353912,-0.527138,-0.287463,-0.453141,0.957375,-0.200436,-0.457480,0.936889,-1.250662,1.033804,0.331805,1.530418,0.837847,1.197819,1.210278,-0.247184,-2.164243,0.144546,0.507358,-1.548460,1.006069,-0.230295,0.213147,-0.515525,-0.381396,-1.848991,0.642797,-1.362823,1.021541,0.336552,0.419529
2806,3,-0.625268,-0.217474,0.274593,0.218814,0.702104,1.575914,0.222172,-0.079455,-1.373042,2.584132,0.846058,-0.812330,0.473271,0.629407,-1.433037,-1.089993,1.006083,-0.068553,-0.743191,-1.096857,1.504103,0.337583,1.373671,-0.298786,-0.447152,-0.876157,2.511555,-0.597941,-0.500071,-0.274310,-0.134604,0.123855
2807,1,1.039019,0.551460,0.102753,0.768780,1.508584,-0.414144,-1.580009,-0.084183,0.734988,-1.281797,-0.249675,-0.060618,0.968681,1.633957,-0.235582,-1.340263,-0.466585,1.549401,-1.189439,-0.688098,0.513783,1.329197,-0.256455,0.040117,0.177808,-0.792975,0.032528,0.891070,1.202840,0.179409,-2.097395,0.084757
2808,2,0.136197,1.762223,1.359515,1.018833,-0.981407,-0.555146,0.584230,1.031566,0.190826,1.651789,-0.143226,1.111615,-0.608229,-0.168275,-1.152902,-0.016523,-0.484293,1.384018,-1.281490,0.599384,-0.698607,1.222592,0.980721,1.081808,-0.575191,-0.285861,-2.219782,-0.041066,0.983484,-0.743042,-0.754381,-0.714525
2809,2,0.280519,2.217032,0.811295,-0.765172,1.308583,-1.724257,-0.455727,1.008768,-0.510552,0.396250,0.801056,-0.870671,1.164420,0.229804,0.249926,0.602727,-2.133035,-0.047882,-1.709052,0.697543,-0.471191,-0.816636,-0.754810,0.393282,1.175294,0.303290,1.378806,0.300390,-0.481838,-0.900845,1.904510,-0.176745
2810,1,-1.010640,1.254375,0.348099,0.386300,-0.791117,0.125351,-1.328244,0.212948,-0.890867,0.243966,-0.205428,1.744221,0.685287,-0.324936,0.224360,0.328597,-1.653885,0.206507,0.421055,1.511078,1.120232,-0.313149,-0.991232,-0.520470,0.321671,-0.183206,-1.454615,0.350330,-0.452213,-0.751773,-1.310476,0.790798
2811,0,0.945285,0.826490,-0.764093,-1.613345,-0.602420,0.988134,0.384123,1.111294,0.014403,-0.204851,-0.367667,-0.189068,1.147596,1.489540,-0.086240,-0.492249,-1.003854,1.201307,-0.207550,-0.282712,1.153319,-0.100987,-0.768062,0.487843,-0.016914,1.578447,0.298772,-0.612448,-0.711807,-2.357363,0.676541,0.310618
2812,1,-0.650683,2.055213,0.354246,0.249980,0.110939,-0.376558,-1.227397,1.750363,0.957799,0.542751,1.119258,1.474773,0.281912,-1.102328,-1.123279,0.730128,0.536075,-1.017689,0.191231,-1.043600,0.233192,-0.306839,0.088671,-0.567864,1.404288,0.511763,-1.356162,-0.478156,0.003368,0.697124,-1.334910,0.411605
2813,2,0.322882,0.819296,-0.411461,-0.381437,-0.870349,-0.862498,0.599629,0.436907,0.110065,-1.263664,0.038260,0.133310,-0.709447,-0.889992,1.115215,0.012919,-0.228012,0.078475,0.208788,-0.770552,-0.119924,0.296366,0.790121,0.815603,-1.864751,-0.526861,0.739867,1.137587,0.981883,0.615076,-2.294441,-0.131166
2814,0,0.710975,-0.585887,1.821378,0.541015,-1.711923,0.876015,0.059884,0.105613,-0.483534,0.578050,0.906239,0.095744,-1.875313,0.406064,-0.148792,-0.180524,-0.268279,0.179051,-0.343235,1.200951,1.436871,-2.201854,1.250228,-0.009483,1.675000,-0.994993,-0.185332,-1.121781,-2.197860,0.157864,0.474140,0.422156
2815,0,1.078312,0.254046,-0.025380,0.782571,-0.023766,0.629991,-0.023612,0.148219,1.083388,1.769700,0.648505,0.274412,0.468916,-0.819476,-0.646253,-0.682699,-0.078829,0.325303,-1.148252,-0.245391,1.407571,0.148480,1.749098,0.593066,0.163713,-0.839309,0.030589,-0.382103,0.313880,0.507592,0.211047,-1.927144
2816,0,0.787385,0.297273,0.925453,-1.224714,-0.382954,0.219341,-0.353134,-1.155845,0.123515,-1.186305,2.154684,-0.556282,-0.001396,0.763790,0.201793,-1.399940,-0.509282,1.442265,0.666622,-1.315868,0.423339,2.188812,-0.021134,0.578561,-0.026506,-2.189611,0.658894,0.838801,-0.333036,-2.186708,-1.179244,0.982801
2817,2,1.085352,-0.159190,1.539453,-0.729216,1.975449,0.230665,0.443727,-1.000397,-1.307378,2.510090,-1.399637,-0.533752,1.672409,-0.642967,-2.640332,0.078719,0.514116,-0.361626,-0.134774,0.861665,0.622348,-1.156151,-0.276408,2.106863,0.973231,-1.152278,-0.487036,-0.079939,-0.778766,-0.417230,0.073110,0.040163
2818,2,-0.782436,-0.752717,1.553640,0.807754,1.197856,-0.677958,1.027166,-0.763803,1.381271,0.780590,-1.878753,-1.213373,-0.687366,-0.559749,-0.796625,-0.740639,-0.361356,-0.003869,-0.677171,1.508409,0.636112,2.022631,-1.383579,1.224185,0.138377,0.522602,1.028867,1.746308,0.177589,-0.019087,-0.224293,0.201478
2819,3,0.787405,-0.557163,0.716526,-0.554363,-1.108107,0.815376,1.010793,-1.356875,0.784631,0.003118,1.696271,1.764306,-0.807297,0.450672,1.005631,0.415924,-0.472696,0.543585,-1.651126,0.181795,-1.266711,1.002406,-0.330435,-0.099211,0.272068,1.020774,1.816237,-1.260641,1.120341,2.191221,0.307578,1.372611
2820,3,0.395149,-1.887190,0.411534,0.974944,0.510827,0.063244,-0.042948,-0.038971,-0.593020,-2.456390,0.419400,1.006262,0.548930,-0.613841,-1.162022,-1.202767,-0.487217,0.335717,0.055153,-0.700691,-0.342093,2.039524,0.150247,1.062222,0.984443,0.801480,-1.624488,1.015230,0.003155,-0.493118,1.654300,0.952050
2821,3,-1.204685,-1.029944,0.087859,0.130096,-0.911679,-0.728684,-0.747034,1.008248,1.767745,0.513450,1.103245,-1.585134,1.129601,0.256759,1.254202,1.793864,0.190240,1.044029,-1.065183,-0.690773,0.940581,-0.528606,0.280981,0.894540,1.512620,-0.885287,-0.013952,0.202393,-1.656037,3.513385,-0.081285,-1.367775
2822,3,0.775772,-0.175202,-0.399508,-0.184728,-0.544668,-0.386708,1.400832,-1.476811,-1.011449,-0.134014,-1.239609,1.165858,0.259306,-0.064793,0.910519,-0.092188,-0.509569,0.204517,-0.621316,-0.887805,0.512630,0.322319,0.020043,0.907048,-2.073649,-0.565127,0.485751,0.521782,0.183251,-1.387428,-0.491749,-1.939474
2823,0,1.392035,0.082604,-1.691012,1.051556,-0.337177,0.772926,-0.892829,-0.431881,-1.282429,0.250224,-0.641388,-0.241362,2.588468,0.547032,0.748405,-1.940906,0.163960,0.095629,0.730021,0.902805,-0.504035,0.203504,-1.971020,1.238459,1.896318,1.335216,1.089132,1.228378,0.300270,2.085059,0.429858,0.739487
2824,3,1.079971,0.049190,0.673908,0.650026,-0.888310,0.762125,-1.218390,-1.757495,1.421459,-0.970309,-0.541997,-0.075377,-1.320270,-0.312900,-0.755593,0.742118,0.819424,0.065741,-1.332537,0.146151,0.425783,-0.923167,-1.754314,-1.553925,1.113015,-0.906262,-0.427382,-0.648090,1.700618,-1.108874,-0.539320,-0.362107
2825,2,-0.741893,1.208899,0.431963,1.507077,1.495769,1.834258,-1.456911,-0.387043,-1.562519,-0.552559,1.779141,-0.052472,0.759678,1.053844,-0.774108,-1.736868,-0.482895,-1.004527,-0.947503,0.921296,0.087588,-0.663190,-1.372946,-0.559974,-0.090645,2.285402,0.643239,1.215029,-0.081781,-0.016973,0.396645,0.381581
2826,0,1.422936,0.531598,-0.374890,0.753603,-0.256505,0.427358,0.618214,-0.313303,-0.285943,0.647014,0.296239,-0.279100,1.010899,1.506810,0.631827,0.230711,-0.516165,0.181050,-0.231208,0.044302,-1.071187,-0.109355,1.584564,0.913243,0.301351,-0.510016,-0.850277,-0.863705,-0.262075,0.386385,-1.264138,-0.979453
2827,2,0.283671,-0.395184,-0.495997,0.917381,0.936723,0.441956,1.583667,-0.075067,-0.847788,-1.509311,0.521525,0.492421,-2.102781,0.625256,0.505364,-0.978732,0.716813,-0.914733,0.017482,-0.600671,1.310517,-1.922930,-1.438530,-0.667266,-0.470142,-1.070472,0.787246,-1.306133,-1.455116,1.440066,1.113118,-2.062998
2828,0,1.155974,-1.239949,1.624098,1.353505,0.818180,1.610404,1.158285,0.807877,1.230922,-0.577575,-0.229804,-0.145297,0.305076,0.443493,-1.392770,0.023299,2.183311,1.218058,0.997352,-0.541015,-0.873195,1.065360,0.573253,1.775330,-1.454391,-1.330541,1.068172,-2.421606,2.122845,0.537086,-1.661502,-0.290269
2829,0,-0.338622,0.698198,-0.733522,-0.974440,0.195792,1.791299,-0.254404,0.333000,0.157565,0.069958,0.864094,-0.470129,-1.445145,-0.401723,0.751521,0.552868,-0.743334,-1.218633,-0.278828,0.507539,0.340971,-0.967199,0.292101,1.393287,-1.225472,0.207920,0.540306,-0.133144,0.424981,-0.221491,-0.870473,-0.144025
2830,0,-0.599623,-0.869922,-0.553404,1.058220,-0.009606,0.780065,-1.761008,0.922351,0.415975,-0.654095,-0.763403,1.450499,0.284138,1.043774,-1.617827,-0.518850,0.536401,-0.110667,0.253831,1.083649,-1.570381,-1.488105,0.432932,0.304645,2.269906,0.130588,1.303461,-0.078950,0.322654,0.199774,-1.512655,0.357389
2831,0,0.796961,0.168743,-0.475201,-0.943536,0.260085,0.991007,-0.571737,0.918253,-1.018692,-1.790565,-1.341759,-0.860684,0.677437,0.549579,-0.235065,-0.975538,-0.023657,1.316699,0.168333,1.694468,1.631082,0.055733,-0.406228,-0.115940,0.961030,-0.171097,-0.219816,0.125564,-1.747002,0.287759,-1.105763,1.187688
2832,3,0.597298,1.285049,-2.716092,-0.031812,-0.318281,0.725468,-1.882986,-1.027756,-1.272363,1.979319,-0.627229,1.528564,0.736328,-0.136999,1.399982,0.625803,0.350477,0.516649,1.071387,-0.006740,-0.408508,0.702496,0.931834,0.132726,-0.781174,0.548908,-0.070661,1.502618,1.855044,1.138489,-2.967858,-0.445796
2833,0,-1.123445,-0.257295,0.656479,0.739437,0.310141,0.778561,-2.409973,-0.047097,-0.937848,-1.661233,-0.874779,-0.694142,0.241579,0.953720,-1.499542,-0.041018,0.004303,-0.324323,-0.759754,1.063020,-1.342582,-0.251221,1.009540,-0.009787,0.475046,-0.413698,-2.131386,0.767384,-0.704531,0.197855,1.550650,2.137546
2834,3,-0.397275,1.088601,-0.151427,-0.799520,-1.878419,1.758900,-0.026719,-0.446466,1.150414,-1.883374,1.790115,1.036628,0.673225,0.373765,-0.377576,-0.327643,1.221810,-0.589087,0.182281,0.662717,2.521802,-0.619552,-0.958045,-0.644568,-0.199868,-1.772647,0.656108,-0.321938,1.623333,0.436005,0.493351,1.012000
2835,1,1.101047,-0.683815,0.413780,-0.724329,-0.472997,1.121072,-0.193455,0.649413,0.217575,1.693372,-0.745856,1.039475,-0.322778,0.678594,1.668941,-0.353780,0.654879,0.180918,0.376007,-0.578151,0.514173,0.177854,-1.129015,0.049520,0.239170,0.804284,0.001879,-1.175745,-0.600261,-0.938752,-0.025730,-0.711058
2836,2,-0.732853,0.515363,-0.414604,-0.142309,-0.355080,-0.496778,0.430100,1.690920,0.919336,1.604716,-1.248095,-1.361945,0.761347,0.628950,-2.049819,2.128778,-1.542684,-0.574206,0.625840,1.235614,0.239694,-0.223963,0.157044,-0.044010,-0.209881,1.600711,-0.145660,0.865184,-0.925655,0.118058,0.525969,0.989638
2837,1,0.661429,0.199742,-1.323882,-0.132490,-1.878254,0.891763,-0.738969,0.362881,0.451566,-0.100496,0.238873,0.226548,-1.604109,0.512738,0.626895,0.088896,-0.454027,-0.729954,-0.886513,0.896101,-0.169558,0.673764,-0.703624,-1.271050,0.137974,-0.087747,0.542286,-0.566676,-0.211062,0.627976,-0.061716,0.521225
2838,2,-0.289327,-0.551859,1.630394,0.347880,0.836474,0.251141,-0.576037,0.138812,0.118746,-0.345780,0.456557,1.296978,-0.057758,0.259513,1.461576,1.572887,0.118740,-0.407946,0.799718,-0.012231,2.175764,0.628048,-0.723388,1.085266,0.307561,0.336101,-0.121546,0.584770,0.352261,1.623834,0.876823,-1.030534
2839,1,-0.367248,0.997440,1.757398,0.057260,0.197837,1.027875,-0.415300,-0.158233,-0.159073,1.138776,0.886915,0.060883,0.554188,-0.802071,0.257338,0.417119,0.840687,-1.976411,0.915018,-0.024872,0.168336,1.118889,-0.104012,1.863748,-0.729645,-0.546191,-1.343062,0.800068,1.321380,-2.032057,-0.047002,0.601318
2840,1,0.708247,-0.891685,-1.112536,1.354327,1.026440,-1.393140,-1.408429,-0.193607,-1.572084,0.702638,-1.231382,0.611294,-0.454898,-0.577816,0.404858,-0.882805,-1.129657,2.598567,-1.136209,0.498614,-0.922023,-0.044864,-0.050828,1.059932,0.640107,0.340715,-1.590920,-0.524107,0.307638,0.608498,1.267820,-0.066763
2841,2,-0.865957,0.381088,1.223126,0.006444,0.891803,0.873821,-0.545364,0.184855,0.924397,-0.366694,1.060692,-0.059361,1.424541,-1.690391,-0.770199,0.997088,0.230135,-0.468265,-0.186724,1.087955,0.713523,-0.698880,-1.201148,-0.204119,0.196619,-0.124202,0.055186,-1.089087,-0.437724,-0.477352,0.413038,0.369598
2842,1,-0.840701,-0.259074,0.186253,-0.269156,0.974050,-1.860351,-2.156116,-1.223732,0.675420,-0.065974,1.137078,1.277341,0.875987,0.665944,0.427640,0.096500,-1.621141,-0.680180,0.863242,-0.070462,-1.611491,0.274288,-0.253437,-1.249287,0.919806,0.602474,0.698259,-0.446455,0.163961,0.009130,-0.063443,2.234726
2843,1,1.364703,1.722877,1.397946,-0.072749,0.725543,-0.537119,-0.955025,-0.298875,-1.547978,1.101469,-0.146117,-0.023430,-0.460003,0.603243,-1.502661,-0.139259,0.472102,0.027067,-0.247942,1.101728,-0.471983,-0.606648,-0.450000,-0.867930,0.136119,-0.834851,-0.042024,-0.781368,0.076258,-1.027622,-0.143847,-0.545682
2844,0,0.782940,-0.260054,-1.991793,-0.425725,-0.527008,-0.849688,-0.837252,0.428463,-1.633063,-0.830202,0.731044,1.723624,0.366592,-0.822627,-0.510989,1.466800,-1.940825,0.905952,-1.900646,-0.163128,1.692358,1.978279,-0.145287,0.279918,0.491618,-0.294995,-0.598977,-1.359945,0.270189,0.275961,-0.775918,0.529739
2845,3,-0.941690,-0.889861,-0.124740,0.454892,-1.023448,0.029511,-1.195636,1.191107,0.197223,-0.706832,1.401290,-0.506479,2.008078,-0.146161,-0.903661,-0.495882,-0.093544,0.195034,1.674798,1.394756,-1.200186,0.240056,-0.601832,-0.112658,0.645784,-0.024178,-0.287002,1.076065,0.594559,0.783636,1.522412,1.220937
2846,1,1.245144,0.334192,-0.051375,1.485672,0.432248,-0.695482,-0.795544,0.759320,-1.143058,-0.347268,0.225926,-1.242066,-1.134741,-0.650800,0.174378,0.784069,-0.825573,1.332949,0.050274,-0.830127,-0.331725,0.279155,0.419163,0.648780,0.666137,-0.110609,1.323699,1.779252,2.148139,2.201780,-1.555107,-0.332967
2847,2,-0.176320,-0.766680,-0.301085,1.393559,1.141427,1.452089,-1.341372,-0.625928,-1.800459,-1.516015,-0.355309,-0.409913,0.965624,-0.989799,-0.507821,0.128648,0.634286,0.345934,-0.217498,2.166127,0.534180,-0.170556,0.371529,-0.642361,1.907446,2.483059,-1.717373,1.348283,0.611373,-0.644011,-0.584451,-1.039562
2848,3,-0.490727,-0.008411,-1.181298,0.752325,-1.577056,-1.110649,2.294942,1.252185,-1.498774,0.641796,-1.509230,0.108325,1.486932,0.650716,0.325572,0.734748,-0.432352,-2.555546,0.731234,-0.212311,-0.057482,-0.921147,-0.760237,0.994254,1.068416,-1.025100,1.048720,0.629145,-0.747924,0.768680,0.058540,-1.690564
2849,3,-0.183421,-0.042504,1.060942,0.636678,0.562109,3.492109,-1.192592,0.794932,0.583714,-1.023010,0.676394,0.036715,-0.710822,1.475344,0.206349,0.430927,-1.404023,1.167239,-0.124754,-0.650463,-0.538344,-1.198709,0.981967,-1.499419,0.376371,0.014728,-0.119487,0.890712,-0.483765,-0.340510,-0.347229,-0.583650
2850,2,0.209042,-1.144453,0.152881,-0.383952,0.559275,-1.206217,-0.187890,-0.453056,-0.435215,-0.386155,1.145672,-0.993544,-1.706514,0.123169,-0.569671,0.522195,-1.560785,-0.043769,1.121913,-0.311703,1.024271,-0.389394,0.786844,-0.785926,-3.763000,-0.192136,-0.968045,1.611495,0.213781,-1.521834,-0.832987,0.165923
2851,2,-0.754775,-0.476039,0.408485,0.206442,-1.516222,-1.295961,1.190351,-0.703706,0.874167,-1.094151,2.179659,-0.031248,0.715441,1.520069,-0.300346,-0.935633,-1.583865,0.632864,0.740664,-0.934202,1.534685,0.726993,1.869905,0.957020,-0.812420,-0.414092,-0.070246,-0.200344,0.311492,0.891730,0.331269,0.775393
2852,2,-0.656867,1.026863,-0.124531,-0.715886,0.942829,-1.168832,1.007766,-1.378784,0.041692,-0.607126,0.373718,0.976779,-0.127817,0.588363,0.563135,0.889890,-0.335703,-0.943350,-2.010549,0.962549,-2.820587,-0.955301,0.945563,2.051638,-1.887440,0.544235,0.563814,0.749261,-0.484074,-0.517103,0.068036,-1.644812
2853,1,0.494070,0.552880,0.150707,0.799927,-0.909169,-0.473803,1.797636,-1.366504,0.219986,-1.243080,1.298466,-0.173392,0.013368,-1.859495,-0.366007,-1.273295,0.149890,-2.365630,0.009624,-0.338147,-0.970728,0.122403,-1.620881,-0.232060,1.399965,-0.404243,1.548717,2.061631,-0.072772,0.290568,0.702471,0.335230
2854,3,0.231647,0.001913,-1.316867,1.099402,-0.599760,1.601807,-1.189119,1.527049,-0.434615,-1.489000,0.014165,0.533237,-0.192046,-1.256192,0.492921,-1.256333,-0.213649,-1.818292,-0.079545,0.331185,0.826845,0.782329,0.210663,-0.104110,0.096986,0.794832,-0.976613,-0.857740,1.199808,-0.083936,-0.035432,0.237461
2855,2,-0.664422,0.445401,1.920174,-0.141672,1.296693,0.714936,0.710369,-0.873501,0.095405,-2.053641,0.014945,-0.235273,-0.645715,1.428020,-1.040412,-1.728983,0.948441,0.534273,-0.148409,-0.972670,-0.186199,1.449682,-0.223719,-0.537378,-1.405697,0.539264,0.121013,-0.982724,-1.256293,0.359437,-1.094168,0.838864
2856,0,-0.339919,-1.308260,-1.139097,-0.168684,-0.207335,-2.180322,-0.230328,1.162091,-0.903795,-0.745022,-0.988409,-0.170943,1.452036,-0.476700,-1.213975,-0.073794,-0.453683,-0.075525,0.961588,-0.541277,-1.664398,0.140856,-0.074614,0.799624,0.914835,0.210789,0.733963,1.880819,1.237385,1.102511,0.162846,-0.716880
2857,0,0.914958,1.303382,-0.624976,0.536472,1.146689,0.192509,-1.206531,-0.253073,0.763783,0.833749,1.079983,0.369723,-0.614576,-0.171988,-0.616039,1.718897,-1.373472,0.805702,0.895511,-0.617075,0.399444,-0.411151,-0.744424,-0.141612,2.219193,1.657015,-0.755407,0.144000,0.060240,0.185186,0.804999,-1.097167
2858,3,-0.507596,0.066226,1.356329,0.546729,0.659865,-0.921457,-0.266146,-0.584994,-0.389738,-0.034232,-1.281750,0.939825,0.807824,0.156049,1.119540,0.142462,0.769675,0.510351,0.425962,0.373192,0.882727,-0.619368,-0.429667,-0.627266,1.115566,1.165589,0.474353,0.274273,-0.415455,-0.486726,1.111883,-0.445389
2859,1,-0.659394,0.411958,-0.151058,-1.098017,1.564049,2.180717,-0.561960,0.310982,-1.489290,0.456210,0.419854,-0.999397,-0.109807,0.022170,1.819297,0.780755,-0.127680,0.417636,1.632123,-0.025442,-0.372111,0.422317,0.650261,0.591923,-0.091474,1.698713,-2.485471,0.919910,-0.323959,1.271823,-0.178945,0.953750
2860,3,-0.387770,0.765964,-0.120323,0.115457,0.479069,-2.159027,0.169341,-0.716432,0.807196,0.941765,-0.061806,1.175272,-0.534596,0.571225,0.207013,0.248317,0.272691,-0.643981,1.455784,1.919161,-0.015144,0.859121,1.229065,-0.178552,0.483120,-0.361952,-0.396708,-0.424184,-1.503556,-1.564650,2.005313,1.360067
2861,0,1.059561,-0.453435,-1.154509,0.941706,-0.152301,1.040676,-0.959358,0.479967,1.955117,-0.664546,0.314110,-2.062135,0.358790,-0.482555,0.282485,-0.110899,-1.295372,-0.459522,1.179054,0.070050,-0.446665,2.578835,-0.381824,0.210861,0.138371,0.881559,-0.506098,0.976293,0.501625,-1.624258,2.681071,-0.059662
2862,0,0.430245,0.222210,0.619779,0.713029,-0.890215,-0.493801,-0.525668,0.497061,0.622379,-0.223569,-0.705468,-0.566399,-0.906804,1.151877,-0.954886,-0.538584,1.206064,-0.631816,-1.294533,0.679172,-0.477447,-0.816586,1.426108,-0.227380,-1.128936,-0.880485,-0.763845,-0.125977,-1.545178,-0.216607,-0.041807,-0.805979
2863,3,-0.827430,0.086400,-0.198057,-0.131929,0.392057,-0.505052,0.002447,0.868984,1.056558,0.016234,1.437007,-1.035474,0.364360,1.774800,0.260420,1.334997,0.447017,0.696802,1.318846,-0.577946,-0.939163,-0.547282,-0.604405,1.046749,0.438274,-0.662512,0.295756,0.671629,-0.419866,0.214324,1.111449,-0.346911
2864,0,-0.082256,-1.425116,0.655852,0.454157,-1.507887,0.821288,-0.316978,-2.417535,0.407525,-0.070476,0.755432,-0.613693,2.178863,0.337744,1.460697,-1.040255,-0.371360,0.918068,-0.602606,0.766043,-0.115161,-0.847745,-0.986829,0.190868,0.239593,-1.685626,-1.324500,-0.212632,-0.637467,-0.833420,0.349011,0.014129
2865,3,-0.007878,-0.032518,-0.629745,-0.935765,-0.382240,0.188921,0.555530,0.293733,-0.087253,0.760787,0.492083,1.960791,0.863064,1.406792,-0.044425,-0.691762,1.905796,-0.024800,0.896902,-0.640652,2.030889,-0.970174,-0.637234,-1.613935,-0.355716,1.665895,0.472731,0.805193,0.794315,-0.460610,-1.591267,0.423987
2866,1,-0.123999,1.604762,-0.370826,1.862136,-0.099273,-1.338859,0.235764,-1.328003,-0.857473,0.199864,0.971593,0.802188,-0.185267,0.835975,0.183141,-1.335593,-1.657911,0.893597,0.430811,0.231929,2.520145,0.705452,-0.486022,-1.834062,0.340737,2.099086,0.281603,-0.086016,-1.194998,0.591698,-0.571719,0.781110
2867,1,-1.640215,1.074149,0.639897,2.230119,0.044871,2.514445,1.029498,-0.084336,-0.780351,-0.059123,-1.321224,-2.156890,-0.984984,0.461528,-1.083827,1.394122,-0.363713,0.043174,-1.223532,-1.094038,1.444723,1.368368,-0.402403,0.034070,-1.180974,0.874835,1.595725,-0.618533,-1.520840,-0.073279,1.644210,0.365235
2868,1,-0.817227,-0.071281,-1.937601,1.108200,0.023339,-0.293910,1.958216,-0.278411,0.793242,-0.787045,0.769542,1.130808,1.563406,0.035428,1.334507,0.655710,-0.101981,-0.925428,-0.180406,0.052477,-0.872408,0.250874,-2.522080,0.103901,0.803885,-1.927335,0.473611,0.059979,-0.324784,0.195912,0.570478,-0.703078
2869,2,0.408532,1.204919,1.137621,-1.243283,0.585284,-0.543460,0.502096,1.166846,-0.070607,-1.557094,0.823254,-0.874406,0.222011,-0.390969,-0.161576,1.145430,0.287784,-0.031180,0.684736,1.736465,-0.872604,-0.237113,0.103375,1.509808,-0.275685,1.336319,-1.288728,-1.349595,-0.077435,-0.096926,0.700483,0.619470
2870,1,0.674260,1.129096,1.660444,2.332447,1.164411,1.134161,0.250299,-0.351671,-1.739342,-1.273375,-1.272738,-1.223571,-0.305808,0.946038,-0.732015,0.828359,0.484389,-0.172266,-1.294157,-0.550605,0.394115,-1.356504,-0.004060,-1.014588,-0.886644,0.785219,-0.003065,-0.327475,0.123256,-0.369373,-0.785000,0.203083
2871,2,-0.006042,1.785337,1.447009,0.040838,1.846798,-0.532967,0.862151,1.443236,0.870825,1.078534,2.067694,-0.198045,0.599221,0.071082,-0.088488,0.462574,-0.265255,-0.647775,0.994867,0.464796,0.173791,0.162789,-0.626827,-1.687764,0.003040,1.052474,-2.301104,0.534527,-0.462919,-1.811991,-2.081392,-1.037817
2872,2,0.687301,-0.370240,1.097227,0.321965,-0.260836,1.852670,0.920749,0.386986,-0.677005,1.444793,0.809158,0.677767,-1.302164,0.490066,0.161884,-1.309135,-0.529179,-0.127551,1.328441,-0.355763,0.140244,2.307487,-0.287855,-1.132357,-2.418962,-0.125366,1.241737,-1.220750,-0.659197,-0.255449,-1.692977,1.070877
2873,2,-2.077419,-0.436222,-0.075246,-0.719644,-0.231124,-1.275915,0.995522,-1.047963,-0.710697,-0.407825,0.528737,1.211633,1.295513,-1.611694,1.325654,-0.477253,0.616539,0.815207,-0.189775,0.671599,0.870890,0.383396,1.421090,-0.110692,0.998701,-1.204508,1.779820,-0.535338,0.019855,0.186305,0.320768,-0.713528
2874,2,0.014526,0.647629,1.254956,1.407377,-0.205613,2.408224,0.441576,-0.921465,-0.925081,0.231274,-0.350454,1.079293,-0.099556,1.344854,0.471170,1.016656,-0.598458,-0.173536,-0.173193,0.312285,1.246169,0.011860,0.969325,0.698662,0.883860,0.978022,-0.816164,-0.108429,-0.533681,0.638573,-1.552119,1.686967
2875,2,0.085446,-0.106902,0.857456,0.038059,0.295724,-1.567534,-0.305807,0.590656,-1.947916,0.311478,1.786691,-1.906582,1.554584,0.628727,0.232686,-0.463484,0.158003,-1.037267,0.586778,-0.138179,0.029652,-0.296873,-0.328953,-1.098827,-0.132714,-0.357821,-0.351151,1.462547,0.295718,-0.965644,0.156397,0.241526
2876,2,0.477867,0.981901,0.983244,-0.530615,1.541666,1.805207,-0.328151,-0.213670,-1.508558,0.923182,-0.583276,-0.570809,1.121727,0.759170,1.303091,-0.616759,1.131082,1.151112,0.254693,-0.199871,1.994541,-0.086530,0.558050,-0.024594,0.047600,-1.170105,-0.599791,0.668952,-0.539403,-0.375884,-0.670164,-0.992112
2877,1,0.429478,1.461353,0.212287,0.102939,-0.562274,-0.595927,1.394601,0.679635,-1.135612,-1.341987,-0.769490,0.608421,0.013183,-1.616654,-0.606331,-0.282494,-0.293936,0.946245,-0.155377,-1.184312,-1.309889,-1.540721,0.681084,-0.186282,0.405224,0.388974,0.633506,-0.329894,-0.015091,0.354058,0.368598,-0.176744
2878,3,0.395880,-1.576503,0.669925,-1.099194,-0.819692,-0.562955,-1.064246,0.450738,0.737838,1.115903,0.894575,-0.338277,-1.793090,0.675092,-0.419338,0.246844,-0.403495,0.015837,0.460575,0.643422,-0.924317,1.076803,0.916443,0.188159,0.274176,0.343562,-1.514500,1.886016,1.142896,0.077347,0.444638,-1.505451
2879,3,0.249031,-0.502059,0.136404,-0.489274,-0.254809,0.173115,1.193951,0.746950,-1.879230,-0.839652,0.328781,-1.051919,0.225964,0.291210,0.151612,-1.713889,-1.990170,0.633941,-0.276075,0.864482,1.142421,0.258648,0.741854,0.216351,0.365072,0.061493,-1.411058,0.119176,-0.092948,0.420631,0.656337,-0.899209
2880,3,0.148755,-1.830005,1.507023,0.878207,-1.204693,1.681968,-0.480548,0.512857,0.033814,0.794836,-0.069927,-1.165238,-0.989230,-0.626171,-2.409643,1.573919,0.095775,0.800426,-0.064445,1.519134,0.881889,0.351759,0.210988,-1.334301,1.276823,-1.013219,-0.705285,0.490825,-0.004329,-0.223853,-0.274265,0.623056
2881,1,0.504193,0.573304,-0.442202,-0.017892,2.137812,0.021165,-0.650730,1.311777,-0.524015,-1.351084,0.908490,-0.520200,0.186616,-0.273108,-0.430883,1.161693,0.316125,-0.491305,-1.490363,0.373779,-1.495858,-0.955890,-0.034653,-0.165539,-1.487943,0.088883,-1.484438,1.369694,0.310973,0.858773,-0.094305,-0.800560
2882,1,2.039001,0.872066,1.784375,1.685746,-1.702552,0.806360,1.007165,0.568679,0.130898,-0.506615,-1.540694,-0.258626,-0.214335,-1.268814,-0.815295,0.700198,-0.739863,0.282941,0.107876,-0.988824,1.478344,-1.398042,-0.986255,1.269407,0.680130,-0.460603,1.947215,0.611868,0.906418,-1.669617,-0.139669,1.322288
2883,0,0.230459,-2.007606,-1.661723,0.149154,-0.464144,-0.885308,0.622236,-1.098707,-1.356653,0.727140,1.118401,1.403970,0.157772,-0.418493,0.261285,-0.562933,-0.473670,0.715192,0.867397,-1.170998,-0.425183,-0.225048,0.930146,-1.342720,1.360431,0.963902,0.565718,0.077033,-0.743118,-0.986464,1.276124,-0.823564
2884,3,1.374714,0.539690,0.099884,1.572582,-1.319051,0.660662,-0.625986,-0.304676,-1.110361,-0.823339,-0.174295,-0.512437,0.470607,1.502208,0.046447,0.503702,-0.547052,-2.139177,2.543797,-0.617038,0.551114,-1.865503,0.854370,0.639845,1.567713,-2.123375,0.633714,-1.014648,0.533900,0.097718,1.166442,-1.352322
2885,3,-0.261926,0.419316,-0.097057,0.964103,-1.450136,0.280324,0.735590,-2.767004,-1.896701,1.796268,-0.126969,1.690984,0.033948,-0.733759,0.066094,-0.723121,-0.489497,-0.056145,-0.976450,-0.836733,0.870312,-1.801468,0.621368,-0.087484,0.817051,-0.526412,0.361498,-1.708231,-0.605006,0.620990,0.037128,-0.004304
2886,0,0.037250,-1.813283,-0.311958,-0.911474,1.207031,-0.811311,0.014175,-1.711458,-0.097108,0.542707,1.448709,-0.161069,0.903828,0.546792,-0.703974,0.884250,-1.782440,0.956227,-1.701588,1.049972,0.404804,0.764061,-0.685697,0.716148,-1.229940,0.839572,0.767551,1.238505,-1.088914,-0.529600,-1.273411,1.176789
2887,3,-0.302479,-1.337799,-1.391323,-0.044868,-1.438407,-0.195393,1.826257,1.680690,-0.300625,1.768841,-1.077677,-1.516151,0.695244,-1.102348,0.735001,-0.557958,-0.793191,-0.631723,0.112382,-0.052255,-0.368082,0.719047,-0.504124,0.832720,2.048729,0.389539,-0.881823,-0.474774,-0.497873,-2.287055,0.782268,0.472630
2888,3,-1.413379,-1.027231,1.891526,0.916563,1.773516,0.420581,0.712646,1.545172,0.654533,-0.618759,-0.773711,0.749171,-0.003625,-1.301925,0.383468,-0.866745,1.423645,-0.333836,1.219201,0.346148,1.146527,-0.481539,-1.513412,1.482032,-0.926530,1.528779,-0.489094,-1.079103,1.808362,0.056841,-0.906943,0.349511
2889,0,1.379285,-0.772156,-0.301765,-1.215163,-0.341057,0.146988,0.715985,0.098690,-1.140602,-0.509601,0.268162,-0.946068,-0.005543,1.324197,1.579730,0.392756,-0.123436,-1.968646,0.415932,0.535666,-0.041787,1.818813,-1.082024,0.693939,-0.056519,-0.883274,0.151389,-0.665027,-0.508280,0.327298,-0.718406,-0.495740
2890,2,0.815531,0.235692,-0.145363,0.430777,-0.177004,-1.095189,1.403922,1.222398,0.841552,-0.283506,-0.992960,0.021451,-0.556346,0.293749,0.207629,-0.381823,-0.687429,0.310645,-0.725455,1.824741,0.945105,-0.485882,-0.509434,-0.425398,0.060786,0.556861,-0.058566,-1.799936,1.465761,1.526253,-1.169425,-1.487734
2891,1,3.779916,1.331165,-0.322505,-0.780771,0.060254,-0.365407,1.941558,1.473559,-1.098435,-0.362475,1.269871,1.074178,-0.048283,-0.383217,-0.755628,-0.299027,-0.720041,-1.770183,-0.465599,0.042821,1.577924,0.439258,-0.053314,0.207224,1.651627,1.010355,1.329456,-0.375211,1.207321,-0.735170,-0.700941,-0.626206
2892,1,1.591842,-0.585598,-1.179834,-0.767381,0.915006,-0.017299,0.262280,0.221720,0.305904,0.066408,-1.076812,-2.716599,0.410381,1.691453,0.331504,0.126543,0.825827,-0.588376,0.028143,0.690048,0.000020,-0.114136,-0.467496,-0.008293,-1.073693,-2.427902,2.515507,-0.284505,-0.269362,1.040895,-2.305940,1.345614
2893,2,-1.406634,-1.134682,0.629104,-0.371558,0.071608,0.208500,-0.899264,0.629194,-2.862229,-1.922255,-1.111323,-1.679796,-0.953563,0.341443,-1.261876,0.661756,-0.413184,-0.190488,-1.582115,-1.527430,-1.647673,0.700969,-0.137329,1.253962,1.265980,0.906327,0.202896,0.756911,-0.319866,-0.049799,-0.991272,-0.162726
2894,2,0.119274,0.107210,-0.268674,1.151505,-0.766882,0.990145,-1.147073,-1.474320,-0.271339,0.137018,0.189647,-0.197886,-0.160651,0.646427,0.871496,0.101101,0.194987,0.001141,-0.225538,1.767292,1.178317,0.053938,1.409728,1.598926,0.535514,0.454002,-0.546372,-0.278220,1.512105,-0.953144,0.125193,0.483712
2895,0,-0.514300,0.980257,1.258513,0.488781,0.929775,0.086893,-0.730317,-0.475347,2.111504,0.245926,-1.075873,-0.405060,-0.982804,-1.090491,-0.043998,1.599855,-1.056298,0.718655,-0.877380,-0.299999,-1.326076,-1.988135,1.710082,0.291913,0.318680,-0.241438,2.500127,-0.895784,-1.762682,-1.210505,-0.662543,0.119153
2896,0,-0.271093,0.350600,0.275547,0.616848,0.723184,1.336852,-0.418292,-1.474115,-2.444667,-1.101970,1.198680,0.213766,-0.643745,-2.448124,-0.757217,1.037683,0.618059,0.564195,-1.296850,0.062920,-0.355365,-2.704208,-0.463458,-2.067906,-0.621971,-0.043479,1.019637,-0.538636,-0.126656,1.232535,-1.624105,-0.014638
2897,3,-1.095550,-1.408039,0.362046,0.787373,-0.164696,0.578766,2.560656,-1.167782,0.713824,0.024146,-1.084856,-0.113130,-0.018589,-0.484732,0.393870,-0.694092,0.246443,1.199682,0.020347,-0.036454,-0.468697,1.024649,0.191075,-2.079674,-1.022550,0.643070,-1.435028,-1.185681,0.253776,-1.445585,0.445563,0.959227
2898,3,0.026295,0.064524,-1.795840,0.109528,-1.386880,1.483087,0.422718,0.786856,-1.023408,-1.384601,0.888236,1.921234,-0.915494,0.685484,-1.506085,-2.106802,-0.134582,-0.122652,-1.121127,-0.429470,1.003645,-1.831453,-0.682525,1.272207,-0.983975,-0.312238,-0.349972,-1.099292,1.383775,1.356099,-0.140420,0.701304
2899,0,1.499521,1.419463,-1.668383,1.633400,-1.311525,0.352087,-0.466717,-0.410212,0.801893,0.613523,-1.604613,0.923827,-0.379982,-3.083179,2.132293,-0.912175,-1.985568,0.780646,0.831517,-0.699543,0.305916,0.196953,1.695538,-0.984420,1.399451,0.196380,0.719774,2.197438,0.308006,0.285844,1.108921,0.811206
2900,0,1.715281,-1.459758,-1.561180,0.418125,0.038148,-1.147395,0.057458,0.583067,0.008497,0.427938,-0.575400,1.487986,0.677996,0.037552,-1.516450,-0.529854,0.990890,-0.608791,-0.347986,-0.385460,0.961469,1.297446,0.002496,1.296484,-0.746521,0.320355,-0.070523,-0.634299,0.040985,-0.470883,1.571450,-0.764995
2901,2,-0.186397,1.512171,1.080726,0.350396,0.505797,-0.338859,0.318034,-2.509371,-0.186028,-0.358612,2.386014,2.002172,-0.851722,0.395930,-0.907905,0.313122,-1.554202,1.779616,0.275123,0.082688,-1.444659,0.883302,-0.124755,-0.518926,1.346045,-0.335623,-1.120406,1.801880,-0.633215,-1.105663,0.006524,1.298507
2902,3,-1.224018,-0.287383,-0.810655,1.255544,-0.740198,0.924600,-0.657561,-1.171088,-0.013563,-0.404246,-0.979164,0.929892,-0.587769,-0.090306,-1.188043,2.459129,-0.134576,-1.788455,0.338793,-0.426855,0.116982,0.346766,0.128272,1.243718,-0.671522,-1.899227,-0.188287,-0.187884,-1.139029,-0.926326,2.523495,-0.722319
2903,3,1.137964,-0.342310,0.178606,1.168054,0.023650,-1.099948,1.155738,-0.853112,0.022383,-1.406426,0.376496,-1.070450,-1.091920,-0.531413,-0.041086,-0.221825,-1.364305,0.798712,-0.384417,-0.602219,-1.138501,0.156255,-1.197887,0.998391,-0.062677,0.926688,0.634153,0.383557,-0.262154,0.939172,-1.153131,0.114366
2904,3,-0.786540,-0.102544,-0.643387,-1.607688,0.541117,-0.506485,-1.315861,0.674188,-0.424224,0.249097,1.111272,-0.312990,0.345012,0.204479,0.035767,-0.104010,-0.945768,0.642559,-0.851017,0.545071,0.282637,-0.388755,0.559618,0.539033,-0.182441,1.393184,0.391668,1.438841,-0.491187,-0.710983,0.115207,-0.076470
2905,3,0.671044,-1.378497,0.069561,0.483919,-0.280827,-0.875456,-0.910439,0.561113,0.081008,-0.061662,0.901604,-0.469987,0.721723,-1.001057,-0.561727,0.129139,-0.770287,-0.501732,-0.863156,-2.002534,-0.217767,1.710198,-1.200029,-1.506265,-0.291958,0.346083,-1.520858,-0.230851,-1.184148,-0.966471,-0.753977,-0.252000
2906,1,0.262480,1.665276,-0.919833,-0.897641,-1.929843,-0.134094,0.190727,-1.313066,1.059810,-0.341841,0.411623,0.775095,0.506454,-1.181629,-0.231396,-0.436537,-0.457217,1.307939,0.178143,0.447347,0.429056,0.502510,1.077095,-1.164826,-1.089409,0.929094,2.209049,-0.353868,1.174295,1.376567,0.366851,1.585953
2907,0,-0.056043,-0.343303,-0.664892,0.368814,-1.001130,1.456977,-0.117485,-1.441844,0.010128,0.611122,-0.113617,-1.677892,-1.620707,-0.494024,1.703897,0.671181,-1.138661,-0.266358,0.047157,1.834191,-1.225377,1.579620,-1.069141,0.142900,0.880408,-0.545325,-0.618803,0.209171,-0.409061,1.932049,0.871968,0.258303
2908,2,1.164072,0.312952,0.586888,0.024386,2.043222,0.724652,0.251087,-0.472728,-0.353699,0.480795,-1.163765,-1.472733,0.579451,0.705941,0.671039,-0.492762,-0.033387,0.832783,-0.719790,0.154891,1.489581,0.013499,-1.160220,-1.482804,0.363528,-0.564977,0.845939,-1.774570,0.431600,-1.969646,0.084707,-0.440682
2909,1,0.689397,1.808588,0.885129,0.128044,-0.395707,0.014041,1.199749,-2.307497,-1.298769,-0.870371,0.522105,2.046563,-0.206732,0.009766,-1.531284,0.805506,0.771661,-0.194654,0.607017,-0.100179,1.792654,0.526293,1.020909,1.370758,0.751666,-1.121998,-0.218142,0.272859,-0.381861,0.614438,-0.146052,-0.496742
2910,3,-1.080605,0.236699,0.723880,3.050627,-0.596752,-0.935202,0.091908,0.231277,1.592859,-1.391094,-0.582420,-0.296637,2.407547,-1.588683,-0.794367,-0.415923,0.392992,-1.140730,0.470691,1.782407,0.452687,-0.115360,0.510861,-1.311492,0.668111,-1.449737,3.291290,-0.594421,1.199648,-0.747701,0.077319,-2.052180
2911,0,1.988569,-0.649966,-0.050892,1.257038,-0.346299,-0.046106,-0.127979,-0.082149,-0.722049,-1.335688,1.130773,-0.090275,-0.737855,-0.870514,1.792814,-0.375529,0.338247,0.205591,-0.718476,-0.417514,-1.075753,1.222168,-0.009713,-0.744028,-0.270853,0.767642,0.027843,-1.106465,-1.594833,-1.498590,-0.077871,-0.810325
2912,2,0.305051,-0.163465,-1.104293,0.421619,0.738071,0.810379,-0.617079,1.481876,-0.969781,-1.393635,0.681878,-0.559108,-0.430982,2.296779,-0.867371,1.400782,0.634581,-0.335781,-0.322685,-1.294020,-0.146521,0.613393,-0.540808,0.231440,-1.511111,-0.929405,0.582594,-0.551553,0.608614,1.512809,-0.213820,0.474390
2913,1,0.793230,0.101955,-0.965328,-0.257833,-0.739959,2.140977,0.971255,-1.503104,0.380413,0.381502,1.108653,-1.081365,-1.819320,-1.317877,0.695278,-2.531126,1.694405,0.113014,1.088415,0.948006,0.225653,-0.632934,0.983766,1.139242,1.217606,-0.277317,-0.774893,1.403993,-0.756191,-0.163271,-0.582653,2.068660
2914,1,0.841682,0.547137,-0.740004,0.171597,0.703650,0.691936,-0.026244,-1.004942,0.624630,0.017902,-0.005504,-0.724566,1.540212,-0.154659,-0.908249,-1.174980,1.133622,0.049220,0.445405,0.164654,0.026304,0.153451,-0.203653,-0.686996,1.656676,0.722804,1.037150,1.080049,0.490446,-0.830261,-0.176696,1.383818
2915,3,-0.051417,0.394257,0.647911,0.235928,-0.010068,-1.204168,0.659326,1.031781,-1.340606,-0.346378,-0.615205,0.509706,-1.791084,-1.094378,-1.078651,-0.347442,0.487730,0.615058,-1.178083,0.049240,0.249973,-1.126521,-1.200190,0.248863,-2.206409,0.921210,1.387630,0.535827,-0.372494,1.628502,-0.780146,-1.588557
2916,3,1.502880,0.729517,-0.589446,-0.931020,0.971250,0.070022,-0.619575,-0.486485,-0.698511,1.302847,0.243575,-0.103267,0.980559,-0.161684,-0.435332,0.228403,0.053933,0.736902,-0.114983,0.607041,-0.432456,-0.487267,0.818570,0.489963,-0.233068,0.397506,0.618252,0.007846,-0.582508,-1.507188,-0.061630,-0.240863
2917,0,-0.339938,-0.537718,-0.393523,-2.908063,-1.783529,2.222605,1.000163,0.303254,-0.078889,-1.791739,0.264802,0.135524,-1.597279,0.437230,0.870458,1.038728,-0.879123,-1.332646,-1.565597,1.744756,-0.990704,0.589629,2.065523,0.787688,0.660524,0.145670,0.103066,-0.112137,0.182990,-1.297058,-1.763327,0.320714
2918,0,-0.133606,1.262360,-1.481798,0.270522,1.069613,0.829933,-0.764087,-0.619404,0.250684,-0.456995,0.266812,-0.127590,0.725465,0.665478,1.007018,-1.296231,-1.230082,0.282972,1.019790,-0.607882,0.754527,1.065683,-0.035542,0.497360,0.000395,0.151380,-0.343364,-0.032286,0.234796,1.364371,0.781857,-0.428344
2919,1,-1.284667,-0.566368,0.071330,-1.267176,-1.872971,0.706968,0.347649,-0.805703,-0.234222,-0.104784,-1.207737,0.877554,0.208055,1.325560,-0.665063,1.039696,1.380472,-0.305443,0.391812,0.639848,-1.113818,-0.472624,-1.780872,-0.330411,0.407450,0.186842,1.135108,1.641238,0.561320,0.648676,0.784817,1.209420
2920,0,0.900419,-0.285133,0.404902,0.333108,0.327460,-0.072287,-0.693366,-0.500260,1.247206,0.063545,0.997066,-0.903577,-1.258317,-1.463938,-1.951414,0.807563,-0.446119,-0.162242,0.654810,1.014200,-1.721868,-0.321958,-0.013707,-0.190331,1.083719,1.474391,0.233231,-0.044301,-0.336023,-0.414283,1.652693,-0.324846
2921,1,-0.276391,0.317134,-0.506721,0.408295,1.623858,2.862030,0.302943,1.080364,2.167145,1.242061,-0.013338,-0.316791,-0.365015,-0.954196,-1.094411,1.226187,-0.148504,-2.613699,0.084236,1.040342,-0.607058,-0.223624,0.791985,0.980695,-0.051792,-0.974619,-1.402014,1.195066,2.157145,0.550424,0.005856,-0.013584
2922,0,0.214413,0.322305,0.262410,1.758107,0.947803,1.200433,-0.910147,0.120209,0.149470,-0.846160,-0.298419,0.555889,1.464971,1.386377,-0.906400,0.481872,0.410552,-0.303604,-0.161695,-0.962449,-0.632149,0.250457,1.431362,-1.173741,0.553492,-0.203973,-0.657364,-1.246679,-0.444013,-0.340697,1.912721,-0.157023
2923,1,1.488832,0.860745,-1.696251,-1.537715,0.606937,0.090605,-0.308035,1.067985,1.383819,0.141634,1.218625,-1.096444,0.176292,-0.965397,-0.627066,-0.368815,-0.903429,-0.885225,-1.232513,-0.039950,1.762936,-0.283207,0.163710,-0.564465,-0.100000,0.645800,0.026208,-1.884865,0.464962,-1.044954,0.914260,-1.017968
2924,3,-0.602710,0.627290,-0.803557,2.723660,1.318264,1.506410,-0.434360,1.433230,0.819983,0.590681,-1.852260,-0.486698,0.230371,0.559527,1.138374,0.292002,1.050600,0.344373,-1.331518,1.135108,0.843805,0.556890,0.195550,-0.292176,-1.123197,0.273841,1.593201,0.684846,0.267741,-0.688769,-0.168519,1.239514
2925,1,-0.451529,-0.225047,-0.048838,0.443425,2.362248,-0.427616,0.046794,-0.779901,-0.185814,1.269044,-0.024823,0.131263,0.835995,0.573984,0.120483,0.353183,-0.870288,0.781013,0.185366,-0.154109,0.488157,-1.697541,0.366322,-0.395490,0.887691,0.144068,-0.877834,-2.426035,0.311606,0.110303,0.897072,0.252116
2926,0,0.893797,-0.984288,-0.065235,1.590548,-0.318316,0.507433,1.612959,1.062587,0.666128,0.794077,0.794242,0.307437,-1.619738,0.659459,-1.137389,0.156762,1.469701,1.337511,-0.216898,-0.458069,0.362939,0.809064,-0.846301,-0.718661,0.475899,1.605161,0.852736,-0.644308,-0.605096,-0.800108,0.376151,-0.077043
2927,2,1.779894,-1.799777,1.471222,0.797564,0.381441,-1.215868,0.432017,-1.278537,0.957166,-0.637430,-1.368009,0.817025,0.487264,0.568302,1.156470,-0.600699,-0.252518,-1.141149,-0.118435,0.720189,0.471074,-0.267675,-2.923049,1.723575,-0.854204,-0.884505,-1.306672,-0.277169,1.532087,0.856405,-0.391319,-0.374890
2928,0,0.321962,-0.903259,0.005030,-2.123541,0.249266,1.350445,-0.570889,0.324101,-0.146672,0.535873,0.776852,0.749696,1.237780,-0.316158,1.335876,0.284926,-1.000002,0.216325,-0.588749,0.984824,0.345882,-1.017069,-1.051343,1.131235,-0.150700,1.636554,-0.402918,-1.218227,0.631600,0.782841,0.998948,0.032578
2929,0,-0.278262,1.210932,0.155732,-0.209559,-1.289274,0.308933,0.087187,0.837698,1.478069,-0.004706,0.910484,0.688972,-0.890055,0.526507,0.968284,1.528377,-1.618792,0.008808,0.019924,-0.425749,0.480695,0.815758,1.409054,0.830309,0.140334,-1.918320,-0.421075,-0.546505,-0.746067,0.343014,-0.697000,-1.752493
2930,3,-2.438701,0.239815,-0.093302,2.486560,-1.908717,-0.350915,1.328874,-1.185378,-0.052003,-0.445607,1.038163,-0.211998,0.408929,0.445420,-0.573296,1.356658,0.011152,-1.018650,1.932579,0.697783,0.771326,1.630119,-0.327113,1.511152,-0.341848,0.442941,-0.882248,-0.664036,-1.639834,0.021253,2.398617,-0.177678
2931,2,-1.456905,-0.817086,1.520154,0.771783,-2.295637,0.220643,2.129742,0.290144,-0.365350,-1.016551,-1.293068,0.798085,0.869949,-0.412365,-0.538120,0.847826,0.291877,0.412171,-0.177806,0.472566,-0.236370,-0.444849,-1.974839,-0.352680,0.512908,1.773584,0.267709,2.385121,-0.201365,0.701704,-0.050910,-0.513571
2932,0,0.136768,1.302915,1.620782,0.586828,-0.342693,-1.376687,-1.077204,0.255041,0.074360,-1.250230,-0.334876,0.724655,-0.750422,0.614450,2.083737,0.169796,-0.956863,-0.212903,0.247696,0.095386,-1.331523,0.513085,0.827394,1.452923,1.187810,0.409780,-1.795495,-1.455876,2.341245,0.767741,-1.342956,-0.360607
2933,1,1.552882,-1.759239,0.219885,-0.770534,-0.843935,0.363649,1.188237,0.838926,0.796685,-0.238661,0.161911,0.688417,0.219674,-1.163020,-1.297716,1.565246,0.517480,-0.203375,-0.869151,-1.200469,1.246029,0.015462,-0.153321,0.128294,0.121233,2.522611,2.046217,0.164688,1.183803,-2.511061,0.220037,1.536138
2934,3,-0.967613,0.833722,-0.164775,0.025286,-0.388815,-0.640446,0.477603,-0.800982,-2.385962,1.389717,0.707210,-1.343426,1.195659,0.464448,-2.282565,-1.655734,1.084641,1.003629,0.142996,0.098307,1.677108,-0.605255,-0.889286,-0.400738,-0.246327,0.324726,-1.175751,-0.139055,0.098341,-0.851800,-0.784689,0.499259
2935,2,-0.741540,-0.675433,2.356704,-0.493473,-0.823691,0.063233,0.891379,-0.419218,0.104654,-1.697369,0.952931,0.652883,-0.150742,-1.284524,-0.897028,1.563212,0.473818,-2.122502,-0.504295,-0.139619,-1.166394,0.515402,0.349071,0.053357,1.907189,0.961079,-0.111041,0.248326,-0.448404,1.324146,0.604634,-0.146629
2936,1,-0.897934,1.464180,1.096004,0.894766,0.382901,0.180290,-1.587748,-0.139175,1.523058,0.277037,-0.030679,0.652855,-0.881380,0.142560,1.439765,1.603065,0.221505,0.209915,-0.742733,-0.694248,0.570824,-0.732757,-0.215706,-0.063856,0.074714,-0.131838,0.440759,1.600880,1.145542,-0.625548,-0.495943,-0.758056
2937,2,-0.771859,-1.020913,0.546679,0.544891,0.288522,1.943227,-0.477756,-1.102544,1.956614,0.036976,-0.995850,1.335214,-0.058669,1.488192,0.167928,0.206870,-2.670815,-1.276946,-1.504626,-0.974085,0.129542,1.392662,1.096246,-0.299910,-0.613874,-1.093514,-1.280422,0.398541,-1.978182,-0.650945,1.208311,0.174913
2938,0,-0.362440,-1.758912,-0.359059,1.298150,0.867278,0.215934,-1.749137,-0.582558,-0.885542,0.756641,-1.810653,-0.426007,-1.065685,-0.144765,0.852586,1.622035,0.837451,-0.121518,-2.015009,-0.185332,-1.831095,-0.609610,-1.300018,-1.298674,0.200120,1.308121,-0.330602,-0.485653,-0.232326,-2.688834,-0.868651,2.202080
2939,1,-0.031848,0.373536,0.267075,-0.375193,-1.024171,-0.566066,-1.372315,0.128163,2.750048,0.866038,-1.091885,-0.316933,0.067720,-2.672563,0.170437,0.255534,-0.333104,0.809660,-0.123521,0.209154,0.770026,-1.768071,-1.105187,-1.732341,-1.340148,-0.869165,-0.406367,-0.449120,0.749262,0.614475,1.724597,-0.100591
2940,0,1.497160,-0.248339,-0.156163,2.460668,-0.437943,1.690718,-0.894975,0.811081,-0.256409,-0.584938,-1.220040,-0.206981,0.848607,1.492930,-1.320436,-0.218646,-1.761624,-1.342554,-0.504196,-0.384734,0.724376,-0.360751,0.820871,1.799029,1.514618,-0.145811,1.092381,1.185787,0.464805,0.809345,-0.118145,0.048506
2941,1,-1.963763,-0.331182,-0.693054,-1.248750,-0.700980,-2.559153,0.381631,-0.494781,-0.777329,0.118631,0.333747,-1.647665,1.976412,0.485242,0.216610,0.749880,-2.823965,-2.782449,0.259563,0.900761,0.074490,-0.835068,-1.205489,-0.178702,0.325138,-1.307556,-2.998871,-0.469266,-0.720244,-1.581706,0.762775,1.866724
2942,0,0.863868,-1.679695,0.798983,-0.876689,1.157725,-1.306786,0.038798,-0.748902,0.690929,-0.202564,-1.629948,1.357478,1.380355,-1.910175,-0.790068,-0.510450,-0.947837,0.791570,1.420793,0.374122,0.146367,1.301065,-0.303982,-0.724433,-1.498198,-0.809625,1.863002,0.491348,1.301005,0.394395,-0.157803,-1.243069
2943,3,-0.421040,1.015641,-0.383517,0.372106,2.348801,1.798120,2.337724,1.527511,0.532546,-0.377401,1.625513,0.291434,0.172036,0.295169,-0.277768,0.292720,-1.912979,-0.027132,1.546882,-0.926328,0.965086,0.541502,0.396555,-0.849203,0.826368,-1.342559,1.816387,1.216786,0.142283,-0.807690,0.717076,-0.081078
2944,1,0.592279,1.054979,0.361957,0.396727,1.048406,0.175842,0.814816,0.486799,1.169405,-0.601610,0.183909,-0.121299,-1.452478,-0.872793,-0.248530,0.036449,1.287708,-1.214188,-1.559377,-0.645510,0.423945,0.907216,-0.127873,1.477370,-0.143457,0.982529,-0.107981,-0.089496,-2.293371,1.219877,-1.715647,-0.488269
2945,1,0.087493,3.315441,0.010128,-0.036525,0.718111,-0.204603,-1.136312,0.513540,0.540152,0.626713,0.912014,-0.568948,-1.170010,0.038341,0.885128,-0.958575,-0.279091,0.165169,0.427366,0.078714,1.861582,1.442420,0.787869,0.360679,0.533661,0.457291,-0.056443,-0.386733,0.140579,0.137478,0.942066,0.489630
2946,1,-1.487815,0.793547,-0.704741,-0.827702,-0.961414,0.827738,1.180206,0.384818,0.292277,-1.350268,-1.910415,-0.679088,0.298077,2.370449,-0.135662,-0.194954,-1.582462,-0.103545,-0.536957,0.255422,-1.182745,-1.367928,1.728657,0.801066,-1.186525,1.235484,-1.508252,0.102448,1.129053,-0.498636,0.107549,0.772549
2947,2,0.069938,-1.668372,1.344835,0.593170,-0.001095,-0.073056,-1.963999,0.126535,0.323559,-1.639745,-0.097830,-0.105029,0.035004,-0.597713,-2.790253,-1.194995,-1.451341,-1.122491,-0.296935,-1.534561,2.990463,-0.620414,-0.619454,1.646112,-1.301033,0.127701,0.856275,1.006413,0.522316,-0.181087,-1.924623,0.792304
2948,0,1.572301,-1.601884,-0.203776,0.167892,-0.447232,1.044387,-1.354012,1.299050,0.073229,-1.620545,-0.126764,-0.121323,0.291418,-0.507133,0.915665,0.603935,1.625824,0.188025,-0.585535,0.883349,-0.050370,-0.051341,0.401120,-0.071518,-1.004765,2.287054,-1.135236,-1.716391,0.329727,-0.221238,0.553797,2.374033
2949,2,0.019982,-0.649447,0.168453,-0.046572,0.636836,-0.149398,-1.049492,0.232536,-0.763477,-0.388802,1.393257,-1.746968,-0.558181,0.566724,-0.606000,-0.589563,-0.610386,1.063836,0.033030,-1.513293,-0.344813,1.264819,1.564812,0.489935,-0.693506,0.045731,1.019396,0.906819,0.801113,-0.847043,0.367828,-1.507843
2950,1,-0.766692,0.617084,1.195367,-0.324691,-1.062015,0.514173,-2.171839,-0.218670,1.654546,0.160834,1.166711,-0.676127,0.772661,0.845958,1.058983,-0.119566,-0.051345,0.867025,-0.200764,-0.510076,-0.286970,-0.147146,0.372712,0.780045,-0.807459,1.183276,-0.122625,0.490737,0.646861,0.702831,0.206876,-1.295390
2951,0,-0.178583,-0.732727,-0.933199,-0.166705,-0.076411,0.470025,0.835643,1.111009,1.107735,-0.645945,-1.593943,-0.876658,0.228681,0.695171,0.993716,0.173403,2.794132,0.786976,-0.908394,0.957266,0.450625,1.287638,-0.269686,-0.478420,1.014726,0.470181,-0.101048,0.364732,-1.373333,1.264343,-0.123728,-2.018569
2952,3,-0.223936,-0.925674,-0.022124,1.217740,-1.759488,1.020315,-2.771621,1.298563,1.893858,-0.464325,1.302521,-0.589451,1.152895,2.681723,0.675137,-0.856911,-0.691054,-0.000472,0.290160,0.929648,-0.555966,-0.420061,1.104165,-0.573056,0.316891,-0.779363,-0.346660,-0.943134,-1.758795,1.837631,-0.243658,-0.419980
2953,3,-0.339548,-0.195064,0.622419,-0.464700,-0.951162,1.300489,0.180337,-0.574836,-0.957234,0.105642,0.982933,-0.763183,0.561210,1.122489,0.570624,-0.842694,-0.475039,0.672459,-1.173032,-0.473566,-0.132920,-1.255111,0.994910,-0.010817,0.560030,-0.474610,0.856545,-0.721996,0.483352,-0.423582,-1.548818,0.465597
2954,0,-0.280741,0.289764,0.051731,0.146857,-1.080116,0.741818,-0.329667,0.241823,-1.067681,0.048424,-1.552688,0.930757,0.131948,-1.068815,0.858761,0.039021,-0.340757,1.387013,1.017017,-0.725127,-0.234935,-0.374893,-0.217720,2.284763,-0.895108,-0.982652,0.702096,0.295303,-0.800079,1.186731,-0.020381,0.130081
2955,0,0.625425,-1.315148,0.643508,0.046124,1.261296,0.836188,-0.894834,-0.212046,0.275697,0.057751,0.371444,0.176994,0.684090,-0.125327,-1.677559,-0.678667,0.287479,2.762394,1.360759,-0.369555,0.436290,1.329456,-0.998941,1.092812,-1.350257,-0.552890,-0.776215,0.447632,-0.606481,0.594664,0.095132,-0.894819
2956,1,0.149817,-0.329290,-0.923288,1.038098,0.269019,0.969582,1.145420,0.893584,-0.503724,-0.199190,-0.363637,1.162880,1.239097,0.676185,0.530843,-1.218395,-1.239679,1.560974,1.314073,0.319844,-0.266182,1.719183,-0.469268,0.519870,0.377008,-0.572421,1.367114,0.778546,-0.616062,0.143595,2.469684,0.432263
2957,3,0.525928,0.010210,0.291979,1.435071,0.871236,0.875155,-0.600959,0.048105,-0.056519,0.319300,0.682540,0.478429,-1.596614,0.190716,-0.930998,2.624420,-0.039799,0.047868,1.309254,2.241221,-0.217082,-0.037505,-0.153155,0.233890,-0.711743,-1.272202,-0.289117,-1.134789,-0.290925,-0.305565,-1.515466,0.370167
2958,2,1.107363,-0.359279,0.986523,0.614594,0.232409,-0.497788,-0.009706,-0.632756,0.541594,1.480174,0.898779,-0.559412,0.418817,0.141919,-0.064979,0.994718,-0.586709,-0.945577,0.176371,0.094709,-0.466652,-0.855131,0.300005,0.570735,2.221058,-0.863945,0.708993,-0.762078,-0.903681,-1.832889,1.173882,1.060394
2959,2,0.046428,-0.372051,-0.928238,0.313553,-0.562850,-1.692927,-0.221901,0.160546,1.268428,-0.764362,0.805725,1.176455,1.810592,-1.334547,1.428766,1.916303,0.412685,-0.493199,0.193706,-0.258522,-1.118319,0.463949,-0.708719,-1.622242,0.808914,-0.329692,1.264380,1.032166,-0.519400,-0.398857,0.401366,0.070981
2960,0,0.797296,1.019151,0.497124,0.455498,-0.132339,0.352124,-2.102141,0.518232,0.759509,0.709531,0.203631,-1.129094,-1.616932,-0.815086,0.030668,0.899099,-1.339633,-1.329428,-0.246695,-1.494287,-0.716613,-0.753087,1.035974,-1.663332,-1.105508,0.577782,-0.798719,-0.326926,0.680763,-0.149882,-0.623529,2.434745
2961,0,-0.093505,-1.493730,-0.440498,0.576408,0.729799,1.632077,0.695352,0.185679,-2.100338,0.446717,-0.742131,-1.112815,1.006505,0.436610,-0.421535,0.251505,-0.861226,1.057924,0.907250,-0.425500,0.849322,1.472673,1.354744,-0.801428,-0.683443,-0.192704,-0.865535,1.833063,-0.549492,0.387650,0.298678,-0.114135
2962,3,-1.003950,0.627694,0.055712,1.004258,-2.575531,0.305550,-3.180312,0.660022,1.003567,1.376232,0.104365,-0.227230,-0.738600,-0.047391,-0.093775,-0.432511,-0.170434,1.944989,0.763954,-0.121880,-0.845294,-1.532021,-0.249549,1.235594,0.710807,-0.110853,-1.142241,-1.898121,0.318480,-1.396629,-0.739605,-0.259847
2963,3,0.142457,-0.170396,1.527839,0.573155,0.127753,-0.046453,0.427260,1.567746,-0.475529,1.099204,-0.021976,0.685208,-0.907556,-0.716321,0.018256,-0.018351,-0.130544,-0.540828,-0.084388,-0.909069,-0.384097,1.776425,1.747027,0.738960,-2.452075,0.386929,-0.548939,0.372006,0.970934,0.398062,1.542540,-1.563703
2964,1,-0.982438,-0.264868,-0.227558,-0.498863,-0.095295,-0.268750,-0.479081,0.178541,-1.543680,0.192719,0.347905,-2.252915,-0.419514,-0.519675,-0.445824,1.064585,0.333025,-0.518753,1.162852,-1.517446,-1.156141,1.092329,0.220425,0.766951,-0.382515,-1.021515,-0.447445,1.090569,-0.768819,0.735647,1.198503,-0.513723
2965,3,-0.215780,1.316314,2.770187,0.942114,0.280864,0.272749,-0.033097,0.758103,1.392776,-0.885879,-0.726762,-0.406141,-1.013890,-0.233119,-1.172082,-2.543421,0.446956,-1.448122,-0.361944,0.289014,-2.562337,0.595236,-2.042886,-2.218218,0.321516,-0.650130,0.234061,0.459526,0.968214,-0.336568,-0.294227,-0.286227
2966,0,0.852748,0.592957,-1.359842,0.090799,1.326890,0.542289,1.139650,-0.138615,0.125024,0.107292,0.229582,0.639098,1.253561,0.763576,0.595670,-0.792644,-1.492828,1.636604,0.113757,-0.999949,0.155871,-0.733800,0.169204,0.182317,0.630995,-0.641051,-0.016537,-0.961074,-0.374050,2.354169,1.190129,0.923060
2967,1,0.983960,-0.482751,-0.760692,1.258721,-0.008809,-0.074442,0.229929,0.424903,-0.263684,0.183943,-1.000874,-1.729945,0.913147,-1.322708,0.889114,0.973954,-1.157279,0.350622,0.078355,-2.549730,0.786614,-0.521959,-0.513770,-1.540072,-1.547761,-0.982375,-0.997974,0.192115,0.460176,-1.982463,1.778257,-0.507721
2968,0,0.262996,-0.699724,-2.169548,1.114447,-0.776575,-0.535741,-0.881258,1.968867,0.942060,-1.717938,-0.077739,0.290791,0.446564,1.196581,-1.007606,-0.203445,0.857531,-0.200871,1.331936,-1.059379,0.726540,-0.270269,-0.960023,1.176756,0.246705,0.739796,-0.285833,-0.773701,-0.613306,-0.729084,-0.411443,0.244974
2969,2,-0.617259,-1.623001,-0.314463,-0.059261,0.090128,1.933443,0.321615,-0.515763,-0.292950,1.456720,-0.497201,-1.581981,-1.664643,-0.058337,-0.305256,1.416696,0.429184,0.267653,0.142642,-0.402476,-0.461400,0.004064,0.617983,-1.452500,-1.021216,2.442153,0.688866,0.026866,-1.512997,-0.056653,-0.691857,-0.149143
2970,2,0.459982,-0.160321,0.216401,-1.116302,-0.574209,0.331668,0.318122,1.090975,-1.191211,0.168328,0.021085,0.739537,-0.413201,0.673757,-0.067226,1.931921,-1.008692,1.181805,-1.002850,3.469498,0.605867,-0.168817,0.627741,1.736684,-2.062609,0.596064,-0.829207,-0.797885,-0.775016,-1.717773,0.047409,0.400244
2971,0,-0.766463,-0.208518,1.610658,0.246220,-2.189925,1.536258,0.574695,0.751422,-1.513582,-1.767777,-1.365685,0.816334,-0.388065,-1.782954,-1.398290,-2.140149,-0.857841,-1.432971,-2.475083,-1.126614,-0.596468,0.051795,-0.157185,0.381974,0.419249,-0.414838,0.575555,-0.885724,0.541409,0.174170,-1.075093,0.376632
2972,0,-0.751257,-0.167649,0.120850,0.185743,-0.542819,-1.120055,0.238204,-0.285945,-0.557970,0.388396,0.372329,-0.829750,-0.701211,0.524624,-0.308523,0.551694,-1.081162,-0.320081,-0.149829,0.908327,0.491534,0.852003,-1.012011,-2.901505,-0.395263,-0.497512,0.878016,0.689339,1.586761,-0.236881,-0.176618,0.282522
2973,1,1.545720,-1.430063,-0.712060,1.320467,0.339592,0.471848,-0.273529,-0.807745,-0.895805,1.261513,-0.536095,-0.433886,1.788456,-1.204994,-0.100138,-0.089108,-0.268333,-0.498599,0.071287,1.243797,0.885393,-0.081938,1.635029,-0.098422,-2.941621,-1.024963,-0.403613,3.222902,0.799454,-1.389894,-1.454864,-0.198233
2974,1,0.027445,0.706701,1.269972,-0.741362,-0.610476,-0.547409,-0.070359,-0.543662,-1.792874,0.845612,-1.247245,0.858688,-1.583316,-0.025586,0.165554,0.465372,-0.862168,0.108957,-0.550376,1.278696,-0.727312,-0.599285,0.159724,-0.173519,0.490128,0.969264,-0.102826,-0.722511,1.057439,-0.024127,0.262650,-2.002476
2975,3,1.909903,0.106544,-1.196994,1.713873,0.690117,0.947659,-0.673620,0.590787,1.548619,1.626338,0.283141,0.464634,1.067598,1.533672,0.460583,-0.003076,-1.255358,-0.572313,1.700286,-0.254417,-1.307652,2.377880,0.771848,-0.176397,-1.106742,0.226588,0.043237,-1.223860,-0.378822,0.096832,0.191706,-1.648959
2976,3,-0.085633,-0.291460,0.523498,0.610632,1.845942,0.572099,-2.976509,1.675833,-0.982229,-1.184135,0.318588,-0.365032,0.895758,1.021141,0.331656,0.283795,-1.147329,0.747692,2.784630,-1.175894,-0.902319,-0.432222,1.075227,-2.511464,0.222606,2.157313,0.872592,0.174976,0.265733,-0.366743,1.697717,0.476816
2977,0,-1.443376,-0.079426,-0.880784,-0.556614,-0.400966,-0.626266,-0.625106,2.099776,-0.121024,-1.479688,0.270727,0.609938,0.970829,1.065768,1.412748,0.021413,-0.156924,2.398370,-0.880030,-0.753832,-0.835419,0.521677,-2.015237,-1.059501,-0.534908,-2.016832,0.026671,0.048647,1.801187,-0.014333,0.308450,-0.708755
2978,2,-0.670597,-0.606226,1.847174,0.462233,0.622959,0.003410,-0.723175,-0.776423,1.069551,-1.155362,2.077806,-0.614251,1.656036,1.720703,0.254151,-2.386739,0.900243,-0.004477,-0.559277,-0.211480,-1.114037,-0.296997,-0.218390,-0.375286,-0.825173,0.994827,1.579728,0.384215,0.191688,0.470269,0.257663,-0.365482
2979,1,0.855959,0.009631,2.025824,-0.362473,-1.201756,1.427682,-0.453518,-1.199608,1.524305,-1.355864,0.115421,2.192525,-0.740923,-0.333330,-1.038069,-0.175828,-0.539638,-2.026986,-1.334754,-1.723789,2.956958,1.476792,-0.507610,0.349017,0.811141,-2.577993,-0.184106,-0.009813,-0.666901,0.970553,1.756091,1.679616
2980,1,1.259090,1.599168,0.546182,0.127079,-1.075554,0.529517,1.465611,1.302283,0.700098,-0.843225,-0.336658,0.438855,-0.797594,-0.453012,0.611851,-0.336720,-0.982725,-1.710201,0.437245,2.334232,1.089700,-1.364037,0.196905,-0.928623,1.310851,0.018839,0.525963,-2.210430,-0.060192,-1.120123,1.733465,0.897355
2981,3,0.817896,-0.591187,0.128470,0.929441,-1.281784,0.912539,0.470332,0.880529,1.567180,-0.942511,-0.663822,-0.092258,-1.547199,-1.227361,0.201146,0.067545,-1.239262,1.065457,0.540820,0.179114,-0.259441,0.009679,0.843961,0.381758,0.254519,-0.745968,-1.426599,0.825837,-1.678820,0.603578,-0.086294,-0.579936
2982,2,1.250545,-1.960159,-2.309163,1.521179,0.546339,-0.146207,0.817482,0.230124,-0.655702,0.828794,1.942720,-0.763685,-0.164487,0.205801,1.746246,-0.812378,0.887189,1.151002,0.553648,-0.942538,0.440490,-0.154339,0.688203,-0.276501,-1.565492,-0.901032,1.726860,0.725124,0.109947,-0.474328,-0.697560,-1.807070
2983,1,-2.337752,1.134947,0.672233,0.490340,0.865415,0.405926,0.249601,0.391412,-0.049801,1.956157,-0.443205,-0.871300,1.176813,-1.207365,-0.140958,0.172366,-0.901764,-1.823670,-1.344608,0.452360,-2.137028,-1.085363,-0.792749,1.384844,-0.858849,0.347843,-1.539694,0.018614,-1.473567,0.181477,0.672653,-1.417088
2984,0,1.202151,-0.765150,1.111176,2.040676,-0.034819,0.734699,-1.108969,0.660873,-0.505932,1.278006,0.824502,-0.627390,-0.740827,0.219586,0.204208,1.328558,0.932173,-0.993301,-0.268301,-1.050656,1.027610,1.594898,-1.019882,-1.398604,-0.386108,-1.113631,0.043166,1.743417,0.809481,-2.122248,-0.625317,0.183064
2985,0,-0.705209,-1.087197,0.677415,0.873211,0.246036,-0.107768,0.160989,-2.071007,-0.589465,0.915223,0.056530,0.059380,-0.994016,-0.406151,0.025415,0.847496,-0.164133,0.770221,0.186077,0.293508,-1.988420,-0.403697,0.190977,-2.191507,0.452531,2.089485,-0.466244,2.634172,-0.596121,0.794294,-1.159352,2.578129
2986,2,-1.086618,-0.790929,0.223458,-1.115612,-0.092688,0.622900,1.080146,1.125187,-0.138606,-2.258911,-0.547790,-0.414110,0.999235,1.814912,-0.764266,0.850446,-1.035267,-1.085035,0.834329,-0.014680,1.452878,-0.460217,0.162163,-0.508943,-1.499318,-0.328758,0.916029,-1.462061,-0.330264,-0.623625,0.411285,-0.410756
2987,1,0.866047,1.175244,0.279129,1.270470,-0.166897,-0.686668,-0.175403,1.027388,0.019629,0.672899,0.101498,0.200250,-2.380482,0.263003,-1.643375,0.145297,-0.652267,-0.453475,-1.288281,-0.567074,0.607823,-1.611100,-0.348936,-1.010794,2.129264,1.211739,0.645877,1.969647,-0.433230,1.116286,-0.374537,1.783925
2988,2,0.360896,-0.934192,1.034294,-0.214551,0.367198,-0.317787,1.070684,-0.046866,-1.426871,0.965181,-0.113222,1.259774,-0.444892,1.044076,-0.643654,1.657195,0.468363,-0.369781,0.688318,1.321945,-0.179048,-0.305460,-0.607876,-0.218220,1.077343,0.495785,1.782553,0.640756,-0.134859,-2.402529,-0.448028,0.982798
2989,3,0.478234,1.493158,0.065868,0.516503,0.295622,-1.190024,0.164464,0.187672,1.152465,-0.675927,-1.201387,0.335487,-0.518207,-0.358508,-1.350807,0.174785,-0.414886,-0.807713,1.978699,-0.106924,-1.035430,-1.202675,-1.041462,-0.044551,-0.210383,0.721954,0.282206,0.732991,1.424363,0.085184,-0.233957,0.295204
2990,2,0.693553,0.318115,-0.253732,0.465426,0.099814,0.281047,0.889273,0.627324,0.969196,-0.115349,0.327388,-0.431828,-0.828618,0.483809,-1.630865,-1.469109,-0.629391,-0.024585,-0.728403,-2.228978,-1.199981,-0.471695,0.116563,0.176955,-1.352730,0.501286,-0.260829,-2.223295,0.350771,0.475276,-0.728010,-2.091308
2991,3,-0.738028,-1.130638,-0.111659,3.047026,1.431541,-0.769782,-0.764542,-0.602688,1.478412,0.529311,-0.847134,-2.515314,-0.424509,2.561944,-1.043528,1.068260,0.747133,0.602098,-1.332881,0.290792,-1.129773,1.180701,-0.414355,0.568943,0.348388,0.546748,1.662202,-1.036347,-0.781848,0.497701,-0.397201,0.570605
2992,2,0.846284,-0.225854,0.699388,0.250393,2.132635,-0.110462,-0.293774,-0.261847,0.760240,-0.273333,0.076606,-2.277855,-1.047413,-0.707431,-0.654687,-0.415009,-0.033183,0.005564,-0.120998,-0.224250,1.130078,0.395824,-0.668213,-0.679820,0.787972,0.680584,0.072914,1.199506,-2.315039,0.894217,0.116580,-0.462500
2993,3,0.965899,0.702481,-0.472818,-2.223640,0.539092,-1.203514,0.390590,-0.384777,0.596718,1.299225,-0.428849,0.003728,-1.114354,0.635441,1.113798,0.358359,1.401172,0.563386,1.652169,2.528381,0.255402,-0.887928,0.162413,0.120956,1.135652,0.500152,0.274430,-0.007048,0.519727,-2.425863,-1.065744,-0.051556
2994,3,-1.958312,0.843774,-1.729193,1.702053,0.249042,1.305085,1.992498,-1.944439,1.826883,0.979904,-0.493433,-0.525027,0.168012,0.344517,-0.713820,0.927273,-0.403178,-0.688087,-0.317043,0.876167,0.095340,0.109431,0.641346,-0.685531,0.166230,-0.177859,0.290758,0.893717,0.528374,0.268692,-0.609706,0.014972
2995,0,1.002247,0.307832,0.206575,0.594006,-0.203477,0.313156,0.409723,0.985125,-0.269447,-0.957161,-0.043316,0.268833,-1.226698,1.421471,-1.929606,1.422570,-0.925624,0.341656,0.718811,-0.751386,-1.399080,-0.385340,-0.325965,-1.339822,-1.354856,1.969264,-0.785888,-0.093245,0.791599,2.045514,0.159234,-0.848518
2996,0,0.048917,0.285382,1.141756,0.417401,-0.486069,-2.420933,0.173911,1.345812,0.813669,0.266480,-0.845967,1.649613,1.123692,-0.337625,0.038246,-0.114645,-0.533061,-0.717094,-0.085292,0.896313,-0.386623,1.274247,-2.437598,-2.345627,0.369951,-1.183159,-1.453876,0.113070,-0.996260,-1.155731,0.613049,1.318529
2997,0,0.795652,0.147899,0.389067,-0.813446,-0.688149,-1.446536,-0.145916,-0.446150,0.247235,-0.163275,-0.173090,-1.552598,-1.162031,-1.556594,-0.484868,0.766961,-0.939845,0.713744,-0.307464,-0.400801,-1.150999,2.651496,0.858851,-0.390098,-0.691224,-0.319105,-0.924526,0.141732,0.607674,-1.470345,-0.443301,-1.647434
2998,3,-0.286654,-1.025532,0.064413,-0.770326,0.120467,-0.311920,0.364648,2.787364,-0.103644,0.156905,-0.302109,0.128774,-0.432797,0.683481,-0.623819,-1.415318,0.921107,-0.207159,1.923017,-0.250480,-0.680328,0.573814,0.812935,-0.353116,0.942563,-0.884311,-0.425034,0.993999,2.876546,-2.306034,-1.103787,1.276152
2999,3,0.486780,-1.191697,-0.007001,0.895003,-0.606988,-1.249541,-1.019169,-1.546739,0.273797,-1.465828,-0.551734,-0.742929,1.342737,0.626591,0.363615,0.289403,0.532436,1.032969,2.114513,0.401476,1.088112,0.717441,0.862328,-0.659741,-0.328490,-1.553030,-0.808939,-0.309642,0.671047,-0.118148,-0.264620,0.537511
