src,dst,time,relation
314,1398,87.476135,0
905,2283,21.679989,1
1303,380,30.498396,2
2574,1256,75.935631,1
1246,2419,55.276035,2
471,1695,83.718330,0
304,928,39.227100,1
1223,2279,11.086676,2
168,196,47.946968,0
2419,1905,48.789478,1
655,563,42.948425,2
2241,1900,26.317551,2
684,1240,80.790871,1
2672,1555,18.375925,2
2355,1153,50.032974,0
2230,2039,12.614236,2
853,2724,43.584332,0
1594,1842,77.864456,0
2929,2056,97.148216,2
619,720,8.634019,0
2129,1196,92.143860,2
2574,2551,40.439545,1
183,304,18.654863,1
401,916,62.732094,2
1446,2682,3.920845,2
2812,2894,63.006672,2
991,279,85.913712,1
1950,662,39.535439,1
2323,67,74.556366,2
2381,2417,85.717278,1
128,1800,72.615288,0
1908,232,61.686707,2
1349,2076,82.252029,2
2256,1442,91.649170,2
1032,1735,18.385675,2
2083,1135,54.180038,2
2601,379,95.269341,0
1224,2508,81.551132,2
1493,1780,37.823223,2
92,2967,37.091805,1
2037,618,90.692268,2
1645,461,46.711586,2
949,1266,87.585892,2
2195,2744,55.992149,2
389,2450,70.959557,0
1887,1483,94.794365,1
1657,2328,76.780312,0
2019,590,56.685394,2
659,2799,64.453957,0
101,1782,43.907391,2
2483,322,25.163765,2
1386,570,51.619133,2
501,2607,54.532448,2
1895,2381,45.398033,0
735,2325,69.387489,2
270,762,2.878958,2
1454,2698,71.308815,2
339,1564,94.793251,1
828,163,5.677193,2
425,878,4.266527,1
2886,1119,23.064352,1
89,2402,64.773209,2
489,2575,1.459681,2
1339,1333,98.920845,1
2525,1289,45.666538,0
2608,1307,58.117031,2
2008,1455,10.531436,2
2526,1384,58.718395,2
2804,47,35.864567,2
1675,406,70.567566,2
921,1980,54.265804,1
2452,712,64.333931,2
1757,2295,82.615883,2
621,1452,44.357491,0
1744,1141,89.577263,1
714,571,40.354069,1
1147,2392,86.043861,0
1780,1189,22.597752,2
2454,254,87.952507,2
2957,978,64.977989,2
667,2877,83.225418,2
1425,457,65.336006,2
1704,2666,64.927399,2
2385,2482,41.812984,1
518,2827,48.405735,2
1038,1166,74.060577,2
2510,1439,68.258865,0
1921,2497,48.624722,1
1987,2909,52.420540,1
2855,569,39.646667,2
1416,2512,27.924540,2
944,1263,43.727345,2
2858,1561,50.534813,0
270,2602,50.349453,0
1642,2394,65.440231,0
1557,607,85.760185,0
745,1139,51.433857,2
305,2961,50.993271,2
1512,879,78.322884,1
2249,2915,84.870697,1
2740,219,4.010289,2
2288,1851,42.122433,1
2899,1077,9.052697,0
2980,706,88.665100,0
1507,1461,41.774914,1
2549,2555,3.784474,2
141,1057,86.970650,2
513,1345,30.436857,1
2339,1194,20.417356,1
2224,1705,89.579201,2
409,2221,64.120956,2
1544,2013,53.274208,0
2124,2632,98.667107,2
902,2993,7.022640,2
2779,1514,81.664749,2
1325,2786,0.263854,2
2912,1596,12.118437,2
1771,412,49.517452,2
2028,1435,47.077957,2
2201,191,12.790269,1
426,206,29.077505,2
2745,1701,40.890053,1
1478,1641,24.721970,1
829,1443,70.646141,2
300,552,69.390976,2
1436,2014,53.710976,1
176,2437,44.170620,2
2030,283,92.717140,0
1041,162,0.608642,0
1367,740,81.438843,2
936,1333,55.287235,2
220,1596,90.145866,2
1087,1964,49.381908,0
723,1562,13.932437,0
1539,2537,24.450060,1
2882,1969,18.273556,2
42,2062,78.754288,1
2933,1181,65.907242,0
1161,42,94.058472,2
1941,92,11.998993,2
1056,1141,50.666328,2
2411,2253,27.595615,1
1209,225,32.163326,1
1503,2496,24.039701,0
2996,175,39.114807,0
460,129,77.658760,2
43,2357,65.261086,2
86,1627,56.703049,2
1188,2125,78.690781,0
1559,442,21.718073,1
1358,2885,89.708954,2
548,454,34.512405,1
1085,796,81.902489,0
2348,2807,88.005219,0
1624,636,39.812210,0
1434,2704,0.507822,1
1825,314,5.190480,2
1472,180,89.968117,2
276,1402,68.253273,1
1487,2765,96.678337,1
1939,1048,87.958206,0
528,157,42.222004,1
1655,964,10.146570,2
1604,486,77.172386,2
1525,1692,82.302383,0
456,1897,40.032181,0
1631,1865,44.527840,1
1562,1758,52.367851,0
811,506,42.167934,0
366,1591,25.691990,0
608,658,35.328796,1
1253,825,50.907490,2
1957,1002,51.294029,2
2640,1303,9.759628,2
1533,1839,83.837029,1
552,981,44.037533,0
2007,496,54.223316,0
1579,632,27.833563,0
255,416,12.849137,2
2761,1803,31.441637,2
1690,949,3.704706,2
1181,1035,86.336716,0
83,458,6.095025,2
1553,1891,44.800156,1
145,1644,26.367195,0
1528,2491,55.320705,2
645,1423,48.996140,2
1163,2456,41.902946,0
1325,136,87.198471,2
432,1449,90.425659,1
2587,769,34.574448,2
1815,2647,38.675194,0
2067,1923,36.462425,1
2634,2564,13.025161,2
969,2243,59.117729,2
1693,588,96.034073,0
802,2876,46.011513,2
2362,2939,57.789185,2
650,2617,99.860779,2
2986,1085,40.988926,2
2677,859,35.366463,1
578,2801,5.743546,1
2029,253,76.866333,2
867,2252,87.681030,1
1460,2360,62.620804,2
1392,2874,64.128181,0
46,2873,90.362602,0
305,455,64.812103,1
150,2326,88.487167,2
2118,2570,96.890343,2
1886,1531,37.865211,1
889,1593,89.662201,0
657,2732,82.069092,1
1863,2446,85.500328,1
2528,2522,69.232880,0
2181,2774,96.365852,1
774,1897,78.690781,0
12,2862,58.840179,2
2805,1251,16.726664,0
907,2363,41.650837,0
2821,1320,2.171034,2
2707,94,53.554607,1
1509,1631,2.170895,2
2669,2494,76.335716,0
167,1677,42.573364,2
653,2048,28.768749,2
731,2638,46.378994,1
692,2999,41.322109,0
2530,652,56.661999,1
2392,483,44.113922,0
873,2367,32.033150,0
1708,75,65.868927,2
257,2244,70.866684,0
1778,303,58.422108,2
2733,1892,98.196564,0
2067,1416,93.542221,2
1581,673,72.612152,2
229,2148,1.206131,2
2139,1446,20.611122,2
1075,1061,13.884939,0
827,1324,47.924122,0
1763,517,4.909576,2
70,2112,9.196996,0
1902,221,77.228806,0
2187,1829,34.348362,2
2229,1081,23.055359,0
732,1519,92.031357,2
2715,738,34.044010,2
2670,2524,26.872709,1
821,2723,3.872247,2
1314,869,70.492447,2
762,2311,29.542522,2
1186,391,42.434666,1
2686,452,59.595154,2
2864,1431,58.372910,0
1518,1178,75.350586,2
2797,1064,64.496658,2
1915,916,70.719414,2
2040,900,50.519001,2
1160,118,14.521108,1
1297,2284,81.912460,1
1476,2579,83.754120,0
1093,900,11.410429,2
834,1606,46.621731,2
876,2533,37.141296,0
955,2240,40.321541,1
2388,1603,15.431496,2
929,743,98.372314,0
1932,653,14.180600,2
418,2349,63.271580,2
277,2830,85.450661,0
1816,1650,54.388893,0
2956,2546,31.185684,2
2283,2169,77.929802,2
106,1845,97.363464,2
777,238,13.044720,0
709,2953,10.229312,0
281,2398,66.346642,1
1694,370,54.725048,0
344,2636,19.998386,2
2763,1664,72.870522,2
1107,2103,4.980056,0
1258,1621,62.620804,0
2426,1283,73.583549,1
2601,1499,40.107548,1
826,1242,38.874027,2
1794,2595,25.221725,2
2857,2089,10.839076,0
1398,2856,9.507739,0
67,1475,4.944129,1
2129,1569,74.013939,1
1300,2770,39.299999,1
1147,2595,16.193478,1
1631,1226,36.182663,0
2224,1997,62.992653,1
177,606,26.873207,0
582,1079,78.988853,1
1998,2208,14.561890,2
436,2054,26.504255,2
1349,2233,71.336502,2
1493,2565,28.223549,1
204,800,71.883087,0
2974,1282,60.930805,0
985,1708,66.192863,2
572,2808,96.632645,0
1527,1570,8.697313,0
768,546,79.888603,2
2766,2284,15.580961,1
52,2860,24.012785,2
503,2694,23.391882,2
2858,2635,93.547035,0
1786,786,4.428017,2
1205,832,22.931032,2
122,2989,76.591576,1
603,674,37.361885,2
1389,2490,79.747978,2
1891,1647,8.804183,2
1253,690,26.225492,1
1174,597,10.349400,2
1877,178,90.628769,2
2838,2954,75.313896,0
1012,1788,5.925123,2
548,1398,25.473665,2
177,1277,88.613823,2
1908,2615,72.365776,1
1940,2123,73.464142,1
273,188,72.581177,2
61,1797,51.963142,2
1229,123,15.681268,2
1921,749,24.184374,0
1121,1225,68.148430,0
1042,1252,58.084831,1
130,1999,27.963934,0
2802,2391,0.263854,2
898,954,32.301456,0
2430,867,56.319721,2
850,911,15.035431,1
1918,2378,99.733223,1
1788,250,6.200408,2
2533,285,34.116753,0
1207,167,51.254204,0
1421,351,77.972298,2
866,2890,91.375748,0
1847,2218,85.831421,0
816,2452,35.277615,0
560,2174,37.987606,1
833,2913,71.558342,1
1998,1388,85.344734,2
2850,1163,88.951149,0
1427,832,67.735703,0
2020,249,89.368065,1
30,561,37.660378,2
302,353,9.163451,2
2234,2093,14.742576,0
1216,2520,10.789863,2
1940,1893,22.264673,2
1396,1226,32.830189,2
1677,1045,41.441063,2
1308,2091,11.275373,2
2268,1063,63.398544,2
1145,1772,59.617378,2
2252,931,35.817596,0
2482,2525,52.924774,2
180,2566,68.514153,1
1216,2056,69.369301,0
1423,665,17.517292,0
88,2699,96.452187,0
2206,536,81.884323,1
161,352,41.845314,0
1508,1517,8.832301,2
995,2108,66.659271,2
1699,2159,55.489872,1
431,1396,61.981529,2
2914,2646,26.161341,0
899,526,17.621069,1
197,910,58.919224,2
501,1790,60.236870,1
1515,253,56.074368,2
367,295,21.750772,1
1573,2289,7.117690,2
2166,749,45.057449,2
2146,1069,24.580011,1
226,1482,22.193876,1
2422,711,56.809261,2
2218,930,62.625427,1
1161,322,22.345278,2
1772,2713,83.107834,2
175,555,5.628022,1
578,1544,8.651567,1
155,1509,19.504555,2
2080,2687,14.636892,2
2971,393,85.558067,2
2547,646,43.609192,1
2549,2785,50.040089,0
2535,2084,96.694168,1
85,2132,85.873192,0
2856,674,26.869743,2
562,2134,69.497017,2
226,1916,72.760315,2
1737,1065,86.583359,2
746,1143,25.839031,2
35,2650,2.653223,0
1479,537,85.128662,1
978,69,67.147453,1
1943,2750,25.339920,2
627,693,56.460178,2
207,2648,50.135071,0
643,405,59.872150,0
32,894,2.425025,1
1014,831,19.324635,1
1032,1347,14.297322,2
2416,948,30.565054,1
1936,1310,65.864120,0
2805,2239,62.438000,2
381,1988,44.332024,0
198,171,22.522875,0
2784,749,74.352249,2
1697,1031,61.646088,2
1809,1404,30.339334,2
2501,1202,51.526676,0
1546,2816,95.167885,2
424,1200,27.529573,2
2825,1154,67.275909,2
192,855,55.920235,0
358,2014,73.613602,1
819,2915,82.356888,1
2376,1748,22.425262,1
279,2012,63.364616,2
307,2338,92.745979,1
2496,824,71.021416,1
39,279,52.744553,1
645,503,13.204663,0
804,1006,79.036781,2
2634,844,34.507633,1
2524,2484,56.453697,1
1740,551,59.250332,2
711,2209,90.359222,1
2356,1996,28.531693,2
1093,392,96.275719,0
536,326,95.228447,0
417,668,43.132092,1
1915,1851,40.778980,0
1663,2661,61.775547,0
1204,2899,69.392982,2
504,197,83.206581,0
1550,2165,32.963726,2
243,661,11.744378,1
1601,43,43.975403,2
1733,1731,88.653801,1
2753,2062,1.417607,2
1324,436,89.177956,0
1903,2303,87.931725,2
141,2423,76.393379,2
1375,1340,35.570404,2
203,505,33.194740,0
2787,2470,21.949297,1
1308,591,53.241684,2
2648,217,27.516405,1
756,2134,44.988113,2
1586,1029,77.273582,2
1743,2128,94.461029,2
1495,1294,7.456597,2
1159,1325,90.839264,0
766,2086,75.747139,2
2946,2949,43.618950,2
383,644,95.327103,0
525,1188,70.197327,2
2079,2935,22.838322,2
1454,433,12.754878,2
1804,835,6.726769,1
1907,879,45.731087,1
2127,2912,50.658607,1
574,380,44.170345,2
1757,1772,23.988653,2
836,333,27.100742,2
1125,698,59.855957,1
734,2376,64.509903,2
267,818,67.098274,1
1378,1236,53.277222,2
37,293,86.081139,1
2162,2461,53.548943,2
2389,1875,91.807281,0
1096,211,59.016041,2
891,375,76.665428,2
396,2305,93.158066,1
480,2555,49.163933,2
519,1331,94.207100,1
1389,945,50.350834,2
2036,2585,91.782211,1
2006,1083,26.128492,2
1926,1276,83.891594,2
2263,2959,0.491957,2
419,101,27.872934,2
335,1466,23.719276,1
2006,2920,27.909464,1
345,785,35.895397,2
834,322,70.145828,2
1572,863,83.096642,1
1721,1656,74.691803,0
1670,996,44.304958,2
514,1785,12.813990,2
1083,2924,86.913414,0
1443,2760,26.141405,2
1275,1129,13.884939,2
2463,1796,44.618042,0
450,2499,67.813477,2
2722,2039,14.960914,0
194,1582,0.339795,2
1536,1237,35.848133,1
2314,754,58.617722,1
2078,583,98.210411,1
1081,1994,10.229240,1
2044,2762,14.007382,0
1989,2200,78.498215,2
2976,2192,49.974152,1
606,704,62.119106,0
709,2124,23.431763,1
2625,2560,65.587402,2
1393,1673,70.369415,2
824,1018,16.586519,1
1502,851,15.238540,2
1081,2928,39.068890,2
439,477,26.052443,2
1113,1435,36.775379,1
515,263,31.922935,1
1558,2607,67.169083,1
790,2930,86.327530,1
239,1463,69.877884,2
1345,1044,61.708500,1
1820,1246,94.710136,0
1862,460,98.816345,2
975,245,15.491329,1
280,2331,8.342033,0
2485,574,20.371632,2
2938,1106,14.905217,0
690,2948,61.671345,2
91,2403,76.912010,1
1143,1218,57.897270,2
2099,911,20.391102,1
2721,1676,54.566658,2
2163,1100,21.161238,2
1254,2957,98.182823,2
245,802,6.492427,2
1744,143,68.409599,2
151,165,35.298447,2
2146,2220,42.932636,2
2520,801,43.144344,1
2954,2684,41.545567,2
2683,1353,19.937540,0
2146,335,23.347797,1
2512,1842,69.122215,2
270,2856,45.028496,2
1777,2692,57.698273,2
2537,2494,6.398108,1
208,2670,1.076425,2
250,2191,44.086620,2
1892,1420,73.789818,1
2782,2000,6.828526,2
1648,1783,12.704348,1
2780,1471,25.215874,2
966,2935,63.286171,2
1252,372,63.510876,1
1661,1242,86.900002,0
2340,2282,6.104183,0
641,1930,23.626110,2
2691,2114,76.833252,2
631,285,48.239334,2
1304,2025,36.035400,1
2480,1280,56.791424,1
214,1093,15.348481,1
2510,251,86.127365,2
1580,2241,41.382286,2
724,1906,70.836235,1
658,103,39.764076,1
2259,2506,81.683517,1
1548,1746,44.542217,1
1304,2693,46.474289,2
149,2186,43.436714,0
2428,1988,88.189301,2
1442,971,26.688959,2
2729,1406,24.164761,2
2965,1890,88.008263,2
892,2266,93.514191,2
1120,2094,44.730122,0
1119,2950,28.753332,2
743,2815,55.819241,1
2924,2849,62.717735,2
810,680,51.818935,1
2296,451,10.986071,2
2767,566,99.877831,0
2550,1669,76.592194,2
2829,2223,28.880236,1
1587,1135,26.329140,1
1652,1661,64.592827,2
2853,75,1.277607,0
1559,612,90.759171,1
2904,2407,2.452101,2
834,500,99.091057,1
497,1863,24.292614,0
1705,221,24.075466,2
2204,1438,68.701431,2
654,1272,76.078262,2
1554,2389,87.952507,1
1518,1288,93.084976,2
2382,2773,97.311104,1
2133,2305,82.792526,0
2604,1732,49.116299,2
201,2414,51.566879,2
2417,2468,80.719376,0
2711,1695,74.461937,0
345,357,97.300529,0
329,2423,35.574753,1
1760,127,70.220230,0
141,1122,42.349213,2
2640,2134,84.453888,2
1588,2491,12.531531,0
1640,520,83.766884,2
46,189,97.927299,1
737,867,88.227333,0
1817,417,17.045790,2
1047,1555,37.170174,0
1143,997,98.497536,1
1984,1026,13.621408,1
1978,2460,44.745590,2
2972,1690,0.294817,1
2572,950,65.504883,0
190,826,84.551376,0
846,527,32.813343,2
15,1744,46.425316,1
1244,573,10.523094,0
1981,694,12.165791,1
1539,1159,75.398987,2
2475,1947,17.282448,2
1884,1066,87.544342,1
2910,2402,45.114193,2
1056,1520,21.061991,2
542,1141,67.085190,1
409,2570,14.585656,2
425,1980,85.221130,2
2761,327,8.524280,1
138,31,49.502075,1
2189,2172,32.744064,1
1486,2791,34.013050,0
1720,2471,73.020821,0
2991,2581,25.856768,1
2582,2139,89.958084,2
1680,1659,52.771992,2
1878,718,12.634254,0
623,2461,70.794136,2
2052,2198,46.030605,2
1638,1831,68.410034,0
499,1625,28.284376,2
2338,680,25.509012,1
72,2771,6.868950,2
783,2808,87.366219,2
142,62,8.387151,1
1437,321,39.686291,2
1718,1014,47.494793,1
2482,2798,17.959284,1
1855,1919,86.624405,1
906,395,8.437951,1
1829,1318,88.893959,2
305,1353,20.288179,0
1252,1026,66.280510,1
641,2918,94.109352,2
2378,683,3.157677,2
2602,1096,43.926006,0
2351,433,10.153587,0
1569,193,20.813187,1
994,948,18.310249,1
2184,783,35.205379,0
2298,2477,87.558548,1
5,2672,35.139709,0
1226,1411,72.477928,2
977,1882,36.134506,1
1294,2775,73.030434,1
2733,1427,94.113197,2
989,682,95.938087,0
2031,825,25.833439,2
536,1853,15.782860,1
1009,1022,32.336872,2
2350,2197,10.169906,2
725,1544,95.251152,2
2608,2756,58.739639,2
1042,2770,23.914217,1
1276,1009,87.564781,1
1325,1077,38.410763,2
1378,510,45.932972,1
505,1251,5.059749,0
402,1676,71.770767,0
2518,1530,88.922005,1
1803,2558,46.759129,2
321,1229,2.115920,0
1944,969,85.936501,2
2728,2585,49.426373,2
156,2803,59.226738,2
1286,2508,58.675941,2
1137,992,47.132515,0
1847,2090,5.346150,2
1506,2950,67.078438,2
573,2478,49.208195,2
46,2909,92.302765,2
2987,474,81.545013,2
1149,963,29.378944,1
2479,1755,43.679550,2
1803,1217,44.064396,0
926,1105,91.129868,2
60,167,37.764362,2
1783,688,86.085480,2
428,2872,83.392349,0
1223,1567,71.490814,2
1144,254,52.874130,0
849,2556,32.529270,1
936,2648,20.350235,2
261,2881,10.592547,0
2582,1418,32.291546,0
2024,1010,85.185524,2
1701,1919,58.828587,2
1759,2498,95.784431,2
1060,1529,99.798264,1
1769,2472,90.663765,2
1097,1752,4.673932,1
325,2074,7.187535,2
2874,362,77.814224,0
399,82,1.351589,0
1608,1160,29.655491,1
545,415,18.497038,0
415,2957,34.801903,0
1717,2308,51.009129,2
1255,1100,50.335312,0
560,1331,56.041012,1
2655,1762,91.753159,1
1555,1528,51.254204,2
31,449,24.869291,0
42,535,15.810276,1
1624,1971,54.146149,0
787,852,54.674347,2
1896,580,33.339024,0
485,2464,19.494532,1
2017,1173,80.913002,2
1619,609,61.624077,0
400,2281,29.196325,1
895,1611,66.119026,2
792,2633,74.915070,2
2660,233,52.873425,1
2557,969,19.136532,0
958,362,22.910635,1
2755,1962,56.207588,2
409,1221,48.390697,0
104,1253,83.007042,0
15,2062,92.233177,2
909,190,93.547035,2
1373,35,73.614929,2
1054,1735,77.933266,0
2762,2703,70.719414,1
2691,1521,74.495651,0
1511,851,61.633461,2
142,1566,6.573800,2
1672,2467,46.084614,0
947,2675,61.502373,2
738,299,34.069447,0
2584,1662,20.908100,2
1795,1601,63.364616,2
1634,529,11.224563,1
556,828,2.362713,0
82,2435,26.598242,0
766,1341,34.340591,2
383,954,25.910370,2
2576,744,69.594193,2
2833,911,91.079552,1
743,231,54.369678,2
72,2590,98.863380,2
159,31,85.571190,2
2240,2373,5.212415,1
163,2119,27.873549,2
180,2099,3.455040,2
1177,2924,40.391224,1
1706,1636,35.487835,2
686,2888,73.212914,2
549,1352,44.342461,2
600,911,49.182339,1
223,317,70.373993,2
2215,2098,46.085304,1
2541,1666,78.252808,2
916,2102,76.766365,0
2742,606,12.396927,2
927,1608,11.105165,0
399,70,70.298470,1
2867,1133,17.395798,2
2078,2687,84.484612,2
1620,2371,47.086548,1
1341,1509,48.260162,2
726,2457,44.173523,0
807,1839,57.911068,1
1677,1779,10.860371,2
2904,2900,76.710670,1
2069,2400,32.529270,2
499,465,45.220497,2
740,1138,44.502216,2
1645,38,78.218170,2
729,174,53.465916,2
1658,1253,61.003479,0
2841,1633,98.863380,2
2078,713,1.964051,0
2470,2120,12.716753,2
2288,2191,93.711136,1
1740,2568,36.332981,0
1478,2607,82.270027,2
2601,225,7.127572,0
106,2788,37.383240,2
1307,814,21.548376,2
2320,1895,87.335152,2
2621,1187,77.645279,0
181,2538,65.839615,2
2652,2250,9.528435,2
877,742,17.581198,2
2097,1843,9.893242,1
2061,2131,59.339817,0
2330,497,60.637650,1
1268,1883,83.731987,0
1921,1749,31.540577,1
1730,1696,44.332024,1
211,980,19.524210,2
2231,1842,31.719379,1
1286,1407,71.374168,0
368,143,73.127777,0
1598,995,81.950035,0
330,2314,85.676407,1
2823,1696,56.787910,2
439,199,23.490103,2
529,1445,74.352249,1
2657,1705,11.549692,1
2775,928,0.359083,1
1128,2178,69.802200,2
1314,1270,51.444359,2
995,2414,26.670198,2
2972,1131,95.010452,2
2050,137,63.635338,1
2534,747,84.148773,2
1372,1988,30.385462,0
1786,1923,40.085274,1
2126,1402,86.020081,1
39,1928,40.252926,2
2400,104,11.777366,1
1266,2077,45.351562,2
688,1442,42.610458,1
469,2496,52.722832,2
30,1041,39.636654,2
81,1205,70.872238,1
1072,2206,58.422108,1
1165,1346,7.039318,2
1342,1668,7.571918,2
198,1982,56.649784,2
918,247,73.809486,0
2458,1023,23.838642,1
2479,2626,41.366608,2
1019,511,21.698364,1
457,2742,94.567459,0
98,1802,27.817081,2
2271,361,26.828657,2
1589,2861,13.874784,2
133,1059,58.558788,2
2732,1808,32.710533,1
2499,534,93.824135,0
2203,654,84.603233,0
1599,1933,68.861855,1
525,2391,40.419765,2
651,1689,3.806449,1
2525,1217,72.567123,0
381,1688,19.817245,0
2969,468,70.373993,1
1069,83,17.279379,1
590,2414,94.351486,2
495,2514,42.351414,0
1423,2455,62.937183,2
2087,1052,60.794109,2
616,1373,10.619487,1
571,1237,62.553947,1
2423,1832,64.592827,2
942,427,63.716881,0
759,950,18.234369,2
2350,1319,22.308104,1
2842,189,24.329176,1
607,1011,55.489872,2
577,1961,10.044086,1
2347,935,62.091190,2
1252,2682,67.158478,2
687,2293,21.759361,1
2141,2086,94.345963,2
2375,2483,55.790451,2
2717,1602,49.986561,2
598,45,81.438843,2
1933,2138,80.753708,1
2754,2102,39.908276,2
2983,1979,97.571274,2
2220,753,15.039878,0
878,2581,77.134926,1
720,1304,83.136711,2
1107,2572,33.856979,0
1390,2209,28.971272,2
2117,502,34.312847,2
1511,2686,48.996140,2
2299,340,46.505848,2
1280,2708,35.097801,2
2109,952,73.101402,2
836,1540,76.804008,1
908,1893,92.171097,2
1054,591,89.778458,2
841,2659,70.218910,2
102,2073,72.126610,2
1337,1041,5.018765,0
2264,2103,42.361908,2
71,22,9.800209,1
1817,1603,68.309097,2
962,1465,15.004109,2
225,308,74.337196,0
381,2124,12.253990,2
24,2141,46.444695,2
1952,714,99.554810,2
1769,1683,67.456734,2
2453,2030,57.029652,2
2610,2900,3.288700,1
2431,580,37.962330,2
1576,145,21.557673,2
1370,1046,59.572636,1
1858,1668,20.886641,2
1603,2381,84.309814,2
1641,23,50.832253,2
545,2360,66.775703,1
1722,1543,24.817902,0
627,1637,93.922127,2
2803,2759,89.025452,2
1651,1181,44.511127,0
2721,1694,40.916553,0
2682,146,46.232128,0
2698,457,79.755554,0
182,36,91.101608,1
2918,142,65.383034,0
2532,23,68.154251,2
2400,2756,67.250427,2
1674,2953,65.691803,2
390,271,56.672916,2
966,78,94.860840,2
1988,551,12.660365,2
637,2606,81.883698,2
1171,850,34.541420,1
293,782,30.101685,0
704,965,76.731438,2
2685,1340,66.359261,2
1142,221,67.266365,2
108,2876,38.347172,0
2619,2765,34.044010,0
889,41,40.414413,1
1333,1982,92.542381,1
329,344,83.661911,2
618,419,90.806633,0
342,552,19.124798,2
627,1601,57.163723,1
1029,160,89.448212,2
2292,150,11.486002,2
1970,482,50.474503,2
977,1962,30.670837,2
2271,608,20.457047,2
1917,1621,38.225979,2
2487,2951,99.334473,0
878,1948,72.800240,1
46,90,29.653236,2
32,1884,84.952400,1
1844,1468,30.272837,2
1490,68,68.897270,2
1900,764,32.503216,2
73,2123,79.454651,1
2336,2221,99.583138,2
1991,48,27.562712,2
1359,1429,79.928680,1
2666,2691,20.402477,2
2200,157,91.992874,2
2490,1802,12.362374,2
2314,2152,37.786911,2
2472,15,95.432564,0
569,777,16.118586,2
1267,1180,10.229312,2
2170,267,50.742939,2
941,624,38.683460,0
1840,790,14.902720,0
1069,2242,20.999041,2
2744,177,31.597622,2
1754,2344,94.314987,0
460,2304,88.418930,2
721,2482,10.769732,2
1453,5,17.492371,2
1616,717,89.462845,1
2417,1262,33.957920,2
1262,1392,34.824265,1
2639,1299,13.378584,2
267,1427,54.029572,2
1952,1087,38.291248,1
1323,1866,24.231627,2
2935,2109,45.785412,0
621,1259,56.135384,1
651,2942,48.071674,0
962,2256,87.718979,2
1318,2967,16.071646,1
2750,1280,27.657465,2
1060,1055,16.510897,2
2215,1546,76.395111,2
1461,1716,74.575279,1
1508,243,35.969120,1
1268,2620,23.422535,1
2557,1286,41.577755,1
480,2496,99.169441,2
1201,1290,31.265396,1
2967,187,97.194328,0
727,2598,73.246040,2
632,1760,86.239769,0
2666,1270,78.127449,1
102,2594,59.152973,0
403,1657,85.999031,2
2948,2132,99.860779,2
672,13,93.492523,0
23,431,16.903685,2
2962,935,56.359463,2
1773,117,4.357650,1
318,561,1.478760,2
100,2033,43.707954,2
2029,904,6.001173,2
2330,1084,90.051559,1
806,1830,28.835426,2
212,148,4.362808,2
1858,179,52.790833,0
1271,1902,31.703348,0
2055,601,40.988926,0
376,1549,5.510500,2
709,2809,72.835266,2
1766,2513,59.565281,2
1255,2566,47.397705,0
1627,1379,57.993065,0
2265,2719,87.605515,2
386,1634,73.035278,0
2147,2758,29.070444,0
2602,1554,26.443485,2
2209,923,99.154610,2
636,2120,68.102852,2
1154,324,82.444992,0
137,1779,30.101685,1
477,2828,36.602810,0
2457,2292,48.297340,2
2246,481,39.593643,1
1103,2742,32.717625,2
2119,2779,66.908440,1
1859,2964,81.643478,2
1537,759,34.107201,2
780,1664,3.494367,2
1872,900,15.470971,2
443,118,48.305962,1
1167,1238,99.923119,2
300,2637,99.531311,2
147,2040,89.989487,2
1481,1903,58.181343,0
288,132,3.069359,2
2839,1565,93.201851,0
1097,850,0.607800,1
975,1201,19.695316,2
2033,133,41.404510,2
1132,2869,51.559353,2
2422,725,38.841736,2
353,149,39.336281,1
2464,96,80.728432,1
1290,1815,8.087422,0
388,1980,81.265038,1
1664,2231,42.522015,2
346,264,4.256906,2
1947,2305,92.229752,0
1934,83,50.904518,0
1877,1666,32.870884,2
516,802,61.511780,0
1326,1370,70.546791,2
1755,866,28.759460,0
1410,2366,39.284481,0
1425,2425,5.890931,2
2150,196,44.134098,2
2734,1206,40.689518,2
1645,1900,61.462250,2
1530,2915,77.585358,1
1542,2223,78.060745,1
2978,108,99.098877,2
227,303,76.937111,2
619,2450,43.242340,2
1339,1309,91.623093,2
2747,730,69.731468,0
804,2837,90.253044,0
398,2858,20.276083,0
1813,2821,72.561356,2
981,529,87.730347,1
834,2364,26.716684,2
2245,380,65.839485,2
857,797,85.833916,2
681,867,61.408955,1
1649,2129,92.747932,1
2108,1683,91.747879,0
2463,1414,73.797752,2
319,605,47.583107,2
0,1671,84.977127,1
479,2908,1.946087,2
630,225,34.696503,1
2971,1796,6.259018,1
2547,116,87.089211,0
1626,841,34.391270,0
428,240,20.715111,2
9,2296,80.866898,2
984,347,20.831116,1
2943,452,60.128757,0
933,2848,28.027676,1
1904,2041,79.732216,1
2608,2632,45.952686,2
1712,1038,81.911827,2
664,43,95.327103,2
868,268,77.769043,1
831,2284,6.069741,1
531,2472,9.436357,2
948,1533,8.356337,1
1059,2598,40.036530,2
744,1049,25.515247,1
1021,2678,36.978611,2
1016,1357,12.747251,0
641,1085,87.179268,0
93,1295,11.750245,2
878,678,63.007130,2
2101,2490,46.125187,2
1216,1985,12.760627,2
2822,105,53.760426,2
2729,325,93.614075,2
1359,2392,44.171173,2
1052,974,22.562820,1
1431,1319,30.038256,1
2096,91,41.679237,1
2213,2137,53.018814,0
1510,747,43.132362,2
678,2729,17.890589,1
568,2983,82.901520,1
564,975,96.722061,0
2104,1198,21.065491,2
613,1875,80.899559,2
1857,2546,66.377167,1
79,1239,9.893242,0
2315,270,97.482887,2
1251,1303,19.700415,0
230,233,16.580627,2
1586,501,28.223549,2
849,560,50.399593,0
1588,727,67.454636,0
2153,450,10.827784,0
2180,2854,87.931725,2
2738,1301,56.117767,1
2745,2151,23.803110,1
93,2680,26.873207,2
348,386,77.188293,2
405,1983,47.132515,2
1116,2825,13.500653,1
1576,898,79.747978,0
1271,421,83.368362,2
926,2208,1.823298,0
2301,2970,41.246014,1
2851,494,82.442787,2
2030,1010,92.939262,0
1710,871,42.333401,2
2226,85,76.712540,2
306,903,69.977165,2
1453,584,38.142033,2
1850,522,23.838633,1
84,2652,39.548950,0
508,2516,86.826355,2
1401,933,12.067012,0
1935,469,17.514975,2
2284,2403,23.590330,2
989,430,94.437347,2
2871,2379,16.637884,2
2171,1549,8.124389,2
316,769,22.847088,2
2312,2857,79.694427,2
526,60,85.764977,0
269,675,5.364799,1
894,798,83.316238,1
508,643,69.984962,2
2034,853,78.588829,2
2497,1741,49.240246,2
1394,2730,98.448685,1
2062,1398,41.545567,2
140,1158,62.955032,0
1840,1813,87.450592,0
2457,417,41.886402,1
2720,2134,11.196989,2
2044,944,14.446830,2
2189,219,49.240227,0
254,654,61.481270,1
2038,1383,71.282768,2
2627,1204,75.118370,0
2641,646,0.723363,1
692,2193,34.696503,2
1420,1401,61.626198,1
1061,2630,90.840126,2
2142,2765,14.189777,1
459,1159,43.733654,2
2828,1279,77.063881,0
630,2519,98.381401,1
1348,1862,36.666756,2
855,1052,90.116989,2
1543,2555,54.648731,2
2053,1669,82.795120,0
984,98,96.648674,0
1353,1948,56.660603,1
803,534,61.387062,1
2456,112,36.246880,2
2170,1752,19.406319,0
2919,1458,26.671513,2
1480,77,87.452103,2
81,2821,68.265457,2
1968,2540,24.481325,1
1996,2818,9.069474,0
467,446,20.926147,2
820,1571,97.008377,2
1284,1539,43.599522,1
686,121,79.094460,0
512,1119,6.779435,1
1949,1096,36.120037,0
2827,2534,96.632645,0
2263,2607,60.358761,2
2128,920,6.206438,1
885,2873,17.510267,0
568,969,28.573383,2
2719,2592,52.595177,2
1602,2000,3.993786,2
2504,2187,10.125333,1
2729,835,87.967606,2
1600,1698,18.483093,0
2102,1341,61.375618,0
2714,1362,64.276649,2
2985,2449,84.251869,0
2619,1728,43.847134,2
672,1868,19.435225,1
1384,1979,27.762821,2
2520,1577,70.894226,2
1101,2752,72.392113,0
777,427,84.887093,2
2311,635,8.748240,2
1106,1359,98.833885,2
576,170,55.149921,2
2167,2845,33.278679,2
1793,2470,86.500137,1
1014,1332,57.229324,2
1807,20,19.862680,1
1017,1451,95.982643,0
1475,442,59.294609,0
2308,1772,17.928234,1
1986,1549,74.409248,2
1273,1328,92.599045,2
194,1483,61.363613,2
2765,1712,48.625877,2
2238,361,16.714256,2
2643,1074,19.654490,1
1735,762,79.474861,0
2635,30,12.275160,2
708,928,12.531644,0
1227,834,70.574142,2
1215,35,25.043816,2
1946,674,89.525810,0
1120,2079,61.155636,2
617,281,0.978246,2
2000,2739,48.737049,2
1916,2919,49.969826,0
1058,2929,47.050434,2
2312,1958,16.073652,2
2677,1886,11.879106,0
1919,1557,12.831359,0
1249,2928,35.695911,0
2882,2690,87.045837,2
1070,1156,92.954315,1
717,752,18.253695,0
1978,2088,1.478570,1
1157,286,75.485123,0
42,2526,21.002195,1
1792,553,30.195925,2
1952,216,24.251974,1
1063,2708,23.932596,2
1798,2041,27.562712,2
2513,1517,80.623260,0
2249,152,74.489273,2
13,2184,52.513660,0
2767,885,44.135830,2
2332,697,31.504978,1
619,2372,77.094162,2
956,2394,4.909576,0
190,480,58.288441,2
631,43,55.766438,2
1535,620,27.730492,2
1499,1264,17.510267,2
595,702,31.657288,2
1921,2454,21.422604,2
2653,945,22.224630,0
2587,2587,72.705254,2
80,116,64.741646,1
2674,2397,86.604507,0
2746,869,88.128395,2
110,263,47.470222,1
690,2854,4.670709,2
927,2440,43.935596,2
718,1527,51.243675,2
1984,122,73.390976,1
1989,2318,23.399475,1
1547,1940,76.518120,2
123,1152,63.363922,2
1075,374,37.157589,0
967,278,42.257267,2
2131,1815,16.071251,1
1271,1242,27.693989,1
1486,875,37.632164,0
275,1612,6.436813,2
410,2078,51.839520,1
1844,2842,84.279167,2
2293,2237,35.412827,2
1362,1508,23.429148,2
88,1438,63.080677,2
1589,2597,87.597588,0
2568,1643,35.312283,1
2176,386,83.599503,2
383,467,96.546417,2
2017,2074,21.442398,2
1066,1567,99.140358,2
1457,346,27.362782,2
1494,1460,18.656963,0
726,2982,44.345421,2
2173,2252,65.614594,1
9,2306,54.851147,2
1417,1043,70.306419,1
1828,2130,65.092987,0
1170,1418,20.259506,2
2411,1811,71.608894,1
295,1479,87.450592,2
923,641,22.989399,1
724,1624,16.903685,2
2005,2439,96.289238,2
1213,2665,73.469475,2
991,1380,82.862129,2
1627,2296,89.298912,2
2133,781,63.828773,2
2190,423,4.265401,1
590,444,27.992867,2
660,1862,81.957855,2
343,2902,86.419617,0
695,2641,51.131599,2
1683,235,54.563965,0
2888,1150,39.161343,2
1417,1752,86.564095,0
2314,331,20.073812,2
2505,79,92.508141,2
2956,1375,66.960526,2
2262,1963,0.240883,2
1437,119,9.323668,2
1002,1094,92.681465,2
933,770,6.372639,2
2886,1466,6.310603,1
1947,1224,33.050098,1
786,1000,67.439636,1
809,1497,82.489235,0
277,1033,56.874969,2
460,1226,1.459681,0
1965,1704,63.476643,2
644,2530,59.915867,0
2586,2870,7.145834,0
2760,917,62.585674,2
2979,2898,49.472084,0
314,2304,39.748524,0
1904,19,92.302765,1
2153,1025,89.004852,0
2270,1082,66.993027,1
675,2436,91.803261,2
2884,161,70.015686,2
1557,704,85.571190,0
2343,682,1.460709,2
1775,2000,32.666046,2
2275,12,14.538391,0
1179,2405,82.436043,2
1199,1434,55.190075,1
2110,1977,75.121719,2
2013,1404,0.820096,2
1284,1179,37.209496,2
1660,1427,14.127222,2
1034,180,29.533779,2
1872,2490,34.980186,2
1432,971,97.480202,2
2962,2034,46.381329,1
2746,503,58.044868,0
1855,332,43.500397,2
2816,161,64.250015,2
1593,2851,49.521519,2
2058,701,36.182789,2
2018,1009,40.044426,0
424,2562,81.211311,2
2915,1210,38.593700,2
2221,2312,19.492208,0
820,691,72.317497,2
523,397,26.800354,0
2065,1555,89.965324,2
354,391,27.924845,1
2744,923,27.419895,0
1206,747,68.496330,2
1902,618,74.105042,2
1087,860,28.592281,1
781,1558,45.765339,0
147,397,83.848000,1
1117,56,85.776184,1
1738,935,50.287613,2
1389,1675,12.126102,2
728,1813,6.550273,2
1725,18,30.314325,2
27,27,51.812263,1
2450,1167,75.855881,0
2548,289,0.819114,2
436,2791,85.372284,2
718,1288,39.499840,2
410,1229,74.063652,2
1130,561,4.856169,2
2342,2175,97.211121,2
2768,931,6.654416,1
2395,2224,34.437180,0
801,1028,68.487572,2
2252,1863,32.450138,1
2238,1891,53.339848,1
2422,411,41.664040,1
1647,2207,89.894814,2
375,168,9.942465,2
1444,1882,23.043032,1
2411,313,87.769394,1
2584,1087,34.607883,2
258,344,21.037424,1
2289,2126,10.093736,1
105,2527,5.240109,2
805,1491,25.910370,2
2047,625,95.513809,2
2232,1904,78.542854,1
1995,1667,27.548437,2
2475,2239,42.088749,0
1314,550,86.974365,1
1298,2458,77.722534,2
1586,90,18.149416,2
52,2443,3.706780,2
480,473,30.369585,0
1696,275,54.146149,2
1304,2192,32.787800,1
438,1497,70.573235,0
1264,1868,56.012829,2
927,1949,16.701668,2
1955,2378,25.703749,2
2783,1359,97.576134,2
554,1537,83.360596,2
1432,159,4.683282,2
1598,554,6.201042,2
2999,2720,44.037533,0
2179,2577,65.305214,2
1258,157,74.175194,2
2589,1026,80.101242,1
1553,565,6.447455,1
1373,1320,34.246525,0
2984,2230,8.454175,1
2880,1611,0.170578,1
1682,736,58.598236,1
1593,1423,76.826782,2
48,2798,65.162659,2
2550,1500,76.975578,2
734,2094,11.415709,0
1541,2215,47.013184,0
459,301,31.493559,2
2251,963,84.969261,1
125,2153,53.815235,2
2510,2029,77.188293,2
1517,2718,48.789375,0
2641,1892,52.360378,2
2195,1983,97.353065,0
627,1677,2.444370,2
1353,1737,33.297707,0
1972,988,23.240540,1
2315,1993,9.229365,1
717,474,75.602158,2
2417,1555,59.698814,2
2454,1458,47.094250,0
1316,2747,35.481972,2
194,1928,25.051661,0
2926,152,94.318192,2
1293,925,85.372284,0
2171,1740,18.954344,2
481,2856,87.858727,0
1526,1456,78.202789,2
1178,2509,51.979156,2
2427,761,64.671234,1
1556,2018,19.175097,1
454,504,25.600128,0
1750,2623,14.376945,2
2600,14,62.197155,0
1085,2447,9.091947,2
249,2350,80.710518,2
1345,230,35.115376,2
601,495,80.352333,0
1455,2317,38.820232,2
2023,2832,36.426018,1
1886,1903,7.534340,1
756,1503,31.288366,0
1418,1904,99.219894,0
2097,48,22.396029,0
1496,1272,64.813667,0
2942,506,74.952454,0
855,2381,51.626194,2
1120,384,35.613140,1
2581,1285,64.049423,2
1236,2841,9.185020,2
1578,515,15.808713,2
2171,360,48.943684,0
2196,1662,65.922569,2
2409,1062,34.862507,2
2164,2044,87.368813,0
1337,2311,75.038826,2
1109,561,95.659569,2
1058,2702,7.164928,0
894,2106,40.988926,2
1238,239,34.294102,2
1782,1098,65.514610,2
1040,1214,94.953865,2
2843,2344,93.307526,0
2744,2610,84.510757,0
1838,1452,56.319721,0
2020,1319,37.032768,0
924,621,55.893860,1
2190,2708,30.444893,2
1468,289,31.775103,2
2862,1845,19.615932,1
1528,1939,0.370863,2
2463,1635,57.644341,2
2991,38,74.126648,2
53,686,77.347710,1
1831,746,52.753006,2
2421,1607,9.996553,0
2050,1671,19.359510,1
1259,1200,88.107040,0
2091,977,38.990036,2
1932,1783,3.562692,2
2106,2888,15.816951,0
1798,2768,12.254994,1
2453,2681,24.079519,0
1323,2177,70.934669,1
859,1936,28.449095,2
730,685,20.840597,2
136,1353,30.317669,2
1964,310,20.026506,2
758,1615,82.363182,2
1649,65,7.723593,1
219,2700,52.841450,1
300,885,48.113972,2
1905,2193,44.744434,0
43,1132,82.645546,2
2210,1997,55.035313,1
126,1091,25.582186,1
828,2153,70.929062,1
2778,2316,80.913002,2
426,1121,17.160534,2
2897,753,47.423882,2
2285,2008,16.193838,0
1202,2335,79.285988,2
2175,2592,82.170570,2
784,2474,67.168617,1
2130,1411,63.665634,2
2622,1491,14.602496,2
1342,2313,7.678866,0
2313,2989,8.278759,2
2343,1820,57.120674,2
2872,56,73.733047,1
1511,2891,56.433788,2
1433,2894,56.661999,2
960,1397,31.915497,2
1001,256,53.564442,2
1758,678,11.641106,1
622,247,2.472934,1
203,2578,24.672630,0
2844,796,10.542793,0
892,2522,62.277115,0
2688,2454,48.818958,2
2695,1283,78.124031,2
1175,194,34.231129,1
2618,2433,72.461731,0
1393,1866,91.026489,1
976,821,78.498215,0
576,1943,7.661193,0
2446,2619,17.522703,2
2886,146,52.200539,2
1350,660,57.528049,0
746,2782,98.012657,2
1820,2433,87.520805,0
1315,2321,34.686298,1
1356,2937,98.182823,0
2715,489,54.748329,2
1746,108,19.042656,0
527,2480,5.774287,2
641,232,45.233341,2
1244,2735,43.606930,0
1425,2579,6.476385,1
2507,2175,86.796944,2
234,573,47.726711,2
2306,1192,40.431114,0
855,175,25.008564,0
2813,1488,28.612366,2
411,1431,20.718985,1
1655,349,44.116875,2
862,2693,5.690548,1
562,1156,41.883297,2
1094,1946,67.567589,1
2719,2013,6.008858,0
1502,478,45.367664,2
2493,492,22.430676,1
606,2993,11.050099,2
933,306,81.867447,1
222,2226,27.980320,2
895,572,81.406876,2
933,2975,10.521204,0
387,882,62.003960,2
2074,578,80.684448,0
996,1072,74.035942,0
1535,2280,82.399521,1
587,2528,49.431534,2
2894,2891,51.574543,2
2750,255,35.435646,2
2867,2720,76.395111,2
2595,450,38.554001,1
2487,2500,22.663591,2
2100,2215,53.242393,2
2911,1224,36.022964,2
2337,2982,94.334747,1
803,250,98.596291,2
2875,19,36.911636,2
2070,2551,13.624138,1
1893,1860,56.468204,1
2395,2818,19.184330,0
2093,2867,41.938408,1
453,929,68.922424,1
205,1587,95.228447,2
1459,2003,74.072968,1
1696,1715,97.661995,1
992,1700,13.233787,0
1453,2805,88.607445,1
2859,1602,81.363853,2
2131,249,28.074760,1
2771,1335,52.039711,0
2469,2003,74.612701,1
263,2776,10.570489,1
1316,45,39.215565,0
829,1388,72.934692,1
1673,685,73.089478,0
117,2640,9.097060,2
1138,432,73.176674,2
1600,1995,14.560712,0
1256,1747,8.385962,2
2854,2820,58.219925,2
2599,2461,43.246452,1
476,1591,11.302825,1
990,1757,88.009613,1
2769,774,96.600380,0
1613,886,17.453661,2
1830,984,1.725224,2
2709,1343,2.628388,2
2055,1086,56.086338,1
1959,2901,68.857773,2
1289,9,95.648590,2
332,2845,91.736038,2
759,1058,81.218735,0
2892,1557,17.686852,1
1070,1922,21.347389,0
1769,2689,17.232241,0
1033,2744,4.598685,2
2814,2141,55.551323,2
152,1763,26.390074,2
668,1500,43.751015,2
1761,2629,56.491734,1
1502,2759,70.393585,0
1307,2707,70.659943,2
1842,966,39.838642,2
88,1997,91.339020,2
861,2054,5.429993,2
1569,380,73.366348,1
14,1414,48.002430,0
2650,708,20.516548,1
375,2044,63.311367,1
2961,2280,73.311287,1
828,2084,72.496773,0
1240,2518,12.038431,1
2592,604,65.085106,2
707,2220,57.683872,2
289,1003,33.357216,2
1849,1699,37.202393,1
1261,271,89.776726,2
1327,1101,74.495651,2
1301,2738,26.490503,1
93,2865,30.515099,1
2786,1441,47.267349,0
836,711,87.244225,1
2684,430,28.893902,0
1670,350,89.024086,2
1996,515,32.391491,2
2348,1687,11.549692,0
298,98,17.482994,1
653,2343,19.972185,2
2032,699,33.308186,1
1653,1688,21.885777,2
712,1483,67.040367,1
2308,620,14.702809,2
2921,2358,35.856709,2
1678,2997,7.560427,2
2952,623,79.604485,1
1143,1101,2.168292,0
653,1555,26.730751,2
1901,1087,12.846248,2
1005,1608,33.423443,2
2639,1823,64.163292,2
1498,2554,25.568298,1
2426,373,33.298592,0
682,1994,62.049355,2
1825,1598,74.012497,2
124,112,64.499252,2
1453,2417,39.481773,0
1449,1763,45.062759,0
546,80,76.335716,0
1981,1370,60.332996,2
2583,2652,53.358295,2
2682,1942,15.079363,2
1340,2958,90.663765,1
1201,2249,36.015961,1
1734,79,67.057144,1
2755,2625,78.229843,1
1411,2822,86.024704,0
2334,1859,22.739527,0
2610,184,18.231516,1
2388,2616,64.149277,1
2591,874,84.315430,2
2844,2138,47.784912,2
1506,2762,98.703758,0
2832,616,17.878178,0
417,2210,97.395287,1
1786,2046,77.075768,0
412,327,44.316635,1
485,412,19.513197,0
2811,2851,27.946785,2
2339,1211,83.784256,2
1884,1881,96.446121,1
1857,587,72.273575,2
2600,698,58.718395,2
174,2838,85.327713,1
1329,1927,19.209616,2
2437,1427,13.127279,0
572,2273,77.821579,0
380,1448,50.332756,0
2027,2211,17.617533,2
1198,2788,78.555244,0
2886,975,13.558260,1
2620,2464,48.180603,2
2941,1669,82.217995,2
2516,282,18.096619,2
1436,668,46.897560,1
2473,1319,25.181091,0
2636,2781,26.323742,0
2287,551,75.624954,2
2849,2628,92.968163,0
729,1286,32.633846,1
937,2983,87.008621,1
2577,2488,24.485682,0
822,2014,36.233402,1
2101,1607,71.161751,2
1245,1897,49.710335,2
590,329,94.055321,1
2309,2288,25.633986,0
2784,219,15.664514,2
2592,1930,18.679615,1
2416,926,64.772026,1
1618,2729,49.650482,1
1040,2119,23.853603,2
807,2716,65.828911,2
577,1392,85.604591,2
1889,2053,69.334335,2
741,172,89.373734,1
2490,2773,17.760052,1
252,1612,22.701525,2
1277,2846,96.547455,2
256,1388,2.628388,2
2074,2619,29.524269,0
1085,1658,19.795849,0
2724,2493,3.092108,2
2440,1587,1.165637,1
1978,590,89.144897,0
717,840,6.825727,0
2272,2281,10.202781,1
276,2917,35.393532,0
1734,1567,1.504336,1
360,2306,11.861657,2
1821,2747,58.815849,2
2684,2340,62.471786,2
1445,1344,43.679893,2
18,1702,73.733566,0
2054,2474,7.078632,1
32,2154,88.935089,2
1780,921,18.066977,1
1675,2331,78.099121,2
2976,398,81.378525,2
2788,2409,24.635420,0
1488,2845,96.204292,0
123,1280,45.956028,1
1602,2602,31.785446,2
328,328,21.131069,1
2060,367,25.678780,2
824,1891,10.095324,0
2291,1619,36.385120,1
868,640,59.109219,2
2743,2876,51.464119,2
1753,2112,43.144398,0
1074,2164,88.668121,2
2630,1243,29.808933,1
2133,1187,72.120193,1
581,2752,70.729652,2
255,1525,64.342949,2
913,190,33.811512,0
1983,767,79.935005,2
1930,415,1.973755,0
296,2719,7.250733,0
1972,2130,19.199665,2
1693,1191,4.551940,1
1548,1775,53.615509,1
1300,703,55.715271,2
2044,2740,99.272484,1
1059,2430,86.948502,2
1747,1687,22.834970,0
609,2764,48.049595,2
2689,1004,54.527187,2
1911,1805,73.356354,2
754,2813,69.042847,2
2957,1600,64.514801,2
2562,710,72.711090,1
39,2690,80.428780,2
2675,547,33.555420,2
745,1347,36.345745,2
314,2895,60.922642,2
964,1882,60.318008,1
569,1265,51.878479,1
1634,1378,2.856987,2
812,1292,49.914574,0
350,2326,27.218990,0
403,1543,64.537125,2
759,1136,24.151623,2
2958,1713,99.774925,0
2914,2377,52.781879,0
2853,789,80.402596,2
1955,1808,76.412735,0
1726,833,27.337776,1
1862,1299,80.233505,1
864,1550,45.908657,0
618,1486,75.648697,0
436,2328,21.469633,2
1011,2104,71.205101,1
1136,2663,18.275715,2
422,2451,1.964051,2
1832,2925,2.635575,2
745,1227,79.935005,2
2653,460,7.722223,0
1706,2940,82.905640,1
2365,2619,91.661423,2
1355,2572,3.754301,2
87,2560,17.074293,2
1315,2855,85.000961,1
1667,1666,41.249546,2
59,1182,71.858887,2
2369,1562,65.374397,2
2872,1598,14.954634,2
1218,1789,56.355640,2
2767,1872,74.783401,2
2227,1302,13.046062,1
2177,2097,88.246033,2
2690,1270,84.033279,2
407,1424,53.261887,1
325,2064,6.271533,2
5,1138,88.367020,2
2984,2580,85.225098,0
929,2002,86.017624,1
1645,2753,66.397575,0
2725,1322,61.984982,0
719,1247,50.742939,1
2145,902,22.648809,1
1279,905,28.184984,1
1816,2150,33.805904,2
1210,2679,26.243874,2
2735,1832,13.627861,2
1099,1429,56.348396,1
2884,1907,75.060913,2
2392,570,97.211105,2
310,2206,11.942375,0
2685,2062,94.312355,1
2547,1401,82.238396,2
162,1926,78.745407,2
1766,520,51.979923,0
2324,1136,42.504650,0
2144,2094,21.154053,0
2699,711,74.175194,1
1422,1897,49.974152,2
2653,89,6.696934,2
2836,607,25.782902,2
2726,2015,23.794634,0
469,618,78.205879,2
2757,316,81.181549,2
2405,2211,90.328293,0
1475,242,46.988037,2
2711,2552,30.953812,0
413,705,27.741695,2
449,379,41.736309,0
170,1728,19.230623,2
302,637,61.219097,0
1998,1242,66.672302,0
2501,766,1.459681,2
2030,2860,2.976357,2
253,74,45.849182,2
1910,1631,87.808907,0
1530,2555,87.450592,2
2620,2935,47.101139,0
849,473,79.495361,1
1825,2514,10.916128,2
1378,68,99.554810,2
2075,1317,44.664520,0
1730,2172,32.813137,2
1078,1180,0.748980,2
760,188,83.818794,1
447,2976,19.778854,1
662,2384,74.518715,1
328,179,35.510483,2
514,1204,39.113293,2
1296,267,51.054611,2
2028,1965,3.042572,1
2211,2435,75.836945,2
57,2894,26.571188,1
1710,851,42.349594,2
2304,1820,59.785770,2
1165,2108,13.347782,2
2030,1100,54.861141,0
936,1870,97.297417,2
1696,1840,50.687504,2
1542,333,56.008297,1
192,393,81.062103,2
2552,1052,20.702900,0
2142,206,61.888893,2
2706,737,14.414212,2
79,958,11.988053,0
895,1146,30.038256,2
399,41,47.859196,1
1440,269,34.481762,2
1507,1640,65.895531,0
2745,824,8.930854,1
2032,681,86.059006,1
140,921,32.125900,2
580,2973,82.413506,2
2547,2532,68.699982,2
518,296,16.181442,1
2454,989,40.888298,2
1909,1953,71.775276,0
2492,2888,89.624153,0
2829,36,95.672417,0
1172,857,60.812775,1
2608,1875,17.201351,1
124,1463,92.936516,1
1483,1916,77.622780,0
2604,1576,9.687603,0
1365,2965,13.456296,2
2901,2525,44.072151,2
1027,1177,36.024277,2
2266,650,73.654213,2
1364,1270,59.139549,2
2384,2936,56.610611,2
608,1273,86.632156,2
2564,2388,15.575392,0
2339,735,65.242920,2
67,29,26.828657,1
475,2539,84.043327,2
1549,1037,49.967873,1
2663,1838,18.193262,0
1321,1473,47.238518,2
925,919,49.569252,1
775,1479,47.635815,0
2865,1895,22.026997,1
317,1824,19.812176,2
1667,852,55.552303,2
1711,2349,29.045603,2
1455,1241,48.680588,2
45,237,35.867611,2
1279,783,90.538307,0
2790,1092,74.540146,1
2111,2711,95.632202,2
1531,84,88.025185,2
884,2798,58.351612,1
1092,2055,5.618199,0
727,1135,43.733654,1
1127,1107,50.136990,2
1645,2867,7.145834,1
2366,2953,11.141354,2
182,1814,39.221355,2
1410,2742,79.334106,2
1249,908,74.381973,2
1978,1679,30.476501,2
684,1351,11.747609,1
1764,1231,98.537155,0
1284,342,74.622215,2
268,2829,0.241625,1
30,339,72.831612,1
1176,2318,17.229139,1
1456,1664,60.747776,2
283,1509,63.398544,2
2986,1626,81.071983,1
1107,1502,26.989120,0
575,1431,17.112162,1
116,1099,66.435822,2
2484,23,81.437218,2
2716,2386,71.085564,1
1893,546,6.332994,0
1590,972,0.370863,1
2851,676,98.958595,0
2556,1994,69.538284,2
973,2069,65.816696,2
2880,1033,93.973022,2
2083,599,34.119034,2
1645,2672,41.641167,2
1153,1136,67.495667,2
172,194,2.972585,1
2117,1562,21.413603,0
930,1528,67.605125,0
813,2722,30.476501,2
1868,2370,24.557112,0
2693,16,60.812775,1
85,1985,87.401749,2
356,723,13.156019,2
188,1378,16.075502,1
2268,808,80.869843,1
1867,296,23.710659,2
2245,471,9.711729,2
1784,961,47.439995,0
20,603,13.289241,0
2566,1283,56.787910,2
547,2368,3.372584,0
161,281,44.441292,2
1996,2334,44.744434,0
926,2741,89.078575,0
2072,1891,15.133360,1
2538,2535,20.238592,2
2256,1036,91.342590,2
536,2700,11.217947,1
1839,1758,14.223798,1
1872,1549,16.858538,0
2891,928,30.208858,0
2914,1533,3.561672,1
1668,811,48.974346,1
1291,2661,24.380106,2
2436,2004,26.318546,0
2708,2903,81.791824,2
2492,78,27.741695,2
1082,1896,28.306625,0
278,628,16.438948,2
568,1215,22.914404,1
126,892,25.884977,2
279,2910,30.311119,1
182,2208,29.671434,1
1316,546,63.451935,1
1874,1093,13.610407,1
2426,1404,11.729128,2
2496,1563,90.084190,2
2926,1708,13.134989,2
101,273,5.222493,2
2676,1470,97.608276,2
444,2017,28.611406,2
1493,586,45.626648,2
2058,804,48.025433,2
1472,1340,65.432457,2
204,662,72.744240,2
940,288,79.131714,1
1025,1847,8.045143,2
973,419,66.340874,1
2195,1248,44.120335,2
1733,2985,91.186874,2
2253,652,0.325196,0
2476,18,38.318672,2
2373,1199,99.753708,1
2860,1174,1.216475,2
1504,412,38.372150,0
1248,1877,30.290415,0
1379,1996,35.585915,2
478,2917,5.116035,1
2426,222,89.946327,0
1581,2776,6.266968,2
2027,351,61.126366,2
2817,1084,52.762455,0
12,2588,54.333214,2
516,551,93.160889,0
308,2826,27.538395,2
2612,364,3.492388,2
2636,1125,61.674458,0
1881,344,15.144418,1
1816,1561,37.907455,0
2709,1547,81.208458,0
2568,1882,75.288719,1
1888,708,49.792324,0
2759,2101,9.691279,2
109,2840,19.324635,2
2016,787,53.713837,2
1300,1375,64.240646,1
2278,2287,67.614243,1
539,478,53.194378,2
1646,1300,77.728256,2
2040,373,63.616913,0
400,2762,9.381615,2
1463,1736,79.412201,0
419,880,64.213768,0
560,538,77.172386,1
2196,1021,11.827736,2
1800,33,63.763138,2
814,2602,86.464142,0
801,2936,97.426033,2
926,1770,41.902946,1
1592,2651,76.509361,1
2845,77,10.261861,2
2859,2037,22.389866,2
115,2152,39.142105,2
194,2223,52.004799,2
1952,2138,7.997565,1
2048,354,13.205650,2
1339,2394,21.700365,2
1721,277,34.856491,2
2437,1859,70.179054,0
342,475,6.471964,2
2334,2236,66.889450,2
1952,86,52.431023,1
2483,2955,77.947319,0
2912,2919,98.614540,2
1656,1737,2.849723,0
577,2675,79.439575,2
2597,1473,6.986529,2
642,888,34.837379,2
1305,257,65.301849,0
714,741,61.890614,2
2766,2550,31.223759,2
2923,630,96.678337,1
50,1398,67.631760,1
2123,1929,55.184647,0
1077,2339,96.489388,2
11,709,76.412735,2
26,2124,11.750245,2
785,1647,39.227100,0
658,1313,91.505463,2
268,2280,78.773804,2
2179,2355,62.471153,0
1248,2742,34.911953,2
1199,2042,79.934975,2
1908,256,28.147970,1
1385,878,9.493375,1
427,1308,94.365555,1
1120,1644,52.716335,0
2552,2797,25.457657,2
1984,1021,44.247826,2
1965,2638,16.904139,2
218,2533,95.767075,2
1694,12,43.479645,2
2140,286,35.115376,2
1742,1938,96.222816,2
1264,2939,60.442619,2
1486,2781,73.087646,0
2758,2308,30.311119,0
989,2634,69.422028,1
658,2067,65.792847,1
1328,2864,98.776558,2
1521,1942,10.444489,1
1505,277,39.014427,1
1412,2061,26.781487,1
2007,2970,57.336555,1
1700,539,68.347855,2
2629,2668,18.276028,2
2656,509,73.835129,1
278,733,69.687767,1
2131,1958,56.592731,0
2802,2939,23.467373,0
2999,2906,82.076530,0
1425,461,6.360238,2
2688,1218,71.988136,2
1354,2423,69.848976,2
105,2072,78.012390,0
1127,2147,61.547661,0
2964,182,6.263754,1
494,279,35.373722,1
2958,2265,66.523170,2
2620,1961,4.138446,1
1662,166,97.621788,1
1377,2905,62.109901,1
2261,2357,89.398697,2
2643,1909,27.392963,0
2635,2209,80.056015,2
1724,472,96.582115,0
2088,354,55.552303,2
2763,1673,28.640533,2
2064,288,79.060822,0
1917,2692,12.927173,1
1806,916,11.971485,2
398,1427,22.915897,2
1468,2308,86.443413,2
2611,2220,22.372871,2
256,494,85.211639,0
331,2914,40.604225,2
2850,2185,50.633854,0
986,2453,67.035439,2
232,747,54.823406,2
2104,487,10.213192,2
1237,2704,2.050371,1
894,2405,85.723343,2
2612,2720,78.060371,2
1212,1594,47.034889,1
507,1537,79.150230,2
557,1082,27.383934,1
2725,1223,94.871628,2
1087,2512,75.086105,2
1278,2015,62.698917,0
2627,539,72.081337,2
547,1708,30.427921,2
879,2232,38.660313,2
2153,606,67.168617,2
1916,1734,25.818518,2
1447,572,61.875408,0
79,2251,61.959045,1
2328,821,86.671303,2
2203,547,30.817112,2
1297,2627,91.803261,2
1824,1660,19.199665,1
48,30,17.770288,0
1683,245,59.424892,2
2577,1610,54.488850,1
2412,2533,60.067898,2
1073,1019,69.228798,0
2010,1152,10.704816,2
1169,2556,51.638634,2
899,2981,77.399048,2
2584,2635,72.073372,1
1229,691,47.131638,0
2052,2594,51.853394,2
146,1263,48.887341,1
791,1497,5.159793,0
1771,82,54.913654,1
1638,178,95.659569,0
1024,1656,58.313816,2
1016,1195,51.812263,1
309,1648,39.548950,1
637,852,5.210598,0
2003,1641,37.037441,1
123,762,42.438713,2
1643,356,74.966698,0
1300,2933,48.435959,1
473,2844,15.010435,1
2454,381,75.281036,2
722,2589,19.031656,2
596,601,90.152855,1
1616,1806,69.270531,2
647,390,28.357250,2
689,2024,2.742178,2
1398,1089,82.452461,2
834,1802,69.481590,2
1022,1706,93.301361,2
1462,1022,88.088196,2
733,2822,51.566879,2
1948,1620,1.043342,2
1949,440,60.153336,2
2428,2703,67.146873,2
1621,2496,33.482830,2
87,898,11.209196,0
2678,1876,20.470188,2
786,2321,42.180290,0
2853,921,74.063652,1
1011,1683,50.010284,2
1586,2118,75.628471,2
932,294,73.983864,1
853,2324,94.793816,2
125,139,67.521843,1
1068,164,22.913046,0
231,2266,19.797960,2
2995,478,43.907391,0
835,616,11.831257,2
2888,2383,97.171959,0
739,438,2.059358,1
2284,42,84.078964,2
498,1074,40.099236,1
1278,2877,29.728828,1
2455,1631,14.163403,2
541,2041,70.825569,2
1705,54,41.679237,1
2131,1583,95.598289,1
1799,15,27.872934,2
706,1868,22.196890,0
875,1093,58.894409,2
1582,1635,38.721413,0
1985,1220,33.556171,0
609,622,79.099747,0
2923,1064,68.455933,2
1494,2383,58.073109,2
1294,1493,19.205055,2
371,1761,59.563660,2
1179,74,94.425606,0
743,1127,43.166195,2
1013,414,98.715462,2
1018,1756,10.812634,0
2083,1123,51.519165,1
995,2954,87.752251,2
1809,1900,86.075600,2
1942,1138,57.336567,0
1727,1939,28.592281,2
802,1013,92.508141,0
335,2812,51.877594,2
1316,648,74.461937,2
1907,2148,94.087875,0
800,1259,72.392113,1
2010,2929,33.154514,2
1961,205,51.879120,1
2167,2397,23.379181,2
1667,729,71.117622,2
427,425,16.530413,1
1060,380,45.398033,2
2354,2107,18.347458,2
2496,1041,23.892496,2
1092,2311,22.954494,2
2470,2510,58.019093,1
2650,2428,47.218906,2
2870,2450,79.184334,2
2479,2874,93.406586,0
433,2684,52.750431,2
1132,1681,2.678883,0
1801,1346,87.089211,2
2353,2450,35.589024,0
1206,1362,4.916580,1
929,2713,61.653885,0
2655,2402,45.887161,1
864,210,89.767677,1
1548,2070,42.585632,2
1909,58,64.496658,1
1952,2494,85.830429,0
2097,2118,43.970089,2
1531,704,53.960728,0
584,1326,64.858406,2
2920,355,95.719917,1
2320,1923,52.562008,1
2198,2079,44.670418,2
2651,2657,55.893860,1
1916,2128,67.881248,0
1517,2611,95.232986,1
226,1932,42.567440,2
1336,1657,92.093536,0
576,425,9.983236,1
1058,1996,87.015793,2
968,2745,11.333512,2
736,2044,94.779655,1
1504,2809,73.284973,1
2417,2150,29.634302,2
1249,216,78.058105,2
41,460,66.941048,2
1212,2902,75.022339,1
2676,758,18.534811,2
873,2206,56.250423,2
2985,2262,90.046936,1
558,2621,11.426197,2
650,2178,92.671074,2
2362,1868,39.336281,0
2636,4,3.110537,0
2359,1691,45.792141,1
49,2568,47.089909,0
764,1027,72.294113,2
1703,296,2.092918,1
2909,863,47.077957,2
2649,1376,42.733379,1
448,905,43.420959,1
653,1951,36.911636,0
1851,192,47.027805,2
2100,1124,82.974678,2
615,997,89.147720,2
615,1492,14.841485,0
2409,184,15.885530,1
1501,2101,53.962330,0
963,26,30.960648,2
2981,380,97.172173,1
647,2288,61.484039,2
522,2251,18.107962,1
2050,2428,53.495789,1
1432,2716,7.433638,2
1515,673,49.316288,2
2112,2494,78.133995,1
1689,1260,24.105524,1
1399,2079,29.526396,2
2178,2264,66.573517,2
2016,1985,25.856768,0
2014,2248,7.078632,1
853,129,89.967094,0
539,189,91.465706,1
553,1915,10.843829,2
2276,2906,98.813805,1
277,2449,32.800003,2
2441,2120,0.857207,0
2623,295,95.167885,2
2961,899,3.243818,2
2228,1364,4.783840,2
2551,1405,61.564747,2
267,1630,43.513222,1
2334,604,84.456970,0
2090,1967,7.901457,2
1094,2524,14.013073,1
1597,1270,27.873549,2
1234,1335,36.990803,1
111,742,0.032542,2
1352,547,64.342804,0
410,1296,84.390274,2
2374,1098,84.015656,2
638,1248,69.794388,0
642,1203,33.423443,0
1662,1395,51.437759,2
538,180,10.444310,0
361,1274,87.902229,0
1813,939,97.480675,0
457,2117,36.026485,0
1015,1828,31.356705,2
1966,1452,43.110741,2
2532,2389,33.005592,1
1630,1435,63.595558,2
2006,2062,77.136322,2
2113,2150,96.780266,0
19,1254,66.664551,2
251,2039,74.783401,2
1615,965,30.607327,2
851,1786,76.597305,1
264,1284,54.488850,1
1497,651,13.791793,0
614,1410,91.521217,0
2170,856,81.710701,2
1750,486,50.024540,0
748,1972,8.173187,0
2614,22,63.908596,1
1799,122,79.588440,1
2339,847,82.270027,1
2512,1397,91.810600,1
2780,1839,11.050099,1
1336,2644,82.256592,0
1073,453,97.503395,1
2684,2646,35.228085,1
337,2410,14.671764,0
614,2294,11.117546,0
1719,1085,32.860424,2
244,1817,78.209831,2
1754,443,75.121719,1
468,2669,57.915020,2
2165,2138,78.216789,1
2077,2994,54.990417,1
503,549,72.669029,1
14,24,53.617474,2
1813,1824,38.265324,2
1697,2142,81.268646,2
1075,1112,47.598392,1
714,1128,88.258629,2
813,1552,58.380173,0
2311,566,29.746735,0
1234,309,85.721092,2
2937,2237,61.191727,2
2583,493,32.210693,1
242,1244,42.073856,1
1388,723,48.850582,0
954,25,13.830724,1
549,1691,72.389244,1
1387,723,32.765759,2
2935,416,17.700495,2
2349,1509,81.710701,2
504,1965,48.041344,1
2186,1963,70.383469,0
2988,2064,80.359184,2
828,1365,70.125626,0
775,2372,38.553997,2
2880,2206,69.831383,2
1156,2526,76.157082,0
276,348,39.347706,2
1602,93,89.577179,2
2721,1536,29.140192,2
487,1311,44.195843,1
1634,2270,94.120148,0
2069,365,57.029652,2
831,295,32.623032,2
1028,1177,10.770828,2
336,1863,93.960747,1
1021,1673,91.967201,2
2272,1050,75.794472,1
2691,1852,30.256590,1
2665,2168,25.737371,2
1809,360,4.835803,2
2965,2006,38.104130,2
123,390,45.984112,2
2972,281,81.855553,2
1010,2568,5.534965,2
274,2189,92.620392,1
1968,2012,36.478649,2
1174,236,41.923851,0
957,1030,49.426846,2
1429,483,52.576015,0
2075,1118,5.988867,2
435,1898,95.659569,0
1487,2572,32.111885,2
728,1228,40.778980,2
1657,587,26.629480,2
2711,1177,79.952209,2
1536,123,91.547325,2
436,2255,5.677193,2
1851,462,78.133995,1
1626,641,32.865795,2
202,2701,77.236122,2
2971,1803,0.030809,2
1829,1277,93.098175,1
405,1444,22.908289,2
1462,2076,58.394295,0
1188,867,89.965324,0
762,2500,68.129959,2
1350,1658,27.627382,2
528,577,44.287331,0
2174,562,4.311686,1
1877,2981,27.762821,2
2410,2761,93.448860,0
1149,2981,49.478748,1
360,852,50.032974,2
1968,1044,46.221737,2
2354,650,68.387909,2
877,508,2.495578,0
958,2418,94.348564,0
1740,2257,64.537125,2
247,1242,53.781399,1
895,2763,62.080990,2
992,2229,99.525986,1
2726,851,57.200291,0
640,2975,45.626648,2
1433,468,58.806393,2
2608,2464,40.488781,1
30,2737,54.695129,2
1078,1317,8.094120,1
166,1937,51.165833,1
2900,1242,56.136841,1
2771,1356,12.695948,2
177,2698,82.704338,0
2265,2929,29.627216,2
1299,1662,67.696411,1
1648,2604,82.052086,2
1373,996,27.539713,2
480,2779,17.908024,2
135,1730,68.092987,1
1737,60,43.479645,2
445,1101,42.220119,0
556,544,24.224556,1
2780,1584,76.593147,2
2500,211,24.031757,2
1830,888,59.062851,2
1617,1369,72.461731,0
981,1620,0.667695,2
1514,628,47.877239,1
194,1471,42.231071,2
698,1677,23.647409,1
2040,1943,51.531364,1
887,536,50.381752,0
652,754,71.260872,1
1862,1574,83.842804,2
2934,1047,65.414429,2
943,1703,83.806763,1
2878,212,76.196335,1
1069,2197,49.638428,1
2554,2144,67.249252,1
921,2813,40.058582,2
2489,271,98.668167,2
2156,2041,49.058037,2
2005,869,38.756878,2
249,2192,18.551521,0
418,1150,52.660351,2
600,1010,6.483307,2
2336,2297,1.043342,2
2532,2231,29.859247,2
1885,2292,41.836273,0
674,478,63.006680,0
975,2934,36.381668,1
2386,783,86.599968,2
606,1416,67.939110,2
2801,2499,20.049500,0
1281,2960,40.585430,2
961,63,13.663605,0
610,2041,15.506972,2
1943,2250,37.131660,2
1077,628,73.354645,1
1258,565,22.445284,1
2033,2754,34.808113,2
1534,2765,64.263458,0
1310,1598,43.756729,0
2054,2990,4.575227,0
1640,1623,78.446030,1
2784,130,52.212757,2
1922,773,95.260223,2
2467,2567,58.811638,2
1423,2132,47.658684,2
2184,2520,15.005148,2
1701,191,17.331747,1
1925,141,62.444538,1
503,2086,78.162422,1
749,2255,73.523430,2
2954,1789,82.004723,0
2917,2579,34.839394,1
778,191,69.112610,1
1793,874,81.431297,0
2788,312,96.249313,1
2663,1502,28.574318,2
2395,1680,66.862007,2
1180,735,18.008965,2
636,2341,53.559113,0
1049,2403,71.264305,2
34,1283,84.203423,2
1419,968,97.151932,0
2465,969,69.113022,1
2346,2536,91.923538,2
287,2207,56.543552,1
235,1232,63.985855,2
1430,765,90.936676,2
47,2148,46.790222,2
2280,2809,25.678780,0
2196,546,53.946930,1
1388,1979,12.582410,2
652,2717,68.215378,0
2750,1167,4.663242,2
1374,1878,77.950340,0
759,70,70.819923,1
1117,1073,22.444632,2
1626,1699,51.220192,1
1461,10,16.748087,2
1116,2719,91.918861,2
518,720,80.533134,0
1428,1528,11.747609,2
2143,2003,57.361374,2
2057,232,76.724739,0
2768,2977,19.359510,2
1178,1366,3.148012,0
2504,722,56.846241,1
2226,2222,51.029842,2
2755,63,42.777813,0
2878,1350,35.625614,1
2956,118,74.924606,1
1596,1466,48.199074,2
2811,1231,29.174910,2
1119,93,29.839590,1
2872,2175,98.711433,2
1850,1637,14.829915,2
407,2126,11.448488,0
1123,728,14.860763,0
1266,730,92.169998,2
654,2666,96.975189,2
2575,462,13.823814,1
1269,2005,52.056534,1
1433,2622,4.078864,2
2306,194,53.933064,2
1552,1995,41.905312,2
2289,1099,2.418198,0
364,2078,85.596657,0
1804,1446,60.215008,2
2927,662,80.178154,1
1656,987,7.706080,1
1673,167,27.696268,2
983,544,3.860663,0
1088,1509,17.460543,2
2454,960,61.564747,1
138,614,91.539055,2
2383,2586,20.579020,2
1608,2513,23.580549,2
2602,2184,19.556257,2
774,1366,22.483591,2
1866,2192,76.773102,1
1609,39,58.204441,2
38,506,12.122779,1
356,1484,87.198471,1
1274,2683,65.305214,2
736,1918,44.610603,2
1986,2788,79.461151,2
2225,1178,6.896801,2
670,1727,64.727402,1
2593,789,63.627163,2
1914,489,4.717743,2
438,1747,91.712212,0
394,510,64.978394,2
152,2242,48.529419,2
61,1713,55.142590,2
812,2112,60.422913,1
122,682,18.486425,2
1078,1992,42.565037,0
2130,962,61.134743,0
120,2089,28.039133,1
2826,2122,40.269196,2
2113,1495,17.820614,0
1753,1636,68.548737,2
1789,162,84.103622,2
1495,2092,23.028311,1
2122,2436,44.747326,2
1228,2691,10.828123,2
2602,2950,75.838684,2
1195,695,51.008175,2
2934,2832,56.342922,0
1556,2207,96.247620,2
236,1941,87.709702,2
2442,1875,97.285370,2
2916,2662,6.017302,1
1494,542,27.284016,1
484,1103,4.235846,2
2164,489,74.549400,2
1067,1004,43.299034,2
2074,2304,57.551067,2
2887,609,42.087543,2
85,377,89.056282,0
1806,1880,69.048088,2
1951,1942,11.282391,2
1919,273,41.237263,2
1910,1060,65.828911,1
2037,2785,6.913887,2
1125,1616,5.774659,2
2286,926,16.311172,0
1693,2612,66.248993,2
1878,271,7.175237,1
1910,1602,37.900036,0
2966,2031,20.073812,2
2682,1457,71.032478,1
2087,70,40.933765,1
1849,255,8.667992,2
1546,1527,19.035004,0
866,2613,14.046175,0
124,332,10.108236,2
817,638,86.826355,2
1983,721,5.436075,2
307,1435,77.152634,1
1997,1149,94.897942,2
790,2085,33.499313,1
2757,2246,6.999220,2
2544,2016,96.395332,2
1989,188,49.865009,2
301,1727,44.962177,2
469,1399,4.605484,0
1996,1824,6.407055,2
1210,110,11.695074,2
2123,232,18.145702,2
549,681,67.841438,1
2023,254,24.490709,2
784,2426,92.233177,2
2585,337,63.740192,2
732,839,45.861221,1
331,2734,33.618896,2
2293,1486,86.711716,2
1391,1353,54.621838,0
1657,1996,97.906937,0
2134,1516,76.892326,0
1462,1601,26.383335,2
2228,2324,58.924397,2
2095,1036,91.782211,2
1186,2755,94.177986,2
454,1465,87.698662,2
82,982,9.513783,0
793,2322,43.604332,2
1829,1,45.847908,1
2057,1021,46.311543,0
2714,1774,94.645920,2
745,1554,20.195175,2
2921,2546,31.866598,2
2339,552,44.682709,2
2488,1597,52.157314,1
2836,732,62.474354,2
2747,2664,81.897926,0
1514,1685,73.532158,2
2022,1455,87.100990,2
2491,2304,27.163895,2
2344,2644,30.307114,2
1807,2840,85.247810,1
291,764,1.535773,2
283,669,67.098228,0
1759,641,18.815365,2
131,604,90.750053,2
957,346,84.704834,0
1235,308,1.072810,1
1178,1288,97.651283,0
972,2926,11.749091,2
1146,2435,88.085037,1
670,2694,78.053490,1
1631,1898,86.001205,1
1566,2046,9.643618,1
128,985,57.886814,2
235,897,83.235535,2
1730,164,16.023876,1
558,2948,57.719341,2
2952,1916,81.373978,2
1348,2363,11.911375,2
1884,2568,52.211403,0
123,2802,62.830261,0
669,1126,85.892357,2
2606,44,18.663265,2
2012,1204,82.490143,2
650,1629,92.985916,1
1107,93,95.931915,2
1987,585,38.011292,1
2942,621,42.117893,0
761,1954,34.511234,1
1606,771,23.643435,2
83,2663,0.586519,2
1936,2832,68.378548,1
708,758,59.818810,0
1170,2751,95.327103,1
537,1486,79.126068,1
485,2157,23.580549,2
396,2335,1.454028,2
2328,2427,36.951542,0
2719,283,22.617254,2
2270,1736,75.260178,2
940,2063,22.162624,2
2864,1846,72.298203,2
431,1200,29.075460,2
2879,1369,52.004799,0
645,1724,29.828642,2
1592,2807,17.301216,2
2124,1474,62.794041,0
413,1781,60.473194,1
1024,2039,72.689949,2
2860,1105,22.902868,2
2108,2344,46.671391,1
180,261,90.091797,2
539,93,68.193550,2
192,2300,34.143299,1
1377,2233,38.075809,2
1967,1021,18.573046,2
584,225,88.008263,0
2493,1281,42.510151,0
1765,907,12.002635,2
2085,2406,11.755445,1
1987,223,64.875381,0
894,104,95.656807,1
1529,417,55.355030,1
539,2633,4.059752,2
2806,241,29.015928,2
653,2771,97.151932,2
2996,620,87.737602,2
1127,1935,70.550209,0
2932,2886,48.065144,1
1262,1228,39.867550,0
1378,2443,76.538315,2
2460,205,95.255470,0
1762,2394,19.698425,0
290,2653,42.248291,2
2079,489,42.349213,2
2451,721,71.836868,0
542,2201,95.400215,2
628,787,90.000999,2
1049,657,68.788391,2
582,2571,92.233177,0
384,29,95.880768,2
1010,754,60.750751,2
1402,968,42.025333,2
1724,1799,72.330162,1
162,1757,7.293026,1
1007,2378,85.836281,1
1470,713,69.632988,1
1663,1127,19.721859,1
1524,1817,65.828911,2
2977,2499,19.058968,2
1652,2354,62.903561,0
436,2713,5.343920,2
2014,900,54.599464,1
1644,2960,15.166006,1
1525,1703,28.762920,1
423,1447,18.959436,2
379,272,55.608562,2
690,1263,13.553169,2
2741,2840,99.763855,1
1232,2965,69.474304,2
424,2860,31.265396,2
185,1936,94.059891,2
2245,2551,19.209616,2
1038,2380,79.439575,0
2533,854,12.594214,2
2275,1965,94.931137,2
2937,2332,74.381218,0
716,1858,26.799580,1
702,140,44.260281,0
269,2091,18.465179,0
288,2993,58.584339,2
1047,2393,17.118971,2
1543,931,95.649506,1
1306,152,21.948448,2
1554,2565,16.072073,1
2095,2036,7.250733,2
184,2244,93.917465,2
960,1360,51.294029,2
981,1984,71.858887,0
2607,1012,99.293892,2
406,2082,34.028862,0
2976,2220,65.536247,2
54,1341,45.889191,0
2305,736,59.062851,1
129,1021,84.966614,0
1863,2746,17.485424,2
2808,720,68.234978,2
1166,26,10.710635,2
273,2418,95.167885,1
1038,2254,26.629480,2
1808,1922,77.817680,2
8,2224,11.738483,0
2310,2055,6.508171,2
1112,2061,45.918976,2
1925,1549,25.987879,0
663,344,1.011813,0
1804,813,82.444992,1
1223,910,55.325966,2
2325,147,60.767300,2
1969,199,70.946754,2
1711,2375,98.404312,2
1427,1875,18.319136,0
1312,1043,8.448820,1
434,1671,90.936676,2
1320,2790,79.439575,2
402,790,48.601479,2
2982,2606,1.268921,0
1909,2573,1.937160,0
260,2323,57.850792,2
1725,1609,33.058460,2
2083,1333,89.354485,2
1439,2368,95.695259,0
1542,1757,20.882326,1
1257,426,46.610092,0
2121,2450,46.051483,2
1246,1756,59.364109,2
2261,48,73.728844,2
2804,33,84.938904,0
2363,2896,53.339848,0
675,2834,82.052086,2
2637,56,97.651199,2
2175,400,42.524616,2
1201,1811,56.713634,2
2514,375,11.312721,2
175,2883,83.962875,2
2974,937,36.150867,2
1154,2450,64.180496,1
1663,2962,10.558425,1
1895,1992,6.288606,1
2502,1254,84.046478,0
899,1814,0.241625,0
49,1086,40.843662,1
1188,1985,44.837666,2
2760,1565,16.085567,0
1704,2094,29.002796,0
2931,1714,44.171173,2
2055,1039,64.511566,2
718,2176,79.240784,0
2982,1244,75.232765,1
81,1878,57.207745,2
891,974,50.700062,2
1229,2698,35.166489,2
1317,2025,78.419731,2
1567,2766,67.232544,1
724,2086,28.559357,1
1053,2520,67.396835,1
787,1396,48.280670,0
415,33,66.187126,2
2021,1373,24.100632,1
835,1526,4.160926,2
680,1530,38.808884,1
1338,2549,20.094240,1
250,647,54.433002,2
2834,2330,39.347706,0
876,60,83.532791,2
2159,2290,59.868526,1
2832,526,69.168373,1
169,368,91.233101,2
1905,489,87.624153,2
790,211,84.311127,0
474,1965,85.063042,2
977,2707,12.360536,0
2910,607,29.088732,2
119,217,98.092606,2
681,448,77.400230,0
611,772,89.004852,2
2730,1145,49.572823,0
1919,1907,17.997162,0
293,2769,61.641636,0
1706,844,92.309959,1
865,2487,14.843880,0
1727,2105,82.547752,2
625,617,22.221813,1
2032,2991,76.976784,1
1640,2046,47.495041,0
1750,1321,5.505694,2
1136,1181,87.450592,2
307,2196,62.620804,2
1627,2367,5.937624,2
451,618,3.336738,0
265,1833,73.188652,2
2736,2015,30.200491,0
2938,411,61.011459,1
430,2718,10.444489,2
2739,248,40.022575,1
1436,1557,52.467026,0
1786,171,42.554493,1
1420,1839,76.192848,1
1549,1540,33.993492,0
1407,663,48.511044,0
1701,2216,53.065109,0
1565,2134,20.050501,2
1983,696,33.516808,2
1174,2258,25.257492,0
151,1705,55.137062,2
1676,2022,9.731202,2
1586,126,47.379910,2
423,2722,54.999706,2
2988,1180,34.839394,0
1676,124,95.760101,2
1869,2641,24.083748,1
784,1356,86.001205,2
2779,2585,79.529434,0
814,2634,53.242393,1
771,1986,43.492241,2
443,2199,24.003370,2
1531,627,93.990479,2
1797,1703,41.151363,2
1965,2013,37.679417,0
2398,492,3.015494,1
1042,336,35.506870,2
1520,261,67.410057,0
2730,639,85.604591,0
2036,1858,52.445747,2
2622,2760,56.199787,2
1877,1760,77.442940,2
95,1109,41.023972,1
1528,654,28.325142,1
1811,110,82.061302,1
2455,2060,72.651405,0
1536,1317,83.821060,1
1232,2652,86.411194,2
2999,178,20.839108,0
1744,2665,72.297813,0
752,27,16.709486,2
1581,2172,62.721714,0
839,1126,2.115920,2
2148,2787,0.237477,0
2417,1579,14.135331,2
398,2587,92.699295,2
2576,2551,58.757549,2
552,2757,99.929932,2
1066,582,59.165928,2
2747,1117,10.828123,2
1246,536,12.613049,1
2202,2755,98.776558,2
13,2647,63.281403,2
2962,1577,83.558228,1
162,771,56.191540,2
1416,1310,76.340591,0
1542,2637,86.974365,2
1604,100,86.194199,1
1455,2288,48.435959,2
912,1509,57.026497,0
1201,1115,87.362213,2
1166,860,43.429672,2
919,293,68.161995,1
1697,848,59.809605,2
2628,2678,78.909523,2
1757,2119,61.003479,2
2624,602,44.222939,2
300,1823,91.530823,0
2851,1489,58.602764,1
1468,2790,85.589912,1
2528,844,37.790707,1
867,1843,91.722588,0
621,2640,79.711922,0
74,1466,34.969364,2
2473,831,15.010592,1
843,2529,23.317957,0
2275,1702,91.480446,2
619,1638,86.974365,2
753,2103,55.653996,0
2351,1351,23.213043,2
195,2841,75.028061,2
2639,1907,27.686296,1
745,720,16.569805,2
569,2218,24.538738,1
385,171,49.533215,0
1885,1890,91.986977,2
2678,238,64.929253,2
489,106,77.987961,1
1672,2565,3.042572,2
1154,1191,3.138341,2
10,1557,55.921928,1
892,742,86.795341,0
1834,184,3.912106,0
2394,1924,79.597145,0
694,2502,86.240898,1
608,593,26.076797,2
2293,1196,60.554684,1
364,1080,10.516549,2
1462,1714,54.563046,2
2826,1677,26.064432,2
1111,1562,64.026802,0
2726,1256,69.504143,1
1884,1814,92.387726,1
380,765,98.210411,2
1530,1508,22.452440,1
2491,1107,14.469177,0
1030,2982,1.920522,1
2066,992,11.549692,1
933,2187,39.786297,1
2409,1099,11.269477,0
2567,321,52.298431,2
1534,2801,34.558926,2
2052,2507,24.191965,2
1643,473,85.314087,1
1405,1465,59.902313,2
2928,1478,11.841816,0
1024,1534,54.220459,1
2491,1627,91.476631,2
1162,570,72.681274,2
2988,1688,16.813934,2
1948,1185,29.746735,2
1995,2902,26.051340,1
1844,619,43.521584,0
771,2179,28.753332,2
717,268,86.055183,1
2272,1132,52.194477,2
2727,2474,70.129547,1
1602,716,19.058968,2
1618,1839,5.560347,1
1963,2687,95.307106,2
2390,488,48.016598,2
1056,1153,90.575111,0
418,486,31.851305,2
2251,593,77.031517,2
2304,876,93.869225,2
324,2852,91.347816,2
2547,2968,44.464993,0
1560,2576,63.060127,1
61,1315,8.370635,1
228,960,27.383934,0
1338,2890,13.713559,2
520,1979,58.099911,0
885,549,24.498539,1
201,2285,50.994698,1
1732,1195,64.511917,1
2485,1505,47.724102,2
1312,2727,33.678711,1
1216,503,34.617661,1
1285,1675,15.976678,2
2582,114,24.802549,1
341,1315,26.504255,1
762,261,20.399054,0
253,349,79.712822,0
2029,2424,42.368351,2
1998,39,84.721756,2
983,542,45.099594,1
2416,1155,7.464405,1
2489,86,81.807648,0
1938,805,76.965111,2
1453,32,49.485634,0
2192,1739,34.474609,0
304,1584,28.516758,0
161,2325,21.646566,0
2103,148,7.522749,2
2895,1002,56.195801,2
2601,904,41.547459,1
410,2670,3.335971,2
1268,39,62.532326,0
2938,1792,14.404456,0
145,2149,78.927124,2
2708,455,11.206195,1
2744,212,56.573696,1
8,791,59.823345,1
177,978,44.862637,2
2248,676,60.024742,0
1572,896,77.228806,1
2724,2230,9.274220,1
97,430,79.798843,2
2240,37,44.185986,1
2280,864,68.009972,1
890,2871,21.461437,2
1332,289,52.914013,2
2572,222,54.956730,2
1421,1166,77.031517,0
1864,369,87.142570,0
1890,2908,30.869947,0
1270,1848,57.822720,2
774,2532,88.551086,1
1075,449,5.416741,0
2809,604,83.612457,2
12,779,66.346642,2
994,398,45.274719,2
101,2987,52.972034,2
1935,2278,79.490013,2
2581,1298,6.265953,2
2535,1167,31.597622,0
1097,1660,28.955620,0
2432,1232,66.989258,1
2501,1347,48.492577,2
784,1473,82.630028,2
1009,1902,27.637499,1
558,1120,91.919708,1
2269,723,67.380180,0
941,581,88.518875,2
2691,929,48.334812,2
2784,1267,5.144456,1
2310,2348,44.591900,2
220,1418,8.136314,2
2894,2333,78.997894,2
26,1181,50.950897,2
610,2998,50.161705,1
844,2497,65.097092,1
2405,1058,75.340614,0
1457,452,33.768875,0
2876,2448,47.013184,1
616,429,9.282701,0
2339,1307,93.463867,2
1568,2531,99.295891,2
139,2428,26.606598,0
32,2211,99.387299,0
2145,1259,62.037376,1
1569,1762,58.919224,2
2067,1648,70.062561,1
159,422,84.715256,2
2385,1744,4.567824,1
676,1359,21.700365,0
1787,1315,24.348373,2
2121,271,54.278114,2
358,261,49.666553,2
498,2961,16.381783,2
1941,2,35.606411,2
2905,1128,76.926575,2
217,1747,11.335168,1
934,869,26.763477,0
2061,848,75.007202,2
1773,1303,46.344875,2
326,881,57.758694,2
2792,284,13.751093,2
1870,1403,11.499710,0
1095,1722,81.811394,1
1529,383,44.276333,1
346,1625,84.180389,2
585,1809,82.920555,1
8,327,65.259232,1
1044,1203,85.816719,0
2544,784,26.969398,1
2695,1060,14.140560,0
1894,1528,4.783077,2
48,2167,17.932232,2
392,1604,19.397774,2
96,411,94.318192,1
186,1879,90.046936,2
2771,2614,36.173729,2
2588,2310,73.168877,2
123,185,81.380104,1
1431,1406,88.429794,2
968,2574,64.842171,1
2659,2853,99.140358,2
2431,1406,92.271240,2
1227,1143,28.725708,2
568,1813,54.525051,0
2500,2594,48.913395,0
2650,202,68.253273,0
619,1178,55.557281,2
514,2432,76.181961,2
2726,1970,40.371002,2
700,327,26.942217,2
2750,2026,78.386177,2
408,1896,52.345058,2
1265,2001,99.417122,2
575,1684,98.731125,0
1327,590,66.862007,0
1202,470,88.716125,2
696,367,39.693542,2
786,1947,69.969635,2
1786,1601,94.172485,1
1035,1485,41.059322,0
1760,779,71.237663,0
325,432,60.750751,0
768,2459,43.730408,0
1426,1561,8.982729,0
1930,2965,53.475986,1
1559,2043,23.051760,0
1879,2817,90.587135,1
596,1700,46.422070,0
2676,573,72.218521,0
884,196,80.666054,0
1047,2794,23.589396,0
612,1383,6.783605,2
2624,640,47.400753,2
129,1031,59.025635,2
685,1414,89.430908,0
2514,206,21.679989,2
1674,2993,99.558426,0
2755,1482,30.155281,2
989,1814,93.090157,1
1524,2372,68.212128,2
2623,2408,31.526449,2
2927,274,47.557411,2
2452,1407,90.410248,2
113,2061,78.917931,1
2193,236,18.150000,0
725,2881,57.160858,0
174,933,93.306587,2
2810,445,87.520805,2
2427,2394,81.151649,2
834,1686,32.201267,2
49,2285,97.869308,1
1009,775,28.228971,2
1640,1665,74.307007,2
1003,2239,13.641468,0
1920,289,43.041031,2
2550,1976,46.955101,2
2329,1395,9.998448,2
2473,562,44.962177,0
2188,1926,10.065113,0
2047,1875,28.397808,1
654,2390,76.780312,2
1956,1659,50.040089,2
1674,893,44.798977,1
1854,1064,11.056184,2
1113,1389,49.502075,2
1315,999,9.012503,1
1096,550,64.947334,1
31,2345,69.523636,0
1561,2054,73.974564,2
794,911,68.347855,2
682,222,98.219734,0
2969,2478,19.944195,2
786,2107,96.816757,1
861,977,15.227882,2
774,2290,85.698959,1
1694,2558,13.698956,0
71,2229,38.199135,1
0,516,84.612289,2
787,513,31.361948,1
1957,403,13.050991,2
1271,2585,12.012680,1
1476,2799,11.688990,0
700,1204,91.665901,2
1786,752,7.325585,1
2426,2052,27.529573,1
2502,1791,33.335884,0
101,2291,51.804577,2
877,2556,37.022781,2
2389,1205,28.090317,2
2363,1243,57.239777,2
515,1685,33.163689,2
528,1913,35.742142,2
324,392,58.376896,2
2239,190,54.286575,0
658,428,50.950897,2
1281,2616,12.750575,2
2077,1185,48.443558,0
1406,2752,48.394875,2
976,110,29.931606,2
1063,1927,66.928749,2
2344,2794,34.514603,2
1642,2467,90.143860,2
2202,2229,64.213768,1
1328,2814,28.572329,0
2832,2082,4.610756,0
2293,1258,91.815247,2
2742,954,17.268538,2
1926,88,73.048958,2
382,2066,22.372871,1
637,2194,33.828373,1
1491,2732,76.624542,1
2082,322,96.437325,2
216,2179,44.679077,2
574,2961,95.172058,0
310,266,89.135384,2
1272,2070,19.460119,1
2229,1879,72.822235,1
2335,2420,97.599030,0
1768,483,94.718880,0
173,2083,74.047768,2
1784,64,28.159052,2
2641,2732,22.932512,0
1410,2134,62.526119,2
1025,1367,26.794874,0
2895,2015,5.265242,1
780,2978,24.802608,2
1869,2225,63.364616,1
415,2256,59.950127,0
1955,79,50.899677,0
961,2226,16.557066,2
2789,654,51.911583,1
1125,75,55.751007,2
407,2721,91.393288,0
2259,984,96.105164,1
2664,2171,20.582869,2
1674,2958,86.666092,1
679,2867,59.207821,1
2107,573,98.496880,0
2271,952,43.525112,2
2158,2392,28.485413,2
129,2764,29.336107,1
372,758,58.893284,2
2788,114,79.993004,2
1157,2504,56.348396,2
2455,612,44.013004,1
967,841,67.768692,2
2847,306,59.528698,2
1064,2189,62.452015,2
2149,2030,51.292881,2
1132,2469,48.361248,0
2177,1323,42.392143,0
2917,2336,13.507275,1
1806,1095,21.426409,0
277,2813,64.320068,2
364,2512,89.494659,0
2801,854,33.334885,0
651,17,93.628349,1
669,2972,88.029648,0
2709,1854,96.368958,2
206,1956,48.421989,1
2122,2331,35.492302,1
428,2557,43.803871,1
636,707,61.831108,0
503,1014,25.193079,1
421,1458,10.781041,0
1214,2532,82.825478,2
1959,2446,66.479958,1
2175,444,0.937624,0
233,2538,67.361305,1
602,1324,39.230469,1
898,1700,44.205898,1
283,2005,75.053299,0
2265,1832,62.174816,2
1368,2991,37.241215,1
1576,625,32.964252,1
2220,401,96.185921,1
599,235,63.006680,2
1845,487,94.162773,1
2919,2447,36.994232,0
1851,951,14.953893,2
2655,1345,69.678848,0
2061,129,62.432114,2
1256,419,8.731457,1
130,1829,56.745644,0
475,2038,6.179796,2
1971,2243,17.060472,2
2055,2550,31.150190,1
2552,2479,85.505814,2
1116,2193,23.572580,2
2986,62,81.797707,1
191,1852,73.699303,1
2405,221,72.910767,2
1156,905,90.711861,1
2615,437,98.210411,2
2923,2769,45.387108,1
391,2646,21.245989,1
633,1100,63.997406,2
1667,187,99.111221,2
771,1033,36.282917,2
1474,2675,57.275028,2
277,152,83.730202,2
2901,2855,61.390900,1
2016,2190,57.994141,2
1408,977,14.899194,0
1800,157,97.346977,2
687,1030,74.217316,2
393,306,79.901382,1
2863,916,32.710533,0
13,2091,48.833611,2
302,1286,13.994461,1
1623,2399,48.366207,1
1729,2759,80.038742,2
2279,1462,53.005863,2
1241,2358,63.542824,0
1942,496,55.589428,0
2701,775,29.142450,2
445,84,47.924122,2
1107,2925,7.117690,0
1982,2779,31.723368,2
2352,2857,55.859371,0
919,159,54.605377,2
673,1023,64.170486,1
1061,2577,95.799759,2
797,1695,89.042458,0
1550,2038,2.494098,2
287,2184,91.722588,0
2299,1027,16.635487,2
2619,1002,28.147970,2
2357,2951,11.191918,2
2294,1815,28.170418,1
453,1428,24.300833,2
2622,2495,59.624332,1
1401,1124,30.732887,1
722,305,47.329414,1
2479,1115,26.672565,2
216,2307,79.312836,2
1729,2251,98.522362,1
1790,1115,0.079542,0
216,128,85.247810,2
138,2253,86.138687,1
1049,1566,61.075054,0
2730,2644,20.386852,2
2965,2718,28.768749,1
677,1564,54.985493,1
1982,1249,2.523833,2
2458,2347,23.542101,2
202,2349,84.761940,2
385,1378,64.081093,2
2642,2982,1.454028,2
2325,2814,63.604355,2
275,2490,69.549843,0
2309,2664,17.173145,2
2561,2257,96.595497,0
809,1036,74.035942,2
1355,1960,64.181892,2
2890,99,19.199665,2
1227,1402,39.734947,1
493,2464,44.860054,1
2153,2444,87.368813,2
1014,380,97.855827,1
2535,2722,39.743645,2
1038,300,27.959976,2
1286,833,61.799923,1
1986,2020,83.739655,0
2764,166,89.894554,2
1642,2438,34.757416,2
1754,45,54.207329,2
2285,1846,94.318192,1
293,1263,64.875381,2
53,2049,42.025288,0
126,1427,46.730164,2
2444,888,43.979385,0
1152,1425,17.883881,2
1908,1957,73.424721,2
2109,1199,62.579426,1
1300,2672,70.139053,0
669,653,89.199066,2
2964,2539,55.601776,1
543,892,57.588844,2
917,2445,15.129253,2
2117,2773,3.806449,1
1697,1829,36.637699,1
1036,760,65.007530,1
1939,1108,20.287334,0
2001,2483,11.876765,2
2708,2759,96.274780,0
2394,565,19.048002,1
860,724,5.429993,1
2313,2504,58.110649,1
941,2903,95.416977,2
97,1866,99.387299,1
2531,237,11.773408,1
968,893,52.803875,1
2123,1146,41.327263,0
345,2481,81.837296,2
871,1456,16.963913,2
772,655,39.950024,2
2491,393,43.987263,2
2793,229,47.608463,0
2582,1356,66.989258,0
2483,798,65.510124,1
2977,1075,35.310574,2
753,1892,14.241737,2
1035,434,7.117856,2
1657,432,56.669399,2
2251,222,40.942207,2
48,2502,51.372482,1
2503,2644,69.098976,2
2383,2462,79.752907,0
925,575,81.178703,2
1714,357,90.335510,0
1479,416,21.002195,0
1656,1265,39.710514,1
414,2600,75.213921,1
2796,1637,23.220945,0
595,2038,57.161335,2
2604,1316,85.259117,0
886,1528,31.052755,2
1024,1677,45.182175,2
2998,2731,58.739639,0
2067,2471,81.496498,2
1622,1875,90.673538,0
167,783,30.492071,0
1346,1395,35.606411,2
536,2620,85.497406,2
2788,2407,80.011063,0
2274,912,58.930927,0
365,18,20.143478,2
1178,1798,78.302208,0
549,517,48.240280,0
1008,179,97.709976,0
1212,1817,19.106512,0
1698,2840,28.969765,1
643,2568,42.577854,2
2057,953,32.877972,2
2952,36,56.106949,0
876,653,20.715111,0
1412,2685,5.534965,1
2935,2938,48.646622,1
1084,911,99.187263,1
2661,415,62.532326,0
768,2130,88.873787,2
169,2922,35.742142,2
2404,583,32.031815,2
299,156,44.246174,2
2787,62,26.875248,1
596,2508,72.363342,2
2796,231,28.391151,2
545,746,6.783605,2
1369,822,64.673416,2
2332,2842,14.595150,2
989,2325,18.467474,0
807,1598,59.421078,2
37,1177,33.779987,0
1381,968,87.368813,0
1646,1713,77.661308,0
1949,2895,62.787476,2
1690,1234,79.723839,2
354,505,26.346350,2
2801,279,24.700266,0
2813,139,39.935425,1
2662,886,41.934624,2
1793,2228,18.702778,1
1643,2968,87.451996,0
813,641,11.407090,2
462,1429,91.444359,2
2111,2763,56.601185,2
1683,294,1.276659,2
2739,2809,51.358833,2
2683,211,69.180443,0
2053,1441,26.173403,1
643,2581,90.392548,0
372,2100,77.925613,2
2503,1575,89.351440,2
1079,2103,14.902989,0
349,2335,76.478424,1
1716,670,77.612206,1
2040,1677,91.878181,0
1443,364,31.221006,2
1003,2239,86.094093,2
103,2785,80.595657,2
2353,2259,47.116360,2
2566,1977,13.369601,2
2210,1591,63.202690,1
141,1770,52.758343,2
2593,1722,59.492481,1
2756,1321,89.462250,2
2051,414,3.335971,2
2438,2854,22.221813,2
1346,1714,57.429062,2
2382,853,49.289261,2
1994,34,66.974586,2
2383,323,26.457222,2
1300,2133,6.224762,2
578,2479,18.908695,0
1088,1280,44.702141,2
1423,710,10.578620,1
2701,1669,1.556645,2
1760,651,38.991337,0
1679,2200,23.710659,1
459,2105,81.431297,2
962,849,35.275440,1
535,442,19.700415,0
1072,1603,98.481567,2
2698,840,18.636660,1
817,1389,87.310669,2
2015,1787,20.240208,1
221,1104,8.008709,2
265,2687,62.038799,2
477,2368,74.713081,0
470,2270,13.484243,2
1758,689,73.960739,1
485,2064,96.615196,2
1454,2976,23.395533,0
963,302,2.472934,2
1449,249,99.074097,1
2924,530,18.399218,1
2438,2059,55.970165,2
190,1369,52.440201,0
2973,2106,77.602425,2
304,318,64.577377,0
651,1692,5.356198,2
1084,1632,68.895645,0
154,1255,84.603233,0
1667,694,79.486862,0
2920,2371,67.324890,0
2814,1242,45.359089,0
1195,2988,77.074158,2
1938,2261,22.935724,2
1027,1210,42.156021,2
1730,1704,69.943054,0
605,2622,41.298344,2
947,1476,35.291931,2
1802,2559,8.697313,2
1834,153,1.828118,0
2601,2719,16.143162,2
1894,2818,47.992584,1
776,2840,47.450134,0
1233,376,83.932182,1
998,1614,63.220253,0
1288,261,99.728065,2
2378,248,71.123360,2
906,2044,96.384636,1
740,2594,83.403000,2
1084,1807,49.240246,1
25,623,79.738625,1
2232,2274,10.743789,1
779,2937,95.201881,2
673,2450,32.692280,0
2795,1174,63.306557,2
2527,2237,24.072695,2
1182,1819,93.604309,2
1559,2552,54.935646,2
2328,1978,98.429504,2
483,1467,74.900986,1
1943,383,95.126099,1
1923,473,41.410332,0
2935,1803,10.353642,2
1924,2260,84.650864,1
2982,1026,16.333706,1
278,327,39.113293,2
1737,2171,99.757996,2
1032,1126,32.545105,2
905,355,26.598242,2
2519,8,32.748230,2
248,1904,83.107178,1
535,2463,0.592287,1
1193,2084,63.220253,2
2924,2016,77.471954,2
1040,100,40.594204,2
2313,1236,65.250687,2
2300,2132,81.748749,0
325,159,44.101933,2
1785,505,72.762283,2
897,1005,37.281338,2
2477,986,53.242393,1
2301,429,33.570999,1
2763,2377,10.559478,2
2117,1730,2.981055,0
508,504,23.926624,1
2844,1898,25.067112,0
2029,2915,33.811333,1
2876,2370,84.004028,2
538,666,62.176434,2
130,1963,83.379601,0
2696,1930,72.507797,2
2486,2544,19.927729,2
2060,1711,7.887846,2
615,1491,99.595047,1
1357,142,85.657127,1
1889,1236,20.042957,2
2777,1665,39.094753,1
1261,2275,19.703093,2
998,345,96.902122,0
2822,2259,20.361267,0
1642,2981,59.918552,2
193,1494,64.488609,1
2661,2143,69.147392,2
561,1536,74.066040,2
1871,916,53.956600,2
2685,1538,35.970242,2
2362,985,50.272308,2
2611,2835,94.863998,2
763,632,79.007812,0
425,1193,39.081818,0
453,155,70.218910,0
628,2542,98.407211,1
2788,2603,74.436409,0
1196,1863,50.511066,1
581,374,6.330895,2
2591,388,16.498938,2
984,2282,4.689459,2
329,138,69.609756,2
521,2442,94.987328,1
1078,82,4.886264,0
120,2878,89.847870,2
2343,842,64.449692,2
1765,1936,85.247810,2
178,2779,14.747858,2
811,2600,37.598080,0
2946,1945,7.208038,2
2225,1918,30.931004,2
2310,2737,29.445786,2
672,883,90.335510,1
2272,931,15.243250,0
2336,2122,51.512203,2
810,1411,52.513660,0
2663,1059,41.578651,2
1434,2421,93.161041,0
841,1591,88.330276,1
2051,1732,93.835686,1
2282,2116,92.941040,1
1501,2406,25.072021,1
118,1469,18.864321,2
834,856,48.254810,1
1930,1320,12.700853,2
1134,1304,17.118971,0
2584,1209,98.432472,2
1047,2949,32.454865,0
1904,1911,72.755775,2
2261,2498,32.203186,0
1117,774,80.178154,0
1728,918,83.107834,2
1671,2318,19.109293,2
2580,834,34.171658,1
1515,2627,82.643753,2
2605,2371,83.627480,0
1637,932,95.889946,2
1419,1884,28.495163,1
506,2192,74.952454,1
499,164,17.288977,1
1248,138,18.947201,1
789,257,60.458492,1
2639,1429,86.583359,2
2347,806,50.260986,2
2977,803,49.168537,1
2846,137,85.493866,1
2896,976,40.140301,2
2943,2015,4.236919,0
967,159,95.601578,1
2861,1632,40.324135,1
2654,2808,8.410503,0
88,1634,10.442825,1
2076,1006,23.854898,2
201,2690,5.879228,2
2481,2506,73.932350,1
2806,482,70.324829,0
216,106,41.536205,1
1852,1061,18.467432,2
2859,1235,56.041012,2
175,2426,39.319824,0
2189,679,85.123032,2
2784,2776,92.132088,2
1214,2630,15.678675,2
1673,1760,63.377209,2
569,1796,27.804504,1
1523,2761,87.139450,0
938,1632,16.238922,1
2720,1745,44.357365,2
2207,1469,83.518127,1
488,2635,78.218170,0
2273,2829,55.392422,1
16,2245,90.523735,0
2323,2632,67.521843,0
2823,2874,34.560337,0
384,922,75.170738,2
78,2458,64.713890,0
2786,564,99.706528,2
165,682,13.037121,2
736,1126,87.014999,0
2108,853,23.973375,2
2203,2563,7.058826,1
599,2944,93.731842,2
2000,686,52.212757,2
2376,403,24.152430,2
99,2545,26.657465,2
1254,328,93.987480,2
1131,1553,38.199135,1
1032,1843,58.994884,2
2363,2533,51.421974,0
2725,2533,12.747251,2
799,1797,97.869308,2
209,48,45.906555,0
2508,110,38.564411,2
1257,2859,38.789089,2
221,19,44.441292,1
324,1013,62.362202,2
667,1484,93.769211,0
900,2908,15.889435,1
1545,1625,68.311981,1
1686,456,4.762094,1
1507,2244,94.540710,0
2753,773,14.276753,0
2074,484,45.413456,2
1217,523,18.770512,2
2705,333,32.511486,1
780,1772,87.283638,2
1248,2773,90.138191,1
203,2402,57.929855,1
1757,661,26.869743,1
1585,754,79.510796,2
2968,2315,17.759956,1
432,745,19.655479,2
1999,2506,84.411163,2
636,544,30.417662,2
1156,1258,60.435318,0
360,2282,11.136262,0
578,2610,55.085232,0
147,1220,44.035553,2
1821,1835,41.411587,2
2537,9,26.111118,1
1561,141,0.119787,2
830,724,88.985397,1
1291,2081,57.987083,0
2427,1017,70.104187,2
1669,958,43.609447,0
1,1012,26.796333,2
940,888,23.391882,2
1203,2149,37.955051,2
199,1735,67.964294,2
2446,2017,22.334892,2
2820,36,45.927925,2
262,25,21.387609,1
2879,1765,69.877884,1
1763,2650,27.179110,0
205,2548,33.127567,1
1030,853,70.485954,2
1134,1629,59.700214,1
2350,1051,94.701431,1
1296,59,56.041462,2
1516,2152,81.262985,2
562,699,13.124364,1
2886,1246,87.100502,1
442,2881,92.680176,2
2802,1218,99.778763,2
452,63,56.785023,0
2037,2866,94.055321,0
1908,942,68.525070,0
2471,219,94.227432,2
2260,1810,71.032478,0
52,547,12.466445,2
1609,2440,8.643867,0
2591,794,39.734947,1
2845,1447,81.998123,2
1096,203,98.923843,2
437,768,37.755100,2
1981,2799,94.719681,1
944,1420,98.199303,1
1566,1745,84.995285,0
421,2349,30.679613,0
694,106,93.387917,1
1716,1099,86.789474,0
2587,2464,55.674232,2
939,1262,4.096788,2
1082,252,80.796013,2
2880,1994,38.817608,2
2623,319,33.278679,2
245,623,39.805840,1
1052,1441,35.238838,2
298,1635,92.308525,2
1981,473,31.374632,1
2595,297,31.354071,2
2120,2645,15.470971,2
1908,2624,11.386449,0
2466,1136,70.748039,2
2483,2799,17.099815,2
685,1155,91.168213,1
1474,297,26.453348,2
2599,546,7.747728,1
434,2778,61.870033,1
300,2054,74.468643,2
2931,2711,55.967930,2
367,168,31.144907,2
61,1689,72.678986,2
2123,712,5.527207,2
2068,190,70.975838,0
1698,1742,18.467432,2
2983,970,65.365044,1
738,2867,43.431850,0
2590,1309,44.224224,2
1458,5,69.152657,0
128,2941,97.690163,0
580,2427,58.437958,2
1631,770,41.883297,2
1233,1902,65.621300,1
392,2375,71.576241,2
2917,2530,40.356014,1
537,1250,5.312448,1
1162,1010,22.817753,2
2167,167,57.891037,1
2195,2762,69.282906,2
2527,62,79.412201,1
2583,458,22.817575,2
2550,2573,22.928654,0
1592,2524,85.034698,1
1402,1731,70.573486,1
1718,2919,80.555168,2
1360,1943,29.583500,2
1997,664,3.412604,1
645,931,61.643250,1
301,356,71.831184,0
581,2158,8.213258,2
1404,2306,56.348396,2
1955,423,51.177044,0
1122,2178,74.328934,1
2397,1555,5.527207,2
1006,1914,50.424248,0
363,1910,2.465570,0
2909,158,95.207840,2
2715,1029,30.721014,2
2519,326,19.721859,2
2323,393,55.639305,0
748,1926,27.959976,2
2762,1494,6.197477,0
2304,673,32.716343,2
932,801,26.669365,1
1782,2398,41.397789,0
2325,517,96.521294,2
595,2105,0.745407,2
823,936,82.234497,2
2609,447,59.637993,2
770,2636,57.127151,2
2550,2591,82.295403,0
2098,291,0.315250,2
1901,1361,46.155926,2
40,2849,10.923046,0
447,968,57.196671,2
2139,1195,19.902260,2
26,1401,56.791424,1
1117,1150,60.584320,0
2300,1267,62.725101,2
1181,2772,70.063438,2
2099,2563,4.869656,1
2439,2504,47.991737,1
2250,747,82.213440,2
1451,224,19.183548,2
447,504,14.070863,2
386,2344,47.453022,2
766,1518,36.419083,0
79,1780,36.497429,1
2257,192,20.021976,0
1332,2366,81.434738,2
2101,1131,29.281347,2
1368,2223,14.882883,1
2886,1899,34.197620,1
2281,311,21.607943,1
797,954,56.695282,2
259,1081,31.768890,0
160,1795,56.628811,2
2190,2760,86.659927,0
112,1540,54.795578,0
1340,733,96.365852,2
1436,208,63.908596,1
1746,2845,26.466877,2
12,264,59.097141,0
1514,783,15.010592,1
666,930,66.889450,0
2112,2092,88.396103,0
824,1624,85.421127,0
264,1067,49.318218,0
694,1372,58.518932,1
665,971,76.581924,0
1546,956,95.807587,0
2975,1916,86.200775,1
978,2438,1.933122,2
351,2667,24.771812,2
1521,1164,51.547958,2
2464,1079,32.897400,1
2512,2231,79.620384,2
1622,145,0.375123,0
2975,227,56.485161,1
1782,952,74.723534,2
48,1812,55.407356,0
1224,632,35.302101,0
1866,249,87.274139,1
1593,2548,50.185020,0
607,2543,56.661366,0
978,1207,26.517420,2
2394,1096,79.275978,2
1631,1189,11.237576,2
1079,955,13.369601,1
2608,996,74.140381,2
2069,1866,21.410189,0
2121,1427,60.834469,2
1401,2025,90.345123,1
2334,358,87.932838,0
1517,2389,49.637058,1
1753,2067,64.150780,1
2419,2377,26.243874,0
843,429,35.019142,1
1205,2030,18.055616,2
288,2977,85.904495,1
1336,1827,55.755913,2
145,202,33.349224,0
1071,1671,22.900942,1
2611,2819,32.633846,0
2707,2703,34.319489,2
286,986,98.536682,1
902,2976,19.278692,0
139,2760,34.559525,2
1033,1584,33.765488,1
2472,269,39.284176,0
1937,1341,75.951393,2
1346,703,58.982128,2
2881,1336,76.812401,0
2017,378,0.734768,2
1941,314,4.704499,2
2294,2267,52.418690,1
228,187,61.583855,2
2339,2290,42.578983,1
2616,1826,46.557564,2
177,2107,88.752815,1
737,2978,25.531219,2
183,1751,25.018515,0
723,1767,64.342804,2
1841,2004,10.558425,0
1792,1807,38.007954,1
1053,838,70.697861,0
1742,2691,43.788734,0
2230,1159,74.229172,2
2158,2745,90.575111,2
2372,679,36.389771,0
2862,1984,59.367653,0
2587,991,60.259708,2
2013,1441,7.388279,0
1660,1671,98.674988,1
159,2057,35.672634,2
2898,2969,22.830685,1
2670,208,13.510135,1
2795,1816,9.715987,2
997,1780,40.585430,1
2761,2387,25.927664,2
1221,337,73.372475,2
1108,1735,21.324669,2
237,2121,63.401230,2
923,547,36.117840,2
175,1897,38.648048,2
2364,1654,41.679623,0
340,2887,33.520660,2
2372,2182,96.368027,1
2572,1607,97.129074,2
1940,1323,24.139858,2
0,2313,63.837151,0
2224,2972,74.249634,2
59,1233,15.465201,2
1873,652,66.883125,2
1930,2935,27.913265,0
2365,2208,19.419479,0
1653,502,4.039175,2
86,2970,78.282097,2
281,2690,76.773445,2
1934,100,68.325363,2
1250,1069,42.086262,1
1415,772,58.707706,2
426,254,62.064342,2
2321,2789,80.947861,2
1588,438,36.442287,2
1069,756,20.815475,2
787,2786,54.291950,0
1742,1297,38.564411,2
1503,949,93.812363,2
2908,2644,76.477905,2
1248,2471,27.286726,2
1797,2392,36.597466,2
2824,2458,14.113006,2
2471,1826,25.103720,2
1603,2853,22.026997,0
1171,1923,43.369938,1
1513,544,58.100811,0
938,1244,58.573006,1
2237,210,68.089493,1
2138,1538,79.179840,0
1806,1589,79.517891,2
1777,849,73.087448,2
2521,380,84.752937,2
331,982,16.588737,0
1565,2266,96.724174,2
1380,1034,85.770256,2
1027,96,13.527918,1
518,1562,30.835407,2
2171,536,23.623264,1
2426,2562,67.224861,2
543,1562,44.668125,2
533,647,28.554871,2
880,1510,80.126656,2
1935,2501,71.406609,0
1752,2921,54.162323,2
1894,232,70.236160,0
994,647,68.140091,1
1818,433,18.663265,2
1421,1108,44.684715,2
1671,761,54.729244,2
1731,795,25.566366,1
2301,507,53.713837,1
61,688,56.820744,2
1699,1693,53.782463,1
1096,2800,66.142120,1
905,513,41.979427,1
535,1508,61.617359,1
2920,1141,75.278488,2
1017,2534,16.154133,1
897,996,10.559478,1
2500,2643,52.955002,2
267,2150,27.539713,0
2194,1342,7.146672,0
1504,855,64.027267,0
2722,2888,27.989254,2
537,868,32.298290,2
959,2524,29.092421,2
2652,581,72.812218,2
1209,1798,14.054888,2
1858,482,78.388290,0
1399,1837,97.562317,0
658,1388,52.365856,1
1111,2383,15.565722,2
1970,266,33.913998,2
1426,129,49.614262,2
1722,2824,75.448540,2
1249,2830,18.378204,0
643,2597,93.160889,2
360,2859,56.669399,0
2015,522,88.030411,1
1204,2718,18.385675,1
2971,1484,2.786908,0
1592,864,67.654846,1
494,1031,86.024704,2
796,493,32.015911,2
1885,679,19.184330,2
2321,111,93.693733,2
2947,754,56.778236,2
2073,911,39.471432,1
1916,889,13.067667,0
2115,1527,43.193966,0
1555,1569,95.959831,2
2030,2605,29.473232,0
2229,1144,9.214028,0
597,2896,38.986008,2
689,380,88.900070,1
2442,2484,57.412506,0
2723,2498,26.788754,2
944,1741,26.696651,1
2484,2313,88.318611,0
42,2209,59.618675,2
2415,348,40.417553,0
924,1792,55.631519,1
2752,1448,48.305962,2
905,76,90.681648,0
103,1363,16.097219,1
2359,1946,86.566772,0
2750,178,24.987734,2
2208,397,3.448999,0
911,2502,9.438411,0
650,2190,16.580627,2
537,1745,39.866337,1
743,2639,77.254272,2
1385,1118,58.516014,2
1171,2904,58.697620,2
2845,2233,36.334663,2
2764,670,66.570328,2
2514,1966,86.994377,0
2200,1439,11.952138,1
351,289,3.336738,0
1065,2301,22.517513,1
1965,2690,14.917015,0
750,258,38.305897,0
1696,1005,36.129375,0
2151,327,26.835043,1
939,48,73.551575,2
2179,571,79.381516,1
2587,2476,31.997072,2
612,273,62.673649,0
282,187,83.645157,2
294,2421,21.283161,2
2172,430,11.056184,0
2635,922,14.362195,1
2740,423,23.643435,1
1843,1824,28.408237,0
333,2699,47.051514,0
1804,1100,87.705215,0
2055,1817,10.244914,1
11,2699,65.224518,2
2313,2906,42.164021,1
1595,2686,15.085676,0
177,1349,46.085304,2
710,2480,2.987685,2
1675,2587,16.281717,0
675,869,44.668125,2
85,2757,93.211777,0
126,1702,14.111521,0
2719,2439,66.524178,2
2517,1161,71.400589,2
1123,782,94.995338,2
1271,2188,47.551556,2
880,186,86.836967,2
1025,2916,71.160179,0
2615,1959,70.145447,2
635,698,32.375061,1
1680,173,59.135796,2
285,942,31.427465,1
1825,1787,53.820583,1
468,1814,32.413475,1
1995,2455,44.013004,0
855,505,23.879774,2
943,2821,14.352706,2
2989,1776,34.071377,1
866,229,41.276810,2
628,1309,66.459473,2
38,2190,72.364067,2
496,2279,78.111130,2
2076,590,12.126102,0
1858,2341,43.749775,0
452,1967,76.472237,2
2481,1566,43.544258,1
2625,654,82.741844,0
2011,1267,79.328979,2
1466,2390,81.912460,0
2398,2906,55.683739,1
2631,2048,86.003593,0
2652,762,84.329033,2
468,54,67.500717,1
1923,976,75.305244,1
1020,2741,61.253315,1
2853,2330,77.915047,1
2258,1332,51.559620,2
2547,130,13.805753,0
425,1431,21.766750,1
422,1214,81.949585,2
2826,1086,72.647034,1
1501,240,94.767914,2
2706,1396,32.529270,0
1713,2975,74.038391,2
610,1131,43.577297,2
1543,2570,19.525892,1
182,1509,65.248085,2
2419,1810,42.169098,1
127,92,44.120258,0
1867,558,80.195114,0
2513,1939,25.903860,2
2399,1615,89.099098,1
194,600,98.609634,2
398,496,29.572105,2
2783,1519,3.487680,2
6,2943,79.340515,0
1028,1901,40.671715,2
234,462,23.868933,1
1094,2527,72.566078,0
2368,947,77.870827,2
2622,1482,47.912884,0
2525,2721,82.046875,0
1539,1064,83.531433,1
39,1528,89.409058,0
2372,1837,0.631575,0
2511,2408,23.595083,2
458,673,21.164978,0
726,2424,13.928109,2
2203,1862,33.937454,2
6,1112,55.499474,1
340,664,43.242340,1
1432,728,69.632988,2
1197,814,91.004280,2
1563,2868,26.442720,2
1830,995,88.077156,2
611,1458,69.152657,2
493,208,53.183468,1
1424,1393,71.616783,0
349,201,79.283157,1
2653,828,7.277987,1
2272,1867,86.986542,1
2971,1345,24.427893,0
1182,1896,77.908302,1
2606,874,11.296622,2
25,1371,7.515408,2
1583,1452,89.102867,2
949,720,21.607943,2
1897,1376,56.659229,2
2635,1699,38.007954,1
2032,2564,52.624180,2
1038,2529,79.666191,2
2655,2340,27.117731,2
725,1468,82.261566,2
2246,1711,94.794365,1
2362,71,28.739294,1
1242,1034,14.198739,2
2063,1649,85.428276,2
1597,2712,93.773117,2
1950,787,15.243250,2
2342,793,37.652103,2
2012,409,9.733852,2
1353,58,36.182789,1
1279,411,7.298164,1
1068,2211,68.092987,2
266,752,81.434624,1
1559,2294,55.392422,0
1404,1713,4.769255,2
1938,2712,66.397575,1
1805,929,8.387029,2
1464,8,84.392815,0
2171,2102,83.157928,2
436,1010,44.674675,0
2145,2943,73.188652,2
1331,1033,67.456734,1
587,302,77.252159,1
2287,2737,84.619614,2
192,89,91.795479,1
1690,991,67.040367,2
2490,2953,70.486748,0
2235,1706,87.073616,2
2982,1057,54.912643,1
197,1053,75.683807,2
1459,262,4.350131,1
415,2004,49.811081,2
2965,763,32.825306,2
2696,1608,76.241135,0
2561,826,0.298941,0
1159,497,12.010328,1
2458,2189,26.872709,2
2287,2077,36.482952,2
535,471,44.102520,2
343,947,53.005863,2
2053,1153,91.467224,2
1908,583,67.805382,0
747,1327,11.753811,2
1706,412,93.737358,1
1338,2551,42.392143,1
1546,1839,11.484879,1
2272,2710,8.923798,2
2121,1543,83.580032,2
2757,605,46.192036,1
2370,831,79.316200,1
1182,2276,33.349224,0
1919,2357,50.336464,2
1143,1607,47.274582,2
2583,2090,69.594193,2
1132,2784,83.403473,1
1069,2286,33.382263,0
2281,2348,43.848343,2
2967,2177,57.850792,1
1906,743,85.289185,0
681,1621,86.408897,2
721,343,93.564911,0
2201,1714,98.518448,2
2948,2685,73.614929,2
1564,437,85.441139,2
1701,2031,82.359413,0
487,1520,36.614735,1
2949,2275,24.349749,2
2914,2450,95.395401,2
202,2054,10.827731,0
405,4,52.212757,1
355,1243,33.174850,1
1102,2733,45.430176,2
254,2614,11.308593,2
634,1933,69.437080,2
2312,162,63.404961,0
2710,552,31.585867,2
1545,1947,89.004852,2
1429,610,18.310249,0
1820,324,77.217758,0
1969,590,9.098303,2
47,2566,64.896919,2
993,1880,58.549839,2
2404,2035,20.590948,1
1856,115,51.256756,2
1067,1187,81.911827,1
2999,2460,18.829617,1
2409,1536,25.415464,2
1679,1033,92.265350,1
2081,53,74.398094,1
1289,2933,29.077608,0
958,2418,43.296833,1
2444,1906,51.724098,0
1837,1110,41.231236,0
868,2718,72.257599,2
1786,2801,97.658211,1
773,1122,95.632202,2
903,2378,58.914116,1
1412,742,41.098118,0
1478,811,93.265495,2
2453,2179,94.183624,2
810,163,36.628044,1
705,852,87.421158,2
2402,72,63.451935,2
1325,2343,98.160469,0
2299,87,42.882076,1
2501,1640,18.908695,1
701,1883,69.268509,0
1837,1581,51.088062,1
2106,2725,32.110527,2
220,400,74.296326,2
57,1547,93.930092,1
34,1637,93.205109,1
2931,597,32.615440,2
276,1685,97.240585,1
1180,669,85.836281,2
28,1847,77.391510,1
869,1815,3.719293,1
2403,1825,76.907150,2
381,328,47.859196,1
366,1237,47.102669,0
948,1722,81.754143,1
400,832,4.430776,2
1862,1471,37.464924,2
2005,2341,95.479034,2
2994,1990,76.581924,2
1750,2456,83.251869,0
1604,316,96.925156,1
590,2957,4.415714,2
2415,2185,59.946743,2
690,1684,93.352852,1
604,1233,37.614510,0
986,629,73.623451,1
1109,2420,56.230038,1
944,2987,40.946793,0
174,2364,19.093884,2
69,352,6.768028,2
773,2621,57.404667,2
1685,1930,4.804075,2
2529,2069,51.165833,2
2959,2029,82.269737,0
2000,1024,39.574303,2
530,1244,13.295049,1
2962,2175,51.363823,2
432,2743,87.044098,0
1036,862,12.571996,2
277,2402,72.194565,1
409,1505,25.300728,2
1961,619,89.968117,1
454,680,64.069122,1
1775,330,33.263885,0
1691,2530,99.074417,1
1827,1941,7.340256,2
386,1804,40.391346,2
2894,1893,29.215477,1
1003,2853,93.014137,1
850,185,75.120514,1
2843,2254,66.421799,2
768,1510,1.777590,2
743,2673,90.824203,2
303,246,69.239876,0
976,2575,71.258163,2
1912,1911,83.797836,2
568,2977,38.333096,0
2889,2974,62.223129,1
1030,38,4.415714,2
2848,2189,41.607143,2
1631,2723,5.136592,2
1965,2538,41.017731,2
2831,1573,84.856483,1
2954,1864,41.097736,2
1122,1963,14.217627,0
422,2070,12.290318,2
215,807,94.218788,2
1271,11,15.678675,2
2137,2635,75.697083,1
102,3,90.154099,0
2760,1009,33.590179,1
369,1022,38.780312,2
2677,1247,89.461479,1
2162,1686,19.311052,1
918,837,96.885872,1
406,468,44.670418,2
895,733,55.788139,1
697,812,12.083163,1
1511,929,79.490013,1
2264,846,96.994919,1
879,2151,62.684200,1
1004,1948,16.100937,1
457,2125,1.946087,2
1694,2417,16.220179,1
1343,1728,30.105743,0
342,333,97.579498,2
1928,553,7.268859,2
607,1056,49.365673,2
2593,120,79.694427,2
1202,1801,42.164021,1
2189,98,52.881420,1
1895,329,11.558845,2
1669,2719,95.479034,0
1537,1127,48.255253,2
574,902,88.077156,1
2034,1435,57.741222,2
688,2212,50.818909,1
364,1368,13.861238,1
60,144,20.611122,2
529,589,20.238592,0
740,1060,7.005188,2
333,1679,77.596733,1
1670,2743,58.348083,0
1007,2344,95.428741,2
1955,339,76.265663,0
2799,1040,17.811615,2
2994,1837,28.245127,0
1085,1148,96.056366,1
2233,122,49.739532,1
852,2674,30.186678,1
758,430,55.632710,2
1892,267,48.788975,0
2055,309,99.788361,1
2024,962,36.951542,2
145,2395,7.245048,2
2835,2262,6.487088,0
2289,2089,52.379124,2
530,575,62.087708,2
2586,1190,88.492447,1
2547,2280,81.196747,2
316,962,36.505470,2
1307,1321,75.468079,2
255,2435,93.352852,2
450,903,56.214390,2
422,2823,52.160866,1
2344,1449,78.252670,2
1045,518,53.015095,0
2062,1348,18.137249,0
1259,132,85.338371,0
904,2832,81.169937,1
2426,712,89.974449,2
1337,1624,92.979271,1
368,748,93.604309,0
1548,9,25.741405,0
1681,2289,42.228081,2
2085,946,72.154892,2
1943,2920,20.238592,2
885,1590,78.852493,0
238,216,59.116169,0
1278,1579,5.685884,2
916,1533,80.358086,1
2090,526,37.697674,2
124,1953,17.303411,1
2498,235,54.165020,0
908,629,49.860428,1
1508,2218,53.449547,2
31,2041,12.037947,1
932,2649,84.036407,2
1390,941,18.842262,2
1003,1756,84.284981,1
1810,2963,33.402782,2
528,883,49.092026,2
1520,136,24.274109,2
2280,2321,75.735283,1
2884,2041,65.192345,2
2442,2327,21.221331,1
2856,773,52.123249,2
395,1532,60.170860,1
1870,1435,18.026209,0
840,2440,9.060647,2
2701,2643,86.621597,2
2040,335,14.370581,2
1658,995,18.377625,2
428,1544,21.556946,2
1929,1826,14.999372,2
1804,1995,5.429993,2
2859,1056,88.576263,0
1073,2338,86.685066,0
1869,2917,23.149382,1
1849,2161,54.605377,1
1752,222,6.115529,0
416,1904,73.382507,2
1881,2994,77.308434,1
2861,2284,43.153549,1
44,2984,92.271240,2
1462,235,77.971336,2
2278,1381,76.220222,2
290,862,78.124031,0
1391,2725,17.412079,2
2637,2657,76.940849,2
778,1638,88.737556,0
2122,2322,46.626503,2
2738,2469,32.923069,0
583,89,57.196671,1
837,98,35.506870,2
1294,152,48.821671,0
2314,2788,28.631376,2
1545,2958,57.054317,0
2152,1148,41.679623,0
839,503,93.104988,1
1106,1193,15.433414,1
443,2475,66.454048,2
2608,827,97.172173,2
428,2723,10.093195,0
1540,10,30.369585,2
2852,2743,39.366592,0
2158,139,60.285320,2
1905,1380,96.674637,2
612,2293,86.421661,1
1465,1479,2.788672,2
288,2563,55.326424,1
2443,809,81.604202,1
485,2562,13.877801,0
1145,2454,62.966412,2
2498,2288,99.426956,0
2626,2043,51.963108,2
285,46,27.755873,2
1031,1544,19.321407,0
294,1326,82.941956,2
806,424,20.025774,2
374,1715,31.788879,1
2723,2313,79.998215,2
1118,2078,88.673439,1
743,2324,92.296982,0
699,960,28.485413,0
402,904,92.541298,2
279,2131,76.534233,1
2549,108,32.707260,1
451,1173,41.261204,2
115,92,79.901382,2
1430,582,92.132088,0
2986,2816,81.468033,0
1284,2601,60.307861,2
2656,2014,94.767914,1
588,2977,3.920845,2
2419,1968,98.200470,1
599,1314,5.221128,1
1365,2937,97.337891,0
2150,1016,50.928493,1
743,1212,12.322080,2
1432,1285,30.609674,1
2610,2698,22.428827,0
2533,2781,5.702506,2
1506,2769,3.426704,1
494,33,48.457439,0
2859,1455,39.375401,2
2406,2283,40.976734,0
368,1168,63.256306,2
2787,2847,18.101236,2
44,526,97.012527,0
1096,2654,52.886234,2
2356,1178,26.606598,1
2876,2820,13.755623,2
2822,1402,80.422073,0
2618,153,15.424385,2
311,895,37.149776,1
2675,897,78.690918,0
2906,774,83.439323,2
1838,1592,91.879860,1
1254,671,19.072386,0
1925,599,88.494972,2
2846,2820,50.175976,2
738,1858,27.924845,0
342,2053,84.137421,2
441,1894,75.340614,0
684,1419,54.850185,1
1775,2679,39.114807,0
316,870,80.014091,1
2906,586,59.351166,0
2210,974,70.804893,1
1870,1528,93.098175,2
367,2103,0.214358,0
2280,1464,32.878632,2
2876,2792,47.330368,2
2176,2746,65.404678,1
756,193,89.843269,2
2878,1101,40.710552,2
2196,1370,21.507042,0
1327,1201,90.435799,2
841,214,94.110382,2
120,817,67.704735,2
1666,1714,15.429604,2
2371,490,67.774872,1
1361,2157,73.465218,2
1079,2384,16.359053,2
1896,2287,58.342983,2
2827,2283,35.944527,1
588,1363,66.871979,1
116,346,41.059322,2
1436,1243,88.085037,2
520,2463,42.812679,0
2128,152,63.813095,0
1400,1650,55.276035,0
2346,588,64.850800,1
584,2551,57.262291,1
2669,2293,68.392967,1
1826,1192,43.530361,2
2651,2273,24.135180,0
1595,2360,33.319756,1
2745,2141,45.099594,2
2266,1168,25.578281,0
2284,1290,53.022579,1
2652,2552,62.880714,2
713,2729,8.483029,1
501,1760,85.471542,2
2541,1765,9.841948,2
559,601,17.888805,0
1636,1243,54.225044,1
2570,863,75.544556,0
881,2530,92.939262,1
58,2464,77.231728,0
1420,185,25.036106,0
364,12,17.303411,2
1604,2083,34.503441,1
2936,2644,56.403500,2
2908,2575,74.061836,2
2467,1238,26.187880,1
2172,2829,50.143044,1
2242,296,79.807854,2
2776,2954,28.593536,2
525,77,64.122551,2
309,553,35.329437,2
973,1409,91.472244,2
2926,2382,65.067802,2
2961,1593,41.845314,2
2960,1846,48.328274,1
33,1298,99.811234,2
1902,690,35.238361,1
421,1805,18.796177,1
2201,1609,48.530235,0
246,2442,80.623260,0
656,1969,2.516224,0
2582,1877,83.023705,2
1481,1618,41.096260,2
2888,1707,79.784019,2
2545,170,37.146183,2
1362,1658,78.058105,2
2486,1250,24.835884,2
105,1016,58.342983,1
1721,853,37.077629,2
283,379,31.184017,1
1595,2011,80.406029,2
1791,1607,77.803520,0
2011,659,35.848133,2
1884,994,42.501472,1
716,871,42.878265,0
112,2091,90.002251,1
169,2958,37.181065,1
1197,2246,52.492050,2
2537,2485,86.665619,1
2244,800,10.018566,1
2672,703,86.381149,2
736,1390,62.534016,1
2256,1584,37.894951,1
1049,2347,29.366528,2
2048,709,8.087422,1
1403,613,18.914230,1
968,1397,54.748329,1
1683,2595,79.201851,2
2754,1376,51.759533,1
455,2794,9.531759,2
1154,1437,20.754820,2
95,1005,55.414330,2
1785,2907,87.362213,0
542,354,64.878777,0
1051,1512,17.040300,1
2173,2557,91.371864,1
1123,103,84.848495,2
570,2962,86.847839,2
1659,2130,27.163895,2
991,2517,95.805351,1
1293,1187,47.252449,1
1955,1399,22.489870,2
490,2126,79.298241,1
332,1535,79.872231,2
1355,1175,83.508713,2
1957,485,95.791527,0
940,795,95.752518,2
1155,1793,51.911583,2
1898,1927,58.243210,1
1083,282,48.860111,2
544,2203,86.825989,1
1697,2096,83.768181,1
937,248,11.918368,0
1626,1899,66.650314,0
2369,2586,27.175863,2
2019,2963,7.706080,2
363,2665,36.351357,2
2927,1306,49.427704,0
2986,355,39.573135,1
1144,1284,53.823513,1
2661,2372,18.944860,1
154,1357,75.148682,2
1933,1709,68.930794,0
453,318,7.422130,1
2829,2508,9.512350,2
2944,352,8.634905,0
1502,344,16.075502,1
294,474,32.818920,2
1787,734,42.048294,2
2423,2568,56.863388,2
1458,1584,33.170643,2
1709,973,97.011887,1
1010,1746,15.284365,1
979,1065,14.623221,0
1192,2871,77.814224,2
2136,458,41.188747,2
1799,2191,81.952232,2
201,1321,77.254364,1
1445,1718,92.093941,2
2947,2128,79.961250,0
2089,2997,66.236015,1
2439,980,30.256590,2
2671,2814,69.969635,2
1072,518,74.882889,2
1115,1307,5.915906,0
9,511,8.490134,1
890,819,32.176636,1
2771,2282,81.897926,2
2298,80,57.370888,1
587,688,37.689720,2
2848,2368,71.568138,2
1011,2036,49.252781,1
234,1850,26.652075,1
2975,563,64.141586,0
2828,786,85.776268,0
1078,2570,13.844714,2
2369,1025,32.033340,2
299,2821,79.676659,2
846,2883,56.820744,2
2579,1296,83.392349,2
475,2542,88.012146,1
1560,85,33.183548,0
1017,1469,67.455025,2
1816,2775,76.685120,1
2948,343,39.505085,1
2974,2800,57.310844,2
2778,2590,26.449230,2
1037,2596,33.123901,1
1321,1634,57.513226,2
395,668,99.196136,2
2186,2086,14.241063,2
399,1656,9.670655,0
2086,497,18.648914,0
2587,576,59.133175,2
1654,2095,43.492241,0
1981,1807,67.403885,1
2310,1919,32.511486,2
956,1777,31.179689,0
805,2470,51.693462,1
968,237,15.387926,1
130,764,52.267254,2
1801,763,47.536228,0
1505,2069,46.047508,2
2744,2790,34.486233,2
2491,510,26.039305,1
2368,1254,51.556755,2
1426,785,94.015610,0
563,769,15.238540,2
942,773,88.766068,0
973,604,71.446938,1
1506,2879,18.202042,1
2495,2162,9.279902,2
229,1303,37.509872,0
574,2867,12.126102,1
2410,690,92.539894,1
1121,1950,98.571213,0
1467,293,46.080776,1
1825,2393,41.378967,2
1713,483,16.241339,2
1844,500,32.969242,2
2851,1523,43.000877,2
184,1155,43.970123,1
2,861,56.156052,2
2697,1180,81.098244,2
1250,376,55.349503,2
72,2423,65.218704,1
524,2803,57.749218,2
1749,2134,73.872147,2
892,1583,58.181343,1
381,2151,7.036253,1
260,2313,34.366047,2
1642,729,8.861195,1
1153,706,35.485271,2
336,179,88.922005,2
535,2098,38.823402,1
2932,1201,86.994377,2
2405,1642,3.891242,0
452,2139,75.396950,2
938,1592,48.146065,1
1,2615,79.612488,1
2845,1736,73.528954,1
2779,2830,50.993271,0
2292,625,64.179146,1
1032,2474,26.938904,1
1284,2110,86.221443,2
2963,241,52.587257,2
2538,8,18.643663,0
1381,731,89.776726,1
483,2188,82.955452,1
1190,31,93.308281,2
1770,607,43.315563,2
1123,2548,93.675171,1
2697,461,92.939262,0
530,2071,54.223316,1
852,2159,70.885963,1
1209,2793,80.278160,2
2590,990,31.145985,1
234,1565,12.424168,2
1088,1503,27.126587,2
2227,48,11.512323,2
2103,2616,89.469467,1
1617,1224,31.263029,2
1333,1916,95.825729,2
839,2502,28.566031,1
1932,2596,17.211546,2
2754,173,56.106949,2
1349,436,73.614929,0
1253,2970,49.838924,1
2909,1814,91.882217,2
2337,1146,32.107132,2
1117,966,2.465570,2
1147,1110,44.558746,0
881,736,20.634146,1
1831,47,98.899963,0
2633,210,84.323303,1
2864,235,58.843872,2
2953,2948,41.391685,0
324,2168,45.358421,2
712,2439,58.919224,2
2077,254,70.730492,0
2520,2350,78.988853,1
2775,2149,20.209637,2
68,2703,39.209469,2
2151,2382,65.259972,2
932,1063,21.648916,0
837,2321,75.260178,1
1871,1864,30.068144,2
2556,2315,46.621731,1
815,94,39.209469,2
1076,1354,11.148088,0
1479,323,77.236122,2
1678,2267,38.648785,0
582,11,60.746780,1
2607,2214,96.439812,1
2922,2770,11.777366,2
435,578,59.377449,0
70,1166,97.513870,2
713,1489,1.221680,2
1898,2892,32.616173,2
2883,228,30.224960,0
1470,1301,32.600216,0
2130,88,95.108696,0
2549,1783,49.167877,1
997,755,87.305191,2
2194,1981,50.260986,1
2267,2248,75.935631,1
1691,2611,43.776772,2
2315,1124,70.964981,1
1484,1141,74.252846,1
1439,1622,29.710518,2
156,2307,51.305904,2
1950,2897,95.400215,2
2086,811,25.568634,0
2244,1915,73.290771,2
1095,2495,55.381977,2
398,1537,0.046875,2
1262,1518,34.849007,2
1699,663,3.111314,2
1216,1287,37.955223,0
1341,1589,88.645836,2
777,1921,54.063465,0
1250,2313,12.269868,2
2104,1715,21.768766,1
1309,1122,74.093704,1
2928,1296,28.178589,2
1373,2109,98.049896,2
1918,1074,47.503719,1
2291,2862,7.174689,1
2572,1579,17.903351,0
2247,1842,42.318363,1
2455,2523,46.430504,2
850,2817,84.723091,0
728,2521,20.763277,2
1071,2999,12.495704,2
1178,1560,41.437363,2
586,871,45.876728,0
770,1027,18.836489,2
1814,1312,39.114807,1
377,2691,15.905365,2
2133,1735,20.391102,0
2202,2921,51.249786,2
1527,1828,83.961525,0
68,2790,30.777031,1
174,1036,44.037533,1
2005,2772,65.187088,2
2182,936,21.892700,2
2583,895,93.222130,2
338,46,49.757591,2
506,1416,40.350761,2
1712,989,44.102608,2
889,1703,43.881313,1
1270,940,56.167721,1
71,1949,29.749298,2
2669,12,43.707954,2
1707,1589,94.659943,2
2467,2080,62.293476,0
155,1793,48.485462,2
2792,1395,86.550842,2
1438,1031,76.903023,2
607,1898,87.198471,2
1105,2610,52.714035,0
38,2847,29.813406,1
2292,392,45.417450,2
76,955,37.534149,2
278,1454,38.331192,0
994,1526,79.025208,1
1841,1136,6.197477,2
1110,1536,25.726398,2
1662,720,71.260872,0
2661,1060,96.929504,1
2311,2215,7.901457,2
2777,2397,20.840597,1
2600,1627,59.105946,2
1680,1877,87.473656,2
425,2018,96.627861,1
1582,671,66.726784,1
283,1862,98.806038,2
633,2816,89.838570,2
2684,744,51.328415,0
692,1201,75.709587,2
630,1718,21.966448,2
1967,2770,94.349495,1
2837,2079,19.632166,2
1128,138,73.128654,2
2149,1399,16.709486,2
296,2466,98.061104,2
964,707,24.371973,2
1093,741,32.111885,0
79,543,97.949753,1
123,1627,89.459679,2
537,1524,12.063917,0
2380,1129,98.432472,2
2830,1339,45.744785,2
1996,711,45.401905,0
1877,1383,14.445769,2
848,881,95.938087,2
631,442,53.712006,1
2579,1629,69.625046,0
2652,2538,32.451084,2
184,770,20.685421,1
2960,1462,31.048103,2
428,1177,16.189846,2
2810,2256,29.198811,2
801,2638,79.201851,1
2365,2712,47.165855,1
234,2524,41.441807,0
828,374,15.357005,2
2691,2633,16.283543,0
2858,696,46.731556,2
1402,2397,11.410107,1
504,1943,45.377327,2
1196,1990,97.731331,2
2074,1016,16.250465,1
770,1222,9.502398,0
1778,1241,29.200510,2
2417,1718,86.002892,2
2562,112,53.491589,2
1311,982,84.109200,0
779,1707,34.981915,2
309,451,48.821671,2
2666,2225,61.818005,2
134,1201,52.321774,0
1438,2441,58.369938,2
2123,1323,48.805332,0
663,1624,74.955750,1
2101,826,84.613060,2
2590,187,73.835129,0
564,572,57.365028,0
2129,284,40.368019,0
2385,1098,16.907225,0
1129,510,75.989449,1
1358,2153,79.036781,1
550,1564,27.099205,1
2413,953,53.733536,1
1641,533,26.517420,0
639,1138,61.472420,0
1325,114,13.341259,2
1398,709,14.453644,2
2036,1429,75.411865,1
2752,1568,34.143299,2
2509,281,85.117928,2
1610,1049,30.990875,0
2756,442,95.203201,2
175,87,99.440720,1
2045,2882,15.531925,2
122,384,43.112186,1
654,875,5.289228,0
448,1946,25.296871,1
8,2146,67.920311,2
1753,2821,51.828526,2
2152,12,85.175980,2
66,189,40.368011,1
1246,2897,47.773781,2
1434,2114,67.800293,2
2332,488,25.973282,0
2649,1209,14.770044,2
2045,2338,26.094381,2
913,1437,2.986324,2
1428,1964,28.873093,2
578,2863,23.872244,0
2725,332,90.839706,0
1485,1642,34.969364,2
2654,1813,68.234612,0
2567,437,53.439743,0
1769,1126,6.808601,2
533,5,30.711288,0
2261,1823,68.653969,2
2173,2696,95.256050,2
836,2741,41.009285,1
1403,2373,2.995311,1
1226,1906,47.597511,0
2716,962,25.451962,2
435,2985,48.548294,0
697,523,10.558425,0
1189,1869,74.219055,0
1134,2054,28.188160,2
1558,522,9.333738,2
859,13,48.720383,0
2629,269,51.255684,2
437,2649,73.862152,2
228,1201,73.775856,2
201,202,69.313324,2
517,2600,24.571224,2
905,752,33.907646,1
1970,1836,68.468437,2
1160,308,93.759712,2
2203,2354,13.372970,1
1481,917,72.392113,2
1647,809,24.164761,2
2096,2504,32.315826,1
859,1485,57.992039,1
2908,894,56.167187,1
2967,2137,68.871017,2
1750,42,21.534756,2
746,1941,97.215332,2
2078,118,11.056184,1
2708,415,43.777809,0
874,143,27.957600,2
2850,535,36.597466,2
342,2226,11.744378,0
2736,646,59.294609,1
874,1499,62.461300,1
2408,1603,15.659977,2
1798,1328,20.276758,2
2068,2116,97.279488,1
47,1110,47.495041,2
2356,1258,7.464897,2
1491,2058,40.815163,2
2970,1147,84.046478,2
2868,1133,90.422653,0
1127,734,12.598084,2
95,2069,6.986529,2
2983,641,80.859833,2
2552,2941,96.796585,0
1750,1953,69.815002,1
1468,1078,6.935575,1
1038,1081,40.324135,1
2568,2896,22.787827,0
746,1192,90.759171,2
377,2677,12.507957,1
1218,2355,25.952795,2
71,2572,67.794800,0
1282,2334,5.116035,2
1400,2626,18.477406,0
2619,1633,35.609234,2
1235,1065,26.473269,2
2986,2784,84.715347,1
636,2986,88.244911,1
954,2407,15.356501,2
509,411,82.293640,1
114,2237,70.702721,1
765,2289,77.687233,2
960,235,66.989258,2
1573,2042,16.023876,2
1870,1570,98.154640,2
1723,2715,48.402538,2
1132,1813,59.360569,0
956,430,8.194659,2
1217,1985,83.548515,0
354,2819,74.268570,2
2304,1079,22.494146,0
529,21,39.577003,0
386,1265,66.570328,1
936,2376,2.065657,2
2048,1238,34.844769,1
1499,93,47.081856,2
691,2164,13.925529,0
366,443,35.555153,2
1205,1308,57.714542,2
1135,1407,15.567349,2
1516,1864,1.009190,2
1204,2579,98.689301,1
1872,2599,91.665901,1
2245,395,47.268448,2
210,1562,61.348629,0
2327,184,57.325363,2
2060,2594,4.430776,0
836,2579,45.944485,0
1763,1541,84.647774,2
2837,1229,4.783077,2
1537,2087,41.241364,1
1845,416,28.045984,2
2695,2943,34.287968,1
280,2988,68.092987,0
1691,1327,23.332115,2
43,2155,37.241215,2
2915,94,13.756628,2
506,2859,10.425058,2
410,2234,33.451317,1
464,1203,33.133701,1
1217,1156,73.086525,1
918,1394,40.703316,2
2112,249,32.922245,1
2123,26,53.808666,1
830,2129,40.410549,1
300,836,9.012503,1
698,1318,27.665155,2
1174,876,40.946793,2
1477,2250,65.305183,0
1956,1526,85.905251,1
897,2832,95.374138,2
2043,1837,35.541042,0
248,1114,26.489487,0
1689,2173,41.344322,1
191,2005,57.160858,1
2543,2051,44.586849,0
1268,2893,36.704212,1
2413,580,25.128757,0
551,2630,50.032974,2
2117,762,70.546791,2
2060,2555,12.051782,2
1776,1703,82.174950,2
2148,1387,35.366463,1
102,487,17.288977,1
780,1992,29.760904,1
1627,1398,34.622723,2
474,1733,40.754646,0
1639,711,90.993774,0
67,855,84.009750,0
139,880,28.208212,2
1764,1326,72.347549,0
1532,1515,29.908031,0
2189,1129,59.351166,0
980,1720,49.044559,0
1486,938,50.945877,1
2197,405,37.680443,2
2223,197,26.669365,2
1596,500,80.830109,2
2047,1751,39.573135,2
1593,2919,61.812733,1
2515,1225,9.493375,1
1283,1649,47.833157,1
999,1361,87.624153,2
1386,2505,8.278757,0
1746,1147,21.050173,1
392,1580,34.171955,1
2572,1402,47.228596,0
855,2832,74.915070,0
424,1028,14.309032,2
2006,2118,16.327061,2
1142,1366,81.807648,2
2667,2527,92.286163,0
1079,24,1.877546,2
1559,429,89.378159,1
729,2784,58.376896,0
688,6,74.066040,0
2902,2097,75.216782,2
1056,279,78.208588,1
996,2987,5.126206,1
187,1386,49.590042,2
2137,4,30.167034,1
988,1221,7.986680,1
1907,1810,9.784294,1
927,635,22.825684,2
1978,1959,7.403617,2
1919,2911,12.090934,2
1151,1962,42.588676,2
2079,294,79.397697,1
1629,2572,93.077278,2
614,2473,65.218704,1
2185,2367,40.587627,2
2623,2302,66.702042,2
554,301,93.944481,0
2686,1859,11.256060,2
1926,2684,79.117165,0
1926,1782,39.814117,2
2442,2588,25.042162,2
2614,494,66.049141,2
2055,1920,40.682667,0
1405,786,28.540895,2
1114,758,54.690483,2
73,1726,84.311127,2
328,718,20.188192,0
589,1791,89.030327,2
1527,88,86.604507,2
2108,1973,2.763578,2
2348,1681,1.080952,2
519,2893,78.996170,0
2349,298,73.206657,2
1139,2109,48.431782,1
2937,1483,8.016294,1
574,2997,71.443665,1
589,651,4.447006,1
2635,853,75.305244,0
2168,1054,27.834269,2
266,2052,7.332440,2
588,1537,21.698364,1
2303,1776,70.712082,1
1801,2191,32.534863,2
315,2266,57.963531,2
2669,1538,87.768845,1
2779,2683,14.054726,0
2784,102,11.140882,1
908,1747,43.110741,1
549,2884,4.671582,1
2234,1863,41.168251,0
1399,2692,2.298574,0
524,1293,35.914623,2
878,2114,58.192486,2
190,2556,93.773117,2
2808,249,23.414951,1
2759,785,89.486938,2
1424,2461,86.859703,2
1911,684,38.908577,2
2085,400,4.006362,2
755,1305,75.854668,0
1940,974,11.549692,1
764,2256,18.981752,2
104,1287,82.920555,2
203,497,52.624180,1
1729,2019,44.336983,2
1878,2071,55.982746,1
352,568,17.823374,0
229,28,32.360405,2
76,496,70.942139,2
1705,1548,68.922424,2
246,1434,95.201584,2
995,1702,31.331266,2
320,2445,7.876821,1
2379,606,8.203940,2
793,2385,44.893883,1
2330,2994,69.113022,1
888,439,13.302924,0
1606,1183,3.462038,1
56,2221,1.777590,2
271,2947,35.328796,0
525,1583,12.008312,1
2616,1698,91.601112,2
64,1785,72.702171,2
1133,2157,85.434303,0
824,2836,80.430557,2
1097,1979,76.714615,2
2206,2984,55.006161,2
6,1068,53.322987,1
885,2430,36.481712,0
1414,1484,12.507513,2
1060,907,50.024452,1
2765,2592,75.078789,0
2327,1672,63.493507,0
363,842,99.106506,2
943,2314,30.380949,1
1190,2436,99.299377,2
1840,2653,94.941628,2
2663,2269,65.290741,2
2089,979,31.381962,0
477,753,36.990803,2
1052,2300,62.368797,2
2617,900,73.789818,0
2542,1547,58.476608,2
247,1102,74.457733,0
205,2862,48.258373,2
2559,604,89.922615,2
1920,546,20.156996,1
2866,1205,44.811546,2
2329,2211,84.392815,1
2124,967,99.877831,1
218,2821,23.599419,2
1011,473,51.055019,0
2453,3,54.691036,1
692,1261,81.446198,2
2299,1795,11.280480,2
1714,926,98.919815,1
2466,1579,38.670258,1
2212,2384,32.075268,2
1983,467,52.781525,0
611,337,61.649105,2
2439,1509,26.938904,0
172,1244,69.341972,1
2513,220,64.149277,2
238,1305,64.834084,0
1153,2227,56.680447,0
2799,569,45.956028,2
2790,701,32.044621,1
2593,2277,24.846712,0
339,902,72.544266,0
1831,1833,67.700562,1
612,1019,57.161621,2
1941,18,73.699303,2
563,1649,54.829494,0
2797,2796,55.992149,2
246,367,51.977837,2
1079,282,30.995687,1
2487,2346,11.449648,2
2998,2906,46.789848,0
2884,78,10.196805,2
1754,1493,53.181850,2
1303,2638,87.449638,1
608,2084,62.823761,1
2320,2717,58.339569,2
76,1661,81.156059,2
2185,1631,77.849670,0
2774,2659,39.599468,2
443,900,58.859257,2
1083,1044,40.488522,1
2961,113,61.291504,2
2316,468,67.346878,2
1532,819,80.655899,1
1613,767,88.411850,0
2239,1280,39.167282,2
1319,2517,3.239161,1
2992,2045,90.193527,1
1904,1931,78.351646,1
1533,2658,51.873356,1
2179,1719,57.159855,2
2884,613,17.802631,1
1725,1741,5.988066,2
2794,216,69.258720,2
1905,1294,70.588295,2
897,2964,52.699631,2
246,1081,70.363358,2
2493,2583,61.672047,2
2549,839,24.105524,1
2253,1884,23.094278,2
1788,1886,17.702463,1
1283,2592,37.921734,2
860,853,44.827312,0
2873,585,18.648191,2
2305,879,57.874866,0
1612,2278,35.611866,2
60,91,77.997871,0
2601,1245,79.909134,0
366,1612,27.804504,2
1816,2296,74.518715,0
2263,220,5.905082,2
2058,1883,81.628021,2
2951,677,3.951622,0
2650,2489,6.484225,1
910,1466,64.237686,0
433,2720,29.630278,2
2466,742,83.651161,2
193,1756,46.819012,1
2639,188,59.900135,0
761,657,24.924736,2
943,1822,50.701115,1
2191,1321,36.120037,2
1682,1455,89.549698,1
134,2445,84.915283,0
233,1011,29.253145,1
2688,2453,18.835550,2
721,63,77.229248,2
1058,1664,88.712242,0
1182,2935,54.697952,2
421,1680,79.129097,2
810,2652,43.599522,0
495,35,26.688959,1
1297,2554,79.076889,2
1103,1711,14.497504,2
1015,1568,95.830208,2
2871,1064,7.421513,2
2016,1918,58.564140,1
996,733,80.425537,2
1455,1056,40.841599,1
1967,2655,40.498112,1
2007,2103,98.136414,2
1986,2530,50.075657,0
656,1504,83.929802,1
1543,269,27.014797,0
790,677,95.092018,2
1863,629,24.072695,0
2554,124,74.924606,0
1037,2099,90.520508,2
973,949,73.514389,2
2097,637,7.230183,0
1707,2794,14.821340,0
1957,367,14.964123,2
1578,284,31.738758,2
982,1512,92.677284,1
407,938,85.322594,1
435,1855,85.062210,2
1226,2722,93.259323,2
2731,1594,34.484043,1
2764,394,18.252977,2
892,1302,15.579952,2
478,1201,97.503059,2
1683,684,46.073833,2
2060,2119,46.144093,2
2310,1776,83.579689,2
1333,1530,7.266964,1
896,1387,32.894424,1
4,2271,63.634052,1
310,154,57.289215,2
38,2488,65.976685,0
2341,2869,52.715561,2
1595,1711,99.164940,1
774,1671,97.454453,1
1107,1422,64.837662,1
2532,864,26.111118,2
2346,1831,68.821350,0
1001,236,48.873474,2
2214,2715,76.845901,2
1437,39,90.168259,2
282,2570,45.377327,2
1118,172,77.896767,1
1258,1534,81.458778,1
1229,1689,73.430351,0
235,852,28.823713,2
946,2173,56.601189,1
2118,552,47.784813,2
438,1453,10.708582,0
2680,1965,96.750763,2
2396,1968,15.885530,0
310,1787,50.210102,0
2231,1918,96.499344,0
467,2299,1.915523,2
2044,1471,0.671386,0
1951,1065,91.364128,2
2301,2501,56.820744,0
1764,1931,32.618286,2
2993,2492,41.677193,2
2887,649,32.618286,0
195,531,19.345089,2
2787,1698,64.850800,2
2224,823,84.413818,0
2954,2523,46.648018,2
564,1618,14.620710,2
1024,2447,79.550842,2
1632,2109,68.819191,2
138,240,65.513832,2
2405,1541,93.763756,2
690,120,61.390701,2
685,2747,98.547485,2
1359,1937,6.115571,0
2518,515,46.936363,2
2507,1040,55.355030,0
350,1109,82.971504,0
180,526,44.433552,2
558,2727,45.277504,0
1828,1710,91.843132,2
2984,2591,4.427539,2
2432,1577,33.006695,2
1737,341,67.577034,1
807,352,94.197464,0
1986,145,11.206195,2
216,609,86.704811,2
1907,2785,92.541298,2
763,127,97.279373,2
2561,421,51.473175,0
1860,1622,9.333063,2
1868,1457,92.271240,0
434,2742,63.985855,0
1407,1021,54.479782,0
987,2,89.196144,2
214,464,84.376579,2
2986,1092,89.078575,1
1867,1472,17.074484,2
382,2527,30.348495,2
1040,1849,48.376991,2
1196,882,18.091732,1
2520,2223,91.624580,1
1969,2271,3.049094,1
2550,302,45.525066,1
1754,2851,16.598127,2
620,2047,79.888603,2
1393,1744,62.911926,1
2223,379,29.908031,2
770,1642,15.161992,2
225,2661,90.734627,2
1304,2530,89.976669,1
880,1631,47.249199,2
2561,2586,6.191244,2
1919,1492,23.189405,2
170,357,69.528320,1
1977,966,62.620804,2
1072,1990,88.871490,2
1070,1682,65.548203,2
1724,285,74.058266,0
2465,1498,92.212318,2
320,106,75.885788,1
838,413,41.009533,2
62,2567,13.544482,0
1130,1384,50.018028,2
719,1459,63.510876,1
1639,210,95.374138,1
127,628,16.804581,1
1801,1700,19.648031,1
18,2610,79.792046,1
2738,44,39.872414,2
2510,1504,14.888464,2
2165,1193,47.904373,1
2190,2181,12.429496,0
2225,1950,47.494793,2
1943,2886,15.659977,2
1623,816,58.416340,1
2381,802,25.731480,2
1044,870,99.028603,1
1919,1140,62.301758,2
2328,1440,33.804291,2
1275,417,85.441139,1
541,1884,73.077156,2
1777,1929,93.636650,2
1451,2031,90.116989,0
1849,1261,12.292565,1
1002,1335,37.789745,1
1551,2574,11.426260,1
722,837,83.247047,2
2730,2920,86.367989,0
224,1385,69.523636,0
1881,2743,79.327782,2
261,404,45.062759,0
931,1790,50.928493,0
613,2003,61.510742,0
1010,2059,92.719147,0
2787,270,48.071674,2
1151,1222,75.632072,1
195,1767,49.256229,0
1175,444,50.335312,2
2372,151,95.753525,2
1673,633,79.422119,2
856,2922,67.155029,0
1693,458,51.932133,2
454,169,23.911711,2
1119,740,53.665607,0
466,2684,78.250221,2
454,605,64.936005,2
2669,2543,91.438683,2
1282,1787,13.553169,0
2961,1323,83.521973,1
54,2352,51.817562,2
1556,526,31.732498,2
1031,1104,41.692173,0
772,422,23.483147,0
571,2131,12.741140,1
140,2644,91.984337,1
1552,1153,80.747055,0
1443,2544,38.854687,1
2099,710,73.960739,1
2587,2928,84.619614,2
51,903,36.442287,2
189,1372,41.241364,1
607,2508,69.442924,2
171,1255,94.910324,1
496,1004,47.741962,2
2308,1787,30.400745,1
321,990,42.575947,1
1842,1082,57.128883,1
766,203,38.560474,1
2314,2363,96.885872,0
55,2305,49.980675,0
1453,2740,93.388893,0
812,2348,26.064432,2
1855,2483,43.562504,2
2406,1730,84.848495,1
2637,1113,80.243538,2
2849,1232,23.803110,1
2121,26,8.752368,1
1652,762,78.354462,2
1911,458,7.515447,2
842,1576,46.048424,0
2684,36,15.000895,1
863,886,95.300858,2
2794,2722,75.416550,2
2450,908,26.489487,2
2325,2879,69.945328,1
1704,380,98.062782,1
1956,133,29.541697,2
219,2337,21.914627,2
2572,1737,65.677559,2
946,1193,46.161865,1
2302,376,47.366199,2
977,1353,19.931646,0
920,2321,91.805687,0
1879,1308,99.543121,2
1518,776,3.773638,2
2893,973,84.514755,1
412,1256,30.931004,1
2973,2381,9.196826,0
1373,1718,54.525051,0
2370,2850,58.236324,0
1496,1444,74.013939,0
2953,2503,83.992195,2
1014,1568,35.609234,1
1967,752,81.249901,0
207,318,42.788651,0
1811,1997,97.045753,2
1997,347,91.805473,0
2682,2930,53.305134,1
1989,2285,61.265244,1
2177,709,68.359665,2
2274,728,44.695129,2
705,1409,36.497429,0
162,422,81.804153,2
207,524,19.522997,2
141,882,21.059776,2
326,2549,99.778015,1
383,900,20.016130,1
2978,650,8.893898,1
2267,2430,9.165355,2
868,2741,59.065353,0
1273,971,31.603035,2
1892,1116,44.712704,2
1502,2765,43.477421,2
832,2860,38.911652,2
1962,2974,24.450060,1
351,2135,15.889435,1
371,2893,55.828018,0
2904,930,17.905514,1
2213,1760,96.023415,2
978,1765,83.735687,2
1393,2773,94.197464,1
2006,677,20.025774,2
131,138,4.663242,2
233,404,68.861855,1
481,727,42.356903,1
233,1730,35.024673,1
1580,218,66.114258,0
1718,2857,23.647409,2
2024,455,53.055721,1
669,2487,54.197891,0
2963,1723,76.960510,2
1997,2320,43.051952,1
2066,1912,85.220940,2
1206,1459,66.157188,0
742,358,17.086971,1
2886,1540,43.432587,1
2878,2773,96.452187,1
69,2900,84.997719,1
1814,1632,32.392414,0
768,2378,68.653259,1
633,181,55.582146,2
108,577,17.160534,1
772,1188,4.411005,2
759,2174,90.722267,1
1215,1561,4.660004,0
2853,1518,14.483296,2
2342,290,33.010273,0
928,1306,74.580147,1
1444,1202,66.839470,1
1344,2328,35.676598,0
581,84,53.241684,2
2349,1771,20.071508,2
2283,558,35.473804,2
1548,1078,22.839930,1
1825,2495,57.326511,2
1523,744,41.784088,0
2945,270,50.316727,2
2065,505,45.697803,0
2122,2500,96.940941,2
1423,168,6.861258,2
999,2644,82.042542,0
1854,1122,66.552643,0
2874,2509,77.265556,2
2816,882,0.423511,0
2802,2919,12.495704,2
1684,2945,40.822243,1
1092,307,71.169228,1
185,1256,51.886120,0
901,1607,41.693821,2
1397,646,17.086971,1
595,2639,53.619495,1
2992,1457,14.488008,2
1153,637,48.362473,0
1495,2226,55.130035,2
2526,790,20.247709,2
666,648,95.525543,0
2108,299,41.109776,2
2113,244,73.541786,2
2389,655,23.498579,0
1686,1148,7.799274,0
672,2136,7.841393,2
2143,1571,70.467209,2
1055,909,7.292285,2
2027,2887,12.889265,2
2982,2159,5.182148,0
2954,743,24.090725,1
1528,1430,29.253145,2
754,1055,20.756851,2
2843,2944,18.656963,2
1110,2757,35.136520,2
898,110,15.387926,0
1163,1602,5.839025,0
1495,419,16.685968,1
2872,2723,82.759529,2
1909,1532,66.737488,1
906,1731,73.815453,1
372,2556,22.172300,2
342,2029,60.589405,2
1358,2036,51.581612,1
477,2946,50.791969,1
599,2812,19.506840,2
1421,190,87.920586,0
872,1200,56.745644,2
561,222,93.330597,0
1526,368,77.439125,2
1894,830,94.577888,2
966,1602,19.279015,0
628,1600,73.101402,2
2512,2309,71.741615,2
2757,90,28.703402,2
2359,1799,21.496191,0
2838,2748,58.466125,2
2421,1384,93.824135,2
2599,816,41.386364,1
2682,2330,30.474325,1
2475,1558,30.722786,1
1565,1413,93.190857,1
952,1919,52.750431,1
871,413,8.846055,2
2972,1096,77.618568,0
625,269,50.332756,0
2970,2970,87.958206,1
2191,1795,43.624859,2
2253,551,81.683708,2
2475,1381,66.397141,0
2932,948,32.525276,0
1929,124,96.891678,0
2229,511,44.744434,1
2690,1356,74.073608,2
24,670,34.363136,1
554,904,62.911827,0
2010,1309,79.716888,2
2039,1129,23.003881,2
1344,2084,5.202917,1
1245,862,34.037651,2
984,2002,8.784119,2
2773,2955,5.714556,0
300,1412,10.769734,2
2396,2843,58.757549,2
1705,170,38.692753,0
1252,436,58.516636,2
1988,1897,33.133701,0
2287,2395,91.334129,2
1161,2956,52.587257,2
310,2883,59.394348,2
2786,2581,34.252892,1
1012,2323,57.143597,2
2255,973,41.782780,1
23,627,95.499992,1
1682,322,63.981766,0
1188,1474,28.309378,2
119,2352,91.276505,2
2017,2145,86.504776,2
2818,2440,57.741222,0
1150,363,18.190687,0
1220,2743,61.632309,2
2592,2602,81.587997,2
2492,2418,85.764977,1
992,2270,91.377052,1
2828,513,15.028479,0
2235,785,76.360916,0
2786,386,51.216545,2
1265,548,5.770854,0
972,404,57.516983,2
2271,1001,7.196609,0
1467,1849,72.109291,0
834,266,15.808713,2
1225,2204,26.496849,2
2628,2713,97.731331,2
603,2312,25.624146,0
192,2563,82.573502,1
885,2470,22.305988,1
416,2518,89.025452,2
817,2587,6.573800,2
1826,158,29.829428,2
2245,237,23.094278,2
1654,938,84.130165,1
1837,1199,51.643127,2
2614,170,29.847765,2
2450,2623,62.164505,0
2007,724,31.543547,1
1559,751,71.877945,0
1153,301,89.202896,0
2377,566,57.982571,0
1900,1076,94.390312,2
2926,1675,35.543842,1
606,1519,88.098473,2
1302,2135,61.265244,1
1551,2405,32.991970,0
186,932,73.228760,2
1732,2270,49.823170,0
1626,347,98.192055,1
2015,1874,53.562660,1
2104,2785,37.202393,2
199,1175,59.226192,2
376,1518,19.317877,0
2037,2211,51.464119,2
2276,984,58.675941,2
1256,2622,13.638455,2
353,898,14.821340,1
2955,68,62.884033,1
1316,2751,96.268372,2
1753,2191,59.750725,2
946,107,8.869200,2
2237,2015,92.308525,2
2838,899,58.894409,2
2585,223,32.675716,0
1142,374,66.008934,0
2984,1644,95.233627,2
1440,107,71.091797,0
1912,2026,74.084633,0
1460,63,83.636528,2
1186,185,79.748283,1
204,2833,96.730598,1
68,539,26.243874,2
1456,373,4.749151,2
576,2882,47.484398,2
2135,986,25.780025,1
2634,878,31.768890,0
2294,2802,25.945126,1
2535,602,86.933258,2
1883,146,75.121719,2
1764,1847,11.699050,0
2288,752,16.093449,1
506,2473,76.771339,2
2459,2182,14.741365,2
192,2560,36.246880,0
459,2987,87.131630,2
2285,819,70.167915,1
1187,102,14.694761,2
1017,2164,22.105019,2
206,2978,51.911583,2
675,2751,67.686920,1
345,1160,12.114412,2
2665,2921,95.013542,0
1541,897,46.377151,1
387,917,40.528698,2
750,1686,90.969872,0
2957,1381,61.809746,0
633,1719,30.872921,0
379,19,67.865425,1
867,1668,77.695045,0
2113,1357,67.372887,1
446,2547,59.882977,2
2150,340,63.147774,0
2965,1127,2.690151,2
1370,2241,26.983833,2
2376,1902,76.452049,2
2773,2552,87.705215,2
2692,887,49.574097,2
2495,1363,87.305191,0
2235,1602,81.544975,2
2237,732,99.426956,0
2795,2950,61.181122,1
2581,1832,91.609062,2
2501,738,28.957642,2
2993,815,86.986542,2
2092,1555,58.372910,2
1259,2007,23.227278,2
778,2728,89.751862,0
1071,2202,45.274719,0
2889,2425,97.579498,0
1502,969,40.685207,2
2878,1374,97.215332,0
2125,1349,4.004798,2
1556,2488,95.970566,0
1946,2435,21.461437,1
171,2434,40.006767,0
1464,1093,22.623999,2
2316,888,34.085220,2
885,2951,28.572329,2
1639,1215,0.859529,1
1458,2179,13.791833,0
892,2578,24.084650,1
877,1801,26.816530,1
1468,1009,6.550284,2
2493,1032,50.832253,2
89,1009,15.556176,2
2853,2704,67.370712,2
1246,698,6.968751,1
2786,890,32.392414,0
889,2029,4.355607,0
2911,1321,44.969322,1
428,1392,31.208969,2
2396,1440,53.786034,0
2830,1916,43.561741,2
2362,173,9.188784,2
1824,1283,73.650505,2
1827,1724,57.983940,2
2231,2061,1.333646,1
2676,1428,66.992203,2
742,2642,36.723351,2
673,980,83.602081,2
1856,1208,2.631442,2
961,307,4.857042,0
2169,2468,42.884315,2
585,1666,67.201363,0
1860,1193,91.405540,1
2762,637,74.011871,0
2841,2717,45.017971,0
1426,1456,69.056946,1
522,2303,10.206244,2
588,613,81.255913,1
305,2854,51.910378,0
424,1984,9.852738,1
2595,936,49.896633,2
2117,1013,19.203800,2
2603,110,97.728661,1
875,1882,64.100906,2
991,2114,90.587135,1
2512,542,12.762939,1
2351,1329,68.688164,2
1340,65,48.354664,2
631,890,71.260872,2
1963,2653,89.812988,2
25,2726,78.386322,1
2339,1046,22.517513,2
1017,571,77.329460,2
1461,2502,29.200510,1
552,1620,11.699050,2
2355,2691,85.334419,2
1234,155,48.233635,2
171,559,81.056793,1
871,1709,37.181065,0
1699,2054,2.768689,2
2396,1290,50.149612,0
60,723,30.276875,2
958,2975,6.589120,2
583,264,99.936394,0
2792,1782,22.145111,2
126,267,62.911537,2
2705,2103,44.646393,2
2599,881,13.733477,2
2579,648,35.323917,0
2911,2971,20.807108,1
785,524,16.255842,0
514,315,44.170345,2
250,2532,10.900538,2
0,956,85.933052,0
2837,2676,5.607287,0
2281,2556,11.472708,1
906,2574,11.415709,1
1625,1374,53.339848,0
2681,1550,50.732750,2
2343,1859,63.803230,2
473,2945,91.327095,1
34,621,71.264305,1
22,2908,18.636660,2
1740,349,50.113632,2
73,475,57.983593,2
258,2032,47.804268,1
2928,116,40.913742,2
1749,1874,87.436409,0
1407,108,1.773856,1
342,2318,14.469912,1
1083,2274,16.599314,1
2892,715,25.500980,2
326,2593,20.391993,2
487,248,60.873714,2
2724,271,50.116261,2
958,2627,27.070896,0
1177,935,56.685955,2
1419,1983,53.781399,0
515,1207,98.820793,1
457,1201,53.818359,0
1765,1057,42.172592,0
2765,1052,5.523352,1
2046,908,58.718395,2
1158,2681,47.844803,0
2485,1978,99.487801,2
2113,350,39.974712,2
2143,2054,76.605911,2
2736,1771,76.158836,2
2237,1388,99.115028,2
981,1481,51.681572,2
311,2037,23.503338,2
98,2110,48.949997,0
1763,1226,16.508856,0
2144,641,77.514763,2
204,2616,7.720095,2
76,649,17.910007,2
161,2090,67.055916,2
1129,455,80.224670,1
143,2506,50.155567,0
265,638,37.952610,2
603,2737,98.717682,2
795,1558,17.173145,1
2035,1160,88.766068,2
221,2998,88.523911,1
2630,1294,94.971710,2
2816,410,23.249264,2
186,1091,80.399918,1
924,925,32.549068,1
1033,354,80.023232,0
842,1692,76.506981,2
1760,1068,22.331951,1
2797,1353,86.859146,2
2714,956,71.218826,2
2300,326,65.127243,0
2483,1865,8.721588,1
1118,2451,46.884628,2
2202,1418,34.677143,1
1780,1425,89.220810,2
1123,117,18.878952,2
2152,20,20.021976,0
1823,2161,45.831730,1
1496,1588,89.104904,2
1116,433,63.304531,2
579,2792,14.585656,0
953,1499,74.115822,2
2075,766,94.995338,1
291,2950,65.869942,2
1446,1257,96.290535,0
2282,773,19.962986,2
1833,585,50.666328,0
1028,386,17.761179,2
1146,1785,3.561612,0
1655,1107,47.637428,0
357,546,91.937355,1
1681,2728,27.215855,0
1801,1827,84.868813,2
1590,1883,62.579426,2
2530,2716,66.989258,2
2664,287,77.713081,2
2846,1536,10.723732,2
2,1790,41.196957,1
202,2875,83.684280,0
671,2958,34.462616,1
1113,1064,11.602207,1
2826,2248,9.718477,1
481,1397,50.298523,1
1960,220,72.589249,1
503,1812,33.058460,0
1458,2733,45.408287,2
2154,1850,35.366463,2
2381,389,0.119787,2
907,2443,67.483849,1
1830,371,72.774132,2
1849,872,17.373787,2
2329,2029,13.052190,2
2341,2959,52.785973,0
490,2630,58.627991,2
1074,2263,25.821657,1
1979,599,9.279902,2
2562,2024,36.024277,2
1860,1984,44.759930,1
2298,2526,54.070309,0
1364,833,42.699928,1
478,1812,66.771179,0
2401,751,23.344057,0
1231,2899,15.463918,0
1983,2539,28.306625,2
2143,2783,37.495903,2
2993,2701,44.271648,2
2759,446,71.251541,0
1051,1370,86.624405,2
2117,218,74.301392,0
2281,2470,78.319054,1
2623,1972,59.607529,2
1509,1691,11.601712,1
838,2435,34.469685,1
507,2731,84.719948,0
517,2361,83.388680,1
2632,1491,43.408958,2
1318,2508,73.863930,2
2681,2573,14.880837,2
546,258,73.569351,1
1792,225,32.416302,1
1654,530,52.572823,1
2952,446,93.542763,1
2860,215,17.074734,0
1388,2623,79.717941,2
2686,1499,80.399918,1
1473,624,33.520180,2
142,1741,63.523014,2
491,178,71.312691,0
2930,577,90.523735,1
1235,783,73.547508,0
1004,315,47.741962,2
2808,979,74.874222,1
2555,1504,58.087505,1
1007,1506,13.090407,0
1280,553,50.904755,2
506,99,41.466553,2
788,798,95.889946,2
961,1149,85.552902,1
1566,1762,39.783993,2
930,650,61.812645,1
969,2630,73.835129,2
2823,991,27.779085,2
1860,2326,15.017796,0
1013,2517,99.893646,2
2645,1471,21.539881,2
2341,1377,57.279800,1
466,2643,63.329590,1
710,921,2.197548,1
2506,2042,89.130630,2
220,2768,91.908325,1
1782,634,9.232752,0
97,1521,72.822662,2
2518,691,73.272049,2
2702,1458,2.804269,2
281,2506,48.410515,2
2022,476,6.777801,2
1112,1343,29.517483,2
2148,2921,42.409271,2
1394,651,64.813667,1
620,961,86.537231,0
1093,315,74.495651,1
2834,2090,92.577072,2
2430,1416,28.783838,2
1261,1064,10.486512,2
964,2952,89.417824,2
275,2935,93.039474,2
2143,1913,56.601189,2
2197,457,95.805351,2
63,361,36.200348,2
535,2542,39.573135,0
173,1831,77.442940,2
161,303,4.886264,2
466,2225,43.841293,1
2942,2520,40.131672,2
1687,59,87.366219,2
1633,1625,86.661636,2
2583,1325,99.784172,2
1827,2320,50.135071,2
2439,1616,39.783695,2
1334,1579,63.694572,2
2773,481,12.165791,1
1140,2867,39.195644,2
2490,1553,51.873356,1
367,1164,73.399010,0
1232,384,89.125580,1
2846,863,20.269583,2
244,2267,72.361259,1
1423,535,25.583141,1
163,2348,68.604424,2
2941,16,25.149582,2
1909,41,35.493118,2
1422,2174,28.115938,1
249,1833,60.581142,2
978,1762,55.910313,0
2735,117,27.634634,1
741,2350,49.418331,0
960,1891,30.424091,1
429,1207,61.291504,1
1296,1289,5.265242,2
1945,1210,96.674637,2
1796,878,27.706699,1
982,418,96.805672,2
835,1938,77.312302,0
2162,328,37.276810,0
2581,723,40.431114,2
497,204,46.286362,1
1372,879,35.701008,1
1909,997,10.521204,1
2492,463,13.181218,1
1106,2118,82.415939,2
494,1176,25.859587,2
2752,582,39.292492,0
683,2929,51.376270,0
1274,2118,25.043816,1
1627,117,52.706573,1
2902,2726,98.217377,1
1263,1878,36.723351,0
1471,334,48.046940,2
1472,1210,16.814188,2
2337,2244,71.652260,2
1746,1456,22.750429,2
1726,463,60.459827,2
1421,1696,34.248371,2
1717,2538,3.773638,2
816,728,26.064432,2
512,1846,17.437447,1
1174,1794,73.086525,1
1383,2487,41.366608,0
129,798,62.064342,2
2450,2696,46.203011,2
1348,931,45.388557,1
479,2083,27.458073,2
2568,263,95.680443,2
150,2458,92.540413,2
617,314,73.020821,0
1933,2467,10.552086,1
631,2407,4.567824,2
2167,1081,87.157745,0
934,2680,60.091839,0
2699,248,5.155316,0
2924,1259,64.136429,1
2058,2406,22.517513,2
1097,2859,60.381161,2
2745,428,56.756283,2
2773,142,39.196754,1
1004,21,95.208649,2
791,578,77.596199,2
2909,1588,41.082523,2
109,2685,21.718073,1
2670,2200,0.368441,2
1189,1427,90.938850,2
142,1188,80.677246,2
1443,1705,0.514353,2
1225,2876,55.657364,2
230,295,56.576839,2
414,325,38.847141,2
1856,2118,67.629242,0
1406,1174,32.443775,2
1421,2502,48.036903,0
2188,1490,87.450592,1
2804,601,57.792053,1
1248,946,1.209183,0
2559,1177,89.357002,2
2656,1620,84.964607,0
1223,70,24.142174,0
24,1118,27.392963,2
802,1215,45.695671,1
2417,667,96.615730,1
431,2244,38.564411,2
1385,174,28.045984,0
1574,2223,22.663591,2
2545,851,20.808668,2
1643,2636,21.507042,0
1462,1777,38.937813,2
2534,158,25.304735,2
734,23,68.420944,2
270,1875,56.632511,0
1324,1398,83.169556,2
1905,2264,17.621069,1
30,1176,35.035103,1
26,2816,73.922241,0
2833,755,92.271240,2
2420,2672,78.049263,2
2358,2374,48.421467,1
144,264,76.368996,2
2304,467,1.602156,1
2605,1518,28.161255,2
2164,321,1.111817,0
1955,2017,14.497504,0
651,2861,71.094673,2
818,911,75.735283,0
1835,1315,9.097060,1
2646,2243,69.877182,2
2651,1082,27.588625,2
2344,1021,24.970463,2
1102,1500,13.258289,0
1909,1530,59.055988,1
2391,224,23.219404,2
1413,897,62.986069,2
2477,1310,43.648335,0
502,364,43.477421,2
1973,431,22.670835,0
2451,1707,40.782352,2
1361,106,13.641468,0
2523,274,79.961250,2
1322,1621,42.351414,2
1458,1561,84.848495,0
1622,2848,6.492427,0
1119,2845,69.823364,0
2045,316,35.818275,1
1630,3,51.922184,1
1411,2361,94.741318,0
2486,49,12.502294,1
13,2520,24.935162,2
2169,1958,5.879228,2
1287,2063,74.691803,2
2468,2344,21.290964,0
730,2468,0.558581,2
1847,1334,51.174393,2
436,1707,36.490250,0
292,1325,51.894142,2
1675,817,27.229563,2
158,368,48.431782,2
1727,159,88.233276,1
2937,338,66.572624,2
1384,2629,46.223942,1
2900,2534,5.477223,0
1457,149,45.648727,2
2861,1181,86.239769,2
889,870,75.888008,1
1913,181,69.036858,0
1383,1287,74.442009,2
2469,1133,18.055380,2
2356,2084,63.990097,1
1271,2688,64.026802,1
1848,1524,27.541225,2
2053,2899,19.855431,1
1768,2328,9.787394,2
1002,1582,37.921734,2
1998,1869,55.133083,1
1167,474,78.997894,0
688,1640,96.579613,1
366,1948,74.008812,0
1855,2146,43.914845,2
2196,1536,58.973087,2
655,1805,52.682159,2
1460,2934,19.606600,1
2281,2653,16.743134,2
2820,228,11.050099,0
2707,2557,12.780717,0
1153,2995,63.594444,2
2382,2452,66.657661,2
2424,714,96.132332,2
1629,1147,81.991447,2
2648,1134,42.800632,2
1119,1457,47.006413,2
307,834,53.243195,1
748,2745,24.719662,1
1650,1820,74.115761,0
2927,2751,93.936295,0
555,2813,54.408466,1
1618,374,36.582699,1
1201,1053,53.322987,2
2904,2889,55.064186,1
417,930,74.062256,1
1617,2695,6.164658,0
2053,1579,90.056465,2
1366,1686,5.665700,1
913,2228,43.145264,1
307,1381,86.481628,2
2627,1304,24.815250,0
2198,1535,66.883125,0
1855,914,24.774506,0
1120,1390,79.171165,1
2867,98,11.512323,2
1229,316,99.892517,2
130,2210,1.105445,0
2001,2994,55.405186,1
760,1461,19.466137,1
2995,401,86.993637,0
2582,529,48.146065,1
2248,1460,7.489573,1
456,364,75.888008,2
1631,1949,42.956306,0
455,1846,90.396713,0
1757,2828,84.672958,1
391,898,18.636660,1
2090,281,18.465179,2
2687,1762,91.981499,2
1121,1256,12.079206,1
319,321,24.779182,2
1759,2485,23.865429,1
1293,688,5.628022,0
2326,1390,73.793716,0
833,884,28.411137,1
2696,2132,15.539603,2
356,2010,91.064316,0
2028,1508,68.753960,1
1966,2391,46.730164,2
2133,2213,61.011459,0
2892,2608,53.017662,1
2343,878,20.659922,2
641,1736,22.428827,2
2556,2009,1.431515,2
356,1985,81.436150,2
1018,1909,45.277836,1
1685,2084,25.151684,1
1121,1995,78.928925,0
2583,931,28.574318,1
512,2042,95.538383,1
524,1742,92.790863,0
1728,1734,67.877747,0
248,1968,80.049133,1
2821,969,18.152689,0
984,138,14.068144,2
919,1223,55.953701,2
2940,1444,39.254807,2
2302,1021,75.648697,2
1305,2782,35.314411,2
1119,2692,27.697216,2
2932,2451,61.559391,0
517,2893,63.853634,1
2708,2321,6.731661,1
2771,581,99.948341,1
1993,208,85.850601,2
2953,233,84.344231,2
93,1731,98.055359,1
490,1328,64.410645,0
892,93,32.549068,1
968,240,90.759171,0
613,2700,34.667961,0
2368,1915,75.141220,2
1150,2454,4.980056,1
2168,2561,87.243973,2
1180,2764,79.439575,0
2440,1191,58.109798,0
2112,3,2.395983,1
2125,1795,24.283850,2
1150,1248,17.192139,0
2343,1074,36.272842,0
2071,1646,90.193527,2
2928,2015,88.972778,1
278,754,22.211710,2
1610,1015,98.219734,2
287,1535,31.700558,2
2639,1253,31.006975,0
2071,1548,23.710659,1
1463,1237,74.074600,0
240,1360,78.826729,2
2119,2070,35.437271,2
1119,286,49.838924,2
1169,847,86.579544,2
792,389,95.013542,2
1458,229,74.152084,2
1077,1375,42.265453,1
1001,1140,73.798248,0
264,2328,14.962556,2
758,289,53.823997,2
1598,762,97.012527,2
2584,1416,15.415354,2
431,1374,5.057173,0
1479,2385,3.861725,2
2176,2726,94.981438,1
669,2342,71.710503,1
1271,1598,60.328239,2
2217,37,83.915237,1
2510,1513,39.934235,2
1637,2823,33.137230,1
2905,1723,56.874451,2
281,2444,39.117615,2
2311,1666,50.511066,2
2481,2551,34.886330,1
1347,1959,91.268539,2
2568,735,36.911385,2
2425,1902,68.840637,2
911,1952,64.397293,1
2245,2892,74.383865,2
2211,2631,82.674416,0
1297,138,50.359657,1
2510,2697,86.419876,0
1208,200,78.904686,2
1063,104,59.872150,1
320,2212,15.684333,1
1889,114,9.305508,2
2411,1735,24.442638,2
235,145,49.977520,0
801,1556,40.660030,2
690,753,91.197479,0
1780,310,3.371565,2
1090,1548,10.760171,2
1977,2059,11.692192,2
1210,1748,97.211121,1
2080,2919,42.900776,2
1206,2317,96.222816,1
1015,1891,66.119026,1
2046,1021,16.418774,0
1366,2520,0.370863,2
2685,2391,79.204430,2
1782,975,8.912480,2
422,2951,51.294029,2
22,201,94.049629,1
2795,2358,5.375534,0
673,765,86.871437,2
1462,2012,50.740395,0
1445,40,60.006012,0
2300,159,28.184984,2
191,185,53.311283,1
1082,1600,84.275848,2
1690,2181,57.941589,2
2604,122,69.168594,1
2531,1450,54.667938,2
628,501,28.163332,2
2923,1348,51.054611,2
1130,1568,49.728996,0
1126,1096,43.756729,2
1794,2335,69.538811,2
1702,1780,26.932531,1
490,2245,24.238255,1
2130,1877,17.548325,2
387,1912,89.183937,2
2416,808,81.873260,1
2542,953,55.819241,1
1869,824,7.369416,1
2120,2051,8.776044,0
2135,2729,34.438190,0
369,2288,84.715256,2
2446,984,91.918030,2
2279,1150,78.372124,2
1614,1750,35.784534,1
2308,780,55.917885,2
1935,1226,2.463741,2
2965,2920,39.323261,2
292,2715,64.818298,2
2037,2277,24.371227,0
2506,2508,45.712940,2
663,773,18.306877,2
1264,77,65.558945,0
2404,96,24.728964,1
1235,2001,74.805756,0
1754,750,98.897675,0
2702,682,93.401421,0
900,2956,66.414742,2
1499,2765,26.236887,1
2426,279,18.066961,0
1643,2494,16.003252,0
2499,927,79.620384,2
2473,1941,7.260763,2
2602,829,53.451752,0
2579,1807,72.375580,1
1174,1280,19.872530,2
2554,19,20.975662,1
791,2946,76.435036,0
606,345,8.544569,0
2276,2646,51.560799,1
1438,2185,84.878235,2
487,664,94.706543,0
887,314,9.279902,2
178,2618,42.856476,0
2793,255,84.757355,2
974,2455,56.172543,2
2822,532,12.667090,0
2934,2050,20.195175,1
2982,2988,51.284100,0
1763,1319,99.437645,0
2410,1570,89.486519,0
2922,807,7.567709,0
27,2577,22.830685,0
1202,1861,5.882182,2
710,710,77.244713,1
2121,803,43.932213,0
918,2027,45.353161,1
2649,1272,63.400135,2
1100,2795,71.046448,2
727,2698,89.868637,0
1141,1616,10.338080,2
2407,1236,15.539603,0
396,734,60.719139,0
893,633,31.448370,1
2537,1182,81.249046,2
2685,1741,76.717491,2
1660,2489,94.793251,1
1548,1648,74.915489,2
1099,2091,85.857468,1
2308,517,82.355721,2
1531,1639,27.129433,2
1959,853,20.430700,2
725,611,20.636353,2
895,2193,16.359053,2
2334,496,89.027649,0
1706,2499,99.597694,0
407,1390,3.533724,1
827,2238,73.332016,2
540,654,37.301044,1
1265,450,65.433723,1
1434,2599,28.446396,1
2955,1162,33.754456,2
2335,379,90.487099,1
779,2379,22.235138,0
2654,2955,74.622536,0
2686,2616,42.178997,1
614,2740,85.012733,1
2194,786,34.542809,2
2129,955,56.543552,2
2688,1998,24.613750,0
2308,214,25.317995,0
2359,743,43.225456,2
405,438,4.160926,1
1532,953,24.391045,2
792,2552,95.293411,2
752,2454,56.156052,2
852,2367,87.968376,2
1808,2929,93.998779,2
676,1381,14.319390,2
2145,2559,9.290711,2
777,1899,82.244606,1
906,516,80.112854,2
2506,819,43.695610,1
2052,1192,92.581444,2
30,1793,45.377327,2
2373,1527,48.811119,2
2994,1956,28.541510,1
1524,2307,32.282993,0
2634,503,96.833107,0
1562,292,98.405510,0
2399,1827,44.832550,0
2433,2455,22.617254,2
1126,1576,91.025749,0
1237,1849,69.313324,0
150,2852,55.601776,1
1787,1641,28.100872,1
2886,570,23.722944,2
2477,2739,39.111435,2
299,822,9.817656,2
64,1113,7.069419,2
1150,1109,24.794128,2
64,1776,93.726601,2
1941,2964,31.830542,2
749,2758,78.897827,0
2502,2227,81.552986,1
2836,2248,56.874451,1
1584,2663,67.148849,2
588,1695,70.314270,1
2791,2801,63.400753,1
42,884,42.080299,1
1346,1743,88.985115,1
2955,2593,69.071808,0
806,322,90.789749,2
1352,1342,29.366522,0
1895,2468,75.118370,2
220,353,76.218811,2
981,2024,83.918106,2
2437,680,83.227470,1
2364,746,48.629436,0
2938,1885,56.942974,1
1555,1352,49.092026,1
1751,1485,88.133430,1
2966,2953,73.583549,2
790,2132,13.645214,2
2493,1058,84.576111,2
1098,1706,40.646950,0
868,395,85.114838,1
632,1145,84.887093,1
1702,2064,69.141953,1
2037,1647,79.488518,2
1899,1094,28.974386,1
2033,35,60.082737,2
1798,1215,0.657350,2
2142,677,69.635994,2
2161,2612,24.012785,0
2545,411,79.901382,1
295,568,21.541231,2
1624,1809,6.550284,2
2441,1160,12.831359,1
2801,523,3.891242,0
879,51,97.482887,2
968,2941,97.366325,2
1861,790,50.607407,0
990,2293,86.891785,1
2468,1154,14.452728,2
1284,828,41.728325,0
132,509,61.468494,1
908,773,42.088749,2
2367,1153,50.242523,0
2946,2146,67.252777,2
1247,74,91.401535,0
1491,2437,79.690071,2
2987,596,58.994884,1
2642,535,37.401333,2
2537,1810,24.077721,1
781,1628,14.203536,2
2380,2975,67.171356,2
916,413,64.878777,2
469,892,22.617254,2
2596,390,66.192863,2
1024,417,56.811527,0
911,202,82.755531,0
1709,2507,59.265205,0
1773,145,33.278252,0
147,1864,55.423920,2
575,2293,40.107548,1
2408,1391,14.107451,2
2449,1195,46.190044,2
61,2724,74.126648,2
2618,1854,33.335674,2
1372,2262,44.822437,2
1019,2879,51.515015,1
1323,129,43.382450,2
2815,2054,22.757202,0
2190,2645,79.328979,2
1334,1856,47.366199,0
2249,410,42.357269,2
1379,2599,90.993774,1
1155,2548,22.847088,1
951,2097,22.891903,2
1759,1871,92.005577,2
1940,1327,21.443613,0
2964,769,43.394836,2
1198,1625,4.900997,2
2280,2026,96.327415,2
1223,1315,90.310081,1
1686,763,63.458466,1
1174,389,15.478837,2
1609,2901,16.119123,2
2842,1116,77.292465,2
2771,2492,95.007721,2
2993,434,9.851480,2
324,2918,26.881433,2
714,2643,9.381615,2
882,1204,98.317146,2
1250,947,9.656019,0
2661,418,0.660514,0
165,2752,98.609634,1
1090,1322,36.662727,0
2464,2651,98.712395,1
2987,149,40.699543,2
1863,1610,89.976501,0
2451,1584,23.654406,2
1561,230,13.372176,2
2842,1012,8.387151,2
7,1915,30.178337,0
1409,323,15.226353,2
2648,935,70.805267,2
2284,530,55.004166,0
1741,353,4.158639,2
361,1931,33.426167,1
971,2880,68.777908,1
2357,523,10.055173,2
2352,2762,58.351612,2
1780,343,39.814117,1
718,1791,67.267250,2
1426,501,60.834469,2
2793,2579,50.076481,1
657,64,63.680813,2
6,2766,61.075127,1
342,2509,32.450138,2
0,491,58.518932,2
297,1758,49.763012,1
2786,2834,84.316284,2
92,2358,58.489235,0
2154,482,57.365028,0
393,934,94.688377,0
2372,2928,26.621084,2
416,654,32.877972,1
2129,673,79.928680,0
1930,1376,22.534046,1
2613,2825,7.622152,1
2533,82,57.719250,0
338,1606,74.208435,0
194,600,50.637390,2
486,484,45.658421,2
689,947,8.735944,0
2557,1505,24.237591,0
753,2152,18.663265,0
797,131,52.985447,0
2334,449,10.542793,2
738,398,67.171051,0
1572,604,45.279343,2
2729,1317,68.721169,1
2542,505,80.876083,1
1655,776,47.780998,0
403,1940,31.271029,2
1264,866,39.710514,0
2423,1595,82.399521,1
84,2416,39.553535,0
1116,17,54.818359,1
230,135,49.530197,1
1398,1687,42.080299,2
862,47,68.938065,0
1119,962,10.893477,1
2934,2245,24.497917,1
1026,1658,50.612789,0
1166,1834,60.160248,2
1904,1797,76.679192,1
1584,2971,70.599815,0
489,2990,47.562096,2
1573,2115,72.347549,1
2499,1525,73.050194,1
2135,778,31.700558,1
2044,1610,22.631165,1
732,579,23.892496,1
119,1303,2.751149,2
2041,1752,11.646871,0
905,1857,19.109724,1
1646,672,42.007725,2
1023,992,31.770033,1
2038,1388,72.671768,2
2103,913,37.181065,2
2004,1509,66.845329,2
12,101,12.076091,2
1973,451,66.845085,2
199,1973,4.442314,2
632,2858,44.746162,2
2575,2083,44.001366,2
2026,2792,51.249786,1
2495,2153,41.295547,2
667,1258,91.154892,2
958,872,91.768265,1
1782,1905,21.654499,2
1633,2559,34.336430,2
313,2416,7.617727,1
684,339,4.077666,1
2722,2673,15.331999,2
1939,2233,88.761513,2
675,2200,11.027333,2
609,1016,84.309814,1
1833,2986,86.231178,1
2399,1818,33.079464,2
2115,725,82.489235,0
1554,1475,97.562317,1
1255,1653,94.659943,2
2957,1921,70.735367,0
688,799,21.405788,1
2413,2395,88.146530,2
2174,2540,41.820484,0
2037,1066,59.638184,1
1181,923,80.577248,1
2332,2774,7.975840,0
144,1750,88.146530,2
1428,2373,66.859940,1
1701,79,19.058968,0
2292,2516,40.453251,1
2377,1020,24.324120,0
2873,1898,6.599401,1
1277,1558,93.763756,1
647,2328,26.334669,2
2839,2385,80.279915,2
1736,2726,70.391060,1
184,1309,23.201006,0
2458,719,89.974449,1
871,2059,10.622281,2
1240,843,64.467117,0
401,1421,96.093048,2
1700,1347,14.310536,2
1570,518,89.664932,0
2997,597,37.359642,2
388,2367,40.646641,2
458,1516,10.529029,2
318,2068,64.872696,0
1104,509,13.300974,1
1555,2679,97.333626,2
1909,2072,73.020821,0
2237,2498,61.688972,0
2277,2988,83.227470,0
1656,2963,44.229145,2
1145,2943,74.025024,1
1427,2430,21.221312,2
1064,1664,8.752368,1
1590,2038,89.986099,1
700,1802,33.296322,2
1424,2946,76.443947,2
1991,1168,94.165161,2
1389,590,55.953701,0
282,1797,70.748039,1
2291,2026,43.832474,2
501,2234,1.688226,1
2142,507,54.902473,2
351,2941,44.170345,2
875,1247,99.888123,1
384,1252,34.596397,1
261,418,95.440765,2
1805,2876,27.224815,2
2373,970,34.118755,2
2421,1602,77.695045,2
1029,2357,69.024132,2
375,2177,42.171619,0
2299,2729,42.360012,0
846,459,38.152931,0
2154,2338,45.684834,1
2641,657,7.925398,2
1758,314,6.185478,2
436,2022,16.561901,2
1883,696,35.139469,2
1545,1506,41.218502,1
1019,89,39.265385,1
2608,2038,62.633808,2
1642,2857,43.716560,0
2910,2017,31.309992,0
880,400,30.385462,2
2276,1016,23.220896,1
1297,93,89.611137,1
969,2560,57.743198,2
1431,1743,30.559378,1
2134,1600,28.282845,2
1298,1376,55.499474,2
2560,2918,91.165070,2
59,553,15.888467,1
1663,2158,94.176361,2
2633,516,84.358116,2
1112,1421,27.817081,2
2524,2284,83.561668,2
2667,410,88.248695,0
2951,1220,17.317301,1
2123,132,60.226585,1
635,343,71.421516,1
632,345,24.230019,0
1314,2891,68.077835,1
2707,1996,15.249144,2
323,548,80.396255,1
2890,576,56.114731,2
1969,1872,16.120628,2
1505,1372,17.091640,1
925,1161,18.705969,2
846,1301,60.226585,1
1954,719,69.964157,0
1643,1598,90.759171,0
1219,2334,9.485726,0
889,2360,49.845154,0
2308,1186,69.469482,2
2212,2866,1.775907,2
180,1524,73.514389,2
418,1876,14.770783,0
2371,337,26.030310,0
1802,2663,78.289047,2
227,829,47.926308,2
1066,343,50.142189,0
62,2397,83.766884,1
856,28,84.966614,0
1952,162,63.058769,0
294,303,7.176227,2
1773,1985,92.713318,0
1794,2377,51.932133,2
1011,633,32.670410,2
2511,2420,23.988653,1
2460,2507,63.364616,0
1039,2273,28.608532,0
819,1722,81.032043,1
878,2788,82.784538,0
1044,1727,84.788773,1
2579,2534,90.302559,2
666,1949,24.869291,1
1352,2107,88.128799,1
179,2909,28.045984,2
1934,1507,76.311417,2
1607,1110,14.182799,2
2059,644,64.011978,2
2835,850,73.687302,0
2819,1688,46.466175,0
2926,239,58.324314,1
1145,14,1.460709,0
1672,2183,86.948502,2
2254,948,53.887482,1
1297,247,55.595356,1
2853,1780,17.840433,1
992,2639,29.486406,1
648,155,52.739086,2
2967,437,3.487569,0
2134,1852,10.209569,2
1115,674,11.086676,0
2037,676,6.009058,2
1596,2467,63.776131,2
1106,2604,16.601419,0
215,143,55.411652,0
636,1751,30.046743,1
1917,800,65.976868,2
339,1075,38.525757,0
2679,2896,42.195557,2
1267,593,17.382488,0
1478,2342,31.575993,1
1975,779,29.383627,0
83,235,62.802940,2
1300,2385,51.949585,1
1592,2668,82.020691,2
2065,1953,20.025774,1
28,385,71.860100,2
1674,1119,70.942139,1
638,106,90.730927,0
1966,1961,18.432890,1
1650,815,15.811352,0
2888,2974,6.392495,1
2550,1493,86.085480,2
1415,2959,23.097460,0
863,1217,49.454388,2
1695,912,55.731529,0
2347,1036,5.366768,1
24,2998,29.204050,1
1801,2146,29.016567,2
2735,1649,87.620117,0
1893,1193,30.317669,1
2058,2358,48.184471,0
1170,971,85.806747,2
2460,1070,32.442543,2
1471,2615,94.051483,0
1349,928,86.391914,1
1105,2990,63.191967,0
2975,643,4.035913,1
438,2033,85.351898,1
759,36,64.896919,0
2329,2176,85.654961,1
816,2486,47.366199,1
595,1191,30.768702,1
2644,2033,16.887724,1
1066,1445,94.009300,1
537,1329,51.278561,0
107,753,4.762094,1
1837,2032,49.038956,0
1604,2172,48.149433,2
2365,638,17.485550,0
1400,1464,49.977520,2
1179,2797,71.045822,2
318,1044,80.056015,1
747,2069,60.109173,2
643,564,13.439239,2
1362,1433,16.685968,1
2565,2256,4.010289,2
855,2717,41.991879,0
1218,1315,1.515091,0
66,2656,10.559250,2
836,678,2.347415,1
426,659,21.826918,0
2827,117,59.946743,1
2370,743,5.501989,0
1499,392,53.627987,0
454,1487,9.091221,2
118,35,92.939262,0
640,1518,77.136322,0
97,386,43.917084,2
1602,220,21.449045,1
542,1584,66.729073,1
1494,905,21.461437,0
968,2256,92.968163,2
495,469,9.436357,2
1869,1344,31.171568,1
2496,2202,41.033195,0
1174,1153,45.320465,2
1947,2837,72.689949,2
1057,2961,82.316177,1
221,1406,95.374138,2
689,1685,34.894958,1
1673,255,63.989296,1
1370,1248,18.253695,2
298,873,41.185989,2
2957,2650,61.450706,1
2491,2775,62.080990,2
947,1791,13.990106,0
1751,1838,75.296227,2
995,1363,88.488174,0
788,19,55.848984,2
1509,1521,69.099533,2
2858,730,65.083160,0
2178,1137,82.499352,0
2622,1153,30.930016,0
127,1934,22.372871,1
1104,2538,37.425419,2
1265,1415,36.129375,1
177,2802,32.201427,0
2330,1372,0.393969,2
160,1764,13.181721,2
520,2430,11.753811,2
966,2759,75.506615,0
610,531,18.518974,0
1131,1975,8.107538,2
172,1440,15.784708,0
885,1552,97.395287,2
2801,509,34.246525,1
866,171,99.155212,1
565,1768,12.704348,0
1151,2427,59.946743,2
2002,1748,35.398106,1
823,1918,20.571651,1
1075,956,69.270531,2
2664,2296,89.918709,2
1865,1323,14.448404,1
2517,975,24.719662,1
2441,129,70.748039,2
590,872,90.999176,2
2958,616,88.052994,1
2489,913,2.918174,2
2794,1218,54.056461,2
233,2237,35.339558,0
121,1550,18.759125,2
2787,1802,3.516572,2
141,396,97.008759,1
2219,71,25.548201,0
2428,2855,35.558681,2
1810,1543,17.523380,2
1290,2214,86.345894,2
1436,2706,64.592827,0
2541,936,27.330080,2
1853,2725,85.628639,0
2427,23,35.661278,2
42,800,68.418144,1
526,2766,46.349602,2
2388,1476,34.515583,0
2981,1223,15.951074,1
402,1988,13.431412,2
2434,2243,48.667435,2
2932,378,56.359463,2
2743,1025,12.063917,2
884,225,21.212341,0
1706,1585,70.430908,2
1515,1037,11.558845,1
71,21,87.011833,2
819,2045,82.452461,0
1603,788,1.773856,1
1640,1086,63.833233,1
840,1893,30.962812,1
1663,2173,51.693462,1
22,2755,5.856020,2
2676,1192,93.628349,2
1560,101,50.706379,1
2612,1362,44.294498,2
1331,1932,28.837807,2
2339,1229,41.506985,2
1460,2393,6.191244,2
2396,223,64.927849,2
2809,2018,94.577888,2
1151,1255,77.134926,0
2731,839,91.261642,1
1160,1358,48.680588,0
354,2568,76.961510,2
1435,1797,98.583649,2
1724,1728,83.580032,2
2810,942,30.470402,1
1394,2555,46.396698,2
64,1733,95.017876,0
2973,1333,4.916855,2
2206,1434,17.492371,2
2903,1935,61.882816,1
1665,2136,79.115364,0
2200,1510,96.898582,0
1478,295,25.227407,0
1580,341,11.939676,1
2489,421,6.271533,2
1377,2858,61.851711,1
1470,908,22.811213,2
814,2165,40.570236,0
913,381,84.390213,2
1757,1916,8.682478,2
1840,2778,10.732623,2
786,2808,48.114964,0
219,2167,18.959421,2
2901,1532,29.466177,1
1502,2643,24.213598,2
324,124,47.104641,0
765,2705,35.393532,1
215,1795,55.098545,2
881,43,75.840813,2
1367,1211,11.613864,2
312,1590,20.179949,1
1051,560,97.153625,0
294,457,44.454819,2
556,1171,0.750007,2
2001,2816,25.509012,1
751,2284,87.855301,1
10,2578,94.165161,1
347,1905,16.305084,2
2242,2592,14.228268,2
750,1518,17.534872,2
123,123,14.237378,2
2998,752,83.898384,1
2978,1586,62.905132,0
1503,2216,69.606621,2
1155,2885,85.571190,1
1953,497,8.776044,1
1764,1934,31.320133,0
2604,2671,44.900436,2
1803,338,75.235214,0
283,2207,89.351440,1
354,1752,15.392680,2
1039,1936,68.410034,1
1478,2551,88.896790,2
1770,1974,53.929348,2
68,2043,91.393288,2
375,823,93.603271,2
2405,2947,9.155665,0
1547,1464,44.684715,1
2650,258,2.833778,1
1376,599,75.728821,2
681,571,16.238922,1
1222,2674,42.313606,1
2044,1329,96.966438,2
2117,1039,83.685486,2
1158,2130,14.595153,2
1576,62,21.826571,2
2985,2192,72.430962,1
1626,2905,43.288956,1
1182,2627,28.808935,2
2248,440,52.573872,1
1979,1360,42.071712,0
2094,2928,85.591583,0
2589,2466,96.750763,0
2033,2988,63.359810,2
1525,571,48.873474,1
316,1858,65.911903,2
373,1602,66.073357,0
336,1052,1.156824,2
764,1603,92.271240,2
1373,2757,33.298592,2
329,1895,48.287891,1
2298,814,96.087730,2
2519,2392,11.333512,2
1684,1867,14.278773,0
427,1662,7.063044,2
2433,630,90.000999,2
1071,156,30.203438,2
2461,676,61.254951,2
826,620,46.852661,0
1051,2579,91.617424,0
2518,2878,96.656288,2
144,2487,93.578690,0
468,2520,76.477905,1
1221,196,47.784378,0
323,2076,97.587967,2
1307,2771,99.550308,1
2210,2420,89.232452,1
2833,524,66.518608,2
2813,512,64.837662,1
1927,1009,28.495163,2
1513,2133,88.012039,0
446,1678,51.630146,2
1290,1327,86.836967,2
2534,2562,48.046940,2
2119,535,66.139366,0
1239,1509,2.962072,0
171,344,76.487457,2
503,1748,34.709869,1
936,2490,64.993263,2
767,2848,24.100632,0
465,2432,7.292285,0
2337,502,34.053947,0
826,419,80.361824,0
2115,726,38.941177,1
968,476,44.627945,0
2087,1589,4.158639,2
2781,606,71.333366,0
1089,1843,89.567871,2
2384,312,51.008202,1
482,1446,93.578690,0
1258,762,41.872753,2
748,2376,81.179779,2
2310,537,93.728439,0
1376,1314,56.419765,2
1179,2185,62.574120,2
1093,2037,33.492462,0
701,1584,3.003730,2
2548,2625,17.630693,1
49,619,1.478570,1
2871,1912,53.238750,2
2463,2435,7.546217,1
2562,2714,77.134926,0
1940,867,25.651628,2
2465,455,51.726498,1
1113,613,3.561672,1
2649,1146,81.161537,0
865,1879,80.446861,1
818,337,56.014240,0
917,39,97.745415,2
2276,598,78.458214,0
1845,1703,42.257267,2
1906,91,25.651628,1
435,1278,61.155636,0
155,2745,51.393707,2
716,873,81.916588,0
41,1846,81.888809,0
1214,1835,25.754625,2
326,1575,6.486515,2
282,2799,55.001846,2
1174,1426,81.348862,2
69,208,9.322842,2
2972,2969,1.695234,2
849,1517,72.152046,2
398,2931,71.648308,2
775,1073,19.268736,2
2562,1783,98.317146,2
2461,701,71.697311,0
2216,1554,57.698273,2
391,296,0.857110,2
2458,1166,11.777366,2
600,1999,22.076414,0
2710,1465,1.102770,1
2903,2153,87.449638,1
2477,2210,40.326035,2
2769,2007,64.464882,0
538,1432,21.598513,2
1908,2732,8.200395,2
2410,107,70.393585,0
1300,51,22.631165,2
441,132,16.255842,2
793,971,94.788788,2
1797,2084,61.678677,1
2930,2219,85.115852,2
2431,1329,65.424644,2
2221,202,98.188057,2
1881,103,59.772224,1
1649,1836,41.632454,0
1724,553,27.038740,2
418,1616,39.991188,2
1846,1968,99.770760,2
516,1549,30.401850,2
366,730,14.365516,2
1767,515,35.487759,1
2006,631,10.732623,2
2541,1624,89.955528,0
1429,2943,59.947212,1
2285,37,13.042245,1
539,796,26.983833,0
1708,2610,79.609932,0
1392,1816,40.449116,0
1504,11,0.596938,2
538,2662,1.920740,1
1157,290,67.553123,1
1825,2412,34.781193,1
2873,1420,90.695763,0
2574,2311,0.825501,2
2600,2951,75.296684,2
716,1116,71.441811,2
1887,488,29.517483,2
1362,2227,52.411324,2
2150,1775,51.531364,1
1362,228,22.211334,2
720,2456,73.332642,2
408,2540,80.267570,0
2630,686,80.459328,2
332,13,36.840523,2
1634,1496,32.414455,1
755,816,7.415883,1
649,2061,34.352303,1
523,1856,31.498293,2
1474,1147,70.510612,0
822,885,55.151882,2
2527,2509,91.724426,2
1550,160,27.050745,2
1214,2627,1.009190,2
1483,2045,93.084976,1
1689,599,39.399216,1
339,2564,55.193619,0
1645,623,19.556549,1
2825,1726,25.008564,1
2202,2731,70.218910,1
391,2384,15.197894,2
1803,2684,26.173403,2
232,2890,68.420944,2
452,2062,65.078293,1
279,698,79.073715,2
598,2910,30.178337,0
2732,2109,62.348022,1
1150,326,69.479004,2
1003,1659,34.560337,2
2896,1094,32.197445,0
1534,1062,27.403036,1
36,2932,45.495495,0
2277,1513,3.664427,1
1936,432,43.403599,2
949,2888,87.381889,2
1677,25,91.504593,2
2461,2622,78.076797,2
7,1572,30.441713,1
615,1328,59.946743,2
481,1440,31.464197,2
617,2438,36.049244,2
1443,1986,20.413885,2
657,813,49.574097,0
1397,2500,23.322161,2
1788,121,68.753960,2
2852,2125,55.847260,2
559,838,16.554220,1
2852,2959,89.941208,2
2732,1620,47.955856,0
2886,850,89.085487,0
884,1800,20.848658,0
986,403,45.399414,0
2725,123,0.315250,2
1638,2543,74.796928,1
530,376,9.257071,2
2212,797,11.388256,2
1802,1980,13.906569,2
73,2256,37.679417,2
1762,990,69.340408,2
783,2277,95.807587,2
1283,2314,33.083374,2
2536,2847,5.877271,1
375,757,34.297600,1
2892,2116,72.671768,1
117,1560,2.098740,1
2098,2192,84.418846,1
2682,2525,89.144897,2
1803,1705,97.029747,1
1777,1830,63.117493,0
251,2352,40.035301,2
2969,1525,53.883556,1
77,683,36.883919,0
1547,2398,72.363342,1
1074,2061,85.680214,1
1090,247,99.565521,1
501,2164,1.460709,0
1376,2568,4.498071,2
766,2004,22.076916,2
1654,2226,5.753348,2
186,70,93.077278,1
1031,1655,15.981846,0
2394,2848,12.105087,2
1440,33,65.444252,2
2534,2753,32.830189,2
604,1712,51.960754,2
2343,199,53.929348,2
2858,1764,29.814087,2
404,388,24.869692,1
270,1736,28.893074,1
2819,1736,93.307526,2
2333,2756,10.899053,1
2361,1613,73.900734,2
2570,689,16.418774,1
413,39,58.195747,2
1438,1365,49.643719,0
45,2237,52.572445,2
920,818,7.063044,1
1932,671,28.088633,1
2978,2248,12.038431,1
1994,1207,87.789215,1
619,370,88.867973,0
306,551,2.185759,2
2099,1525,77.391510,0
2653,726,76.574699,2
552,644,45.952686,2
858,1799,62.849503,0
123,311,96.901108,2
321,2783,12.424060,2
1965,416,28.219204,0
1912,2710,16.666847,2
108,2921,87.914352,2
1484,1620,3.180013,2
1352,2927,52.445747,0
2408,483,65.538254,0
2229,2680,81.724327,2
50,1985,7.723593,2
181,2854,69.973030,1
1436,854,6.868950,2
588,463,75.720695,1
806,1650,35.235214,0
2464,2150,95.928963,2
2556,2980,67.053848,2
724,2510,27.833563,0
446,84,89.508362,2
1219,1288,54.721977,2
67,279,13.124364,0
561,1790,94.165161,1
1635,1411,54.387146,2
819,829,84.934822,2
1539,204,78.552162,0
1008,253,63.244968,1
2797,936,8.951250,2
1003,2878,76.625275,2
2028,1466,47.374775,1
2897,224,13.269082,2
1835,2417,68.263939,0
1496,836,62.436287,2
2685,1721,37.919952,1
1389,1861,44.569996,2
2335,2060,61.875145,2
2205,314,33.382263,2
173,2370,92.265503,2
2654,2965,89.314369,2
1787,2831,33.768875,2
2689,2816,63.266678,2
2331,2765,80.772003,1
1807,2719,21.500427,2
2902,1485,17.680384,1
349,750,91.564957,2
1187,2123,35.445492,2
2568,913,75.703583,2
2563,2099,63.409752,2
2552,2335,77.439125,2
68,1057,86.621597,1
2780,983,59.232288,2
777,1096,32.923069,2
1281,2316,19.237700,1
2865,1801,49.168537,1
1637,2178,96.598053,2
2449,2224,86.421661,2
2002,153,70.298004,0
755,2221,72.036774,2
1401,700,83.116272,2
1005,2512,46.221737,2
969,226,23.606382,2
1460,1248,64.084747,0
1610,1108,25.710678,2
2471,2704,82.162308,1
2863,285,32.091457,0
1001,2983,99.899033,1
2820,1304,1.121128,2
1212,2897,88.927185,2
2986,1863,83.296242,1
2159,1908,94.746056,1
1320,1762,85.820885,2
2915,2696,44.155704,2
1977,470,55.287235,2
2716,2018,49.965130,1
171,1422,34.149254,0
1340,1087,61.667183,2
41,971,91.643257,2
2999,2094,97.424629,2
74,2706,26.807091,2
1451,2353,92.366821,2
2201,0,18.713036,2
1905,2139,81.186310,2
2847,2351,9.733371,1
1062,203,5.589146,1
1545,2097,28.491045,2
312,2362,84.418846,0
984,2694,31.575993,0
997,1356,32.542778,0
1324,297,7.369416,2
538,1332,63.725155,0
2862,2168,75.154305,0
486,2478,35.320976,2
1905,507,80.555168,2
1351,1179,61.230877,2
687,1792,52.881916,0
2345,812,14.964123,1
2923,38,57.547749,0
386,452,30.417662,2
1200,2059,82.858414,0
2638,2846,37.335777,2
1926,233,44.646393,2
2678,567,87.855186,2
774,1996,74.823387,0
2824,2297,19.125427,0
1677,1119,45.927925,1
2856,1781,97.889053,0
1545,336,37.697674,1
540,1520,23.181692,2
2845,1827,76.833252,0
1906,1000,15.520143,1
2282,1375,8.225175,2
189,2342,85.115852,0
120,470,52.771992,2
1383,2505,74.531364,1
1548,2976,97.384171,2
2492,2937,37.483322,2
343,1530,62.904736,1
86,228,95.349632,0
2078,1419,86.043861,1
244,2735,84.870697,2
614,2054,83.884331,2
2267,1252,79.094460,0
818,1348,71.487251,0
1249,1033,96.301552,1
1078,1604,12.037947,1
2440,983,51.588192,2
1816,847,54.721977,2
234,391,43.730408,2
255,2430,23.920591,2
1007,762,93.848976,2
2923,1203,74.973183,1
326,1999,13.346307,0
1648,2156,89.190872,1
1853,175,65.792847,1
1438,402,26.669365,2
2043,1417,8.490488,2
2579,1210,13.346307,1
1544,805,77.987961,1
2073,726,26.484451,2
1285,2457,92.746078,1
446,2281,81.269447,0
2407,2823,3.471730,2
1200,1179,63.616913,2
2682,2642,87.062325,0
1307,1144,46.227535,2
1661,1519,76.849678,0
687,1184,45.367664,2
2251,2946,65.263687,2
1483,403,90.002808,2
1241,771,11.355808,2
343,2485,24.917830,0
2950,2006,51.682678,2
1313,290,24.634571,1
1190,50,37.537983,0
758,147,40.439537,2
856,1286,47.102669,0
1377,2782,20.702900,2
2270,623,79.150230,2
316,2144,40.700634,1
542,2567,45.027046,1
2190,1259,8.008554,2
915,1368,11.486000,1
2156,454,96.093048,2
399,550,11.918101,1
356,49,43.641136,1
2759,21,25.791622,2
910,695,19.936239,2
2407,2462,84.841270,0
2532,2397,23.379181,1
17,1160,92.283653,2
2530,2563,22.644745,1
1600,436,4.321947,2
1479,2990,77.768173,2
724,838,56.094147,1
2525,1563,4.561412,2
2764,2765,86.566772,2
2175,1942,82.615883,2
547,1934,40.606209,2
945,1609,33.828373,2
2470,730,64.447044,2
744,92,98.945480,0
1731,2825,67.146873,2
188,1466,30.203438,1
256,1160,19.165833,1
2875,2106,63.140118,2
2060,572,92.811829,2
210,632,94.897942,2
524,2201,85.084366,2
10,1377,68.484673,1
271,1511,76.791687,2
1513,778,24.462194,0
990,1877,64.506660,2
2062,31,13.978473,2
705,156,93.600983,2
1619,2155,35.016212,2
1186,2743,23.032585,2
1599,1637,43.394836,2
2732,532,37.138412,2
472,552,98.182823,0
89,57,59.188690,1
2578,1262,62.714638,2
1435,2039,22.192799,2
1789,2866,8.781949,2
1330,323,26.363413,0
1618,128,36.045219,2
2069,1117,5.376963,2
1830,593,21.422604,2
1073,1087,42.222004,2
131,720,62.781212,0
2548,1911,52.046642,2
36,633,15.415354,2
1198,1080,64.571808,2
597,1854,58.478374,2
2695,995,16.180412,2
585,203,46.562592,1
690,970,16.446341,2
505,13,74.612701,2
1334,2449,32.545105,2
1459,248,29.200510,2
2314,1064,33.765488,2
906,21,87.985725,2
1292,2524,34.197620,1
2940,625,18.008965,1
121,1266,50.170700,2
476,704,74.533600,1
2392,1168,25.635126,2
2438,2373,98.820793,2
1898,2870,19.932550,2
2098,2776,33.366810,2
107,1602,78.354462,2
1175,2536,89.401138,2
2383,692,76.764046,0
761,2170,55.172550,2
1566,1946,44.222939,1
2027,1402,36.345745,2
2125,1549,95.760101,2
1762,193,0.339795,2
132,2232,63.568123,1
2604,1859,72.143791,2
1330,1452,95.159798,2
979,2693,49.763012,2
463,144,12.846248,2
338,1499,10.100341,1
2208,1125,60.225319,2
1025,1077,69.112610,0
350,99,47.281631,2
2118,454,76.382004,2
1375,58,23.799328,2
9,1190,90.588707,1
1346,2948,11.786837,2
984,180,10.150065,1
2427,1960,54.365101,1
113,634,60.179890,1
880,969,83.580032,0
1404,648,50.392586,0
2727,2494,29.466408,0
2412,1343,78.988853,0
520,2978,10.619831,0
2331,1468,56.008297,2
2451,2763,16.255566,2
1212,1416,90.915466,1
2126,2050,14.013073,0
357,472,13.306991,2
1682,2648,43.913082,2
2940,1840,61.654888,1
246,1264,12.495704,2
1930,904,78.904686,2
2634,2116,17.779520,1
105,566,99.045197,0
1795,13,2.879934,2
734,384,33.838707,1
1388,1726,21.646566,2
2213,1427,37.425766,2
81,219,91.931206,2
100,856,46.792870,0
1845,2689,3.864630,2
2217,2100,9.812605,2
1607,2122,41.732864,2
144,972,18.813139,1
150,1664,7.572547,2
2764,2949,31.547266,2
2120,2353,78.185318,2
2202,2484,46.422070,1
1843,1345,76.866333,2
2313,265,57.390125,0
2080,2138,94.009300,1
2130,545,78.150215,2
256,55,27.881977,2
1647,2907,20.342890,2
1920,1693,11.631301,2
795,2874,0.738226,2
1249,377,14.899194,0
403,450,6.350643,2
1325,670,50.494240,1
1106,1200,36.194572,2
292,1371,72.544266,1
2534,2676,69.168373,0
896,1048,21.190411,1
162,175,79.529831,2
278,784,2.915415,1
2253,1385,1.069618,1
2869,1990,86.794708,2
2019,1098,1.367316,1
2537,2341,58.994690,0
384,948,57.079571,1
2773,253,86.751091,2
2872,854,2.839651,0
405,2032,87.533653,1
2533,2269,24.318151,2
470,420,65.608536,2
2654,1921,39.280346,2
2524,2197,24.959896,0
2502,594,12.927173,2
1302,1126,97.017326,0
2588,2532,86.632156,0
20,203,34.028862,1
276,558,18.486425,1
1266,1644,81.532585,0
2558,508,21.914627,2
1308,2119,12.507436,2
2299,77,64.834084,1
1471,241,36.182789,2
1021,2160,30.498396,0
1765,2793,43.847134,1
2385,2052,83.768181,1
2333,406,62.416920,0
1279,2501,43.714226,1
301,961,46.951218,2
14,1304,56.701859,0
2622,2611,72.652725,1
2231,876,4.673932,2
1428,1170,5.610650,1
2358,1520,65.302559,1
2070,2374,0.592501,1
1904,2872,20.450373,2
2314,308,94.861130,1
1168,1361,80.903999,2
1703,415,67.085190,0
1714,1627,95.753525,2
2942,1629,19.812176,1
2631,1959,15.707908,2
1005,894,74.175194,1
2958,546,76.900986,1
909,2849,35.507935,2
1156,605,94.861130,1
1123,2042,46.478889,2
2874,1465,48.449612,1
117,2083,74.585915,1
2669,1604,80.710518,2
1368,435,38.434383,2
379,1360,84.964607,0
1744,58,81.684555,0
1062,2821,76.538315,2
459,2832,97.958092,2
503,2835,59.760998,1
2182,1763,74.824654,0
2441,2400,2.065657,1
431,1338,32.633846,1
2132,1133,14.431442,2
2206,1583,32.825306,1
575,1542,61.983807,2
388,1575,76.936287,0
1354,1912,90.349380,2
2467,1528,25.391809,2
1160,1885,12.747251,0
613,126,25.014462,0
1304,735,73.290215,2
1641,2225,42.646969,2
2666,788,40.498112,1
2271,2751,7.825916,1
1505,1173,42.007725,2
585,2944,85.358704,1
2099,328,84.103622,1
2800,1401,61.981529,2
563,2415,28.544344,0
2133,961,73.699303,0
1484,1988,91.784019,2
2963,2328,97.675819,2
2173,2230,97.374199,0
2711,601,53.701435,1
1607,449,46.782162,1
1233,686,56.135384,2
2481,1115,43.041031,0
709,2346,10.592547,2
2270,613,58.145264,0
899,2030,90.055626,0
316,2969,30.835407,2
2139,2896,66.429680,0
1568,984,8.495132,2
2541,2169,31.024427,2
2246,1019,12.813990,0
1697,1810,81.633987,1
598,2406,41.033195,0
1207,1579,24.885071,0
65,312,38.981323,1
1141,2201,9.229365,2
15,1612,66.838768,0
1763,367,12.631964,0
2749,2663,17.237822,2
2533,1718,73.356194,2
463,2703,61.265244,0
2858,158,79.117165,2
617,722,56.368767,2
243,2100,69.143623,0
1728,2919,82.981720,2
811,612,87.436409,2
2663,922,51.656082,1
2886,610,61.573921,2
715,1841,55.001846,2
2667,2888,64.396530,2
1856,2911,54.999706,1
1162,2975,55.410866,1
1736,1318,70.573486,2
474,2362,13.926993,2
171,2078,35.099400,1
2169,2128,32.462399,0
2670,2663,96.041832,0
2939,2468,7.621922,2
401,1192,17.670923,2
489,2134,29.969364,2
2687,1368,30.022173,1
1886,1188,97.240585,2
1336,49,63.833233,1
824,878,42.498196,0
2450,1691,9.314452,1
2874,386,57.113308,2
2098,1691,80.372406,1
2483,366,75.634346,1
2656,1069,68.095421,2
2411,2134,27.461901,2
553,989,90.218895,0
1712,1454,93.029381,0
786,2014,76.961510,1
109,963,53.015095,2
2836,2057,20.147318,2
2788,2895,87.288040,2
1414,2395,70.456017,2
333,2981,7.422130,1
507,1826,1.160053,2
1733,268,10.572846,1
1522,2775,54.133247,1
38,2439,55.402264,0
1244,575,94.391098,1
1298,1410,24.774664,2
899,2156,83.009933,1
1699,498,8.278837,2
2478,451,22.324886,2
1908,2464,75.816574,1
908,254,87.810898,1
606,2714,29.910404,2
619,2077,71.594673,2
1069,2121,2.228912,2
63,2368,7.175237,2
273,2109,85.944443,2
623,2988,95.433441,2
1632,2475,22.253353,1
1668,2339,30.950621,0
307,671,55.535080,2
858,2680,82.436043,0
1485,2085,40.670570,1
524,1369,63.634052,2
2175,2883,78.085876,0
1128,66,20.560932,1
2180,830,23.629288,1
2017,2758,7.706080,0
289,169,54.729244,0
1526,1660,91.115479,2
1381,162,9.069474,1
2617,424,58.548107,0
2893,960,94.147743,1
441,1467,90.046936,2
2085,1489,64.328514,2
1527,230,66.027054,2
1172,1805,93.259323,2
536,1798,53.319740,2
1368,2853,39.715870,0
2758,591,73.204193,2
2320,1957,0.246842,0
1262,2840,27.262453,1
1000,935,20.085323,2
913,1027,82.911903,2
12,2972,5.974481,2
954,2851,35.277615,2
2766,2006,36.298813,1
27,1477,23.211943,2
1952,771,93.450012,0
674,2914,34.514603,2
2571,474,77.013191,2
622,973,12.486586,1
2980,1859,93.604309,2
2514,184,78.159081,2
2325,1326,23.680048,2
1672,298,1.504336,2
2341,1908,59.795086,1
160,2113,93.542763,2
2448,2229,20.591547,1
1585,726,24.615887,1
1494,997,72.920784,0
1901,440,61.606258,2
2058,1351,36.103291,0
1345,851,43.827457,2
705,1941,95.616966,2
2515,338,42.165970,2
2298,422,81.544975,2
164,680,88.196419,2
438,1219,5.852183,2
599,1280,13.346307,2
2348,1908,62.246704,1
212,2061,40.595623,1
156,410,28.853418,2
916,764,47.579643,2
2336,902,41.714329,0
1155,234,45.670883,1
533,2349,20.566175,2
171,2829,66.157188,1
44,2301,73.551575,1
1135,906,47.845055,0
95,708,78.214973,1
1360,2263,12.507436,2
1513,143,68.218369,2
349,2205,43.308727,2
2677,1198,19.647877,1
673,2661,65.816696,2
587,38,85.071602,2
2125,431,86.025917,2
2775,1094,70.605988,0
2204,1533,3.005592,1
992,1866,84.103638,0
2692,2392,72.297623,2
903,2675,53.442719,0
645,2712,80.809273,1
1935,1456,99.212410,0
2620,1872,21.222065,2
509,1387,75.867706,0
859,109,42.940872,1
2726,2482,45.596443,1
2794,869,66.793503,2
2172,2554,43.808697,1
1762,890,89.373734,0
1649,1134,81.966377,1
2844,602,29.200443,2
514,1910,24.682724,2
1981,2388,5.240739,1
1398,552,80.359634,2
1361,2526,21.461437,1
1575,1879,62.939793,1
170,84,25.691990,2
2740,2400,98.860321,1
2905,2585,82.245117,1
1682,1369,19.606600,2
1001,2249,57.168316,1
1059,2890,33.659248,2
2954,1304,50.848976,0
1037,2793,88.326157,2
1147,2100,1.105445,2
738,2943,40.409145,1
62,182,31.464197,1
2518,2424,89.374107,1
863,2082,40.758774,1
2450,541,40.237434,2
2586,2832,15.357005,2
150,2667,98.733002,2
1862,528,1.986636,2
279,2064,49.967873,0
1239,2474,8.241304,1
2212,42,58.100811,2
441,2233,56.541500,2
964,1539,32.554180,0
1407,1763,13.347782,2
2792,2099,67.232544,2
912,1744,72.196999,1
965,1580,61.872490,2
328,844,58.547123,0
2653,2878,85.323418,0
1066,1954,33.754456,0
392,2880,54.278114,1
1614,348,2.899790,0
307,1639,61.516304,1
438,2141,17.280771,1
1385,568,71.308815,1
2389,849,33.622971,2
1054,910,53.587769,2
1959,2007,82.033150,2
1129,2841,78.671661,2
625,293,43.429672,1
1079,1093,88.008263,2
1034,2337,72.666649,2
2910,2342,70.573486,1
2486,423,17.495096,1
1618,2110,99.873413,2
586,1365,55.683739,2
593,1740,28.348648,2
474,1329,25.227407,2
594,765,20.957649,2
1931,1727,96.760834,2
2815,2796,64.509903,2
2337,2824,55.846848,2
299,2197,70.934669,1
14,200,39.353783,2
751,1782,91.017334,0
892,2922,44.202484,2
2959,15,39.545666,2
993,1227,83.023132,2
2461,2670,78.503693,2
95,1404,50.149612,2
2222,2656,62.416920,1
2428,2879,7.058826,1
1759,226,8.557149,0
356,1833,3.535596,0
2897,1018,23.488676,1
2950,2410,3.152299,0
1863,939,16.791594,2
355,446,76.453957,0
1971,66,85.193420,1
273,2145,72.919670,1
2007,1760,14.028875,2
190,2792,5.675858,0
2643,317,36.716251,0
181,2890,19.088320,0
2351,623,4.691988,2
773,2744,7.492584,2
2256,226,44.102608,2
1151,2216,72.747498,2
1322,18,64.516747,2
1340,1040,30.872711,2
886,2491,24.372122,2
2569,27,18.624712,2
2251,2732,25.447361,1
1628,1821,27.794880,2
2669,2934,3.050832,1
992,1511,78.479462,2
1569,1993,56.829956,2
2960,930,57.829411,1
2489,2422,4.997633,1
2005,1614,45.695671,0
2124,2480,62.516533,2
730,2617,25.635126,2
73,2071,9.616430,1
2865,2638,62.289890,1
684,2881,24.342707,2
578,355,39.249805,1
318,1363,37.037441,0
1692,2109,99.176422,1
1800,143,86.106049,0
14,9,57.698273,2
1414,52,24.043213,2
2512,2694,33.957130,1
2510,2428,1.620225,1
398,417,39.827896,1
557,1851,60.138096,0
930,823,0.364752,2
2333,1888,38.106117,2
1085,231,36.817085,2
325,1101,47.845093,2
388,1060,97.856506,1
1775,1596,35.864567,1
557,2158,99.503822,2
2871,637,97.304939,2
815,769,22.875355,2
2753,1096,19.406319,2
1641,1698,47.423882,2
2400,2411,27.959976,1
517,449,5.760937,0
1128,395,44.242302,2
364,2894,90.994507,0
1075,2982,99.200851,2
1021,775,85.774155,2
460,2558,63.740192,0
1775,575,8.038527,1
293,1547,83.807274,1
593,1304,63.220253,2
556,838,89.248245,0
2311,1237,48.554150,1
389,197,85.792900,2
2598,1832,58.460468,2
294,773,64.677605,0
2127,965,74.702339,1
408,1434,63.725853,2
195,1619,35.598370,1
898,283,85.145027,2
1355,2763,92.298050,2
377,428,14.469912,2
1605,748,89.749962,2
2042,2257,26.449230,0
2939,1971,39.726173,1
1540,2319,60.762051,2
2064,1734,56.540104,0
1703,131,74.998779,2
573,1014,88.710747,1
951,227,36.116520,1
1900,2392,96.277794,2
2047,227,65.194855,2
2426,433,10.044086,0
345,2997,67.299294,1
2786,2914,11.415709,2
1498,792,50.405441,2
585,1298,79.545692,0
723,691,84.217674,2
236,1802,40.556278,2
2635,2198,33.263214,0
1918,2346,45.179817,1
870,600,11.939676,0
749,1497,85.908829,1
2096,2388,39.209469,1
806,87,79.490013,2
162,1746,39.624950,1
52,1394,6.372639,0
382,409,34.740978,0
689,1207,7.388279,1
823,2271,0.415596,1
466,2128,67.147728,0
1415,2356,80.483109,0
1334,837,72.532784,1
327,1414,17.190081,2
1781,848,33.622971,2
524,483,64.797462,0
2610,1838,83.210457,2
1552,1150,5.994209,2
2205,800,15.280994,0
388,2800,89.112335,0
2636,1623,25.651628,0
2360,1891,61.598270,1
1159,1234,69.274551,2
2740,2187,46.478889,1
1315,2716,90.740852,2
513,80,34.054268,0
2714,1768,16.941704,2
2512,1913,67.288239,2
2460,746,98.291260,0
2898,2131,16.345375,1
2388,784,78.800980,2
1894,2412,51.859978,2
1141,2717,93.861107,1
2245,1128,1.998960,2
999,406,5.356198,1
958,2774,90.840126,1
207,2415,35.310356,2
2621,953,10.144550,2
1858,1755,38.254204,2
2986,1633,49.805065,2
1004,1103,70.676353,2
1906,1884,37.201801,1
1668,826,91.078644,0
405,368,88.752548,2
2919,826,85.108566,2
2756,1692,87.305191,0
2090,899,85.439636,2
2296,2295,68.442139,2
1574,1492,31.973833,0
1202,2,11.256060,2
274,205,81.558510,2
1881,2677,97.117294,0
1391,517,87.424896,2
2679,2842,65.139122,2
123,2121,32.610386,2
1830,797,96.082428,0
1466,952,48.238400,1
2569,576,15.103274,2
1973,803,28.640533,1
1548,2826,85.979988,2
2585,1274,10.935487,2
2408,463,29.526396,0
2595,2460,75.451790,0
367,2887,84.856483,2
1390,1528,67.023491,2
1984,659,78.292374,0
1902,995,92.319054,2
102,675,67.794800,2
2604,665,95.779999,0
1822,55,22.562820,2
2806,2622,32.024399,1
1209,1311,74.795029,2
2895,578,17.349432,2
2761,763,0.298941,1
303,1285,31.298664,2
2820,1639,77.766685,1
91,979,84.351967,2
1116,2914,83.708450,2
2307,1350,52.785973,0
1444,2069,71.133560,2
609,2243,95.405922,2
1926,2113,26.318546,0
2386,1167,76.218811,2
2500,2990,45.028496,2
2077,2052,51.216545,2
539,213,10.055173,2
1974,2061,64.351112,2
1402,343,32.818920,1
397,839,52.495621,1
429,364,57.375729,2
232,495,38.937813,0
2892,208,91.923538,1
1397,1624,79.235443,0
728,2366,43.612350,2
541,1685,22.830938,1
743,2999,66.292770,2
1281,1739,19.477112,2
2787,532,57.668915,2
2121,1089,92.286163,2
1176,1449,11.256060,1
2132,2052,84.004028,0
4,2615,98.773247,1
1116,2112,29.146454,1
616,1119,61.259670,2
703,1303,90.266243,2
1122,1575,7.561774,2
1589,1533,84.009247,1
2495,2626,83.806763,2
1127,2502,25.903860,1
2301,288,91.579460,1
2581,650,83.210457,2
2688,896,93.936295,1
1683,1772,40.316849,2
2528,2337,75.446625,2
861,332,19.697403,2
20,1275,35.600361,2
1808,2006,87.848427,2
2918,950,59.385860,2
2859,1034,76.928253,0
1475,1466,87.921371,2
231,618,62.899151,2
1181,212,96.803520,1
1403,2559,24.996712,0
1789,1175,30.424091,2
2537,1497,65.023735,0
2873,1503,13.466439,2
577,692,93.557442,2
2634,931,2.319230,1
631,1032,15.281713,2
2382,1721,95.538994,0
678,842,62.067013,2
1059,2735,13.085132,2
2151,2758,49.608925,2
2127,1245,68.677750,2
555,1915,49.021790,2
766,1071,29.237659,1
1780,494,31.175095,0
2278,2558,57.729893,0
661,1905,11.410429,1
2838,1714,70.950279,2
686,450,59.252865,0
2263,2265,94.607666,2
2758,2369,97.156830,2
2603,1163,5.857572,0
1259,807,82.998116,2
2350,1128,72.716835,1
2830,1931,32.450069,2
2259,94,6.458788,2
2028,2516,57.211529,2
2705,1983,80.478065,2
2121,2117,74.233215,2
2722,821,96.623161,2
2310,2280,3.152299,1
1534,1908,79.703911,1
2605,2095,65.097092,2
724,2520,6.783605,2
291,1415,39.111435,1
1316,570,29.947378,0
2165,2447,12.043243,0
1429,1109,16.800476,0
390,247,7.271240,1
731,516,63.668709,2
2672,47,31.997072,0
910,1892,11.202033,2
1144,1382,56.525585,1
2183,393,29.409702,0
943,2447,48.254513,2
2259,1954,9.538097,1
1273,2104,92.475868,1
1311,2311,49.360050,2
2323,299,48.630589,2
2943,2082,61.670399,1
535,1307,30.700914,2
2689,931,51.391380,1
2883,1417,64.163292,1
2151,794,26.833555,1
709,2692,79.882240,2
517,1536,56.926983,0
2906,233,33.111401,0
272,2835,57.259392,2
627,586,50.325916,1
2899,2900,16.143162,1
100,2004,86.492813,2
2350,512,40.237904,1
2215,2976,47.116360,2
1756,576,66.280182,2
1478,912,84.136765,1
1740,983,89.432030,0
223,2115,94.013573,2
642,1257,56.992710,2
1226,2744,12.876714,2
2406,442,94.841370,1
2247,36,28.612366,1
1342,599,32.520813,2
1021,1289,36.911636,1
396,185,88.963943,1
1983,2010,87.020973,2
2995,1632,94.510582,1
118,2461,82.490143,0
1346,459,5.974481,0
199,1862,77.074158,2
377,1272,56.530529,0
708,480,10.760171,0
2141,1183,42.354301,1
200,219,37.091805,2
2495,932,47.281631,2
2765,1083,59.188931,1
1898,751,18.619715,2
2658,626,14.427289,2
541,400,15.145380,2
1168,173,19.843760,0
2811,2066,69.339066,1
2967,1191,45.176273,1
584,2159,49.038956,1
2468,773,83.517982,2
1536,2293,10.732154,1
890,894,60.382427,1
2410,757,22.212421,1
1930,1076,82.099884,2
718,2833,83.459450,0
513,363,76.053146,0
1874,1358,89.505806,1
2399,267,56.362171,2
726,511,51.224930,1
461,1820,46.616821,2
1777,2515,64.073845,0
2014,274,31.079590,2
670,1157,23.750257,2
863,689,64.023293,2
604,2255,10.186129,0
256,2150,86.024704,2
1979,165,94.941628,0
1336,1049,96.212677,0
518,1747,42.548122,1
157,2597,41.934624,2
964,2383,65.261086,0
362,1920,31.712284,1
2171,1149,68.418144,1
370,426,51.138874,2
448,1110,69.036858,2
119,885,25.568634,2
853,2956,69.789291,1
1002,2045,63.564804,0
246,1919,24.336630,2
2834,2673,20.324581,0
2117,956,44.441292,0
1882,1815,91.804291,1
2124,2674,38.847141,2
186,1985,19.524210,2
1520,1053,20.432549,0
2882,2011,89.354485,2
2600,311,47.040905,2
1250,735,45.201466,2
1025,2587,74.088158,2
2967,558,89.747597,2
1250,616,23.340376,1
823,1006,10.704104,0
2893,1815,18.218180,0
1263,1173,59.135796,2
2005,1429,51.801491,1
1343,2645,82.774834,2
1769,1320,10.173779,1
1159,1653,91.002892,0
231,363,38.806477,2
1054,2292,30.519680,1
730,687,17.211546,2
854,1263,95.615166,0
735,2621,11.441464,0
114,1410,9.015481,2
2389,591,65.978149,2
277,2082,58.695461,1
1428,775,65.064781,2
331,2147,84.915283,2
1928,2091,62.970802,2
459,394,50.715893,2
1939,88,82.534782,2
1022,2449,35.496788,0
2348,1819,44.998970,2
2470,1306,91.927414,2
27,2531,87.311279,0
155,1423,22.196890,0
680,2688,40.700634,1
2110,116,95.108696,2
793,2901,31.144907,2
977,2032,39.814117,1
257,124,44.969322,0
823,149,26.161341,2
1514,130,23.862741,2
864,2145,87.268845,2
1071,990,47.741268,0
904,2803,43.166195,0
1370,2354,85.260864,2
1783,857,18.311890,1
416,2851,63.716881,2
1906,853,6.185478,2
1856,482,18.836489,2
1309,323,54.810890,0
2267,2530,5.640072,1
1257,969,71.836868,0
2697,1462,50.170700,2
454,1420,68.193550,1
1492,1241,54.951439,2
1287,306,57.599915,2
895,2896,29.012028,2
814,1073,10.732358,2
1842,2360,82.497604,1
2884,1364,53.311283,1
2110,1837,63.594444,2
2171,2094,40.964310,2
2226,364,2.503634,2
1445,2528,1.601984,0
2364,2297,7.271240,2
2717,1204,14.525204,2
744,2313,43.485954,2
1926,2435,37.163086,1
2605,114,11.491439,2
1808,1949,29.421719,2
2513,2267,5.780082,2
2012,1720,63.627754,2
1276,633,3.337145,0
49,1884,16.838543,1
675,2769,67.973564,0
2389,595,15.242146,2
2752,2692,84.103638,2
1573,2966,17.523380,2
1774,1561,84.236679,2
2218,651,26.800354,0
2773,1008,9.496525,1
54,1342,63.635338,1
1563,539,68.198044,0
831,463,33.951035,0
2184,1318,42.858273,2
262,2020,44.998970,0
1320,2010,77.453743,2
973,2110,15.715652,0
1664,1131,39.857403,2
1549,1878,91.530823,2
1424,1984,28.228971,1
1488,144,24.531759,2
1846,1112,54.433002,1
2702,2961,80.471436,2
864,901,58.617722,2
1882,2641,52.316292,2
848,2316,11.216331,2
2281,1910,56.239197,2
2549,1255,95.966568,1
2697,907,63.495674,2
2607,1936,31.826080,2
1288,1481,2.848649,0
2411,540,3.744951,1
1082,2367,23.689112,2
1527,924,21.946918,1
2119,2379,96.546417,2
1633,1413,81.616661,1
1452,2684,41.921745,0
1647,1460,14.493237,1
1793,1081,14.381414,2
2421,252,66.076042,0
747,2897,2.521596,2
120,1655,65.439560,0
216,1202,70.372986,0
2352,2344,87.896057,2
2351,302,43.630486,2
1394,1685,17.918001,0
1204,1247,12.816438,1
2069,346,7.747728,2
1201,1032,73.138855,0
1252,1614,86.706696,1
1706,856,16.316631,1
1617,483,24.715059,2
79,2834,69.152657,2
1805,2556,84.841270,1
1714,2408,28.654057,0
2218,2918,96.207130,0
506,900,89.042458,2
1404,1425,58.665092,2
76,802,49.431534,0
1455,684,47.921173,2
977,77,69.274551,2
1958,1780,87.810898,1
707,428,21.870119,0
1070,1598,68.970779,2
1639,1259,60.655762,0
2191,1362,56.569080,2
88,44,9.282701,2
541,2726,49.791695,1
1637,1809,95.410004,2
1006,1713,95.523331,2
2701,2224,80.903999,0
1421,2118,52.565548,2
793,2886,30.668530,0
2683,2644,94.192986,2
2714,1801,39.638691,1
2413,2582,59.980717,2
2216,2786,65.677559,2
2563,1775,8.392001,1
867,980,42.007725,0
2106,2944,65.439560,1
2345,383,17.781771,1
265,1131,5.201792,2
2367,1941,81.417297,2
1861,781,12.598581,1
1239,2739,89.351440,2
2424,1319,22.039732,0
2995,2793,41.817383,2
32,2980,34.022438,0
2392,242,30.792786,2
89,883,42.788651,2
475,1735,49.757591,0
2349,2393,31.899986,2
1407,2317,51.123501,1
2554,2698,99.069344,0
1823,262,19.205055,1
1097,479,68.541336,1
191,1924,52.566563,1
1443,1851,22.407745,1
1515,2974,6.635580,1
1684,1952,74.383865,1
1823,2682,3.424696,0
251,2687,40.616913,2
1161,2859,91.736038,2
1875,1088,93.995979,2
2242,1986,17.314419,2
144,741,5.775781,2
2506,917,99.569992,2
1955,870,73.528954,1
406,1080,15.998889,2
572,2408,27.175863,2
2069,2166,32.865795,2
2078,680,36.400391,1
2653,479,50.545460,1
2062,1445,8.765382,1
2093,2383,4.473349,0
66,173,68.372925,0
1054,2121,48.005257,2
510,2505,79.488518,0
1086,335,99.893646,2
1400,320,98.588051,0
50,1253,37.962330,1
2493,1929,1.931672,2
2376,2395,3.805369,2
1404,2855,86.646202,1
1892,670,65.269905,1
1804,1706,77.345802,0
1929,1207,1.201554,2
2814,2158,89.700684,0
19,2334,15.925968,2
2295,2065,90.236626,2
1769,1162,23.968552,0
2964,2837,64.928246,2
1455,981,69.175400,2
1359,2294,19.303236,1
2990,2149,74.474022,2
790,2754,47.336716,2
1540,1129,92.886276,2
1903,2038,29.883461,2
1051,1377,54.029572,1
1125,2804,66.429680,0
874,120,66.435822,2
2465,1499,56.698463,1
33,1972,9.983236,2
169,1991,75.000961,2
1838,2629,82.733116,2
2388,1315,14.305250,1
719,2421,43.577297,2
1750,1339,83.782700,2
2079,1405,89.672279,0
1354,1973,68.388435,2
1853,2230,27.649412,0
1132,244,86.135925,2
2134,462,24.344061,0
1770,1378,90.007263,2
2500,1331,90.342514,2
726,116,53.822544,2
2118,2243,61.492374,2
2252,2940,79.121742,0
2066,531,44.460098,2
261,1375,50.278522,1
2979,964,18.023203,0
888,2481,54.479782,1
373,445,33.022736,0
800,1280,33.780254,2
2432,716,93.770485,2
2961,1155,30.743868,2
2027,2514,32.549068,2
155,1059,48.049595,2
223,586,29.193945,1
336,1156,38.662735,1
736,337,19.052664,2
985,2514,79.949905,2
1522,204,74.783401,0
422,179,91.017334,2
637,508,54.899197,1
747,34,11.895922,0
2739,1207,52.624180,2
1643,2091,50.915424,2
2625,2073,45.908657,2
227,1474,91.511154,2
2118,2069,12.741140,0
506,2530,20.514210,0
1924,368,2.463741,2
860,2384,96.810463,1
1819,2111,3.971821,2
2053,2473,17.710283,2
2227,839,56.208847,1
362,1176,57.145817,1
1732,1796,51.346077,2
2659,1600,55.167351,2
1452,459,73.082306,2
2006,228,19.502901,0
1963,1580,70.426567,2
856,1852,15.179010,2
1851,2912,34.341011,0
2241,2001,78.190804,0
1014,1067,58.132008,1
2828,827,66.236015,2
1694,736,76.265663,1
1355,1061,44.195843,2
1773,654,4.044935,1
1684,1206,28.392056,1
1665,2424,95.766197,1
1762,845,74.373062,0
313,1817,43.935596,1
136,2489,97.812477,1
299,1376,54.646538,2
947,1649,19.542852,1
2932,2807,49.088264,1
1511,2144,27.665155,1
1375,2846,76.679390,2
1052,1446,36.888512,2
307,2581,58.862839,1
870,859,62.422596,0
2114,481,2.185759,1
1054,406,50.728741,1
1031,1505,19.314552,2
2818,261,67.483849,2
2123,75,62.532326,2
1148,633,76.768021,0
1673,1871,39.561333,2
1271,1088,46.870785,2
1031,2593,68.715340,0
1226,2986,35.525009,0
480,692,34.801903,2
1668,631,63.234585,2
2043,2684,95.622963,2
1518,641,54.394131,2
1611,358,97.285370,2
2727,592,78.905533,2
581,844,25.766928,1
579,1341,74.813194,0
2278,275,2.589925,2
2758,2639,33.993061,0
412,2697,77.568390,2
1626,713,90.246780,1
1294,1216,10.108772,2
995,1344,97.279373,1
2593,425,28.356228,0
2583,519,68.705688,1
1612,2350,70.145447,1
1589,2153,89.281769,2
410,1582,10.356472,2
2619,2231,26.362288,2
2146,1318,39.808052,2
1393,1900,22.224630,2
1912,2290,33.835613,2
1292,53,60.640400,1
856,2920,43.970089,1
1006,2083,19.419039,1
2680,588,7.726513,1
863,1149,71.467575,1
2351,195,28.257320,2
2332,1056,89.912476,2
2534,2103,43.436714,0
1349,2175,70.843231,2
855,2080,18.619715,2
1411,518,9.659492,0
1871,2789,91.161987,0
1744,140,28.573383,1
1423,2619,18.215014,2
2671,545,67.035042,2
1977,257,90.309944,0
2308,1668,26.671513,0
365,2273,84.539154,2
2111,1445,14.845616,1
1329,88,71.222427,2
1761,2204,43.737942,2
2955,1664,24.098219,2
1215,2898,9.436320,1
1008,2714,48.011055,2
823,2617,24.771812,2
1145,1546,2.741621,0
889,557,79.545692,1
1411,691,29.587605,2
1898,2827,20.891184,2
1809,2197,57.906784,1
2156,2040,22.337072,1
394,850,52.398804,1
2148,2121,83.784256,2
60,822,72.473663,2
866,1213,52.077694,0
2615,1787,34.507633,1
2032,859,51.871658,0
1453,2879,85.979988,1
1864,41,33.241776,1
1657,623,89.729500,2
2540,2455,34.594086,2
1520,2402,38.696396,1
1469,464,77.550705,2
115,110,20.997595,2
1656,1864,70.964714,2
2798,1024,79.201851,2
2277,2882,25.735184,2
2103,1349,14.127222,2
1791,643,47.495041,1
991,101,15.085676,2
2099,2812,40.328518,2
1699,2114,79.912186,0
1248,44,62.113758,1
380,1654,58.750877,0
2091,1964,80.596123,2
2983,264,38.278866,2
2228,2395,57.168316,2
2833,414,88.712242,2
868,342,49.205963,0
1485,419,78.190804,1
1125,908,42.107811,0
456,1709,43.589283,2
1588,1201,98.536682,2
2657,443,91.010666,2
1846,312,19.830961,2
1821,2838,42.788101,2
366,545,18.894035,2
2681,1132,27.592443,1
1082,2962,79.284286,2
1368,2943,32.556892,0
2347,1452,75.780769,2
1733,28,46.221737,0
1973,2920,20.502958,2
2508,2909,70.197197,0
1874,2005,71.738319,1
1087,2873,19.494593,2
1976,2350,63.298931,1
916,1468,98.477943,2
2132,717,32.719334,1
387,1702,83.252731,0
1385,2828,29.901989,2
2178,31,50.665268,2
716,2882,54.243530,2
2348,178,55.781376,2
2184,2752,0.930795,1
1881,2246,47.090992,2
2560,286,38.507992,2
1649,593,41.577755,2
1257,1982,55.766438,1
2923,2588,18.813139,1
540,1622,61.729099,2
1400,1691,29.170898,1
885,2648,77.394600,2
2768,2201,42.549927,0
1335,1029,35.598816,2
2328,2356,46.331875,1
2264,1838,92.936516,2
1262,426,96.345413,0
1654,646,90.466080,2
1845,2642,38.516232,1
1136,1126,67.282669,0
1970,349,77.782486,2
812,2176,40.173359,1
915,1160,31.898977,0
262,1749,29.562475,1
1746,719,38.483921,1
1523,371,10.893477,0
2905,2191,44.745590,1
1291,808,64.571686,2
451,53,90.217606,0
2738,468,69.186798,2
69,1446,49.896633,2
1209,699,27.946785,1
881,313,4.473349,1
1164,1351,95.307106,2
2389,577,32.710533,1
2469,45,26.066864,2
2299,1488,29.197315,2
177,1514,14.506549,2
2818,1938,2.794315,2
2865,450,92.537750,1
1709,1092,92.352570,1
2346,1461,90.380447,2
2908,2936,99.129089,1
1151,1754,66.879547,2
875,2622,15.700747,2
2868,1072,45.590698,2
2730,1413,73.419060,2
567,1544,74.333084,2
2457,1317,75.322220,1
1724,30,78.864578,2
2254,2002,22.900942,1
2648,1044,36.608196,1
1738,454,6.271842,1
1306,1873,65.457359,2
780,3,40.604580,1
296,2452,45.871738,2
1286,852,30.080212,2
368,212,87.985725,1
480,2839,69.734734,0
1308,1007,8.544569,2
2833,486,16.871014,0
349,1963,37.847408,2
1292,20,73.424721,1
1592,394,23.782188,2
2669,736,71.705940,1
1666,2374,53.196960,2
2448,2690,31.150190,2
952,2450,50.643700,2
286,2525,42.611809,2
2603,2815,65.633568,0
2408,1727,16.871014,1
2976,1041,39.507935,2
123,1085,0.631575,2
929,1599,16.903685,1
2892,1553,18.844486,0
353,650,37.509872,0
1217,2182,95.487610,0
1866,2452,12.507957,2
2927,2610,81.944359,2
1365,2264,18.380369,1
2946,1391,28.300503,2
1100,546,66.951508,1
1044,49,32.245823,1
515,756,2.852757,2
2864,2562,37.897491,0
2625,2957,84.484947,0
1356,1975,92.539536,2
1524,2041,26.662958,2
1769,2548,60.899120,1
1481,2259,48.844479,2
294,1798,64.553909,2
309,1121,46.155926,0
1740,458,66.314537,2
2467,1163,74.330444,2
708,1221,13.884939,2
399,1382,34.607883,1
1835,449,18.930569,2
163,549,5.946740,1
1591,1238,66.346642,2
1520,504,78.214973,1
2974,2730,38.829716,1
1631,916,65.157753,2
471,1585,78.621185,2
510,304,88.876114,1
2543,1542,76.293503,2
2698,818,76.393379,2
664,351,30.390207,2
339,1075,56.492584,0
780,135,8.493806,1
2447,1225,84.046478,2
1099,2830,47.089909,0
2665,2550,41.702690,0
2539,1985,1.601984,0
1691,944,87.178162,2
609,1970,55.859371,2
1702,1807,11.441183,0
1698,2686,39.808945,0
2398,2667,93.199730,2
1284,623,15.699750,0
69,1064,82.549599,2
1586,229,49.739532,1
278,763,85.225098,1
2303,2397,69.689667,1
2203,1731,67.748375,1
2506,282,54.296146,1
1747,2780,35.955139,2
2072,1618,98.715294,2
432,1228,29.383627,0
2872,1586,85.193420,0
2455,502,99.941086,0
1985,652,77.939201,0
1029,1559,53.933064,0
2024,2922,63.776131,2
1528,2376,73.322754,2
2940,262,33.457985,1
1167,2079,63.409752,2
1223,1895,45.358421,2
986,1193,96.512878,1
2576,993,89.368271,2
1440,1752,77.419075,0
64,1497,44.135830,1
1944,840,12.076590,1
1607,2718,23.420620,2
224,1510,70.562866,2
2785,1819,33.822193,2
666,2519,97.587967,0
2286,402,23.847513,1
2237,1239,81.363853,1
2029,1912,39.550850,0
971,2455,6.458788,2
113,307,39.398163,1
1801,674,61.669720,2
1226,1248,37.855907,2
570,232,79.357826,2
1869,127,27.730492,2
1087,1207,58.376701,1
2101,1996,16.795624,2
2874,2546,94.058472,0
231,1141,11.053628,1
1654,2329,30.046743,2
915,717,36.773956,2
1756,548,18.682981,2
377,1127,52.202332,0
511,2649,13.380982,2
1066,1801,47.924122,1
916,1845,22.963312,1
2514,567,48.818958,2
1956,1476,87.352707,2
1806,1603,83.946548,2
1369,679,90.084190,2
2729,890,73.656685,2
637,1967,36.424225,2
854,370,91.729858,0
1699,1066,70.132401,2
1426,749,0.654548,2
1795,682,39.599468,0
499,2325,86.222244,2
2576,1450,91.699791,2
1513,2652,6.206438,2
2227,2791,75.272522,0
164,886,88.895599,2
1187,1874,36.103291,1
1910,1165,48.230499,0
518,323,69.299568,0
1728,769,28.658545,2
1540,157,99.095093,2
841,821,75.086761,1
87,1421,25.900801,2
488,242,4.104540,2
1158,2675,5.252872,0
2208,1479,82.582176,0
1681,2682,54.567989,2
420,1983,20.391993,2
965,1710,50.093552,2
1247,1468,78.766876,0
1080,1540,17.670446,2
1975,875,3.860663,0
2279,2817,74.768082,1
2294,975,67.340950,2
1424,1055,5.382588,0
2450,2420,53.648819,1
2911,2235,68.428368,1
2884,1587,96.274780,1
1665,2943,13.481374,1
314,463,48.495373,0
1167,6,33.659248,1
319,1671,62.652088,1
1184,2286,14.866027,1
1280,2097,25.149582,2
2104,2847,10.858031,2
2902,1834,78.954399,0
67,960,68.027985,1
2181,1886,36.022964,1
76,2994,73.354645,0
323,1522,26.716684,1
2628,904,51.681770,2
2307,2199,1.964051,1
1172,670,70.778793,1
2730,2764,60.873714,1
2344,2206,72.132469,1
1094,2004,74.592171,2
1961,2887,13.350096,2
2451,1421,22.418802,2
2701,2278,53.886803,0
24,2974,4.704499,2
2990,2381,80.777832,1
621,297,74.193642,2
1478,2927,47.556618,2
1694,1781,55.936199,0
1790,2033,10.999539,2
2835,2129,42.019070,1
2514,885,42.025288,2
1563,2888,34.055668,0
1986,483,22.131447,2
2638,868,81.358528,0
1927,466,1.668747,0
418,999,44.632362,2
2285,1502,50.607407,2
188,566,50.534813,0
2840,2970,68.796509,1
1559,2631,77.135803,1
2058,2543,54.070309,1
2891,2321,13.257657,1
725,311,89.886177,2
1976,2948,21.649836,2
132,578,65.906662,0
2084,2543,59.658936,1
1042,171,23.038521,2
584,1780,57.896313,1
1694,2799,42.073856,0
2817,2257,44.835766,0
981,2621,43.824345,1
2543,2088,87.985725,1
1494,111,45.888977,0
2392,226,80.293739,0
2499,518,32.107132,2
2590,816,43.730408,1
2543,1056,55.715271,2
2665,170,43.714226,2
2481,661,67.547211,1
687,362,73.928223,1
18,2302,3.337875,2
2524,607,5.289228,0
2299,1066,43.381298,1
147,2065,87.197990,0
2162,100,85.578926,2
2148,1072,51.004017,2
2360,2239,27.467798,2
2599,1627,51.249786,0
1176,2060,7.681189,2
2089,1774,12.938509,2
1429,2303,94.009300,2
47,1224,80.348183,1
1961,2643,71.824303,2
287,386,11.471965,2
653,1219,95.124428,2
2269,1386,95.255470,2
1010,1996,78.088112,2
834,2355,96.579674,0
316,2461,78.735321,1
2512,937,54.958355,1
2923,447,79.486862,2
1687,1135,84.130165,1
943,1852,25.792273,2
1386,1824,49.637058,0
952,333,90.618935,2
565,2418,73.169724,1
2108,2895,40.076511,2
15,2435,99.991287,1
1694,906,85.215782,1
1714,230,43.987831,2
46,1836,59.788948,0
1654,192,11.255772,2
1746,2470,3.784474,1
1498,1663,72.566078,1
2385,1055,44.013012,2
2807,2350,98.471001,1
196,2578,17.183500,0
2590,1890,23.582039,1
643,2030,8.253423,0
2588,1982,40.875076,2
2093,1301,79.638351,2
2068,118,77.144577,0
1397,843,22.149660,1
2152,667,17.332676,1
898,2904,40.530750,0
714,1388,44.388107,2
2052,829,63.557796,2
2151,1189,43.630486,0
670,2813,96.439812,1
2768,1069,42.152084,2
1026,1644,99.039452,2
2385,941,29.817663,2
588,2295,11.453544,1
706,2927,68.058678,2
1301,136,4.441021,1
381,2973,20.368814,2
850,1732,54.323612,1
732,1938,32.378208,0
599,1225,54.225044,0
691,2227,45.983727,2
2811,1545,4.158639,1
1790,1239,23.572580,1
190,3,11.503766,1
1235,1983,91.240555,2
2374,1996,78.717850,2
389,1446,8.804183,2
250,481,44.974602,2
88,1235,85.989227,2
1355,2732,86.445007,1
2012,775,83.750656,2
2140,2236,6.248963,0
730,2581,78.449982,0
285,1855,7.117690,0
885,1005,69.818207,2
498,1543,21.154053,2
1227,1629,27.496683,0
1344,589,27.284016,1
1172,2961,82.894432,1
1071,1501,3.161683,0
1336,2868,25.282501,2
891,403,38.386395,2
1486,1376,17.802961,2
2086,1495,84.341080,2
273,568,73.217995,2
1648,2053,96.459816,2
22,1402,48.865471,1
9,2893,73.120514,1
762,581,32.291546,0
228,2388,82.705154,2
2363,2150,2.025394,2
2024,1764,76.477905,0
525,2706,58.401711,1
972,2915,19.506840,1
2932,2553,51.045944,1
1615,2286,94.606483,1
555,1069,16.137197,1
234,1120,68.087990,0
887,851,27.016594,2
1731,2129,51.054611,2
1019,1714,58.730904,1
1852,1049,82.998680,2
1636,2338,8.776150,0
2604,2183,9.428382,0
1468,1566,99.138741,1
2073,1746,18.056667,1
349,2647,34.980186,2
2876,2056,47.375427,2
33,2167,20.247709,2
1415,1695,49.811298,2
1314,2896,67.182480,0
51,2700,57.310844,1
2440,1969,11.001070,2
464,2202,50.612793,0
2062,1591,59.099426,1
1024,916,59.236454,2
2758,545,9.263076,2
310,690,47.784912,2
1884,86,4.916580,1
2748,1474,30.883617,2
2670,382,4.846580,0
2640,2490,65.900200,0
2945,1197,54.571041,0
55,1220,14.820127,2
2650,1208,8.810040,2
1839,1050,6.470593,1
2758,805,92.420174,1
1671,930,0.981576,1
939,1926,12.398479,2
1289,2700,70.474945,1
803,2204,69.734734,2
2877,1203,42.209427,1
88,1303,19.376629,2
2882,2887,63.646427,0
2172,1749,73.249550,1
1578,2889,38.566849,2
587,210,71.948090,1
1347,1684,94.099571,0
758,1737,32.654484,2
2333,416,85.776184,2
679,835,18.378204,0
2922,979,14.107451,2
1302,1426,12.189467,0
854,1725,67.128860,0
648,1555,33.951038,2
569,1574,98.571213,2
352,2804,2.993052,2
621,2176,47.276783,2
1365,1471,26.313322,2
749,2909,91.918861,1
633,1251,35.589024,0
716,2488,48.820446,0
2273,1606,27.529573,2
2199,582,14.813011,2
2627,1151,34.754093,2
2385,2746,83.774384,1
524,322,61.449905,2
1224,2866,35.301228,2
96,2330,93.031693,0
2662,1952,63.639595,0
569,436,71.237663,2
795,136,70.474945,1
2042,15,6.251436,2
480,314,10.562932,0
576,188,33.989780,2
2230,788,68.525070,0
1791,590,88.952759,2
2505,1595,40.383049,2
1794,1265,69.270531,1
1923,1387,49.598686,1
2049,2332,65.874031,1
1666,2724,79.204895,2
2396,367,81.014503,2
2273,2182,15.419358,2
1919,2618,83.332726,0
302,2960,48.349300,0
2548,1019,12.043472,2
104,2567,9.317635,2
340,199,38.409939,0
1681,1544,2.290615,2
186,2925,90.116989,2
1184,1636,54.331581,2
2745,2951,9.884405,2
1122,2765,71.515434,2
2145,367,97.571930,0
244,1648,74.882278,1
2686,182,36.777721,0
121,61,37.787102,2
455,1824,15.226694,2
2491,2141,93.435349,1
2381,685,38.531269,2
2222,1773,32.462166,2
2068,142,75.886391,1
435,1831,43.112186,0
2995,2643,50.176071,2
1613,2016,63.394989,2
200,722,4.480297,1
2340,1972,43.218601,2
2148,1249,11.388256,2
2304,2040,49.079514,1
2166,2264,19.031479,1
2549,2331,92.845604,0
1107,1279,10.949472,1
2846,2847,87.960968,1
2,2770,21.469633,1
2175,1925,98.669998,1
2238,1770,60.862267,2
2032,2190,96.261703,0
1659,992,81.248215,1
1791,798,19.855431,2
1400,1900,42.361908,2
100,88,48.421989,2
2140,409,13.211553,2
690,1220,5.235996,2
2556,1831,60.323566,2
2189,1477,3.616678,1
244,2676,20.392323,2
2472,142,54.798649,1
1870,1771,54.556755,2
144,2084,59.017235,0
2514,843,94.680878,1
232,1130,78.066383,2
726,2086,12.338836,1
2142,1661,74.383865,2
2552,13,3.002234,2
32,2822,68.989777,2
2212,827,4.763754,1
828,2557,21.347389,2
118,2863,1.937160,2
1818,2049,37.278908,1
2623,1571,93.296082,0
1239,203,43.867779,1
903,306,41.712986,1
402,2439,86.134567,2
2252,1102,15.889913,2
2000,486,18.911394,2
2710,2403,34.245598,1
90,2099,84.609093,1
985,2927,18.417614,2
2453,2453,57.929855,2
1982,2290,29.235853,2
1387,1546,0.423511,0
2579,1347,28.540895,2
2801,2090,83.193810,0
2850,1296,14.049258,2
2266,2011,64.057266,1
596,643,22.628225,1
1412,2618,93.995979,2
2523,967,33.688225,2
296,425,66.414742,2
2160,837,3.394335,1
292,2136,10.262375,2
2257,412,45.293125,0
2841,1981,9.059181,1
1103,2802,80.224670,2
1764,554,63.706627,2
2085,280,52.816700,2
851,2686,86.206917,2
2554,1027,35.983253,2
642,1700,69.692207,1
1895,2591,38.269867,1
2069,1908,17.445803,0
155,2584,28.708174,2
186,1855,81.430321,2
2425,1783,75.708916,1
2252,2898,84.198769,0
995,2545,65.587601,2
1822,2558,86.445007,2
2321,1998,40.523064,1
1317,341,40.782352,0
2117,1470,50.729527,2
2488,1016,14.120034,2
289,541,74.000183,2
1116,1919,44.294498,2
962,2374,21.607048,2
2731,1381,81.961655,0
2381,663,95.673622,2
615,2109,20.188200,2
1400,237,80.348183,2
1260,525,56.171696,1
1172,1064,43.862705,2
1194,278,45.887161,1
1386,564,87.824333,2
1051,1899,31.241915,1
1208,600,3.816777,2
1437,405,90.193527,1
2339,2915,42.732468,0
1942,1307,41.158825,0
926,709,86.836967,2
2759,36,12.359362,2
1527,2397,52.205956,0
2654,2080,55.917885,0
1571,1473,39.347706,2
668,2724,61.606258,2
1872,1021,14.561890,2
736,1780,62.416920,1
2008,2550,53.308437,1
1442,2891,19.540373,1
2946,2564,46.085304,2
2936,2670,54.863617,2
664,1334,32.839127,2
2050,2044,30.858841,0
2104,955,88.351097,1
1256,2818,31.691238,2
921,626,86.509308,0
1752,939,86.796944,2
1052,725,11.953875,2
2215,1072,50.640018,2
2384,1897,53.991898,0
779,2949,11.050099,2
26,1659,95.207840,0
2276,2321,16.708250,1
1892,1076,49.561108,2
1376,701,78.453171,0
2001,1617,21.283161,0
1183,2617,47.006413,2
296,118,58.109798,1
1201,2686,82.346672,2
1920,1018,12.762939,1
1989,2685,11.013314,0
1883,67,50.135071,2
194,2754,10.312735,0
2224,2427,87.855301,2
2546,585,5.327059,1
1841,1785,30.906168,2
950,408,61.921894,0
2739,2180,63.157654,0
203,2251,91.006004,2
714,1852,59.831585,1
1481,177,23.347797,2
784,2636,19.817245,1
1551,2024,42.510151,0
2220,2375,43.281246,2
1633,537,99.941086,1
15,2775,7.370427,1
863,664,33.349224,1
1902,1380,18.983231,1
1399,424,38.820232,2
161,845,22.932045,2
2443,1280,72.014778,2
1801,1820,16.680222,2
2784,357,79.094460,1
2042,2327,2.848649,0
1715,1108,21.926897,2
2671,2857,51.628841,2
1198,533,74.481232,0
2161,2797,53.599640,2
2632,446,34.329517,2
1886,2927,87.569740,0
2839,2181,85.091286,2
713,423,44.520981,2
1667,1860,50.030739,1
99,1465,94.641075,2
2678,695,26.734907,0
1130,2365,27.157377,1
2427,908,25.821657,2
857,1459,15.514443,0
352,224,39.873436,2
798,152,56.440506,1
522,1643,90.384109,0
1052,1934,97.500038,2
1512,2344,93.763756,2
2363,2748,55.751007,1
1245,55,23.480274,1
2839,1792,29.440729,1
49,522,55.659424,1
2496,1681,78.721977,2
665,2429,11.144315,2
2287,451,79.199081,2
39,153,27.651251,2
2792,2939,65.118050,2
1760,463,72.034668,1
1949,2359,19.184330,1
406,883,85.478317,1
218,1328,35.745010,2
2760,25,28.488510,1
1313,2336,99.028603,0
1558,2985,35.199944,1
1456,459,58.184605,2
1762,977,75.389519,2
929,2236,77.768173,0
41,2749,36.573776,0
1301,544,24.348373,1
318,2082,80.335327,1
1980,915,85.319778,1
209,1323,62.246704,1
240,1204,78.483627,2
513,2034,20.513233,2
2529,992,30.872921,1
275,2227,48.366207,2
502,1001,92.802277,2
559,2407,62.714638,0
1344,60,80.701263,2
620,683,5.356198,0
1008,2898,95.834412,2
1260,2670,62.005222,2
2637,1793,58.604214,0
1168,359,68.324829,2
1332,734,67.355713,2
898,881,64.202980,2
2046,808,16.560530,2
1675,2652,78.252808,2
1156,372,15.554189,1
2368,1969,9.620394,2
2582,2500,10.338080,0
2107,2395,76.477905,2
1049,2200,16.406340,2
2471,1653,27.220699,2
1742,1452,87.329407,0
1801,2986,23.141682,1
963,719,8.772862,1
2039,44,38.778461,2
2603,532,48.043221,2
209,2934,59.929550,2
1287,171,34.420147,1
562,2806,82.759529,1
2030,653,25.821657,2
1358,442,72.350250,1
785,1359,27.129433,2
712,1501,40.693207,1
1271,2638,26.467833,1
482,1020,47.262131,1
1003,63,45.033657,2
2434,2271,46.286362,1
626,901,69.020325,0
885,696,33.043457,2
440,451,81.961655,2
166,894,86.642250,1
2044,904,10.713397,2
221,1389,74.713081,2
207,1528,15.242146,2
276,859,96.956566,1
2916,1807,18.096626,1
148,2072,84.355736,0
1307,1148,24.054459,0
477,2464,24.888994,2
1105,39,5.436075,0
690,2858,27.496531,1
2942,2906,31.691286,1
2614,92,78.111130,2
1426,767,14.014639,2
1255,2003,90.759171,1
710,315,70.574257,1
240,2656,14.579745,2
2005,109,40.588722,2
819,796,45.182732,2
1514,1718,50.494240,2
682,1836,59.582073,2
26,897,97.949478,2
969,1849,34.086998,2
1071,238,25.360651,0
1467,508,21.509695,0
2044,1055,22.522875,0
1070,272,14.518392,2
2648,1218,47.104641,0
2926,535,64.052238,2
360,52,57.894531,2
202,1884,19.237700,1
157,2420,76.575706,1
1513,1687,31.969477,1
2698,2450,48.354664,2
1842,997,19.344225,1
108,2676,87.670189,1
2456,2713,14.629284,0
2203,347,85.792900,1
140,2495,96.327415,1
131,2561,98.113708,0
1326,272,94.651054,0
198,2467,21.131069,2
2639,1464,19.379446,0
516,2501,36.470032,1
272,1563,49.320408,2
2715,131,92.296982,2
1713,206,13.042245,2
2919,2766,30.155281,2
1588,881,96.409256,2
2762,2827,32.129974,0
367,2923,22.396881,2
484,297,18.573046,2
1624,2253,8.776044,1
1862,2251,63.495674,1
1620,2106,85.497406,0
329,1056,28.996746,1
2112,2003,30.498396,0
2098,949,66.514404,2
2425,2390,46.732834,0
2921,1836,98.239021,2
306,2641,74.345589,1
1833,2248,63.657627,1
1044,2445,42.042233,0
1188,1505,74.913422,2
1187,804,47.484398,2
2867,1936,34.166985,2
2452,559,11.982306,1
777,461,32.030849,0
315,2977,85.221115,1
1251,1381,48.548294,2
677,791,98.668167,1
2336,309,46.470387,2
1195,1592,3.945558,1
955,1433,88.716309,0
2917,2238,56.870972,1
815,2615,47.976994,1
2964,1821,66.951782,2
2209,174,5.312448,1
2421,687,4.704499,2
517,1222,25.750013,2
892,1890,81.128036,1
2124,2540,90.575111,1
1076,677,54.810890,2
2392,2733,30.476501,0
747,1016,81.496071,0
1747,1756,13.954981,2
1869,1189,21.548376,2
413,541,45.522655,2
2662,89,41.295547,2
2198,742,32.735676,0
2488,1620,13.491570,0
557,2010,91.364128,0
1214,2985,7.998752,0
255,380,66.000595,0
2700,530,63.607517,0
475,1002,42.884315,0
2408,688,98.417450,2
281,674,6.069741,2
2043,175,10.886327,0
747,1627,95.168510,2
393,1806,2.976357,2
2875,2053,9.953966,2
2391,1572,35.482449,1
1227,2443,40.523064,1
2135,1567,36.669090,1
1547,2936,95.140770,1
32,2498,44.931213,2
1325,1911,83.365944,2
404,2760,79.597145,2
169,363,98.504501,0
872,547,40.107548,2
2594,2940,82.489235,2
2184,2653,27.044868,2
606,2152,56.610611,2
2352,379,32.921570,1
1627,724,84.253395,1
2057,1301,91.562325,2
1039,950,73.630394,0
870,2853,25.221725,2
310,1360,34.390316,2
2223,919,63.006680,0
1169,2549,18.573763,0
465,1867,64.875381,1
2924,2652,70.987793,2
1990,677,90.814400,2
105,1324,95.431244,1
731,2408,76.552719,2
908,1429,63.458466,1
882,1572,20.513233,0
766,120,44.318542,0
65,2942,42.427044,1
2255,937,45.279343,2
2918,2219,26.714779,2
693,2835,20.886641,1
1360,193,82.137314,1
2305,2212,99.578766,1
715,1469,59.795086,2
1293,69,39.653358,1
2266,1416,21.426409,2
1484,12,94.087875,0
2775,2945,11.196989,1
2383,995,51.612499,0
2758,2966,61.390900,0
511,1414,28.713173,2
564,1060,63.436829,2
1072,2907,58.618324,0
1403,145,69.833466,0
1606,1421,72.884521,2
302,2421,16.137197,1
2153,50,47.982224,0
637,2618,22.763479,0
1513,1407,25.051937,2
1968,1345,84.609093,2
942,1117,5.668631,2
67,2808,47.910740,0
1610,619,3.912106,0
696,493,7.928351,2
182,604,8.554229,1
1815,1439,10.743789,1
2662,465,55.360947,2
1719,491,85.817604,2
990,2350,80.317238,1
270,2506,71.662987,2
52,743,35.278782,0
470,1977,38.048187,0
2349,852,71.205101,2
1603,1568,36.748768,1
1129,118,6.116411,0
1801,1984,87.060097,1
708,135,28.731609,0
751,1484,50.782681,2
1318,1384,63.310448,2
995,464,99.694519,0
141,1231,53.583817,0
1473,2105,9.620394,2
1483,490,66.389305,2
522,603,91.326164,1
1063,1316,39.487782,0
937,1448,43.417496,1
1641,1572,75.788223,1
464,2564,77.040428,0
1213,1126,72.500938,1
1211,1102,35.870697,2
1061,2641,14.362195,1
1486,1140,21.496191,0
1931,1214,50.905697,2
560,877,72.410408,1
476,264,36.961979,2
1570,1474,75.401703,0
2639,1372,36.379704,1
2880,1908,63.766144,1
1341,1565,5.301391,2
2309,2736,63.033894,1
1612,2347,99.949791,2
2693,63,82.436043,0
298,164,22.366135,1
868,101,7.664203,1
1349,593,63.451935,2
850,1696,74.193642,0
2506,1330,48.774754,1
306,2522,37.962330,2
1328,1591,66.402985,0
923,1460,77.589981,0
2672,1800,30.388700,0
2042,1313,25.611362,2
482,1637,70.470909,2
2131,1759,30.190289,1
2232,2092,57.398468,1
1609,2935,19.088320,2
1844,2498,76.478424,2
1720,2491,2.516224,2
688,2505,71.466881,0
910,2681,49.946117,2
1967,475,19.778854,2
2165,1913,72.660194,2
1358,881,69.516220,2
143,1821,26.471992,2
793,548,53.818359,2
1248,2594,24.372122,2
786,1549,93.181389,0
1595,476,44.969322,2
435,2259,89.064224,2
1583,840,2.191451,1
1994,727,52.810993,2
480,2682,79.060822,2
2078,692,70.063438,0
311,581,17.538017,2
1059,775,30.307138,2
1398,1217,90.249771,2
43,1797,91.131783,1
1188,2960,74.971031,2
1210,2720,41.341267,0
2098,1386,45.629009,0
2606,2352,85.174934,2
860,1056,65.740028,1
2737,553,57.054317,2
1151,526,35.518627,1
1823,1265,96.105164,1
1936,969,98.812935,0
2401,1326,73.313316,0
2682,791,31.093380,2
2495,1739,96.457687,1
1540,878,91.579140,0
2336,2689,99.230797,0
2309,759,99.334473,0
568,2276,43.436714,0
2037,2654,44.310669,0
1164,1423,95.800873,2
2088,383,2.418198,1
2084,479,41.616756,1
2759,1659,10.312735,2
1253,2850,68.354095,2
1887,407,23.180048,1
2068,2625,62.609375,0
2122,1637,19.972185,1
1784,1667,36.582699,2
823,2943,92.287109,0
98,2670,89.508362,1
378,657,36.888512,2
1400,296,54.036507,0
109,1349,55.883213,2
207,822,76.298424,0
703,1921,80.660431,0
1150,1296,72.539421,0
529,665,92.672600,0
1982,1755,4.940039,2
2180,1917,92.448853,0
2379,943,28.541510,2
816,2704,3.930669,2
2087,1779,84.251869,1
2204,609,98.558052,0
713,1121,16.701668,2
186,2683,40.546444,2
75,768,32.284252,2
2566,1613,58.558788,1
1297,276,43.788734,1
2460,1910,10.511569,2
1287,1021,13.149964,2
1002,1914,6.271842,2
2683,1969,31.356705,2
1190,139,37.617409,2
2748,2360,89.062225,1
1384,1879,10.143097,1
1348,1650,79.025208,2
1018,1372,36.368240,2
92,1328,7.703539,2
1885,837,8.728236,1
2737,695,66.365776,2
1954,737,19.572708,2
247,232,8.832942,2
1713,1188,0.656609,2
2963,2478,16.479218,2
955,2322,6.298904,1
1510,1019,70.369415,2
939,2110,11.879106,0
1119,905,86.926834,1
836,1524,18.107962,2
278,197,12.531531,0
2120,1421,51.125988,0
2442,1197,5.379318,2
25,2359,25.917900,0
1430,1662,45.276840,0
721,81,34.511234,2
1314,1315,3.928747,1
1759,2871,75.825317,2
2800,2778,48.011055,2
2896,632,41.938408,2
1831,1291,49.917416,2
853,1482,89.398674,1
1297,2877,37.675556,1
481,2835,20.333214,1
54,1794,25.506664,1
2326,1188,61.649105,2
2465,2949,73.086525,0
443,9,1.846833,1
2737,249,20.611122,1
1373,2223,38.225979,1
1840,1701,19.016932,0
1420,916,33.079464,2
145,2738,57.314911,1
1692,2044,74.556366,1
211,2604,82.076530,2
1284,775,15.767683,2
1226,2031,91.673775,2
630,1053,76.865952,0
2642,2740,99.405968,0
641,1535,44.730122,0
563,1972,66.658081,0
101,2209,91.199905,0
2195,2334,1.866259,2
2422,2486,42.438713,1
60,2803,33.278252,2
2402,450,17.385805,1
2479,2169,88.392220,0
2948,2007,4.265274,0
2318,1191,31.631922,2
2263,1334,2.440452,1
1057,846,71.989342,1
2581,2818,79.285988,1
1020,2458,54.129765,2
2595,2209,5.383586,2
2513,1797,2.734895,1
2419,586,12.361046,1
1471,1954,15.982313,1
2726,1151,88.506348,2
247,2502,70.236160,1
792,895,11.558845,0
719,1358,78.386177,1
2505,2269,39.369091,1
841,2498,30.640739,2
2539,811,79.436096,2
50,1731,65.776237,1
2091,157,94.668892,2
1930,2043,49.564053,0
1684,1523,94.867744,0
1041,181,20.026506,0
345,1867,21.555964,1
2368,2893,36.556923,1
1958,334,64.769569,2
1181,796,19.655479,1
1066,1098,20.621229,1
2825,264,14.248636,0
260,2336,40.691319,1
2609,694,29.634302,1
114,2991,95.806641,1
1827,115,16.004198,2
82,2445,24.987734,1
624,710,24.959896,1
33,2319,63.138321,1
2008,2059,88.366135,2
2801,513,37.009251,1
1405,2747,29.799789,2
1386,663,23.387379,1
973,1952,17.894720,1
1717,2169,31.048103,2
86,232,70.741577,2
2814,1253,79.886986,0
2905,24,81.071945,1
2209,256,97.511482,0
1538,793,7.727637,1
1484,1264,95.043221,1
17,48,67.361305,0
1384,11,44.909557,1
2753,2527,6.031512,0
230,1917,77.318802,0
2014,973,13.453043,1
1772,692,60.753662,2
34,659,47.082466,2
1306,880,9.392365,1
1239,50,17.823374,2
1390,622,34.386787,1
2178,1728,18.742083,0
1244,681,50.370640,1
668,188,0.016999,1
1936,1802,86.871437,2
1389,570,50.032974,2
1034,1529,18.726362,1
2489,2149,96.072006,1
86,68,18.757265,0
2968,2667,51.513714,2
2559,723,91.381477,2
2973,1539,79.747978,1
2768,1395,60.660408,2
758,310,99.553436,2
439,186,63.803230,2
2851,2842,99.582474,0
1646,2872,57.553703,2
2267,266,67.123024,2
1992,994,48.466881,1
1191,734,72.455170,2
356,338,84.340424,0
2968,2769,6.692318,1
2898,1897,97.343094,2
1681,2291,92.882729,0
2297,1907,53.321045,1
257,1942,6.104183,0
1576,2579,29.297215,1
2074,2297,88.386719,2
2479,1142,67.249352,2
2179,2221,95.201584,2
1000,1998,66.951782,1
362,2384,76.645767,1
625,1431,57.145817,1
457,935,74.549400,2
2327,1237,34.154945,0
2324,2844,84.510757,1
2040,275,86.750717,0
2422,1644,68.861855,2
2523,1991,41.915459,2
1912,2020,61.983807,2
909,1148,23.548975,0
2797,903,58.044868,2
838,1622,31.173792,0
2650,2741,8.030083,1
2669,2297,13.799306,2
928,1119,30.695913,1
2703,2980,11.013314,0
2841,148,61.120159,2
1087,231,78.292374,0
189,328,6.868950,1
1469,2928,14.654796,2
159,2355,69.268509,2
2333,246,22.926092,2
610,2657,29.799789,2
732,2129,29.204050,2
532,211,0.754513,0
965,2928,32.380539,2
8,730,0.620436,2
1428,390,27.157637,2
741,2471,93.098175,2
2313,2370,0.650218,2
2374,1138,84.959702,0
619,1831,31.763889,0
1942,766,26.030310,2
87,48,51.218502,2
2720,1518,34.770168,0
2722,1060,24.613750,1
2589,1368,18.908695,1
2013,2494,85.262360,1
1151,2143,48.354664,2
2127,2009,29.683914,0
2288,574,65.301849,2
505,1706,40.370064,2
974,477,37.782558,2
2845,948,89.123299,1
48,2127,93.007538,2
2703,2524,35.097801,1
1777,1470,12.358154,2
326,2191,46.117252,2
2694,2438,53.040958,0
96,1593,56.117767,2
2759,1480,77.594154,2
2626,2777,97.608276,1
2147,1411,42.962318,2
1314,2597,91.973740,0
1213,2256,82.456161,0
1044,2948,1.985505,2
298,63,86.488930,2
1335,1736,49.208195,2
2777,1555,38.932774,2
1473,2967,11.282391,0
448,2908,81.883743,1
115,2901,2.679073,2
2031,1899,35.488457,1
2582,495,72.078697,0
2839,2747,68.215378,2
1952,511,54.070309,1
2963,1947,14.060392,0
1781,243,83.277267,1
784,434,64.315414,2
1349,2584,31.333477,0
198,1464,58.232903,2
2055,726,48.530235,1
1472,1889,77.391510,2
1549,1490,63.657627,0
1203,629,62.369453,1
1948,1179,73.192986,2
1045,1527,71.348076,2
649,2216,73.731064,0
142,163,45.451405,1
152,2672,40.646641,2
1445,1114,10.137018,2
1031,2652,59.167236,2
1893,1575,70.975700,0
1253,900,72.389244,2
1566,2625,80.508263,1
669,596,26.923784,1
2432,1895,29.671434,2
2627,1072,81.221786,2
1927,2730,61.408955,2
303,126,6.551743,2
948,1088,67.382034,2
1418,1322,84.733414,0
371,1062,47.833157,1
922,1859,75.296684,0
1502,553,14.880837,2
2662,343,7.622152,1
2673,1538,54.129765,2
2776,394,19.257328,2
1630,36,4.867576,1
1337,1183,59.621677,2
195,1348,81.382294,2
1821,271,75.066246,2
1483,477,43.479904,0
1330,981,39.933998,0
2676,173,81.626236,2
2295,1960,27.834269,2
1521,1818,91.803261,0
188,1399,14.917015,2
680,1491,35.328796,1
2023,2841,60.390129,0
621,2259,88.985184,0
2447,2026,92.892113,2
340,303,90.522415,2
2079,270,64.356102,2
581,2109,56.930782,1
170,2430,28.351152,2
2671,2568,23.282909,2
1310,2590,8.682478,1
348,520,38.671444,2
777,1513,72.165405,1
2872,1661,14.269010,2
308,372,84.755310,1
30,2160,57.632374,2
2891,2318,51.932133,1
2744,226,84.870697,2
1176,1888,7.902875,0
2609,375,8.935593,0
124,2565,97.029747,0
1040,1423,29.813406,0
1264,1546,29.170898,0
2541,407,97.320236,1
215,393,48.262733,2
753,2328,19.129776,0
2864,2960,70.512032,2
2388,2002,89.137383,0
1787,2250,13.692487,2
861,2801,78.163483,2
1154,932,82.733116,0
2459,2452,98.429985,2
595,1921,45.338211,2
2902,2799,35.788082,2
797,1804,31.742296,0
1889,2331,27.649412,1
2386,1773,2.454268,0
1094,124,91.242325,0
2987,2155,93.731842,1
510,2480,52.495621,2
2265,1645,60.953262,2
887,352,99.763855,0
876,2535,67.289330,2
439,1061,13.766819,2
521,1770,43.192966,1
2471,70,20.046062,1
1354,2246,72.380760,2
643,761,67.996552,1
2474,2336,10.229240,0
163,1337,94.458054,2
2850,624,29.383627,0
2947,1545,68.840637,1
2056,1610,39.710514,1
1300,603,71.760422,1
2122,1469,29.365524,2
2253,1300,18.726362,1
2383,2404,22.896952,0
1064,98,46.474289,1
2910,1168,22.073584,2
2187,107,40.976734,2
697,2915,99.876450,1
1426,1158,49.088310,2
2047,133,12.362374,0
1003,783,77.574661,2
1785,1664,72.412132,2
2231,188,85.497406,2
283,1500,82.997192,0
1060,658,82.977974,1
1099,1861,75.794685,2
2142,2601,20.534731,0
1598,1511,68.261826,2
1051,2242,24.038385,1
158,2217,47.912884,1
354,2260,47.177185,1
727,1775,46.030605,2
1858,1545,23.279339,2
941,1296,63.620293,0
1599,2391,91.812271,2
1196,64,56.610611,0
1392,849,12.559869,1
1876,1878,30.208439,2
2178,238,49.044559,0
1038,1013,5.375350,2
1811,449,68.751694,1
528,1245,40.988926,0
867,786,24.723988,2
2248,185,16.992973,1
2861,2834,46.051483,2
253,680,38.780312,1
2143,749,25.158428,2
1126,797,73.082306,2
224,227,34.036304,2
382,2937,0.240015,2
2464,423,12.162637,1
1850,506,75.013351,1
1816,2897,90.673538,0
2581,2485,39.238056,1
2520,157,42.504650,1
602,2182,35.019142,2
954,2136,2.589925,2
536,1701,69.619957,2
2028,849,8.023295,2
1400,774,56.934399,1
1900,2954,93.167854,2
1625,849,99.805557,2
917,1755,68.036667,2
2091,144,14.241063,2
2183,448,90.292366,0
1660,1532,0.998460,1
1832,977,8.634784,0
2145,1366,5.333037,0
1517,861,94.676437,0
2786,1490,28.719839,1
1702,635,56.230038,2
1660,2919,43.281246,2
2150,2422,2.617984,0
2041,1922,82.052086,2
2686,517,2.025394,0
910,264,84.610161,2
1823,1143,84.966148,2
2455,2478,82.951134,2
1177,2228,44.260281,1
827,1750,10.552086,1
1015,2040,15.079363,0
1907,612,49.848572,1
578,1854,79.474861,2
946,730,81.664749,2
1646,1922,89.138191,2
2312,1518,84.943916,2
128,1032,65.786781,2
589,1701,4.673932,1
1156,589,32.096169,1
675,2134,31.044640,0
2401,1154,45.062759,2
1988,851,83.636528,0
862,375,71.988136,2
2764,1245,16.446341,0
2725,2106,48.629612,2
1734,2625,78.526901,1
635,649,83.962875,2
2559,1548,24.783188,2
1562,367,78.491852,2
2526,2532,93.861610,1
946,2748,93.751556,2
514,1118,31.425644,2
2081,194,43.751015,1
989,2485,85.520317,1
1741,1262,6.868029,2
328,893,33.577553,0
2638,347,34.133968,1
2003,686,56.914742,2
2244,152,1.833854,0
2632,1813,84.109818,0
129,310,70.747803,1
823,1728,33.504673,2
2177,1385,85.145027,1
2472,2628,61.934139,2
2019,2573,13.456296,2
32,2055,50.409916,0
296,149,11.072536,0
1624,2712,34.603664,0
2555,2016,30.576048,2
280,934,90.521278,2
2146,1186,60.578098,2
1995,1424,32.537415,2
2262,2100,10.202781,0
1776,1016,51.179016,1
2427,1701,19.109724,0
909,1665,39.861332,2
85,2830,25.903860,0
2891,2016,20.195751,2
2090,820,69.136383,2
172,2696,74.011871,2
1497,1519,58.145264,0
2394,1889,30.190289,2
1633,217,93.938805,1
1249,912,44.840530,1
547,1923,38.937813,1
2542,2668,68.627594,1
2402,2910,0.923324,1
1400,498,84.043327,2
184,2104,52.513660,1
1584,2374,63.707726,1
1289,2359,75.867706,0
413,1732,36.194572,1
2868,2785,78.365997,2
2198,1360,98.866089,1
1638,792,84.856483,0
2846,1790,29.235853,1
1446,1508,98.520706,0
1530,580,55.899479,2
531,1105,16.878469,2
712,2061,11.764279,2
1745,2375,5.558231,2
1753,419,89.774284,1
2264,865,19.089142,2
1885,2180,81.268646,2
378,2153,24.336428,2
2930,1684,0.073428,1
2246,1140,51.367451,2
2864,2586,2.156802,1
1845,2685,41.075127,1
526,1665,71.532333,0
1573,2676,12.996994,1
2581,1248,63.409752,0
7,1410,87.920586,2
2605,1585,14.174793,0
618,2603,43.696575,0
1562,2836,86.000206,1
1469,216,37.023872,2
905,157,25.042162,1
2287,2658,67.079430,2
671,1394,61.741428,0
1612,747,42.434666,2
2608,113,35.028118,1
2448,261,6.073517,2
1952,2575,85.108566,2
1913,1411,45.387108,2
961,202,14.249329,2
1317,293,84.026268,0
2586,2763,18.398500,0
2118,1604,98.405739,1
1248,684,7.952391,2
2215,951,7.703857,2
1867,697,85.817604,1
1546,2345,21.718073,1
1970,338,66.826256,2
183,2003,34.143299,1
1921,2827,11.584352,0
1043,2505,77.661308,0
2088,2833,91.908325,0
955,2730,34.197239,1
2213,1386,99.929932,2
1283,957,65.503540,2
518,2034,60.164585,1
1428,248,93.570427,1
1645,2148,63.394703,2
901,645,87.595619,1
1228,2952,18.345530,0
2932,875,44.145145,2
439,448,31.001776,2
1500,826,78.309784,0
1311,2371,51.594925,2
2235,138,0.547099,2
355,2552,50.700062,2
2365,49,74.736115,0
1572,1920,77.453743,0
2962,2855,56.635460,1
1775,1076,48.859226,2
727,698,68.646164,1
2985,2026,65.892830,2
2436,446,97.474869,0
798,932,94.400963,2
265,446,86.361794,2
2400,1610,81.957855,0
2920,2302,69.496269,2
776,84,98.433243,2
1987,2952,48.510334,0
2960,1626,39.783993,2
2145,81,94.580727,2
2983,623,87.014999,1
560,1127,65.558945,2
2170,1401,26.480263,2
1388,1289,30.189352,1
2369,1338,8.812631,1
2211,1880,3.534204,2
68,2732,84.557274,0
199,950,92.727226,0
1796,2872,45.873428,0
458,2110,14.888464,2
1858,1187,36.883919,1
687,1298,6.765545,2
1891,2229,36.455307,0
1214,2266,24.371227,2
2534,2131,74.152084,1
1289,117,40.124638,1
1558,2932,25.690311,2
657,2539,18.794193,2
1598,2334,26.192848,2
1229,1115,38.269867,2
1289,3,58.530258,1
2926,888,0.754513,0
803,2807,10.058608,1
707,1978,13.404147,0
1612,1684,83.226097,0
1832,820,42.324562,0
2726,2351,94.345963,2
1633,1466,59.524765,0
1619,1423,25.107086,2
2701,408,78.928665,2
477,2766,14.244251,2
701,543,28.149210,0
220,1196,39.642082,2
2142,2055,54.139503,1
2611,445,97.246262,2
1394,1847,22.544495,2
1548,2384,8.477776,2
2232,199,78.989166,0
2183,445,40.117455,2
1116,2707,22.201838,0
2394,2573,77.851456,2
74,2140,74.000183,2
797,2569,88.347504,1
180,1300,32.326412,1
245,1948,12.643254,0
2024,947,30.442879,2
158,1978,70.729195,2
749,950,3.827571,2
1609,649,89.813652,2
1289,760,51.238468,2
1780,52,86.611526,0
462,397,25.266716,1
1482,2394,32.650124,2
1531,2029,10.531436,2
2008,1602,32.963280,2
1064,1431,33.835613,1
1131,1870,66.288300,2
2149,1707,74.074600,2
622,2640,45.065956,2
889,1020,36.110268,0
302,978,32.459400,2
454,2355,88.973366,2
861,1435,22.629780,2
336,2460,88.118561,0
47,2017,87.088860,0
463,1091,40.101265,0
2684,432,71.217331,0
459,1282,80.348648,1
1833,1973,75.288719,2
2285,2478,72.702171,2
2000,135,56.911037,1
843,676,39.464275,0
1927,1732,51.513714,1
332,1731,21.698364,2
2252,1641,41.035255,1
1312,2843,10.864669,2
2383,2874,49.231796,2
379,2588,58.618755,2
2157,2690,91.722588,2
1052,2122,53.635159,2
1060,406,39.687973,0
2504,1923,5.126660,1
290,1557,52.881916,0
1698,645,22.555452,1
2254,755,22.284771,2
1267,174,98.441521,2
2898,969,75.210892,0
2264,1566,2.344546,1
374,1862,11.202033,0
1781,2137,85.004410,1
791,558,33.336384,2
381,1617,21.092249,2
76,38,22.131447,2
2633,2456,55.081345,0
1310,1620,54.770168,2
2957,2878,20.086342,0
1072,1367,37.979149,2
1374,610,45.351562,2
1549,2402,38.631618,2
1770,1738,52.455860,2
2928,2109,58.034035,1
2764,2894,42.209320,2
86,313,62.087708,1
486,2892,45.212574,0
1952,552,53.316315,2
1701,2081,94.381973,2
279,1007,50.591755,1
2847,984,58.000706,1
1152,2550,99.260040,1
1975,234,82.592674,1
736,810,88.045158,2
1075,2222,9.516107,0
267,232,10.578620,2
1508,1013,32.197445,0
1027,577,80.235756,1
1651,335,76.578186,1
2352,2370,72.315331,2
1680,478,91.548050,2
1245,407,69.926491,0
305,2768,52.777905,2
2288,2341,24.184374,0
2975,1926,24.300833,2
1534,2766,46.505848,1
2392,2652,16.680222,2
1274,2640,31.001776,2
1309,1321,64.183861,2
2656,1625,46.422070,2
1246,1524,84.198769,2
1283,1379,81.221786,2
830,242,61.014782,2
774,583,90.328712,1
1104,2990,25.036106,0
1543,2775,41.539516,1
2749,2321,7.657154,0
203,2463,24.625376,1
395,2709,80.655899,0
2746,2350,39.094753,1
1454,1759,85.593681,1
1065,149,40.302406,1
2458,41,42.699928,1
1115,351,98.304428,2
2169,409,74.767250,2
164,87,2.495578,1
1526,40,74.840866,0
2317,313,22.714451,2
1217,5,13.590137,2
479,1055,58.351612,1
1792,1589,6.008858,2
117,804,46.640572,2
1755,2861,74.481232,0
2254,346,89.897110,1
1663,1388,21.010250,1
339,1044,93.388893,1
2368,795,34.283772,0
2711,696,33.555420,0
2731,1681,75.888008,0
1901,2669,64.066673,2
505,382,22.454119,2
1929,936,96.805672,2
1516,504,30.565054,1
680,549,67.402756,1
1441,295,21.671221,0
161,203,8.170156,0
2981,186,89.689400,0
883,2998,65.441460,1
1714,1900,56.928242,0
2541,1074,90.544365,2
346,1836,85.830429,0
1751,2155,98.596291,1
2014,1643,10.464768,1
1552,802,74.292976,2
1808,375,30.868719,2
2876,179,1.043342,2
1390,1095,99.753708,2
180,617,27.467798,2
597,1368,67.981163,2
1846,2465,44.922798,2
2012,1828,75.946136,2
1536,2122,80.242615,2
1671,1438,14.082647,2
1798,1177,95.803108,2
182,108,79.554573,1
1130,891,43.231621,2
1957,1624,27.980320,0
2539,1244,73.557289,1
1135,720,91.981499,0
882,1377,26.438969,1
650,49,94.437347,1
1561,2311,60.106491,1
2842,732,83.531250,0
2479,1269,64.033531,2
1677,1143,51.500793,2
2805,2197,80.394836,1
1008,465,96.268372,2
2575,668,87.935112,0
549,2332,11.217947,1
1731,544,90.511772,1
608,303,43.144398,2
1215,2176,15.005504,2
639,954,50.275616,0
2899,1367,78.010025,2
2774,1255,44.893883,1
13,1012,10.843829,0
827,295,28.489536,2
2371,2892,49.617802,0
2800,555,98.693848,2
2769,1079,36.770412,1
2543,25,11.679544,2
699,1778,64.789398,2
2512,669,85.865211,0
1281,1800,88.146530,2
2455,2506,74.211624,2
2408,2172,91.377052,1
587,2563,88.821457,1
965,1249,4.363980,0
2198,2996,65.096703,0
821,2266,84.956100,2
1006,1887,88.008263,2
1975,2786,6.543144,2
1910,1343,90.462715,2
2258,1497,4.009935,1
1411,1191,1.777590,2
737,179,85.538063,2
2309,511,66.523170,1
2372,2667,2.842446,0
2673,675,17.522703,1
2349,1870,86.134567,2
2838,1780,71.046448,2
2799,1163,26.875248,2
701,690,55.347084,1
314,1915,72.199287,2
2421,1141,16.960007,1
1617,2702,42.645313,2
2656,656,18.234283,1
542,1485,65.448471,1
861,148,0.675211,2
390,2979,24.191965,2
1126,2342,6.641159,2
1521,855,81.910934,2
124,1391,87.334961,2
781,2305,42.048294,1
687,2647,27.134644,0
254,2257,75.127457,1
579,2625,13.573191,0
1649,556,76.102997,0
2990,982,13.181977,2
2600,1394,36.505470,2
2312,124,8.363335,0
790,524,89.738174,2
2273,594,87.711250,2
231,2904,51.673218,0
1433,1109,62.119106,1
995,1004,36.692993,2
2117,804,51.189270,0
2839,2825,39.286480,1
862,1773,4.921400,2
782,173,99.776489,2
1769,2758,43.870060,2
519,2325,76.498680,2
1747,2173,63.038948,0
1834,2772,96.290535,2
1361,2136,53.770466,2
456,1921,51.853394,0
1714,1438,42.696293,2
1806,2545,73.232048,2
1223,1604,57.882969,2
2779,563,99.621498,2
135,1262,67.686920,1
2025,1029,39.134460,2
946,1729,31.806498,2
2165,2196,93.600983,2
2438,2585,21.944433,2
216,2323,11.100027,2
2195,2201,74.871872,2
2713,2276,75.764641,1
2644,2385,7.161344,2
1414,2651,4.695543,1
1795,2080,9.015959,2
1782,141,7.601035,2
111,197,91.965492,2
864,259,87.522278,1
984,2906,80.770126,1
79,130,40.943295,0
2242,615,6.868950,1
2860,594,24.336061,2
12,2051,73.305595,0
1072,2606,69.267555,0
252,400,97.084053,0
1308,2946,76.826782,0
2976,1823,15.349490,0
1575,2974,42.088749,2
1818,637,3.337753,2
165,74,87.895592,1
1282,344,46.127907,1
781,2740,30.779629,2
1213,2133,41.520073,2
1585,782,46.868832,0
552,762,19.497318,2
2029,786,16.527935,2
1755,472,7.043660,2
2310,2901,35.820293,2
2908,1187,28.257320,2
2589,2124,17.427519,1
1650,752,15.011188,0
2080,1916,95.060509,2
1041,2218,7.952391,1
2673,2399,20.333214,2
989,402,2.156802,2
1787,2910,97.608276,1
1570,2881,13.211553,2
1202,1302,88.323090,2
845,1347,66.982933,2
1116,2852,97.117661,1
2237,2225,63.189419,1
2152,1723,31.400221,2
674,2176,21.671221,1
1380,833,28.396915,0
1757,1888,12.898026,1
2361,711,94.884651,1
465,1528,3.487569,2
32,753,58.502625,2
2683,2455,92.811829,2
898,1299,89.808418,2
73,1183,1.283530,2
1963,995,50.141453,2
1053,632,9.381615,0
1449,2943,53.949463,2
1115,2473,62.400410,1
1713,739,11.133235,1
1244,1741,36.936161,1
2986,1857,69.496269,0
1844,2071,9.237185,1
2451,2391,17.039839,2
2716,343,21.500738,1
1597,351,43.945736,2
2453,1215,84.257011,1
306,690,29.183998,2
717,2141,99.743103,1
1653,2202,80.428780,0
2716,2788,40.813454,0
1977,2380,32.692280,0
2516,2077,38.567043,2
740,130,73.633324,0
1172,1104,6.784708,2
1192,2781,41.391685,0
2179,789,80.250412,0
368,838,35.349098,0
2107,869,64.458870,2
856,2459,64.240585,2
1778,2184,3.552014,2
1501,2515,11.415709,0
1248,484,24.867783,2
1841,1752,58.290771,0
2590,1738,80.931671,2
481,2340,20.156996,1
566,341,89.876984,1
1944,405,38.044765,1
1670,2511,39.405636,1
2651,2418,37.146877,0
77,631,24.292614,2
777,1144,47.369362,2
1221,1692,24.352592,2
884,915,7.066711,1
2593,1650,70.956871,0
2193,716,7.404852,0
1925,2878,1.256339,1
993,1639,49.811298,1
2475,1992,80.112213,1
2306,637,69.145706,0
944,1534,42.851433,0
1069,2780,84.023102,1
633,827,11.911375,1
1044,1961,13.124215,1
2525,1024,62.293476,0
2509,1055,33.043457,1
1676,1305,36.616905,1
1157,109,8.784119,1
1143,1672,68.688164,2
690,1033,9.408690,1
1097,2133,6.332994,2
1320,2089,13.173553,2
93,4,59.099426,1
1239,1955,24.784317,2
1954,460,32.463959,0
857,268,2.788672,1
991,292,34.862606,2
1689,2291,69.369301,0
132,1773,80.906059,2
1305,1981,12.390671,0
134,1759,85.964493,2
2197,2400,75.806030,0
968,2264,63.298931,1
911,337,63.122288,0
1035,1673,97.035103,0
2888,2133,13.932437,2
1239,281,40.308037,2
2237,1295,93.032661,0
1016,1960,2.679073,1
645,2473,7.005768,1
2665,901,82.338242,2
2944,251,84.534637,2
1257,1718,26.480263,2
2849,2135,47.557411,1
2919,1181,99.873413,2
1672,408,53.181850,2
2471,2367,97.899384,2
1585,2094,86.210381,2
2862,1633,20.011322,2
514,2453,5.677193,2
483,1024,55.967930,0
1194,2162,89.884613,1
1571,1595,54.870743,0
790,2048,30.933037,0
2209,1026,82.234497,1
372,2288,24.830822,2
1327,2003,22.173115,1
2025,2070,94.908829,2
586,70,63.976139,1
403,1469,4.705770,1
211,2026,5.848013,2
1787,495,34.850964,2
751,1138,46.713093,0
118,2868,65.861145,1
2821,2163,92.581444,2
1894,814,26.072716,0
832,1266,92.236557,2
1744,722,82.570824,2
598,1028,76.674835,2
728,1942,41.404510,0
1101,2722,81.558510,2
2020,2162,32.694218,2
1029,398,74.013939,2
325,1165,45.173946,2
909,1115,24.058136,2
244,1504,47.778160,2
1093,2784,61.641010,2
2367,2666,30.417662,2
689,2862,41.284969,2
927,99,32.075268,2
2851,2973,12.813990,0
2460,2050,80.753708,1
542,701,40.691319,0
1140,1867,60.215008,0
2235,750,23.862741,0
1886,2553,66.645515,2
2683,1745,36.618786,2
2174,1436,64.927849,1
2819,751,15.362424,0
63,378,90.673538,2
1549,2852,73.629410,2
2760,2088,71.860222,1
1997,450,55.589428,0
35,2690,16.630905,2
1141,837,42.152084,2
1844,143,23.259912,2
1749,1373,29.052481,2
1329,885,62.697906,0
1371,522,35.481972,0
204,1236,35.541042,2
1163,2948,2.628388,0
2621,357,62.234818,1
1175,1032,77.598274,2
1933,2622,46.667252,0
1062,93,95.051125,2
1506,1863,69.004677,1
2946,1161,97.214722,2
476,1348,93.603271,2
572,1914,44.126263,0
372,2806,87.700813,1
1496,981,13.964555,2
567,1920,92.347298,1
588,88,59.798958,2
2284,601,12.058950,1
542,1771,68.911095,2
2157,119,3.337302,2
1992,725,25.600128,0
1797,2828,27.001091,0
1757,1165,31.851305,2
42,777,85.117058,1
1896,2433,83.120941,1
145,311,88.985115,2
1442,2156,11.964845,2
186,549,93.739395,0
2097,404,51.886120,2
1591,1122,77.774940,2
2202,1448,90.741112,2
366,2390,23.213223,0
1383,674,98.219597,2
1658,969,30.290207,2
2965,95,12.200966,0
1914,1438,51.981686,2
1819,1547,21.799416,1
2613,1289,84.535187,1
553,1752,6.589120,1
2883,1988,3.746101,2
2696,1253,62.883591,0
1217,2856,21.285088,2
1125,99,2.732411,2
1375,1611,11.594088,1
858,1099,4.077666,2
2670,2979,70.326706,0
326,2414,84.938904,2
250,798,91.334129,2
2052,1097,63.908298,0
2115,238,20.502958,2
772,2692,64.927849,2
2376,626,71.356544,1
2225,66,42.395153,1
2515,2919,32.925354,2
2773,2759,4.911494,2
1228,1852,73.668999,2
871,240,37.986103,0
973,257,54.990417,2
2994,2943,15.812726,1
63,2705,91.786606,2
2737,1714,98.863380,2
1843,1038,12.122779,0
2644,2849,53.521427,1
2038,1031,88.665100,2
803,1634,62.203278,2
1472,1413,87.086555,1
703,2607,49.951057,2
1539,280,75.836945,2
2885,2765,70.314270,1
2590,2313,23.213223,2
199,40,99.451698,0
623,966,5.988838,1
1971,2482,14.598785,2
808,2700,51.953957,0
275,2901,11.455791,0
2421,263,61.983807,2
1196,1908,81.804153,1
2908,758,46.022999,2
1722,2248,25.521362,1
1111,1171,85.128662,0
1556,2146,48.321239,2
2251,2805,54.721977,1
778,1940,45.590698,2
2261,539,30.670837,0
2509,528,39.347706,0
274,2396,74.147552,2
1885,437,25.514385,0
2890,585,26.565317,2
1234,945,11.491439,2
1275,478,16.705322,0
862,2474,76.931976,0
2567,1364,28.064016,2
186,1278,12.660365,2
2589,575,7.146672,1
2999,1829,75.465103,2
115,930,12.604557,1
1141,2545,24.327868,2
1321,2678,99.700851,2
232,892,55.499474,2
834,21,24.478407,2
688,797,49.511269,2
1563,1804,94.979950,2
1559,1949,27.615196,1
73,2715,81.239395,2
1706,442,7.415883,2
2219,1288,56.492905,2
1361,1659,64.896187,2
2337,120,32.309067,0
1088,1090,34.047230,1
1990,215,49.315952,2
815,346,52.323093,2
2949,248,25.321135,2
1063,695,96.722061,2
1862,1879,53.559113,0
1059,2560,1.535773,2
1574,125,1.221680,0
2304,2618,63.964390,0
439,2777,30.506020,1
608,1264,27.457846,2
2717,2082,12.439326,0
2775,556,25.339920,1
2587,1683,76.618401,2
2168,1148,94.381973,2
2948,1952,38.558064,0
893,2197,31.309992,1
113,2344,18.713036,2
1326,1185,74.988358,2
77,257,95.699036,0
262,132,3.755769,1
2617,2147,16.152948,0
264,305,16.517492,1
1087,2312,74.556412,2
2567,2657,14.106604,1
1834,970,20.139526,1
2273,969,0.507822,2
433,2694,63.430874,2
443,2894,65.127243,2
331,630,18.781607,1
722,1805,60.329815,2
1826,1289,28.489273,1
1094,2398,98.365601,1
312,596,18.215014,1
2119,2652,50.463634,2
1399,281,23.213043,2
2727,561,54.243530,0
2443,920,43.182499,1
1719,831,78.111130,1
2367,2548,88.261688,1
453,2220,63.244968,0
2063,467,40.419765,2
2688,29,63.701767,1
858,668,98.816345,1
2024,1602,87.613159,2
258,2803,0.507822,2
1222,1578,37.987305,1
1687,463,78.917931,0
649,460,68.384087,2
1153,1379,75.739769,0
759,1988,7.443332,0
41,1129,75.305244,1
2163,1636,88.954391,2
2354,325,54.001282,2
898,1570,96.357239,0
1975,1137,68.821053,1
1562,46,26.559509,0
2448,1674,6.374658,0
1739,1121,65.861145,2
2537,140,16.393957,1
325,1554,50.136990,2
1138,659,81.870148,2
2420,2226,52.881420,0
2900,2423,20.847887,2
2465,1907,4.350131,2
1441,2080,90.055626,2
2135,463,77.972298,1
1805,2203,47.249199,1
2277,575,49.522533,1
2985,2816,5.493619,2
1249,899,18.634895,0
1454,1292,5.950018,1
1779,724,87.838509,1
599,1508,0.882811,0
996,1028,3.641434,2
708,1255,14.891604,0
796,287,37.245449,1
2388,49,57.994141,1
2512,1274,63.677273,2
417,2400,62.949387,0
2520,1630,74.188599,1
1662,1725,95.889946,1
1130,2446,82.582176,2
2625,1521,34.198627,2
1561,32,81.855553,2
535,995,33.339024,2
1361,2715,33.156742,0
2459,921,64.960022,2
801,2146,41.551117,0
2614,1682,76.106071,2
2469,2871,53.613583,2
125,1939,5.295271,0
1991,2481,61.659782,1
2472,2391,57.047325,2
689,1233,41.156246,1
1595,2478,3.744867,2
393,2697,15.674928,0
116,299,90.362602,0
1603,193,26.342575,2
1746,2616,13.123681,2
919,493,85.914864,0
1912,2026,86.883224,1
2914,878,32.610386,1
1310,2898,80.799011,0
2526,542,60.427044,2
2644,1434,25.330591,0
1908,2410,61.865421,2
1008,692,59.100517,2
1530,399,91.853828,1
1365,602,54.891575,2
2375,1973,10.619487,0
11,1051,36.218754,1
815,2620,22.861734,1
328,2137,89.847870,1
1060,2834,59.188690,2
1310,556,11.066737,1
2682,1752,56.701859,0
26,712,17.168009,0
2251,1303,30.930016,2
2256,1983,77.232948,2
2318,1122,18.911482,2
2678,2292,3.860108,1
278,2461,43.641136,2
2784,141,4.674976,1
1156,774,18.234283,1
59,946,95.680443,2
1705,2987,70.299431,2
2095,2593,39.113293,2
2230,2978,85.654030,2
1088,1405,64.026802,2
365,815,37.323353,2
2276,2287,15.487216,2
2062,1445,33.194454,1
1893,2224,84.665794,2
2898,1675,26.329140,1
1653,1245,97.156830,2
1642,2148,77.766312,1
2700,244,49.381908,2
253,1739,71.469254,2
2615,1282,0.491957,0
2032,2900,45.556068,0
702,2316,57.390125,2
336,536,61.777966,1
1163,1538,67.040367,1
1823,274,35.089539,2
1268,2512,97.422859,0
1572,588,97.035683,2
305,2627,17.356623,2
2271,2730,61.284008,1
2108,1184,82.302567,2
1480,52,16.305496,0
1316,119,23.279482,0
115,231,48.293343,2
2640,2354,45.383236,1
966,788,27.529573,1
1226,1608,56.344799,2
1501,329,65.614594,1
417,329,46.998035,2
2039,2090,73.190887,2
135,1766,40.752865,1
2246,1889,56.734516,0
349,873,4.256906,0
1871,2997,97.059761,2
2977,392,69.833466,2
412,757,36.008606,1
1121,2457,17.013056,0
547,2330,89.700684,1
1327,2673,57.945576,2
1575,1508,44.331776,1
1129,2418,79.495361,0
1533,2202,50.333370,2
2064,2861,91.747879,2
1131,2624,85.589447,0
2005,1475,68.793083,1
2812,2146,77.040428,1
1388,1376,73.332016,1
1911,127,74.774986,2
1747,2066,22.192799,0
2724,393,96.518547,2
30,1566,72.297813,1
1702,1361,36.616905,2
260,2569,18.072775,2
2541,2235,10.144550,2
2405,2160,84.964607,0
2001,204,50.392586,0
2610,2571,41.566399,2
642,1275,7.747728,2
1939,1710,69.528320,2
1563,2895,59.697140,2
809,2059,35.514679,2
1527,112,42.062424,2
2273,927,95.456573,0
2307,1170,67.553123,1
851,485,53.733536,1
1341,2629,88.268837,2
2823,1423,58.771538,2
717,2947,70.843231,0
515,801,96.395332,1
1710,2273,37.161495,2
1303,1246,31.473150,0
2729,2419,65.254555,2
1358,211,1.695379,0
167,1863,83.692085,1
892,207,32.603676,2
2067,2526,49.139271,1
83,839,56.873520,1
2532,795,21.410189,1
1180,1350,23.766996,2
1680,541,59.750725,2
1390,2971,7.379838,1
2666,2997,21.764473,2
2608,2791,63.516018,2
2466,1915,36.882282,0
1635,410,99.514977,2
1429,1509,42.910198,2
1826,1144,91.429420,2
631,713,95.971550,1
88,1112,94.186859,1
545,435,61.211792,0
1633,147,43.772041,2
2372,2155,5.857572,1
2374,2799,51.292881,2
2666,1625,21.503035,2
1971,2087,32.616123,1
1100,2919,49.444092,2
207,2189,56.195801,2
2731,457,81.888809,2
1358,2188,91.426735,1
2245,1806,65.144249,2
289,400,76.298943,2
142,1615,58.889492,0
800,219,76.817291,0
88,2252,97.888672,1
2631,26,30.993805,1
1505,1993,20.446840,2
2036,2809,38.817608,1
2247,1504,87.692810,0
1550,1523,80.293739,0
1192,55,35.217209,2
2803,1078,58.236324,1
2774,931,56.659184,1
2570,1461,27.638086,1
1273,2574,15.839839,1
732,804,69.128754,2
188,2421,61.290649,1
1146,1758,65.889496,1
1019,1508,10.916128,1
2222,1968,68.541336,1
1884,1728,17.755329,2
2799,1268,20.931215,2
1839,1037,22.454119,0
1115,346,55.268314,1
624,1672,81.639328,0
580,567,94.349892,1
876,824,9.185020,1
680,2584,16.210573,1
936,1891,51.547958,0
1569,2073,44.664276,0
1450,241,23.295324,2
2711,1765,38.329311,2
970,729,98.471001,1
472,469,19.615932,2
745,547,47.294270,0
2378,1832,17.926889,2
496,1898,21.364290,2
1434,2479,47.989414,2
1907,2117,35.923103,2
1595,960,22.839930,1
1915,2433,69.625633,1
2410,1869,13.127279,0
1047,1837,82.779053,2
25,1979,33.001972,2
1920,2132,29.944349,0
2284,2354,11.744514,1
2747,1587,62.531300,2
754,394,79.630447,2
2382,2430,36.172062,2
1624,1531,41.536205,2
1899,1240,49.399273,1
772,915,50.905697,1
2526,2620,45.933353,1
702,1648,95.780449,2
851,149,81.034019,2
2979,1615,96.936722,1
1655,2047,38.899815,2
1534,559,87.334961,1
1095,1867,6.115571,1
1616,133,94.009300,2
2175,2523,79.482994,2
858,1877,25.623629,2
1854,111,3.636024,0
2483,683,22.946951,0
2059,143,22.596378,2
1453,1335,3.952334,1
1926,2747,10.196805,2
1721,1848,92.702385,2
2026,854,48.743202,2
2471,2901,50.141376,0
854,2823,88.520630,2
274,304,83.190704,1
1652,953,14.189777,2
2230,2490,37.391861,2
829,1739,37.979149,2
923,2647,72.822235,0
482,2972,44.144070,2
1789,716,15.555203,0
1470,179,23.859879,2
1075,2618,35.914623,2
2101,976,21.601774,1
1794,1275,73.706497,1
1620,2591,31.840586,2
2000,670,3.439025,2
992,1655,72.246170,2
2342,1563,48.466881,2
808,6,62.760227,1
1346,1065,53.980190,1
286,1013,12.097187,2
474,2837,44.089409,2
797,2233,89.357002,2
1608,1585,3.971821,0
2084,1639,21.799416,1
881,704,87.366539,1
975,1090,33.402782,2
1124,171,87.197983,1
1153,928,37.649548,1
2867,628,91.783127,2
873,613,0.491957,1
25,1227,79.190392,2
2832,67,61.058422,2
2623,1930,69.180443,2
17,2960,46.666035,2
725,1487,27.924845,2
2809,2432,74.854828,2
228,2939,28.900547,2
377,1034,86.913414,0
1872,67,57.792053,2
657,1569,81.961655,2
2324,2148,43.052742,2
1539,117,18.273556,1
367,126,34.789307,2
65,391,36.699333,1
1241,1041,71.761475,2
1517,2983,36.788628,2
2036,2283,47.494793,1
2604,996,15.111851,2
202,2345,71.469254,1
706,1603,60.221508,0
512,2931,70.132401,2
121,1419,73.757339,2
349,2876,97.114380,2
2923,242,94.093445,2
1130,2195,23.385286,0
642,369,57.060081,2
1984,1249,69.413025,2
1876,2410,86.830269,2
1955,2243,39.535439,2
1616,1795,22.454119,2
1835,239,44.457645,2
1279,1023,11.898287,0
2555,2519,64.673416,1
323,161,91.650925,0
743,2476,14.721195,0
1870,2594,67.353569,0
2655,2477,18.930569,1
1238,786,16.702152,0
2860,2257,63.172123,1
2616,1324,3.563673,0
104,1497,71.710014,0
919,249,85.500328,0
1886,574,59.520344,2
409,1130,27.492670,0
2879,1640,2.425025,1
366,2020,62.826332,0
1463,1456,93.881813,2
1831,2226,19.317877,2
2983,2577,91.197479,2
1308,311,61.284550,2
1187,831,20.279345,1
2152,2371,86.443230,0
1656,750,52.211235,1
2249,2274,11.990988,1
157,1914,41.320862,2
2291,2102,68.548737,2
412,1673,68.473145,2
1767,979,53.271938,1
2765,2445,87.793625,1
343,713,75.144081,1
1953,893,86.810822,1
634,2858,29.077505,1
1579,435,67.145035,2
354,1454,42.573364,0
594,2684,67.547211,0
2539,854,71.090286,0
928,307,10.451905,0
2197,2994,77.987961,0
1426,2080,98.471001,2
2209,2536,8.634905,1
2932,915,1.834289,1
1036,855,64.896187,0
692,2366,13.327222,0
2952,1585,56.453697,2
5,537,67.744621,1
1189,1633,74.915489,0
1871,2523,13.258289,2
1911,2528,0.865087,2
583,1363,10.378836,0
2714,451,62.107761,2
1167,672,45.028496,0
2231,2489,11.679544,1
2880,151,55.927200,2
361,800,23.220896,0
2059,1824,54.898357,2
495,2739,98.986420,1
2546,2152,24.371227,2
2823,2349,15.699745,2
2313,1268,20.457047,1
1016,1968,58.548107,1
2848,1868,42.882076,2
50,2665,81.195290,2
2762,2880,99.328751,1
479,423,62.526119,1
2533,1472,72.793732,2
1534,2407,46.354328,2
436,2715,2.512698,2
928,1608,79.328468,2
178,2498,6.880713,2
1230,395,59.697140,2
1185,749,74.986526,2
60,1939,75.545708,2
780,898,89.157516,1
2663,2994,26.385542,0
1323,325,18.026209,2
5,1674,2.852757,2
534,2557,7.176227,1
2982,2576,70.458344,2
810,2573,29.881920,2
1298,1413,87.107262,0
2567,174,50.974709,2
2008,1448,11.819809,1
2262,343,40.327019,0
2346,2438,85.944954,2
1469,925,52.777905,1
435,47,93.682869,2
1110,2122,90.310081,2
2828,1944,83.884331,1
2728,802,36.008606,1
1693,1380,18.467432,1
132,318,34.133968,1
2846,1706,73.808563,2
2579,1851,14.346309,0
2698,2279,20.016130,2
2095,349,12.482799,2
1032,2796,6.620679,2
1959,1191,10.828123,2
1722,2151,67.282669,1
686,2017,93.831993,0
1954,2494,53.231567,1
747,1362,70.697922,1
2878,883,14.446830,2
247,1679,58.342983,0
25,752,44.331776,1
2233,1280,57.362648,2
885,348,6.589120,2
154,1874,26.064432,0
1625,715,50.434570,2
2559,2969,51.559353,0
1613,2839,16.761379,2
94,1519,32.434448,2
1262,2093,24.801609,2
806,414,70.540802,0
560,2298,13.926993,1
2848,1848,78.985092,2
5,1306,89.505806,2
2623,1159,31.866598,2
2110,540,89.734993,2
1471,1809,23.322161,1
1392,1569,87.717812,1
2011,1129,55.773109,1
1009,2158,3.852171,2
2955,504,89.954987,2
2686,2843,43.827457,2
2480,2588,11.231374,2
1417,1487,14.070863,0
1610,1867,5.273421,1
1132,336,22.816048,1
2615,2668,34.227257,2
1671,1629,82.779053,1
2406,2197,59.624332,1
2759,568,44.135494,0
95,1627,19.632671,2
170,2514,19.015230,1
1344,253,31.519833,2
2971,2253,59.560040,0
1811,975,27.001091,2
2191,57,31.448982,0
2939,2888,33.750526,0
154,2209,90.522415,2
169,1130,37.888641,2
2536,68,24.992233,2
2659,2342,40.453835,1
1940,0,5.155316,2
2340,821,72.793732,2
1495,2935,42.122093,2
233,182,8.881806,1
2788,1831,86.074928,2
2868,2833,31.969477,0
2209,1250,61.395927,1
1452,482,60.172890,0
1157,748,74.383865,2
828,2362,75.674881,2
2906,2342,17.168009,1
647,353,54.951439,2
2631,2861,88.716125,0
1562,782,66.336853,2
499,1006,73.822990,1
2712,2924,15.145380,1
2413,2521,2.347415,2
801,1863,74.105042,1
665,1739,98.429985,2
1367,2329,74.423302,2
701,2893,9.428382,1
1016,9,75.446091,1
879,235,58.834019,2
213,2315,4.256906,2
2130,1596,18.757265,1
1290,1971,28.145018,1
1467,1330,79.022308,2
913,1536,77.658760,2
2966,2031,58.087505,2
2735,2049,63.823063,1
2701,1587,47.610790,2
837,583,96.164291,1
411,2793,5.140174,2
1628,2837,12.736442,0
2495,2055,88.369125,2
2308,2108,26.621084,2
1940,2485,84.599319,1
2207,2631,3.939516,0
930,2135,89.455139,1
1979,427,0.656609,1
1265,1892,90.611214,2
2878,1657,14.595153,2
1646,1565,97.432159,2
2236,2692,32.877972,0
1828,510,82.083054,2
1312,1810,48.619850,1
1920,2949,28.547176,2
1952,2217,58.064556,2
2339,1355,66.928749,2
1203,2294,80.077400,1
2628,811,49.088310,2
391,548,99.720703,0
1721,1268,53.022579,0
589,1019,15.040837,2
1547,2943,87.352707,0
955,2929,86.889977,0
689,2911,32.989063,2
464,2869,77.585358,2
542,1041,36.763683,0
1346,13,95.503799,0
619,878,82.061302,1
1643,2153,16.305084,1
2805,2770,96.450462,1
2892,433,52.636921,0
2616,1705,31.134897,2
2316,176,67.987038,1
2336,1383,41.903996,2
848,2312,15.467576,0
508,1997,42.773121,1
2406,497,66.149200,1
2739,2217,11.367856,0
167,2455,74.736160,0
1320,2412,93.090157,1
2443,1805,7.153992,1
2139,439,53.712006,2
1333,2189,38.783218,2
1133,1706,32.156193,2
1563,2117,38.145000,2
531,2441,31.821066,2
1402,957,65.067802,1
682,117,40.378605,1
574,1019,56.829956,2
1412,683,50.905697,0
2918,2376,8.489280,2
1262,2937,82.261787,2
1647,1340,86.564095,2
339,2732,6.415829,1
380,214,22.795258,1
1043,2193,94.110382,0
2029,146,33.051834,0
1057,2432,51.122845,0
2491,1105,21.557775,2
1379,36,17.320839,1
1868,2377,65.874031,2
1128,26,81.855370,2
2167,281,69.340408,2
1981,937,11.096109,2
1957,88,81.680946,2
2504,250,29.138462,1
876,657,20.413885,1
899,2689,89.189758,1
1574,235,51.884064,2
2849,1895,96.114731,2
33,1692,62.114578,0
915,86,7.651381,1
1111,978,35.783840,2
2470,1582,61.259670,0
116,2878,66.459473,1
2971,1624,64.091537,1
1807,670,80.876083,2
1751,565,66.076042,0
2216,1165,77.412224,2
751,2895,59.663239,2
1368,284,77.720856,2
2956,1768,31.705910,1
1843,2244,46.004074,2
723,2375,21.779163,2
1271,2420,5.807952,1
1471,2739,31.195066,2
2348,2589,25.190088,2
2773,1955,50.613434,1
1180,1791,66.719826,0
1172,38,51.922184,2
230,499,58.064556,2
2023,1060,23.461740,2
469,268,42.914101,1
2095,490,77.469719,1
252,1644,89.610222,2
99,2603,8.387029,1
1177,2247,77.870827,1
1488,1012,69.072281,2
135,1824,97.422859,0
1788,1551,86.666092,2
1002,650,14.574875,2
1653,253,37.157589,2
124,1319,65.255257,2
2015,2003,65.641968,1
1062,1932,72.878128,0
1463,1049,42.223701,1
838,800,36.699322,1
538,513,65.157753,1
2172,759,47.290634,2
600,326,77.764336,2
2090,1439,5.190480,1
2601,2871,89.161407,2
362,379,23.766996,2
424,823,62.802525,2
1242,2090,56.569080,2
92,847,15.579952,0
2396,2628,54.681259,0
1000,378,42.392143,2
2081,1242,93.578690,0
2396,1437,52.585857,2
439,91,92.634750,1
2619,2518,22.644939,1
1429,1850,22.875355,1
2083,2755,74.409248,2
2450,2347,45.998875,2
1410,1185,70.646141,0
1417,679,42.150986,0
2338,2996,54.711365,2
2046,911,23.431763,0
2777,1,69.740448,0
1922,684,16.100937,2
298,1033,94.425606,1
2151,2217,87.497528,1
506,2806,42.195774,1
2988,644,75.022339,2
646,1744,57.994141,1
1412,1454,55.797142,2
1842,2581,72.746651,1
13,869,58.721531,2
2469,462,33.454739,1
487,2797,5.905082,1
2393,1542,85.215782,2
1762,2494,50.984238,1
671,1389,4.292636,2
2044,2852,96.003960,2
1612,1912,8.117875,2
2727,800,39.205490,1
1455,2044,31.365559,0
589,917,87.115295,2
1115,589,91.303947,1
2937,2547,0.119787,0
2300,1232,74.891724,1
389,226,97.473000,1
1478,1214,5.057173,0
2795,158,1.256339,2
687,893,6.768028,1
817,1280,71.359726,2
1183,464,2.986324,2
1173,2392,84.494743,2
393,1651,98.020798,2
1287,2681,78.766876,2
2120,146,37.984653,2
350,2969,97.576134,2
1009,1135,3.172844,0
1118,90,17.191973,0
680,2768,11.472708,2
1017,1939,56.270031,2
1481,767,88.138672,2
878,963,19.799807,1
1286,1934,42.788101,0
1056,1981,45.627045,1
2858,1574,72.691032,2
1284,515,83.736229,1
251,2955,87.401749,0
40,2266,57.748535,2
2738,258,21.500561,2
1867,848,82.573502,0
1747,405,82.115891,1
1031,88,75.925247,2
844,1560,48.011547,1
2915,1894,16.683464,0
38,97,87.196815,2
2392,1104,99.953705,2
47,1932,28.164671,2
2393,126,99.045197,2
1253,2958,70.934669,1
1716,574,74.489273,2
953,1952,44.000690,1
1128,1974,75.716316,1
844,1305,75.038826,1
2499,0,8.315820,2
1486,1673,64.410278,2
1667,2154,36.518723,0
2531,2812,15.331999,2
1980,694,56.200024,1
2167,1554,70.975777,2
2587,1043,84.583176,1
1306,1068,97.214722,1
1057,2586,83.602097,2
1160,1212,66.473175,0
1356,1160,40.385983,1
2780,2388,10.322652,1
117,2836,82.755936,0
2121,2566,90.522415,0
1380,1436,48.743420,2
776,445,77.228806,0
1016,2420,39.195644,1
2445,1011,52.424423,1
249,532,67.754555,2
548,516,3.225183,2
1098,599,96.975189,2
2483,1231,57.632374,0
2965,1731,40.433292,1
303,390,80.391968,2
2796,215,31.007187,2
419,1238,30.491199,2
1574,1182,94.725754,2
2236,1693,76.723282,1
2310,1995,28.261904,2
2572,631,62.091011,2
1606,1875,67.857864,2
1340,1311,20.579020,0
1901,1041,72.347549,0
1175,1483,85.558067,0
2514,1669,63.897995,0
2920,1495,36.326340,2
519,2356,22.188578,1
582,1681,78.027214,2
2544,1264,77.399048,2
1538,955,43.232037,2
809,833,48.811119,2
513,473,40.997051,1
1119,1690,78.524971,1
290,2598,50.073101,2
585,1376,83.436752,2
1244,907,30.722786,1
812,1619,52.271080,2
2680,841,86.463135,2
467,985,83.517975,2
2842,2319,66.879547,2
408,1010,99.728065,0
2197,582,17.686852,2
1087,537,22.914404,0
2740,2945,98.853035,1
1940,735,63.029037,0
1411,214,4.412061,1
395,1131,93.406586,0
1504,2644,85.999031,0
2717,1313,44.562401,2
2282,1834,68.866684,2
492,147,30.474325,0
194,2984,64.454063,2
902,1777,2.463741,2
2173,25,63.491383,0
2173,1550,78.162773,2
2938,601,94.047516,0
2939,1182,87.117317,0
285,2502,94.105705,1
409,495,46.347481,2
238,115,95.045868,0
1918,1300,67.575920,1
2632,1986,53.783550,0
2471,598,15.085676,1
1525,452,57.945576,2
1375,265,36.997189,2
947,2869,98.969833,0
2692,2240,19.949064,1
2778,2320,5.477223,1
2641,1993,45.986336,2
2567,1709,32.058014,0
789,1102,59.797684,0
2116,2549,21.837143,1
1478,679,64.705345,2
1861,2847,22.781210,2
1555,2347,42.316612,2
1999,2569,36.774620,2
519,579,15.885530,2
1270,703,58.195747,0
1681,720,61.241680,2
2221,2661,2.550263,2
388,593,73.654213,0
2981,944,64.250015,1
1536,1005,60.172890,2
1941,2565,29.562475,1
1079,2319,43.028435,0
2885,185,34.341011,1
880,404,35.002331,2
692,237,94.563866,2
2592,18,39.693542,2
2867,971,11.407090,2
2573,1575,18.742083,0
2342,559,10.703755,1
2044,2497,99.098877,1
644,848,34.511513,2
2248,2378,97.214722,1
2937,676,64.701401,1
2543,769,28.544344,2
1807,1349,44.009487,2
84,469,0.586519,2
1420,1273,73.656685,1
1292,331,74.280724,0
1369,2691,17.650234,1
255,2641,22.858370,2
1919,477,39.174221,2
2488,894,27.050745,1
411,2436,90.413689,2
188,1307,12.910244,0
646,1679,73.074776,1
1720,952,62.098263,1
1619,1077,40.832771,2
1467,691,51.561001,2
32,1079,6.124596,0
28,2733,46.627419,0
242,1337,84.392815,0
1585,830,29.237659,1
1498,876,45.986336,2
1872,2064,41.356228,2
578,2433,4.371068,2
942,549,6.992973,2
1262,60,4.459798,1
2073,827,98.986420,1
2434,647,28.415939,0
794,1553,13.312608,0
2779,2605,54.818653,0
366,1244,26.671513,0
1665,1779,22.369814,1
700,1295,54.608444,2
1046,2826,23.872244,0
687,2196,77.589783,2
2242,1276,96.207130,1
470,1821,36.788628,2
1914,2169,11.793207,2
684,706,84.848579,2
32,140,83.436752,2
268,2216,43.231621,2
1755,318,13.931931,1
2337,2187,98.504501,1
2638,2656,24.276608,2
1239,2943,5.379502,1
2504,313,36.741951,0
615,1572,16.818676,0
1459,2003,81.944359,1
2076,431,81.628021,2
2668,877,98.833885,2
1014,344,76.445282,1
870,1100,57.361374,0
774,848,5.836951,2
1952,1387,49.724358,1
1208,951,35.295937,0
1643,597,88.076057,2
2792,2880,36.952332,2
2316,1044,81.573540,1
219,550,1.914845,1
2221,1175,69.635994,1
2151,1787,11.895922,0
1613,1800,61.859837,2
2838,1801,12.603750,1
1239,1215,88.523911,1
733,2923,14.585656,2
222,158,80.112854,0
2272,603,91.002892,1
2640,2387,95.675392,2
2685,2167,29.670319,0
1341,2153,37.060276,1
510,1157,10.578620,2
2085,1592,5.018765,1
2514,1287,89.747597,2
1129,117,73.974564,1
1717,111,25.836130,1
145,1203,54.312180,1
1585,2814,46.272007,0
2678,1258,27.001032,2
1049,2591,15.659977,0
54,1122,39.989117,2
1293,1201,97.474869,2
1702,2201,12.086743,0
950,1631,7.706080,0
1486,788,68.305092,2
1402,43,67.695137,2
2503,514,55.725014,2
1566,1513,69.496056,1
2249,2392,81.255501,2
1017,171,14.381414,1
1789,2875,59.985722,2
2649,2833,63.067688,2
498,1464,29.543890,2
2737,970,90.133720,1
1476,2609,55.320705,0
2476,227,80.970047,1
889,1228,29.142450,2
2753,401,54.216156,2
2534,1481,48.859226,0
966,2073,43.731373,2
2896,2631,26.696651,0
218,1309,40.997051,2
1116,2128,63.635338,0
509,1689,35.518627,1
50,912,84.434814,1
1954,1183,50.024540,2
1302,2949,86.341743,0
1154,2472,22.325247,2
1037,2397,47.732204,1
192,2845,21.997034,2
108,1143,29.383627,2
2652,2873,58.530487,2
2253,2331,41.402660,2
2981,242,1.201554,2
819,1594,39.321102,1
1595,683,59.367653,0
913,425,65.748138,2
832,2104,22.834970,0
839,290,42.316612,1
2218,2542,10.817131,1
142,1264,53.277222,1
637,446,15.411487,2
2963,2711,44.610603,2
2460,1620,5.807952,2
2515,2193,28.232964,0
383,2640,24.283318,2
371,290,24.572262,1
2770,1223,34.881142,2
1391,1004,57.758694,1
964,207,65.358498,2
1305,1283,46.929035,0
2699,2684,15.461414,2
1504,2856,50.950897,2
2338,879,38.192852,1
1862,1418,32.442543,2
2935,1785,29.336107,2
1729,2894,93.667717,1
2144,282,44.909904,2
395,2269,37.481281,2
1599,794,23.842682,0
800,2246,23.926624,2
2024,273,82.318550,1
2021,833,85.656189,1
2345,2156,24.735723,0
208,2033,29.733990,2
306,1584,63.904858,1
923,266,49.092026,0
2407,2562,56.745899,0
1664,1790,71.336502,0
383,1016,50.062317,1
1641,1506,29.542522,1
16,1418,62.419701,1
724,1240,34.242329,0
1024,2842,96.825340,0
579,2524,15.461160,2
456,2143,33.470184,2
2966,2820,83.296242,2
2573,910,76.674835,2
363,236,2.017148,2
487,1475,5.857572,1
1293,1478,40.147900,2
50,982,79.806488,0
1248,464,80.447693,2
1226,2965,77.083717,2
2721,2304,69.163254,2
2670,2898,85.395416,1
2845,2493,45.888248,0
2326,767,25.702999,2
2200,2437,69.630501,1
1843,2589,26.504255,1
2713,2004,24.794128,0
1762,1791,41.453842,0
2747,848,90.178734,2
1458,2333,62.473366,2
1670,403,75.194374,2
2569,62,80.199333,0
339,1610,32.622490,0
2427,2021,97.679512,1
836,2674,4.183581,2
1569,1796,52.211235,2
416,1524,37.952610,2
1066,262,65.590736,1
1671,992,28.446346,1
2230,773,57.552692,2
647,609,14.092862,2
956,1585,85.581032,0
1200,1879,14.452728,0
2306,2266,57.626198,2
2219,1088,2.512022,1
76,1530,38.549519,1
2067,343,40.689903,1
1031,241,24.142174,2
2579,968,63.809685,0
2335,1705,89.736977,0
2291,285,59.731613,2
1021,599,68.915375,1
2296,784,99.445778,2
675,1089,19.237700,2
1826,2972,4.881158,2
2295,1210,96.661255,2
2437,1341,86.621597,2
82,785,68.258865,2
1914,1702,96.301552,2
98,410,42.318363,2
880,1073,7.554003,2
2283,2243,53.300465,2
1287,716,3.565428,2
2366,57,87.619545,2
2689,879,82.657806,0
1598,457,81.602898,0
1454,1702,93.630753,2
2742,740,79.526825,0
420,472,76.902199,2
1639,2414,61.708500,2
678,1750,24.458204,1
145,882,48.513149,2
2233,1535,12.254994,2
583,559,87.473656,0
1141,952,10.845932,2
2724,2478,87.615440,0
2035,288,13.044720,1
1969,1601,32.031815,2
1217,1519,22.561136,0
2839,1154,62.422596,2
576,1169,48.759102,0
539,809,57.754910,1
1932,2819,87.311279,2
2826,1711,13.964555,0
10,2246,57.289215,2
2898,5,22.401192,0
1105,330,75.022339,2
1073,50,35.711407,0
1883,34,63.776131,0
359,377,63.369896,0
2503,2755,80.099579,2
2007,477,75.542839,2
819,2271,13.573191,1
2182,1021,20.847887,0
2750,749,57.759369,2
2760,1685,51.574543,2
2590,1984,35.983253,1
1838,2538,47.195797,0
2074,2867,63.067688,2
2543,955,7.806039,2
74,2132,39.319824,0
155,2086,75.007202,1
1383,1496,57.016048,1
2905,2898,2.659580,0
2859,2032,15.179010,1
2903,1669,5.683237,2
2451,998,21.926252,2
458,1276,45.182732,2
1177,645,51.492348,1
2532,1008,52.759991,1
2947,498,82.404579,2
2654,1179,93.460419,2
1718,1937,64.773209,1
1492,1412,66.256165,1
2420,1382,81.900536,1
2743,414,22.043089,0
2516,1662,9.873120,2
1289,890,26.178425,2
2756,1275,7.723593,1
384,538,59.265205,1
2771,2470,70.659943,1
523,891,23.505463,2
790,1003,53.267555,2
51,2758,64.072693,2
1731,1404,96.446121,2
2340,1316,98.281578,1
1452,1224,9.196826,1
2468,705,21.154053,2
2989,1569,22.025984,2
1196,1915,83.600891,0
1693,224,49.279503,2
102,1244,99.147163,2
338,2243,11.084408,2
2190,1507,29.391211,0
1181,2001,15.762068,0
1698,2542,88.613823,1
1686,2053,26.902918,0
115,1443,25.181091,2
411,2066,33.778774,1
942,1710,89.123192,2
1292,154,86.382118,2
2458,2323,97.419365,2
2538,1929,33.586311,2
2922,334,62.187187,2
1846,2526,98.220078,1
2979,719,4.671582,1
2430,758,36.455017,1
1895,1113,88.732071,2
2139,725,59.859631,2
2712,651,62.373653,1
2148,2823,22.748287,0
1696,1638,84.857849,2
795,1891,66.463524,1
1872,1854,78.088226,2
95,2033,43.576473,2
877,2778,13.803473,1
679,2001,82.279610,2
2102,553,86.072044,2
399,2770,40.194275,2
522,1354,39.004837,2
2829,2777,6.692441,1
1694,25,97.279373,1
273,580,80.030136,2
2938,1109,54.296146,2
2524,1654,1.619646,2
2050,2084,29.455313,1
1502,2835,18.995392,1
1946,2088,47.768871,1
935,780,36.509987,2
2110,432,52.841450,0
2044,1726,99.583138,1
2673,1888,74.145821,0
2717,2,10.827784,2
284,965,19.445696,2
1839,697,97.301346,0
1477,2632,38.174961,2
1238,1113,87.556458,1
2858,134,83.602097,1
2919,2781,5.273421,0
2109,2837,91.201958,2
577,2820,57.024895,0
426,2866,38.386154,2
1123,557,24.768204,1
2004,495,18.008965,0
2594,541,56.645813,2
2129,1606,79.094460,1
1880,2974,64.626175,2
2704,311,76.791695,2
2099,1102,35.739357,2
2232,2891,48.091137,1
1752,2820,86.767891,1
248,419,54.697525,1
313,2106,65.665993,0
2318,2362,50.993271,2
64,147,90.428833,2
1567,367,37.115665,0
1768,545,8.131154,2
563,2047,82.215782,2
247,211,70.174629,2
864,2378,40.813633,1
143,1792,70.129547,1
2148,2866,73.472786,2
1706,2093,34.217152,0
794,106,16.120628,2
890,2632,91.329918,2
253,2467,58.017708,2
1630,350,66.336853,2
865,2441,68.218369,2
862,2442,54.861141,1
1208,952,97.432159,1
155,809,35.585915,1
50,1232,99.183258,1
2886,826,88.724228,2
2948,1866,13.031356,1
2723,1452,61.840145,2
145,1470,47.112438,2
1651,648,45.928337,2
2605,1304,68.791771,0
1881,189,45.079803,1
1112,1046,46.195950,2
2270,414,33.380882,0
156,2668,11.499710,2
991,1872,6.429791,2
1567,1730,73.633324,0
600,1322,65.226799,2
486,1039,45.964924,0
1113,2745,6.201042,2
956,1134,95.103836,2
718,2085,85.697662,1
1552,2930,15.567349,1
1418,410,91.660080,2
1668,270,41.386364,1
2621,2902,82.999306,1
398,1375,81.683708,1
43,2532,27.178362,2
547,1563,63.148914,2
920,24,33.269642,2
2882,1280,60.381161,0
2673,492,94.669830,1
2719,1038,28.217710,2
1409,1045,73.791649,0
2188,993,20.916336,2
2956,1703,22.176250,0
587,1216,14.053514,2
2478,39,24.935162,2
480,544,55.755913,0
1562,2233,96.875648,2
290,407,72.107712,1
1511,454,42.749470,2
1913,1669,32.096169,2
2040,971,17.419413,2
2742,1518,34.875610,2
2856,871,50.928219,1
65,2370,63.908596,2
1151,2148,69.936180,0
2190,2395,46.846535,2
1993,723,4.545563,2
2060,831,9.309283,1
321,2916,72.430962,1
2226,648,41.386658,2
1441,692,57.850792,2
1386,1427,5.466313,2
1623,388,60.006012,1
184,752,45.917191,1
797,365,66.131332,2
2493,664,92.333229,1
523,1735,29.092421,2
1983,340,26.471483,0
957,2650,24.144157,1
2190,1832,75.451790,2
2156,1435,64.983414,2
2827,2121,31.785446,2
12,2331,93.072556,0
1691,716,6.030139,2
1545,2092,17.445803,1
2746,2998,0.604921,1
381,2936,62.721714,1
2319,2586,56.863388,2
786,1916,51.879120,0
1168,1985,87.062927,2
1063,285,15.556474,0
2447,878,10.695874,1
2283,994,53.562660,1
380,2739,64.494148,2
2466,1292,4.093047,1
810,2361,69.072281,2
2686,398,50.974709,2
2964,1201,57.897270,2
549,1780,50.064629,1
2359,2589,46.490177,2
578,567,23.606382,0
953,1372,32.833012,1
374,1995,9.356956,0
2275,1781,91.049797,2
1310,932,95.579498,0
2368,2118,60.392899,2
1717,1003,87.739677,2
2719,2145,61.408981,1
2100,1849,21.744125,0
775,697,97.194328,1
1874,2075,93.726601,0
2541,1637,32.638599,2
22,2801,35.409733,1
199,2567,37.302223,2
1056,1323,96.632645,1
2518,235,86.891785,0
140,1129,40.417145,2
1617,1843,66.292770,0
2696,2607,29.072449,2
2658,1154,30.110275,2
313,1875,67.954529,1
1444,1109,92.802277,2
482,1774,48.305962,0
317,2755,15.852962,2
1223,2554,22.683746,1
1294,2791,47.094250,2
2259,918,71.174011,2
576,2696,90.413689,0
2594,2951,95.767075,2
2704,2517,67.754555,1
460,1404,25.782902,2
2044,243,26.877531,0
473,1644,20.931215,2
2489,140,13.388965,2
1724,1503,87.744255,2
705,1027,74.805756,2
2503,2885,43.500397,1
164,2979,91.685921,2
2967,268,70.470909,1
1796,769,24.802608,2
2190,470,97.311104,2
2092,671,69.504143,1
268,347,77.364029,1
2234,1512,42.354301,2
2208,512,88.074776,1
1404,2064,87.585892,2
1070,710,16.609781,1
1564,842,95.422508,2
1713,2263,13.734015,1
1029,1269,41.143402,1
302,16,79.240784,0
2442,1768,29.073984,2
1631,2546,87.993790,0
943,2665,27.781776,2
2287,473,44.071018,1
1587,1540,22.463993,2
616,2080,95.293411,2
2698,2031,76.952744,2
708,2356,99.036598,0
1611,2644,53.781399,1
1735,2453,85.101593,0
1556,2475,78.567429,2
1881,2313,18.702778,0
202,1607,92.559708,0
973,1693,82.285225,1
730,457,67.340950,2
497,128,67.695137,2
2850,408,15.843000,0
2857,1716,66.272079,2
1337,2501,43.825134,1
260,1602,35.194469,2
1153,1992,9.257071,0
2771,1617,24.369740,2
2897,111,42.895245,0
1348,2522,57.640911,2
2539,1090,48.597557,1
2969,543,14.630578,1
1773,2045,86.750595,1
168,1204,19.585014,2
1766,580,46.870785,2
757,1401,12.165791,1
734,1329,42.749863,2
484,679,9.601524,0
1837,891,16.351891,2
2273,431,8.352156,2
2651,1317,85.820885,2
2273,954,4.788444,2
2680,2373,79.427544,0
1562,686,29.215477,0
2411,1766,67.662254,1
54,623,68.836197,2
2428,1492,34.319489,2
940,2034,84.715256,0
2941,2190,2.275498,2
2255,1991,9.830282,2
2949,2186,46.789848,2
1366,1226,63.361404,0
1243,2930,17.460804,1
2440,1423,16.404793,0
1319,2655,41.083115,1
1829,1229,53.181850,0
2992,2345,59.100471,1
2362,554,80.312119,2
1076,1910,85.964493,2
2586,552,18.813583,2
880,382,94.577888,1
405,1308,44.287041,1
200,358,11.418378,0
2452,2291,59.868526,2
1083,2991,24.880278,0
1641,310,93.198349,1
2251,268,35.826729,0
1675,1257,91.741386,2
211,1809,94.197464,2
2091,2290,38.319588,2
2925,106,59.248474,1
1517,1563,71.604736,2
2180,2047,61.653637,1
1900,1591,34.368389,1
2367,1974,89.183266,1
1900,426,37.276810,2
894,1360,21.507042,2
1365,1066,31.101713,1
2968,1576,99.752342,2
2108,2795,37.383240,2
1388,983,32.719635,0
1870,2645,24.268970,2
1320,324,17.385805,0
926,1810,2.521596,1
2702,32,90.192871,0
620,664,7.928351,1
1957,2889,94.087875,0
2182,1414,99.774925,2
2409,1244,75.581589,1
1552,1175,85.067932,1
2016,2731,54.300488,2
2052,725,94.669830,2
2965,125,82.592674,2
1430,2020,37.957184,2
1119,2088,14.054888,2
2129,287,8.210038,2
2236,2490,58.833275,2
293,1223,27.492670,2
2309,1906,22.407745,0
1203,1417,70.142120,2
1009,96,21.809906,0
441,2765,87.838509,0
2299,2350,1.037607,1
1693,2957,25.665997,1
1710,1486,50.170700,2
495,2959,6.563298,2
587,2487,3.536137,2
2204,2600,98.249458,0
2014,2891,24.747847,2
2345,79,80.782356,1
891,1101,21.037424,1
2986,509,27.902065,1
578,1163,26.412809,2
2800,2568,87.571465,2
1587,804,26.422131,0
854,1116,98.476440,0
736,1816,3.759232,0
2811,2993,4.895924,2
2250,2607,49.220718,2
939,2562,30.200491,0
1212,2522,54.523521,0
1520,777,52.213623,2
2135,1009,90.730927,2
2205,2454,38.789089,2
1233,2347,88.710747,0
1355,967,9.333063,2
1719,880,3.839757,2
830,700,5.501989,2
1315,2896,48.011547,1
1631,870,97.008377,1
1196,2250,77.394600,2
930,2951,40.745667,2
1477,1907,81.982452,2
267,1485,62.461300,2
2464,830,28.805252,2
432,2661,50.103115,2
2058,2647,51.512203,2
2138,1961,65.171127,2
1621,883,34.348362,1
1628,2617,63.465809,2
208,2177,58.232357,2
124,1807,15.331999,1
2949,1657,28.566031,2
2593,2024,33.047527,0
2884,960,57.649918,1
2574,1952,70.369415,1
418,524,98.288368,2
2160,1012,78.010025,0
1601,1917,15.280580,2
1237,259,86.255135,1
713,2331,37.632164,2
1152,1589,10.280045,0
2293,2030,25.215557,2
2498,58,25.304054,1
1720,2810,97.820465,2
1809,2748,59.858147,2
580,393,95.699036,2
2597,2937,86.481628,2
85,2475,96.730598,1
200,2341,18.508451,2
1460,1580,56.090656,1
2503,232,23.340376,2
2002,2879,54.523590,1
1168,431,46.582214,0
1795,91,83.007042,1
2159,1421,51.769588,2
1210,783,96.842201,0
2317,1221,16.527935,0
677,1618,47.196041,2
280,2748,89.144897,2
1132,1730,26.362288,1
748,1047,15.067519,2
765,760,41.096260,2
1023,1978,87.138580,0
2766,675,57.359642,1
896,1358,72.199287,0
1935,1255,41.295547,1
944,2585,31.956009,0
2838,263,81.303162,2
2854,1680,13.823122,2
1025,590,66.546974,2
1869,1112,5.439219,2
525,846,45.353161,2
280,1794,81.775894,2
2915,2173,44.573082,1
48,2837,85.742973,2
2154,448,44.618042,2
2324,2079,28.718769,2
2748,1164,40.866169,2
1829,872,56.703751,2
1667,2829,66.552643,1
694,182,93.666252,1
2153,388,27.178362,0
2111,2863,78.178528,1
1053,876,88.144653,0
555,2108,85.680573,2
921,1569,7.189342,2
2562,435,73.820824,0
2883,2114,23.543205,1
12,555,48.132454,1
2547,1263,10.949472,0
144,13,39.382545,2
1727,2240,88.519669,2
1330,681,33.258793,1
2993,2216,64.872696,0
2338,2325,99.757996,0
1804,771,48.260162,2
1157,2843,16.817528,1
2193,2618,68.715340,2
1339,91,68.035896,1
1148,437,40.832203,2
2991,770,59.043705,1
993,672,12.290318,2
124,2054,2.201495,2
2971,2899,41.768948,0
1580,1338,29.190990,2
2401,595,70.174637,2
1091,1163,30.022173,2
450,1770,24.450016,2
240,982,41.241047,2
1638,1620,3.763300,0
2014,410,20.722504,0
2685,1961,76.908287,0
992,2648,17.707392,2
2137,1526,77.867805,0
2664,52,86.486656,2
2422,2124,77.035141,2
523,1991,9.096652,2
2958,833,99.375771,2
2796,264,5.464352,2
1755,754,91.591354,1
517,2254,36.652679,2
2526,2190,34.390316,0
1111,198,77.612206,2
458,2646,12.366822,1
2207,1465,34.789307,2
2305,2071,44.837811,1
734,1114,6.009058,0
649,1314,20.387383,0
272,2981,25.374609,2
2912,27,58.447910,1
954,1544,84.966148,2
2019,708,56.459373,1
2346,1074,74.514885,1
2560,252,11.632046,2
976,2516,80.620560,2
2833,2036,95.361031,1
413,1154,7.388279,0
677,221,10.332598,2
978,2973,29.511324,1
338,1430,43.171997,2
603,2415,8.406764,0
2345,1320,39.866337,2
1659,1047,80.359184,2
2169,393,57.992039,0
2453,2379,39.336426,2
1543,462,23.951990,1
1088,2841,30.481415,2
844,412,36.883919,1
1499,2015,28.547176,1
2098,1190,50.319935,2
2629,1265,50.974300,2
996,2728,11.378096,2
1855,1771,65.436226,0
2627,1746,77.749580,1
550,1425,51.020683,2
1689,99,91.973740,2
2295,707,23.782188,2
132,2304,67.686920,2
807,2163,97.407356,2
118,290,14.964123,1
2726,2822,39.539501,2
2466,1218,22.739527,2
1937,1078,21.976570,0
1551,2503,86.367989,2
1119,2217,45.179817,1
127,709,3.719161,2
2426,962,64.371391,1
2679,185,57.025848,1
675,1428,71.896996,1
1207,1364,26.669365,0
2400,530,4.715178,1
2864,2353,70.287811,2
890,1813,20.722504,0
2707,2169,44.876194,0
1476,647,95.007721,2
959,144,32.328728,2
1399,1089,69.828049,2
2412,545,81.179779,2
888,1696,21.648916,0
487,2036,77.551567,1
2621,2731,18.568935,1
2737,1447,26.727043,0
209,1264,68.027985,2
914,766,60.588230,2
2684,183,85.650093,1
169,1949,17.927769,2
395,1407,31.044640,2
1304,2215,61.071999,2
75,2556,23.060301,1
160,199,96.505241,2
1222,2035,13.756628,1
605,227,89.056282,2
596,1007,10.529558,1
1100,2271,10.044086,0
792,2100,36.380882,0
428,1947,26.245218,2
982,402,40.672134,2
2631,2181,12.587655,2
414,2219,21.500738,0
1894,2901,4.864771,2
2191,929,4.706814,0
2608,2153,56.266312,1
2332,66,87.759422,0
414,698,39.539501,1
1403,284,44.246174,2
2870,2929,34.386787,1
2217,2105,9.532136,2
224,2754,83.152122,0
134,1656,39.173561,0
1367,1135,3.420372,2
2952,1925,96.642632,1
2419,1922,96.450462,0
1141,117,96.571259,1
2505,619,86.709732,1
367,370,52.420540,2
2384,2293,95.662048,1
2996,233,60.341648,2
1439,958,78.031456,1
411,1093,98.812935,1
2921,2171,95.313606,1
1675,1798,63.725853,2
1596,2452,91.261642,2
14,1204,70.946770,0
2530,2916,29.704012,0
711,565,55.326424,1
2301,2218,11.471965,1
2562,1025,25.813637,0
2625,1550,46.422070,0
2578,1646,63.055092,2
516,1931,65.576050,2
2436,935,33.543140,2
2378,931,9.460656,2
664,2606,52.886234,2
2463,1007,13.633540,2
352,1173,82.757355,2
379,49,18.757265,0
113,2489,95.818222,2
2839,2982,76.923775,2
1631,1027,6.389787,2
2376,2174,28.557041,1
2440,861,14.049258,2
820,325,38.941856,2
2779,1488,35.205379,0
354,1177,96.427704,2
1741,2618,97.360527,2
1443,2125,28.260227,2
786,133,1.312896,2
961,300,98.279610,0
1601,60,75.369759,0
2497,2514,27.324770,2
2095,2759,12.083163,2
1202,1440,2.293954,0
2277,1094,92.937500,1
1276,2482,14.028876,1
2988,2877,63.309376,2
1634,2774,81.764488,1
1766,781,36.491730,2
132,2086,85.318405,1
2086,2385,66.365776,2
630,1788,6.048861,2
676,226,1.954058,0
2623,1826,46.304310,2
1963,2628,91.507103,2
738,2050,62.187187,1
871,1150,72.822662,2
559,1050,89.401138,1
324,773,70.673157,0
311,2463,50.545460,0
257,2345,94.110382,1
2442,2196,32.462166,1
1829,2218,84.992477,1
55,2515,92.599045,0
552,1855,73.060776,2
23,594,78.439789,2
54,2361,60.617611,1
1944,1425,14.453799,2
187,1175,11.478580,2
2081,990,12.493994,1
23,606,18.110323,2
2647,1762,33.940418,0
842,751,63.359810,2
911,1536,20.981298,2
1948,134,53.277222,1
775,2241,97.231827,0
1801,1086,47.784813,2
2866,981,97.007515,2
2141,580,89.202896,2
2859,2173,13.345347,1
2429,939,79.986282,0
1448,2927,99.930901,0
107,2695,54.331581,2
294,789,55.722004,2
2421,2427,88.814613,2
328,96,86.509308,1
2223,2995,94.055321,0
1145,2180,67.259613,1
34,2988,7.661193,2
1472,2998,95.825417,0
2793,500,27.324770,1
167,858,53.778412,2
637,1580,47.970516,0
1090,823,55.907467,2
2086,737,20.160608,0
2586,180,99.553436,2
1717,2152,40.011745,0
1057,110,85.721092,0
1895,28,0.631575,0
2675,1397,56.250423,1
2705,1848,10.817131,0
2225,1076,66.877769,2
13,1835,5.690924,2
2717,995,61.462250,2
552,1871,95.410370,2
2780,2423,68.579414,2
323,54,68.493370,1
2435,896,80.372406,2
1145,2599,42.985386,1
2114,2381,97.968781,2
848,1056,95.774178,2
886,2238,81.299667,2
2901,572,64.506660,2
2686,2876,18.210667,2
2841,449,60.873714,2
796,241,77.520050,2
2653,2708,74.088158,0
316,2399,83.962875,2
431,1550,72.744240,0
617,2193,62.508099,0
991,687,97.536667,1
2392,1168,21.885777,0
279,1763,9.237185,2
358,2819,64.834084,2
1546,1762,59.265205,2
509,2100,42.436264,2
925,2315,29.147886,2
2002,347,23.260380,0
1348,955,12.105598,2
1341,281,88.871490,2
672,2522,25.937557,2
740,2343,28.255213,2
224,599,20.985643,2
713,2960,67.282669,2
2641,306,18.436888,2
1462,1770,46.881195,2
397,902,24.450016,2
2182,1797,61.576824,1
452,2263,63.680813,1
2402,1449,23.842682,1
377,2271,13.002528,2
597,2094,37.241215,0
2982,2302,62.180573,2
2598,892,30.933037,2
51,563,88.322151,0
2773,280,36.426018,1
1340,2908,64.679092,2
1331,2614,32.508041,2
2677,1016,4.579153,2
2424,2934,3.891242,1
1066,1290,2.577894,0
12,621,79.190392,1
2657,2164,32.560650,0
2394,464,88.366135,1
2319,2084,83.953300,0
444,2743,64.389114,0
2946,2208,39.170803,1
538,831,45.359089,1
1403,1123,64.614571,1
11,2596,63.214043,1
342,707,27.592443,0
394,8,98.092606,1
2561,2211,20.276758,2
2114,1634,6.483435,2
703,2303,57.054317,2
2541,2556,55.122864,1
10,476,51.689941,1
1265,1810,39.215672,1
2561,2804,43.733654,0
161,2257,21.387609,1
1015,1291,33.967682,2
2294,1042,9.594445,1
1657,2750,40.384380,2
1533,2543,95.750458,2
1250,1003,50.666328,2
2001,2950,37.507843,0
1127,1147,46.141708,0
2297,1921,92.835770,2
2996,2026,61.369453,0
494,1470,96.702286,2
1744,662,68.788078,1
150,1304,93.762741,0
2357,1673,35.923103,2
1302,2590,33.366810,1
1408,761,59.018394,1
295,254,10.356472,0
1936,2415,46.535172,1
2423,1498,50.552719,1
1580,2585,49.763012,2
1597,1646,30.698694,2
199,396,80.402596,1
1133,2244,62.063370,2
2066,2005,20.510597,1
2241,1872,91.956947,2
2867,342,10.069220,1
1159,2989,11.584352,2
2172,2034,31.611675,2
594,1967,97.232681,2
2144,1610,50.102688,0
2882,1959,12.923629,2
101,1286,69.346504,1
2556,1877,27.872934,2
1107,2338,51.638634,2
2238,1019,13.344579,0
2536,821,27.496683,2
2191,2804,69.590706,2
1465,309,15.935893,1
1240,2893,22.554970,1
239,983,8.976491,2
1045,1923,75.867706,1
332,1518,88.451088,2
1827,814,23.322161,2
1377,2186,9.139846,1
2731,862,39.686588,2
2976,15,46.461529,0
2102,197,1.156824,2
2384,1364,58.298817,0
1370,2282,55.116783,2
7,2864,46.203011,2
828,2373,21.754473,1
480,1878,74.823387,0
2530,70,66.576035,1
2845,183,66.428246,1
2360,2887,25.313482,2
1346,2357,91.823608,0
1009,2022,45.043777,2
756,216,62.721714,0
1313,654,62.391243,0
887,1467,97.473717,2
227,2607,91.804291,1
2415,1613,82.769157,2
704,2568,8.355055,2
2825,508,24.152430,2
515,934,27.696268,2
740,2057,88.728340,2
1912,2565,81.771828,1
1225,1965,10.464768,2
2218,1586,84.915283,2
2041,359,33.441231,2
1163,493,83.200737,1
1891,630,92.093536,1
784,2395,57.450317,2
783,230,65.655731,2
637,1882,80.378448,1
448,1161,6.737842,2
2985,1154,56.230038,2
996,188,53.921825,2
507,1512,58.500679,1
2946,2126,54.317638,1
1541,2208,80.030136,1
2638,2233,48.235725,2
1864,730,62.053917,2
1247,2624,21.507042,1
651,13,8.554229,2
2417,85,64.402657,0
2569,2673,77.439125,1
2542,2519,92.571381,1
847,2261,47.876392,0
1598,1967,12.460948,2
2863,1256,9.842438,1
166,2716,8.634019,2
2280,1736,12.865988,2
794,93,38.745407,0
2134,696,7.370427,2
291,1501,9.670655,0
2195,1307,45.128925,0
2576,2873,33.235184,2
2233,1397,57.851147,2
531,1554,43.214146,2
2782,72,21.428167,2
2894,2570,89.509750,1
1139,1025,85.935402,2
1190,1192,89.484962,2
1646,1624,59.975636,2
18,1934,51.715385,2
2979,701,8.910314,1
2557,2151,31.789049,1
2318,2845,65.999176,2
316,2372,10.822825,1
105,2472,11.895922,2
180,2381,97.511505,0
520,2158,36.491627,2
325,457,59.751411,2
590,2245,14.964123,1
1420,436,30.640739,2
473,2690,48.386600,0
681,1422,94.410439,2
2336,24,70.185158,2
1613,1258,33.496143,2
1222,2884,86.799133,0
314,1052,11.432232,0
1371,2335,15.758305,2
1735,2576,53.512787,2
1823,244,5.465659,2
189,2336,95.649506,1
1309,2304,6.487088,1
2384,702,26.410057,1
1257,120,49.048534,1
1201,2274,2.425892,1
1238,2751,28.048824,1
2952,2294,8.589265,1
2748,827,57.946205,2
835,2829,43.029881,1
1669,1268,16.363842,2
2764,2813,11.492785,1
1420,2262,30.933090,2
1525,2443,36.345745,2
1900,1211,46.967388,0
2346,623,3.861725,0
2453,1261,10.606108,1
2720,451,23.340456,0
1131,1734,29.078516,0
509,1857,20.611122,0
219,361,49.348515,1
1609,1701,25.973282,1
2740,568,88.530075,2
1027,2984,58.967697,2
2260,576,95.463699,2
1350,30,59.188690,2
998,994,43.987263,2
2588,438,9.549557,1
2937,1769,7.456597,0
2265,1639,88.712242,0
1865,2233,52.737442,2
788,2788,19.162968,1
2005,264,10.812634,2
2805,2726,12.605076,0
1868,1171,16.446341,2
2886,2748,73.979691,0
126,788,17.419256,2
2124,2660,88.296959,1
280,1854,38.486408,0
1631,1687,19.030005,0
501,1521,50.141376,0
1628,1740,99.722351,2
1959,1123,97.613174,1
1762,1422,78.105690,1
695,897,56.971119,2
719,161,90.104790,2
525,263,36.888512,1
2213,334,6.664319,2
425,1970,42.642735,2
2661,94,40.576889,2
2570,1514,6.407055,2
1023,2998,27.001032,1
2449,1688,66.194473,2
576,905,92.727226,1
2124,702,48.215816,1
688,334,36.774620,2
342,1834,9.748188,0
991,578,66.748337,2
726,2790,71.221680,2
1195,1103,69.660606,2
2902,403,95.317444,2
287,1026,21.740726,1
2696,2105,41.856026,0
1387,1879,3.306741,1
1932,2827,63.062515,2
2669,136,10.564139,2
2495,2566,56.771187,2
1809,2111,74.200386,2
1140,1329,36.117840,2
2519,1140,17.317263,1
1311,1980,86.135925,2
2734,2242,80.888245,2
1537,78,67.162796,2
217,2189,9.394639,1
2198,2022,23.522194,2
2039,2899,84.523277,2
2814,2577,98.640358,1
276,2332,10.165460,2
623,816,76.845215,1
2290,861,94.524986,0
46,2128,29.839590,0
455,399,0.574002,1
2726,2088,78.099121,1
2011,2070,55.986382,2
991,907,96.511070,1
1437,2573,47.457191,2
2525,2275,48.738979,2
1057,841,7.078632,0
2726,401,43.907391,2
1985,1359,38.012993,2
49,1510,32.604084,2
34,286,46.311543,2
69,2845,77.574661,0
165,2381,40.065815,2
181,687,59.207821,2
2029,1195,89.131363,1
2424,2073,54.852478,1
1906,397,32.028889,1
2850,749,86.789474,2
436,866,7.720095,1
960,999,1.777590,1
1277,1240,30.713388,1
2106,418,98.647560,0
2506,1758,98.875191,1
259,2994,10.464768,1
511,362,31.221006,0
836,2444,79.881371,2
2738,2277,81.071983,1
673,445,77.077301,0
1365,1686,97.473000,2
2217,875,70.070236,0
1163,2741,43.041031,1
370,10,34.849007,2
1091,1945,26.532631,2
550,80,89.880959,1
932,1324,42.361908,0
2369,2545,3.492388,2
62,424,98.070366,2
2667,1478,2.856987,2
788,950,59.695808,2
999,2832,53.427025,0
2077,2073,76.478424,2
1257,597,5.489382,0
807,1853,14.135331,1
1133,582,18.246483,2
2240,1636,53.100590,1
144,2523,13.310256,2
2757,261,1.528700,0
2942,671,75.350586,0
566,1488,72.428482,2
1613,1955,76.645767,1
152,476,96.613937,2
1856,1801,84.468864,1
2013,1245,24.074064,0
1862,2441,42.874084,2
626,842,4.279583,2
724,1667,78.105690,0
2096,1935,85.260864,0
2181,1554,45.430176,2
1156,2606,23.590330,0
1746,471,95.622963,2
1228,605,28.022778,1
2498,827,88.227333,1
1839,76,77.128731,2
895,904,66.314537,0
1695,2192,55.673283,1
2336,1153,89.734993,2
1683,2608,61.699924,2
635,230,46.897560,2
2125,1602,11.224563,0
44,2891,78.000023,2
699,1114,35.402237,0
521,873,8.634905,2
2574,456,53.696537,1
2692,2674,17.381618,1
997,2257,90.288628,2
1324,1167,27.698864,2
13,935,73.388924,2
2526,361,72.081337,2
1714,1108,17.190081,2
985,2897,66.524178,2
70,2889,68.788078,2
1796,964,18.345530,1
2369,2836,33.615402,1
1201,1458,93.362068,0
1876,790,38.756878,0
431,90,35.413834,1
464,2764,73.402473,1
491,2374,95.284668,2
1682,1073,58.675941,2
1667,2993,83.170151,2
2087,1895,41.123631,1
949,2041,94.668892,2
858,790,28.440380,0
1485,336,42.542946,1
934,1301,77.877617,2
1722,584,91.803261,0
1801,2087,81.748749,1
331,2101,82.598160,2
2165,1751,21.521017,1
1448,1781,82.971504,1
302,1406,44.860054,2
488,1999,30.223469,0
1416,891,84.788773,0
483,1304,19.872530,0
520,767,30.835407,2
1916,2252,84.283676,1
546,2579,12.118836,1
937,1383,37.009251,2
2947,806,65.906662,0
2851,1212,41.923851,2
616,2745,44.024220,1
2282,885,27.179110,2
1839,171,76.804008,1
2334,2594,56.680447,2
2343,1514,79.665054,2
543,507,82.052086,2
496,1236,82.733116,2
587,2690,20.611122,2
1926,2279,61.206871,2
1295,766,45.288906,0
744,2227,2.037305,0
1739,1502,21.948448,2
1768,1358,96.858536,1
866,1065,36.282917,0
523,2175,28.129297,2
44,1149,51.189270,1
1103,224,55.773109,2
375,2953,11.313140,2
2901,2577,40.753647,1
2217,160,7.733990,2
853,2138,53.029613,1
2815,2604,18.057941,2
2553,2286,66.345215,1
1691,2281,79.025208,0
1819,2807,44.276936,1
2028,1332,9.922295,2
1366,328,24.881262,1
1494,1045,80.842812,0
2543,2805,2.210543,1
1126,1294,79.581177,0
1997,1822,21.441042,0
517,2250,93.604309,2
2548,1534,92.093941,1
1067,2803,68.161858,2
350,1088,30.383944,0
1349,810,82.175446,2
1621,1937,38.276051,1
1064,287,58.338764,0
1256,2960,15.927387,2
2652,1188,80.660431,2
2309,324,68.907921,0
2147,1841,25.073915,2
840,86,99.172791,0
1541,759,59.732929,2
1288,1836,8.250854,2
2841,80,53.071228,1
1978,2935,55.977451,0
1049,1148,45.737186,0
1201,1939,84.612289,2
10,542,32.033340,1
499,2991,98.969833,1
827,1732,7.026052,1
2926,726,81.468033,1
1088,2500,46.502567,2
2046,1706,96.909042,0
2366,537,88.846184,1
1984,2765,69.495087,2
1573,2585,28.488617,2
2070,146,39.366592,2
376,2241,79.199081,2
1986,2047,25.859571,1
1207,1428,37.965057,2
1251,1309,69.024132,2
1365,1811,78.202789,2
52,2374,93.952515,1
2785,46,85.776184,2
1551,2812,53.712006,1
1291,1585,75.648552,2
1419,392,82.430908,1
312,197,60.305275,2
1619,1522,70.838745,1
1603,2252,61.375179,1
524,2875,38.637493,0
2239,827,24.579124,1
1853,2155,83.882309,1
1504,1330,17.759956,2
1132,2432,59.795746,2
2779,1241,21.442398,2
2976,923,26.995251,2
1304,2127,55.883213,2
1452,1673,79.609550,2
810,1006,98.188057,2
909,31,81.279564,2
1175,2833,34.789307,2
2084,512,60.640400,0
30,2480,99.923119,2
2564,2716,5.250347,0
585,149,13.218445,2
258,2298,89.319115,1
337,976,2.171248,2
215,2000,19.937540,2
417,1444,47.105148,2
1242,1286,34.726105,2
1064,492,48.821671,2
527,1551,41.386658,1
724,2918,41.652214,2
409,2659,93.762741,0
2165,751,36.865120,2
416,1518,84.219109,2
2571,918,39.786057,0
1361,1201,67.779625,2
2171,1664,86.095383,2
2371,653,28.484781,2
594,2334,85.572060,0
1982,1769,14.686365,1
2199,1889,10.827784,0
2538,2289,85.654587,2
192,2254,14.467845,0
849,737,59.063393,2
2545,2266,59.563660,0
484,1717,44.575836,2
27,1347,7.722223,2
2362,2939,28.232964,2
2279,1911,47.970516,2
170,505,70.306519,2
2981,553,92.646767,2
921,425,4.261086,1
1222,1241,94.741249,2
1876,2828,44.962177,1
2638,847,5.305985,0
2517,396,39.114807,2
2660,2660,48.745403,2
2111,1550,87.244225,2
691,2395,73.731064,2
346,741,40.453251,2
1061,1770,29.066479,1
2579,1479,85.358704,2
1899,1799,72.755775,1
2564,2556,5.905142,2
1861,2433,96.618561,1
2786,1759,92.666069,2
1014,1744,73.664108,1
2434,167,63.313339,2
5,123,83.516136,2
1359,2067,23.677017,0
2003,17,37.998142,1
2244,2396,88.326157,0
1816,2472,37.401333,2
2332,2776,30.633556,1
851,1698,49.397774,0
1533,1491,16.245922,1
2533,1084,92.438835,0
1286,542,3.337145,1
1635,567,9.988375,2
262,247,87.975601,0
773,2803,71.187683,0
2640,591,51.284100,2
2785,1140,41.902946,1
1627,2968,5.743546,0
1651,1590,90.491661,0
2992,1136,60.439232,0
2589,2446,3.523488,0
2315,101,58.729271,1
1689,432,78.357475,2
2203,41,15.839839,0
299,440,56.443035,2
1158,2640,40.752865,2
1161,2562,60.084244,0
539,2452,63.868027,2
2729,2639,90.625870,1
2710,764,82.755936,2
1822,583,3.370670,1
1836,2708,67.920311,0
1041,2566,84.163071,0
1349,2045,83.007042,1
2557,955,79.094460,2
2271,269,89.559265,2
1429,2383,24.728964,2
131,1951,7.869263,2
2305,143,85.672699,2
2681,1736,35.661278,2
2350,2094,60.259708,0
2455,972,24.038385,1
2762,674,67.075836,0
351,121,52.297890,2
2185,2052,34.973621,0
2145,1571,92.608688,2
1569,844,52.918571,0
1016,1,94.676445,1
981,413,5.867153,2
2152,2447,0.671386,2
19,940,65.518814,2
407,118,45.788086,2
1676,978,83.743118,1
2294,339,76.724739,1
1370,704,33.268124,1
675,1327,94.147743,2
1331,1281,4.082708,2
1884,2450,94.773148,0
581,2744,86.688644,2
1173,2701,16.210766,2
1127,668,11.386449,1
2138,2669,85.904495,1
1485,2330,13.877501,1
812,211,69.241577,2
231,846,1.380662,2
1095,909,22.358608,1
1391,2427,85.850601,2
1815,992,78.542854,0
2533,2966,73.176674,0
1176,1935,8.930854,2
1548,666,3.742433,0
1697,2241,66.537910,0
1714,2524,0.989375,1
2695,2647,68.775940,2
386,2495,64.837662,0
2020,2012,5.140174,2
1002,2138,5.290766,1
2889,2407,49.534561,2
992,2745,55.459366,2
2639,469,55.653996,2
1702,2155,72.595329,2
1659,1665,59.849403,1
2007,1850,80.976593,1
481,443,2.045762,2
848,1406,88.673973,2
1079,2944,0.914945,2
1120,1530,38.932774,2
1432,937,66.077995,2
767,2077,22.463993,0
2327,1136,35.166489,1
2947,1927,98.863380,2
2999,1722,78.857750,1
119,970,0.786567,0
2268,1938,28.801510,2
1003,2714,30.376350,0
90,2284,69.742226,1
1594,466,19.495996,0
613,1057,84.250092,1
1376,77,9.645010,0
2685,1729,95.957169,2
1856,518,68.428368,2
1581,2589,65.630753,2
893,1007,53.886803,1
2462,2996,89.485107,0
741,1374,79.604485,1
2688,1951,35.881298,0
2291,1591,73.168877,1
365,2173,41.123631,0
1807,1126,93.112091,0
1740,2604,96.689613,0
2972,2275,46.971241,0
2990,142,29.196325,1
1095,1911,15.269764,2
464,2019,73.192986,1
712,1436,67.491379,2
467,2311,41.322109,2
1655,2669,85.142677,2
1013,2605,98.733002,2
1085,100,6.470593,2
14,1845,91.138054,2
1641,561,63.362537,2
239,748,83.048706,2
1175,157,7.267423,2
588,1395,83.824730,2
1046,1170,16.209700,0
2508,2404,25.710915,0
1012,1384,97.419365,1
853,1585,98.260651,2
1204,2970,11.297419,1
989,1489,1.931672,2
455,2138,71.761475,1
2289,780,78.185318,2
668,2518,7.527190,2
2448,347,18.576988,0
2451,1108,73.329430,2
1677,1036,53.642284,2
869,626,14.876267,2
2920,1363,73.698624,0
2228,411,8.159986,1
2141,782,82.282227,0
1458,672,76.035606,2
575,1787,70.559555,2
399,1781,67.753281,1
2897,2654,24.230019,2
2302,2074,73.820824,2
1443,47,17.476862,2
524,2929,41.426792,0
2680,2573,65.439560,2
1847,143,62.091011,0
2334,1721,55.674232,0
1483,677,71.770767,2
1201,2536,3.069359,2
710,1692,64.170486,2
2526,1265,88.221733,0
1225,490,5.890931,1
2215,2480,82.279610,0
2839,764,47.281631,2
1651,1009,55.205914,2
1762,1718,70.231682,2
560,2146,12.872725,1
2183,1680,34.078358,2
410,180,49.233089,1
1860,2922,80.841232,2
1050,1026,31.039854,0
2141,147,97.304062,1
2343,1461,17.737711,1
1310,1439,71.747917,1
2560,2799,27.538395,0
663,2376,93.990479,2
2399,627,96.642632,2
1570,1140,29.428225,0
512,1274,7.230183,2
2338,2320,9.083754,1
361,2428,4.250018,0
1532,911,15.981846,1
621,2016,39.880894,0
2358,1443,82.338242,0
1707,1816,82.415939,2
934,2279,77.219292,2
1709,2014,54.845707,1
2427,1139,51.746418,2
1542,1166,82.261566,2
2803,336,19.773989,0
2333,1159,20.336447,2
1413,1240,85.850601,1
176,785,25.703749,2
1598,7,68.659782,2
602,1791,36.669090,2
260,538,44.860054,1
1761,862,4.719303,2
430,367,69.474289,2
2240,2710,3.487569,1
1669,2799,30.923998,2
2519,1350,55.680428,0
2245,247,41.730106,1
2085,58,69.357857,0
516,1458,9.188784,0
2503,762,85.196167,2
1791,2152,2.382390,2
2155,738,16.165003,0
327,2878,17.241621,1
2107,1215,10.770828,2
1653,2012,80.131760,2
2859,2478,44.238102,2
1528,1241,61.978649,2
1221,954,6.092378,0
2168,1669,11.695074,0
176,1980,76.714615,1
1887,692,24.989954,2
803,1852,19.997931,2
1937,480,8.970050,2
774,2671,62.883591,2
886,2445,15.829018,1
632,1096,87.368813,2
1620,916,33.327267,2
1641,550,54.041309,1
1331,1789,70.306480,0
2040,1694,34.710697,1
1310,1865,93.839302,0
1746,902,20.179579,1
274,307,95.300858,0
2983,745,16.702152,0
1193,145,52.138889,2
2882,725,57.607296,2
1328,1234,5.798923,2
2623,889,15.658303,0
350,1638,69.802200,2
986,1052,30.811825,2
2521,2399,53.185009,2
150,939,69.469482,2
2929,1967,7.340256,0
916,1395,94.623634,2
2818,2151,60.610550,0
331,846,30.022045,2
1168,2513,95.033600,0
739,2889,29.443607,2
592,2937,10.093195,2
1398,2899,43.469013,2
1902,9,53.849949,1
918,2938,18.378204,1
2584,1812,81.262985,2
2569,55,5.620711,1
197,510,92.634750,2
23,1985,80.779236,2
808,61,48.646622,2
1574,2282,49.611034,0
474,294,49.296299,1
2940,2320,61.672047,0
1815,1391,84.986275,0
1108,784,29.630278,1
11,1746,77.553108,1
1422,2893,30.993805,1
72,426,60.992676,0
567,1053,4.413486,0
520,2394,64.929253,0
2763,2326,98.781250,2
327,1311,34.951733,0
2467,1320,51.886120,2
884,1532,27.629524,2
551,2071,80.836578,0
858,2618,25.313482,2
272,1913,99.520142,2
1973,655,30.362003,2
2954,689,18.705969,0
1763,1661,75.855881,2
181,2348,29.373718,2
1952,36,20.158510,1
2919,2958,37.091805,1
20,1839,82.933197,1
206,2325,48.362473,0
2206,2934,77.915047,2
355,1330,20.333214,0
2353,61,26.066135,2
212,1832,40.384983,0
1211,1288,38.152931,0
1594,850,41.738945,0
2109,2389,45.596443,1
2363,1344,13.959171,1
206,119,87.982834,2
2984,714,87.709656,0
1191,1415,17.680384,1
1046,232,98.962669,0
1802,2813,94.117027,2
902,1395,23.395563,1
2783,588,5.061377,0
1089,2411,12.308555,1
1460,351,45.099831,2
1783,506,6.723987,0
1800,2861,44.573071,2
782,1253,81.249046,2
364,1208,38.564411,2
2139,1557,98.530975,1
1492,2129,32.732285,1
1296,571,39.202820,1
590,1583,89.544800,0
2798,1587,72.050797,0
2298,1259,75.270798,0
793,827,7.079509,2
741,42,91.438683,1
2237,391,63.398544,2
1296,1078,58.995808,1
997,1542,86.443230,1
1767,1470,12.667090,2
2101,895,33.640690,2
1000,839,40.269196,1
2007,1570,23.779497,0
2576,1330,10.084450,2
2245,2162,15.567349,1
214,2695,62.721573,2
92,939,60.106491,2
338,532,4.226952,2
2417,46,46.511826,0
489,447,76.132751,0
2069,956,37.598606,2
12,1615,6.571646,1
2167,1368,45.906460,2
887,1316,6.406813,1
514,384,90.565948,1
211,344,90.414398,1
893,2251,79.333885,1
2641,1990,71.644173,2
471,2824,31.732498,2
2200,1500,67.023491,2
2344,831,37.921585,1
2966,2802,11.613864,2
2718,1233,67.012146,0
127,2157,27.656443,2
422,2357,33.258362,2
2178,373,64.066673,0
1994,1741,39.938198,2
2370,2350,58.372910,1
43,322,39.975639,2
1960,103,54.241688,1
2465,1845,50.254826,2
2532,754,71.260872,1
2042,2695,17.548325,2
2621,2349,41.696827,2
1459,2497,76.928139,0
2776,220,31.596235,0
846,1107,10.333699,2
67,1810,93.863968,1
1400,452,33.499313,2
1642,1212,29.469915,0
583,591,18.387756,2
334,2956,94.987328,2
49,2468,80.930084,2
2598,1004,86.463135,2
296,208,98.522362,2
1126,742,45.695671,0
777,2773,12.559869,1
1326,2663,50.516445,2
2243,1486,11.478580,2
1423,2258,95.752518,2
1370,1935,0.184598,1
1930,1620,58.764706,0
390,1993,53.900345,2
670,830,84.544853,2
2866,882,65.963303,1
635,748,95.503799,2
2537,387,70.110023,0
1509,375,80.624680,2
2837,2164,74.031822,2
2087,2289,56.552097,0
2555,1438,54.202072,2
989,1075,71.218826,0
2290,1684,50.907490,2
972,1815,98.955330,1
1993,2739,38.624531,0
1985,177,22.353991,2
208,886,64.487206,1
156,2786,21.161238,2
743,569,94.218788,2
1193,2382,68.985062,0
1436,1783,21.401087,2
1647,2502,57.918438,1
2365,2963,10.606108,2
1241,909,81.680946,2
2153,1560,17.671818,1
1399,1068,36.491730,0
1501,1940,0.018602,2
1930,1949,29.901989,2
2383,960,97.313690,0
79,2298,72.387558,0
877,2094,63.202690,0
853,2057,23.384182,2
1853,1433,48.437016,2
1415,275,85.898216,0
279,2746,71.344803,1
1351,1380,77.941650,2
1557,827,70.904610,2
2684,2593,22.211334,0
76,948,71.594185,1
291,2833,61.632309,2
2351,207,33.838707,1
963,316,67.040367,1
845,2228,95.806641,1
2642,1661,23.475607,2
775,1379,43.676098,0
1409,1205,84.592384,2
2595,1305,91.618927,0
1940,2254,63.855865,0
1145,1384,19.556257,2
1559,2262,79.055977,0
2523,715,20.446840,2
2802,1668,11.085714,0
917,649,46.768127,0
1309,1495,30.977877,2
999,1410,79.719849,0
2340,786,3.891242,0
1093,788,52.049984,2
966,1682,34.231129,2
1337,1236,51.560799,2
1793,2090,80.178154,2
1339,758,62.053917,0
1176,655,9.196826,0
657,446,3.515315,0
1499,1371,58.950905,1
2375,598,99.448235,1
1334,1999,75.940933,2
818,443,69.040634,2
2333,1905,71.465309,0
2375,1707,13.218445,0
1976,2367,44.195843,2
2534,1683,96.089455,0
1264,813,98.833260,2
2292,1749,56.695282,1
510,605,29.102417,2
1636,309,31.150190,2
2071,2521,67.147728,2
1142,349,54.385971,2
1158,1392,21.886164,2
403,993,19.134550,2
411,2143,89.072540,2
862,66,80.772003,1
2414,288,33.221115,1
1572,1255,76.663567,0
1389,143,20.123270,2
2869,1951,20.950336,2
2568,2002,21.843884,1
2674,1863,27.553776,1
2231,283,65.456039,0
1611,1260,46.839733,1
1433,715,14.812805,1
161,2217,84.036407,1
575,1753,40.723309,2
941,2667,73.434982,2
532,744,39.209469,2
1713,2182,93.330597,2
2112,1123,92.339699,1
2930,2541,27.185659,2
804,2459,83.355347,2
1489,1323,10.572846,1
968,2415,53.690830,1
1763,1374,77.284073,2
2980,832,75.270798,0
524,2132,19.830961,2
2946,1491,84.841270,0
2506,690,53.995628,2
1494,1086,37.729309,1
1854,1753,81.279564,1
2364,787,86.098030,2
1218,380,82.301155,1
628,2119,20.462492,2
2901,1861,78.252670,2
1478,2515,54.599464,0
1804,502,3.824177,2
413,822,85.992996,2
2809,1041,30.307138,1
2786,2908,53.194584,0
95,2702,67.455025,2
673,2193,79.353371,2
2300,193,68.590775,0
519,2612,77.509888,1
418,1308,77.265266,2
2564,631,97.608276,0
1651,1342,65.165726,0
352,585,44.528488,1
1424,1748,47.457191,1
256,328,73.329430,1
2941,2003,56.932014,1
315,2374,32.650124,2
1855,1903,66.908440,1
1764,575,23.767950,2
1054,1733,9.186903,0
1549,2679,93.161926,0
2744,314,95.105301,2
2704,1582,84.942223,2
1287,160,93.522606,0
1031,1883,53.562374,0
2979,674,41.664040,2
765,106,16.858538,1
1518,266,53.048107,0
2990,1566,49.857731,1
960,1803,17.208096,2
1671,2237,68.161858,2
142,556,39.487782,0
84,2010,45.847847,0
558,1257,18.944860,0
1065,933,60.329815,0
2295,173,23.506271,2
1432,1368,85.366440,2
1685,1474,46.273739,2
681,274,82.808739,1
2200,2786,52.624180,2
369,1998,66.446800,1
2008,2816,45.906460,2
804,2678,19.502901,2
1462,1047,70.216019,2
744,2195,50.145584,2
2344,2980,36.462425,0
1847,2154,92.729057,0
1413,2268,51.531364,1
1714,1329,43.887440,2
1702,2643,51.922184,2
1608,2956,50.666328,1
655,1927,66.563049,2
852,1046,55.722004,2
73,453,26.284075,1
2892,1078,73.438576,1
1568,1337,4.044935,2
767,1734,29.022089,2
1783,2902,90.365555,1
2559,124,64.887291,0
1380,264,75.628471,2
1464,994,39.766651,2
1306,2841,70.134438,2
1079,1318,67.779625,2
162,273,40.058582,2
2329,621,43.299725,1
2340,2882,60.367004,0
1730,2932,90.670258,2
1357,2252,44.772610,0
1688,286,63.646427,0
2632,2826,32.435207,2
52,1407,76.506981,2
699,1326,3.039522,0
359,2090,16.751524,2
118,1063,10.708158,2
173,2336,90.502357,1
592,1485,93.960747,1
2605,2698,72.764252,2
2116,415,50.742939,2
2083,1036,28.703402,2
1792,115,34.356071,2
19,1025,34.684231,0
2909,1342,35.473434,2
155,474,40.677288,2
2893,1238,81.295547,2
2119,2683,62.087708,2
122,2813,0.903453,2
2169,2602,15.227882,0
754,2934,57.894699,1
252,2401,53.993202,0
1999,969,51.512203,0
630,1744,33.161438,1
2583,1407,25.350468,0
1324,618,1.542551,2
2781,1357,74.103554,1
2657,2070,53.155029,2
141,2021,78.309784,2
2121,12,39.674881,0
1274,1447,90.704002,2
1437,249,38.325649,1
287,2421,63.808037,2
624,2324,3.394335,2
1876,755,85.185524,0
1926,2584,88.752815,1
1037,182,48.421989,0
2020,1881,40.252926,1
2003,1025,53.305134,0
404,2347,67.402756,2
1916,1930,22.584536,0
1621,567,99.763855,2
1724,360,29.473232,0
1628,2884,54.875340,0
2888,2538,69.056946,2
2249,2798,32.361027,0
2023,2,84.137421,2
1201,146,70.314270,2
1865,2924,43.144398,1
985,2472,47.281631,2
1791,1169,77.896767,2
2199,1232,86.085480,1
1376,1089,1.834289,2
357,309,86.917831,2
2897,1683,95.799759,2
1322,1635,91.079552,2
2930,1594,1.725224,2
1710,2091,86.891785,2
1177,1940,60.317547,1
939,2731,85.342056,1
747,2065,18.751747,1
2065,102,85.596657,1
1504,1454,71.217331,2
2575,786,38.949184,2
680,117,91.017334,1
628,621,46.094734,0
1784,2797,49.248497,0
287,2583,10.847830,2
16,1283,94.908829,2
1265,1069,86.492813,2
2825,2033,26.481827,0
1696,321,79.308304,1
2897,449,33.057526,0
1435,2577,32.534863,2
263,1028,44.837666,2
472,95,23.271893,2
2919,2667,27.126587,0
1630,71,30.962812,2
1750,1113,72.023087,2
707,1484,53.063290,0
2033,517,88.399200,2
0,776,71.635201,0
2647,300,27.673323,2
1439,1095,63.394989,0
1384,2173,74.486839,1
775,2662,53.653797,1
1918,2280,47.348637,2
1036,1128,78.910553,1
1544,2037,35.301228,1
2826,627,86.403252,2
1611,2936,91.364258,2
191,1445,98.822647,1
914,230,24.412178,2
1517,279,9.714436,1
1933,1039,53.951908,2
1446,22,79.993004,1
1223,2730,51.574543,2
752,1916,53.734974,2
363,923,67.687469,0
2060,968,81.912460,2
889,769,18.983231,0
697,2740,64.771698,1
2881,2480,24.747847,2
166,1251,16.466661,2
2947,599,37.569927,1
250,317,81.277931,2
2266,765,45.012707,2
1835,129,25.904936,0
1699,1679,29.706795,0
693,2432,22.992903,1
423,1800,12.353899,2
2296,2412,22.958158,2
1907,1290,16.404793,1
1281,638,61.215034,2
181,1484,25.897758,0
2406,1201,71.422325,0
1903,2764,93.715828,2
1825,1309,42.577389,0
1594,345,54.282249,0
587,2536,88.509132,1
2921,2532,36.184731,0
1148,2257,83.907707,1
2489,2390,15.646446,2
219,2766,75.107140,2
2577,1302,64.000404,0
285,2677,86.224693,1
1751,2276,98.182823,1
1992,185,58.369938,0
1844,2179,60.862267,2
1655,983,7.534340,2
2019,1907,83.444771,2
236,2076,19.015230,2
1718,1794,72.193756,0
33,1550,71.108444,2
767,2570,26.489487,0
2039,2581,38.752140,1
2965,880,62.889217,1
2422,1650,20.997595,2
2292,1547,64.545197,1
2816,378,74.824654,0
2613,911,57.994141,1
2718,2574,25.203964,1
1084,227,0.540617,1
2926,278,24.563774,1
835,1112,30.019058,1
1354,1894,39.724033,2
466,215,91.998436,2
535,1269,29.634323,1
1931,1232,17.932232,2
561,1793,53.071228,2
2849,617,68.642296,1
1272,45,63.220253,2
1426,1684,66.657661,2
1740,2491,29.174910,0
2711,2375,23.395563,2
424,1608,54.183292,2
591,971,54.933319,2
423,1501,19.724787,1
364,2732,78.249557,1
1597,2774,83.379601,2
2890,822,48.627491,2
783,2544,51.526676,1
542,2125,81.812164,2
853,1912,85.151390,2
280,394,33.824528,2
1950,1893,66.463524,1
1418,262,75.347366,2
1439,991,95.869194,1
654,1984,54.029572,0
1969,2140,11.269477,1
263,788,88.206184,2
1459,2767,64.026726,0
793,1465,76.320183,1
426,114,29.031345,2
1455,1282,33.634319,0
649,836,44.535854,2
1015,1815,55.557281,1
354,2145,88.322151,0
278,652,84.770203,2
1600,935,12.731905,0
1899,2676,26.313164,1
1994,2284,83.549614,1
2721,2565,52.977348,1
2387,1882,53.210159,1
2750,304,42.825733,2
1756,1299,56.195648,0
345,740,95.304794,2
2821,2079,38.693394,2
1754,1599,23.387379,1
1910,2269,62.263676,1
1145,1849,32.168968,2
1319,2218,26.555025,1
1668,1177,3.072185,2
994,1722,26.854195,1
1178,2867,52.508541,2
232,2076,57.542664,0
397,213,16.697054,2
1317,267,89.486938,2
2382,1864,17.314419,2
2587,2582,21.942751,1
1666,1425,47.104706,2
1133,162,85.869316,2
1914,2305,33.639172,0
504,439,72.401421,2
1092,1624,12.141360,2
1247,22,86.912605,1
2581,524,24.118654,0
842,1606,14.602269,2
981,1167,60.767300,2
527,1128,85.830429,0
1295,923,41.965252,0
2045,1317,40.693207,1
1775,288,20.008518,1
785,2462,49.772373,1
1276,2057,76.034714,2
1490,2759,65.677559,2
1686,2041,6.550262,1
1445,1617,74.488884,2
260,1840,44.835766,2
762,815,72.578369,2
2108,1192,0.914945,2
319,803,65.687027,1
634,1800,0.823803,2
2926,1661,58.591511,2
2727,1804,97.821625,0
2839,1405,72.950111,2
2252,1694,15.173606,1
5,2662,4.695543,0
2984,1500,58.243210,2
433,2158,20.974445,0
1400,2704,88.221733,2
2610,637,58.280697,2
697,1955,55.381977,2
1830,2604,4.265401,2
1823,1940,11.764279,1
2344,202,64.535561,2
1139,2045,29.785240,1
891,925,1.660562,1
213,2048,0.817009,0
2676,825,81.584724,2
1448,880,16.992424,2
1919,2349,45.099831,0
2977,1347,24.105524,2
1142,2037,56.049782,2
522,2210,0.201823,1
1357,721,13.663874,0
2879,1835,7.092523,2
2191,2865,26.141405,2
198,2417,92.140045,2
2149,158,49.637058,2
582,2469,25.500832,0
1735,389,16.040359,2
113,975,3.561612,1
2945,2994,59.837833,1
773,65,18.723232,2
1708,1675,36.172062,2
2542,2641,50.278179,2
776,1789,39.476753,0
1944,1282,50.679111,2
253,2702,81.400368,2
2509,1798,38.104130,2
2506,614,56.171696,0
650,2369,14.053514,2
1596,2202,84.485199,2
2325,1353,47.737816,0
335,420,10.070167,2
542,2541,76.217628,2
2579,1315,87.848427,1
2829,2227,20.989700,2
820,1997,23.429148,2
670,85,6.406813,0
2109,1144,62.253857,2
1625,2108,50.643700,2
2341,886,93.428436,1
2738,1980,36.538559,2
799,1786,10.225552,1
2464,480,8.403560,2
2189,2778,26.557110,1
2264,1955,58.768566,1
1103,1850,17.830593,1
2513,289,20.269583,0
2719,832,73.089478,2
329,813,17.419413,2
1053,2602,31.762144,2
1440,1289,57.516983,1
2794,205,91.215782,2
1330,822,49.289261,2
2336,2458,13.861238,2
479,1243,25.729778,1
1562,1882,81.949585,2
2890,2252,21.700365,1
508,659,60.473846,0
1621,1262,16.709486,2
1361,1055,11.013314,1
2992,1147,69.294899,2
2065,684,11.426197,2
2028,2240,90.777344,2
1891,897,95.672417,2
2189,1729,9.687603,2
1415,2906,32.894402,1
2942,1295,50.827919,2
532,2812,33.817867,2
933,376,16.721128,2
2691,324,26.984060,2
1168,1227,72.897690,0
2971,2397,72.477928,1
2116,1617,68.100235,2
2191,2965,24.768204,2
1375,110,26.313164,2
206,1749,66.626099,1
2517,1340,47.831200,2
2515,2296,29.500675,2
1912,2430,79.647705,2
1618,2692,63.306557,2
1325,223,92.713318,2
2618,1208,4.412061,2
1804,2429,71.371902,2
2869,1693,83.345764,0
2367,581,30.239973,2
2999,2461,76.443947,2
704,653,82.765266,2
36,181,1.216475,1
504,113,7.836013,2
1464,950,40.964310,2
1233,1380,38.908577,1
2594,742,48.050835,2
72,2904,39.163376,0
237,107,51.191292,2
494,1126,16.223766,2
129,1386,79.435890,2
1568,2738,32.432232,0
978,1155,8.554229,1
1975,1013,18.231503,2
1900,2979,71.558342,2
605,2374,76.102997,2
2999,2465,70.554520,2
937,607,10.221435,2
293,2781,4.760893,2
368,2619,6.688041,2
391,2191,77.509270,1
2799,966,35.490025,2
854,1698,64.695084,2
874,673,7.340256,2
2431,1958,96.613937,0
2249,1601,35.073406,2
1774,1773,45.637882,2
828,2400,82.571457,1
2884,2449,79.738625,2
2375,1776,90.046936,1
2573,2870,63.167351,2
431,2928,28.541414,0
1218,2009,45.218552,2
625,2849,54.365101,2
1396,580,40.672134,2
1752,2002,35.517609,1
2026,555,32.442543,1
367,1720,41.730106,2
973,1149,55.114681,1
841,132,21.269833,1
2717,58,2.741621,1
2488,1114,24.779182,2
2974,2042,85.157913,2
1584,1606,87.463470,1
2846,304,44.837811,2
372,1497,89.397354,2
2091,263,76.907150,2
1709,2186,9.983236,2
554,1659,30.503586,0
2792,480,54.444416,0
2071,2572,9.735190,2
1807,648,14.138382,0
2893,2308,61.852283,2
426,139,90.084793,2
453,1944,36.880932,1
2673,74,48.625877,0
607,350,19.492537,0
1489,870,1.589379,1
2054,1257,52.816700,2
214,1464,96.505241,2
286,2168,20.579020,2
428,296,60.447800,1
2290,2017,17.017349,2
1005,845,12.750575,2
2961,2163,84.797417,1
498,433,3.042572,2
2201,1132,19.302292,2
689,1010,78.357475,2
2799,820,28.392056,2
353,2314,21.948448,2
125,2926,17.041777,1
2134,2526,64.086121,2
1049,948,58.372910,0
1399,1914,8.970050,0
2624,1123,60.390129,1
917,2578,88.144653,0
545,1095,25.163765,2
2368,1692,45.403496,0
26,1334,15.138515,2
1467,818,15.017796,1
101,1578,1.517428,2
2858,881,99.388695,2
2546,2828,93.854660,1
1927,2215,87.450592,2
20,1501,28.446396,2
125,2148,4.766663,0
2992,486,26.158161,2
473,2475,9.987201,1
2748,2374,79.015144,1
1577,1,98.647560,1
563,2460,18.794193,2
2418,1980,11.378192,1
1451,2800,46.376404,0
196,2140,98.603607,2
1732,1244,36.134506,0
2168,1794,90.993774,2
2766,2956,2.356148,2
2303,2315,57.939728,1
2616,2378,63.819443,0
2536,1743,19.361006,1
1335,614,75.111023,0
956,1445,39.081818,1
1769,1595,43.000961,2
1212,1039,99.811707,0
2514,1909,35.970242,1
845,2558,48.567032,2
1796,1124,65.978149,1
1373,1233,36.703377,1
2570,1394,86.900002,2
89,2455,56.371208,2
2930,2258,65.895187,2
322,1829,9.507739,2
2691,833,6.201042,2
654,534,86.443413,2
566,475,48.449913,2
2087,975,15.722744,0
1422,791,98.007477,1
1324,2505,91.598801,1
1346,1514,20.240208,0
1404,1612,84.715256,0
1480,1542,19.230623,2
2276,837,33.615402,1
2176,1915,56.257923,2
2661,1348,3.613959,2
443,1055,43.231621,2
379,2424,65.892830,2
502,1555,79.579483,2
1278,1933,29.075083,1
2491,2301,25.797071,1
2189,111,43.870060,0
170,2619,38.752140,0
650,2251,87.620117,2
2058,2685,41.453842,2
1583,590,28.634647,0
1323,2962,11.755199,2
737,1534,11.971485,1
2423,870,50.591755,1
707,2115,79.563652,2
2761,1185,92.959038,2
822,686,40.384380,0
2044,2861,90.611214,2
784,879,87.014999,1
2215,196,46.753838,2
1339,932,31.691286,2
353,641,42.926895,2
843,407,9.444911,1
537,760,33.364834,2
260,1699,67.273438,1
319,1839,52.267254,1
1798,1835,97.571274,2
722,2381,88.715401,2
218,235,90.767159,2
1489,2904,81.460686,2
1724,2827,97.084457,0
1937,314,96.072006,2
518,2631,82.729401,0
1483,1376,89.976669,1
2220,2523,48.200245,2
2501,1163,75.027603,2
2096,2433,9.247974,1
2769,2473,29.278440,1
1067,1040,51.678558,0
2505,1691,25.776669,2
134,2573,40.778980,0
2256,1437,80.576942,2
2128,2126,6.185529,1
2974,838,37.078236,1
2467,1886,25.952795,2
884,1247,52.643887,1
2002,2801,19.162968,1
2172,1581,43.835964,1
284,560,43.641445,2
1272,2091,87.921440,2
2941,2686,27.614906,2
2078,994,83.460930,2
540,497,37.264721,1
2616,2770,63.707054,1
2388,36,85.989227,0
2044,1415,33.590179,1
2982,99,25.548414,2
2683,1766,61.626255,2
918,1365,8.684027,2
2864,2640,8.802757,0
2629,1180,54.571041,1
2394,924,97.637466,1
1175,1299,31.392015,1
1788,2718,3.337753,1
2907,2780,45.888977,0
2015,1243,70.380730,2
2198,1280,7.886569,2
2013,1216,49.946117,0
1710,631,1.456724,0
2013,803,59.607529,1
777,532,81.724922,0
2606,660,86.734665,0
1680,1117,10.713397,2
2019,177,3.696298,0
1453,2774,70.574142,1
335,944,38.693394,2
499,1434,12.414843,0
1636,1570,79.809387,0
2069,2839,7.020998,0
2514,539,94.868874,2
2215,1843,43.867779,0
1788,2563,3.616678,2
1997,1485,50.359657,2
1567,374,46.515526,2
2308,1613,12.090934,2
2469,1253,33.752953,0
1730,193,35.547024,2
410,177,20.432549,2
2845,1169,68.954590,2
1753,2571,59.349216,2
1228,2577,82.245117,1
1766,1268,44.203968,2
2586,1910,37.897911,2
1903,551,56.355640,0
1292,2571,8.935593,2
1161,1040,87.362778,0
1690,2193,37.790707,2
108,2456,79.580986,2
2978,818,34.936249,1
756,1800,78.244942,0
348,1243,66.196106,1
1422,1339,22.714451,2
1193,306,38.006809,0
399,724,14.237378,2
2428,1422,29.473232,0
2592,793,26.652075,1
2531,1280,99.292580,2
2391,1256,80.428780,0
1495,755,62.966412,2
531,2978,50.637390,0
2651,2724,53.014305,2
972,1086,97.211105,0
1600,2037,80.069862,2
2406,8,97.731331,0
2457,498,90.527557,0
2460,134,54.029572,1
652,2997,41.566399,1
1251,891,57.912655,0
678,1010,63.693382,0
1696,1330,67.631760,2
286,1195,77.245583,1
823,2861,81.519592,0
2849,93,1.105445,0
1804,2466,97.790176,0
460,30,25.766928,2
179,2569,2.926670,2
338,421,56.368767,0
1971,965,88.104469,0
981,2754,77.103912,2
850,1944,22.350889,1
100,2347,56.874969,2
1713,815,49.209328,2
352,2705,76.938499,2
2519,2580,39.048023,0
2279,1789,99.069344,2
2683,2294,77.313263,1
170,1881,53.055721,2
2862,379,77.144577,1
2544,1436,33.033428,1
2186,2265,47.165855,1
2232,1222,29.923134,1
1855,2761,66.468842,0
1829,1773,76.439819,2
491,321,85.980019,2
1978,445,49.478748,0
298,1619,76.937111,1
49,564,80.565506,2
155,2531,88.583923,2
1480,619,68.347855,1
431,638,69.258720,1
1316,2341,89.101364,1
2013,452,15.674312,2
2863,1905,6.747997,2
2922,61,65.107506,0
1181,1837,9.200493,2
1932,106,30.995687,1
1119,1095,70.253853,2
683,858,67.147728,2
1600,1605,72.069069,0
2063,2722,41.547459,2
2131,2977,83.531433,2
2996,1452,47.583107,2
230,2222,55.359596,2
2174,873,8.334953,1
2171,2767,55.407356,0
462,1572,53.491589,1
2241,2592,4.583858,2
41,2082,7.100672,1
1139,554,64.887291,2
141,2072,97.092613,2
981,2324,69.625046,2
2425,2623,97.311104,1
618,2811,82.061302,0
633,228,55.286957,1
2268,2234,41.096260,1
616,2240,80.384926,2
2022,2140,80.851471,2
1109,2352,78.434273,2
1757,1722,11.662971,1
1775,1307,10.958816,0
60,2355,98.711433,1
695,285,69.270531,2
2136,224,62.432114,2
2550,2657,86.224693,2
1823,1181,78.888962,0
2206,506,14.495383,1
627,633,7.651381,0
2387,2633,54.951439,2
947,1000,31.915497,1
1812,1021,14.478973,2
2645,2627,25.977057,0
1644,2889,17.326096,2
1748,2725,81.832695,2
2785,138,83.226143,1
2803,2636,87.145485,1
1137,1791,46.522961,0
614,1948,96.601952,1
1649,2148,48.854462,2
538,1512,95.880219,0
1623,869,15.334386,2
1886,358,57.325363,1
1943,45,98.117897,0
2918,2557,37.098118,1
1565,2887,1.926795,2
1852,962,12.702295,2
1178,1264,6.543144,1
2474,2047,32.992146,1
21,2764,51.527176,0
1669,1789,84.290886,0
2227,2527,36.362568,2
2128,2387,42.171619,0
1881,940,64.896187,1
583,2415,92.634750,0
2888,2120,31.229952,2
976,2661,69.040588,0
159,2517,2.457207,2
1027,2414,52.814236,2
817,1227,25.936148,2
1175,1461,47.450600,0
97,1427,78.735077,2
2582,608,34.319489,2
2113,1325,50.147663,1
109,883,61.163506,1
2009,2583,3.552014,0
2800,2496,97.117294,0
1298,258,86.042259,0
1528,1872,72.392113,1
785,286,24.789402,0
1439,1810,67.133965,1
49,1016,44.177841,1
2424,701,75.989449,1
2842,909,44.117649,1
730,2206,26.179899,2
2276,2284,29.304045,1
2383,343,65.061691,1
262,1567,65.978149,1
2525,2089,99.074051,0
289,2379,73.163002,0
2058,1842,85.909729,1
2541,1376,55.501625,2
933,147,31.806498,2
2228,364,8.556149,2
2909,2736,83.439529,1
1979,1057,8.410503,1
1881,479,95.065910,1
1124,1490,81.452286,1
242,845,37.115738,2
1489,2106,67.988945,2
1786,988,27.926382,1
1592,1042,96.105164,1
283,2848,66.982933,2
2398,1637,70.697922,2
2393,10,7.030196,0
133,159,55.324398,1
1274,2382,12.696499,2
1903,209,50.145584,0
2823,1844,8.520915,0
422,2158,25.619265,1
1279,1079,11.477256,2
742,211,8.403560,0
2561,2093,17.802961,0
2302,2133,84.764076,2
2933,462,12.292754,1
1792,1637,66.859940,2
2716,510,78.449982,2
2245,544,96.105164,1
2849,1390,85.493866,0
2048,509,80.798119,0
1575,1251,70.676353,2
88,2400,58.931549,1
1256,1722,74.114883,1
523,2004,49.882446,2
368,2038,68.493370,2
2014,2841,82.272163,2
1878,790,28.957642,0
1349,2459,60.354343,0
2748,988,87.352318,1
1275,2464,19.690653,1
2423,788,77.254272,0
1264,2206,32.585335,1
2562,570,90.178734,2
1386,2436,12.329763,2
203,1359,80.570564,2
1718,1873,50.535908,2
1428,1312,95.799759,1
2687,1111,27.592443,2
291,1246,0.410811,0
2595,2988,58.324314,0
445,1595,69.071808,1
1480,785,87.532219,0
1231,1263,46.155926,2
1982,989,69.528320,0
1668,1569,95.513809,1
1295,2062,75.116058,2
1230,2342,28.713173,1
2958,2254,21.597715,0
365,2614,19.733335,2
586,1932,57.831448,2
2362,2096,29.373718,1
1126,1457,79.055977,2
635,1264,79.082161,2
2045,2885,93.053413,2
2701,2713,64.342949,0
1793,767,51.638634,2
473,55,30.083773,2
2108,654,39.481640,1
488,2020,70.916901,2
420,1565,51.238468,0
1444,92,35.722683,0
2700,1583,6.384870,1
2861,710,45.037613,2
2422,670,59.208244,1
1838,1495,80.098946,0
1012,701,62.693890,1
1091,200,4.719303,0
2931,2352,24.669785,2
2544,2091,52.014156,1
795,625,80.483978,2
2354,1703,68.480515,2
775,2610,28.088633,2
2920,1164,84.163071,2
236,2265,38.331192,2
1814,1134,67.156738,2
2523,1485,57.675468,1
428,2320,32.904964,2
565,1342,79.283157,2
2938,15,32.518066,2
192,440,82.843620,1
2391,2697,40.595623,2
2671,2889,90.522415,2
1453,1430,98.407211,2
1162,2907,67.249252,2
2838,2567,57.163723,2
485,2356,22.963312,0
1856,243,23.126806,1
569,2486,29.235657,1
2742,2553,84.630096,2
2709,167,22.366135,2
2571,1214,62.947376,2
187,1365,3.288700,1
2381,2233,39.586758,2
248,2976,44.948036,2
1597,1676,6.335236,2
2037,1474,65.510162,0
700,845,57.259392,2
1973,215,48.334812,2
2893,2706,50.361313,2
2580,1347,85.129562,0
2403,2622,46.489391,1
1572,2482,78.323288,1
865,751,85.185524,0
2059,813,68.930634,0
1891,1141,76.780312,2
498,756,91.846901,2
1715,1227,48.770679,2
228,2707,4.717743,0
1358,1598,87.759422,2
2703,2499,63.990097,0
1431,2724,9.377626,2
121,906,7.927896,0
841,1910,69.815170,2
2683,1696,40.373260,2
2565,40,6.404582,1
1640,1086,94.192986,1
2368,1712,82.285225,2
1646,616,51.961880,2
2937,170,89.068062,2
354,136,17.492451,1
2360,578,28.064016,0
1130,1965,97.013138,1
318,2003,86.611526,1
2702,2767,6.996060,0
925,2965,23.956682,1
1687,2663,79.184875,2
122,2885,70.748039,1
2436,2517,39.227100,1
1806,1468,88.732071,2
2361,1564,53.524609,1
1647,1091,98.530533,2
247,1907,90.147263,2
2248,2713,4.406386,2
2701,2733,77.172386,2
2730,515,32.091457,1
1443,2912,49.188061,0
2568,1836,59.084282,2
1091,19,56.597908,0
581,1163,28.877464,2
1515,2132,57.930000,0
2096,1383,14.960914,2
1259,1971,37.564919,1
2239,1562,29.581224,2
1632,2445,69.365578,1
121,2392,18.521395,0
2266,437,5.607287,2
2615,2474,84.576111,1
1834,1392,65.558945,1
2786,1564,6.896801,1
1929,1938,19.841236,1
1942,790,41.145847,0
2405,2479,81.029495,2
1681,2219,85.046455,0
1602,910,93.576935,0
525,2776,54.173542,1
819,1391,51.571529,2
657,1668,76.212242,2
1158,916,62.760227,2
1818,1247,17.755041,1
1448,72,10.920394,1
872,887,58.195747,2
1125,1646,63.160362,2
2172,2802,15.424385,0
1143,2216,91.623093,2
141,2946,55.731529,2
1390,1514,1.092766,0
210,641,53.648819,0
2666,59,13.524181,2
1630,562,6.398108,0
103,1337,49.740978,1
679,2032,4.590978,1
2201,1723,83.122910,2
2802,1417,22.278097,0
1506,2916,30.424091,1
1468,169,79.298241,2
2070,2025,49.000793,2
1827,2093,12.358154,2
364,2604,23.901077,2
1896,993,37.887272,2
539,2960,27.330080,2
2890,423,30.470402,1
1148,257,68.299599,2
208,2565,66.377167,1
999,2479,48.260162,0
1988,2480,46.430504,0
2892,294,32.378208,2
1342,769,77.941650,0
43,1469,12.660365,1
2244,499,48.393917,2
2991,2544,36.455017,1
1481,2109,71.645432,2
1020,2649,87.401772,2
1125,2684,17.926889,0
2933,601,19.871719,1
65,2287,5.333037,1
988,2565,77.329659,1
657,1134,87.311852,0
1532,2118,10.845932,2
2649,2795,78.178528,2
2351,677,51.703197,2
1296,708,29.799587,1
1952,399,48.811119,1
1329,1948,53.071636,0
441,1086,52.886234,0
550,1743,43.478848,1
1653,735,61.669720,2
2632,1060,95.289452,2
1101,1560,89.897110,1
1997,687,65.117584,1
1563,2564,97.731331,0
1439,1581,49.760307,2
2554,1297,34.044010,2
1427,2172,0.991808,2
1850,198,94.468269,2
174,1730,37.661636,1
204,87,37.464390,1
1446,653,6.466998,2
2559,2658,73.478523,2
40,2321,16.157873,1
2705,612,65.159782,0
2513,2478,18.080351,0
796,2679,85.137260,0
1227,2473,85.888550,1
1571,790,49.889847,0
1584,1144,43.864273,2
127,1603,99.091057,2
1278,254,66.000595,2
1070,323,38.608276,2
2724,1952,40.117455,1
1216,1567,75.339256,1
2366,1706,21.085615,2
1539,1255,88.439598,0
1425,1840,43.824677,0
52,2545,71.925110,2
1574,1289,53.194378,1
374,1305,31.248547,0
1998,225,10.209569,1
986,2049,87.086555,1
848,1056,3.714507,0
884,2805,30.328371,2
967,1538,80.235756,0
1860,1839,95.672417,1
2150,1932,53.929348,2
857,334,91.393288,2
99,232,56.757034,2
2513,1414,16.963276,2
2462,782,95.103836,2
1773,2033,94.327705,2
2262,1241,82.863205,0
36,2851,59.394348,2
2276,1286,89.767677,0
952,1062,77.768173,1
2087,2587,64.700325,2
1528,1221,49.240227,0
194,1863,32.752373,1
2384,2294,50.899677,1
2120,1104,6.448786,2
1976,2182,31.736637,0
1291,1127,48.152637,0
993,1475,34.808018,1
1904,431,98.459412,0
1503,2754,28.719839,1
1999,2565,31.328266,0
2886,2246,94.476639,1
2457,305,78.686729,1
98,1808,65.194855,1
2822,2063,87.730347,0
466,1493,45.826115,1
2843,2749,8.637520,2
2033,136,80.751701,1
1801,57,76.940849,2
2684,181,3.555000,0
2054,247,10.592547,2
1329,46,11.478113,2
263,2920,54.925629,2
2099,161,65.875786,2
107,2819,53.781399,2
711,1514,42.336071,2
38,1173,80.070038,2
1567,1184,67.197784,1
405,771,11.681837,0
871,2939,26.700977,2
2700,556,73.518333,0
824,2321,76.934647,1
2504,2919,22.393209,0
2133,2755,9.496525,2
503,1841,69.415977,0
2020,991,81.347771,2
398,2675,83.347305,2
1071,113,31.028486,2
2692,448,72.725777,0
510,2238,71.374168,1
1416,775,43.346561,2
632,137,37.195679,1
2789,1774,17.585274,2
116,1225,23.914217,0
745,993,97.384171,2
706,448,22.624807,2
2543,1116,20.722504,0
1346,2524,63.965431,1
2713,1638,52.781879,2
2223,347,39.335022,1
1235,2530,34.560417,1
2479,2159,45.785412,1
2574,658,47.474865,2
1967,1450,87.401772,2
964,1671,45.380222,0
2317,490,54.139503,1
667,2599,88.715401,1
1265,2413,39.124592,0
2289,1093,64.072128,2
45,2568,1.981264,0
2705,1015,33.335674,1
493,954,56.567379,2
1577,1980,17.331747,2
1105,1281,7.561774,2
1056,1511,0.237477,2
2577,2620,54.056461,2
1367,412,24.486654,2
111,1620,45.754173,0
1619,1964,13.641468,0
2685,2078,23.201838,0
2896,1840,53.384884,2
1240,1371,82.555313,1
1893,2107,35.598816,1
1282,1537,89.971863,1
97,1152,82.798958,2
2444,403,1.980096,2
2981,932,7.876651,1
2621,2803,10.388986,0
2420,2399,61.919006,2
1044,2638,3.275876,0
471,1964,58.377094,1
2152,353,56.713634,2
1141,2392,13.633965,0
2414,1841,52.915424,0
1717,1054,16.216736,2
2301,1756,25.792273,1
2440,2672,44.454819,0
2030,342,47.231213,2
2087,708,40.237434,0
2677,1302,32.323681,2
499,1449,60.439232,1
732,2687,3.005592,2
2476,1696,48.390697,2
750,2618,44.071915,2
1784,1003,31.093380,0
1925,2096,22.105019,1
2838,309,16.601847,2
2953,1434,39.487782,1
2054,1101,94.897942,2
1651,2449,62.551552,2
1665,419,31.493559,1
2543,2301,91.598801,1
2684,576,47.538044,2
2389,626,65.250687,2
2549,2568,31.543547,2
1490,424,0.046875,2
995,1953,5.373692,1
720,1868,43.870060,0
2130,918,26.681366,2
1390,1964,34.560623,2
1569,2023,57.503044,0
2743,1761,62.157875,2
402,1265,86.500137,0
1093,1735,73.938087,2
1299,1655,82.626709,2
680,676,62.725101,0
2355,1233,45.823330,1
2453,936,23.551962,2
120,2253,57.552692,0
927,1274,72.090508,2
2805,1572,69.362648,2
1071,1643,45.567295,1
957,667,87.605515,1
848,1795,33.001972,2
1006,832,19.760870,2
908,2223,34.020020,2
2743,1461,57.741222,2
680,1281,75.048477,2
2834,292,59.143532,0
1845,1437,72.537842,2
2951,1276,20.534731,2
1538,571,76.564209,1
588,1667,52.699917,2
530,1062,44.345421,1
2221,715,45.414593,1
50,214,6.185529,2
2724,1192,29.808933,2
1394,2196,65.245689,2
294,491,16.241339,0
218,2753,26.598242,0
891,7,74.710968,2
1494,182,43.788734,1
798,40,24.324120,2
2210,1999,33.863632,2
1931,1861,17.011787,2
1965,1619,33.593285,1
1800,2503,5.710657,2
418,240,55.706081,2
2887,109,99.473434,0
779,685,48.702400,0
1424,2029,96.113106,2
2948,177,19.944195,2
1925,608,80.620560,2
1841,402,44.064793,0
1988,2991,93.751556,0
1826,2180,77.265266,2
1136,597,53.579811,0
1823,278,62.623566,2
2762,2726,76.326477,1
976,450,91.904137,1
1695,1929,75.099930,2
1937,543,96.043037,1
402,1063,21.668633,2
1089,1714,76.715958,0
1629,488,43.609863,2
50,1482,71.245567,2
1075,2319,22.353991,2
699,2770,0.937624,1
427,2242,0.298941,1
349,1208,52.392227,0
1340,2865,65.608536,2
2168,1579,44.179806,2
559,1730,56.159035,1
1630,1554,24.867783,1
1489,2382,17.074734,2
1119,879,74.301392,2
44,2379,45.377327,0
2697,657,73.322754,2
1864,1259,84.868813,1
2293,1833,39.839813,2
2101,1217,99.630005,0
1494,481,57.319042,1
291,2463,89.432030,1
1459,1874,20.216167,1
88,372,26.392620,2
2076,422,3.401641,2
2332,2546,78.351646,0
2137,266,10.845932,0
596,2077,69.138870,2
2391,1143,6.486046,2
2181,575,58.845177,0
984,90,68.256828,2
2292,1889,94.410439,0
2273,1968,58.695461,1
391,2769,22.931032,2
945,337,93.356125,2
2442,1200,51.083149,2
1802,220,21.589294,1
127,1719,88.104469,0
1024,335,84.733841,2
1121,2561,90.764091,2
1217,1274,4.459798,0
664,1535,92.636360,2
2682,2842,49.427704,0
68,211,74.457733,2
845,2216,90.154289,2
2930,1315,46.553368,0
1728,117,32.248928,0
454,1010,28.987995,2
728,1399,27.539713,2
1224,2091,93.401421,2
2822,2462,29.271833,2
2614,1539,22.915897,0
866,2571,54.016655,0
2355,1241,57.599220,0
790,2513,9.408690,2
1396,668,18.874762,2
1397,2213,86.098030,2
2614,1438,13.866727,1
1124,1885,32.520813,0
1173,1574,50.879940,2
1620,197,49.399273,0
2206,385,82.833633,2
1671,1112,89.525810,0
1680,1353,6.407055,2
1097,482,90.530525,0
1851,2467,46.563896,0
1593,2566,48.457439,0
359,145,37.163086,0
1221,2365,46.952202,0
1491,322,35.255535,1
629,447,25.219505,1
993,1418,66.505676,1
1627,387,26.093700,2
2857,523,37.639172,0
1756,2184,40.148060,2
13,993,15.897581,2
265,437,54.693741,2
2436,1209,55.287235,1
1156,405,60.442619,1
1189,2875,84.381004,0
2198,541,37.540062,2
2571,640,29.365524,2
2788,40,33.423443,1
896,2540,21.718903,1
2341,2329,53.440922,0
1727,1199,72.027885,2
635,27,21.730471,2
2178,477,90.767159,1
1125,1074,38.724693,1
2608,2764,53.559780,0
2133,1329,18.726362,2
394,879,74.035942,1
514,2894,81.902489,2
1155,2054,12.271396,0
1338,189,78.748734,1
2657,839,42.389027,1
2551,693,66.370338,2
2357,133,74.330444,0
2977,2488,7.718829,0
1414,1422,84.900337,1
2752,784,86.351433,2
877,1138,94.148567,0
2504,571,9.924946,0
2848,2260,85.429771,2
853,2416,75.830811,1
1490,1782,81.724327,1
182,1855,59.642441,2
411,2299,73.683647,2
852,464,39.323593,0
2375,316,5.466313,0
522,1571,93.406586,0
362,530,58.474724,0
661,310,98.530975,1
1871,1976,10.314966,2
1361,1188,15.883033,0
1088,1817,97.943985,1
831,2036,50.311337,1
1140,1843,26.128492,0
1636,534,79.748283,1
1829,2224,39.249805,0
2768,503,48.106804,1
2433,2055,39.756989,1
1091,1011,89.101364,1
2981,1601,75.492210,1
1558,1399,65.194855,2
2526,1367,13.067667,0
276,2247,93.435349,0
1617,209,33.863632,2
1530,2557,9.015959,0
2959,1143,75.946136,0
2006,1073,66.960526,2
784,2559,13.481733,1
618,2637,46.052414,2
2587,1825,64.202980,2
2533,744,75.213921,2
1531,1584,47.063046,2
2771,303,58.135918,2
1710,1957,79.666191,0
1794,2114,7.604854,2
7,1892,75.305244,2
451,1329,77.915047,2
1440,154,26.457222,2
1039,1526,14.365516,1
1878,2759,63.955238,2
371,1019,9.614528,2
1507,2482,97.242722,1
1886,1355,51.983433,2
2189,2707,8.721588,0
2870,297,41.168251,2
1904,2616,73.239929,0
621,1018,98.793541,0
305,2991,0.991808,2
1301,2585,3.704706,2
1380,525,41.968361,1
2020,1032,49.951057,2
1996,2629,86.345894,0
1025,1502,2.788672,0
2815,2290,95.045738,1
48,64,8.621632,2
1594,1155,92.425125,1
2467,1189,77.035194,1
969,1642,26.555025,2
2636,2114,83.424805,1
909,2452,91.079552,0
840,622,40.107548,1
1976,2701,29.759941,2
498,1975,8.873700,0
2328,290,67.261986,1
1872,1190,92.565163,2
986,499,46.396698,0
355,658,60.818180,1
2574,108,61.449905,1
1517,2240,3.729045,2
512,2274,52.492050,1
939,1370,4.610756,0
2936,828,94.563370,0
1,2779,64.692947,1
1485,2176,17.669193,0
1784,1397,50.295742,1
84,2042,56.759377,0
720,2841,85.525604,2
195,2873,77.851456,2
2150,2808,17.823374,0
1587,2373,17.229168,2
1709,130,24.497917,0
149,2282,9.892949,1
2385,1535,90.055626,2
1213,2546,47.082466,0
2539,1190,26.396545,1
2899,750,20.787876,0
1411,1779,2.127652,1
1614,1463,45.510845,1
1964,1880,75.862137,1
575,618,31.851305,1
578,1137,56.344799,1
1981,2055,68.538269,2
710,2300,50.405441,2
836,830,81.208458,1
2957,1409,31.596235,2
507,2712,20.578329,1
589,2045,36.865120,2
913,2352,73.864670,2
998,904,0.738226,0
1826,1724,56.076637,2
369,2405,9.998448,2
2442,2771,81.440720,2
515,481,39.366592,2
2837,386,90.536041,2
1295,2565,87.717812,1
2417,2037,13.755623,0
1367,973,35.552795,0
722,2598,87.171196,2
1297,2034,86.550842,2
1710,2739,61.677689,2
1731,2930,77.953804,1
956,1917,88.938210,2
1950,660,67.460030,1
2984,2911,36.565639,0
1901,2574,25.171669,1
1842,1490,17.606890,0
1598,886,56.787270,2
27,2541,73.546455,2
1618,1680,86.750717,2
300,1354,18.858377,2
1139,2771,29.447565,2
1795,1212,19.637659,2
828,905,99.584053,1
1894,1835,13.161627,2
1274,762,63.627754,2
70,2344,59.823345,0
435,2012,31.309992,2
873,2259,43.924362,2
1133,957,82.499352,1
461,953,84.351967,1
1847,2280,22.407745,2
1591,2652,31.044640,2
1659,1230,74.867294,0
1911,2973,64.110367,2
132,1961,42.223701,0
1202,1530,78.673210,2
236,1081,23.414278,1
2684,424,98.767311,2
2569,347,67.289330,2
2103,1805,44.988113,2
2405,1678,45.173946,2
784,2185,88.748497,0
2326,738,89.338852,2
1371,792,55.517487,2
2350,1510,59.322540,2
2268,2961,89.163979,2
299,2159,37.947063,0
1493,2544,85.558823,1
2763,2259,2.198838,2
2477,1474,80.660431,0
1497,961,26.496849,2
1357,286,74.499588,2
1807,1946,81.318665,1
632,2006,81.573540,1
2388,1710,95.045738,2
1290,2407,20.395395,0
1290,2470,3.050832,1
603,108,46.004074,1
2492,232,18.470524,2
2963,1328,77.069771,2
746,1435,19.995832,2
388,1528,99.991287,2
598,266,74.550018,2
2595,809,57.678452,2
440,2495,70.051018,2
2264,114,62.009087,0
278,891,2.617984,2
123,1582,41.536205,2
1305,679,80.133453,2
1793,2030,22.518242,2
1449,688,1.986636,2
2362,2425,88.797897,2
2001,229,38.386154,2
345,2504,92.188881,1
2791,1203,9.091221,1
858,2037,3.180013,2
1508,741,58.313816,2
1802,2206,87.598831,2
445,1316,60.922642,0
2893,1292,74.014435,1
1374,354,76.764046,2
700,924,37.900036,0
2244,1687,92.540413,1
1754,2995,77.414284,2
1715,2581,0.074186,0
1746,2984,80.701263,2
2305,2151,43.166756,0
2836,711,36.134506,0
2046,350,48.091137,0
1179,1676,99.708382,0
1139,663,2.495578,2
2648,1999,76.907150,2
939,1796,11.952138,1
715,1960,39.550831,2
2504,17,51.224930,2
1287,1059,74.333084,2
2921,634,89.624153,1
2860,861,99.423790,2
936,474,93.153191,2
1677,2619,89.157516,2
1516,2687,7.146672,2
1625,2822,47.087685,2
1385,1669,21.718073,2
303,1836,4.015331,2
1612,1054,37.569927,2
1663,138,61.870033,1
2371,1678,12.754878,2
789,1079,55.514069,1
1721,1844,58.632801,1
1545,128,57.350578,0
2293,1164,32.870148,0
1748,327,17.183500,0
2660,229,82.759529,2
1628,382,23.139635,2
194,72,87.428398,2
421,415,96.760834,2
1449,1591,45.451405,1
1206,1747,16.486084,1
660,2583,20.063587,2
1717,1819,91.646248,0
1545,864,46.248112,1
1141,502,69.326469,0
925,2835,25.592348,1
981,635,43.589283,0
1937,336,86.742805,1
1441,509,39.405636,1
183,1098,25.354616,1
589,1303,47.901180,0
980,2469,64.620369,2
2975,2021,38.325649,2
206,2315,51.219761,2
467,298,6.880713,2
944,2955,73.027878,0
2540,2976,14.701411,0
77,1979,13.341259,2
2631,2780,55.102268,1
2851,566,1.541642,0
217,1551,39.425793,0
888,400,58.960068,2
361,1042,34.043186,1
390,2422,73.484703,0
1428,2178,26.677654,1
1179,2558,30.930016,2
1633,656,12.441975,2
340,2882,13.171249,0
2297,2762,95.060509,0
536,2234,47.144867,1
968,2170,27.149080,0
764,2690,68.009972,2
471,2433,21.605104,1
1599,612,96.384636,1
792,2579,50.791000,1
851,165,24.442638,0
1550,575,91.997398,1
362,2018,67.409119,1
2459,1947,1.429133,0
1245,536,61.669720,1
2012,2908,3.412604,2
1074,2797,88.369125,0
130,2505,56.783478,1
133,2697,7.012049,2
2605,2097,76.768066,2
2992,51,47.069473,0
2794,409,22.325247,2
1714,844,30.105743,1
1726,1775,29.293484,2
2870,2960,24.458204,2
2352,2699,56.174458,1
2840,800,51.618713,2
1947,367,7.616851,2
2355,1874,1.162611,1
386,1599,26.148224,1
2691,124,4.911494,0
578,533,61.369698,2
2191,2653,78.583748,2
1348,2545,83.116272,2
640,820,74.679611,2
476,132,97.899384,0
524,2215,18.634430,2
1087,963,31.184357,2
642,1586,69.668236,2
2380,1993,18.672035,1
2986,2432,63.695850,2
1681,550,41.071022,1
2420,922,96.733299,1
986,1197,95.957169,2
1967,616,26.517420,2
1965,1765,40.173450,2
2540,1134,68.813858,0
140,1408,39.399216,2
2132,464,25.114344,1
14,822,77.551567,0
1616,387,83.453186,2
102,1782,55.438972,1
2172,2951,92.438835,2
262,1483,92.599045,2
661,2905,93.679649,2
1400,2002,47.443176,1
848,1212,7.329331,0
587,1168,73.206657,2
319,2257,89.776726,2
2119,1164,44.086681,2
920,56,37.364651,2
1296,332,63.941166,0
2325,264,4.933333,2
1929,195,22.644939,2
1835,2265,41.286880,2
613,1842,47.318516,1
1565,1063,83.459450,2
2718,1469,56.195801,2
648,2463,41.833527,0
575,1131,17.818424,2
1957,2923,99.129089,1
1277,1724,91.579460,2
2389,1350,28.425625,1
1151,661,9.633666,2
2829,1062,61.219891,2
2039,934,88.748497,0
2663,2554,23.820187,2
305,418,62.405895,0
1866,1753,63.504932,0
2872,158,84.798203,0
1753,414,30.306818,2
705,1631,31.301846,2
64,1304,90.325890,0
2850,1419,15.458282,2
2573,1601,27.492670,2
1164,1985,41.395199,2
1350,511,87.894493,0
2223,2823,11.169380,1
1900,1867,49.564053,1
998,1320,56.680447,2
330,627,40.316849,2
1602,64,98.239021,1
1316,1581,7.092666,2
2120,1937,33.263214,1
843,467,93.819756,2
2260,1968,49.360050,0
484,52,92.721405,2
156,527,4.117973,2
1739,2853,77.031517,0
2173,1172,72.401421,1
2485,1120,19.494972,1
1657,1674,99.039452,0
2086,2148,17.510267,1
2989,379,47.760635,1
2526,2942,64.406204,1
375,1867,76.380722,1
0,364,72.165405,2
2979,1625,88.902351,2
1571,2837,34.719879,2
2246,1573,84.026268,1
2347,1420,64.571686,0
1554,2708,21.413603,2
821,1122,58.348083,0
63,972,64.170486,1
284,2606,11.302825,2
2290,2558,15.951074,2
1740,887,79.986282,0
1371,2397,8.477776,0
448,1432,75.124939,1
2507,2313,64.458870,2
2294,1662,29.345337,2
1741,1666,18.682981,2
169,1530,87.553230,1
2830,1121,61.377430,0
2332,1222,8.334953,1
1608,2009,22.452440,2
2546,582,97.374199,1
2709,2849,88.012924,2
1926,2413,80.931671,0
911,197,25.212538,2
2255,23,26.481827,2
2726,2510,64.832710,1
2076,991,19.472069,2
2548,614,89.163979,1
2401,1110,71.245567,2
2566,1114,95.616966,2
2471,772,98.532600,2
1230,850,75.318970,1
1538,2670,50.612789,1
1944,1042,54.584747,1
2902,1795,98.006386,0
426,2693,90.510811,2
1376,233,49.176399,1
1883,716,14.418486,0
539,1968,67.340950,1
688,128,19.542852,2
1844,2904,74.233215,0
236,2109,75.027603,0
2704,2438,91.805473,1
1513,2071,3.005592,0
271,206,69.481590,2
981,2379,28.306625,2
1325,2347,8.388107,0
2199,2667,8.784119,2
2016,2423,5.932783,1
895,1889,9.733852,2
1090,1568,79.140190,2
901,2239,7.028836,2
2492,48,16.203480,0
995,2562,30.280933,0
227,754,78.823738,1
196,829,30.798779,0
1860,1912,84.841270,2
2975,72,9.750633,2
2996,1214,48.555748,0
1410,2258,10.704104,2
539,1427,58.557358,2
1262,1897,52.073589,2
936,2353,75.313896,2
837,1149,35.518627,2
167,944,96.161110,0
1133,1001,92.201294,0
2791,391,44.460712,2
2206,1375,93.839302,2
1402,2094,28.412512,2
597,447,75.780769,1
766,757,60.975254,2
2506,1320,60.610550,0
2797,274,12.052993,1
129,1983,58.828587,2
119,1927,59.902313,1
1003,1854,1.340046,0
2531,1191,63.122288,2
1414,196,31.462225,0
2229,1107,78.184433,0
2249,1938,40.124638,1
2438,1087,57.239445,1
1251,446,22.561136,2
1531,1614,49.767776,1
2930,1590,78.573502,0
1756,1246,30.830782,1
2762,2266,58.011654,0
1523,659,32.440147,0
437,1002,37.388420,2
1738,2433,56.680447,0
940,1786,21.839329,1
2866,2919,59.506191,2
2854,2367,93.780266,2
993,1835,66.006966,2
155,2300,0.660514,0
2954,1239,39.425793,0
468,2384,75.052917,2
1685,1955,74.585808,0
2991,2177,68.915375,1
606,2838,40.870129,0
2570,2002,56.200363,1
2971,1601,52.056534,0
1010,374,51.691048,2
1288,116,91.391510,2
1111,2064,98.908096,2
839,1730,9.263076,1
2372,808,31.185736,2
1404,1908,71.515434,1
854,236,63.706627,2
227,1118,51.877594,2
2366,329,2.993052,1
2302,1970,85.815979,2
388,656,59.434887,2
613,392,13.124215,2
1502,431,5.023616,2
958,2700,90.723312,1
192,2419,55.854252,2
94,243,50.907043,1
2598,2684,34.433838,0
57,99,27.129433,2
1185,496,84.329300,0
340,97,81.268646,2
772,2125,52.099003,0
2721,2019,15.664514,0
1632,2782,86.796944,2
257,1888,44.086620,2
1487,2089,34.486233,2
1057,227,55.358929,1
278,1243,0.745407,2
1371,531,68.688164,2
2456,2052,89.393166,2
482,1487,23.879774,1
2409,1885,3.191349,1
1182,375,50.291771,0
722,253,85.523972,2
2974,2923,13.520467,1
1545,2007,9.257071,2
13,2527,97.817657,0
1385,6,11.831257,0
1274,1702,18.377625,2
2284,366,57.879120,1
2437,463,1.322808,1
1505,2818,67.920311,1
2507,2504,45.320465,1
1095,386,47.474865,2
2615,2915,92.495201,1
45,349,52.682159,2
352,2360,65.538254,2
1969,1311,74.554245,1
189,258,10.169727,1
1190,1948,80.187859,0
1496,2868,20.358295,2
2493,538,83.566780,1
1897,2918,8.072044,0
1062,2162,78.823738,1
2975,26,39.516815,2
2836,1715,68.514153,1
2914,2523,65.365044,2
2265,1235,87.366219,0
242,2125,65.459389,0
2720,42,77.040428,2
534,1819,98.251106,0
2768,2477,69.168594,0
1211,1447,85.611824,2
2874,445,75.816574,0
2919,1609,44.576065,2
1461,2423,22.381620,1
2571,157,18.483093,2
473,2977,83.242477,2
2221,174,29.759941,2
1350,428,85.630646,0
2271,967,91.386330,1
2044,157,43.530628,2
2534,1545,97.426033,1
2263,2241,87.553230,2
2909,1788,72.666649,2
538,1385,32.179832,1
2698,2307,98.674988,1
1624,143,15.487216,0
1102,747,18.894035,2
817,1201,43.832474,0
246,97,11.833800,2
799,2847,99.036453,2
1143,329,79.872231,1
2783,726,81.616661,1
2404,1869,75.587051,0
1797,1091,65.440231,2
1462,836,30.576048,1
908,2479,35.042458,2
2050,1679,46.971241,0
1344,2334,94.526199,0
1283,663,90.865028,2
2527,1681,14.488008,0
2041,1009,51.769588,2
1827,1640,38.003052,1
724,817,11.758258,2
636,889,21.944921,0
434,739,54.041279,0
1105,289,10.769162,2
2684,1266,49.767776,0
2305,2741,74.061836,1
889,1494,14.066638,1
310,476,94.975830,1
2865,2638,17.902042,0
1060,2589,86.463135,1
1261,2942,88.761513,1
2030,2197,58.290771,1
1472,1277,97.387489,1
407,624,38.566849,0
1070,2168,61.739506,0
2223,2095,92.143860,0
1847,686,97.360634,0
542,965,85.654961,0
244,888,12.063917,2
540,1555,90.028458,0
2052,150,0.096029,2
1149,1932,13.372970,1
2891,1079,57.127151,2
2167,480,71.162697,2
1743,2096,73.252388,1
1494,2265,2.302263,0
2342,323,74.061836,0
902,2577,18.486425,0
2024,2205,49.374989,2
633,1286,94.470024,0
1821,1353,44.276333,0
968,625,2.425892,2
2600,2676,14.208844,0
1240,930,64.311119,1
194,2163,48.923290,2
1973,1908,43.756729,1
324,1111,16.605864,2
1414,2169,43.584332,2
1696,1100,20.491720,0
2357,1457,47.063438,2
2101,1036,91.547325,0
1169,2666,81.595139,2
2653,2448,90.462715,1
2887,888,27.355816,0
275,2390,35.911194,2
275,986,73.390907,1
780,194,13.875797,0
2445,2119,11.170168,2
1285,1187,0.592501,1
1940,689,39.351791,2
1183,345,56.840073,1
2150,1754,23.370388,0
73,2718,9.709522,1
1468,403,50.619469,2
253,1033,91.937355,1
227,2919,0.110011,2
359,921,57.054451,1
1298,1434,18.551521,2
1662,2670,42.900776,2
2505,2207,33.366425,0
2066,2789,81.771828,1
2104,364,10.082366,2
720,829,51.678558,0
712,2570,40.682667,1
2756,1073,72.951591,0
625,1166,38.410763,1
695,1910,78.666046,2
75,1904,82.748558,1
2661,2425,4.911494,2
944,2975,75.059639,1
1228,1114,52.591667,0
2346,2016,82.295403,2
2779,2074,79.435890,2
2071,2246,78.522896,0
1179,851,53.419189,0
1451,2098,82.755936,1
1912,779,96.368027,2
797,2878,53.680954,0
1704,991,92.087311,1
2866,2036,67.207863,1
1433,991,27.946785,2
666,1470,98.853836,2
2307,1299,91.931206,1
1744,320,60.089695,2
2169,2471,0.837487,0
407,1045,65.614182,0
83,2547,32.201267,2
2486,2394,86.279182,0
2381,1791,45.398033,2
2417,2802,37.873684,1
1634,2663,3.951663,1
1912,2955,24.283318,0
11,176,41.441807,1
1689,1419,81.463470,2
1372,2460,66.555389,0
999,127,31.020035,2
1634,1151,11.990988,2
1436,472,46.144093,2
2718,2784,25.228893,2
2505,1459,13.964555,1
2603,399,85.732483,1
273,281,83.901711,0
1204,567,26.726957,0
582,355,29.731697,2
2599,1342,34.257401,2
2799,1038,52.649078,2
469,621,24.935162,0
1781,640,24.989954,0
1661,2521,11.196989,2
693,2668,85.070030,2
1615,2082,68.793083,1
2341,2822,19.138750,0
356,1717,80.192390,2
1935,431,70.479729,2
381,1948,74.321434,1
1106,822,29.378944,0
706,2110,78.491913,2
1309,1667,59.788948,2
1224,1889,38.145000,2
635,940,82.399521,1
1663,2495,10.173779,2
1216,1688,44.183308,1
1948,1417,35.528656,0
2631,891,69.049736,2
1944,206,75.431366,2
1114,2040,98.150055,2
1824,2591,72.232109,2
534,2,50.578449,2
1365,2451,98.231926,0
2097,2397,63.516018,1
2294,596,8.250854,1
2311,2038,22.746717,2
1900,2870,19.483353,2
821,1665,53.440922,1
2169,1765,51.993580,2
1301,1542,83.247047,2
374,2271,62.676006,2
2142,1564,15.767683,1
1759,1216,99.767227,2
1221,869,10.771293,2
1738,933,79.040604,1
1209,2965,57.120674,2
1470,2328,45.947208,2
982,2761,38.981083,2
71,931,30.557934,2
2152,1107,17.903858,2
2792,589,75.023323,2
2958,1418,1.085367,2
2964,548,22.660692,1
2716,996,73.442139,2
1195,282,20.252359,1
750,2672,57.791271,2
1780,629,50.335312,1
1169,1454,81.056793,2
674,1976,57.008015,2
850,2170,61.671440,0
1036,1496,46.839012,2
917,2534,64.695084,2
2672,1953,6.001173,1
365,2695,51.496815,2
1111,328,77.083717,2
91,2942,24.625376,1
221,1598,40.099236,2
658,2973,43.132092,1
1545,328,77.713081,1
1405,2834,53.207291,2
893,2097,40.682667,2
2661,1995,95.538383,2
2585,1395,62.209328,2
1981,988,47.801792,1
789,1453,72.710068,1
1755,243,60.084244,1
1111,322,9.495901,2
918,2818,77.260086,1
615,1694,70.220230,1
2754,192,82.811234,0
560,2925,62.396332,0
2177,2926,32.474232,1
643,882,41.793625,1
984,1880,83.935310,0
564,1103,92.246231,2
2151,1814,57.599915,0
2755,2878,92.220955,2
322,2846,54.527187,1
693,1409,45.952686,0
2981,2465,90.715683,2
1179,2727,79.673798,0
586,244,2.472934,2
2304,1528,84.236679,0
486,1674,26.920511,0
2963,1845,57.381092,2
2569,1917,92.570625,2
2210,2165,42.749863,2
118,2909,28.451347,1
400,2425,37.130077,2
37,2958,22.176250,1
1848,2223,43.310188,1
724,248,98.556427,2
1115,2060,7.664203,0
1124,1078,98.708191,1
1680,1017,92.093536,2
108,2540,1.431515,1
1822,999,64.150780,2
2123,2673,63.850258,2
1406,2722,50.334953,0
2197,104,54.185413,1
1760,1861,32.675716,2
2806,2327,68.938065,2
2847,150,32.925354,2
730,2952,81.710701,0
1368,1611,66.576035,2
2283,1624,68.258865,1
731,1288,63.118530,0
2657,198,31.180611,0
742,104,52.194477,1
2877,1650,4.480297,0
1670,2196,73.528381,2
669,524,65.441460,1
1816,61,51.974373,2
1115,1170,33.906048,1
1703,72,7.293026,2
1901,1606,70.074425,0
1311,2262,81.406876,2
2907,2347,17.843140,0
291,210,49.079514,1
1640,2065,18.885244,2
1661,957,71.792580,0
1533,2913,87.810898,1
2774,972,35.148266,1
2928,2963,50.666328,2
171,1324,22.221813,1
1128,1472,2.092918,2
409,2838,19.647877,1
996,822,53.495789,2
615,1650,16.143162,0
2686,1111,63.677273,0
578,1822,37.829384,2
132,1062,86.999413,0
1384,1255,82.430908,2
2128,2425,8.583774,2
389,163,47.804268,2
2095,2804,82.444992,0
34,1136,67.055626,0
1670,2772,20.195175,0
580,31,96.925156,1
2571,520,28.604704,2
855,112,12.816438,2
2853,338,70.095398,2
201,1700,5.373366,1
1287,2724,84.381004,2
1842,624,5.501989,0
186,1031,6.069741,2
563,1230,98.217155,0
2604,2563,53.950397,2
29,1249,43.035255,2
2963,1285,13.412017,1
1416,99,68.261826,0
2550,1895,81.881714,2
2357,1274,49.185249,2
302,1673,92.244598,0
1840,1825,65.634758,2
1545,303,44.817665,0
2631,2364,44.670418,1
724,1316,69.608093,0
2384,712,30.887709,2
1923,1051,71.133560,1
1352,1076,39.451149,2
608,2053,23.979704,0
148,826,97.885674,2
2265,1260,57.450317,0
2477,509,73.947845,1
815,2499,83.512344,0
2905,2432,6.030139,1
2447,1168,40.886505,0
1462,581,88.122330,2
1456,418,38.591076,0
2076,1054,58.764706,0
1102,260,22.748287,0
489,1724,50.922859,2
2209,406,63.536930,0
2498,1189,76.714729,2
1111,1654,22.785290,0
1639,1557,46.522961,1
2042,2221,44.702141,0
1371,1722,16.557907,1
162,1407,10.816895,2
784,1306,73.372475,2
2355,1605,17.901529,1
784,2563,94.456421,1
2186,2199,55.799831,2
2642,960,96.517120,1
2393,1463,68.289154,2
2706,1931,95.045982,1
1403,509,16.855160,0
2103,1508,18.573763,1
1727,2482,49.320408,1
2904,1445,22.278097,1
1892,1771,49.464603,0
2445,1771,8.443104,0
2846,2778,87.979416,2
153,901,21.625162,0
1099,933,10.451905,1
372,1148,34.875031,2
1268,377,6.777801,0
1805,2678,87.652763,2
2874,738,80.361824,0
2057,2949,31.639668,2
2889,1930,84.043327,0
582,790,57.651508,0
2715,57,61.551071,0
212,831,13.932437,1
1450,310,15.947139,2
390,2863,8.072044,0
1540,1245,55.397747,0
2477,2330,36.994232,0
880,1400,33.612003,0
156,1462,99.001564,0
1540,2790,90.323761,2
393,2334,28.002670,2
1365,152,52.418690,2
2520,886,14.585656,2
1739,349,58.558788,0
1013,2785,39.223751,0
1265,900,40.382442,0
305,986,25.514980,0
1491,2764,13.782696,2
688,2905,94.318192,1
2477,333,57.519180,2
342,2844,17.036432,0
1049,771,15.386449,2
2468,386,39.825157,2
1362,2925,67.704735,0
693,2975,22.787193,2
186,2154,74.145821,2
2406,2603,19.677235,1
1712,710,83.184906,2
2909,1833,48.901222,1
381,991,58.931549,0
1443,2875,23.201838,0
2804,1162,11.260134,2
2162,1482,84.411102,0
806,1693,93.098175,1
235,2729,88.196892,0
335,2715,14.092862,0
2084,1350,9.911531,1
1856,198,45.762211,0
1056,2091,3.916176,2
249,2740,20.763277,1
2539,1715,49.969826,1
2812,2894,70.934669,1
2281,2981,51.802513,1
1702,2065,25.962694,1
710,2813,30.110275,2
2501,1502,7.818757,2
1568,1010,88.492447,0
1570,985,11.096109,2
2961,1862,34.171658,2
2731,2804,55.132694,2
2494,151,6.988495,1
2772,2115,20.981335,1
1337,1989,11.415709,2
467,2774,84.064537,0
181,293,46.535118,1
1262,2118,81.239395,2
2081,572,61.079922,2
2296,203,7.275905,1
2447,1406,46.868832,2
2582,1071,20.529518,1
1746,2060,86.244125,0
1667,1503,91.591354,0
1354,1784,33.269642,0
2434,732,93.406136,0
2530,307,65.404678,1
2031,2967,50.138527,2
1736,2792,45.407127,0
1471,1190,53.231567,2
2784,883,98.603477,1
1265,1206,27.163895,0
2849,478,10.812634,2
2144,1698,96.665337,2
912,2902,99.562721,2
2017,2345,43.333973,1
1981,867,11.625767,2
1103,1452,15.865960,2
2043,2960,89.732185,2
2250,595,17.241621,2
2610,2077,11.255772,2
1759,27,74.381973,2
2052,2662,44.108036,1
1592,2410,72.386497,1
700,2160,48.841782,0
661,2623,76.773102,0
46,2217,63.550167,1
1232,1776,69.689018,2
1922,1255,93.586288,1
2554,615,63.304329,1
1088,1118,78.491913,1
404,1286,6.146178,2
1432,263,75.023323,2
25,2726,57.729893,1
811,192,55.977669,2
474,1306,10.729162,0
1110,1153,41.116474,0
2377,865,50.619469,0
2240,455,11.302825,0
814,2552,59.511631,0
1893,828,76.606110,1
976,2550,98.714653,2
1180,1136,84.997719,0
181,266,75.052917,0
2270,1617,80.968025,2
253,2456,48.737049,0
407,1001,61.560917,0
2663,585,57.851147,0
1650,1636,97.748528,0
1305,855,96.642632,0
719,1285,15.674928,2
1500,3,10.729162,1
485,2057,11.876765,2
1441,1409,79.417206,2
2712,1344,7.888815,1
682,2983,45.288502,2
254,1823,66.149200,0
285,1701,27.779085,1
1972,728,26.365904,0
2020,127,49.888077,0
375,444,83.450111,1
272,1601,61.171501,1
302,287,67.201363,2
609,2833,75.708916,0
2422,629,14.310536,0
2868,1235,50.822395,2
1758,2711,11.764279,0
381,1977,48.500267,2
423,2393,1.989904,0
583,1956,11.758258,1
2067,1464,96.038620,0
1313,101,22.945431,1
1492,1110,13.510135,0
2367,1264,92.101494,0
66,491,74.072968,0
1084,878,29.585869,1
1799,2230,96.204292,1
565,1609,54.786236,2
567,676,48.387745,0
2226,1600,81.069084,2
1723,1565,49.275650,0
2970,1643,78.750984,1
1306,2628,12.079206,0
1397,1323,99.391624,0
2316,1868,77.184464,2
1207,2725,86.224693,2
888,24,41.284969,1
154,1581,57.691158,2
2738,2825,1.017308,2
233,899,49.110840,0
1585,1120,1.795115,0
362,2685,30.811825,0
1328,1943,10.622281,1
1844,2727,59.123283,0
2120,1753,16.127930,0
2344,1431,88.749458,1
1084,2356,35.973091,1
254,2912,77.998024,0
80,706,62.830463,2
409,2630,97.761116,2
2723,581,35.137508,2
1292,48,98.660919,2
2675,1519,12.825618,0
1772,2040,72.298203,1
1981,96,18.302589,0
2067,2554,72.654709,2
2610,2752,85.012733,2
1956,1269,19.648031,1
2387,1991,97.355804,2
1748,1246,24.672630,1
896,1511,88.740364,1
566,480,93.937828,2
19,2333,23.939747,1
2666,380,20.487709,2
1979,2068,13.037121,2
914,1485,4.099612,1
208,2776,77.414284,2
163,500,62.143139,1
1346,2770,26.781487,1
204,311,88.710075,2
258,405,62.090382,1
2881,2922,38.820232,0
2249,1888,17.804621,1
659,172,68.378548,1
2457,2933,86.476639,1
1566,1391,37.397270,0
1269,40,80.947861,1
145,2343,34.862507,2
2410,270,31.575993,2
1758,2973,37.248745,2
1743,520,60.446884,0
2631,518,43.518856,2
91,535,94.725754,0
554,1329,30.244358,2
2225,574,19.525892,1
871,2886,16.407679,1
686,873,74.243210,0
1873,2194,61.221592,0
524,2642,25.521362,0
2777,1498,65.382072,2
789,2454,93.308281,0
1432,1293,57.864590,2
2369,2147,75.701103,0
645,2809,88.749458,0
1590,104,81.137276,1
2224,1004,70.729195,0
1806,2273,34.246525,0
2820,2833,39.024822,0
1100,1932,92.584991,2
2094,257,44.304958,0
1497,2082,35.089539,1
2257,886,59.135796,2
2186,1059,45.359581,0
2897,593,90.695763,2
602,1574,65.192345,2
973,345,62.000641,2
1982,2902,67.654366,1
2673,38,63.350903,2
1051,157,17.214420,2
2068,329,30.026558,1
1613,1969,77.172562,2
2126,291,12.374265,0
404,2410,31.746546,2
707,1775,37.467316,2
2412,1849,69.613693,2
1982,1740,25.871813,2
220,2629,57.145817,1
1464,1211,57.005993,2
1103,2488,0.540617,2
2500,743,32.108002,0
2202,845,53.351025,2
1679,2597,34.472759,0
1856,404,5.662521,2
2062,389,19.942934,2
431,2478,12.290318,2
1864,1112,61.481270,0
1339,1384,24.184374,2
2062,2671,94.576225,1
1847,2788,70.295105,2
748,2025,81.138855,2
218,398,72.822662,2
2862,933,5.210598,2
1995,219,63.776131,0
2492,441,57.229324,1
1098,1338,32.511486,2
709,2718,16.648024,2
2501,2611,14.517986,2
2494,1808,0.533360,1
660,1929,0.240883,2
192,1996,53.065109,0
1816,1598,60.227737,0
2354,1614,52.077694,2
1634,2856,30.016207,1
921,2416,39.619442,0
625,2280,82.238396,2
933,1929,51.949585,2
1622,1942,20.432549,2
1963,2623,63.306557,1
1697,2511,28.306625,2
967,2287,17.926889,1
2527,49,17.120766,0
605,2190,59.879345,0
754,1671,34.112930,2
723,754,74.477837,2
2246,364,96.674637,2
2788,2716,72.755775,2
551,31,31.821066,2
1217,1317,26.969490,1
1316,1818,50.148838,0
1095,57,14.028876,2
2673,2718,93.066360,1
139,1531,3.835395,2
1232,1901,56.930782,0
426,837,92.599991,1
2090,2500,21.942751,2
1132,26,84.856483,1
720,364,15.504683,0
1583,1981,5.570852,1
2146,1766,73.588364,2
2052,802,15.810276,0
934,2566,25.457657,2
1963,2491,3.336738,2
675,1091,51.502449,2
598,2943,18.012093,2
1117,2474,74.095657,2
1745,101,69.474289,2
2043,804,20.732979,0
77,2494,98.690643,1
1873,2698,50.403332,2
776,1541,80.799011,2
2163,1001,57.719250,2
2968,366,3.028992,1
1522,1008,21.694088,0
1758,2361,41.949951,2
602,1714,11.538614,2
2035,2677,41.128597,0
2338,2870,67.361305,0
734,2980,15.284365,2
805,2507,46.476013,0
2932,2054,94.234772,2
1429,308,15.071973,2
986,2267,69.618568,1
2970,2360,68.541336,1
1656,1844,45.120155,0
1236,606,4.072615,1
1298,2386,17.208687,2
1141,2028,57.503090,2
2018,35,49.965130,1
2477,1244,26.480263,2
2488,1179,17.074293,2
898,588,31.185736,1
744,2849,0.547064,1
2211,1353,93.269661,0
1944,1810,61.890614,1
1351,2206,71.893311,2
2584,2856,16.846693,1
611,1532,35.722683,1
1719,480,55.239853,2
405,1553,3.685167,1
696,296,3.147886,1
518,1366,1.283530,2
756,2025,33.263885,1
489,161,30.773355,2
1837,2350,43.988777,1
185,78,61.547661,2
259,2526,95.880020,2
1268,1834,98.845856,2
2495,2109,67.701180,2
1617,2113,58.938698,0
1060,399,39.584389,1
1904,2483,68.937904,1
673,1609,83.743118,2
2954,2825,12.923573,1
2326,2498,52.573872,2
1095,1322,59.265205,2
2811,459,42.649525,2
2602,2239,62.775311,2
1615,1993,61.583855,2
1595,2028,45.260723,2
1975,1801,15.002947,1
1637,1073,60.979000,2
2006,2589,45.512733,0
545,1691,44.072151,1
1389,1286,82.076530,1
1390,1594,70.610786,2
2934,999,93.901062,1
2549,1351,26.338596,2
2694,42,48.629436,2
446,1395,91.510483,0
653,411,73.721855,0
1566,2847,85.845924,1
549,2521,66.562744,2
953,1094,76.951530,1
1900,2991,95.656807,1
2657,2714,60.696255,2
1082,1655,77.971336,0
2215,2847,88.206184,2
2848,2965,98.113190,2
2,488,40.347134,2
1398,2078,69.815002,0
2806,924,11.967175,1
1728,1404,29.883850,2
382,2985,41.906147,2
2462,2402,57.963585,2
605,2235,33.811512,0
2918,2988,50.933628,2
1727,2255,0.263854,0
460,1550,0.681672,0
952,1520,30.773355,1
2528,1752,20.470188,0
1613,806,51.904408,1
173,1035,99.152374,1
2015,840,80.348183,1
142,1888,51.310856,1
790,2324,33.266846,0
1578,2148,34.197685,0
2038,570,12.329763,2
631,1706,92.077744,1
1390,1823,14.013073,2
2348,2554,67.506004,2
2642,2445,80.820831,2
1489,1403,9.317131,1
1506,257,29.116896,1
1191,2165,40.194275,2
1333,702,11.216602,0
1711,294,50.827919,2
2989,1405,92.924828,2
2222,2036,25.974110,0
2099,2509,86.460754,0
2595,1788,49.295166,2
1222,1881,64.756561,1
1920,708,92.425125,1
2070,2944,18.548597,2
686,1038,67.197784,2
1447,2790,70.964714,2
1898,2325,15.006839,2
2010,2240,3.800038,1
906,1598,66.889450,2
2924,28,46.204651,2
1374,1341,12.727308,2
2066,2092,24.549669,0
2671,2097,12.441975,0
1100,252,63.080677,0
1778,2665,89.386307,0
2499,2026,38.104351,2
1267,629,82.338242,0
1278,398,88.110573,2
370,1837,23.149382,0
1296,2579,64.713890,1
1888,1807,19.729599,1
1233,21,41.532005,0
2913,2,39.946743,1
2975,782,83.692085,0
2493,203,52.282497,1
680,2092,49.110840,1
830,392,80.457047,1
822,1982,37.566608,0
596,341,17.268538,2
309,1786,40.035301,1
2689,794,88.351883,1
1149,759,88.629456,2
2920,256,62.192741,1
1425,2159,86.838722,0
1706,2329,70.306519,2
603,351,91.025749,0
2847,2602,28.430828,2
750,349,37.625874,0
569,2748,24.774506,2
2105,2158,5.345499,2
1835,1703,57.724621,2
912,1622,30.442879,2
1728,1627,23.896107,2
2191,647,24.142174,2
1941,642,52.367851,2
161,721,2.486493,2
907,2776,59.946098,1
1714,2153,48.743420,2
1669,1705,49.286148,2
498,609,23.081598,2
2297,1153,11.019705,0
2998,419,35.716030,1
2453,1838,3.263602,2
1722,2029,29.138489,0
911,2103,61.672047,0
692,679,23.752110,2
115,950,39.693542,2
906,1076,31.611675,2
2464,2505,3.227345,1
225,2755,0.608871,2
355,2324,26.562130,2
571,1426,9.903314,0
1412,2622,52.519245,2
81,2288,51.728077,0
1491,500,61.964924,2
636,506,46.998676,1
4,588,65.365044,1
2170,686,7.379838,0
2151,1222,17.522703,1
966,520,66.944763,2
935,1143,83.614403,2
2342,1318,30.200996,1
1885,1174,62.538647,2
353,423,42.169098,2
675,1299,84.082375,2
1758,2933,8.912480,1
1965,393,52.914013,2
2556,2273,47.904373,2
2344,2253,42.763168,0
662,2282,24.348297,2
2230,1315,7.069041,1
1837,175,59.902313,0
1314,2581,6.825292,0
1961,1573,9.507739,1
2419,1727,57.592358,2
1320,1094,92.747932,0
2919,2262,94.076996,0
1115,249,3.079790,1
1622,1718,57.426609,2
1947,1513,83.532791,1
1043,104,31.361948,2
1345,2762,78.190804,2
1015,2422,19.783152,2
725,901,14.961553,2
1457,1544,51.960754,0
1798,607,72.347549,2
861,778,64.934860,2
1772,1541,56.672916,2
956,1891,29.892620,1
2344,1949,87.850662,2
2866,1534,92.387726,1
1501,1168,28.211775,2
773,1736,94.069038,2
2437,687,23.891462,2
841,232,40.253830,0
2942,840,34.962975,1
2710,2872,46.967388,2
2330,1773,3.092528,2
2434,2578,47.258171,1
1491,2223,56.167721,1
1843,707,61.750481,2
304,1448,28.445503,2
601,613,49.069870,0
189,1794,62.877949,0
306,1338,15.751151,1
1755,1487,43.239017,0
1968,530,1.695379,1
1463,1797,16.643236,2
1698,2922,59.665104,2
1390,85,95.957169,2
599,944,80.747055,2
1500,517,55.132694,2
570,335,46.713093,1
2406,1865,18.486801,1
932,454,87.443542,2
1023,2154,2.170895,2
2402,1699,91.846901,1
2794,921,10.248559,1
2875,795,44.415779,1
596,850,71.472565,1
606,2449,91.837547,2
2477,1643,87.100990,0
55,2060,14.761920,2
1840,955,48.393917,2
1080,323,41.082523,0
2248,1622,67.370674,0
436,182,26.325453,0
2299,25,27.588694,2
2830,1692,86.912056,2
2385,2206,81.922310,1
1058,1575,87.476830,1
670,659,44.086620,2
1401,2206,2.670640,2
1815,2893,59.434975,1
2521,1474,76.833252,0
2446,2840,90.078171,1
704,1108,20.997595,2
221,1092,61.817398,1
889,2731,51.640991,0
722,1247,20.081854,0
146,2109,37.383240,2
776,1955,56.690060,1
2650,2556,67.671791,2
1673,474,74.313042,2
2517,797,77.232948,2
2226,1550,21.640471,2
607,1191,57.874866,2
762,1477,80.623260,2
1327,15,33.951035,2
571,387,40.745667,2
306,418,63.523655,0
2834,2164,59.458553,2
17,2479,89.610619,2
1187,630,34.025997,1
2755,2276,24.012785,1
2364,1381,65.138794,0
1366,1951,23.139635,0
118,1230,74.728134,1
2678,2832,4.379972,1
1590,2007,30.732887,2
1348,261,47.758179,2
2148,2945,42.466187,1
2363,1900,24.144157,2
2820,1040,20.706585,0
2822,2646,46.522961,1
1991,2304,83.805923,2
1090,2030,94.983971,2
562,812,34.312847,1
659,231,78.656792,0
457,95,79.306129,2
505,196,30.481415,2
1516,399,18.310419,0
2290,2260,41.353062,1
2386,13,58.100811,2
1160,1954,77.139656,1
2356,2150,69.749817,2
1237,2440,19.393234,2
1413,860,63.544170,1
1064,1212,66.459740,2
2165,2395,95.883194,2
1785,625,90.232887,1
2000,2018,1.914845,2
286,1930,17.359005,2
2968,757,98.959846,2
2865,1391,81.312057,0
1468,1220,29.634323,2
17,2224,70.946754,0
441,293,22.861734,0
1719,1374,37.167000,0
757,2799,73.272049,0
278,2465,80.406029,1
2463,511,95.117088,2
1815,1661,55.653996,2
167,2091,60.719139,2
919,392,80.111549,2
1669,599,59.637993,2
1522,651,84.730186,1
1140,2761,35.864567,2
1552,2082,10.370048,1
120,2668,19.262856,2
2874,80,85.760185,1
786,44,46.954994,1
2246,2138,90.611023,2
1760,1838,29.095722,2
1026,1137,18.252977,1
885,1171,27.749416,2
2335,1278,90.002251,2
1005,1219,17.241621,2
2112,2452,97.302834,2
1508,1884,52.123249,0
1674,2780,10.169906,2
2567,1141,62.281124,1
767,996,84.305214,2
143,741,76.592194,0
963,2363,47.062454,2
2079,2229,22.369814,1
2426,2860,64.477783,2
551,654,55.564823,1
1504,2115,97.045753,2
1657,807,47.311443,2
2190,419,34.565926,0
2875,378,12.790269,1
1465,1189,12.716753,2
2959,356,36.063831,0
113,1980,22.094889,1
1917,1677,19.574314,0
1884,680,87.858727,1
2054,1664,87.520805,0
1988,2971,87.982834,1
205,357,51.418499,1
832,35,17.317667,1
1789,2626,83.122414,2
76,894,49.352283,0
2436,1185,58.045147,2
2013,2486,93.726395,1
108,879,1.111817,1
373,642,43.827457,2
2856,1514,98.496880,2
1210,967,41.177040,0
2963,2454,35.541042,1
1079,2121,21.269833,2
811,529,58.226311,1
2044,419,31.467062,1
2776,1101,85.221115,0
2849,16,63.300571,1
2334,211,20.361267,2
1453,2086,16.004198,1
2369,235,24.563774,2
1809,280,79.025208,2
141,2345,96.416008,1
2661,499,71.374168,2
1650,2663,0.410811,1
2009,1723,17.460543,2
2231,2394,63.029037,0
2933,2996,92.717010,2
1981,522,99.036598,1
1174,578,58.530258,0
136,1070,43.144398,2
166,761,34.341011,2
2953,301,97.221764,1
747,1378,78.159081,1
2252,1202,88.846184,0
200,1228,7.404852,1
1146,1688,87.660378,1
2925,2374,31.184357,2
1470,2157,80.219093,2
896,54,55.218903,1
2194,2874,90.857254,2
671,2128,41.706665,2
377,2185,8.810833,0
688,1114,48.287632,2
2139,782,39.286480,2
1167,596,28.984999,1
1586,241,45.045738,2
342,1385,62.992653,1
1657,2201,94.165161,2
1772,2252,74.588844,1
2600,1070,16.406609,0
1598,1328,53.933064,2
905,2180,87.451996,1
1189,1061,46.221802,2
1753,219,22.707182,0
991,485,71.441811,1
1595,2518,91.823608,2
2465,1558,42.426319,0
32,2278,65.383034,1
214,2080,96.613937,0
619,1729,74.423302,0
1661,2773,81.434914,1
1217,658,94.794365,1
1301,1515,38.839176,1
1916,2753,22.073584,2
2506,11,97.151932,2
120,768,39.221355,2
812,1477,59.374649,2
2825,2852,49.399570,0
1662,410,79.973740,2
504,814,73.472786,2
966,2617,94.252861,2
1945,2133,9.981150,0
842,2780,42.477825,2
1876,2355,45.023388,1
896,1149,45.128925,1
2529,1510,9.892949,2
2396,2548,92.236557,0
1065,85,44.998970,0
616,1388,67.929939,2
1767,640,56.745991,0
552,748,31.770033,2
513,1494,88.104469,1
79,2885,40.917477,0
2132,332,16.479218,0
2962,2710,92.283852,2
966,469,45.783279,0
1676,1698,37.123962,2
1026,1631,55.843170,2
83,1852,62.750458,1
1860,2049,96.760834,1
878,2004,35.850716,0
2237,2859,64.360016,0
2834,2500,20.147318,2
740,1779,46.139896,1
1037,2857,78.602974,0
720,77,71.162697,2
802,2297,90.000999,0
2736,1136,17.171185,0
2160,865,86.919426,2
2705,1817,89.068062,2
1865,1718,87.660378,2
1347,2209,53.155029,2
1943,1264,97.136452,2
765,1733,78.737732,1
2063,79,67.779625,2
2960,1591,32.280693,0
1347,111,18.102694,0
2902,1388,84.257011,2
429,1796,91.923538,1
2895,2897,27.206142,2
1969,527,64.745613,2
333,1292,99.584053,1
2073,1568,40.691319,2
2225,174,11.350131,0
2202,2186,54.958355,2
1436,1216,83.638290,2
1255,1670,53.320015,2
2314,454,55.967930,0
2935,184,80.078590,1
1085,2785,59.644497,2
673,1468,28.877464,0
1311,2978,95.649506,2
2533,1126,32.094982,0
299,124,74.871872,2
1350,1592,19.530331,1
627,779,15.243250,0
2586,2709,42.336071,1
1588,343,51.219761,1
972,1019,29.883461,2
1151,2358,72.015015,1
1313,1738,11.486002,2
837,1013,3.371565,2
1190,1962,10.219562,0
716,1685,37.323391,2
1015,167,64.023293,0
2128,1834,31.467062,0
2137,883,52.519245,1
2660,787,60.067898,2
451,1296,29.526396,2
1674,351,95.327103,2
2991,2548,20.214363,1
1507,2191,91.329918,2
1705,615,91.002892,1
910,2538,86.793465,2
1788,2817,66.190834,0
2189,38,67.643860,0
2440,1287,76.218811,2
447,847,12.186156,2
2992,1539,92.412628,0
800,602,41.075993,2
2446,2328,9.496452,2
1441,1682,69.299568,2
2118,830,72.832687,1
1693,240,36.202492,2
2954,2953,9.570473,2
1623,2053,12.896377,2
2361,2356,4.704499,1
276,2377,45.823330,0
621,529,36.518723,1
550,2124,77.610527,2
734,637,14.373089,2
1351,262,60.615562,0
2365,2083,38.652542,1
448,2880,30.201797,2
1926,2122,63.580975,2
695,607,22.834970,1
2951,2299,72.154465,0
2048,1345,19.401468,0
814,547,5.523352,2
2914,1920,35.722683,2
1932,602,1.221680,2
357,1558,81.415054,1
285,2734,40.385983,2
65,1015,57.874866,1
1000,1860,99.558952,1
2849,2402,2.249816,1
2943,2230,1.417419,1
2708,491,36.017883,2
2135,2972,15.539603,2
196,1246,17.476862,1
2599,556,28.351152,1
1391,2522,96.327415,2
1224,661,8.420682,2
2745,2696,64.928535,2
1028,2113,47.063046,2
2619,2668,48.254421,0
274,2299,1.795115,2
2830,1754,16.223766,2
418,293,73.872147,2
905,1342,93.441292,0
2830,1221,78.302208,0
2576,2223,20.442762,1
2756,2294,89.535454,0
268,930,83.139229,1
1734,349,82.044914,2
789,547,80.565506,2
2345,1859,9.952566,2
2249,266,27.760267,0
2155,2658,32.971275,1
536,1611,12.388677,1
1191,1661,0.046875,2
2749,564,46.069378,2
2919,666,78.159058,2
1300,2177,74.083366,2
1846,1874,83.316238,1
622,1741,26.148224,1
2652,817,69.168373,2
1210,1068,98.875191,1
1212,1555,66.060730,2
472,2508,97.252708,1
2636,1539,82.112312,1
2234,1316,4.670709,0
424,969,3.861725,2
180,93,35.739563,0
33,1566,91.218842,1
1459,2067,89.309227,1
2964,213,13.466158,0
1809,459,46.536430,2
1769,2097,39.267910,0
214,2944,35.264309,1
1370,1184,13.891803,2
434,486,74.529373,0
894,2208,32.301456,2
546,2016,14.241063,2
2467,2609,43.026203,0
141,2768,63.164223,2
2442,1611,11.952865,1
2906,307,94.719681,0
66,1680,75.138077,2
2948,292,93.158066,2
893,2003,32.498817,1
2533,1995,63.803230,2
1643,1640,0.399103,1
1337,2506,97.320236,2
2599,1877,22.902868,2
2580,638,62.849503,2
545,732,73.169724,2
1000,59,60.834969,0
2544,208,17.371113,2
1486,1913,55.674232,2
109,2991,52.056938,1
1029,593,46.936363,2
14,103,67.467758,1
451,1537,45.927925,2
422,1578,26.517420,2
2876,1392,37.661636,1
2579,81,67.794800,2
1246,1971,90.031532,1
2190,1315,7.039318,0
617,2407,72.668587,2
601,943,46.906929,2
1385,2008,72.762283,0
614,844,81.460777,0
2549,774,11.659461,1
2229,2071,28.267920,0
1136,2108,81.274902,2
692,914,77.695045,1
2415,1671,51.735798,1
1336,95,83.600891,2
1885,2944,38.493649,2
895,2105,54.576694,2
383,25,95.557159,0
2778,2346,83.754120,1
596,421,65.365044,0
1818,1893,20.442762,1
1738,1901,33.936546,2
921,2550,83.601250,1
1340,2348,24.010151,2
994,108,1.844221,1
953,2147,28.815685,2
1500,2569,55.489872,2
2402,2658,36.882282,1
2292,1050,16.220198,1
1002,249,45.658421,0
2191,36,12.541553,1
1908,281,88.687431,2
2834,1174,54.898968,2
791,1370,46.171967,2
400,1274,59.920303,2
2240,1964,48.226925,2
1203,2310,85.657127,2
2993,2143,28.940865,2
330,250,0.547064,2
311,1574,59.563660,2
1089,431,76.804008,2
1238,675,63.130699,2
2669,1645,10.529558,1
251,2455,83.915237,2
2002,1999,68.646164,0
2947,524,51.728172,2
2761,2895,82.892647,2
788,432,53.063290,2
2942,1510,71.528603,2
2032,1501,83.868111,1
2807,993,38.104351,2
806,204,32.463959,1
1821,1424,68.514153,1
1409,876,29.840740,0
1112,550,58.560150,1
685,722,92.056976,1
2043,1163,23.998344,2
429,679,26.721443,2
1178,979,40.351494,0
2849,2144,32.179832,2
535,1119,72.057999,1
1869,1881,73.863930,1
697,2049,81.532585,1
1995,1955,50.113632,0
183,766,63.177082,0
1272,579,19.384052,0
1272,792,46.562592,0
2276,1908,58.518932,2
1868,1645,11.589264,2
944,1482,42.720409,2
1841,1180,28.178589,0
2094,237,21.304432,2
1222,1266,35.160820,2
1007,2885,70.185158,1
2688,1244,91.493759,0
1761,2623,52.884811,2
2815,1843,98.647560,1
2938,1014,51.218002,0
2836,1888,67.144371,1
2498,1904,28.090940,1
1921,658,79.627129,1
2563,1963,84.905289,0
387,2440,22.830938,0
1583,151,47.853653,2
138,566,15.017809,2
1121,2095,63.371403,2
0,1013,9.687603,2
684,2282,75.794685,2
1851,2062,29.048180,2
2602,1126,26.156273,0
236,2850,85.680473,0
2384,1507,43.970089,1
2948,1990,95.800873,2
672,487,88.261688,2
2854,1931,70.588295,2
566,2367,30.032619,2
1988,725,48.770679,2
403,1458,99.811707,2
1054,1541,37.352974,2
1584,973,45.248478,0
230,1177,84.251541,2
561,1571,87.522278,0
1800,2718,69.350388,1
1498,504,34.875031,1
2819,39,1.100153,2
2163,589,33.951038,1
2719,2340,69.740448,1
2741,1456,35.024673,1
1037,878,3.487680,0
170,2880,74.770340,2
1131,1656,17.802961,2
1618,1735,59.787132,2
2431,205,93.763756,1
597,2823,69.815002,1
1171,657,84.344231,2
680,2677,53.340965,1
2526,2721,98.820984,2
1665,1763,63.993145,2
2267,1668,16.674339,0
396,1457,35.624367,0
173,1861,40.453251,2
1751,14,6.022715,2
845,2670,73.642570,1
2481,1102,84.363144,0
2438,1578,91.815247,1
870,2770,90.938850,1
1617,196,80.396255,2
1751,2086,17.581198,0
47,171,82.118057,1
1332,1682,99.509598,0
2440,1152,20.080259,2
2591,100,73.140335,1
2381,1712,43.803871,2
2994,2763,14.538391,0
2476,13,88.386719,2
631,1816,21.668633,2
743,428,10.165460,0
2246,2566,25.438921,2
2273,917,7.103570,2
2404,530,85.421127,1
1739,1598,48.113972,2
2458,2353,53.868240,2
2427,2156,67.078438,2
261,2449,19.376070,2
2948,53,33.634583,1
2114,1763,24.039701,2
712,1987,76.078262,1
2620,1894,63.122288,2
2782,1477,15.331999,2
2501,1661,93.956200,2
1708,1646,30.325254,2
2240,1262,2.652972,0
51,568,71.507866,1
1513,2768,33.325634,2
54,492,65.660164,2
2187,434,29.799324,0
1641,697,81.137184,0
2574,110,91.511154,1
1521,2412,72.232109,2
1038,29,46.209557,1
466,703,41.168743,2
2025,1653,2.926670,2
2162,2169,44.007980,2
324,1754,86.819420,2
1734,1027,74.381218,2
1223,315,66.653671,2
2805,2817,94.983971,1
1229,128,97.621460,0
2803,347,2.921666,1
347,1377,52.967117,2
2644,1135,20.569710,2
1914,1070,45.463440,2
939,758,29.810812,2
2694,472,76.293503,2
109,603,26.716684,0
728,1991,82.112167,2
1564,1124,19.703093,1
504,2586,8.757180,2
769,983,74.736160,2
2821,2276,35.528656,1
2860,2938,5.946740,2
1533,528,30.777031,2
1385,117,55.131104,1
1833,2327,32.324574,0
440,1096,9.257071,2
501,2007,9.186903,2
2643,1309,68.299599,2
1765,611,12.090934,2
1382,1200,77.391510,2
1757,1771,8.823862,2
384,2336,85.742973,0
945,1478,58.342793,0
2844,456,74.629852,0
2794,2999,72.614433,2
1227,89,83.122414,1
2010,676,4.447006,2
2445,495,71.443665,2
1631,889,34.402565,1
2329,55,7.183825,1
1991,1794,29.116896,2
1435,466,9.150315,1
2645,768,61.044971,2
477,2646,78.458214,1
1678,1172,90.622917,1
645,2298,39.825157,1
1892,2545,60.799213,2
2752,1311,98.207542,2
1620,2145,35.923508,2
623,2119,43.798096,0
2841,1612,11.267807,0
2079,1717,74.664352,2
2753,1173,11.965848,2
2672,1414,3.891198,2
348,1785,81.855553,2
2770,1717,63.003101,0
1328,1948,42.007725,1
2679,2660,92.681465,2
2907,1837,20.289804,0
2033,140,31.719379,1
2823,2135,31.312845,1
809,1802,50.593491,2
1294,1924,16.651527,2
1389,866,84.389839,0
2182,2495,83.531250,2
1710,1637,79.474861,2
2395,2501,81.101746,1
546,273,7.901457,1
1979,2504,35.589024,1
2459,2875,35.402237,2
1044,1209,82.933197,1
473,1773,58.586231,0
2538,1475,20.238592,2
1453,591,85.936501,2
1835,1817,51.904408,2
2264,1781,6.983250,2
1885,2362,11.157806,2
2783,545,31.420744,0
1402,2044,32.378208,2
1240,2121,90.466080,2
2820,313,58.899109,0
2973,573,1.791871,1
1082,2879,6.783605,1
1241,975,47.290833,1
325,227,78.491852,1
711,2173,33.452839,0
437,2569,21.962811,1
581,1028,78.064682,2
1224,1967,97.313690,0
892,1544,0.449984,2
2162,1595,0.675211,2
1159,219,1.926795,2
2976,2309,41.594170,0
2642,1881,70.970490,1
2097,1528,87.449394,2
2302,194,92.885239,1
1858,576,97.360634,0
1115,2813,44.909557,2
1921,346,44.700417,0
2041,1032,12.429762,2
2188,2343,34.365650,2
2290,2710,59.434975,1
1433,2792,92.843628,1
2251,339,46.022999,1
1163,2052,2.926670,0
1492,1936,31.391972,2
1214,2475,99.381393,2
2458,661,89.763657,2
906,2770,26.565317,1
1025,906,61.632309,1
1846,2817,20.003733,2
1973,638,73.192986,2
803,1260,22.555920,2
234,183,25.451962,1
400,1207,2.003688,0
2435,1415,54.998615,0
1871,2511,12.010412,2
756,1689,10.225552,1
2997,2718,60.402821,1
694,2587,74.301392,2
48,491,1.009278,2
2734,2706,24.200563,1
2883,1598,61.808018,2
2321,2317,87.150314,1
1829,2705,40.024174,1
150,361,35.518627,1
2374,1016,79.888603,0
295,795,59.001530,1
2895,1749,61.134743,1
328,758,22.600380,2
2078,1376,27.262758,2
1441,409,90.040436,2
435,2715,93.485580,2
1857,603,48.466881,1
1620,2109,48.548294,2
576,2216,52.420540,1
1012,2258,43.914845,0
1805,668,28.480331,2
2032,2345,64.410400,2
631,2363,32.623032,0
803,225,31.801836,1
399,2440,45.551960,2
508,24,47.182880,2
12,1039,48.386600,2
1676,1936,80.841232,2
2966,21,70.053680,1
887,2716,43.378273,2
2133,1283,88.752548,2
1825,1457,11.126666,0
866,2490,62.452015,0
2100,1570,24.324120,2
160,1326,51.492416,2
2519,901,9.337382,2
1729,487,30.479780,0
1432,1811,47.768871,1
62,738,90.396713,2
2016,2421,62.074883,2
1008,1525,91.933846,2
1334,17,22.823944,1
2426,964,10.416152,0
2924,1160,9.800209,1
1487,494,87.393173,2
2266,1538,60.435318,0
2522,942,35.881298,1
152,1466,47.290833,1
2977,2716,19.147758,2
1622,1666,37.842529,0
452,2985,17.412079,0
536,2707,79.034081,1
565,1731,19.367044,1
2234,2832,84.997719,2
1471,316,61.968117,1
697,670,37.035103,2
685,1405,23.024029,2
69,2239,24.634571,0
2368,2394,86.974365,2
1492,714,25.500832,2
2800,2832,59.858147,1
2185,643,88.954391,0
1550,1033,89.138191,2
1932,2277,54.300488,0
101,1927,39.336937,1
1710,2592,34.740978,2
2072,2761,16.561901,2
2638,68,19.710783,2
1138,2671,23.443449,2
1027,1966,80.198357,2
738,864,18.590282,1
2230,694,60.640400,1
2230,921,22.954020,1
316,1450,88.146530,2
287,1679,79.772919,0
2441,262,41.117123,0
2234,1693,60.739754,1
1957,2598,33.385921,2
2422,2678,59.308117,1
2749,2541,70.521690,2
2450,323,37.184956,2
1721,2436,30.390207,2
1742,703,90.084473,0
1988,1501,15.361039,2
2954,1324,52.636921,1
967,2683,21.691801,0
694,2424,58.319588,2
2969,1328,1.165962,2
577,2603,58.350277,1
2195,2823,24.139858,1
145,1926,13.791833,2
2308,2235,10.070167,2
1863,806,26.488613,1
2661,2249,13.067667,2
1161,337,75.133629,2
2596,913,61.155529,0
1828,2185,56.922359,2
1257,178,86.651367,0
1781,135,45.747749,1
598,354,74.547058,0
2775,399,79.882240,1
1762,561,49.888367,0
1653,1540,31.657288,1
925,813,71.648308,2
1755,1152,77.932922,2
2901,2535,66.562744,2
1851,2883,47.792362,2
1166,1510,88.131958,0
2729,1812,52.573399,0
2514,1793,21.037424,2
408,2689,11.130370,1
1027,491,0.260347,0
658,1223,31.122849,1
1383,2888,37.804054,2
603,2127,30.818388,0
1551,2623,34.036304,1
1356,2043,13.456296,2
2885,2990,1.072810,0
2496,84,1.249305,2
253,2186,48.898788,0
793,1469,39.014427,2
2384,2269,44.672993,2
2539,2577,30.519680,1
2723,2695,61.272530,0
277,2689,23.455462,1
1775,453,76.634476,2
2151,1643,49.176399,2
786,2899,93.191879,2
891,121,52.987526,2
1379,1470,32.905365,2
269,797,64.252586,1
2883,2255,78.526901,2
2763,2101,19.198526,2
962,953,33.606232,1
1284,2942,14.202901,1
508,774,95.809959,0
1883,403,89.448212,2
903,1444,99.176422,0
2662,2174,94.975830,1
2757,959,43.654003,0
2409,1608,9.251386,2
923,2546,82.183281,2
303,375,32.685356,2
2750,1920,48.529419,1
2088,2623,55.968971,2
418,2381,2.155618,0
1663,1762,63.874603,0
2908,1093,79.482994,2
703,675,52.123249,1
1851,1683,19.942297,2
2461,1550,77.520050,2
2077,645,48.287632,0
1882,1558,23.655602,2
747,2233,53.926270,2
2529,1252,74.029869,1
566,669,23.420620,2
1147,1853,71.300163,1
1928,1636,55.680428,1
1428,2961,75.838676,1
2347,1405,73.933456,2
1331,676,60.834969,1
1492,2168,46.963051,0
341,171,82.573502,1
1842,1424,40.689903,2
1252,2088,18.770512,0
2861,161,64.902733,0
131,2973,40.989407,0
937,824,76.833252,1
225,200,11.209196,2
2964,35,64.485558,1
1537,1922,54.137218,2
1231,2717,24.103430,2
228,802,55.172550,0
1725,1745,0.608642,1
868,878,79.122017,1
1043,815,1.100153,2
1951,2048,49.013168,1
1620,2193,10.570577,2
2304,2681,40.217216,2
1025,1851,96.251610,1
2465,1647,82.983177,1
856,2706,31.821066,2
161,1198,88.315094,0
2026,1595,1.454028,2
78,2905,63.354603,2
2254,1492,93.304626,2
2097,1972,13.327222,2
899,2460,73.842422,2
2971,1977,84.963631,2
1608,2705,21.557673,2
1080,2489,81.669731,2
1186,431,50.405441,0
1177,126,34.226521,2
646,918,40.917477,2
1877,2542,70.836235,1
1750,1060,29.443607,1
634,1805,65.059990,1
853,1743,82.989365,0
830,656,3.860056,2
749,1859,19.812176,2
961,244,47.470222,2
1110,761,31.356705,2
2313,2094,63.847038,0
108,465,68.825836,2
998,2815,90.625870,0
2453,1349,28.485413,2
926,1139,73.308418,2
173,1764,45.984112,2
142,2809,34.710697,1
2267,1944,56.453697,1
2288,124,46.047695,2
2931,924,62.904736,0
1055,1139,29.707445,2
2713,1668,20.560932,0
139,2508,96.475044,1
2493,1643,69.139244,0
542,2505,33.754456,2
1221,1341,74.212692,2
202,1489,15.000895,1
2880,2094,7.515408,2
586,2246,59.457703,1
2025,2658,69.384033,1
357,1222,37.172649,1
2089,15,22.410139,2
150,724,58.198299,1
2396,1930,28.915781,2
572,2175,38.047733,2
2450,2965,70.817223,2
1333,201,61.022137,0
560,2893,9.499200,1
2728,1070,89.345657,2
1406,2299,27.458073,2
1236,2282,10.986071,2
2712,1332,26.514175,2
2721,1327,60.900597,2
2842,2651,97.123466,1
2982,477,47.082466,2
2756,1770,28.969765,1
1187,2604,72.711090,0
1224,2627,33.125019,0
771,2053,94.590935,0
2417,2003,74.025024,1
390,573,84.588760,0
936,852,50.155094,2
908,2322,0.660514,0
2591,2323,14.517986,0
909,2180,25.317394,2
2833,1939,49.575092,0
871,982,32.018200,0
1821,178,68.468437,2
2688,233,81.167419,2
730,1941,50.221519,2
1692,438,65.646866,1
1607,1963,35.386265,0
2642,1651,75.860748,0
439,2005,12.513516,1
2005,2549,19.815830,1
1815,2855,14.228268,0
449,1906,58.581871,1
2245,1880,85.260864,2
379,960,46.562592,0
387,612,99.095093,1
2256,1761,46.707211,2
1960,108,38.733189,0
2203,1909,3.816777,0
2963,2,95.716377,2
1160,1695,66.555298,2
2368,1105,92.140045,2
2700,667,68.408722,1
16,2544,62.049355,0
2346,2424,35.555153,0
213,1672,30.385462,0
1018,1191,7.840117,2
2591,81,21.410189,2
1613,2201,29.814087,2
1414,1059,47.112438,0
733,834,84.959702,2
464,1871,25.383770,0
1725,1732,41.241047,1
2174,1463,80.178154,2
958,2357,14.522379,2
375,1451,65.110878,0
2232,2572,51.853394,0
2321,1818,60.826099,0
305,2495,23.184727,1
37,1038,15.492023,2
2811,1550,38.044765,2
2499,373,85.323418,2
905,1525,61.387062,2
1590,102,73.929054,2
230,2251,41.949951,0
941,2932,51.856960,2
1891,107,33.781750,2
679,2279,81.460777,1
240,346,75.281036,2
72,2683,82.556137,2
15,1383,74.926781,2
28,1827,7.952232,0
367,2208,27.627565,1
1903,1333,73.553055,1
1081,185,22.192799,1
140,180,86.840157,1
2103,1626,22.452440,1
2535,135,74.442009,1
2511,215,78.216789,2
2333,2964,73.055527,0
2491,387,44.610603,2
507,556,9.229365,1
2666,2979,53.327755,2
1460,2724,57.719341,2
1467,1580,25.303553,0
2490,2824,44.343708,2
2273,452,59.308117,2
372,497,15.966106,0
1066,2452,95.705017,2
1418,2699,19.367044,1
2082,2612,15.103274,2
2654,2515,39.577003,0
191,2673,56.215076,2
1644,2398,69.359810,1
2241,987,96.041832,2
213,553,47.724102,2
2565,1504,85.012733,1
914,229,37.091805,2
1155,488,30.835407,2
2871,1005,29.670319,2
1987,110,57.516983,2
2916,1679,21.220417,2
271,2255,88.487167,0
2729,58,83.848579,1
2441,778,66.913292,1
334,801,92.926025,1
2247,37,58.721092,1
1673,1713,44.246174,2
2368,240,81.248215,2
2190,1784,37.873684,2
1018,2660,74.296326,2
103,2997,88.487167,2
871,793,53.078442,0
583,1292,69.245468,0
822,1518,77.399048,2
858,1593,38.070061,2
1792,120,69.538811,2
897,802,80.192390,2
1682,2390,28.525654,2
2901,1229,78.171364,2
973,1245,85.258179,2
1947,1138,90.133720,2
1127,1168,0.989375,2
2000,515,91.430885,2
2638,2012,97.472458,2
836,528,91.741386,2
2146,2261,18.311890,2
1746,750,31.662689,2
1493,504,42.542946,2
2236,1355,98.614540,2
433,2158,14.962556,2
2372,1228,82.039551,0
103,2736,24.335918,1
1729,1330,29.700665,2
2172,2583,0.000667,0
2051,1763,65.015862,2
1376,2661,84.934822,0
125,1380,50.314270,1
1470,274,81.604202,1
2442,1215,87.122856,2
841,1881,14.106604,1
784,2116,57.321819,1
94,564,80.358086,2
1687,1851,36.272842,0
2511,2583,1.351589,2
1805,576,89.520325,2
964,349,24.481325,0
2234,2526,83.084846,1
2117,1489,36.264076,1
1246,207,80.726746,0
2827,1476,57.707363,1
1146,1672,60.439232,2
489,1410,78.997894,2
1400,1239,50.040089,1
1072,2772,58.728397,0
334,1413,4.878057,2
1976,845,37.218697,2
1869,546,44.205898,2
1012,1964,44.922798,2
577,2741,93.037300,0
850,2365,64.226395,1
2340,761,41.494759,2
2234,2768,57.319042,2
2279,638,15.465201,2
1240,2047,96.475044,2
2254,391,82.937065,2
2597,127,21.382811,2
204,1724,54.568546,2
1422,2910,81.167419,2
2513,612,31.763889,1
2818,731,47.182880,1
2893,1400,88.033791,0
1813,78,24.635420,2
2021,832,83.731987,2
2871,2125,94.282646,2
2100,1311,96.568665,1
1166,184,55.799831,1
2011,192,2.065657,0
199,2766,37.222427,1
2566,1991,32.589272,2
601,1471,42.733379,2
424,1466,84.315430,2
2154,2479,73.247360,2
1827,32,40.370064,0
2355,2183,90.126999,2
2425,2341,94.867744,0
2995,1136,59.349216,2
1457,298,55.683739,2
531,837,42.107811,1
1600,2420,23.028311,1
1537,1598,25.776669,2
2190,1109,1.765983,2
36,2884,25.140610,0
2192,2304,44.007980,2
1819,511,90.435478,2
1955,2805,38.416840,2
2863,2987,31.020035,1
1104,264,92.352570,2
116,2513,53.160446,0
877,2038,37.889103,2
1486,2553,81.963463,2
2702,240,95.337883,2
718,1940,96.339607,1
1808,2395,5.337487,2
2489,788,63.400753,1
2702,1868,73.116936,2
122,2612,9.830282,2
2559,425,45.443581,2
1458,742,35.062462,2
297,2131,32.583069,0
2800,124,13.127279,2
128,1713,4.261086,2
2147,1213,69.331398,0
1617,1678,11.169380,1
2370,2101,95.807587,2
417,1432,78.881783,2
378,2812,77.998878,2
921,2736,32.151970,0
2770,595,70.987793,2
2147,1449,91.046875,1
1092,1923,64.887291,0
1248,1089,85.914864,2
2386,1880,57.111565,1
1949,386,98.603477,2
1691,1300,20.221783,1
63,449,82.833862,0
2931,2529,88.972778,2
1693,728,34.055668,2
2340,108,86.044594,1
1174,1342,29.785240,2
2234,1185,21.587360,0
2780,35,5.653430,1
2232,2248,86.711594,0
1049,1848,10.786152,2
1065,1090,68.309097,1
2824,404,97.355804,1
1608,599,98.959846,2
2354,290,23.973375,1
863,1280,92.136787,0
23,2478,78.365997,2
1018,344,22.177076,1
2489,1390,32.108002,1
2927,1670,75.340614,2
70,2260,71.055923,0
989,1890,89.447212,1
1352,835,88.607445,1
322,1636,73.776741,2
956,2500,39.113293,0
2211,798,6.152399,2
1406,1083,36.111004,1
1014,2405,87.063782,2
2857,1502,93.885651,0
2314,1895,25.447361,2
263,770,36.117840,1
354,1038,75.628471,2
2196,159,3.523488,2
1018,1552,18.406998,2
1101,1186,46.080776,2
2185,2122,36.298698,2
911,87,97.630791,2
106,2673,72.410408,1
986,319,72.101006,2
2232,468,72.071877,2
134,450,4.804075,1
1174,2617,29.811632,2
1208,2988,23.879774,0
505,1929,33.518665,2
964,904,67.147453,2
2504,70,29.282600,1
959,1387,68.653259,0
1754,1969,19.072386,2
2521,1320,31.876657,2
1980,278,64.342949,1
767,1615,24.164761,1
2139,2946,64.240646,2
1957,2083,37.540062,1
1381,445,47.262131,2
489,1603,58.618324,2
2850,165,25.813637,2
2048,2065,18.573046,1
956,1418,87.824333,2
2453,744,25.610813,0
1894,2190,69.839287,2
2426,865,59.295456,2
2242,726,82.626709,2
2134,410,79.584084,2
328,2752,16.175323,0
2044,635,97.599030,0
2208,2067,70.306480,1
2980,2382,58.178616,0
965,1969,26.363413,2
485,58,84.788094,1
180,2987,22.454119,1
433,139,6.474877,2
2422,2263,61.576824,1
557,288,58.244106,1
2204,2541,97.519485,2
2983,1461,13.692487,2
2157,2873,23.751667,2
1631,2746,53.017662,1
831,2886,94.867744,1
678,2484,7.681189,1
2906,2662,15.139475,1
181,2369,97.872894,0
1527,1899,18.590282,0
521,2556,81.998123,1
1489,79,91.663887,1
2639,90,15.767683,2
1531,976,61.293976,1
2812,1408,86.888504,1
1372,1410,7.052036,1
354,911,6.375124,1
2299,735,7.268859,2
2468,402,30.830782,2
1,651,63.776131,2
966,2925,19.942297,0
888,1809,24.867783,1
1070,12,19.581015,0
2811,2103,82.796837,2
1505,2463,9.537175,1
949,127,32.369579,0
2253,1497,80.655899,1
2402,2937,51.949585,2
332,1931,94.777931,1
448,10,83.751968,0
1449,1026,59.102154,0
108,1197,6.688041,2
1294,1962,4.907151,2
2313,2223,40.989407,2
1413,392,56.977619,2
2629,72,31.749140,2
1376,785,8.687299,0
1428,1312,59.150570,0
394,1806,5.871502,2
1541,1618,34.252892,2
1130,2153,13.755623,1
2965,136,35.561031,0
1250,379,11.174463,0
391,1950,23.589577,1
987,194,4.801528,2
370,1000,18.729420,1
1300,2925,99.456314,2
1973,2748,13.350096,2
263,861,6.583670,2
824,483,63.677273,2
2243,1032,67.273438,2
1074,1975,78.146538,1
2539,273,48.702400,2
1002,1799,91.958633,1
2337,647,25.962694,2
347,2769,15.267509,2
555,1394,97.090195,2
2506,568,67.525841,0
1747,1285,97.231827,2
2366,1802,85.630646,0
1407,1440,3.119609,2
1673,2761,31.519833,0
1687,571,14.135331,1
1387,474,45.522655,2
997,2494,42.461891,1
634,22,48.226925,1
1034,1125,55.674232,2
2877,1115,31.572546,2
2906,2581,39.347706,0
1356,1970,54.693741,0
1020,402,3.487569,0
412,720,19.393234,2
1022,843,54.890339,1
1348,2121,18.273556,0
2651,1152,17.755329,2
940,257,52.147331,2
2432,2606,53.701435,1
2174,2098,41.276810,0
2908,278,53.029613,2
2203,1904,98.674988,0
2636,2643,48.674450,1
2297,473,41.278610,2
335,2592,38.915024,2
2981,1064,6.631932,2
2399,2847,32.434448,2
1802,495,35.314411,2
2390,367,31.614750,2
2029,1409,4.793446,2
1095,1819,22.235138,2
1750,1056,47.610790,1
2964,1278,23.253620,0
1985,1572,71.879288,1
2870,2676,27.141640,1
225,2942,22.288723,0
398,304,16.510897,1
251,522,83.042511,1
2113,1554,74.833687,0
1185,1662,38.907715,1
1818,2260,56.370609,1
1301,2944,45.079803,1
1807,2949,36.741951,2
1881,349,18.080351,0
1183,2016,21.221312,0
2583,2864,25.514385,2
1618,469,20.931215,0
2671,332,85.672417,0
1835,2157,42.067104,2
375,77,33.352196,2
2826,1444,73.928223,2
1350,1972,72.479073,0
1062,675,24.872887,1
705,2782,80.589127,2
2983,1449,50.440365,1
640,2778,57.516983,2
1508,1743,89.104904,2
854,382,58.134445,0
1165,1427,65.226799,2
1869,2878,87.952423,0
180,1623,31.659323,2
1889,2516,72.822235,2
1567,1115,22.340355,0
578,1854,36.662884,2
861,723,30.670837,2
1850,118,35.022926,0
1034,2093,12.825618,0
2751,1510,58.648838,2
500,664,70.260330,2
2363,1254,19.506840,2
1390,2431,87.758644,2
1251,1446,30.773355,2
523,1429,20.706585,1
2479,235,4.031109,0
573,2187,18.648914,1
2945,1998,50.533730,1
2354,808,80.233574,2
985,2864,10.065113,2
249,353,87.107262,1
2466,2921,16.094181,2
248,1284,42.324860,1
2064,1173,38.494518,2
626,1147,21.809906,2
2850,1578,72.284439,2
1270,831,52.420464,1
1954,874,10.531436,2
101,425,22.598368,1
2834,691,78.158569,2
1823,1245,64.268486,0
477,505,1.474106,0
1370,1709,43.299034,0
639,513,15.004109,1
2371,633,99.543121,0
2460,502,78.735321,2
412,59,97.864746,2
2396,1308,0.596938,2
2354,1208,75.820686,2
29,1436,63.310448,1
1265,443,74.046928,0
1831,2120,77.782486,1
965,1153,35.096088,0
255,125,1.039531,2
1833,696,77.419075,2
2302,2535,43.698624,2
617,1080,21.064953,2
2963,2831,37.116367,0
2722,2301,70.074020,2
38,2773,96.503563,1
2048,704,73.992546,1
2962,1795,38.049290,2
2619,642,3.776199,0
881,2758,37.391861,2
2783,1209,40.782352,1
1084,117,69.794388,1
2423,277,15.863081,2
2165,2810,61.058422,0
605,923,50.671238,0
1828,2720,63.003101,0
1264,2025,14.089576,1
1394,1379,46.010109,0
321,855,2.864710,0
1557,1871,61.181122,2
335,2240,74.292976,2
241,666,17.476862,1
1602,2795,58.214066,0
10,1170,17.491997,1
1029,527,84.344589,2
449,478,64.497604,2
2301,108,11.237576,1
963,2298,2.382390,1
2264,2108,2.152461,2
648,2128,31.150190,1
1684,3,88.128395,1
683,775,78.050232,0
1330,767,79.770599,2
707,2850,65.283829,0
1851,2561,87.709656,1
32,1317,75.029556,1
2199,870,3.147886,2
1972,1433,72.193756,2
391,1431,88.766068,0
222,2512,74.193642,0
1212,1436,31.659323,2
520,2399,37.727818,0
2175,885,17.183500,2
1161,343,29.373718,0
1555,2747,98.670403,0
706,1049,72.207100,1
472,1841,99.961983,2
984,1237,85.071602,2
1702,685,29.174910,2
90,468,46.209557,2
2912,1916,95.234459,0
1906,1238,20.813013,2
2119,2363,36.662727,0
868,1351,23.292671,2
1500,690,89.976501,2
2170,2061,95.931915,2
1440,2509,57.886814,2
2131,1160,1.997862,0
469,1608,27.696268,2
2979,1520,49.279503,1
1109,1369,51.122845,2
2548,1374,29.218063,2
2799,2633,29.373718,2
804,1454,66.658081,2
390,390,45.350044,2
2334,2464,11.961603,0
911,47,68.012512,2
2082,456,81.406876,1
2334,743,96.733574,1
891,2648,72.308556,2
1295,916,18.885244,2
1135,998,68.965790,2
1495,1292,23.139635,1
220,1577,8.634019,2
2461,2642,86.200775,1
817,578,47.631310,2
1985,1028,53.564442,2
2619,942,16.399443,0
544,1909,16.992973,1
1319,631,52.202332,1
684,680,5.908056,0
1755,1521,29.266468,2
1804,2473,64.850594,1
703,1532,50.740395,1
1994,2622,11.380041,1
1043,2706,35.038063,2
126,1350,13.404147,1
2092,1590,9.926869,1
1422,2916,7.809609,1
112,409,70.380730,2
1488,1802,92.058670,1
1821,1505,0.812267,2
2860,1000,92.384972,1
1126,1162,63.845432,2
1558,1580,18.467432,2
2223,1141,76.592194,1
1128,596,32.515682,1
35,1373,97.317780,2
1589,57,62.684200,0
1211,607,71.133682,0
88,796,60.030693,1
1374,2167,45.043266,2
2186,1144,90.611023,0
2084,1044,56.757034,0
692,1249,43.204144,0
1057,251,24.236425,0
2358,1115,91.805473,2
1582,564,44.342461,2
2649,425,14.303952,1
2194,426,85.245880,2
1667,1222,34.044010,1
1747,1873,43.330856,2
2015,2932,32.616444,0
414,734,72.990097,0
1424,2151,26.914797,1
2818,1298,46.855831,1
44,2936,84.848495,1
1194,1466,63.573250,2
2547,1304,31.951860,2
497,2086,12.742808,1
1541,659,57.613686,2
2723,1180,9.556269,0
2791,855,80.378006,0
2531,1252,24.580011,1
2381,1647,80.589127,2
314,1990,53.995628,2
2218,2208,18.813200,2
1643,192,70.435181,2
1791,812,95.428741,0
1180,2144,64.834084,2
1278,1220,53.233696,1
439,1190,12.850869,1
1273,565,93.307526,1
1309,1110,74.691803,0
377,2947,29.707445,2
1357,838,10.388986,1
1430,518,82.534782,2
2118,1283,25.818232,0
1937,739,9.537175,1
302,354,41.177040,1
237,1574,95.719917,2
150,1728,27.834757,2
2476,512,29.747490,1
1774,2312,18.414820,2
586,1817,28.170418,2
1109,2640,53.623375,2
2590,1345,2.171248,2
75,1184,24.617268,1
2551,305,20.349213,1
2985,2199,88.261688,2
654,37,91.615776,1
2842,1446,94.957420,0
1339,1995,12.866857,2
342,2047,96.301552,0
2950,480,54.410423,0
1949,1519,16.335617,0
2241,1372,71.258163,2
1710,143,82.963882,0
1135,2473,68.740067,1
92,1338,44.679077,1
709,2734,81.279564,2
1737,1590,55.982746,1
464,273,24.412178,1
1566,2466,5.774659,0
2965,1005,4.442314,2
1323,1099,92.636360,1
1262,2684,30.200996,0
1369,1607,10.986071,2
1440,2921,95.201454,2
2121,1182,82.452461,2
844,294,18.822906,2
322,1811,15.226694,2
866,1297,63.052025,1
2038,2992,50.726536,0
1069,1884,38.372150,1
1875,2643,12.375285,2
1833,550,19.768044,0
529,275,11.660955,2
1028,278,7.691166,1
1936,652,31.597622,2
2683,2956,86.906349,2
2706,2825,14.104864,0
2784,693,80.056015,2
2785,1992,14.217627,1
2412,1402,13.177957,1
2963,1855,17.232241,0
834,64,42.180290,1
995,1058,55.883213,2
1919,2071,9.096652,1
641,2229,59.250332,2
1127,109,20.475615,1
1066,293,59.008091,1
589,2493,64.989220,2
1988,2952,11.296622,0
1237,1320,48.930664,0
1730,1023,64.673416,1
1933,2744,51.488655,2
394,2608,3.833448,2
2879,2342,68.773323,1
1651,2953,32.724312,0
960,1867,66.725471,0
2768,1034,75.534721,0
1413,998,98.524887,1
1478,1980,2.148218,1
256,989,96.072006,2
2841,1621,89.779900,1
154,1661,42.678280,0
2526,509,8.278757,0
5,624,85.833878,0
264,517,35.462193,2
104,1819,92.918373,2
2441,2248,61.991146,1
889,1050,68.092987,1
2027,1101,24.238255,2
2647,686,38.204693,1
382,2846,78.002678,1
1795,623,18.432890,2
151,1125,19.042656,2
1783,131,86.538017,2
276,583,40.520519,1
2093,266,32.518066,0
507,1485,58.102348,1
2019,2873,79.970947,0
2478,48,41.833527,2
2961,608,50.993271,2
182,1195,25.610582,0
1908,1244,88.246033,0
1947,1642,28.201403,2
2107,110,61.882481,2
1560,2214,10.578620,0
1117,2628,2.098740,2
586,2979,58.632801,2
1651,2845,39.167282,2
2877,1587,19.275192,2
142,926,70.866684,1
1625,1220,50.103115,2
494,742,27.555620,2
34,1247,47.792362,2
1541,1980,36.202492,2
2267,940,43.698624,1
2515,2041,60.010616,2
782,1336,74.575279,1
614,1701,23.789724,1
760,2711,29.801300,2
2733,2467,65.127831,0
411,1035,82.718369,2
1493,1766,14.140560,1
1394,2561,12.559869,0
709,121,58.277496,2
1903,1213,55.172550,2
2726,1664,34.511234,2
1391,2423,88.492302,1
928,96,26.141405,0
2179,402,68.339073,0
1093,1401,3.800038,2
1567,1269,27.241182,1
1376,2567,33.150505,0
1806,1411,26.820927,2
1325,1971,6.146178,0
1446,2287,91.504593,0
2084,522,28.739294,1
2694,2083,39.767200,2
1374,2483,41.009285,2
334,355,32.053841,1
192,1565,53.270809,2
1071,1693,96.639893,1
2300,2553,57.767265,1
396,1777,23.213043,2
575,1465,72.976906,1
1856,1861,29.195007,2
1175,1335,11.066737,1
523,12,86.286751,0
2757,1265,58.627991,2
2448,37,41.378967,1
1258,2200,54.474247,2
2595,607,21.719139,2
538,2909,80.391968,1
1321,1792,38.370251,1
2747,2325,9.066006,2
528,972,23.979704,0
1465,2028,12.760627,2
1501,667,26.449230,1
412,357,39.675488,2
887,2689,38.049290,0
404,1127,52.918571,0
1438,2879,74.219055,1
1320,2171,76.499641,2
2703,1213,63.417141,1
11,2513,6.095025,2
336,2153,53.416977,2
1181,221,54.185413,2
116,540,53.196178,0
358,66,46.174168,1
2298,1319,5.341344,0
912,593,23.748425,2
1836,623,6.288606,2
1754,1239,77.035141,1
689,2987,93.964050,1
1469,100,91.585953,1
543,6,80.951935,1
1809,1753,9.601524,0
2620,2680,99.039391,1
508,229,62.461300,0
2174,2372,11.140882,1
2910,1587,43.162601,0
2614,201,65.950127,0
1393,340,33.342781,2
2213,1496,88.530075,1
673,1495,1.703939,2
146,487,3.971821,2
2317,645,78.720100,1
2064,1000,83.561668,1
2929,301,91.853828,2
2334,1221,63.987453,2
2194,359,44.860054,2
2215,874,10.219562,2
2758,601,93.241615,0
1702,2903,6.677155,0
1423,21,81.068420,1
1844,1704,64.868828,2
2496,126,35.136520,0
1125,480,69.344612,0
2355,1716,35.745010,2
1239,70,55.631519,0
920,1709,3.860056,2
1385,1787,55.519001,1
2505,1295,4.822426,2
1362,423,28.466871,1
607,729,63.062515,2
1369,758,86.509308,2
1002,2467,90.325378,2
2689,1627,41.934624,2
2569,731,86.149284,1
1208,1754,35.035103,2
2355,1905,81.991150,2
1071,1050,66.320145,2
2845,759,40.933765,0
1419,898,84.324348,1
1263,167,74.665291,0
715,370,29.170570,0
2521,2637,11.312721,0
1658,2787,39.249805,0
82,1267,64.607384,2
121,2485,11.157806,1
2137,1878,5.560347,0
872,718,70.540802,0
2528,39,61.343407,2
1164,814,33.183548,2
1993,1282,93.636650,1
1262,546,59.797684,1
2559,1170,1.322808,1
742,665,1.517428,0
836,1456,95.586502,2
136,818,54.671009,1
1491,162,18.101236,2
1851,2613,98.217377,1
2638,2543,44.551647,2
233,1227,88.131958,2
484,2372,41.003502,1
1049,2905,89.064156,2
344,2459,57.016048,2
1252,327,12.964487,0
2946,2376,37.628311,0
2113,39,42.524616,2
326,1618,26.482233,2
2942,473,5.491036,0
1648,2114,87.888847,2
380,2487,99.550308,2
2288,753,96.890343,2
2367,1740,76.755821,2
2473,485,77.803322,0
2952,98,22.562008,1
894,2273,17.830593,2
1393,2716,20.240208,0
794,956,26.502323,2
1575,1720,21.541231,2
2306,1832,3.401641,0
29,476,93.578690,1
901,1573,35.129364,2
1484,1289,7.472547,2
2274,1460,90.915810,1
2588,1061,79.720306,0
1916,2094,3.809072,0
1416,1962,52.803875,2
1232,1303,86.847839,2
37,91,6.404582,1
1342,1115,21.954338,0
1627,2501,31.611675,0
1397,1465,19.136532,1
1617,493,85.885132,2
2736,342,76.697868,1
2441,1627,29.733990,2
1889,2021,66.114258,1
2729,2378,57.211529,1
2002,61,26.677113,2
2086,2130,26.489487,2
1601,2301,11.144315,1
606,96,12.271396,2
2109,1196,41.554237,0
2385,1513,8.731457,2
906,1104,19.684877,2
2483,2280,80.918419,2
2153,1449,96.615730,1
2216,1058,61.412743,2
2583,601,16.154829,2
2265,2001,66.932098,2
2857,1844,60.227737,0
2014,2473,19.159618,1
2307,2032,28.685871,2
622,2118,65.059166,2
873,2038,86.421661,2
2815,1198,49.069523,2
1030,243,39.215565,2
71,1859,72.101006,2
1377,1804,41.033195,0
2323,2877,82.708389,2
2553,974,88.803581,2
1551,1005,87.329407,2
2527,1952,42.800632,2
2233,673,84.959702,0
308,30,56.545929,2
1323,2959,9.553202,0
2838,991,46.461529,1
1578,1362,86.424095,0
370,2694,51.726498,1
1684,17,65.792847,1
1416,2500,63.427795,2
2817,1269,32.860424,1
1026,35,74.554245,1
620,658,15.005148,0
1105,1945,94.607666,2
1840,2819,8.278757,0
43,1334,83.251869,2
484,1877,69.943054,2
1749,1524,82.114075,1
261,2312,31.636330,0
2163,1971,52.790833,1
856,1731,10.243942,2
1776,103,64.947090,1
110,2246,94.114777,0
882,707,2.251195,2
934,562,48.472965,1
860,499,24.100632,2
2035,1693,68.067314,1
2347,2757,81.249046,2
1352,95,37.645805,2
903,62,88.583359,0
2429,1018,84.344589,0
2665,1644,40.585537,0
964,2461,42.696293,1
1080,850,32.941261,2
389,323,91.785126,2
1928,2020,42.834332,2
119,1152,56.830902,2
556,307,76.078262,0
392,2447,99.776489,2
1392,1917,44.247944,0
1528,1331,50.359657,1
2211,1928,51.418499,2
92,2371,34.209225,2
1719,2245,5.586285,2
2681,2423,36.426018,2
327,1693,85.185524,2
574,1652,98.897675,1
1984,870,76.377533,1
1902,1072,38.759605,2
784,2998,21.050173,2
1592,495,2.465570,0
379,1775,23.560474,1
682,1611,95.016243,1
1074,2018,39.151325,2
138,461,77.514763,2
2723,1305,35.320976,2
70,644,91.233101,0
1357,1581,0.857110,1
2798,114,40.556278,2
224,2917,94.207100,2
2274,2227,87.042053,2
13,538,39.087967,0
251,1523,90.489792,0
137,1422,5.366768,0
1015,2886,40.316849,2
2716,664,96.547455,2
2958,2529,28.554871,2
792,2841,60.438221,2
1211,2440,10.332545,2
2420,2078,66.377167,1
1396,1959,93.158844,2
1884,2831,33.772022,0
247,1751,98.711433,0
621,1922,65.914261,2
2777,2846,56.492584,1
2934,2973,99.863876,1
2519,1735,30.818262,2
1943,2141,67.812828,1
2472,705,14.953893,2
1425,592,29.425388,0
1506,1332,10.148842,0
928,2599,88.399200,2
2780,1727,89.791679,2
2800,2529,38.778461,1
1973,1255,21.793545,1
1754,391,53.803932,2
362,2137,84.959702,1
2786,1093,44.343708,2
1657,2050,87.768845,0
2955,1081,37.727818,0
1476,771,43.502708,1
2945,1713,23.340376,0
1263,1580,86.497086,1
2443,2460,51.794582,0
1686,2068,35.870697,0
1143,2598,19.269558,2
471,2284,20.042957,1
2994,266,97.363464,2
1683,2668,88.128799,1
2809,1393,25.500832,2
1265,1487,88.562843,2
109,407,19.570326,1
1660,2888,33.842724,0
1009,1211,47.146309,0
826,2723,66.368950,2
1501,2675,5.998215,0
2130,897,43.798096,2
2972,2136,93.942108,2
1847,2916,24.818821,2
2910,2050,23.896107,1
99,1523,62.320503,0
20,1635,47.608463,2
2136,1377,35.573822,2
2150,445,51.255684,2
1799,2908,93.652718,2
261,2772,11.717054,2
1489,1323,62.036076,1
2190,264,84.371422,2
110,284,68.546158,2
934,2918,95.287239,2
2559,631,42.093639,0
174,1924,98.288368,1
2855,579,97.117752,2
832,2972,33.894608,2
2538,999,64.417122,1
599,1166,34.844769,1
1987,2035,26.087332,1
1424,2092,39.814117,1
2606,2896,24.728964,0
173,2240,39.548950,2
1932,1133,22.949739,2
1536,2471,11.922348,2
1419,2670,96.049644,0
239,816,43.606930,2
170,2720,39.273792,0
2480,54,19.729599,2
2565,944,32.761787,1
2569,1636,68.922424,1
2975,490,95.317940,1
721,1579,17.382488,2
1395,1381,27.376413,2
2793,1091,94.120148,1
1067,1977,76.304802,0
1487,48,29.821184,2
233,489,66.657410,2
1627,1399,99.024170,0
2309,1220,31.145985,1
2248,80,68.525398,0
547,2080,46.427803,0
252,2117,59.351166,2
1669,402,28.573383,0
458,2966,57.468578,2
1982,1440,35.148266,0
970,1758,90.009148,1
1010,469,51.391380,2
1166,1129,35.487835,1
2441,934,4.900708,2
2825,1172,68.605675,1
94,249,79.901382,2
2597,1415,3.705930,0
2532,346,61.812645,2
684,1027,89.085487,2
382,112,30.479780,2
1779,2830,21.059776,0
446,747,18.682981,2
1130,2014,35.349098,1
1455,321,60.341648,0
494,14,45.627045,0
2343,461,95.767075,2
1801,2943,5.986381,1
960,1075,59.397415,2
1912,2603,89.148445,0
1906,2564,19.858625,2
2498,2002,43.561741,1
2485,2427,98.683441,2
413,2691,62.420467,1
2722,499,92.208298,2
2581,957,14.269010,2
807,2918,34.808018,0
1563,2962,30.964182,2
322,2974,46.354328,1
996,1902,57.325363,2
1083,2828,73.820824,1
1044,2267,94.456421,1
310,754,36.424225,2
534,1851,92.699295,1
1378,2516,98.136414,0
369,2392,4.683282,0
2483,115,17.766542,2
2191,2594,42.255936,2
2595,686,49.811298,2
2810,1929,50.377758,2
1832,1232,89.520325,1
1469,1057,33.156742,1
802,2602,49.767776,2
314,911,21.160213,1
2555,2447,88.293816,0
2047,1286,87.585892,2
684,1467,74.105042,1
36,23,64.105194,2
1417,1080,93.652679,1
1302,1029,97.714310,2
2929,1145,76.938499,0
1940,2640,21.831909,1
2378,1387,6.172235,1
1511,2269,34.164783,2
380,883,80.396255,1
1139,2064,40.928200,2
447,2689,55.921616,1
2682,2383,19.812176,2
1465,1627,81.437416,2
2367,2871,34.742798,2
2931,2847,85.323441,1
1151,826,75.728821,0
1487,1673,67.085190,0
2651,759,34.503441,0
657,802,96.810463,2
653,2380,91.882217,1
328,2103,32.028889,2
2785,2950,15.176322,0
2008,2821,31.314911,0
2736,1667,69.789291,0
508,2019,75.609795,1
1732,2122,99.628654,0
980,2053,96.817284,2
1394,1889,18.066977,0
444,1017,93.285980,2
519,1730,30.980675,1
2686,2373,0.748980,1
393,1278,93.682335,2
200,1287,42.823215,0
1089,1293,61.487247,2
2194,959,8.385962,1
562,2843,41.622318,2
668,585,93.037300,1
793,1136,31.762941,2
1329,1831,33.280540,2
2973,1981,52.814236,0
944,2345,41.750721,1
2731,1575,66.292770,2
2024,2793,52.181870,1
2760,437,6.009058,2
989,1151,65.269905,2
407,2295,91.937355,1
2047,217,17.669193,1
1922,2486,58.893284,1
2032,1222,57.939728,1
1791,510,25.869711,1
2480,1651,33.700104,2
99,672,54.823406,2
998,154,57.237034,2
1435,2373,54.134487,1
1967,1215,26.853058,0
1108,520,36.906986,2
1849,1975,27.079544,2
2159,80,95.830208,1
1255,388,37.631290,0
388,2780,75.099930,2
2553,123,95.825729,2
1133,238,85.538063,0
573,2823,65.105141,1
2714,1072,34.862045,0
364,894,90.218895,1
2351,715,91.966476,2
2273,2824,81.924591,2
2647,1028,45.437065,2
2877,1127,68.751694,2
2804,2928,83.730202,0
895,1476,14.202901,2
1522,2766,55.174458,1
1726,1037,96.368027,1
1620,2132,34.197685,1
438,791,74.333084,1
524,1952,79.666191,1
1332,918,35.488457,2
952,1004,96.204773,0
1010,1488,91.190392,0
1876,1140,41.021400,0
2846,2608,13.640573,1
2494,714,7.527190,1
331,2251,35.194469,2
2745,1090,60.953632,2
1880,2956,55.543365,2
926,1016,10.686875,0
992,2304,7.301323,0
1166,448,12.541553,0
1683,570,46.585320,2
653,361,84.289749,2
312,398,78.289047,2
2978,114,54.985493,2
1738,1523,34.965233,2
2442,1242,13.644209,1
1129,1712,41.968361,2
688,510,58.215618,2
1912,2300,34.468773,2
1266,2487,59.099426,2
2567,2116,38.483921,1
965,247,81.265038,0
639,631,74.823387,0
2031,2439,27.412981,2
1431,1975,8.213258,0
268,2135,20.272810,1
2090,38,48.184471,2
2997,795,21.539602,0
911,607,17.427519,2
1712,2202,14.007382,2
2796,865,44.287041,2
1750,1433,18.274248,0
14,2352,16.486084,2
1583,2700,34.169674,1
2483,996,52.398804,2
240,1136,96.452187,2
1963,1473,77.260040,2
717,1818,56.904598,1
1903,2877,11.378192,1
1431,2214,92.508141,2
993,2405,94.725754,2
2449,1801,49.117004,1
300,1164,51.307453,0
1003,1099,86.380981,2
1670,375,62.119106,2
630,390,87.852219,2
2047,664,31.180611,1
2271,2025,9.336585,2
135,1234,92.387726,2
1176,771,46.502567,2
2824,2823,70.152603,2
2095,2905,39.821960,2
942,2486,4.379641,1
2658,664,97.011887,1
527,945,27.060457,0
2500,418,99.036453,0
2492,501,37.074783,2
1612,2467,77.419075,0
557,477,71.467575,1
215,602,85.245880,2
21,2832,68.234978,1
1510,1231,15.885530,2
806,1195,91.663887,1
886,1445,86.922112,1
372,2169,8.143588,0
2536,2106,84.329033,2
2585,622,39.004837,1
1871,1360,13.233787,1
1906,1882,51.224930,1
2601,1478,66.458549,2
211,2152,89.734993,2
2443,2384,40.888298,2
2167,1580,24.351530,1
1653,2402,73.430351,1
306,347,98.556427,1
2749,1793,3.928747,2
1676,2792,62.619022,0
1661,839,94.390312,1
1577,1724,30.727648,2
547,355,17.961935,1
2455,2064,63.934891,2
1508,2170,43.618950,2
492,905,20.089609,1
1668,2653,63.008793,2
1095,2012,7.066711,2
1598,2043,13.344579,2
1819,1322,10.704816,0
2803,1329,36.883045,2
2012,2928,5.610650,2
16,330,55.086868,2
2611,1711,98.007477,1
2900,1972,83.549614,0
1373,280,92.814178,2
1153,1348,60.185921,0
1438,2643,32.534863,0
2433,1721,27.330444,0
26,2232,56.918571,1
2563,2171,18.377625,2
382,1930,48.974346,2
1050,2807,18.917900,1
1625,1729,34.649803,2
777,1270,0.914945,1
2401,2056,68.315720,0
213,2790,73.183914,2
2094,280,99.039452,2
1285,2199,27.404922,1
1614,911,83.645157,1
1058,1448,32.923069,2
1724,494,65.127243,0
1276,2836,70.380493,0
2220,1236,37.077629,0
652,2389,24.421688,1
1843,563,34.462616,2
977,889,99.597694,1
252,2803,86.705605,0
1645,1843,66.524178,0
1700,690,67.455025,1
1505,936,38.525757,2
2241,133,24.951305,2
87,122,44.035553,1
2866,735,16.241356,0
312,2779,37.167328,2
1492,1368,92.539536,1
1529,1830,86.492813,2
87,909,20.634146,1
296,2253,47.737816,1
491,1910,98.625053,2
2636,2355,65.957840,0
908,1030,38.416840,2
848,1671,8.765806,1
1182,1589,1.312896,2
1486,2107,87.335152,1
2894,627,54.097630,1
2719,182,43.709061,2
1244,2818,63.417587,1
920,1718,41.301754,2
2924,2039,97.536667,2
2495,2719,91.913750,2
1424,2770,40.452576,0
1370,1632,62.770500,1
1378,1624,26.767939,1
681,472,77.950340,2
1155,1235,92.366821,2
514,1425,58.198299,2
2493,2468,62.462311,2
1702,1057,84.736015,1
1881,2616,63.033894,0
2294,2709,10.900538,1
1577,2517,64.832710,1
2918,1222,0.825501,2
2634,2898,86.907860,0
1490,1471,3.653024,0
563,2355,62.192741,2
206,596,12.225004,1
306,1139,68.212128,2
1737,2227,76.395111,2
2021,2900,72.294243,1
680,2445,37.786911,1
1463,1491,48.760948,1
2969,611,23.838633,2
2611,89,14.124759,2
808,607,55.167351,1
803,186,36.421574,1
2472,1541,30.006105,2
400,2656,29.196325,1
2680,1070,91.665367,2
603,2994,86.025917,2
1276,1076,29.197210,2
1442,2315,15.040795,1
2298,1046,26.767094,2
2293,252,46.585320,2
1048,2625,32.084515,1
1093,2405,24.594896,0
2367,2696,93.667717,2
2921,2969,94.739891,2
1336,638,37.730698,2
55,2423,95.410004,1
764,609,97.820465,0
1795,828,97.110222,1
817,2007,67.562347,0
2849,1234,31.956009,2
372,773,67.050110,2
749,2929,16.681326,2
866,2693,32.752373,0
390,2726,59.734795,1
870,2450,76.360916,2
519,1000,17.926889,1
794,839,14.414212,1
2590,426,12.695948,0
749,2845,19.435701,2
1923,1113,39.487782,1
1326,2515,96.339607,1
2971,1049,23.141682,1
1004,347,4.216029,1
1247,253,54.225044,0
1709,498,26.467833,0
2943,1187,74.693718,1
868,1624,7.370427,1
128,709,84.284981,1
2383,1787,3.367096,1
2120,679,49.572823,0
1637,2925,62.462311,2
70,1971,18.347458,2
1713,258,10.146570,0
1715,671,9.748188,1
708,2767,47.144867,2
748,189,49.110840,1
1459,490,99.788361,1
1473,1199,86.263229,2
1610,2669,33.885426,2
363,2407,38.986008,2
2990,990,22.975443,2
727,668,40.890053,2
821,2908,57.993065,1
1992,1646,3.729045,2
1119,1398,18.309954,2
1702,272,83.267616,0
756,1681,27.619806,0
1766,2520,99.505608,2
580,501,62.192741,2
1713,1094,45.627045,0
1269,1279,87.393173,1
2673,136,42.914101,1
140,1997,13.302924,2
2986,50,84.761940,2
1672,1095,35.199944,0
2910,2150,70.712082,2
426,2447,27.262575,1
969,2853,85.774155,2
628,2347,28.167910,0
2321,129,77.100296,2
2512,478,73.212914,2
349,1912,84.323303,2
1241,1669,97.474869,2
2269,2164,95.377510,2
1858,478,86.736366,0
926,125,13.347782,1
568,1069,76.712540,2
1400,2149,27.543781,0
2003,249,27.441303,1
721,1005,36.024120,0
1618,2648,24.010151,2
2304,892,40.517723,2
2209,2123,58.604214,2
2083,2006,99.647789,2
1289,626,6.688041,1
2873,2069,23.488676,2
1270,2462,30.858841,2
7,2720,76.063187,2
1342,2454,4.266527,0
2189,528,83.252731,2
2599,382,45.536743,0
1874,1929,47.658684,2
2684,1494,92.937424,1
489,1976,34.337780,2
146,981,1.216475,2
621,1731,56.443035,0
2023,652,80.098946,2
1294,429,46.898491,0
2714,1008,9.088559,1
2499,1997,50.763729,1
582,2631,55.657677,2
341,1400,26.072716,0
957,423,41.441807,0
1968,226,67.663544,2
2316,73,86.331665,1
174,2769,66.314537,0
166,17,15.031371,1
2768,1816,97.287018,0
252,1589,85.833878,2
190,371,26.471483,2
2359,1715,85.151390,0
1612,2733,14.961553,2
893,1731,32.248928,0
1427,2732,92.282059,1
1031,365,45.353161,2
822,1320,30.442879,0
822,1212,10.259989,2
557,2448,20.252359,1
218,1861,44.235600,2
248,601,36.194572,1
2406,925,23.424112,0
1836,2956,72.078697,2
454,1717,64.589012,2
417,174,93.762741,1
1884,1684,93.542221,1
1110,1186,90.894608,2
58,1335,83.347305,1
1207,1808,14.189777,0
2569,214,1.456724,1
1293,449,45.913906,0
2963,2379,49.830700,2
80,2895,62.949387,2
967,2682,23.860573,2
2600,1298,71.893311,2
1953,1749,21.194170,1
1462,1394,90.522415,2
840,390,82.266068,0
1181,1794,96.975304,1
1139,990,21.691801,0
154,2264,47.112438,1
1039,1083,67.683601,1
1964,956,99.550308,2
1631,1003,79.317719,2
2988,2756,97.817627,2
2257,2659,17.705845,2
513,1371,65.139122,1
1616,1687,49.331379,1
2593,266,64.357956,0
652,771,60.581142,2
2374,1317,0.671386,2
1081,145,79.190277,2
1449,1939,32.603676,2
1997,1962,91.342941,2
2931,780,9.251386,2
2417,932,39.884094,2
1135,1315,84.044731,1
340,2522,32.735676,2
1137,719,53.181850,1
2087,2378,45.599285,0
34,1606,24.335918,2
323,177,24.992233,0
1942,2083,44.182190,1
234,1792,99.694519,0
1947,2685,68.579414,2
1725,2616,71.566414,1
972,268,10.979220,1
1226,1149,62.180573,1
1829,1370,9.113584,2
2965,1950,96.909042,2
2856,151,40.351494,1
1922,1556,34.419785,0
571,2549,81.161537,1
1867,582,10.770828,2
107,1227,65.448471,2
1689,861,21.507042,2
1884,1617,0.039503,2
2012,1039,53.029613,0
2937,2728,2.921666,1
1189,2869,77.913513,2
2296,1992,17.391447,0
1275,2865,46.573425,1
1071,2705,49.209328,2
2991,2263,85.534348,2
580,2505,79.239342,2
2378,76,37.956238,1
2046,2241,72.294968,2
1745,157,77.867805,1
1734,68,34.808018,1
118,615,67.483849,2
1327,1369,54.422089,2
1987,1068,24.459732,1
2360,1122,94.113197,1
441,1998,12.702295,1
1605,1008,71.333366,1
2418,1849,43.290359,2
756,2886,69.702690,2
1885,867,82.619858,1
362,1049,71.925110,1
1960,2087,6.828438,1
2594,2163,21.460436,2
180,1898,35.555153,0
1529,2235,19.339169,2
787,805,99.381393,1
2307,2231,15.431496,2
2421,390,82.282227,2
1230,1971,45.849773,1
50,1923,91.973740,1
40,2156,28.891207,2
1706,2722,14.418486,2
2192,1204,34.036610,2
229,1982,24.324120,2
1542,101,76.821251,1
2376,401,25.525734,2
1977,62,67.757378,1
1482,2434,70.876091,1
1567,221,54.971977,2
20,2014,66.436211,1
187,1229,64.535561,2
2098,613,24.877312,0
818,179,9.806049,2
1845,394,26.287170,1
854,1417,15.998889,0
2203,1404,47.108574,0
1711,2680,2.881757,2
2107,978,52.762455,1
2597,2818,33.163689,1
2654,2836,71.566414,1
1955,2721,76.102997,1
14,1527,62.880714,0
1618,1407,54.697525,2
2829,557,22.624807,1
751,1423,79.076889,2
1307,1339,42.603928,2
1263,1501,81.957855,1
2992,2746,55.564053,1
1126,435,95.060509,2
715,2001,78.988853,0
1043,1952,14.140764,0
2657,1598,25.849602,2
43,1498,87.776192,0
2367,963,6.146178,1
37,62,35.552795,0
1008,1555,24.276608,2
224,834,42.115902,2
284,2681,88.688217,2
98,763,93.854660,1
945,1597,98.481567,1
2323,2359,59.751564,0
1554,603,49.019413,0
2712,2942,59.249161,0
2755,2016,35.976845,0
1140,225,81.910934,0
1752,1189,73.818810,2
230,2940,54.066994,2
60,1297,11.876765,0
2723,1674,63.624382,2
1407,126,26.557110,0
1858,2463,50.599335,1
1956,1310,11.434457,1
689,577,40.488781,1
0,688,36.284393,0
1519,2761,25.604685,2
1921,822,35.002331,2
2458,151,99.426956,2
2083,2978,74.571045,2
1518,587,66.435822,0
1477,245,80.677246,2
1923,1390,90.325890,0
973,1540,73.615921,2
2255,2286,9.392365,1
1383,663,50.728741,2
1587,2093,67.308159,2
607,1794,7.107541,2
2180,321,97.686394,2
686,2972,7.379838,2
748,2834,17.680384,2
1393,647,82.647346,0
2931,1481,53.887482,1
57,348,6.416699,2
697,135,13.991221,1
662,541,24.318151,2
304,1692,6.008858,2
228,115,98.113708,0
2446,2547,31.383459,0
1055,2736,55.851643,1
741,393,67.410057,2
78,1751,42.430519,1
795,1954,30.492392,1
707,397,3.147886,1
1287,927,52.488129,2
928,162,46.751938,1
871,2835,43.783760,2
1967,618,18.080446,2
989,721,35.062462,0
2381,655,47.377552,0
781,383,94.172485,1
2460,2884,74.060577,1
440,1543,31.742296,2
2408,2443,13.177957,2
1888,1950,68.373375,1
669,28,9.257071,2
2343,2264,83.612457,1
2859,2203,85.117058,1
1072,1765,19.524210,2
568,1174,77.377205,0
927,1555,66.142120,2
2832,54,12.254994,1
295,2319,10.299825,2
827,1551,1.630155,2
718,1280,16.919226,2
1991,2038,3.282974,0
2530,1970,83.072792,2
2145,590,39.074184,0
2014,1923,55.992149,1
885,1164,53.080460,0
304,2489,41.058205,1
1410,1620,38.759605,0
2130,2506,39.861332,2
2329,1461,74.724991,0
2188,85,66.436211,2
806,2809,81.151649,1
414,1034,15.852962,2
56,883,90.138245,1
1301,1401,46.174168,1
453,138,11.187352,2
600,568,89.800591,2
444,659,38.660313,2
696,599,92.579773,1
2387,1189,9.800209,2
471,2062,87.311852,0
2371,65,49.724358,1
747,1278,64.832710,2
1507,733,17.145998,2
2014,83,45.491066,2
346,876,23.006733,2
1315,2976,79.287941,0
752,1385,88.716309,1
846,2833,65.723709,0
1629,758,6.372639,2
1246,2820,46.563896,0
1326,980,59.262924,2
2420,1234,59.795086,2
357,1352,71.374168,1
2708,2629,14.002643,2
2365,2107,11.411508,1
230,321,94.237366,2
849,865,26.192848,2
2231,503,45.170723,1
2998,2721,49.373795,1
547,1123,86.767891,2
1259,2702,61.598270,2
2171,1670,14.013592,2
2160,2564,52.392227,2
1853,1279,73.329430,1
159,1274,49.240227,0
1173,80,92.367882,1
947,1441,30.522062,2
2573,2956,65.464241,2
1751,1729,60.392899,2
470,988,22.522875,1
2238,711,29.447565,1
782,1194,29.947378,1
261,242,6.116424,2
2362,437,25.036919,2
693,425,91.220924,1
902,501,9.067511,2
1607,2620,59.574329,1
2638,2549,91.256905,1
2598,534,10.206244,2
1810,247,47.914719,1
1863,1095,31.010967,2
1271,1349,78.666046,2
1318,1848,71.328079,1
1492,1201,89.610619,2
2239,154,79.514000,1
2301,2081,42.316612,0
1037,1385,83.316238,1
1527,1718,33.805443,2
1246,1123,60.177166,1
100,205,13.388965,1
462,993,59.229576,2
764,99,27.492670,2
2199,1686,6.115571,1
797,2480,83.929802,2
1433,2985,61.626198,0
352,127,59.547161,2
734,331,14.524304,0
605,1537,76.801514,2
102,2634,0.596938,1
2980,2264,15.539603,0
2544,2963,48.435959,2
631,2514,35.398106,1
1019,1122,23.572580,2
2883,2401,95.103836,2
2985,1060,44.035553,2
1688,1949,80.591255,2
70,1240,56.979076,2
2251,2286,53.226944,0
298,471,58.751133,1
2946,2977,18.149416,2
619,62,9.436320,2
570,1303,60.744759,2
1453,1483,78.673210,1
1575,2703,60.438221,0
1974,1473,19.052664,0
186,772,92.735474,2
213,1698,83.848000,2
2925,1326,2.356148,0
2963,2052,59.492481,2
2856,1338,61.348629,2
1958,2692,56.333057,2
444,1334,20.080259,2
1006,2063,39.764191,0
1883,1725,2.535805,0
1952,601,94.941628,1
1731,2445,80.915314,1
1610,889,45.627045,1
1728,2157,36.770412,2
561,745,8.346453,0
2637,1248,35.136650,1
2323,757,72.279823,0
2367,554,32.610386,2
2341,2534,62.949387,1
88,1343,29.022089,0
1393,32,56.485161,2
682,716,42.021389,0
266,1960,24.849274,2
2018,1675,71.897743,1
1223,307,18.276028,1
720,1771,49.240227,2
2516,1890,22.844202,2
688,59,19.862680,2
2811,2021,80.782356,1
1418,1817,24.538738,0
1355,2970,51.983433,1
2849,2410,21.632299,0
298,1721,16.872576,1
2562,1319,9.097060,1
1968,942,76.004372,0
2520,1009,47.612755,2
1575,856,12.317004,0
1513,1679,6.746591,1
403,1773,54.742691,2
1194,355,2.915415,1
2326,117,10.438047,1
531,1238,52.216743,1
2810,721,31.184017,2
1312,1195,77.036171,0
1619,2402,39.726173,2
2613,1666,76.702553,2
1599,657,20.003433,2
1726,1711,32.345615,2
1635,318,29.579599,1
1100,641,85.327713,0
2207,2192,76.965111,1
340,119,66.044670,2
1391,2597,4.371068,0
2837,2816,10.758776,2
1923,2905,81.922310,2
409,1164,33.606232,2
1891,1683,77.329460,2
2199,1616,70.070892,2
2406,1184,89.233154,1
1930,1017,83.555496,2
2821,1441,25.148495,2
2011,1279,61.369453,1
1222,274,59.053185,2
2302,2534,89.524429,2
2568,2139,35.378208,2
2670,2638,41.352238,1
1001,2889,70.006981,2
1508,1472,47.845055,1
549,1973,45.488285,2
1480,439,51.881691,0
1626,451,19.606600,0
2713,716,72.898285,2
2073,1724,29.748680,2
2407,228,27.178362,2
1607,2012,21.625162,0
2764,2854,56.567379,2
1617,2009,43.599316,0
2599,673,16.907225,2
1634,1172,70.804016,1
2817,1589,0.594992,2
2508,1716,51.949585,2
721,2009,80.624680,1
2603,2292,43.469013,1
1019,329,44.829296,1
172,697,72.477928,0
1656,2819,76.907150,0
2109,763,16.695602,1
499,1140,67.992119,2
1101,602,15.907934,2
2957,207,83.406197,1
2067,442,20.007956,1
349,2000,32.184547,2
2823,158,57.806236,0
1434,1335,73.035477,1
463,513,48.221657,1
187,2520,89.183266,1
940,823,56.460949,2
439,5,78.189278,2
1066,1792,86.823875,1
505,1258,50.190186,2
960,2330,8.746252,1
2271,2161,43.714226,1
2493,549,25.839031,2
2205,1576,36.662884,2
296,2725,79.381615,2
721,2276,33.300556,1
1054,1921,52.395287,2
209,597,81.637703,2
2773,2142,53.643105,1
111,1395,33.799110,0
1862,2051,4.279583,0
1902,39,11.353483,2
2144,1634,29.799587,1
1791,2426,50.185020,2
310,632,62.400410,0
864,316,32.650696,1
2855,991,50.905697,1
1441,686,78.205879,0
236,2010,89.004852,0
838,1155,54.201485,1
247,1203,82.862129,1
2654,2422,61.354553,1
2583,1287,61.865421,2
2240,347,87.288040,1
1044,308,31.093380,0
2009,2381,16.342710,2
642,1771,32.248928,2
2322,113,36.470032,1
2500,1343,62.272141,2
668,2643,35.817596,2
134,739,91.371864,0
807,921,57.321819,1
1254,1767,86.224030,0
624,1689,41.883297,1
2064,2328,59.636536,0
134,1343,14.761920,2
2938,2391,5.753348,2
1677,2560,5.375350,2
762,137,73.526222,0
2084,85,59.199440,2
2655,2429,32.760166,0
2872,2656,69.969635,1
1081,2183,26.450687,0
1968,2660,99.514977,2
2879,407,22.045744,0
449,1941,78.027214,2
1005,2971,37.522713,1
626,1477,70.129547,2
246,2735,21.073727,0
1460,2700,13.181977,1
1975,67,16.125570,2
1162,2553,92.565163,0
1149,1408,97.482887,2
1423,2962,57.705479,2
554,703,69.496056,2
1897,2126,15.951074,1
952,2195,61.134743,0
2833,2896,98.507042,1
1030,1943,30.492392,2
2743,783,45.449799,2
199,1451,35.528656,0
127,15,43.630013,0
2312,887,98.288986,0
2530,2549,39.335022,1
1651,1655,12.705555,2
1900,520,37.786911,2
2330,1917,9.381615,1
121,1716,6.570379,2
2340,1782,3.152299,2
498,2369,50.808357,2
1833,2767,2.319230,2
468,849,34.086998,0
2547,766,97.179283,0
1656,369,19.483353,0
555,1318,79.732216,2
372,1295,32.716415,2
2877,28,57.627991,0
264,1116,87.679626,0
2695,734,49.044559,2
1198,1045,82.406647,1
1126,414,28.525654,0
1714,1997,32.323681,1
688,854,85.211060,2
438,2711,56.440506,2
753,1594,21.312088,2
125,1427,12.598534,2
1716,1998,24.456234,0
47,96,87.620117,2
104,1280,70.843231,2
2079,880,58.718464,0
1616,2926,18.954344,1
619,2174,41.472668,1
2696,2824,68.299599,2
1756,1282,88.710075,2
2560,1547,7.103570,1
1452,1688,82.274826,2
2602,721,4.978769,2
1600,947,35.405224,2
2273,1368,44.536121,2
1919,1763,26.051340,0
2926,2438,63.010906,2
877,1981,14.834583,1
2679,2994,96.407822,1
722,320,49.215122,0
1247,2428,16.588737,1
2298,4,11.971485,2
2552,2007,9.733852,2
1602,1856,37.811844,1
2722,1283,33.878471,2
1975,2889,85.478317,2
2691,2557,14.019798,1
1608,722,97.946701,1
908,1665,73.176674,0
1203,1318,2.512022,1
2864,2451,14.629510,2
643,2303,88.509132,2
277,21,2.290615,2
1760,1509,25.297770,2
508,1121,23.400677,0
483,1720,88.131538,2
797,148,40.843853,0
2613,2955,64.023293,2
136,2025,31.216873,2
22,2261,3.455040,2
20,1609,80.705673,2
1861,748,77.677032,2
1787,66,86.095383,2
2066,570,46.854847,2
2525,2954,69.474304,2
198,253,64.149437,2
779,2039,35.495373,2
964,2565,72.317497,1
554,2283,53.950397,1
101,278,85.018364,2
2747,2145,13.285729,2
1695,2101,48.215816,1
2459,191,46.147823,1
369,602,19.799932,2
2910,327,32.546345,0
286,276,62.532330,0
1088,176,72.101006,2
16,932,96.114731,2
813,2746,76.819206,0
1052,2708,74.307007,2
702,2829,82.733116,1
1054,1495,30.476501,2
2407,2669,22.746717,2
1673,1859,65.630753,2
893,380,31.195066,2
1158,499,94.177986,2
1108,2595,36.817085,2
1101,1483,11.918368,2
1944,839,82.170570,1
0,2123,62.911869,0
2788,2952,48.378845,2
1998,1639,72.590607,0
2423,2706,56.685955,2
591,2839,36.770763,0
2728,1002,31.333477,0
796,1362,57.354309,1
1625,2658,59.492481,2
373,2465,59.920303,2
63,1423,7.492584,0
2260,2853,41.599373,2
1462,419,86.550606,0
1326,469,99.557137,2
2315,788,76.377533,1
545,543,93.485580,1
576,162,15.360928,2
1114,2358,98.668167,2
103,2001,19.841236,0
1079,1693,5.182148,1
1675,871,17.755041,0
921,141,83.614403,1
1366,2334,75.138077,0
1665,1415,77.817451,1
1064,956,51.853394,0
2111,303,28.980074,1
1429,1885,91.615776,1
1482,1291,94.312355,2
1575,2001,91.753159,2
1741,1299,34.726105,2
1543,99,78.027214,0
578,915,77.144470,1
640,2724,29.466408,0
2431,2953,22.430313,2
2557,358,2.290615,2
194,1463,69.274551,1
2869,1259,78.105591,1
130,2066,94.163139,1
403,2111,65.464371,2
243,509,44.397507,1
189,512,9.377626,1
299,2560,12.571996,2
748,416,92.140045,2
1477,42,51.992867,1
2809,2492,70.100754,0
1461,919,5.497133,0
483,610,68.261826,2
455,1960,82.044914,0
2354,2820,29.170048,0
1073,1422,43.025581,1
2945,2054,67.961205,0
694,2299,7.916772,2
2987,2563,59.916332,1
2377,491,25.884977,1
1928,873,21.539881,2
1600,1267,82.808739,2
2216,808,83.416908,2
1125,1638,98.208900,2
481,401,82.042183,0
1025,1806,73.478523,2
1625,1199,10.235426,1
790,701,21.770767,1
2962,49,72.199287,2
1785,2814,8.182958,2
506,2654,87.805756,0
2064,2365,74.167526,1
2038,2081,9.733371,1
2927,1689,38.170147,1
1221,2309,50.240135,0
208,55,56.743855,2
1596,950,7.661193,2
2811,2189,52.976643,2
1456,1569,87.178162,2
2229,69,50.752193,1
2072,2283,16.175978,1
490,2774,28.974386,1
1119,88,48.822853,2
354,1947,71.040024,2
2151,186,62.889217,2
358,875,88.583183,0
2165,1145,77.455185,0
2658,2860,52.602501,0
482,1418,73.087448,1
2154,2859,14.241737,2
1896,1222,8.982729,1
613,12,20.049500,0
2680,2362,8.461399,2
2670,2910,49.365791,2
1976,1670,71.162697,2
1454,916,45.489910,2
2254,1458,0.836485,0
1813,231,84.023102,0
377,2859,7.747728,1
34,2307,87.921440,1
2887,2267,14.633391,1
2432,2517,58.178616,2
1951,1077,41.683586,0
2304,1369,71.150299,2
714,2424,83.385231,1
1972,2454,26.681366,2
2344,2958,20.850124,0
1991,674,25.703749,2
1455,2355,35.907288,2
1201,1436,65.655731,2
1716,283,72.059669,0
1345,1446,74.118858,2
45,804,5.510500,2
1735,1589,34.731915,2
2137,679,45.173946,2
2572,2134,11.777366,2
1748,2301,82.363853,1
2356,621,23.442430,0
2605,428,64.100906,2
517,2802,32.756908,0
1592,2040,61.241680,0
1638,2853,72.710068,0
567,863,27.913265,0
1717,2819,48.258373,1
1122,2210,10.612445,1
2035,2014,76.182686,1
1956,2278,22.196890,2
2304,1473,11.717054,2
2362,780,76.590698,2
1211,903,36.024277,2
509,1539,28.993536,1
439,1273,47.040905,2
2872,1296,75.212418,0
2522,531,43.424961,2
1320,1514,6.776535,0
2777,600,87.888847,2
2466,158,9.437722,1
2594,2307,66.603882,0
2015,1998,33.301125,1
245,934,90.028458,2
913,354,91.342941,0
2955,2985,1.556645,2
892,572,89.672279,2
1977,642,75.053299,2
1573,602,0.507822,2
2102,475,86.132530,2
1435,756,96.427704,2
295,631,94.570076,2
1629,826,44.449909,2
2825,1670,15.411487,2
2088,1072,49.961365,0
608,2523,96.212677,2
2715,323,81.872345,2
2817,2132,14.472373,1
2718,1634,87.393173,1
1748,2883,0.829113,2
539,2154,34.437180,2
60,2660,15.567349,2
1496,1259,40.933697,1
1832,2023,82.682159,1
2375,635,31.821066,2
18,875,29.197210,2
2775,1035,78.423592,1
674,1771,29.304045,2
1153,1753,51.792557,0
1007,1051,35.529205,0
690,1614,10.444489,0
103,1494,22.781210,1
1869,287,67.079430,2
102,1904,83.684280,2
616,2403,66.346642,0
1944,278,76.447334,1
2942,1453,61.959045,1
1580,1723,88.292213,2
979,723,50.148838,2
2012,2953,61.674458,0
939,2196,47.033783,2
2430,2763,31.706661,2
1982,1747,74.603264,1
1963,2515,59.499847,0
723,1416,15.039878,2
1197,181,71.289474,0
1672,1189,42.395660,0
2531,2362,23.418541,2
2516,1225,11.966931,2
2066,1363,94.612221,1
1554,1588,74.197258,2
1215,566,53.799881,0
1852,115,93.406586,0
2723,735,66.839470,0
2886,2295,77.523941,2
2630,2059,84.220795,1
2598,2258,35.864567,2
1944,1363,10.084450,1
2828,1529,48.950214,1
144,77,42.699928,1
2397,2023,17.135492,2
2260,1255,16.966980,0
1551,2503,87.564781,2
1672,1684,58.099911,1
2422,2061,11.939676,0
1147,2015,55.750679,2
766,1466,80.195114,2
2384,1675,87.632103,2
2741,1784,65.452072,0
1865,645,2.919734,1
1141,270,93.146637,2
531,2425,93.769211,2
2980,1093,43.132092,2
658,574,30.502489,0
2849,1016,35.199944,2
426,2103,65.677559,0
835,425,20.288179,1
1156,2858,80.358086,1
325,1503,5.466313,2
2608,2443,65.548203,2
2956,1258,86.339706,2
1782,2800,68.613342,2
2856,1299,50.568901,2
358,138,82.549599,2
1984,397,18.414820,1
1009,350,64.957420,2
473,664,19.733335,1
785,2830,2.926670,0
1773,798,14.660088,2
2579,1523,37.148006,0
110,2608,78.209831,2
1024,2374,0.594346,2
1185,2950,30.538147,0
1921,2912,9.134369,0
167,190,19.931646,1
2212,2933,53.449547,1
144,1346,1.921747,2
2768,863,96.503563,2
2558,888,65.364128,2
715,2710,68.166580,2
1511,1396,43.068893,1
765,145,47.992584,0
508,1992,93.222130,1
2118,2671,24.571224,0
1163,1824,15.784708,2
1036,344,74.333870,1
1393,2190,90.302559,2
512,697,10.592547,1
318,1634,45.028496,2
182,2166,95.741707,0
1183,2589,11.187352,1
1522,828,45.182732,0
854,1577,93.937828,2
2090,1243,75.141220,1
2741,3,28.325321,1
2076,1454,8.619735,2
2466,940,2.289225,1
466,1561,81.910934,2
1938,2676,55.564823,1
2590,2940,67.903076,2
668,95,31.028486,2
1810,1402,63.032772,1
778,215,45.443581,2
323,1393,35.470970,2
1862,1828,96.472580,2
1367,269,57.419067,2
1529,2701,52.387768,2
1485,2375,66.292770,2
1175,2115,15.243250,2
1223,1484,23.402075,0
2288,1982,18.345530,2
1528,638,31.144907,0
2301,2736,58.617722,0
1741,2338,90.514503,2
2661,2182,66.194473,2
2267,2520,7.617727,2
1133,112,65.999176,2
2304,2284,53.300465,0
2993,1737,45.693119,2
2024,998,38.086281,1
1382,5,76.965111,0
83,2988,36.447514,0
1863,1790,44.893883,2
220,1382,89.833282,1
2425,980,97.913620,0
1712,2407,58.794048,1
2422,133,44.700417,2
1443,1620,27.050745,2
1073,2496,3.852171,2
2586,967,95.889946,2
341,1785,90.791420,2
2877,2524,29.469915,1
1661,2360,33.022736,2
1230,1103,13.553169,2
1761,2000,61.348629,2
2613,1881,33.057526,0
2965,2209,3.239161,0
1426,1407,68.588943,2
389,2111,46.771606,0
1975,2929,1.256339,0
907,856,70.599815,2
2794,1330,84.726318,2
2965,346,4.472286,0
707,2627,13.698956,2
1231,665,99.628654,0
2281,2771,94.549416,2
2213,2057,65.196693,2
2486,1895,38.039124,0
2072,2803,62.181843,2
1376,1542,46.227055,1
2233,1891,78.491852,0
2558,641,38.637493,2
338,874,93.270195,2
1372,1599,82.488686,1
1310,434,28.231470,0
2827,2234,44.345421,1
1493,1435,66.732437,1
2886,1270,11.031383,2
1821,1970,67.981041,2
1369,564,75.459877,0
143,1453,30.872711,1
1069,1120,62.551781,1
2810,815,15.392680,2
116,1789,67.145035,1
230,32,37.807941,1
1785,950,47.330368,2
409,1544,70.794136,0
2009,1841,73.372475,0
2373,353,51.681770,1
1423,933,62.113758,1
1749,2085,85.520317,0
1712,1251,64.033997,0
1203,2264,74.913422,1
2221,2455,56.454906,0
2636,1239,3.203775,1
773,1030,35.073814,2
429,2873,48.349300,2
44,333,53.797157,2
2221,2839,20.882326,2
2662,1797,13.573191,1
1593,1900,17.164040,2
2370,2096,47.360085,1
2352,1753,21.397718,2
1372,2018,94.163139,1
2843,700,79.840454,0
210,234,13.031356,0
865,2340,94.349495,2
1429,2284,98.530975,0
2584,36,97.754868,1
544,2264,76.731438,0
335,1901,69.635994,1
1985,1303,91.465706,0
554,430,47.063046,2
1983,1509,40.173450,2
1784,2233,17.684706,2
1562,545,35.423473,2
239,1956,28.854033,0
1700,339,19.698425,0
1408,2854,72.843956,2
49,815,59.888393,2
1530,629,14.521108,1
1727,2047,61.991146,2
1203,1010,85.723343,0
586,2862,87.944756,2
2388,2801,90.839264,1
1668,1141,93.387917,2
1705,417,62.373653,1
112,1367,46.815701,2
617,323,25.432739,2
817,2892,68.796921,2
1296,855,49.000793,0
902,1300,94.368866,1
1627,2025,25.797655,1
2189,2761,91.472244,2
1976,2093,78.475563,2
1732,2900,80.949394,1
269,58,41.861649,2
2986,2580,53.430546,0
2557,450,93.079041,2
2949,1440,5.559261,2
2156,2127,90.672211,0
1616,497,24.594158,1
2225,660,97.332123,2
2141,1,7.664203,0
2359,2460,42.529205,2
1495,1257,22.954020,0
766,2433,45.627045,1
2836,2881,45.949631,0
640,465,87.100502,2
2177,2002,52.884811,1
1960,2181,74.489273,0
1404,531,97.300529,2
1487,2582,77.284073,2
2402,907,42.356903,2
2895,1644,81.049026,2
1950,1994,41.042816,1
282,2821,17.997162,2
2840,1513,80.745712,1
878,290,5.375534,1
1002,1073,20.636353,2
2124,1993,68.473145,1
471,1132,55.819241,2
1263,823,83.135498,2
2953,126,90.028458,2
1843,2238,43.530361,2
2988,1843,64.769791,2
1288,2128,54.690483,2
461,2860,30.564173,2
2556,159,74.157082,2
1145,216,38.786598,2
2388,1335,38.756878,1
2435,824,70.567566,2
2915,2014,27.175863,1
2857,502,4.749151,0
99,1920,69.671730,1
1573,296,61.346649,1
790,1889,44.145519,2
2214,2911,34.896687,2
255,385,61.063129,1
952,2464,35.739563,2
709,2555,83.294373,2
2826,2126,72.236099,2
2672,1100,29.226320,0
450,194,29.872753,2
63,1715,59.413723,0
2620,2774,35.739357,1
2909,2067,49.426373,1
1529,1580,89.398674,2
2323,2769,54.173542,1
1092,186,29.488050,2
219,810,55.397747,2
2294,2404,78.721977,0
267,1178,31.543547,2
2863,200,30.709583,2
476,796,66.748337,0
22,362,32.113354,1
2139,1214,50.915424,0
2561,620,12.058950,0
2297,2918,3.042572,0
1916,2716,5.545917,2
2532,1318,33.907646,1
2571,1278,40.439545,2
1491,443,28.414940,2
2546,2265,33.726414,2
773,66,39.782734,0
2796,552,54.870743,2
310,675,84.646385,2
590,377,6.076036,0
2280,2772,67.989777,2
280,864,26.346350,0
2307,2421,33.426167,0
1892,1732,44.840530,1
2142,1594,78.832550,1
2584,2380,45.049255,0
69,1771,93.739082,2
2235,2899,4.302646,2
2946,832,14.054726,2
1034,2406,62.113758,1
1148,1046,64.026726,2
1030,966,41.728325,2
1950,1447,43.881313,0
1400,2136,75.288719,2
523,1025,31.894541,0
1356,1943,97.374199,1
1064,134,72.490555,1
428,402,55.001846,0
2354,1686,66.826836,2
2789,340,44.037533,2
2876,2787,42.372696,0
641,208,73.212914,2
593,2760,4.265274,2
2374,1952,3.954602,1
31,1037,27.909464,0
2071,2005,51.307453,1
1977,1095,72.059669,0
2461,1371,93.806946,1
1134,1650,15.638916,0
1183,2506,9.691279,1
2361,87,98.530533,0
2396,470,1.802144,2
975,2063,75.667885,0
1688,567,67.144371,2
2630,1364,70.063438,2
579,692,44.520958,0
1348,1752,24.091702,1
525,2824,2.293978,2
1339,2355,8.951250,0
705,475,95.780449,2
1483,2064,73.747055,2
2590,873,47.474865,0
1737,1745,10.695874,0
1683,981,73.503784,2
522,1965,75.117714,1
2422,2550,19.572708,1
129,1616,61.887787,2
1120,2334,98.845856,2
367,979,85.523972,2
1,2086,96.945152,0
1849,708,87.637871,1
1440,753,48.241829,0
902,1810,87.194672,1
848,2208,36.298813,0
1733,1276,33.855122,2
2747,2493,67.205917,2
2976,1367,84.986275,2
355,1029,43.562504,2
2641,1064,95.433441,1
2396,1563,53.591824,2
2403,438,61.875408,1
204,1255,80.361824,0
2659,67,91.809364,0
2050,1521,16.502464,2
71,1640,44.674675,1
1934,209,92.265350,0
1256,345,97.582222,1
692,120,34.366047,2
2576,2905,20.974445,2
1851,260,39.332294,0
1616,569,9.196688,1
2380,901,52.715561,0
2261,1406,14.741365,2
860,2133,50.459206,0
2582,1286,73.430290,1
1210,427,43.709061,2
2537,433,76.157082,2
2285,1195,59.066582,0
407,649,47.955856,0
1845,515,37.477852,1
904,106,14.660088,0
1037,2162,49.643719,1
1195,2015,34.946369,1
1825,2749,49.223396,2
2054,1277,55.601288,2
2337,678,6.917741,1
879,544,44.974525,1
2403,2336,52.565548,1
887,2266,78.887604,2
2623,2120,18.193262,0
2779,319,72.768936,2
418,2539,57.983940,1
640,2866,97.579498,2
2786,161,60.051125,2
2483,2835,58.313816,1
320,1672,31.225386,0
2393,333,44.876194,0
2244,2488,56.811935,2
2055,2813,86.993637,1
2404,94,25.410439,2
616,2764,10.725397,1
1830,469,22.162624,2
187,2786,55.773109,2
756,713,8.486827,1
244,1571,32.459400,2
2553,1540,78.917931,2
887,2282,28.039133,2
1275,2632,7.890086,1
1983,1089,8.352156,0
1230,1587,28.402021,2
2410,2731,15.872711,1
191,1665,67.675499,1
1662,706,40.417553,0
1608,569,75.359871,2
2987,1788,99.770760,2
2196,1135,23.582039,2
2131,1009,33.335884,0
2031,1447,76.181450,2
1037,2670,29.814087,2
2383,2360,85.193420,2
2109,2789,10.822825,1
2241,2143,57.128796,2
1503,2892,41.188747,2
1034,186,52.719673,2
1346,2393,20.516548,2
441,1279,21.290964,0
815,1887,74.297554,1
1139,169,19.257328,2
2955,889,8.619735,1
1630,1317,88.008263,2
763,609,56.668736,0
225,2112,4.995122,0
1642,746,20.016130,2
2392,1296,75.710770,2
1985,2701,59.915867,2
1145,1854,1.438036,0
721,230,1.052834,0
1219,1781,17.189678,1
2705,1571,70.987793,2
1889,606,7.902875,0
1954,2350,93.185959,0
1713,2870,85.792900,0
2133,2266,71.501259,0
1211,2563,83.882309,2
118,609,61.340336,2
1629,831,72.861908,1
1906,2958,20.395395,1
1310,790,76.341309,1
2639,441,65.978149,1
888,380,34.944138,0
2729,71,35.680664,1
1001,2589,75.013351,1
713,1495,97.804878,0
2102,2505,90.115654,1
1793,759,26.072716,2
1,1765,92.412628,1
852,1399,67.683601,2
2454,1612,80.807701,0
5,606,71.371315,2
105,1752,20.813187,2
2189,1197,52.573399,2
1283,2917,40.809666,1
10,1998,83.782089,1
1182,1167,32.760166,2
32,1856,61.390900,0
2525,1775,48.408070,1
105,2949,92.810265,2
2129,504,33.357216,1
2828,2107,43.236847,1
2946,2417,60.490665,0
2694,1825,58.850822,2
1165,2989,0.463946,2
218,2370,58.447697,0
2024,2568,74.163406,0
1,8,26.677654,2
1309,1027,84.100174,2
68,1827,51.992867,1
1352,1654,49.946117,2
1015,2323,69.831383,2
2832,781,86.075600,2
448,1399,10.044086,0
1113,267,68.911095,2
1930,1958,30.328371,0
1248,2987,63.400135,0
873,759,83.257629,0
243,616,70.817223,1
827,614,77.132652,2
591,215,62.698917,2
1855,1690,15.674928,2
1213,73,53.316315,2
1034,1099,7.692959,1
1472,1388,1.072810,2
2777,1968,47.960598,1
2767,1733,44.744434,0
2812,2432,38.549519,2
753,2527,18.080351,1
182,331,78.583748,0
2095,1345,59.920303,0
698,1289,88.716560,1
424,400,84.284981,2
1235,1030,26.051340,2
992,49,97.148216,1
562,2636,40.843311,2
2608,763,10.292494,1
1255,990,29.562475,1
2400,1050,18.558914,0
2118,2856,8.604062,2
382,1975,15.006839,2
196,1464,9.954304,0
693,2543,43.369530,1
25,769,6.551743,0
2021,1745,31.278242,2
19,438,16.858538,0
1159,893,55.542824,1
1111,253,9.496525,0
2776,170,29.138462,2
2709,2466,56.403500,2
2943,468,11.659461,1
458,922,2.732411,1
700,1363,73.035278,1
2636,520,9.371951,2
2410,200,5.392942,2
344,164,80.293739,1
168,2428,78.938599,1
1049,960,33.470184,1
1275,1320,85.721092,2
1647,1657,29.095722,0
1509,458,8.847080,2
523,2934,85.021935,1
2484,1424,88.824722,1
1154,1196,66.346642,0
1941,1474,58.704819,2
1047,2711,32.529671,1
2883,32,59.572636,0
1902,1129,45.362694,2
209,1132,55.056202,1
891,1526,19.513197,1
778,1791,75.377037,2
2037,1552,25.955894,2
2862,613,64.679092,1
1675,1778,39.715870,0
951,935,12.118437,2
1882,1721,26.338596,1
2606,575,47.336716,1
1595,2141,94.085876,1
98,1504,72.545845,1
1619,1914,5.558231,2
746,2264,20.276083,1
490,1314,96.921555,1
1170,2656,50.319935,0
1834,493,55.915527,1
1898,308,54.826015,1
1015,1794,67.980850,1
1877,1712,18.187534,0
1197,1280,30.713388,2
266,2220,49.682995,0
2050,2898,9.274812,0
919,1623,9.489876,2
2417,2721,48.887283,1
2581,1947,70.146873,2
355,557,72.716835,1
24,184,27.412981,1
1856,2313,30.369585,2
2409,268,87.674530,1
144,2660,7.260763,0
2231,1520,71.910301,2
1007,1899,61.075054,1
837,1984,6.429791,0
2967,999,99.578766,0
385,2425,37.634846,2
1238,1,56.863388,1
2608,2520,90.285690,2
35,1147,93.575798,2
2777,1998,88.248695,1
2648,2166,27.755873,0
278,2034,52.367851,1
824,526,87.466820,1
2289,2948,69.048088,2
2376,1438,30.779629,2
370,848,11.242330,0
2611,2430,36.819847,0
322,1163,52.503498,2
1481,2181,28.801510,2
1129,1203,46.610092,0
2414,2476,25.072021,2
1821,153,32.576588,0
1982,2156,85.845924,0
2318,1362,97.486610,2
2012,2689,33.170643,1
2315,1122,29.273266,2
2361,587,52.272259,2
1887,1851,28.893902,1
2045,2060,48.449612,2
2638,1765,62.340668,2
455,2371,28.085953,0
2306,2584,94.282646,1
1215,926,20.399054,0
449,2456,6.032839,0
990,403,34.469685,2
1597,2635,19.615236,1
2,1613,24.967560,0
2924,2437,73.246040,1
1505,1819,3.922268,0
594,2004,25.791622,2
2027,2090,67.737946,0
2659,1593,99.445778,2
1620,565,21.338615,1
2391,62,43.584332,1
192,1004,25.575268,2
609,143,11.426197,2
1675,2469,37.916840,2
1280,2059,20.111975,2
1002,2541,19.142355,1
743,125,64.073845,1
443,2467,85.100685,2
2269,1273,66.826836,1
1322,1124,89.965324,1
563,50,82.729401,0
837,1344,99.550308,1
1430,535,54.898357,1
1,153,19.406319,2
1946,2360,32.414455,1
40,2848,72.199287,1
2626,542,56.174458,2
1890,2616,61.677689,1
2393,854,39.723679,0
2073,1878,27.078861,0
1444,981,72.793732,0
407,1124,70.741577,1
2635,2218,65.514610,1
801,2886,71.131538,1
1619,2709,17.962118,0
782,2409,54.704601,0
2494,2745,56.757034,1
2355,2620,67.506004,2
1903,634,44.116875,2
434,2935,44.357315,0
1291,1314,45.163498,1
2520,1949,80.070038,0
579,2904,78.012390,0
690,2791,98.049103,0
2227,1071,21.500738,0
1138,518,78.121521,0
802,554,1.802144,2
681,1078,67.267250,2
75,653,31.241915,2
1288,1634,67.500130,1
2775,2726,8.045143,1
576,772,48.301720,0
1807,2315,86.224693,0
2025,2406,26.291679,1
2348,493,68.489914,1
140,243,20.418219,1
1631,513,52.058502,0
1424,1250,20.430700,2
1724,1641,93.014137,0
2208,2434,36.883045,1
2659,777,7.625751,1
1536,891,15.491329,2
2161,251,59.800610,0
2964,747,34.598553,0
37,535,54.785095,2
1677,2571,51.210602,2
2793,1861,32.263275,2
2755,411,14.075399,1
2447,590,7.804121,0
56,1373,38.981083,1
2881,166,1.888337,1
2724,2152,15.049253,2
1181,854,85.342056,2
1780,2455,67.036415,0
2043,2179,0.675211,0
1340,2105,23.590330,2
298,2386,16.710323,2
2489,2838,91.130966,2
183,1796,20.802738,0
2840,356,32.354683,2
2783,1435,45.086117,0
2083,2989,91.046150,2
1791,1868,55.081345,2
1884,305,64.461754,2
1518,2759,32.097912,0
2257,1340,27.516405,2
1088,822,38.630234,0
1425,1713,39.507347,2
1059,936,71.133682,2
2940,1525,4.235481,1
1511,2828,97.061661,1
1857,2582,51.724098,1
1432,217,24.682724,1
1474,1287,58.410461,0
2288,2950,94.524986,2
1425,1808,8.210038,1
2657,2776,26.436832,2
1363,614,0.671554,2
464,1339,61.598270,1
38,2161,32.391491,1
665,1107,28.708174,0
2158,240,56.569080,0
1941,1033,27.332729,2
2347,2055,38.064304,1
814,2039,9.884631,0
970,357,72.801567,1
1514,665,43.867779,0
2627,957,99.375771,1
1084,672,99.375771,2
318,132,33.142021,1
2744,1631,63.668709,0
1796,928,9.759628,1
2432,2785,80.471024,2
1575,2391,84.757355,2
929,1088,99.214966,0
2542,2520,32.331352,1
1602,544,67.442673,2
877,1942,15.555203,0
1183,1625,10.070167,2
2909,617,19.593174,1
1303,2070,87.597588,2
2310,2747,93.854660,2
1338,2335,26.816530,1
2301,922,87.088860,2
2841,2060,24.959896,2
1264,930,92.672600,0
666,2454,82.168335,2
537,945,70.942139,2
803,1934,84.866592,1
1722,2521,34.169674,2
2045,2177,91.663597,1
2722,2287,37.121819,2
1220,2780,17.427519,0
2663,2360,11.538614,0
271,383,11.947544,0
2731,1458,29.466408,1
816,899,56.200024,0
1428,1503,84.253395,2
1192,244,86.306549,2
158,1072,91.695793,2
387,1404,2.228912,2
2707,310,2.822338,2
1383,2558,87.808907,2
85,2545,28.996513,2
1334,1533,11.049076,0
441,1404,77.282738,2
60,2830,87.709702,0
1448,2096,9.105309,2
1097,1514,73.888000,2
194,2582,7.818757,2
2085,1655,77.913513,2
489,851,86.441307,0
1176,1297,10.408739,1
2188,1703,23.572580,2
67,472,15.817823,2
1315,328,47.081856,1
1439,1701,39.471432,1
2252,2380,99.532349,2
2115,608,22.628225,1
1178,889,7.967370,1
1524,1675,76.453957,2
1233,1245,90.236626,1
2870,1250,78.721703,0
377,418,7.925398,2
1018,1129,80.329910,2
2217,980,8.803638,0
2113,713,0.604921,1
170,919,84.704834,1
194,843,23.542101,0
2249,2829,50.515972,1
2151,2365,49.132694,1
2846,2771,76.447334,2
1398,171,30.201797,1
2830,1766,75.970963,2
1577,2646,9.643618,1
2907,1870,46.707108,2
2717,911,94.611282,1
1963,264,94.719681,2
1733,2176,60.696304,1
1872,2498,95.484467,0
781,1215,36.482952,2
1020,1775,27.922117,1
1217,590,9.996553,1
366,1451,16.255566,2
1663,2250,69.365578,2
487,2384,16.726664,2
2345,1020,42.757290,1
2891,1149,56.370609,2
615,1382,46.538548,0
1143,1896,71.531067,0
2928,1490,56.669693,1
872,2542,21.700365,0
880,1622,16.381445,2
1518,1688,29.366528,0
2631,2533,1.837220,2
258,1402,26.779675,1
1391,2902,55.467201,1
1765,2826,74.783401,1
1388,1098,65.302559,1
1747,1681,98.373314,2
879,1035,24.985943,0
1235,660,68.035187,2
2473,66,57.974968,1
574,2176,57.248676,0
2982,2784,3.467689,2
1756,866,28.877464,0
2855,506,77.766685,2
2373,968,15.646072,2
2311,1734,76.518822,2
387,73,79.239342,1
2713,2049,10.153587,1
1260,1457,87.381935,2
270,1087,23.407223,2
203,2212,49.288364,0
853,2662,95.257126,1
1723,1451,23.094278,2
1128,247,23.172371,1
2829,104,43.372463,1
2816,2307,10.704816,2
2330,598,40.350761,1
765,2113,16.557907,2
2796,1706,25.514980,2
136,586,75.185509,2
173,517,71.336502,2
399,1720,2.470235,0
313,2910,22.954020,2
2471,2993,73.817146,2
142,276,48.485462,2
462,1801,15.707983,0
2666,266,13.481733,0
1414,2182,2.344546,2
225,2039,33.380882,2
2657,2046,93.715828,1
881,547,26.242723,0
893,1566,14.469912,0
2817,2448,93.434593,1
231,2304,89.417824,0
1774,2854,23.923946,1
2545,1026,21.885777,0
2235,560,81.494034,1
1074,1599,82.808739,2
575,612,73.728844,2
1581,1774,80.976593,0
2054,241,55.821564,2
1552,75,54.527187,2
2904,200,86.239769,0
2921,732,57.196671,2
50,2380,39.827896,2
1391,1696,75.806480,0
2844,789,30.155281,0
490,104,88.045158,2
2397,1052,53.643105,2
986,2331,12.271396,2
1212,1776,55.582500,1
1892,1605,8.477776,0
1152,1126,1.160053,2
2190,2809,59.134937,1
1363,1359,98.407211,0
513,2365,74.768082,0
2584,2526,19.324635,2
1010,2302,10.169906,2
1943,2941,97.419365,0
2093,2871,47.144867,2
2064,303,26.690565,2
2630,702,1.626151,2
2151,3,35.275440,0
1241,2322,83.891594,2
331,924,27.269852,1
2828,1112,67.904388,1
407,2131,79.694130,1
1353,547,83.114983,2
1992,1453,83.140999,1
777,213,73.249550,0
2016,1297,40.988926,1
1003,1410,47.733624,0
1326,2266,61.861088,0
1967,2795,24.669785,0
433,743,16.311172,1
1115,1394,86.550842,0
281,2510,63.897995,1
1961,1214,39.292492,2
2048,1378,6.343767,2
2163,1147,87.805756,2
1122,1888,33.640690,1
1191,413,7.836013,2
106,402,21.064953,0
1129,1798,86.224030,1
842,2016,5.653430,2
1157,961,77.817451,2
2854,1580,76.618401,2
296,2769,22.340355,2
1166,2129,82.863808,2
1875,1896,61.510742,0
1689,519,25.500980,2
1452,2213,30.114664,2
301,501,99.729370,0
176,153,65.372101,2
1450,1347,26.716684,0
672,1320,6.185478,1
2194,1855,75.545708,1
1340,2503,77.928444,2
2586,2671,40.316849,2
1740,432,41.284969,2
194,710,26.035404,2
2238,300,74.736115,2
797,498,27.196692,2
2022,1521,76.094086,2
693,2850,88.246033,2
1819,70,53.354980,1
1174,2660,70.369415,0
2428,2956,56.870274,2
1316,325,33.389023,2
2611,562,43.369530,1
1616,2755,79.109085,2
2735,1862,22.533566,2
642,2056,48.339264,2
2925,1576,56.661366,0
500,2632,59.985722,1
1071,472,40.066250,2
2509,216,89.281334,0
1493,716,44.511127,0
612,2465,55.114681,1
1449,716,88.958801,2
1279,838,20.080259,0
1909,1477,26.449230,2
2134,2983,89.112335,2
1853,2024,24.682724,2
629,838,74.977386,0
1230,870,56.492905,0
2438,2409,69.284828,1
8,1084,80.684105,1
256,2698,44.759930,2
894,2403,91.948097,0
1786,2107,83.009933,1
1202,509,50.370567,1
2098,1512,43.869781,0
1830,2841,35.264309,0
2000,904,23.868225,0
2626,1984,86.164818,1
1597,2082,26.009222,1
766,259,49.980675,1
1767,1698,48.930065,2
2959,165,92.542381,0
1367,1438,3.345340,2
731,2265,69.168373,1
1481,684,22.162624,2
1679,2386,23.414951,2
1880,2168,34.984676,2
950,257,86.521744,2
1355,1673,37.278908,2
390,2454,19.376629,2
2281,2329,25.827984,2
557,1839,12.973035,1
2332,1950,29.187647,1
22,1694,21.704067,0
2161,127,16.073652,2
1220,2928,61.003479,2
1128,1990,61.560917,2
968,2280,98.231926,0
2318,490,61.712025,1
1585,208,83.136932,2
2917,1155,79.486862,1
2992,563,95.453575,0
2698,1945,83.038826,2
564,396,12.293785,1
774,174,10.640534,1
1459,2815,48.859226,2
2672,2106,15.976678,2
504,722,5.319099,1
279,2494,38.932774,2
2489,1443,81.380104,0
1882,318,2.757446,1
2445,1466,35.468517,2
1787,489,53.579811,0
1188,324,2.282799,2
15,2993,74.292976,2
1621,2762,11.056184,1
2128,547,55.414906,2
1571,1679,37.842529,2
1906,442,38.276051,1
2230,1767,79.646614,2
2012,956,70.015686,1
2826,2337,88.607445,0
1582,1239,46.307934,0
387,642,18.149416,0
2171,226,45.266109,2
1355,844,67.627045,1
2435,1586,13.823814,2
2994,2437,39.520603,1
324,231,47.478188,0
2359,1425,89.393166,2
2644,629,19.547890,1
2527,132,91.618927,0
537,890,86.917831,0
2754,1152,58.842636,2
1299,2568,95.014183,0
156,2104,51.979923,1
771,1654,48.422928,2
2672,434,72.621681,0
1986,485,31.171568,1
1235,2820,73.048958,2
2033,1130,9.489436,0
2838,1963,63.593231,0
924,95,18.770193,0
2724,612,77.602425,1
2441,438,23.789724,0
621,1550,51.336601,2
2106,1991,17.617533,1
1619,383,24.562401,1
2539,1168,59.152973,2
938,543,4.834738,1
1631,701,64.179184,1
2773,603,53.098724,1
1111,534,10.408739,1
1976,130,80.385468,2
2164,2105,77.947319,2
2821,2270,68.392967,2
492,1848,3.705930,1
1175,1802,32.813343,2
2121,322,73.557838,1
301,1770,83.884331,2
884,1336,3.423509,0
1566,2233,72.090973,0
1014,99,91.895943,2
1379,2741,20.073812,0
855,2255,12.973035,0
1755,2887,67.529457,2
1178,140,15.145380,2
101,395,97.985283,1
2384,1083,58.282928,1
2843,11,48.143799,2
1633,494,71.205025,0
2826,1558,50.874016,1
1369,377,26.854195,0
1923,901,97.211502,2
2384,756,87.089211,1
2872,1510,76.530396,2
538,387,11.516890,2
1304,65,41.730110,1
573,1725,59.055988,2
2829,1600,31.855314,0
2470,2005,84.044731,1
1150,156,82.645546,2
2024,2782,26.468025,2
185,262,72.473663,1
328,847,31.979990,1
2272,205,62.602047,1
2880,906,37.598488,1
2843,1109,5.945184,2
1937,1017,35.983253,2
1690,156,28.209103,2
1719,2589,82.135124,1
1055,1243,5.675858,2
1908,1700,49.095524,0
650,1543,38.150879,2
2389,1953,79.748283,1
2864,2384,97.481392,1
706,408,97.885674,2
380,982,3.701417,0
24,1904,89.767677,2
2725,234,26.969490,0
2254,2642,40.920021,1
799,1926,90.502357,2
2044,1372,1.478760,2
2989,2607,20.516064,0
773,458,13.991221,2
2019,1529,65.636673,2
339,901,69.299568,2
2176,1255,31.427408,1
1866,1194,38.794003,0
2971,1522,75.118370,1
1475,1511,66.852150,1
1564,903,87.292580,0
2994,2881,28.924143,2
140,2800,62.119106,1
2670,250,5.126660,1
1146,2459,16.601419,0
2536,69,31.283504,1
2611,1022,38.372150,2
2916,164,10.592367,2
2691,868,28.608532,1
885,850,77.932426,1
764,1627,66.576035,2
487,2176,43.714226,1
2484,114,4.311686,2
1171,12,1.351589,0
1776,2345,41.975922,0
889,122,84.841270,0
378,937,63.202690,2
2851,858,43.540653,0
396,2566,99.587929,1
2999,2195,42.190609,2
42,183,64.443184,0
796,718,25.190088,2
1027,2218,13.766819,1
1024,2077,2.089046,2
1764,1067,10.899053,0
762,501,28.582550,2
2525,2372,73.597084,2
1757,2342,61.444744,0
1736,2119,47.773853,2
881,554,93.731842,2
2236,1990,92.677284,2
728,1430,2.298574,2
1156,2674,40.410549,1
991,2904,69.267586,0
1218,660,5.218534,2
2145,151,24.427893,2
482,1128,25.027756,1
1405,2838,93.020500,0
1393,97,79.131714,0
1266,1682,60.076481,2
1889,1799,18.785664,1
983,610,97.884727,2
2290,1357,55.187538,1
1687,1055,80.798119,2
1821,1546,30.401562,0
851,294,3.824177,2
1974,2913,41.714329,0
1822,1216,95.970566,0
1828,2535,83.459045,2
2146,1483,13.345347,2
985,1834,14.107823,2
1834,1668,41.905312,2
1423,1012,39.829124,0
1692,1921,43.346561,0
2744,2392,46.004074,2
1018,2480,67.773796,2
1931,1932,49.454388,0
1792,1120,47.538441,1
691,1842,40.158001,0
1287,412,78.020493,1
425,2212,21.161238,1
2531,1039,58.280697,0
1183,2639,80.405930,0
2454,820,83.914963,2
295,2358,31.764759,0
2523,2403,12.330228,1
2929,1486,40.796070,2
19,2214,18.052237,2
969,2668,18.874544,1
2377,2228,30.650152,1
1839,1446,55.781376,2
2243,512,26.185314,1
1048,1602,87.718979,2
31,1450,95.284668,2
2395,1992,8.643867,1
2982,2271,35.706501,2
1120,648,39.382545,2
1239,1923,87.417015,1
1080,2333,33.714485,1
2680,2430,52.430550,2
153,1595,7.008073,2
2536,202,5.069114,2
2328,2362,98.577705,0
760,1732,78.250221,2
1051,2294,72.143791,1
1590,879,72.840797,1
2530,2796,33.441231,2
856,2624,57.676552,0
1428,2109,29.652281,2
2400,1749,34.242329,1
2234,82,79.630341,1
396,76,64.511917,0
2347,1797,78.545959,1
1454,1097,26.538193,2
599,1978,32.748230,2
2306,2461,73.163002,1
2722,1309,12.466830,2
1428,413,6.092378,2
1521,1571,94.117027,2
536,1290,90.145866,0
150,2477,63.160362,0
545,447,48.221657,2
1340,2333,99.949791,1
419,1339,33.054173,2
2193,2779,59.788948,2
1246,1701,95.446724,2
2533,382,10.516549,2
1060,1637,53.960728,2
2724,1894,10.137018,0
507,1472,79.886986,0
1920,307,27.637499,2
2165,2444,36.652679,0
906,476,20.111975,1
1028,52,6.350643,2
2601,603,23.653107,1
886,712,6.127305,2
1816,323,58.074806,2
1258,1302,82.977974,2
619,425,5.994209,2
1307,2153,3.827571,2
2250,1211,50.416645,2
705,1403,45.165260,1
1746,2424,55.349503,0
1337,2235,75.847160,2
2700,1444,80.317238,2
1375,919,17.811615,2
2579,1585,73.613602,2
1176,304,34.732624,2
744,2826,18.643663,0
484,2107,48.887341,2
1195,2087,31.179384,0
2680,2038,90.999718,0
1504,1337,12.429762,0
2065,1002,98.706261,2
2833,1095,45.918976,2
713,2735,41.883297,2
1288,1096,52.706573,2
690,2582,13.052190,2
26,2171,94.049629,2
811,427,2.198838,1
1972,1733,75.185509,0
1650,2946,11.944656,0
1301,2330,44.202484,1
2079,1910,66.444328,2
2404,211,7.998752,2
1205,185,0.339795,1
188,1700,76.007706,2
1681,2099,45.737186,1
2735,2175,45.914780,0
1000,2793,50.541691,2
910,1811,16.073652,2
1738,451,9.203852,2
1491,195,1.777590,2
672,421,62.143559,2
1757,1282,48.811119,1
1541,2701,1.423468,2
2227,1807,36.394608,1
1671,2030,17.237055,0
1953,997,44.134098,0
738,665,68.876549,0
803,225,98.288368,1
627,2716,75.925018,1
2914,2079,58.009235,2
526,1242,86.424095,1
299,1039,57.911068,2
877,793,88.358810,1
1848,2440,91.154518,2
2635,2196,8.046103,2
2457,918,76.615135,2
1248,70,81.054344,1
2392,1838,73.204193,2
143,2215,49.209328,2
1933,701,4.558706,2
928,1110,67.098228,0
768,1566,10.082366,0
1585,2424,81.233368,2
2120,1140,40.616135,2
2967,808,28.438353,0
1242,619,75.400505,1
306,1253,84.232918,2
538,2779,94.322792,2
413,2824,72.069687,2
2758,2752,80.512711,0
1584,416,86.279182,2
935,918,86.341743,2
984,1968,46.771606,1
900,2288,64.500168,2
1339,1137,32.058014,2
2314,2216,41.566399,2
2965,471,5.382588,1
714,1546,89.808418,0
1155,2695,95.705017,2
648,422,25.987879,2
2077,1281,31.960554,2
1830,705,71.443535,2
1495,1885,45.175732,2
1658,2280,77.479164,1
1945,1278,29.473232,2
2557,2520,76.845901,1
2092,1163,51.561001,0
1498,2984,23.013229,2
979,358,71.445366,1
504,151,70.970490,1
2333,1798,56.874969,1
1710,2481,32.062180,2
514,790,64.461754,2
1643,800,77.260086,0
2269,1195,14.629510,1
2070,2917,85.980125,1
581,1411,45.637882,2
1434,1638,47.845055,2
1792,1174,51.437759,2
1432,2191,79.556801,2
736,2818,88.009995,1
963,624,70.956871,2
2094,2903,78.997894,2
764,1857,31.472954,1
1095,1806,12.871598,2
392,2543,63.997406,2
1637,1031,48.410942,2
2115,2384,39.336426,1
1268,2206,66.982933,2
366,905,4.900997,1
503,2360,3.744951,1
2184,371,9.917964,0
344,276,49.608456,1
2302,1915,58.775837,2
382,2074,71.113937,2
1943,1484,38.119396,0
710,2283,5.511939,1
2970,332,87.633400,2
1531,1337,32.142269,2
2733,1680,83.602081,2
1851,103,74.709450,1
2647,1565,66.658081,2
727,1085,10.827124,2
872,2194,79.486862,0
197,1665,43.239017,0
1569,1880,22.823938,2
2991,1517,16.962265,2
1277,69,22.910635,1
897,1002,97.761116,2
2886,2691,62.452015,2
1906,1605,6.723987,1
1453,503,10.018566,0
2387,2880,44.931213,2
215,1229,83.424805,0
591,814,15.707983,2
757,887,83.403000,0
1776,1365,14.303952,2
1367,2564,99.212898,2
1477,4,47.051514,1
1549,2647,23.891462,1
2594,169,93.547035,2
1798,810,90.806633,2
678,463,13.358078,1
2200,1976,54.827950,2
675,669,33.352196,0
1309,664,99.787285,2
1110,1205,61.934139,0
2161,2177,48.601479,0
1219,2399,84.193237,0
1252,765,34.791821,2
109,273,67.396835,2
168,778,23.979704,1
2645,1535,79.991653,2
2849,2748,32.069164,2
1008,2332,17.492371,0
1315,2971,38.386154,0
1694,2305,64.537125,1
1697,2419,66.053963,2
2078,1474,25.955894,2
754,229,63.495674,0
685,1472,52.789513,1
36,576,32.402760,2
1510,1858,33.906048,0
2035,882,10.084450,2
2209,2094,32.860424,0
2250,2278,80.049133,2
869,460,90.840126,2
2761,429,1.417607,1
2490,699,55.854252,1
2562,316,27.262758,2
1060,344,33.585274,0
648,2247,71.727722,1
2786,2713,78.126129,0
1995,140,97.360634,1
1325,2176,87.789215,2
2,778,10.769732,1
1550,493,9.108870,2
242,1073,19.030005,2
1784,819,21.751329,1
1183,1927,8.808547,2
609,1443,75.983231,1
28,282,63.432316,2
447,2008,12.114412,0
2448,103,8.757180,2
1378,1601,49.500900,2
2460,635,64.026802,0
1675,2968,28.039133,0
836,2308,81.855370,2
855,568,20.109674,1
2800,475,89.880959,2
166,247,87.624153,0
1440,176,60.963974,2
1000,2120,86.194199,2
1453,2026,93.952515,2
985,65,44.414799,1
102,2138,36.618786,2
2930,2000,42.392143,2
938,912,66.468842,0
2585,1709,3.437846,0
114,1320,63.281403,0
2537,889,40.949959,1
505,1254,76.591576,0
2580,1279,52.212757,2
793,2192,77.449501,1
879,41,39.398163,0
13,2362,72.872444,2
292,887,48.597557,2
992,824,19.114517,1
1513,2953,87.971077,2
1260,1937,36.738598,2
693,1786,56.573696,1
2368,1342,44.623306,0
1773,2394,84.544853,2
2085,413,74.544342,2
1581,2668,53.228756,1
781,654,29.078516,1
286,68,19.759802,1
110,880,97.794785,2
1894,248,32.203186,2
2403,1409,1.716981,1
84,257,22.896952,0
2139,969,33.913998,0
793,1263,80.624680,0
1806,1065,0.823803,1
645,554,93.259140,2
209,2058,11.297419,2
2256,1266,15.011188,2
2096,137,2.362713,1
2943,2858,88.895599,1
1779,2252,31.615862,0
86,1731,9.323668,1
499,1069,70.970490,1
1663,1631,43.800034,2
782,2054,52.006939,2
293,293,94.177338,1
1455,700,49.095524,0
2403,1665,2.293954,1
71,2197,71.979713,1
1786,1583,40.895538,0
1959,568,48.025433,2
1757,1363,23.480274,1
2136,2587,27.417425,2
824,1385,30.807402,1
1688,406,8.634905,2
2875,2343,41.090328,2
580,292,30.479445,0
416,510,85.034698,2
2805,1092,30.593615,1
1193,2733,38.003052,2
1685,920,28.843327,1
484,440,41.979427,0
828,2078,92.495201,1
579,2815,39.352577,1
2325,2510,23.175512,1
524,1916,21.900419,0
2484,2406,9.601524,0
864,1691,76.026054,1
2372,1853,13.591222,0
1017,2696,68.890961,2
784,1638,46.482052,0
2645,439,79.308304,2
125,2489,50.563786,2
2848,1982,47.146309,0
1971,441,6.172235,1
1286,1093,23.357342,0
2251,172,66.458549,1
2894,548,67.988945,1
2275,2941,74.781715,2
1067,946,30.743868,2
1965,1049,21.555943,1
1448,2080,44.007492,0
1313,709,38.624531,1
180,1412,78.796295,1
339,399,77.127937,1
1218,1150,95.392532,2
1446,785,58.004204,0
2307,554,78.091797,2
2041,1183,1.024869,1
2940,873,60.578098,0
2714,1383,97.491394,2
2062,316,56.474743,1
2167,2870,25.282501,2
686,2024,87.670189,0
2586,2599,42.548122,2
626,1817,56.830902,2
927,217,98.674988,2
2894,1857,63.332909,1
2830,868,47.511543,2
2289,1648,49.986561,1
1983,2154,96.407822,2
2916,2306,85.774155,2
1732,1998,11.056184,1
2035,1497,69.284828,1
799,1411,88.128799,0
612,2294,92.507935,1
630,2493,88.183121,2
1738,1122,40.964310,1
2610,1700,26.078978,1
688,2392,21.138662,2
827,2869,50.024540,0
2066,525,69.953201,2
2232,866,81.631256,0
1925,2563,64.332680,0
2448,429,39.006001,1
628,714,34.304546,1
882,1953,29.235657,1
1868,913,55.365013,2
2828,697,44.813217,0
2794,740,24.909182,2
605,433,51.673218,1
2179,1772,35.115376,0
1953,1799,70.876091,1
1618,2289,82.444992,2
2355,540,31.581339,1
659,2904,10.711553,2
848,78,47.555511,2
1202,2651,58.828587,1
1004,1878,18.467432,0
132,1074,7.328362,2
1125,2963,13.738511,2
181,2055,68.836197,2
1891,1014,27.872934,1
2449,2025,74.216751,2
1993,379,99.742393,1
632,2168,81.684906,2
2199,546,33.639172,1
959,1429,39.631271,1
729,1829,13.341259,0
1489,2159,49.936684,1
1586,2787,3.308975,2
2986,1878,52.477535,2
2119,1090,99.305992,1
1108,373,84.572632,2
1399,539,57.009510,0
1725,2831,64.240646,2
348,1786,14.813011,2
2485,1686,44.610603,1
708,1256,88.131958,0
1174,244,4.867576,2
2979,269,15.465201,2
438,2057,16.608522,2
2979,2572,92.571381,0
969,107,37.447720,2
435,2237,14.138382,2
486,2018,5.857024,2
1805,2963,12.361046,2
779,1186,28.477047,2
1511,773,39.012493,2
295,851,0.745407,0
844,2003,7.036253,1
707,1878,99.940315,2
1746,2246,65.344986,2
1382,2818,78.049263,1
2637,2863,18.568935,1
1571,2692,54.818867,2
2170,226,4.748981,2
1328,2436,49.167877,2
2081,1899,82.977150,1
1926,1656,35.570404,2
2347,289,7.718829,2
518,2853,8.046476,2
2368,1749,69.098526,1
922,896,94.219528,0
647,520,19.359941,0
1057,2366,56.757034,2
814,59,34.637878,2
1136,2158,79.531082,1
2276,855,88.551086,0
2438,1427,29.366522,0
869,2747,80.378448,2
1718,2671,7.007361,2
2082,82,19.262856,1
2755,2569,81.807648,2
2822,1178,93.612679,1
1278,1864,94.863998,2
1009,1936,95.159798,1
1313,917,37.645096,2
608,2002,52.486591,1
2996,2545,0.167846,2
1380,1282,9.279902,1
1398,151,85.933052,1
824,2411,77.027122,2
2190,2357,20.710245,0
2345,1820,70.710205,0
2424,35,68.594833,2
1176,393,87.558548,2
997,295,36.518692,2
144,2051,16.351891,0
673,161,75.735207,1
860,1190,97.012527,1
413,2441,54.067940,1
747,400,24.262802,2
2375,1554,89.485107,2
401,1286,25.618452,2
2711,1412,68.387924,2
566,604,2.318563,1
1296,544,43.132362,1
1192,1812,85.250832,2
576,1109,35.801426,2
1963,1454,89.531998,2
14,1357,94.949249,1
1974,345,74.428467,2
1959,2194,49.529720,0
1649,417,52.271080,2
1079,661,66.397141,1
417,1956,26.847420,1
1773,1162,52.360378,2
2932,726,3.776199,1
1797,1292,22.384895,1
2731,1838,44.597111,0
2153,2353,3.920845,0
2042,2517,99.712456,1
246,423,93.552460,2
1868,307,70.730492,1
1560,1331,86.671303,2
2050,1851,11.660955,1
2472,174,37.863621,1
2508,994,92.146614,2
486,1919,63.038948,1
1730,1467,51.605114,1
1690,1234,57.250919,2
295,1439,22.914404,1
50,2899,28.640451,2
2529,2728,19.342112,2
2347,195,89.448212,0
1500,2790,68.866684,2
1930,460,56.350231,2
1933,317,50.791969,2
453,1256,49.335754,1
2492,2672,70.220856,2
2970,2998,30.171762,1
1616,298,50.188858,2
2262,2715,64.261406,0
1785,2671,16.605864,2
313,2285,84.203423,0
2698,2922,36.509987,2
353,2768,16.693804,2
232,1425,4.593315,2
1450,1605,42.913853,0
2744,2502,26.677654,0
1148,120,18.729919,0
1198,362,92.814178,1
1966,729,35.528656,1
2082,2781,37.921585,2
2299,2771,77.719513,2
320,906,35.757656,1
2264,2400,45.762196,1
930,806,83.140999,2
2474,1010,75.747139,0
2644,2557,12.717846,1
1842,2375,49.805065,2
280,2977,98.585449,2
2898,2131,98.693848,2
136,1659,51.796825,2
1862,2428,61.865421,1
2121,650,89.001129,2
384,355,53.913605,2
1342,1836,84.531067,1
2646,2739,36.506588,1
2104,2797,5.274079,2
1475,628,27.913265,2
1493,85,80.836578,0
2167,1831,73.514389,2
2735,1635,6.471964,2
1200,2472,72.962112,2
2885,2045,59.618675,0
1070,419,57.153774,2
1364,1602,15.085676,2
574,2090,40.548893,2
1997,2916,33.022736,2
153,1664,30.700651,2
1934,2262,57.974968,0
2309,1725,10.664315,2
362,522,29.389097,1
1313,1079,34.389008,1
1103,1250,49.154251,2
1491,926,75.468079,2
1432,430,48.950214,2
2159,1460,58.342793,2
2463,1248,50.113632,2
870,1265,10.601876,2
127,1727,44.122841,1
1560,1178,15.758305,2
678,2036,69.098526,0
987,97,28.093578,2
869,2311,88.496475,2
1658,913,24.774506,2
2499,2518,0.865087,2
1583,204,75.526154,1
82,876,49.650482,2
2739,1734,60.623917,2
1961,2981,59.584389,1
1783,439,82.739464,2
2694,271,61.449905,1
894,928,94.439774,1
940,2978,83.438042,2
2249,96,29.517483,1
1644,446,57.629784,0
257,76,55.952179,2
1357,2767,29.952562,2
767,2741,69.208664,2
2474,1780,37.146023,1
430,1836,76.565285,2
1648,121,21.893084,2
1078,2125,56.460949,2
2212,2650,86.706696,0
332,248,11.402003,1
853,49,59.729893,1
1171,524,56.601185,0
2134,1955,5.333037,1
1626,1336,29.365524,0
2039,1554,84.650681,0
1158,1549,59.980717,0
1446,2799,56.138680,0
587,1164,88.420692,2
985,1698,39.132683,0
1747,657,10.261861,1
2193,2889,57.326511,2
223,2798,48.006351,0
1193,2319,2.617984,2
1932,939,82.266823,2
913,2873,21.740726,2
338,2740,72.807755,1
785,1988,30.739973,0
876,1363,69.973030,1
2237,2467,33.989780,0
2220,951,64.936005,2
1697,1321,98.863380,1
580,1413,16.438948,2
164,429,6.088752,0
534,238,50.689953,2
158,707,57.651508,2
2443,1726,64.027267,2
1907,1993,92.717010,2
1625,69,33.321152,2
1210,1854,34.973621,2
790,2410,35.378147,0
427,122,12.582410,0
737,2440,33.308186,2
2677,923,52.316292,1
985,1694,44.511127,1
1007,1949,50.950897,0
1996,2300,83.766205,2
1337,1918,5.480557,1
1810,2735,34.197620,2
1420,1430,6.620679,2
889,2697,9.827239,2
2831,364,57.441200,2
507,629,87.972130,1
2691,1843,10.420345,2
2975,2489,59.062851,1
1805,1537,11.692510,2
62,1825,64.033531,2
65,2693,64.015793,0
1949,945,62.082855,0
1578,2431,61.851711,2
978,2487,53.207291,0
641,2342,82.674416,1
2238,575,65.337585,2
2147,1877,3.034321,0
161,1442,60.552143,1
2506,963,68.405632,2
711,1964,46.022999,1
2518,1555,29.763697,0
566,1829,61.920998,2
1927,2178,34.862507,2
1840,1655,13.303500,2
911,2883,6.471964,0
1814,1742,81.650482,2
249,917,41.437363,2
613,1601,84.453705,1
1656,2584,18.672035,1
2428,2395,58.441788,2
749,2529,44.969322,2
2015,2879,10.608287,1
2789,700,34.337780,0
1750,176,42.690567,1
192,361,32.508041,0
2835,612,93.614075,1
716,2971,3.289499,1
1374,89,25.096464,2
2979,2355,97.458290,1
1903,584,93.446350,2
179,922,52.660351,1
120,211,41.325104,2
1761,130,24.771812,0
2992,2762,28.987995,0
2045,1684,96.406708,2
1978,336,83.736229,1
1372,1065,71.422325,0
2368,2814,90.712845,0
708,979,85.175980,0
2588,1702,18.917900,2
1076,2256,20.831625,2
2479,212,49.534561,1
2578,1609,99.702133,2
60,1072,85.767578,0
2574,2664,93.529610,0
1720,1131,56.932014,0
2375,1220,86.642250,1
2720,422,61.754543,2
274,2481,45.204662,2
260,1338,3.420372,1
2222,647,32.058014,2
2971,1997,7.293026,1
1590,15,17.617533,2
682,535,43.237503,1
2956,2567,42.527664,2
2651,2389,99.037003,0
692,1578,67.660896,1
443,1433,72.386497,0
892,1101,23.317957,0
249,2089,77.971260,2
2127,1867,3.739912,0
333,450,75.355667,1
2027,2491,90.938850,2
2509,1697,86.511864,0
2075,214,7.982088,2
1935,847,89.655930,2
86,2638,67.266365,2
1593,2723,74.313042,2
1396,2011,32.746956,2
1755,927,4.551940,2
2673,1461,26.821167,2
1320,1607,52.595177,0
999,1709,92.404266,0
784,195,95.943428,2
1665,8,39.167282,0
1422,79,32.901821,1
1178,2755,56.695282,2
1483,1832,6.107634,2
2710,1450,61.882816,2
170,2097,23.747435,0
237,1121,14.333537,1
1256,1607,24.953978,0
2874,2176,5.364799,1
1931,980,50.136990,2
1733,1593,53.635159,2
2400,2884,55.304901,1
1868,1712,63.055092,1
778,278,6.896801,1
1596,803,59.882977,2
2267,2121,31.420744,2
943,510,99.929932,2
1067,2877,58.560150,1
2006,2556,63.646427,2
2351,680,77.935837,1
2695,2995,75.577705,2
1906,2457,40.117455,0
2314,1817,3.631331,2
28,2090,23.820187,2
1861,2971,50.278522,2
2682,120,65.614594,2
2668,1058,62.080990,0
803,1964,64.535561,0
446,2619,14.761920,2
1168,939,85.571190,2
2344,2095,86.025917,0
1035,1828,32.585030,2
1869,2420,94.612221,1
2880,1330,91.026794,1
513,2409,10.769162,1
2590,821,81.907440,2
866,1897,8.016134,0
489,1234,89.787666,0
1191,1989,39.734947,2
2023,2751,7.539361,2
82,15,36.837101,2
2240,2551,1.701828,1
1090,165,46.505844,2
1708,216,97.503059,0
990,1756,44.134098,1
1590,1747,49.088310,0
2877,1047,27.702120,0
308,291,49.418331,1
1743,1721,72.196999,1
455,1998,51.612110,0
2743,1677,50.418621,2
1424,1743,48.629436,0
2324,801,71.901459,1
2331,1217,99.505608,2
637,2265,44.494644,0
47,653,53.815235,0
634,1260,60.713512,2
1478,1497,23.102932,1
574,2697,31.488903,0
129,1945,8.879299,2
633,555,14.013073,1
1291,73,79.373093,1
68,1437,50.424831,2
361,278,76.162514,0
982,1416,90.362602,2
2767,1190,8.206750,2
605,2844,36.837101,1
2462,2053,52.297890,0
1691,885,41.820484,2
2436,2641,97.722916,0
1743,2902,82.022560,1
143,1668,87.727974,2
1091,1224,84.868813,2
2061,762,69.141953,2
1465,166,44.948036,1
2495,586,57.153774,0
2245,952,34.200649,2
2309,1142,42.176380,0
838,1079,55.215179,1
119,2810,88.761513,0
180,1336,50.879940,0
394,1449,62.149509,1
787,2568,69.056946,2
83,308,51.500793,2
94,1688,53.648819,1
299,766,57.651508,0
692,211,58.134445,0
2054,1926,62.939793,0
1898,2609,67.823303,2
2353,1408,81.257401,2
1515,241,80.710518,2
2354,1123,92.727226,1
1917,2666,42.787304,0
801,258,35.061489,1
407,281,91.908325,2
2983,1290,27.317562,0
272,2492,36.565639,2
705,674,96.446121,2
784,2795,90.712845,0
2724,2778,17.903858,2
254,1917,91.564957,2
2371,1263,83.123642,0
60,1739,55.081345,2
496,2947,88.972778,0
36,53,75.140480,1
1106,330,57.891037,2
2666,813,99.857391,0
637,2630,31.454800,2
1079,571,9.101132,1
2594,754,11.781104,1
2116,1251,52.874130,2
1992,1322,69.228447,2
1247,343,52.864914,1
2214,1845,12.660365,0
2632,1679,93.072556,0
1885,2045,98.120377,1
493,1433,16.446341,0
1499,1639,94.710136,1
496,2255,92.541298,2
1432,1848,12.398479,2
1214,2556,34.086998,0
732,1392,80.396255,2
2179,1368,7.722223,0
1995,1774,58.828587,0
869,1907,25.282501,1
490,426,11.641106,2
2739,2438,83.120941,1
2624,928,59.900135,2
630,2393,59.340244,0
874,2359,36.173729,1
113,1877,84.637947,2
738,789,86.224030,1
253,1686,87.073616,0
1298,1405,68.022751,2
2065,1880,90.351349,1
2534,120,4.338892,2
1121,2220,87.958206,2
2483,286,49.049614,0
10,545,11.072536,2
2748,600,17.017254,0
1010,21,49.215122,2
2778,1588,76.435669,2
2752,1544,78.171364,2
1904,376,9.954304,0
257,718,78.874451,2
783,1520,95.971550,1
832,589,63.431374,0
1191,1895,36.455017,1
1132,199,70.804016,2
1011,1193,25.856768,0
2415,762,43.026203,2
1487,2283,20.981298,1
1758,980,39.124699,2
2676,1625,73.877365,1
637,81,52.298431,2
948,1016,69.740448,1
1807,1539,42.620247,2
2285,164,63.985855,1
1014,1879,39.152145,1
2436,846,67.989777,1
1804,789,72.951591,0
2826,2663,49.961365,1
2674,2812,96.179733,1
934,2732,95.880219,1
10,1785,26.677654,2
701,2895,46.159142,0
1301,1029,83.204041,2
1884,132,83.135498,2
2647,1003,73.356194,0
2734,1416,66.695625,0
1845,2033,90.053345,2
2093,1546,56.207706,2
1043,2587,92.636360,2
997,2485,60.615562,1
2116,511,31.623947,1
88,1511,35.291931,2
512,2728,70.838745,2
895,1162,87.574600,1
887,460,59.618675,0
165,144,32.870148,0
1415,2324,99.186241,2
562,2899,73.465218,2
1847,533,81.604202,0
1147,1629,36.712105,1
1824,1696,11.077291,0
392,1124,25.221725,0
26,825,82.215782,2
1841,1501,56.809261,0
2763,2202,97.949478,2
1892,283,57.599220,2
2844,2938,17.120766,0
2660,267,72.375580,1
1140,237,17.391447,2
349,133,54.236481,0
1837,2544,13.824457,1
1439,1222,16.838543,1
509,2023,51.448505,1
541,1466,64.500168,2
2925,1088,48.860111,2
125,94,63.595558,0
1325,2550,77.132652,2
236,639,8.030083,0
317,2944,22.989399,1
651,138,60.753662,2
2768,1717,17.242432,2
517,839,21.160904,1
1258,173,60.946846,0
2522,2391,70.562866,2
1237,922,23.093258,1
1971,190,96.335213,0
1482,2321,67.145035,0
1038,764,0.016600,0
646,234,90.715683,1
1719,2288,54.890339,2
2937,2905,35.435646,2
1104,400,35.881298,2
11,358,80.576942,2
1358,2031,37.278908,0
459,2211,83.517982,0
256,2142,11.918710,1
391,2989,34.171658,2
225,1305,88.583923,1
2919,2401,99.750908,2
354,765,49.220558,0
2790,27,94.197136,2
2447,1063,59.933743,2
2204,1505,37.018486,2
84,968,86.177094,2
931,384,87.968376,1
2988,2843,17.548325,2
226,1519,7.421513,0
2191,1625,14.538391,2
2889,2925,22.561136,2
933,2693,91.846901,0
986,959,97.511505,1
2808,1663,23.334974,2
230,2860,73.089226,2
1870,2860,88.688217,0
2880,2738,14.536725,2
2220,1512,84.324348,1
147,139,34.220436,2
2581,1931,85.934753,0
585,2847,48.851967,2
69,1022,37.009251,2
2793,2333,7.080205,2
960,2806,83.834114,1
657,1897,16.773088,2
2515,416,12.432936,1
2799,226,25.321135,0
2278,2395,30.526815,0
822,1861,39.319824,2
840,717,71.540932,1
58,632,73.089478,2
1764,39,81.993576,2
1644,1367,15.005504,2
1027,2514,4.301527,2
1737,2110,93.330597,2
2899,1843,6.583670,0
1063,1291,88.008263,2
1609,1034,50.775734,2
1095,1347,41.903996,0
1638,423,48.788975,1
2934,2744,92.525841,2
2390,1101,16.858538,2
752,2952,42.409271,2
1575,1279,75.925018,1
1890,1112,43.171997,1
1924,2177,16.466661,0
1028,531,91.160400,2
928,1885,40.216591,1
2435,2928,0.551909,2
1347,159,37.014965,2
517,861,2.495578,2
2399,2076,1.964072,2
103,2978,89.441772,2
317,851,30.515099,0
1633,320,91.965492,0
1063,1404,66.729073,2
892,1474,71.350037,2
2517,2552,66.139359,0
425,298,5.190480,2
2959,1827,76.908287,2
29,2075,4.671582,1
1225,1216,24.527000,0
13,2199,50.210102,1
2064,1117,55.201977,2
2315,138,19.684877,2
561,2869,7.455838,2
390,2439,54.190838,0
1456,1560,19.855431,2
1640,1002,3.939308,2
922,1272,19.359941,0
2339,1378,66.913292,1
2488,1921,41.386658,0
2750,1412,18.822906,2
1230,405,30.475782,2
605,1910,55.897728,2
2954,1723,60.005932,0
2943,2801,87.849571,0
1045,1042,37.323353,1
765,1945,75.144081,0
894,1244,92.913315,1
2824,2963,51.622242,2
2684,1496,22.396881,1
773,809,50.321098,1
2534,33,47.741398,0
97,1839,18.729420,1
514,189,76.819084,1
1508,1077,15.897843,0
89,2199,7.422130,0
2290,417,55.952179,2
1473,1923,37.932339,1
2488,1147,17.581198,0
2529,2980,27.117731,2
2212,1559,60.746780,1
48,884,16.241339,1
2117,2983,53.926270,2
1477,1930,63.607517,2
957,1598,14.501846,2
755,2982,36.166061,1
15,851,17.874126,2
2445,1139,26.480263,2
246,517,55.551323,2
2185,2772,73.597084,0
2790,2359,39.336281,1
2315,1149,45.762211,2
430,2705,92.781013,1
2171,224,61.105392,0
597,2050,41.441063,1
1129,1463,46.171967,1
685,2552,58.000061,2
2532,251,85.245880,2
1097,269,83.182945,0
2626,14,46.604527,2
507,2543,4.676250,2
151,1813,76.498680,2
2731,1123,49.399570,1
1547,752,63.375244,0
2685,75,84.371422,2
811,1688,4.063792,0
2940,2660,84.870697,0
1789,563,57.717525,2
1784,2713,83.608833,2
715,792,57.237034,2
2087,2347,58.135918,2
2678,2167,78.121246,2
1462,680,41.301731,2
2915,717,52.304543,0
1440,2658,34.160175,1
2067,1412,34.936249,2
2829,2674,56.811935,1
1092,2453,62.396332,2
2299,274,58.037216,1
912,1974,71.390114,0
1179,2828,84.321655,1
153,722,61.654888,2
1031,697,6.383261,1
1671,1747,69.877449,0
318,2144,36.339363,2
394,368,67.376282,2
2280,205,75.117714,2
2419,1165,54.243530,0
1385,1440,23.838642,2
992,708,11.140882,0
544,2441,55.821564,0
164,1815,98.294426,1
1582,789,29.358429,2
2059,1354,29.445786,0
2817,2777,95.880219,1
1863,2929,24.231627,0
287,628,54.567989,1
1218,1328,83.048752,2
2400,1252,70.110023,1
2399,1265,84.315430,2
2857,1896,89.026611,2
2535,1212,18.829617,0
1772,1489,66.612831,0
1103,2907,27.126587,2
867,2975,95.928963,2
1969,2811,10.065113,0
1397,1807,10.243942,0
540,2640,88.248695,2
992,2225,36.878143,0
68,787,27.303522,2
1472,356,28.516758,2
2102,114,36.912338,2
2672,1425,98.520706,2
2359,1886,58.695644,1
960,304,94.978714,2
1273,2898,43.003544,2
2995,1144,2.897507,2
42,2090,93.259140,2
1356,1104,10.769734,2
2377,1806,54.332775,2
886,2567,44.837811,1
2603,2580,18.150000,0
636,1669,39.771656,2
2933,2621,86.664795,1
665,1963,68.161858,2
1134,123,26.439138,2
1755,495,81.179779,2
164,661,79.184875,2
320,2529,4.442314,2
2868,2400,26.616959,1
282,2631,1.311980,2
2651,2156,34.410824,0
782,2352,22.126825,0
2123,1704,39.318729,2
1850,1879,72.257599,1
713,441,63.524532,1
332,2809,48.184471,0
233,1224,46.751938,1
262,2211,53.710976,2
2292,588,71.445366,1
912,241,80.728432,2
2858,1680,3.852171,2
1861,2583,57.758694,0
1319,1614,34.512833,1
1466,1597,91.082428,1
1393,1919,50.885765,1
2911,904,58.342793,2
1238,1978,48.221657,2
406,694,20.179579,2
361,1797,49.739532,2
40,2352,41.354195,2
2383,1085,47.177410,2
2924,2855,42.485222,1
1062,531,58.298817,0
1016,1195,75.874550,1
677,1835,73.493690,2
296,1332,29.958092,2
242,827,9.598638,1
966,1611,32.360405,2
599,1430,72.485847,2
710,1568,98.773926,2
1590,2327,65.189064,1
2,2839,62.431599,2
1622,2405,16.459507,0
568,141,25.192417,2
735,2349,64.571686,0
2390,747,53.475986,2
2541,2462,2.050371,0
1143,146,62.038799,2
1612,2930,12.375285,0
1810,1870,80.101013,2
259,1641,30.016207,0
1245,446,11.971485,0
1842,232,28.145018,0
821,1541,74.813194,2
2660,1488,83.867783,0
1471,1644,29.613640,2
2091,2544,59.431236,0
642,2017,17.169445,2
220,871,73.698624,0
262,1681,13.733477,1
784,1065,29.768744,0
1457,113,65.739540,2
1124,1752,92.004189,2
864,1580,95.938087,1
936,1073,40.841660,2
2105,1059,94.391197,2
425,2355,97.579498,2
1371,538,68.171524,1
743,1879,57.255253,1
2202,64,85.630646,2
515,1581,68.142815,1
2294,168,87.847450,2
970,1900,41.060200,2
2894,1291,17.189678,1
1027,981,11.429561,2
16,1029,19.556257,0
2213,1903,93.388893,0
2638,2549,6.197477,1
565,33,51.979156,2
2552,1094,67.040367,1
276,1493,57.411575,0
1829,307,28.880236,1
392,517,77.785477,2
127,33,75.378906,2
800,2743,0.817009,0
1081,2530,33.125019,1
526,1622,6.350643,2
901,1162,78.229523,2
2547,90,36.978897,1
2820,2608,18.648914,0
2541,297,36.149158,2
331,2243,35.323917,0
2245,629,63.013695,0
2105,2786,33.806057,2
2540,702,99.554810,1
787,628,6.983250,2
2735,2944,57.546764,2
1931,24,85.908829,2
2437,796,71.705940,0
778,374,81.319298,1
2044,179,20.928673,2
930,507,61.641987,1
1764,2170,52.331051,1
523,2045,70.930634,0
414,92,50.409916,2
936,294,53.642284,2
707,2693,2.191451,0
2277,1725,85.063042,2
313,1659,88.625511,2
2594,2188,32.638599,0
2512,2489,73.204193,2
595,275,50.246586,2
1472,1355,16.294592,2
361,1586,73.354645,2
772,1794,48.091137,1
2127,1889,83.439529,2
1999,2659,56.610611,2
39,1510,37.540062,0
895,957,39.466000,1
895,1995,67.753281,2
1822,1231,14.882883,0
2509,2705,42.962978,1
2573,580,72.701515,0
1999,1330,72.824127,1
2421,2305,47.850185,1
536,2740,28.794012,1
2353,1695,13.158646,1
1128,2470,6.172235,0
1855,2737,35.589024,2
70,2502,37.786911,1
93,1580,22.757202,1
820,1828,69.543892,2
909,1965,99.514977,2
371,1639,78.728790,1
1281,1017,71.766457,0
2526,441,57.456413,2
1392,1040,88.724228,2
1110,2304,14.766358,2
1587,2649,80.820648,0
2690,476,4.590978,2
46,817,22.360722,0
671,1732,13.289241,1
323,114,20.916443,2
2978,2946,36.455307,2
850,1781,47.290833,1
2924,779,3.317393,2
2641,1763,70.006981,2
1659,2404,61.872490,1
2249,1886,1.189111,1
2643,2235,74.679611,1
523,970,49.522533,1
2769,2346,15.317959,2
2368,446,69.657265,2
2519,414,99.763474,2
2916,2895,27.419895,2
535,2746,22.155531,1
2564,1607,84.602829,2
1797,1578,10.093736,1
2234,1729,3.424696,1
1459,1168,50.447426,0
2643,171,26.828657,1
1350,2952,62.394054,1
1776,1561,80.199333,2
553,1278,89.708954,0
1247,2646,72.022072,1
1384,1542,82.277054,0
810,1324,50.434570,1
2597,614,59.817699,1
1914,1189,29.488575,0
489,318,67.069000,1
1567,2108,73.453186,2
1542,2248,5.988838,1
1181,1338,45.388557,1
440,29,65.305214,1
2497,2927,30.292982,2
653,496,13.025161,0
1206,21,84.841187,1
2550,2175,75.983231,2
301,801,38.489204,2
1654,2145,4.004798,2
2472,2299,69.534065,2
2072,2587,43.560810,2
1569,454,71.683548,2
920,26,23.271450,2
1840,1888,76.928253,1
920,601,55.799831,1
1697,746,95.453575,0
711,1840,90.710335,2
1913,1131,25.463717,0
1467,745,11.777366,0
2634,1822,39.647633,1
2099,1355,16.903685,0
2043,96,59.150570,1
2627,1846,39.724033,1
1570,176,61.348629,2
2219,667,62.551552,1
2975,2589,50.665268,1
1620,194,83.505806,1
1693,1609,30.663794,2
2730,498,76.360916,2
712,2706,60.253159,2
893,1795,78.989166,2
1273,332,77.949364,2
1436,954,26.771053,0
1986,2628,26.158161,2
2682,2094,42.598606,2
836,2175,67.935692,2
2204,516,11.133235,2
2927,2599,28.209103,2
729,1925,40.778980,1
2491,2762,8.554229,0
1305,1372,19.199665,1
1002,570,16.941704,2
2228,2367,52.391979,2
318,1522,41.665382,0
1408,1285,74.148743,1
1162,1058,10.332598,2
670,1793,97.473717,2
2424,2327,30.476501,1
2725,2881,48.390697,2
1561,939,20.086342,0
826,1660,77.128731,2
2767,617,9.097060,0
1531,2942,33.799110,1
906,2873,51.983433,2
2316,1936,53.137222,1
2097,1651,93.773117,2
2695,1956,13.233787,1
2672,281,18.480967,2
444,2871,10.442825,2
741,2951,84.009247,2
881,2,44.730122,0
1134,2193,59.698483,0
2607,2482,53.967049,2
1010,2559,95.479736,1
2969,696,63.939423,2
16,1671,13.181218,1
1604,324,81.167419,0
1269,1881,59.023094,1
1283,2312,53.067303,0
1535,1034,79.612488,2
2981,2567,63.557796,1
311,882,47.924122,2
348,552,68.970779,2
2424,1756,87.003998,0
1449,1888,52.673389,1
857,327,63.311367,1
444,1533,90.226311,1
2129,1102,4.060479,2
529,1068,43.382450,1
2644,2554,47.104706,2
1864,2587,56.545929,2
1515,225,71.507866,1
900,986,60.794109,1
72,2004,69.043236,0
2110,969,97.556030,2
1442,1527,61.079922,2
1084,1071,93.759712,1
1132,2362,65.448471,0
1562,585,36.978897,1
1951,1010,69.243858,2
1953,1884,79.859314,1
2436,2311,43.120819,2
667,1273,74.887070,1
747,284,12.648763,2
693,683,94.047516,0
2323,120,3.400350,1
1251,1474,69.442924,2
1565,1652,46.276436,1
2685,1394,45.849182,2
1420,2218,32.839775,1
2518,416,37.075146,1
2475,2531,54.925629,1
2480,2312,27.126587,2
522,2249,42.749863,0
1029,2176,60.435318,1
1579,2906,97.240585,2
1053,212,85.820885,2
550,16,91.046875,1
2325,2211,8.326612,2
1400,2998,15.897843,1
2209,303,37.661758,0
1308,329,87.749542,0
1929,155,16.255566,2
294,2638,52.673389,1
2506,1868,84.329300,1
1941,1778,51.224930,2
1083,524,87.274139,0
2405,1268,72.071877,2
2259,695,80.888245,2
2445,1698,68.311981,2
1628,334,91.375748,0
236,2183,15.897581,0
1130,347,3.806133,0
2252,145,85.186890,0
2604,2274,66.229279,1
320,557,70.804016,2
2347,2480,63.691124,0
923,2852,24.315289,0
2420,2234,6.655049,1
2518,1568,99.561661,1
1617,1311,11.891131,2
2473,2011,96.161110,1
2414,1258,83.444771,2
1939,2250,7.515447,0
668,1379,65.739540,2
1322,2645,26.983833,0
542,1264,82.444870,2
919,883,86.399887,2
484,84,3.437846,2
2816,534,77.780342,2
1023,596,61.569080,1
2819,2357,33.166756,0
2233,2064,67.724487,0
1143,2279,16.951397,2
754,525,6.950428,2
2756,2053,49.163933,0
1602,2140,58.351612,2
1244,1512,42.180290,1
2962,2027,44.505581,2
2106,2846,54.493279,2
534,2706,19.726118,1
1446,1390,50.498608,1
1623,2832,4.357650,0
639,1222,82.060150,0
851,549,17.949209,1
1191,1294,94.065933,2
732,1323,54.849659,2
997,1518,61.632309,2
568,2868,35.552795,0
1813,2717,99.561661,2
834,358,0.604921,1
342,37,94.741249,0
754,2599,71.186211,1
2966,477,57.719009,2
385,2142,23.589396,1
1905,911,1.069618,1
1565,1824,40.410549,2
2605,1304,54.683411,0
1122,1426,77.400940,0
2621,383,94.744919,1
1638,257,36.126671,0
1835,2002,39.856232,2
447,2368,71.350037,2
1669,2651,23.149382,1
678,543,86.698151,1
1070,437,58.135918,2
1244,2336,54.333214,1
2001,2671,92.559097,2
315,2081,45.218552,1
983,2321,29.596151,1
2614,236,84.761940,0
570,531,2.722389,2
2435,1224,68.650993,0
1356,718,27.687141,2
2702,1518,77.144577,0
2714,1600,10.552086,2
92,145,16.216736,2
2198,876,19.528242,2
2707,2237,20.507935,0
418,449,38.622387,2
509,1509,19.035023,2
1368,444,93.604309,0
1575,2913,61.373371,2
362,2877,74.330444,0
1893,1949,0.707210,2
962,894,74.442009,0
2301,320,43.714226,1
514,1896,82.971504,2
2153,650,23.093258,2
1449,1340,83.120941,2
954,401,35.143318,0
2471,1027,39.220543,0
2452,541,47.538715,2
2906,2036,57.648125,1
2277,1101,32.044621,2
2285,2519,37.736511,1
1403,2878,76.615135,0
929,2560,63.006680,2
2611,2513,38.656357,0
2649,1098,27.134644,2
216,1221,69.340408,2
96,2199,45.964924,1
2611,168,48.495373,0
915,2448,90.227280,0
1703,1477,5.653430,0
2093,1233,53.818150,2
862,1792,94.456421,1
2498,1856,80.486298,0
1635,917,49.488663,2
29,1355,3.631219,2
2914,722,61.569080,1
2817,530,17.391283,1
1509,129,29.488575,0
1003,1024,33.154514,0
2791,1208,1.931672,2
1261,304,56.610611,1
1593,1000,17.199888,0
1537,1455,22.105019,2
2884,70,82.260880,1
2417,2858,66.454048,1
254,75,72.535851,2
1803,4,61.630909,1
1671,1195,53.064552,1
402,662,12.051782,1
794,2953,71.845551,2
160,1855,46.771606,0
1094,397,6.550262,1
387,2439,76.928139,2
2435,2979,59.434975,1
1267,2947,69.657265,0
2557,1930,4.090582,0
2264,2238,50.851486,2
2393,315,15.556474,1
889,1403,86.408897,0
982,1480,69.831383,2
59,2243,33.746864,2
2388,183,93.641365,1
2495,2391,89.882843,2
2127,1126,32.719334,2
2580,1902,66.359261,2
2810,2594,57.797935,0
560,1886,58.700089,0
453,2913,30.208439,2
666,359,38.638187,0
2057,1488,22.126825,2
764,2796,48.674450,2
1914,2913,37.632164,1
2583,1170,23.240540,2
1667,2778,11.157806,2
1494,1044,53.635628,1
132,2427,92.864685,2
2850,1485,99.356575,1
1186,1906,74.676804,1
1904,1668,85.450661,2
179,398,65.364128,2
964,538,48.745216,0
339,154,32.983719,1
1211,1838,34.389008,2
2856,1261,28.231470,1
875,2097,5.526816,2
1654,1263,76.574699,0
1631,2037,16.114088,0
2285,599,7.806039,2
491,2422,88.012039,1
1457,1250,43.583038,2
2511,150,70.610786,2
1530,2223,15.901486,2
2154,371,69.609756,2
2015,734,85.226585,2
531,952,35.506870,1
1372,666,89.813652,0
1446,2785,89.577263,2
2974,2128,69.369301,2
2343,2271,4.390782,0
1658,2664,36.879368,2
2990,422,92.735817,2
1782,1794,3.324714,2
2064,126,23.868225,2
2904,2659,83.898384,2
2565,230,83.406197,2
1854,1831,49.598686,0
1376,2023,75.267967,1
1502,1995,8.433515,0
695,1367,61.638969,2
1958,2927,72.315331,0
2867,1680,85.306419,2
2054,2861,14.389484,2
54,1657,66.018074,2
932,1447,29.045404,2
1048,902,15.411487,1
883,2146,34.631237,2
2367,2211,44.117649,2
123,2154,7.069041,1
1306,107,85.231133,2
1980,1427,11.941355,2
906,2859,28.149210,0
2472,1303,90.345123,0
816,392,28.544344,2
2122,29,65.980087,1
189,158,96.212677,0
1820,1688,42.248291,2
1676,1473,90.108231,2
1114,1889,6.395956,0
723,1995,14.517986,0
1074,733,83.107834,0
1388,1468,81.151649,2
922,2919,96.817558,2
1661,602,9.438498,2
2228,2810,48.523552,0
2646,227,54.223316,0
850,1050,30.424091,1
1673,2528,7.293026,2
1198,2237,67.662254,2
1270,759,29.190990,0
852,872,91.978622,2
735,22,24.355322,2
1870,1712,24.058136,2
328,2974,6.858751,2
1773,860,27.540731,2
2062,1939,9.436320,0
1785,2192,81.270721,1
1420,1228,16.527935,2
1234,2084,65.356834,1
1052,2717,24.742353,0
2839,1573,47.276783,0
822,2364,62.004917,0
2071,2971,18.096619,1
664,1556,83.508408,0
1717,2820,18.842262,2
2650,487,43.737942,1
876,1627,23.860573,2
131,1849,10.619831,2
1758,2702,47.597511,0
2428,2056,61.809746,2
772,2305,82.714745,1
1781,2183,56.567379,2
1454,586,25.321135,0
381,2781,93.146637,0
1429,824,5.937624,1
2385,601,28.658545,0
735,1193,90.040001,1
209,961,85.497406,2
1557,1329,87.073616,2
1478,967,12.778057,1
2994,1610,17.522703,1
1406,432,68.796509,2
889,2741,28.295006,1
1333,2963,29.732079,2
2841,2004,26.079943,2
1948,1765,84.795059,1
1754,2249,9.948874,1
2126,9,77.427910,1
1100,1860,23.589396,1
2986,2260,53.722878,2
198,853,78.735321,2
2721,2526,90.670258,2
2852,1683,45.355408,2
1685,2475,93.214996,1
56,2129,85.806747,1
1706,2530,55.929581,2
43,1730,40.958431,1
1665,2672,44.535854,2
1366,410,41.506985,2
1067,2679,45.629009,2
2083,2777,26.797075,1
624,2762,27.834757,2
2403,423,17.724669,2
454,1228,76.217438,2
810,2711,40.964310,0
2661,1945,67.929939,0
2619,2214,19.278790,2
2263,2704,13.404631,1
1780,1242,96.512878,1
887,1404,85.196167,2
440,1745,87.142570,1
1315,836,58.164093,2
2273,1616,94.689690,2
1268,1676,43.372463,2
2046,661,13.863070,1
1593,1850,52.584942,1
621,2066,15.243250,1
2131,2172,90.806633,2
791,86,85.506790,1
2381,34,68.027985,2
228,2604,26.106462,0
2739,540,66.482094,2
1666,1680,62.183483,0
1294,832,61.659782,2
1865,1694,71.604736,1
1787,1315,35.061489,0
484,2143,85.450661,2
86,992,99.076630,1
2952,2052,4.701157,2
2569,2092,61.890614,2
405,930,87.428398,1
2806,1293,81.684555,0
2818,948,67.903076,0
435,2814,80.502838,0
665,882,16.241877,2
1525,2583,95.830208,2
696,233,24.464613,2
1695,2874,26.387074,2
1132,612,51.560799,1
287,185,34.740978,2
2638,2582,51.536480,2
2011,2915,94.806992,1
2696,2348,61.599701,2
1876,1632,88.985184,0
418,1725,8.423700,2
1108,2091,96.475044,1
740,1830,19.858625,0
1328,382,97.346977,0
1434,2272,68.541336,2
2315,1568,68.753960,2
2326,1879,4.605484,1
2001,2467,24.593973,2
726,651,63.973858,1
2967,2096,22.445284,2
2371,1635,83.096642,2
2859,2204,48.629612,1
1194,2001,71.944901,2
944,2631,41.811920,2
2044,2409,65.345314,1
1199,1418,91.609062,2
1468,1254,54.563965,2
569,1351,14.075399,1
2781,548,70.372986,2
2193,2051,34.227257,2
1378,709,19.556549,2
470,404,23.732777,0
2836,2426,88.386719,0
1563,1540,27.337776,1
2404,1316,74.115822,2
417,65,99.074097,1
594,2371,76.938499,0
1886,1068,40.322746,1
1043,1553,42.481865,1
897,156,79.695396,0
2741,2635,75.092407,0
1862,793,95.074783,2
2665,1458,73.140335,2
2312,938,37.717243,0
2870,1349,19.048002,2
58,1325,35.462193,2
640,1896,73.664108,0
776,782,80.976593,2
2971,1187,27.305637,1
2154,1933,32.810593,2
1091,1633,91.303947,1
109,2155,20.109674,1
699,49,3.245031,0
1103,133,73.019341,2
1489,863,82.671829,1
488,1421,56.344799,2
1365,379,4.713518,2
1233,846,5.575943,0
1874,1057,45.882099,1
74,545,31.208969,2
896,2205,19.052664,0
1758,1255,19.367476,1
2086,864,48.702400,0
119,2895,55.491653,2
1805,2596,33.622971,1
2313,1441,17.219219,2
985,1667,47.063438,0
319,1924,55.355896,2
802,1972,3.948627,0
354,389,11.013191,0
996,2154,17.045790,2
2083,178,51.594925,0
1661,1076,21.810987,2
229,2874,13.698956,1
971,2133,89.577179,0
275,644,20.558126,0
1957,2728,46.289673,0
2007,1354,47.746250,2
1011,1047,26.672565,2
1591,313,13.510135,1
2143,128,37.490353,2
1487,2153,69.137054,1
2789,881,29.075460,2
2312,2352,31.768890,2
1811,718,57.879333,0
2400,1312,62.209328,1
2412,1940,83.645134,1
2961,1828,20.007956,2
2246,2103,34.252892,0
2337,359,91.976242,0
841,1033,4.368537,1
1773,785,18.843166,2
2862,2276,2.328221,1
1407,660,43.716560,2
7,272,97.884727,2
2724,431,73.518333,2
1783,2030,2.507767,0
166,1744,8.117875,1
2726,2741,41.328846,1
1855,1446,51.233681,2
2461,2441,96.362740,2
2639,1628,55.828018,0
2816,2247,43.518856,1
1730,2626,27.224815,2
870,13,28.411137,2
2408,412,6.443242,1
1019,2396,45.082619,2
1492,2199,95.538383,0
2295,191,81.299667,0
1260,64,62.592709,2
5,742,7.601035,2
2562,844,26.532631,1
2918,1564,51.904408,0
1686,2009,70.876091,2
471,267,53.994469,2
158,2258,5.182148,2
450,1801,38.553997,0
2752,1636,83.848000,1
1561,871,44.895218,0
2297,2728,70.512451,2
1984,1,5.685686,1
445,266,35.148266,2
2751,1184,51.583038,2
2369,1505,49.534561,2
566,497,96.357239,0
2217,2353,3.605362,2
627,478,61.598270,0
1494,2734,3.006213,2
1086,2974,4.078507,2
1728,1922,57.164127,2
1582,2320,81.342499,1
2707,1851,32.717625,0
632,2062,9.251386,1
1467,1238,61.346649,2
443,2623,60.133083,2
2818,2862,99.422607,1
1710,836,90.643600,1
2162,1308,75.820686,1
1053,1147,87.042053,2
2460,2759,41.737392,1
2502,234,94.570580,0
2748,2045,37.361885,1
2501,222,87.421158,2
2818,2131,94.859734,1
1788,2465,69.411858,2
2588,180,22.196890,2
1877,1088,72.132469,2
434,2125,78.766876,2
230,1879,56.122681,0
5,370,69.402092,0
768,2969,78.612892,2
508,277,0.298941,1
2739,2374,33.350273,0
2417,461,82.489235,2
2860,2681,36.050831,0
2863,13,70.197197,2
475,1076,74.610191,2
1189,486,65.313377,0
377,1096,29.613640,2
2119,155,60.089695,2
52,447,87.945793,2
441,964,72.294243,2
424,2185,36.538559,2
2517,2502,20.659922,1
1881,528,0.765921,2
502,1681,39.830593,0
1122,1791,90.758446,2
1219,140,23.939747,1
128,2606,4.045681,0
1714,400,32.983719,2
1935,2334,17.774996,0
1158,95,50.803558,2
1785,1570,62.277115,0
2497,207,19.902260,1
635,2890,66.368950,2
2117,1809,58.324314,2
2100,1409,95.662048,0
2995,2799,42.171619,2
396,921,5.743546,2
229,2809,50.591755,1
688,2861,70.333626,2
1628,1356,42.178997,2
64,1704,75.727898,2
306,2257,15.193991,0
2773,164,53.734974,2
8,1553,25.014462,1
2440,2069,84.969261,0
2579,1440,50.644295,2
687,2373,73.538948,2
1008,1643,0.223497,2
2947,293,63.394703,1
1038,2822,96.016006,0
1059,2270,86.492813,2
937,2371,84.787720,2
2551,2422,79.287941,2
2731,2118,34.248371,1
2738,1510,83.267616,2
1772,2124,6.950428,2
1865,939,3.745007,2
1344,82,63.939423,1
1246,1652,40.226704,2
2376,1676,91.712212,2
1844,1874,70.047867,1
336,784,26.859322,2
2186,893,64.181892,2
669,381,63.981766,2
432,181,64.295982,2
630,2172,10.828123,2
1104,140,35.429047,1
928,1997,9.601524,0
1892,344,38.820232,1
264,1667,74.495651,2
1216,2148,69.249176,0
1881,1439,67.209511,1
2324,2394,71.516243,0
2406,1822,76.547989,2
443,1291,27.157637,1
803,1690,53.241741,1
2392,295,47.360085,2
2571,773,80.023232,2
1648,2518,88.494972,1
1306,2592,63.196625,1
189,1615,80.385468,1
2315,2780,2.155618,2
2283,1803,11.966931,0
2097,2227,20.475615,0
2958,141,49.558716,1
2110,2313,66.659271,0
2250,189,77.550705,2
2977,2356,60.859280,2
910,666,10.343382,1
1633,1537,43.003544,2
2673,395,85.656189,1
2654,1035,66.537910,1
396,2595,34.380791,0
2914,1200,25.592348,0
156,2254,78.167244,0
1019,642,76.755821,2
466,94,87.139450,2
950,771,35.955139,0
2267,333,14.686327,2
924,2069,14.070863,2
2485,2765,5.703764,0
2812,415,93.636650,0
1452,1231,38.841736,0
1114,1245,60.610550,2
1608,1272,62.849503,0
2953,678,57.754910,1
1814,2563,40.834034,0
2860,2939,25.354616,2
2355,852,19.560211,2
2107,2773,76.162521,1
81,1144,32.188473,0
410,2074,63.466557,2
1393,980,96.890343,0
1714,2147,93.991005,0
87,2360,10.532982,1
978,2675,88.367020,0
1441,615,11.217947,1
2913,461,98.216530,2
119,275,70.148079,2
1934,2984,91.661423,2
7,2378,9.381615,1
545,2132,64.016808,2
2869,1621,94.351486,2
612,904,61.479427,2
2081,2513,96.759369,2
2074,910,16.709486,2
553,1909,11.749091,0
2590,2691,17.419413,2
35,2462,6.289444,2
1269,1592,7.809609,1
2747,1322,74.396194,0
1595,756,67.035439,1
1664,2165,21.107908,2
1561,141,24.747847,1
131,92,32.604084,2
1570,1449,33.640690,0
353,1860,25.710030,0
1932,2683,44.895218,2
2636,2252,11.157806,1
2426,2288,17.039839,0
2420,124,48.226925,0
50,1218,70.973389,0
1275,1000,30.515099,2
1418,809,41.410332,0
2746,2474,31.150190,1
175,1808,82.238396,1
2287,258,31.301846,1
1019,413,15.081560,2
1823,2389,37.075146,1
279,1585,86.481628,2
2252,2672,30.709583,2
383,1781,93.542763,0
2952,2992,36.188969,1
644,949,31.698170,2
1716,1912,84.251251,0
1930,222,95.060509,2
2578,2650,36.202492,2
1245,2454,76.804008,0
2144,218,91.585953,2
9,510,3.860056,2
2712,2987,11.895922,1
368,668,40.368019,2
1384,1353,57.353836,0
2122,1904,50.928493,1
2731,52,62.176434,0
2914,1053,45.762211,0
2768,1470,10.980686,2
2046,955,38.329311,2
2229,2374,17.779520,1
2041,2585,94.577888,2
1085,2626,14.673561,0
880,1688,57.259392,2
455,1124,17.229168,1
2660,2533,20.813013,2
2738,2033,43.576473,1
2098,274,18.341558,2
66,2943,60.395004,1
512,1914,76.819084,0
1058,1503,47.991737,0
2977,1906,54.567989,1
1815,2378,40.682034,1
1301,174,22.373674,2
2504,1932,75.140480,0
1282,2420,94.918137,1
295,1549,51.176006,0
2766,769,47.858669,0
1328,2123,72.479073,1
1390,1713,84.545494,2
1919,82,66.320145,1
2348,1465,83.439323,1
2968,1978,55.324398,1
110,1498,75.004120,1
479,486,77.040428,2
2719,1001,89.319115,0
204,2006,59.207821,2
1916,1774,37.969650,0
2113,2839,61.461540,2
1908,2591,60.542027,2
517,62,5.251677,0
2150,476,52.492760,1
2344,2687,35.796413,1
2304,1430,4.760893,2
1788,2764,45.880390,2
1274,805,48.850582,1
2471,2050,82.444992,1
2720,2991,47.511543,0
1217,1062,39.855881,1
78,1908,41.145908,1
1630,1055,3.308975,1
1423,1210,61.492374,0
1380,1569,92.657486,2
946,1653,25.360994,1
840,1077,59.478779,1
1369,1584,92.886276,2
2532,2610,44.569996,2
778,935,81.319298,1
1997,2167,12.762939,0
2109,733,59.872150,1
2173,1336,52.367851,1
808,2442,9.985154,1
2473,1192,19.988537,2
1417,685,47.568218,2
1456,1711,98.624435,1
1224,1093,18.723232,2
2837,2009,76.675896,2
2827,931,61.412743,2
1770,1083,30.098738,2
750,1739,0.240883,2
2270,882,19.492208,2
2094,859,39.578304,2
2144,2934,40.913742,2
744,2181,62.368797,0
851,1115,67.399330,2
2207,1265,87.362213,0
608,1325,28.634373,0
984,125,50.392586,2
2093,1792,1.053316,1
101,742,52.131939,2
720,177,73.842667,2
1291,2974,31.134897,2
636,1214,78.373703,2
1165,2640,38.370251,2
2422,1001,39.805840,1
2920,813,26.035404,2
1291,1191,33.046089,2
2668,2624,56.988678,1
1573,2065,80.358086,2
477,91,29.191475,1
42,1941,85.115852,2
1783,2520,97.300529,1
959,2250,87.451996,0
2715,155,93.324631,2
2408,1243,48.295662,2
926,1487,13.884939,2
2356,188,65.441460,0
2718,2638,80.053917,1
2922,841,41.413364,2
1153,2529,41.562550,2
1984,929,87.054878,1
1854,14,77.768173,2
2263,998,63.189419,1
1516,449,19.324940,0
2639,40,86.866997,1
2054,1090,11.056184,2
2184,2828,79.013313,1
1320,1293,79.952209,2
2494,1444,41.650837,2
2085,600,64.962662,2
938,479,91.956947,1
1881,420,16.241592,0
2182,724,22.628105,1
2086,1490,22.928654,1
834,2141,78.162773,2
2832,1262,11.084408,2
2270,757,64.592827,1
2569,1509,40.147900,2
2506,888,82.626709,1
126,2564,97.432159,1
2084,2436,19.415892,2
2275,1807,76.866333,1
1897,2637,94.841370,2
878,2161,43.333973,1
2577,161,74.265450,2
2473,986,14.060392,1
2081,1710,26.580278,0
154,2548,32.705162,1
1092,2133,41.162197,2
1997,599,3.354963,2
1088,152,94.976730,2
815,2579,61.667183,2
2829,506,15.839839,0
1044,558,18.072775,1
1368,1399,33.263454,2
856,1135,0.825501,1
2991,1364,16.349768,2
2147,1381,32.328728,2
2702,860,41.249577,2
249,540,27.706699,1
1769,1298,58.950905,2
998,1569,45.961533,1
2104,236,42.303413,1
2678,2918,52.211403,1
722,2809,65.911644,2
1865,2213,13.877501,2
1501,2605,11.453544,2
2273,1321,71.282768,0
2159,1144,90.759171,2
1510,1441,91.786606,0
1482,1817,24.288250,2
2016,576,97.722916,0
1649,1151,73.022453,0
2134,321,63.668709,2
96,2833,25.107086,2
568,1037,58.634518,1
2292,1506,66.491882,0
1294,483,98.883850,0
1248,576,72.587341,0
1505,1427,89.123299,2
1071,2003,32.518887,0
1350,90,20.695772,1
1964,1886,55.641834,1
2453,2064,73.055527,2
1242,462,15.085676,1
218,1491,66.366051,1
2804,1408,97.657028,2
1278,1901,82.920555,2
1700,952,37.052437,0
318,1349,71.842186,0
285,874,53.231567,2
2284,425,25.014669,2
2959,561,54.338169,2
1382,1025,25.827984,2
1261,2857,2.516224,2
981,2387,53.300465,2
2736,1891,91.747879,1
1024,1346,85.402756,2
209,499,1.414829,2
1690,678,83.684280,1
2585,2588,35.801426,2
2974,1300,95.152016,1
1954,1102,42.956306,2
1508,2304,63.844219,2
2777,479,98.833885,1
2714,1007,89.123299,1
2459,1040,69.384033,0
1222,778,24.543547,1
277,82,15.555203,1
2970,2924,21.700365,0
2858,2076,52.281994,2
1180,475,29.871897,0
2468,880,65.677559,2
2601,1355,76.772522,1
2904,1314,97.888672,1
576,2938,19.095751,2
76,1787,73.145569,1
981,1152,53.442204,2
1999,2737,94.013885,2
1747,1684,46.108624,1
1374,223,39.354298,2
868,723,30.475782,2
1060,26,0.356987,1
719,489,78.856758,2
2796,506,59.950127,0
2333,1513,44.479294,1
527,2820,2.212913,2
2667,2488,79.604485,2
796,2938,11.126666,1
2968,1868,6.688041,0
2401,743,48.469463,2
2865,1477,71.070168,1
2429,1008,99.769257,2
970,2092,40.692253,1
986,558,5.327059,1
1526,2911,44.071018,1
434,1392,28.702188,2
1862,1211,45.889191,2
1190,353,12.876159,2
2561,1836,8.687299,2
2865,2618,99.069344,2
1780,1001,77.027122,2
984,1292,73.822990,0
2009,2526,41.103512,0
2766,2065,20.247709,2
1737,173,54.103233,2
809,1000,64.100906,0
1448,2905,11.117546,1
1216,1959,18.679615,2
87,2095,84.602829,0
2243,866,56.817062,2
17,74,86.769470,2
2471,635,81.723320,2
1027,1473,8.748240,0
2844,395,18.102694,1
10,63,65.338364,0
1778,1140,93.027184,2
2746,170,72.422379,0
2789,2075,73.303925,1
2121,298,81.164619,2
1491,2370,64.319427,2
653,2364,29.637915,0
148,2989,92.570625,2
217,612,58.850822,2
2634,857,50.899677,1
618,2398,87.150314,0
2299,2680,24.396072,2
1255,1358,95.680443,1
2364,1426,21.242941,2
926,549,52.573872,0
614,827,66.913292,2
2540,2253,90.071617,0
1226,1248,87.087448,2
2860,2870,51.853394,2
2372,821,22.212421,2
458,1661,83.493416,2
2974,443,3.631331,2
2577,2172,69.163254,1
227,2766,94.014366,1
825,136,77.391502,1
665,1157,74.442009,0
2148,2601,46.957821,2
1532,2321,68.584518,1
8,1911,35.855900,2
1997,990,93.285980,1
284,889,20.622879,1
251,557,20.394463,1
2780,1313,44.542217,0
2153,2999,56.934399,2
279,1066,36.035400,2
609,1225,54.109467,0
246,1937,59.872150,1
862,2897,35.481972,2
928,104,95.788246,1
2469,456,22.462969,1
2298,1608,94.426369,2
2462,353,34.078358,2
1734,859,98.716743,2
875,1492,2.881757,2
492,689,14.766358,1
601,1659,22.177076,0
1004,2544,54.711365,1
2844,2597,91.743668,2
1687,440,38.357723,1
2707,2599,27.472666,2
2938,724,68.455933,2
2794,561,40.870129,2
1084,1869,78.988853,1
2858,1759,29.812531,1
266,2306,58.204441,2
1186,2370,42.215931,0
229,1235,51.979156,2
2381,2428,48.472965,0
193,154,95.405922,2
2290,1891,27.679071,1
960,2027,83.935310,2
2940,2269,36.512779,1
2733,1055,71.210808,1
1299,51,72.996391,2
1563,2847,51.330391,1
1359,1734,3.948627,2
2004,2233,38.531269,2
2072,2686,19.031479,2
2723,1068,81.162216,2
200,1380,84.419563,0
2866,2712,90.758446,1
2245,247,51.913807,1
212,2155,47.778160,2
1834,410,99.040283,2
1383,705,85.289185,2
1092,1879,98.340172,1
2847,2856,82.734322,2
2779,1858,71.205101,0
2621,1815,4.980056,1
2009,2207,87.537834,2
1352,1728,92.602676,0
2006,975,89.838570,2
2718,285,74.908752,2
2405,1158,63.457005,0
1107,2492,69.037323,2
431,653,10.311762,2
1870,2515,37.865211,1
2857,1327,98.200470,2
289,1089,25.219505,2
1015,475,74.955750,2
1358,2187,45.367664,0
587,1268,52.576015,2
1890,2920,63.627163,1
1813,1842,45.842388,2
18,2389,25.765516,1
46,1422,36.983963,1
1743,632,91.977982,2
1937,2624,85.937195,1
878,598,30.299631,1
1987,1433,70.975700,1
1398,246,7.374109,2
1525,151,40.173450,2
416,1080,2.742178,1
338,346,6.017302,2
2199,416,32.469452,1
172,1743,51.769588,1
599,2691,90.365555,2
608,1136,71.040024,2
999,2092,56.788586,1
887,1361,4.557675,0
939,1672,85.885132,2
965,1600,43.845688,2
687,1809,16.147369,1
1411,294,4.379641,2
258,1815,27.573074,1
1993,2337,30.102034,0
2191,2769,72.595329,1
777,2563,78.518936,2
1430,1150,25.354616,2
381,1199,21.718073,0
2167,1117,35.166489,2
1652,2880,21.944921,1
2528,1906,67.654846,0
751,2147,91.002892,0
2425,2496,32.866940,2
2110,354,5.710657,2
1270,2738,30.114664,1
1280,1838,75.053299,2
687,1312,27.627382,1
1987,1220,42.209427,2
2714,1160,23.043032,1
959,1518,79.961250,2
541,160,64.988441,2
143,107,78.419731,2
2208,345,39.280346,2
101,1566,75.072884,1
610,766,10.732154,2
375,2541,87.554123,2
754,1471,71.540932,1
2633,370,86.476639,0
467,2602,28.002670,1
1278,500,68.392967,1
2678,1357,66.685272,1
2178,2721,76.035606,1
1672,1884,88.584511,1
528,1975,53.661453,2
1995,2822,81.448029,0
2706,869,9.214028,2
2706,2032,94.294800,1
2834,775,74.781715,2
663,393,91.743668,1
2132,2607,85.992996,2
994,621,77.318802,1
70,1810,70.759888,1
51,2076,73.268059,2
2817,150,18.417614,2
925,1766,99.308067,2
952,2864,50.633854,2
1200,1296,50.377758,0
2477,819,93.207062,1
568,2369,1.146728,0
1759,1101,67.774872,2
1278,1870,86.283318,2
1705,2172,55.987488,1
945,579,48.851967,1
1705,1684,59.139549,1
420,1419,73.665871,2
1135,658,31.221006,1
1239,1026,81.878754,2
2361,1570,81.604202,1
1399,413,66.319908,2
18,38,1.746029,2
12,1307,11.774542,0
2331,235,67.577034,2
1,1348,30.891823,2
1681,2680,23.420620,2
1672,906,37.888641,1
1062,189,81.187492,1
234,1229,83.257629,0
293,2522,1.284919,2
1728,1433,13.215469,1
2075,2003,36.334663,2
53,2321,88.515198,0
668,1912,86.826897,2
992,2093,11.952138,2
2566,2277,82.734177,0
560,1292,81.639328,0
2956,2164,19.759802,2
2519,1426,73.356354,0
2456,350,19.740280,0
2899,105,0.345466,0
981,1728,92.886276,2
2717,140,48.913208,1
2670,2227,43.478886,2
54,2412,58.296906,2
128,787,35.405224,2
2417,2402,13.484989,1
1690,2927,20.769695,2
2189,2111,93.848976,2
761,451,49.843094,0
1929,2409,70.197197,1
1890,1672,24.184374,2
1557,1845,9.580257,1
126,2066,31.472954,1
175,36,5.463953,1
1338,14,32.901821,0
2305,918,83.480766,2
126,143,51.571529,0
2027,1957,97.978729,2
1652,1952,44.979660,0
1998,1319,80.724350,1
2722,1470,78.088112,2
198,486,39.625175,0
1551,1527,95.695122,2
2241,1054,15.166006,2
1258,422,28.574318,2
2776,2280,9.067511,1
122,2276,55.085232,0
974,2065,76.646019,2
2265,1426,44.682709,2
304,2996,82.355721,0
20,1506,22.795258,1
416,2694,68.041565,2
348,1939,8.433515,2
2551,2729,48.936405,1
2443,2081,47.724102,1
1683,51,55.659424,2
2637,2649,64.813667,2
688,390,93.565254,2
975,2038,97.621460,2
366,606,21.833933,1
159,395,78.561478,2
1759,1357,69.877449,0
499,1849,67.224861,2
1215,2122,15.085676,2
234,449,57.707958,2
913,669,74.823387,2
164,1612,26.052443,2
516,2082,98.341064,1
2127,2495,55.411652,2
787,458,69.937965,2
2971,17,0.206071,1
1206,1501,97.943985,0
2508,2307,3.745007,2
870,266,12.553194,0
2329,1898,6.124596,2
2355,816,84.302155,2
2885,2650,50.928219,1
2925,178,29.281347,0
2503,921,24.309900,1
235,2192,11.819809,1
285,1563,84.122589,2
2527,611,73.650505,2
1836,918,52.750431,2
929,491,33.263454,0
951,2826,94.014366,2
2359,1515,59.249161,2
2671,533,2.918174,0
229,1994,28.823713,0
2589,1289,83.521973,1
254,826,56.040031,2
2572,1135,30.537010,1
2056,2653,63.691124,2
1689,1609,18.467474,2
2839,595,12.359362,2
1942,2462,86.000206,0
68,2410,28.310961,2
1755,418,82.741844,0
2762,233,49.551086,2
20,2409,33.880638,1
1113,453,47.318516,0
1099,2288,92.892113,2
2180,2219,76.816788,0
783,1067,33.315002,2
428,904,57.262291,2
282,2592,79.888603,2
53,760,77.550705,2
1982,1369,43.485954,2
2141,1061,0.359083,2
1235,1782,10.263461,0
1831,556,69.590706,1
1854,727,12.105087,1
2235,2539,40.441586,2
1854,2925,25.650129,2
123,1193,69.588951,0
2230,2175,97.422142,2
395,2314,26.232264,2
930,1295,86.948540,1
487,601,20.582869,1
1268,1361,15.575489,2
1188,1713,77.464401,2
2213,467,89.520325,2
1772,2124,41.397167,2
2029,2346,97.996246,1
260,1934,27.141640,2
1904,2230,88.290550,1
2882,1882,18.193262,1
2864,2527,68.403435,0
1704,830,38.145000,2
2412,690,95.287239,2
1239,2599,64.015793,2
2390,1008,31.697926,1
2555,1483,25.500832,1
1553,419,21.050173,1
1642,2201,32.326412,2
2092,405,24.200563,1
1640,1657,60.922642,2
2435,339,39.104267,0
1772,325,30.713388,0
186,2102,32.301456,2
1523,2206,52.212757,1
2027,561,11.865755,2
99,1500,1.827770,2
80,402,32.488926,0
2680,1526,56.645813,1
1227,2915,37.361885,0
2030,1649,34.872429,2
953,2588,34.069447,2
489,834,65.740028,0
2719,997,43.788734,1
16,1360,90.005928,0
848,467,1.009278,2
676,1272,52.565548,0
2336,2899,90.628769,2
2493,1869,11.154789,1
584,812,9.175007,0
2875,1773,45.275806,0
2297,2037,27.445087,1
777,1161,87.145485,1
1501,1829,81.961655,0
1819,2796,14.973431,2
2617,2431,14.068144,0
600,2132,89.425758,0
1524,2292,99.230797,1
2220,2163,14.104864,0
2923,1484,50.665268,2
2080,1371,17.013056,0
2285,294,73.255653,2
1967,1619,80.724350,1
2455,2004,86.688644,2
471,1792,8.278837,0
1815,2351,5.986381,1
2015,2046,57.683872,1
1924,79,83.892181,1
2529,381,15.953110,2
2756,2905,87.968407,0
343,2128,50.666985,2
246,396,7.145834,1
1459,2271,27.224815,2
2727,828,1.338129,1
1557,1746,0.214358,2
1764,1058,54.770168,0
461,1414,83.766869,0
438,410,74.373062,1
1730,336,28.159052,1
2828,2863,96.518547,1
860,1580,38.991337,2
1863,2488,86.351433,0
1561,2631,28.211775,2
1732,80,36.421574,1
2622,1389,53.078442,2
2570,2892,38.639545,1
1163,153,15.729013,1
2194,1823,10.314966,2
2252,1961,74.481224,1
673,2721,35.366463,1
1981,1272,13.603412,1
904,1025,2.878958,1
2492,1947,41.968361,2
381,751,42.025349,2
1564,909,35.609234,1
2306,1110,63.634052,0
2579,2615,3.908701,1
1589,434,86.055183,2
30,936,5.061377,2
623,809,98.853035,1
1093,1663,49.194500,2
1541,2696,2.537985,2
342,1167,94.983597,2
2777,2603,23.295324,1
2442,2473,43.369530,2
1022,1868,86.564095,0
2264,2583,13.735378,2
1813,1752,41.923851,2
46,1889,67.780151,2
1940,1361,79.667114,0
2779,2380,77.380280,2
2884,2589,93.214996,0
35,2796,16.255842,2
1321,1390,67.496964,0
345,1739,71.896996,2
2840,2435,63.955238,1
868,1103,72.618301,2
2796,1616,17.074734,2
438,1953,14.230577,1
2231,706,18.378517,1
1060,2240,20.514210,2
67,1485,74.887070,1
2978,2890,56.988678,2
2352,582,31.762144,2
2421,1764,86.794708,2
953,1089,1.846833,2
2319,2275,92.878220,2
978,2154,19.302292,0
873,1865,25.067112,1
2629,1321,37.020870,1
2426,1664,4.548342,2
307,961,78.503693,2
693,1068,93.406586,2
1728,2696,97.002281,2
1926,2164,23.055359,2
2746,242,87.100502,2
2497,1468,23.973375,2
1246,2290,84.450081,0
142,2445,74.768082,1
313,1556,11.953875,2
2639,2737,83.048752,2
992,589,63.266678,0
2587,2697,59.373383,2
1105,2291,67.473999,0
1478,118,81.873260,0
2319,2470,97.058388,1
2473,1085,41.975922,0
1277,2079,90.320312,2
2687,950,89.603844,2
1546,1216,79.676659,0
1962,2959,85.553314,2
2714,248,0.202575,2
1713,823,42.747459,2
893,1635,10.695874,2
83,430,93.259140,0
1528,631,40.216591,0
2627,653,36.582699,2
1871,2241,99.550308,2
167,935,16.858538,0
1558,1663,97.242722,2
2109,1658,63.140118,0
2617,2935,67.467758,2
821,2263,0.631575,2
563,530,13.954981,1
1605,1682,93.185959,2
870,2492,26.938904,2
1093,2975,8.012383,2
2784,59,57.649918,2
336,1363,59.975636,1
2753,1367,62.090382,2
1585,1058,14.766358,2
920,2056,35.165051,0
1736,2120,88.128799,2
2021,2740,13.115615,0
1323,2953,23.498579,2
2990,279,41.804249,0
398,1932,88.290550,2
645,129,70.562866,2
2740,1222,71.133560,1
2500,1218,65.313377,2
2813,1466,97.644470,2
2614,184,92.559097,1
2443,517,50.787552,0
538,917,22.458414,2
1929,916,11.549692,0
2483,744,42.040600,0
1905,727,24.830822,1
1213,274,86.085480,2
1005,1510,7.012049,2
2712,2367,8.385833,2
852,860,14.007382,2
2042,710,32.474232,1
2100,1972,3.443770,2
781,2835,11.516890,2
2115,378,97.067711,1
1460,1563,11.764279,2
1989,222,73.408653,2
603,774,58.806393,0
122,1485,28.163332,1
2352,2372,37.078236,0
2119,1935,17.936760,1
2943,2344,47.924122,0
1404,881,30.513514,2
2192,1982,64.202980,0
817,513,19.088320,0
2854,2376,44.744434,2
1014,1971,16.637884,1
1648,769,15.284365,0
1635,68,31.714245,2
787,2023,85.342056,1
2353,2866,70.326195,2
2536,2238,42.222462,2
2562,549,3.742345,1
1260,508,61.211170,2
951,1099,99.923119,1
301,531,10.399774,2
210,2850,84.723686,0
1685,2641,94.006187,0
2658,2162,71.130989,1
2492,2933,62.063370,1
795,2120,82.860497,0
1788,1665,38.672592,1
1657,839,43.246452,0
568,2752,91.329918,2
2883,1511,29.389097,2
2544,1890,56.697701,2
2656,1329,15.839839,2
1154,2652,83.637611,2
2031,1521,17.074734,2
1468,1685,1.035141,2
961,1614,49.969826,0
488,2031,13.181218,0
1990,2105,56.791424,2
461,2669,72.674294,2
1371,1751,84.929733,1
2159,371,69.590706,0
636,1707,74.622375,1
2624,880,59.409225,1
367,489,14.070863,2
1079,586,73.597084,1
2089,1935,22.090202,1
1497,300,2.347415,2
38,1336,49.381908,1
406,416,35.398106,2
2595,1180,1.688226,2
576,1781,35.161320,1
847,2480,0.364253,2
2078,2505,37.123413,1
1626,1066,61.052727,1
2299,1245,77.879143,2
2446,505,38.386395,0
2045,822,71.896996,0
1098,2595,42.358120,2
2468,2994,80.558861,1
1598,1764,7.588490,2
2338,597,78.165070,2
1713,2113,57.552692,2
1085,2125,96.615196,2
2742,1464,26.969490,2
2939,2733,11.763525,2
2500,1348,40.194275,0
1086,1900,73.528954,0
1240,499,16.795624,0
389,817,60.067478,2
285,301,50.419777,2
879,2855,34.142120,1
2973,1352,11.919355,1
2957,971,1.114019,2
2834,13,3.412212,2
2228,774,63.595558,0
67,1812,71.108444,0
2052,2498,55.325966,2
458,2004,10.710635,2
2601,465,94.110382,2
516,2520,13.085132,2
2755,1222,89.734993,1
2070,1608,57.891037,2
870,588,14.721195,0
1340,806,69.285805,0
2791,78,82.675003,0
1753,2822,98.812935,2
91,2458,42.905857,0
1387,1046,15.594203,2
865,1754,72.510330,2
1405,1005,18.981752,2
2745,1511,51.138874,2
1147,2207,15.829018,1
2510,2245,66.645515,2
917,1657,61.418034,2
1182,2175,52.396297,0
373,610,82.520432,2
646,1104,39.687973,2
1923,544,25.792273,1
376,670,43.570370,1
1280,365,32.760166,2
2288,2987,59.397415,0
251,2872,86.867729,2
275,1783,42.368351,1
2401,2862,70.525726,1
659,1934,8.728236,0
1606,1753,58.476608,0
1371,460,80.811073,2
1201,2738,48.260162,2
2042,1302,58.146172,2
1417,963,63.400135,1
1172,575,22.188578,2
2570,1495,84.571205,2
848,837,11.584352,2
266,2803,49.335754,2
2631,2243,25.578281,1
188,417,26.490751,2
398,72,10.198017,2
619,1891,6.048861,1
2967,1960,83.645134,1
230,2819,74.294029,0
1051,2484,29.461315,1
2424,1015,29.814087,2
529,2181,63.007130,2
154,2802,32.865067,2
985,1405,41.241364,2
238,277,32.168968,1
2919,1777,7.539153,2
781,2358,75.195282,2
1645,2813,80.471436,1
858,2938,52.282497,1
1676,41,3.326715,1
2605,2968,12.841167,2
1734,2459,9.371951,2
251,627,82.820755,1
419,1844,13.895021,0
2045,1760,99.629242,0
1611,1613,52.282497,2
1518,2015,13.272202,1
1689,2389,96.339607,1
412,894,53.243195,0
114,2691,79.806488,2
2241,2233,70.110023,2
1040,1618,92.287109,0
469,1660,3.939308,2
2485,719,61.390701,2
310,1852,10.100341,1
1911,1521,29.840740,2
1725,1452,37.449341,2
986,1298,22.555920,2
2370,2323,3.060707,0
310,2424,95.649506,1
1368,233,47.276783,2
941,1939,48.901222,2
2214,1901,13.121996,2
1794,2928,7.572547,2
323,475,2.454693,2
2270,844,15.306520,0
962,363,91.197350,0
2835,1166,60.117188,1
1277,405,26.278517,1
1520,978,42.565037,1
2388,2353,9.966869,2
139,2615,24.089710,1
2251,645,79.609932,1
1890,1825,76.997543,2
1881,2842,58.324314,2
1296,78,17.568714,2
48,1750,29.583666,0
767,728,65.730003,2
2908,2252,5.379502,1
2378,2709,35.641079,1
627,877,29.649271,1
318,1225,81.242912,0
1015,1120,17.883881,1
2201,1455,32.746906,2
1653,2331,63.624382,2
2213,1656,24.985943,1
2586,2567,45.212147,1
1334,1170,80.659462,2
110,1782,81.268646,2
416,1942,99.095093,2
213,2518,29.967285,2
2400,1847,66.766777,2
2364,2393,43.783760,0
1300,1936,83.279671,1
1302,2790,56.393097,2
144,1651,29.239403,2
1644,2878,47.182880,0
99,2512,99.388695,0
1908,2336,21.409504,0
135,1083,13.766819,0
202,953,65.638382,1
1855,725,36.296638,2
585,2716,63.915623,2
1603,1873,43.914845,2
2556,2878,45.526413,2
1093,2249,45.491066,1
1664,658,97.536667,2
1507,2160,33.678711,0
2605,2207,16.818676,2
138,824,18.723232,1
1584,272,21.885777,2
2887,1588,45.658421,2
2028,1201,36.777721,2
2890,173,97.547188,2
1929,924,88.935089,1
612,2762,68.231117,2
708,2316,82.755936,2
1944,944,63.640869,2
1190,2677,77.412224,1
549,2001,50.093624,0
2105,1397,99.561661,1
2974,528,42.840279,2
938,1867,53.512600,1
2983,1597,47.098904,1
355,2715,41.035255,2
2765,135,61.080727,0
2439,2348,33.183548,2
1248,2548,66.889450,1
1588,572,94.910828,0
76,1936,25.977057,2
968,559,70.574257,1
2269,2624,4.317078,1
287,2528,73.430290,1
296,2191,69.198135,2
2743,447,56.788586,0
601,2616,43.434090,1
1575,788,48.903183,1
1155,1954,96.446121,0
1330,2914,37.153648,1
2755,2087,38.489204,1
215,1101,10.444438,2
2445,1,71.130989,1
2495,94,67.753281,0
2327,2442,25.339920,0
348,670,80.293739,1
885,1271,1.966128,1
1068,1594,97.511505,2
1617,890,33.382263,2
2528,1104,53.495789,2
1701,931,5.794673,1
750,1789,89.723328,1
2665,2886,34.481762,0
1026,199,32.091457,2
2098,1058,61.063129,0
2863,750,27.616968,2
437,33,67.419815,2
950,1510,50.392586,2
1474,231,45.819618,0
2422,1140,33.177494,2
227,1333,67.460030,2
973,234,92.265297,1
2070,1984,96.613937,2
648,2919,38.076172,2
2759,622,43.984737,0
2697,2588,39.975639,1
2403,336,59.607838,1
467,2352,0.016600,2
2154,2023,7.876821,2
1766,642,40.187130,2
1509,1027,77.345573,2
1417,1807,71.654861,0
85,1488,72.035492,2
271,658,62.048244,2
1626,2774,17.550314,1
432,1146,72.951591,2
1600,2016,11.237576,2
817,1017,95.410370,2
1656,745,91.764328,2
2665,2994,34.368389,1
353,2532,44.358788,1
337,1810,28.208212,1
74,1199,86.194199,2
1227,2485,13.877501,1
2766,2489,70.955322,2
2748,2382,41.075993,2
1427,1327,81.664749,2
68,315,57.348328,2
2517,2766,69.918251,2
475,1477,24.077721,1
1229,495,18.202042,2
2400,2316,80.909515,2
2590,2412,56.353836,2
542,1237,84.571205,1
2371,2518,16.010185,1
2566,916,89.778458,0
1347,398,74.824654,0
1415,520,82.379074,0
617,383,69.818207,1
1237,2473,66.559319,1
2358,1597,67.724487,1
1971,1897,87.852219,2
1918,2030,11.895922,0
1979,2144,66.523170,1
2345,796,2.298574,2
1961,2242,67.507217,1
2923,2011,55.715271,1
2592,2636,76.845901,1
669,1980,81.325562,1
2785,2925,21.243439,2
2686,1394,37.537983,2
1903,385,17.707914,2
279,986,28.547176,1
700,707,6.133718,2
880,2821,53.710976,0
2932,111,79.051804,2
2330,2727,57.724888,1
100,2203,53.256817,1
2283,590,57.741222,1
745,1006,30.699219,0
1967,1001,87.585892,2
2605,824,10.592547,1
2511,2571,46.470387,2
2310,2169,66.546974,2
666,92,79.140862,2
1801,2826,66.429680,1
2670,2420,43.399166,1
2569,558,9.058094,1
2609,2305,63.908298,0
867,1607,31.917507,0
367,2503,84.413818,2
2564,2116,51.796825,0
1341,300,47.131638,2
2813,2976,78.673210,2
207,530,27.255178,1
1165,2185,85.742973,0
1806,513,88.261688,1
2893,1219,96.862450,2
2797,769,94.488564,0
2929,544,92.868576,1
475,1108,60.930805,2
2287,2142,18.836489,0
1993,568,88.896790,1
201,1415,73.074776,0
1621,1856,43.609192,2
266,787,18.347458,2
643,2020,16.210573,2
2314,605,44.566486,1
1101,1355,45.605503,2
2712,1180,26.779102,0
717,781,44.449909,2
98,694,60.211269,1
1593,252,57.401913,0
495,2740,67.288239,1
1433,321,3.895773,0
1043,1306,78.690781,0
2986,333,15.865960,1
2228,1377,55.417130,0
951,87,99.172791,1
341,2197,85.676407,1
1102,2965,92.562958,2
2624,2906,22.945431,1
1381,2819,19.560211,0
2416,1844,38.549110,1
1234,1019,70.730614,2
720,2511,19.515324,2
2256,1249,24.964169,0
932,2207,64.027252,1
1721,1935,24.363199,1
2890,2258,53.438213,2
478,1112,25.945126,0
1764,1774,92.087311,2
680,5,32.746906,2
1044,1659,90.521278,2
530,849,82.385284,2
257,472,16.352987,2
2517,2819,70.148079,2
2594,1987,17.759956,1
903,1046,56.699856,2
1136,122,86.074928,0
2330,899,37.077629,2
2772,486,2.925195,0
777,905,41.059345,0
1156,336,36.618904,1
1083,2275,91.729858,2
635,2077,36.039047,2
1140,2187,51.138874,2
1145,1841,4.836615,2
1926,467,58.676975,2
760,2539,43.242340,2
2572,373,37.477852,0
467,2079,59.582073,2
803,2716,50.563786,1
2938,2736,25.917900,1
1044,2847,34.054268,1
630,2272,5.273421,1
1341,1508,89.310135,1
776,2106,78.062309,2
667,2486,52.138889,1
1117,1843,16.680222,0
132,726,3.535596,2
1776,1458,38.152931,0
1678,151,30.842014,1
1718,344,83.261070,1
1621,2403,77.241150,1
2267,194,93.663040,2
729,643,40.356014,1
240,498,56.746723,0
1483,2831,42.318363,2
1103,787,71.835411,2
681,1568,28.117334,2
1796,2457,23.505463,1
2143,2911,10.779358,2
1784,155,15.002904,2
1658,1346,95.410370,2
1398,805,53.735630,2
1204,2447,59.637993,0
1054,491,14.124759,2
1178,2239,3.137603,2
1120,2615,94.218788,2
1196,1904,3.293881,2
651,799,59.188931,0
2752,2949,49.431534,2
2013,1306,90.349380,2
672,206,93.343956,2
2922,1892,44.837666,2
1006,2392,94.659943,2
2740,107,36.538181,0
1802,105,29.392508,2
2806,2742,43.979385,0
2855,442,46.174168,1
1520,101,48.938602,1
428,2678,13.514533,0
8,1920,96.810463,1
682,885,76.158836,2
619,2747,77.623199,0
2233,1076,29.386749,0
1110,1279,37.855907,1
517,2804,92.581444,0
560,2138,20.903749,1
2319,2488,69.687767,2
1894,1873,33.457985,0
574,2861,58.113930,2
1581,2332,75.092407,0
1373,577,43.531151,1
48,13,41.343410,2
2320,672,62.702576,2
181,999,86.734665,1
2136,2584,21.050173,0
2041,1821,41.426792,2
2608,2854,5.093089,2
287,205,78.146538,2
1778,2309,53.270809,2
2118,2780,70.074425,2
1930,2331,95.368652,0
630,1,95.888634,0
2652,251,78.524971,2
1159,1070,28.919035,2
288,68,85.581032,2
1518,631,23.926624,2
16,2626,71.328079,2
2436,262,13.258289,1
968,520,12.362374,2
910,2450,88.027916,2
1207,657,34.812893,2
1146,2601,10.634834,0
1780,361,91.252296,1
2049,534,15.166006,1
350,292,77.008263,2
932,1871,36.512779,2
2452,1894,93.007950,2
2694,2792,73.089478,0
1038,1571,9.988375,2
844,1044,47.380665,2
1665,1615,28.361250,0
1101,2349,23.060301,2
312,201,11.988053,1
1058,1246,14.885834,0
1014,675,54.487106,1
1953,2617,99.613670,2
153,47,33.781750,0
19,1873,34.748985,2
191,828,2.356148,1
2594,182,30.789812,2
2743,1391,45.612461,2
1151,2553,58.811638,0
1268,2699,20.368814,1
568,1735,83.549614,2
946,1500,8.846055,2
1205,2325,91.006004,2
498,1075,1.837220,2
1259,1665,84.934822,0
1878,2747,77.090569,2
954,282,53.783550,2
2662,831,12.937144,1
164,102,23.384182,1
526,2920,81.639328,2
2550,477,47.635815,2
1749,224,38.564411,2
2744,1357,78.665916,1
741,2259,86.569725,0
776,890,42.460110,2
2072,1991,13.587293,2
97,2225,81.991875,1
2930,577,48.996845,1
740,108,26.281076,0
2364,1813,63.313858,0
730,569,19.893000,2
996,1957,86.642227,0
1692,240,97.257141,0
2410,2401,76.710670,2
738,772,29.447565,2
122,1054,16.748087,0
525,658,9.718477,1
385,2197,51.979923,0
2347,1853,67.525841,1
2242,2656,50.319935,1
2472,382,20.351389,2
1794,705,91.958061,2
929,610,59.241680,1
1892,1075,90.502357,0
1337,2315,12.388677,2
2276,2302,19.314552,2
1877,2482,69.846474,1
1436,2504,21.299797,1
2198,373,25.585522,2
2445,758,11.421865,2
221,391,17.648172,1
29,2303,77.090569,2
1029,2254,90.915810,0
1276,1002,49.524536,2
302,689,37.675556,0
2715,455,30.731890,2
921,1650,58.087505,1
185,1121,78.012390,0
1368,2338,0.398700,1
1199,1416,21.389984,2
2866,1952,44.349876,1
685,65,12.162637,0
985,1639,40.943527,1
1794,1998,78.626381,1
1066,2537,74.571045,1
1084,1885,77.509270,1
294,2216,67.681252,0
2278,1411,34.838093,0
148,423,36.039707,1
248,1573,50.827919,2
1482,1910,62.541775,2
2569,1745,72.387024,0
2260,2852,0.660514,0
2276,788,35.355892,2
1403,899,73.305595,0
2250,341,67.353569,1
2048,1466,96.185921,2
1773,714,5.108243,2
2693,2980,29.108774,0
1016,571,17.585274,1
1999,197,16.773088,2
1079,2670,97.201141,1
2387,2256,14.585656,2
722,607,9.091221,1
806,1459,80.684105,1
758,449,30.045399,0
2803,718,76.182686,2
1302,2287,22.701525,1
641,1746,29.281347,0
440,670,61.920998,1
1085,995,80.362892,2
2920,1981,5.108243,1
2691,428,49.333603,0
146,2083,38.449921,1
2431,1511,74.840866,2
1564,2981,92.951698,2
2432,1273,63.140781,0
755,1879,73.842667,1
1557,1893,65.255257,1
424,1694,63.993145,1
2692,517,78.121246,2
2861,2428,72.392113,0
2348,1639,74.915070,0
353,1127,49.279419,2
1812,895,23.901077,2
2210,1148,87.570732,2
2537,970,30.026739,2
1311,143,2.863545,0
1394,980,54.725048,2
1268,609,71.726753,0
441,199,62.841141,2
333,2004,92.072983,2
1774,806,55.581379,0
782,2945,46.232128,1
2566,1010,44.860168,2
1531,2253,30.768702,1
1783,512,96.945152,2
107,362,81.991875,1
2471,2735,51.464977,2
1413,840,63.151833,1
449,1845,32.748230,1
1243,545,88.012146,2
490,1781,6.443242,1
809,2374,97.035103,2
2560,1823,11.947544,1
2824,913,29.671879,2
1010,2183,75.296684,0
817,1728,47.081856,2
1890,1064,3.613959,1
810,1718,90.384109,2
1711,296,38.192852,2
1383,260,97.546852,0
1566,2149,3.702675,1
2728,1698,14.469912,2
917,775,42.978771,2
2087,711,36.731079,0
943,2755,5.463953,2
1559,4,63.099003,0
1038,1157,6.271842,0
2736,2073,38.282486,2
2059,676,93.125443,0
229,1118,56.182297,2
1199,468,7.252511,2
2898,847,23.838633,2
1791,1516,15.273777,1
992,2775,85.232864,0
1142,328,32.905365,2
2960,2618,73.356194,1
496,78,28.658545,0
2741,226,57.550159,2
1125,522,55.781376,2
179,2964,89.774872,0
178,1283,83.225533,0
538,2855,31.691771,1
1647,1223,33.585274,0
2810,470,65.630753,2
2493,2467,61.694107,0
893,1971,36.997189,1
2225,1584,77.452278,1
110,2957,29.533779,2
2830,1788,18.717686,2
1094,508,38.916595,2
2962,1870,64.490311,2
771,353,30.195925,1
307,1124,44.511127,0
2919,598,30.417662,1
2596,2298,22.926092,1
2027,2941,58.019093,2
1629,2212,92.112610,1
267,509,9.185020,1
1762,718,2.881757,0
302,2912,52.053947,0
2210,1530,59.265205,1
1413,2680,31.361948,2
2163,2898,43.677402,1
1295,1873,73.782059,0
804,1480,51.473175,2
2808,1518,10.259989,0
2530,515,60.082737,2
300,2278,40.417553,2
192,320,84.575645,2
73,1057,75.698250,1
2786,2931,66.092628,2
1397,2323,85.064919,0
364,722,30.980675,2
1994,1064,85.338371,1
478,1841,69.228798,0
1963,186,16.693804,2
1103,2457,81.461960,0
1796,58,11.944656,1
155,591,48.030247,1
2651,506,60.615562,1
2092,322,90.756638,2
2786,2845,7.929929,2
2458,2562,85.152000,2
2504,1301,89.344521,0
410,918,24.100632,2
2066,1144,41.616756,2
29,2463,87.101410,2
2267,29,16.335617,2
2854,933,71.712921,1
62,2490,52.781879,2
2645,1906,31.093380,0
1883,2267,32.010811,1
2585,1537,53.978615,1
380,2314,41.641167,2
2859,1353,72.159782,2
2573,1859,55.276035,2
2574,2828,85.786957,1
2573,2760,73.550369,2
1079,1662,39.375401,0
2413,2535,31.198523,2
1174,878,94.040154,1
2646,1590,21.283701,1
2131,89,95.801537,1
237,1672,16.125570,0
1203,1814,78.434586,1
2990,2414,96.427704,2
1689,947,14.446830,2
1057,810,9.444911,2
2407,1784,26.601885,0
2566,986,64.319427,1
952,552,91.030922,2
2232,1338,90.168259,1
1661,2802,45.288502,0
2509,1591,28.478527,1
2404,1121,66.084061,0
128,950,69.594238,2
2558,2586,4.065331,1
2521,2608,72.578369,1
2024,410,54.668625,2
282,2783,55.682827,1
2687,2620,39.059715,2
1822,588,88.088196,1
2543,547,12.366822,2
1633,2664,66.860474,2
193,1035,39.501331,1
121,1389,30.032619,2
1122,795,36.621868,1
1276,2626,3.971821,0
2122,2142,67.654846,1
1907,1387,7.927896,1
2042,2644,83.872627,2
963,2209,33.313717,2
217,1524,42.708672,1
2542,2131,82.346672,2
2229,893,97.008377,0
657,750,39.938198,2
781,250,94.685593,2
1010,961,10.619487,2
1442,2600,81.819542,0
1451,1790,4.974773,1
637,1195,54.433002,1
1681,275,48.950214,2
1397,802,37.639172,2
2970,256,97.529282,1
1801,1252,18.387756,1
1558,596,86.665619,0
1786,202,77.231979,0
1994,93,99.558952,2
1195,1535,57.792053,2
1781,399,43.612350,1
1618,903,60.945301,2
1466,525,88.731560,2
2294,2071,47.050434,0
808,688,35.923508,0
178,2365,2.249283,1
923,1210,7.539153,2
1579,924,84.599319,1
2852,326,6.631932,2
486,1307,82.951134,0
2021,2985,20.756851,2
1113,953,13.563897,0
1084,2793,55.315792,2
1519,1845,23.899673,2
6,109,82.727402,1
2136,2563,80.049133,2
1305,1768,59.246025,0
1551,2998,69.534065,1
224,1971,79.285988,1
2824,2518,86.906349,2
528,571,89.559265,1
982,2248,93.265495,1
710,1340,50.174534,2
1970,1645,86.866997,0
2309,1473,5.697603,2
530,638,98.328674,2
210,1133,11.815804,2
1625,1183,65.750893,2
2036,2635,20.269533,1
1953,2463,52.803875,1
1044,148,95.185501,0
887,2976,80.038742,2
2025,463,93.652679,1
1967,48,73.402473,2
2539,2596,62.758091,2
445,162,69.474289,1
383,1049,82.054993,1
1303,2565,22.896952,0
154,2776,72.817093,2
765,2366,18.234283,0
2663,761,37.157589,1
2939,1076,53.402954,2
1263,1899,28.182987,1
1882,2939,78.849663,2
2275,561,26.450687,2
1687,2202,51.974373,2
2316,2531,67.544228,2
1152,869,37.652103,0
2145,1673,87.585876,2
1720,1888,80.947861,1
1735,2277,94.367050,2
1012,2744,3.631219,2
1537,1491,17.033247,2
1001,2123,80.705673,2
2276,499,6.152399,2
1258,1493,11.625239,1
1394,191,86.239769,1
419,1892,63.878170,2
2644,476,17.492371,2
508,1190,53.642284,2
1896,2424,16.203480,0
2944,2780,70.956871,1
2724,2407,50.278179,0
2207,234,87.194092,0
729,2129,20.717669,2
2307,1633,46.203011,2
2599,1690,63.680813,1
2761,1653,43.907391,0
1423,2465,19.797960,1
1371,1834,86.627838,0
548,627,48.030247,2
714,1141,72.656990,0
2892,1798,10.713397,2
2344,1094,9.098303,2
2248,615,8.087422,1
200,2277,58.628185,2
477,689,97.265800,1
1905,2271,74.147552,2
1699,1779,60.816582,1
271,2097,40.693207,2
2861,648,76.940849,1
14,1605,61.638969,0
77,162,29.344217,0
1793,861,66.049545,2
781,1357,83.453186,1
2074,2157,62.986069,2
490,2625,33.120682,1
873,142,79.990601,1
120,2662,4.605484,0
546,613,27.946785,1
705,495,17.755230,2
954,63,1.017308,2
976,2539,61.077415,2
1235,1003,33.347652,2
2759,771,75.288719,2
975,727,50.740231,2
812,654,43.477421,0
59,384,42.256248,2
2813,395,25.172119,2
530,2578,93.837372,1
2530,2539,47.850185,2
1504,102,1.322808,2
1253,1718,68.109383,1
1413,353,44.786350,1
1214,1283,57.092514,2
2434,442,93.564911,0
435,1737,24.794128,2
1378,1484,3.127505,0
1337,199,61.447678,2
2444,599,69.904205,1
1140,1125,32.245628,2
1918,1646,19.376070,2
194,1206,7.718829,2
2564,222,22.308104,0
2340,21,9.601524,0
1260,2160,90.890671,2
488,556,72.500938,1
1539,2970,48.702850,1
2984,1220,40.585537,1
2299,2972,7.005768,2
2840,2774,86.339706,1
2176,381,5.235806,0
1446,715,34.441658,1
1497,1923,61.818005,1
323,927,38.516232,2
567,568,98.405510,0
2734,2763,3.358457,2
2764,2826,89.833282,2
2572,2386,82.734322,1
282,2642,89.322098,0
2808,1069,89.461479,2
2904,1168,54.162323,2
2085,2807,89.042458,1
500,2881,35.275124,0
768,286,37.279446,2
2012,1437,25.632441,2
1108,1046,96.837959,2
1,2384,22.644745,1
2223,2489,24.315289,1
2091,134,48.933125,0
1070,1031,9.015959,2
1687,2542,8.117875,1
999,1044,71.956070,1
2818,1256,25.257492,1
2249,2092,56.977619,2
2765,2237,75.735283,2
1024,1490,22.257452,0
181,2936,59.520344,1
1989,1977,97.012527,1
560,791,4.301527,0
2858,843,38.834850,1
2401,961,19.058968,0
2954,745,45.488285,0
2152,2357,13.379167,0
1718,1479,86.986542,0
1702,67,72.614433,2
847,2707,53.308437,0
2867,1683,35.409733,2
2108,226,28.460472,2
2688,119,26.973135,2
39,2216,35.089539,2
1992,399,71.166801,1
2249,1166,71.317131,2
1059,2194,71.513184,2
1227,2129,8.946552,2
569,1050,83.136711,0
354,2011,13.989858,1
2516,1227,87.020973,2
2794,1172,24.363199,2
346,2557,79.990601,1
2339,1342,19.160309,0
524,2749,68.995796,2
427,1907,55.392422,1
1415,667,65.139122,1
891,2042,30.633556,1
977,2578,89.629967,1
1069,1886,5.836951,1
2907,1439,69.608093,1
2361,800,15.213081,1
121,2437,49.955193,1
107,2168,5.319848,2
1076,2513,72.057999,2
2813,1560,20.516064,2
2138,862,81.247398,2
2902,2836,27.677158,1
11,600,95.926575,2
178,254,58.627991,2
1870,764,23.220516,0
1795,2429,96.406708,2
2694,140,83.159660,2
2487,332,23.189405,0
77,2399,25.993517,1
1888,1697,48.408070,1
2591,1834,29.572105,0
19,2706,25.604685,2
1213,679,42.587818,0
801,27,18.404257,1
1536,2101,80.595657,0
26,722,49.558716,2
1576,2992,46.221802,1
805,1091,69.877182,1
24,687,90.485916,2
745,2965,32.748230,1
1494,1350,23.522194,1
2830,2449,20.450373,2
304,1946,7.559186,1
2406,701,16.250465,2
1624,1808,57.000355,0
1501,2462,9.884405,0
2819,1384,39.098309,1
1985,2146,49.819134,2
356,2266,87.351746,2
632,1101,49.117004,2
2968,144,84.015656,2
1004,2691,87.074295,2
2325,2456,54.898357,2
2210,1908,35.558681,0
2944,434,27.185659,2
2188,682,9.532136,2
435,1216,27.149378,0
2208,1599,8.667992,2
2693,2927,39.230469,2
2009,1193,28.837807,1
2891,629,25.360943,1
623,1618,44.064396,2
438,1388,15.754737,2
1753,990,18.413300,1
351,1504,19.858625,1
2346,2582,90.002808,2
1156,1048,46.030605,2
2215,2052,17.936760,2
459,2500,73.382507,2
947,2084,72.678986,1
1986,455,68.067314,0
1666,1150,95.433441,2
1139,1222,15.839839,0
1605,960,66.688065,2
1922,1168,33.878471,2
2801,2765,99.633614,1
1219,2215,11.560166,2
406,154,81.071945,1
87,571,30.032619,1
1699,2452,75.862137,2
788,2018,87.547127,1
1580,1171,81.386703,2
2427,779,10.827731,2
1257,995,50.974300,0
2368,1125,52.160866,2
2516,830,3.245566,1
2313,2790,57.200291,2
2680,1258,33.099060,2
54,1360,74.636139,2
395,2269,13.022636,1
2592,108,98.845856,1
165,1978,64.671234,2
599,528,20.831116,0
2925,1889,92.698273,2
1609,2970,32.666046,1
1178,1438,26.605272,2
440,1160,84.251541,2
2410,726,73.163002,1
1540,857,43.516933,1
2782,2730,12.439326,1
2516,245,93.804901,1
329,481,41.979427,1
2545,1835,32.585030,2
2440,1369,53.995628,2
265,228,55.172550,0
976,2292,92.366821,1
1861,390,19.272722,2
550,276,97.147736,1
941,2512,63.003101,2
879,535,3.092108,2
1951,1830,33.480145,2
582,2084,93.731842,1
2989,1251,59.356529,2
1929,1426,85.142380,2
417,759,76.713028,0
1833,2330,23.141682,2
2126,135,55.087402,1
1655,877,31.851305,2
2661,1894,65.786781,0
128,2837,10.196805,2
478,194,41.411587,2
2297,2492,42.156193,2
2669,641,15.782860,2
1552,2564,97.146217,0
1307,69,82.060150,1
2704,1335,59.478779,1
2146,2138,84.004028,1
1807,1424,67.435188,2
1414,728,46.361244,2
2066,828,64.535561,1
2041,419,70.676353,1
2805,891,45.351562,2
923,1855,9.499200,2
229,330,1.165962,0
1486,574,98.647560,0
483,1621,62.122662,2
1642,2714,20.086342,1
2277,1455,46.799545,0
2455,1031,90.530525,0
1298,305,67.644875,2
1663,1362,48.262733,1
2613,654,16.970230,1
1804,1605,20.111975,1
73,1075,14.107823,2
938,137,2.298574,1
2528,2496,13.734015,2
1691,819,90.384109,1
302,2556,46.582214,0
129,941,27.808239,2
656,1107,68.265457,2
1411,1470,66.191742,2
1667,649,69.606621,2
2651,893,91.564957,1
1987,1423,83.206581,2
2696,2396,76.714729,2
129,2480,96.803520,2
212,99,16.586519,2
1292,2573,39.516815,2
788,1698,24.818821,2
657,610,61.993462,0
942,37,20.276083,1
2550,1584,92.900902,2
1846,204,52.847637,2
26,173,51.244419,2
2061,2148,85.680885,0
1975,2363,30.690521,0
2784,852,96.678337,2
2064,1728,70.716866,2
1536,2648,61.669720,2
2214,882,50.619469,1
872,218,65.665993,1
2915,1958,80.823837,2
604,2626,85.322594,2
953,2192,53.320015,0
1608,769,11.576172,2
1691,2037,1.221680,0
774,561,41.123631,2
1428,2235,66.477486,2
2434,1534,34.245598,0
443,2621,38.434383,0
761,2649,92.584991,2
1170,2911,68.538269,1
2,1646,66.175346,2
2627,1773,57.179272,0
2550,1520,51.641163,1
2403,2775,63.409752,1
226,1687,59.117729,2
2313,2619,33.259632,2
1670,917,59.772224,2
2108,2648,87.196815,2
809,2153,62.249287,2
2400,2596,69.131035,1
2685,1517,73.120514,2
2395,543,54.795578,2
2277,720,15.311493,0
2988,2609,80.882591,2
1720,1578,30.933037,0
1514,804,60.211269,2
2131,1128,89.792114,2
2671,2667,59.785606,2
368,419,53.512600,1
761,300,34.814137,2
550,535,78.888229,2
799,2412,89.233154,2
1916,348,27.419895,0
2501,1771,83.731987,2
267,336,97.556030,2
2084,1790,75.298248,0
1520,2768,93.674583,1
271,1332,83.444771,2
1127,537,49.348515,2
2350,2420,3.236851,1
511,475,52.160866,2
2635,43,64.605263,2
2831,2139,36.538559,0
2370,560,3.639031,0
1932,945,65.609856,2
1375,1461,46.936729,0
2107,1216,74.663383,0
2485,460,11.952138,2
477,626,79.323524,2
265,1851,13.633965,1
2900,1924,72.100899,1
179,1394,31.760489,2
390,2256,45.974236,2
1946,2182,92.937424,2
1322,414,41.532005,2
446,1261,76.997543,1
1923,706,5.560347,2
442,1851,91.736038,1
2091,154,22.070829,0
1586,1475,32.282993,2
1278,820,58.135918,1
372,1414,36.628044,2
2334,148,93.565254,2
113,2428,89.190872,1
2015,2615,3.426704,0
2581,757,29.898821,1
980,982,90.380447,0
1328,869,25.632441,0
194,1414,8.557149,2
2906,1270,46.852661,1
855,238,64.149277,2
2395,996,91.804291,2
1851,1164,63.736111,0
2353,1784,72.831467,2
207,2421,14.189777,2
2770,956,39.471432,2
2806,1094,67.273438,1
2365,835,19.376629,1
1797,788,5.126206,1
761,984,63.809685,2
1520,2421,70.866684,1
1461,3,97.556030,1
422,163,12.162222,0
1146,422,91.364258,2
1995,1861,58.994884,2
2327,2774,64.528931,1
9,1721,59.226738,0
662,1976,57.337364,2
629,1366,99.153572,1
2613,2985,56.392914,0
567,932,91.667854,0
130,978,29.102417,1
1081,2170,43.214146,2
851,845,70.100838,0
705,1899,61.186050,1
2634,2900,33.515617,0
1953,774,17.447266,2
682,601,61.799923,1
1699,1547,67.683601,0
647,517,27.324770,2
2184,1347,39.461113,0
2657,2629,16.223381,1
1621,1727,11.302825,2
433,1817,89.064156,2
1689,2611,69.534065,1
2642,287,61.865421,0
2880,1728,58.530487,2
2790,132,52.726021,1
3,220,85.831421,1
1164,133,39.238056,2
2506,1738,32.418976,2
2446,404,98.113190,2
612,1634,88.921234,1
2907,2521,81.950035,2
1129,2563,90.805557,2
1565,2286,95.672432,2
2814,131,80.976593,2
1125,2466,48.760948,0
113,2552,18.220734,2
1745,810,69.326866,2
2803,1921,85.697990,2
746,140,45.317348,0
2229,589,17.074329,1
723,1574,50.904518,2
1286,263,67.053848,1
74,491,76.453957,2
1997,1820,14.089576,0
1767,1320,83.882309,0
2747,2997,57.704506,0
2726,345,1.478570,1
2873,1989,19.031479,2
2113,985,12.322080,2
2614,274,69.296944,2
2645,1227,97.043816,2
2846,2684,50.993271,2
692,2047,57.516983,2
1298,1630,63.828262,2
2555,1407,83.782700,0
2107,1421,48.449913,2
2758,2552,9.356956,2
1349,2406,86.412468,1
827,1965,80.842812,1
354,2436,77.471954,2
1833,2868,51.739731,0
1209,1452,86.164818,0
1743,18,27.222561,2
2836,761,24.380106,1
1808,256,22.919230,1
746,1831,85.898216,2
1498,398,12.850155,2
192,1850,36.316143,1
1689,1870,12.253990,2
2996,269,45.986336,0
2426,1486,82.042542,2
2338,1906,83.681976,2
2574,1490,12.760627,1
2418,32,84.879829,1
935,2370,42.214863,2
288,603,43.559147,1
1576,1174,40.391224,2
1017,127,71.831184,2
2535,2064,65.655731,0
2395,1853,96.956566,1
108,2210,47.562096,1
1094,2844,49.349945,0
517,1103,45.463440,2
2139,2222,81.299667,0
1059,2249,26.739067,1
721,2667,19.160309,2
2231,316,3.833448,1
56,2481,59.245876,0
48,682,44.357315,0
5,899,18.203829,2
120,2077,72.120193,2
1703,781,26.796333,2
1001,1038,55.657364,2
1632,2804,19.684877,2
2746,2305,50.950897,0
1375,2785,88.846184,2
835,1422,42.395153,1
2402,678,20.815475,0
2258,316,25.283659,2
1624,270,10.780469,2
1804,2737,75.072884,2
225,933,45.350044,1
1185,48,24.594896,2
1533,1130,12.441975,2
1217,1972,73.782059,2
2537,1269,82.999306,1
587,1702,33.808102,0
1179,943,86.774582,2
2198,2964,87.851540,2
2334,1275,49.220718,2
72,2932,84.514755,2
1895,469,86.239769,2
441,1027,4.059367,2
2823,2534,45.823330,0
487,2189,83.599503,2
1147,223,97.833588,0
120,687,92.532188,1
2512,1797,76.148361,2
2058,2393,56.433788,0
1641,898,5.383586,0
1877,2777,78.928665,0
1045,2060,78.060745,0
471,1741,31.414335,2
2302,1764,18.165792,2
341,1189,58.412735,0
1512,2262,44.221058,2
188,1091,71.950531,2
2030,1613,36.044044,2
54,612,53.559780,2
156,1420,99.036598,0
2709,1401,65.604858,2
1228,2205,30.653486,0
1229,1423,83.296242,2
1785,120,85.115852,2
2543,18,40.569866,2
1393,1683,31.840586,2
1316,866,73.947845,2
1175,944,20.442762,2
2296,2642,92.608688,1
2400,2281,27.215855,2
551,1055,29.596151,2
783,2312,63.083443,2
1894,806,41.058205,1
2518,2756,31.626211,2
673,499,71.371315,2
1240,1453,29.801477,0
2275,2367,26.991220,1
2303,2784,5.523352,2
1197,1908,27.323223,1
2081,2521,69.909134,0
2129,1417,91.004280,2
1745,780,34.742798,2
209,1754,75.053299,2
2495,1652,6.483435,1
2567,1743,99.447311,0
229,1445,72.038765,1
264,2594,19.880053,2
1187,2828,22.733519,0
395,1633,92.295921,1
562,1998,84.938904,1
583,1034,59.110226,0
1245,2411,30.272837,1
180,675,21.976570,2
335,1498,34.389008,1
1283,2964,51.728172,2
2889,2257,34.242821,2
433,813,24.039701,1
2439,354,71.160179,2
126,650,60.490665,2
2874,2955,89.264717,0
2282,764,38.821590,2
543,1559,78.948570,0
1503,1187,5.752243,1
1033,2065,78.926826,2
340,74,83.214783,2
54,1434,26.727043,2
55,1115,45.414593,2
1004,614,25.360994,1
2759,321,44.071018,2
2639,370,87.292580,2
790,363,39.831245,2
2563,1704,22.533566,2
1631,1531,35.075371,2
2035,1049,68.649963,1
1934,983,2.037321,2
1620,2249,96.363487,1
1449,2554,91.357391,2
1724,591,11.695823,2
2138,630,0.435373,0
2798,2848,94.076996,2
1286,42,89.508362,2
1254,2872,30.442879,0
433,1345,61.479427,0
1610,806,31.361948,1
1035,50,97.043816,2
2975,2838,38.915024,2
2076,175,99.001564,1
877,1968,67.799973,1
638,2477,72.127525,0
1668,116,21.754473,0
1573,2826,89.486938,2
23,787,74.986526,2
572,2571,85.760185,2
2165,959,83.516136,1
25,273,20.402477,2
2835,2874,84.650864,0
2820,2097,28.088633,2
876,33,73.169724,0
2658,1217,73.493690,1
116,506,59.621677,1
1144,2850,35.459606,2
2395,1101,41.938408,2
2687,2946,59.595154,0
1607,811,79.461151,2
2115,402,84.376579,2
850,1514,89.567871,2
2525,2021,75.860748,1
540,2502,5.273421,0
2649,1510,14.047058,2
2778,1684,56.058411,1
2411,1531,17.686852,1
241,2077,45.143990,2
2323,1145,81.195290,0
525,1045,91.046875,2
1181,1418,25.172119,2
1892,828,52.516117,2
2472,1067,16.840590,2
1355,736,23.220945,1
603,20,53.064552,1
785,2675,53.548943,0
2912,2820,23.757530,2
2042,2702,18.234369,0
1849,1462,34.380791,0
2478,1039,30.762703,2
1910,1533,3.895773,2
1799,1225,73.629410,2
1947,833,73.087646,1
2796,1482,58.193539,0
2576,1304,87.937630,2
111,2483,18.639069,0
1588,2003,28.376963,1
881,2656,3.200942,2
66,2356,53.063293,1
137,506,14.525414,0
2037,679,80.823837,0
2764,2513,34.312847,2
666,2315,11.643352,2
795,1509,1.997862,2
457,2347,35.137508,0
1527,452,72.402054,0
410,1986,29.785240,0
2995,697,41.650837,1
507,749,42.857872,0
2433,2227,84.167854,2
1638,1747,35.291931,1
2264,383,70.568398,1
615,1080,16.165945,1
2108,2564,95.014183,2
2550,2664,86.659927,2
271,944,88.373604,2
2929,1941,90.893967,2
1751,1747,28.634647,1
2492,2047,71.778946,2
1366,2314,86.421921,2
282,1570,2.848649,0
97,782,15.152965,2
2550,1086,58.850822,1
2516,1875,25.181091,2
962,2126,57.503090,1
2888,2303,98.969833,2
2599,1734,87.383652,2
592,1304,55.581379,2
2182,862,30.872885,2
2064,1923,97.008377,1
944,1241,31.714245,0
2787,2955,84.142471,0
2040,1868,47.873375,2
269,2149,45.731087,2
614,250,9.351050,0
789,637,8.363335,2
2190,2323,68.186821,2
1708,391,34.112930,2
367,1838,65.444252,2
1968,432,95.174797,2
1696,1785,83.132980,2
2025,367,9.088559,2
2010,2244,63.298199,2
2323,1129,45.847908,2
398,1040,8.554229,2
2398,2133,99.734123,2
1316,1813,70.805267,2
392,2844,48.378845,0
728,593,10.713397,0
175,480,37.789745,0
1623,1897,48.147293,0
314,2257,98.104790,2
2909,2721,40.317650,2
1827,2179,68.965790,1
2764,143,9.570473,2
2966,1877,48.523552,2
1103,2064,11.333512,2
843,1359,51.859978,0
2885,2331,2.812618,0
2036,1369,55.847260,2
533,198,91.886772,1
1281,1724,37.383240,2
1787,64,61.775547,2
2212,1613,91.981499,2
322,2118,93.812363,1
721,1285,43.870338,2
327,388,22.345278,2
2345,2140,9.996553,1
843,2481,72.461731,1
1292,1066,61.047760,1
117,1697,35.160690,1
42,1150,51.008175,2
424,2265,32.248928,2
305,1160,27.129433,1
2861,2760,15.334386,0
789,2605,5.436075,0
7,2643,36.777206,0
1069,2235,43.352913,2
796,1384,23.033463,2
405,1007,79.104546,1
1451,356,50.062317,2
1722,825,30.026739,2
752,1140,18.969284,2
2071,209,24.064770,0
2016,738,50.392586,0
2683,857,83.806725,1
353,2071,80.724350,0
2560,228,38.823402,2
2591,567,27.598593,2
1006,1687,50.818909,1
2453,1723,57.353836,0
1154,1626,78.190804,1
1861,2113,57.275837,2
1006,2294,98.585449,1
2982,56,80.823837,1
1675,1953,17.130899,1
2269,335,54.898968,0
797,1226,6.709270,2
1776,2764,16.094181,0
428,1827,91.342941,2
2090,1115,7.189342,2
2460,1842,6.458788,1
56,2965,76.439819,2
2663,391,53.852318,2
1297,1688,23.357342,2
643,521,26.837523,1
1259,1298,95.750206,1
2052,1260,47.043587,2
1923,759,80.425537,2
2171,1084,37.786911,1
1479,1228,47.970516,2
1690,680,52.581234,1
1339,1033,39.113293,2
65,2644,23.467373,2
390,2511,94.779655,2
1799,2616,31.436525,1
285,1548,37.017895,2
1356,655,32.503216,2
484,1274,69.042847,2
460,1047,99.771049,2
1858,899,88.985397,2
17,970,89.233154,1
593,550,50.915424,1
609,1365,53.619202,1
514,2571,64.027252,2
2278,1830,0.143569,0
1891,1313,8.388107,2
703,1995,57.626198,2
2819,1163,2.842446,0
2640,1976,30.040571,2
2017,143,23.879774,0
45,1192,30.306890,2
851,11,89.582687,1
848,459,44.388107,2
2115,2943,7.039318,1
353,615,13.429351,2
664,515,25.329510,2
2754,1840,64.935059,2
2697,99,95.631638,1
1337,1768,6.723987,1
19,1486,69.496056,0
107,659,62.760227,0
2159,1795,57.531204,0
2881,943,66.546974,2
795,2104,66.478386,1
1754,1689,35.517609,1
796,2769,67.055916,1
1970,703,37.138412,2
1438,2266,88.576263,2
977,1309,88.936378,1
2996,589,23.719276,1
2582,430,70.559555,2
643,2833,33.058460,0
946,892,9.801487,2
2981,976,40.692253,1
2190,1605,33.556061,2
2417,2056,9.721878,0
1250,1771,24.812899,2
2706,235,17.910007,2
607,797,60.323566,2
2274,1082,26.383335,1
324,1854,69.877884,0
2051,1206,5.905142,1
689,1450,20.160608,1
447,2260,47.494793,1
1862,292,58.226311,2
22,1952,15.897581,1
371,1785,95.575859,0
1137,636,97.654388,1
1461,961,80.157417,2
811,2343,88.926994,2
969,418,26.902918,2
1385,2171,75.788223,1
914,1977,97.888672,0
2504,331,78.966431,1
105,802,45.506969,0
648,37,70.062561,1
432,845,38.670258,0
1982,1146,19.125427,2
181,530,10.248822,0
176,2846,84.969261,1
483,701,77.040428,0
2476,499,19.682131,0
311,2869,45.459171,2
1385,1806,35.488457,2
1587,1678,21.190411,1
1781,898,2.318563,0
1400,2768,86.509308,2
1904,1093,50.222397,1
1371,1282,42.588696,1
1934,1619,61.894745,0
96,2952,52.739086,2
1045,1591,84.295372,0
2603,910,28.440380,0
951,2693,48.449612,0
998,1460,50.657272,1
488,1870,16.420761,2
759,299,32.964252,0
2392,1612,54.286022,0
908,1046,5.640072,2
2997,809,79.179840,2
1515,2075,44.979660,1
1229,409,96.672668,2
2249,506,97.579498,1
2744,703,63.329590,2
1274,1698,74.011871,2
2691,738,95.412674,2
2506,33,98.518448,1
1292,308,35.074432,1
440,958,11.297419,0
1926,397,75.350586,1
2097,1062,30.113441,1
2195,684,5.126206,2
2550,101,39.063988,1
2722,1099,11.486002,2
1658,1549,40.979546,2
1974,550,48.016598,1
2962,437,50.818909,2
99,2395,44.573071,2
815,200,99.628654,2
1468,758,72.069069,0
111,2235,58.230602,1
600,246,66.077995,0
1373,1132,60.395004,1
2728,2857,41.021400,2
2959,1098,2.050371,1
2614,1748,64.351112,1
2562,178,6.375124,2
2983,1965,98.740288,2
1163,890,58.059559,0
2182,989,83.204041,2
621,2067,86.993637,1
1728,1089,91.841934,2
1933,167,10.517188,0
2642,1048,16.496355,1
2197,2092,18.165792,1
1257,1476,44.988113,2
1241,2530,70.097359,1
1398,136,4.605901,2
1318,2393,79.126068,2
1098,2962,73.688835,2
1573,62,6.330895,0
2241,1472,68.129959,2
1944,287,91.813156,2
1050,204,14.013592,1
1408,933,77.802742,1
2126,1272,16.940298,0
2796,936,56.660603,2
1087,400,50.459206,2
2668,2730,5.857024,2
1830,767,73.518333,0
60,279,56.509449,1
2047,1356,34.542809,1
854,1213,40.904316,2
2395,1743,9.559671,1
1316,1482,23.317957,1
2007,360,3.245031,2
2039,1708,57.325363,2
128,1318,12.485427,1
727,1625,71.380280,2
2714,2647,5.273421,2
291,1828,23.201006,2
1656,2152,33.765488,0
173,432,96.456070,2
2860,1724,63.189419,0
1900,2702,52.837193,2
1469,180,41.143402,1
34,374,87.351746,0
2541,263,60.733982,1
1625,1838,88.873787,2
988,2883,19.547890,2
1540,2817,59.001530,1
2397,2061,22.825684,1
2887,1577,95.416977,2
358,1961,5.988066,1
487,1386,72.101006,2
871,2525,85.215782,2
510,883,75.276199,1
959,546,30.711288,1
2869,1253,96.004150,2
52,2599,82.279610,1
186,328,99.200851,1
2842,1417,43.329662,2
485,2012,66.320145,2
1167,2725,47.746250,2
62,1359,23.304104,2
842,2750,66.908463,2
2012,75,48.996845,2
2195,2965,64.249695,2
716,2721,84.009247,1
2852,2337,11.621400,2
530,2741,35.291931,1
2021,2183,8.030083,2
578,2687,26.575459,0
833,2407,17.932232,1
114,1860,76.380722,1
550,2504,52.440201,1
1553,681,46.949650,1
1631,1459,91.142014,0
143,1374,16.363842,2
1207,188,37.207500,2
2498,2219,1.156824,0
7,1683,43.372463,2
1772,2978,35.435646,2
2211,33,47.055466,2
2123,376,33.480145,1
2808,2203,10.079788,0
2911,2529,86.335434,2
1471,1567,92.539536,1
2492,1813,38.661404,2
1445,1033,65.139626,2
1512,154,95.752518,1
305,1693,63.763138,2
1274,1609,15.933237,0
564,2069,27.570086,0
2481,1766,50.147663,2
2165,2038,72.594727,2
1965,1380,21.397718,2
606,1943,70.811180,1
2252,917,0.032542,2
358,614,95.201881,1
374,2483,58.572628,0
425,402,24.412178,0
2437,1148,89.066467,0
1524,2303,74.724991,2
2910,909,61.576824,2
2868,2526,79.935318,1
303,1188,37.847408,2
2093,626,9.091221,2
787,1700,11.765250,1
247,1263,72.412132,0
1427,618,37.897911,2
715,1224,38.990036,0
2878,1423,4.885375,2
2017,482,9.954304,0
1327,1427,96.422295,2
2053,1433,22.830444,1
143,231,25.266716,0
1054,2853,21.740726,2
457,351,84.485199,2
40,1419,53.080460,2
882,777,86.358749,1
2419,2419,9.628342,0
1877,977,54.496017,2
608,2995,26.739067,0
102,2587,36.506622,2
2578,2705,82.521385,1
1357,2512,11.638515,2
2868,1810,92.745461,2
108,342,64.397293,2
792,1931,28.616676,1
2452,1997,53.022579,1
1614,572,81.154984,2
450,812,96.268372,1
1516,1255,64.535561,1
1015,1302,3.860663,0
239,272,67.035042,2
192,116,28.445503,0
1480,1426,90.055626,2
2897,2980,45.563381,2
1185,414,2.942704,2
1847,2052,27.679071,0
919,2624,27.881977,0
337,1097,36.883919,2
347,2567,21.694088,1
2340,471,47.635815,2
1084,1357,89.449860,1
1809,2224,22.201838,0
2319,1400,20.886641,0
1046,2845,32.378208,2
2467,449,35.944527,2
170,1185,0.240883,2
2089,2312,72.468300,2
1990,1391,72.561356,0
435,673,77.782486,2
1434,975,75.069214,1
1467,236,22.366135,2
101,1011,65.691803,2
2112,1771,1.973755,0
852,283,11.335168,2
1245,438,0.533360,1
2375,411,24.294376,1
531,1662,53.226944,1
1207,2595,11.643352,1
1096,1668,71.778946,2
2130,38,86.382118,2
1394,1223,99.884209,2
1512,881,5.159793,2
2711,375,45.495495,2
1172,2513,26.555025,2
2342,2267,87.451996,1
1455,2483,23.654406,2
853,971,97.454453,1
2160,2669,95.598289,1
2320,451,71.108444,0
1668,1629,21.885777,1
97,1981,47.069473,1
2713,474,67.467758,2
1117,2525,71.090286,2
166,2850,58.004330,2
1390,948,33.308186,1
136,2315,6.072654,2
1647,733,82.547752,1
2996,2989,82.261566,1
106,2471,89.189758,2
2886,2699,64.746788,1
2560,1970,2.899790,0
2245,1298,23.752110,1
1186,2171,22.901363,0
1369,221,81.431297,0
2608,2734,45.037613,0
1788,2681,33.208599,2
2740,1385,80.394836,1
2393,1817,66.603882,0
698,1058,43.869781,2
1533,562,53.499290,0
2277,1002,82.876183,2
1372,921,49.574097,1
629,1658,29.009893,2
1756,1460,45.648975,1
331,5,33.604660,2
1359,2351,45.277748,1
2511,2341,44.271648,2
1125,580,58.230602,0
2237,2678,2.503233,0
1446,1232,12.424060,1
1040,1142,76.596207,2
1333,661,25.993517,2
682,2919,10.222434,2
1766,1187,67.964294,1
373,1514,72.392113,2
2224,2673,33.028664,2
1966,2911,12.189467,1
2442,2408,10.958652,2
2944,976,23.551962,2
1246,1234,71.552544,2
11,539,29.810812,2
484,561,70.306419,2
2342,619,64.268486,1
842,427,94.312355,2
2235,1360,45.128925,1
2647,489,72.297623,0
2078,2342,85.732483,2
678,2594,51.951420,2
1403,2870,85.865211,2
1877,92,70.303368,2
1845,2430,28.295006,2
2101,2501,12.898026,0
503,1429,47.773853,0
576,1446,13.610407,2
1248,1146,32.245472,0
1596,856,86.511864,1
407,1373,95.117088,2
959,2065,81.303162,1
67,2123,77.027122,2
2777,1466,83.040459,2
2286,1594,62.064342,0
300,758,82.118057,2
267,641,63.459396,1
1446,1136,93.191734,1
1888,2565,3.898024,1
2757,54,43.630013,2
2930,2403,58.198299,1
2545,2972,27.494829,2
789,270,13.544482,1
727,1164,25.633986,2
1284,921,6.017302,0
2453,1890,80.425537,2
151,1905,71.901459,2
1213,2606,85.115852,0
2042,2917,5.658609,1
2869,1036,94.753189,2
1172,1483,17.169445,2
1732,443,13.421535,1
1779,2283,65.002220,0
2243,1868,70.006981,2
2859,1076,92.508141,2
2979,1388,52.992779,2
2851,447,49.521553,0
2060,2149,29.000284,2
2199,2325,81.069084,0
1587,2333,68.404175,1
2475,1933,61.894745,1
1472,2762,67.171158,2
2013,2132,77.161179,0
1679,50,86.164818,0
1411,272,36.509987,2
1425,2454,26.467833,0
2758,482,67.579742,0
1026,1410,61.920998,2
2369,29,32.518887,1
707,2920,11.130370,2
2499,357,8.893898,1
41,2015,11.319272,1
2755,2913,0.771248,2
2113,298,18.634430,0
2774,423,20.269583,1
134,1018,39.209469,2
251,2531,43.394436,0
830,2652,73.528381,2
2271,1218,45.799644,0
965,2341,85.499855,2
630,1747,88.629456,0
665,1668,40.302406,2
925,1617,6.240124,1
1690,2455,46.730858,0
334,133,13.484989,2
1693,1237,89.177956,1
1918,1661,86.335434,0
1687,418,1.860879,2
2223,2727,10.847830,0
657,1580,90.468246,1
502,2469,66.642151,0
2655,293,11.421865,2
521,1535,2.558473,0
1229,2478,25.212538,2
2207,2867,97.654388,2
2426,2811,73.273262,2
2706,2108,68.215378,0
1742,1655,60.758327,2
65,625,43.970123,2
2401,142,11.747609,1
1514,568,39.277962,2
1488,1384,24.479425,0
969,751,69.349167,0
2986,2969,31.198616,2
1923,842,93.163017,2
1850,2672,63.828262,2
2952,2013,79.973740,2
948,1133,63.809685,2
945,2864,21.914997,2
57,2020,6.776535,2
1831,2334,22.919926,0
1239,480,76.499641,2
65,921,58.117031,1
2987,2692,39.481640,2
488,203,41.284969,0
1528,2196,63.524532,2
2676,466,67.500717,1
2714,548,17.382488,1
779,1751,61.918335,0
1416,458,71.022125,2
319,1542,31.950029,0
2007,1130,35.493958,2
1854,216,83.834114,2
2272,1228,86.075600,2
1446,1713,36.994232,2
2701,431,17.932232,2
967,1400,43.917084,1
185,2228,32.245628,0
812,536,21.050173,0
2605,218,37.075138,2
1190,2588,83.385231,2
2467,862,8.607989,0
1742,875,18.590450,0
2075,2347,86.933258,0
615,2202,90.851128,2
1419,157,22.402943,2
1487,167,17.268538,0
274,2965,4.759910,1
2320,396,13.218445,1
1783,1691,79.717941,1
2940,2284,8.583774,2
443,1467,40.383049,1
1923,2884,77.313263,1
192,831,45.165260,2
220,80,2.152461,0
687,1439,75.456802,2
2321,1591,71.945076,1
736,4,8.461399,0
863,31,39.723679,1
1106,1058,18.277588,2
605,534,77.152634,1
621,752,25.419889,2
559,1225,22.644745,2
1067,1332,58.994690,2
1472,2705,1.937160,2
2516,2088,63.329590,1
2040,2244,92.889534,2
675,369,55.056202,2
1403,1507,2.790026,0
1659,2993,95.596382,2
2446,2439,16.210766,2
1532,2139,37.790707,2
917,1720,53.063293,2
1411,981,30.195925,1
2983,174,11.944656,2
2070,280,8.493806,2
193,54,25.163765,1
1028,790,95.007530,0
2407,1039,30.852354,0
1771,1908,39.710514,0
630,1869,76.217628,2
2100,1867,56.485161,1
1955,1170,33.462864,2
1502,2159,49.843094,1
397,605,80.570564,1
2983,2373,8.278837,1
1378,28,16.068636,2
1559,1378,61.126366,2
2306,2571,10.660073,2
2768,1418,35.609234,1
1508,2298,16.305496,1
576,1558,39.538456,1
1466,837,27.244640,1
210,1815,11.927742,1
843,1757,99.281120,1
318,1151,1.091015,2
1742,1355,71.490814,0
1064,1327,17.485424,2
873,706,54.451298,2
1560,1238,29.336107,1
1111,2978,49.108273,2
295,1649,96.511070,2
59,2223,78.933281,0
1517,1412,87.109138,2
2156,2389,69.945328,0
388,271,79.076889,1
385,1276,70.883301,2
2096,1924,15.965355,1
2069,1784,23.357342,0
2222,1674,9.556269,2
1078,2917,89.549698,1
10,2081,86.978783,0
2843,255,2.742178,1
2238,1618,30.171762,2
2484,1545,50.492504,1
369,38,3.138341,2
1151,582,65.460533,2
15,2428,56.084297,2
1306,1549,23.431763,2
2429,568,61.672047,2
1014,692,6.372639,2
396,1275,94.635223,1
2906,1863,94.307892,0
1939,1177,20.516064,2
1533,2752,69.818687,0
429,185,8.087422,1
279,2587,84.481415,2
2447,1833,4.049192,2
1619,1004,45.163498,2
1508,2804,43.051952,2
409,2802,42.347057,2
1566,1869,42.794010,1
543,1586,36.518692,0
1346,2185,80.419731,2
2897,968,14.272841,2
2545,434,2.741621,2
1494,2105,23.342552,2
2959,1538,80.370483,2
1389,4,93.578690,1
1004,1455,76.822189,2
2038,1054,10.925804,2
315,858,83.379601,1
2016,1389,93.039474,0
2035,1232,46.691387,1
1825,1881,59.351166,1
986,453,12.896377,1
244,703,4.834738,2
2515,2443,10.710635,2
2297,2750,16.926386,2
1793,2500,8.765806,2
525,990,11.318472,1
74,1159,76.949112,2
1382,2603,2.864710,0
1560,2382,64.976311,2
2709,639,89.247208,2
2971,1626,86.132530,1
1893,1619,2.239489,1
617,1664,8.565674,2
2658,567,5.316911,0
2108,853,70.920105,0
2324,1827,73.272049,2
1282,2096,53.317844,2
1196,2730,36.491730,2
1566,2026,22.076916,2
2531,556,16.426880,1
842,2757,74.216751,2
988,784,82.901520,1
646,848,24.201227,2
1011,1020,35.613140,0
2846,2738,69.516220,1
1196,1263,60.723427,2
586,1334,21.721504,1
214,65,85.221130,2
1584,1407,29.923134,2
120,2921,30.343790,2
636,2877,29.187647,1
1212,1820,97.620255,2
51,1945,35.812874,2
1324,2613,92.144974,1
2348,1879,79.381516,1
1008,830,97.473717,2
2401,732,61.170586,2
2081,1944,0.771248,1
669,1551,24.827778,2
1375,2756,66.463524,1
2837,1527,19.494532,2
2128,408,91.010666,0
1336,1059,27.330080,2
700,1883,55.731529,2
1946,347,66.932098,1
2412,2975,36.166061,1
1283,2637,82.808052,0
945,792,64.086121,2
1404,108,28.325321,1
384,843,34.981915,0
2097,206,24.387709,2
2153,1509,4.364429,2
942,691,61.479836,2
1398,1349,58.369938,2
487,1199,2.535805,1
2398,2014,22.707182,0
944,1401,76.685120,1
315,740,98.881676,0
656,1506,8.250854,1
2126,2399,65.703651,1
1290,293,49.086891,1
835,2775,17.755230,1
2404,2427,10.923046,0
2949,190,63.130699,0
1846,650,41.730110,2
123,2662,32.865067,1
844,132,95.108696,0
2376,1440,12.669171,2
2507,2848,30.543741,0
2422,1555,11.273058,2
2915,1203,10.596492,1
2321,1501,26.983833,1
1923,2231,6.628511,2
2054,1543,92.937424,2
248,472,52.611370,0
2081,890,79.414185,2
794,81,41.341267,2
1312,1031,74.699867,2
134,1679,99.450447,1
238,70,49.117004,1
2857,2547,3.337753,0
743,1624,42.834332,2
2416,1463,23.868225,2
8,1902,76.077881,2
703,498,56.348396,2
2001,2230,25.219505,2
856,763,35.019623,2
1022,841,84.610161,2
1600,2367,49.961365,2
1905,709,69.846474,1
1443,2811,89.064156,0
2733,891,4.379972,2
2089,2781,45.383236,2
650,2857,5.077841,1
475,1495,97.654388,0
1760,99,35.528656,2
1261,510,48.196331,1
523,2944,23.926624,2
2013,2972,5.160248,2
1341,2662,20.577883,0
305,668,23.393875,2
615,2666,38.808884,1
1500,54,83.459045,1
2392,488,1.937160,2
285,753,82.984482,2
1914,2456,48.050835,2
272,910,26.262634,0
1035,1491,65.053925,2
2456,1813,36.316143,2
2582,2372,70.430908,0
2487,2468,80.677246,0
466,262,96.247620,1
1492,1924,17.684706,1
1624,17,55.417622,1
1165,1109,81.062103,2
973,2158,0.567174,0
2035,2825,91.925812,0
770,100,75.629471,2
2086,106,90.145866,1
2009,667,11.896910,1
1008,1048,89.196144,0
11,325,87.131630,0
847,1849,66.674240,2
245,1253,80.121155,2
2417,2179,69.122215,2
2168,2919,23.317957,2
1629,718,35.314709,0
336,1644,31.973833,2
1043,2147,43.756729,2
2132,2602,47.612755,0
0,1481,1.053316,2
2541,1558,10.732358,1
1306,930,47.833157,0
1965,649,0.914945,2
2605,426,45.142178,0
240,2168,90.813789,2
2446,804,85.463005,2
680,2842,48.152637,2
197,1455,6.910672,0
1109,617,35.255535,1
1198,1817,60.922642,2
1448,263,16.963913,2
2593,2380,98.298019,2
2677,1875,18.406998,0
1205,310,67.865425,1
225,2933,71.374168,1
2008,862,17.242432,0
2102,2301,76.461693,0
762,645,8.008776,0
1629,2479,21.338615,2
404,1964,74.157082,2
2111,1450,25.867580,2
1917,879,11.681837,1
1074,2399,81.669731,1
1310,1506,44.037533,1
2021,1529,22.511789,1
1919,1472,20.368814,2
2127,2438,16.219278,1
915,2444,91.933846,0
1184,1263,68.314766,0
62,2302,40.076511,2
2960,250,64.533096,1
334,2537,24.996712,1
1945,1554,66.053963,2
1685,2760,94.722084,0
2861,1394,21.243399,0
2012,521,58.377094,1
1449,450,65.022240,0
2231,2093,65.950127,0
1390,236,70.183029,2
2984,868,59.135796,2
227,978,31.312845,2
1826,881,1.474106,2
1816,266,45.362694,2
765,472,52.147331,0
739,369,5.428499,2
254,356,98.062782,2
678,1748,73.528381,0
953,2785,92.719147,2
2578,2493,95.251045,2
817,2202,84.136765,0
983,602,72.195816,0
306,595,50.613434,2
341,4,36.638050,1
2681,66,3.757537,1
1969,2129,80.124054,0
531,352,56.742977,2
1725,2647,99.679970,0
93,672,82.860497,2
1880,174,39.220543,2
2141,2238,80.329910,1
841,2674,10.390353,1
731,55,99.231880,2
1996,326,20.272810,2
790,1147,5.791546,0
2189,1224,92.721405,2
576,1976,82.274826,2
1634,295,47.693748,2
1629,1252,47.311443,1
663,2612,42.017143,1
1216,1911,64.016808,0
2715,2118,62.754543,0
2117,2935,44.414242,2
1208,2790,56.659397,1
704,1875,28.877464,1
428,2983,12.598084,2
2534,1519,95.285027,0
1476,2597,98.532600,2
1683,2870,68.100235,2
2491,2117,35.042458,2
139,305,38.337826,2
1286,1018,6.263754,1
804,2223,73.928223,1
171,1218,81.407814,2
2179,2611,59.274975,1
66,2247,41.367214,1
1138,354,11.268443,1
1577,1308,25.690311,1
2002,1428,58.204441,2
2975,31,24.880278,2
2129,430,53.469414,0
1656,2898,11.964845,1
1497,2949,36.149158,2
1830,2136,58.731964,2
648,1283,28.126667,1
2187,1422,2.821695,1
2079,2542,70.876091,1
2760,2016,46.459984,2
872,1915,29.299414,2
1270,2682,18.144444,2
1496,2599,23.752163,2
2826,2350,20.981335,0
74,1825,88.466301,2
1983,2932,92.677895,2
1323,2033,25.943769,1
944,1874,7.267423,1
2247,2603,1.043342,1
783,2679,78.989166,1
1321,2049,82.951134,1
613,2750,43.547855,1
980,686,84.244316,2
1366,2125,50.915424,0
143,331,60.227737,2
572,2848,53.370693,0
1312,621,69.877182,0
2658,65,97.955124,2
2943,1700,20.999041,1
8,2404,44.780914,1
2038,986,63.871693,0
1261,2519,81.902489,1
2034,1887,71.845551,2
172,1061,50.201244,0
2325,2359,66.148872,0
1646,2480,64.840004,2
730,984,85.239380,2
1173,2198,90.214333,2
1624,2546,75.349442,2
1884,38,42.389027,2
1064,144,55.674232,2
2397,1418,40.913742,1
2730,2243,35.293819,2
522,545,59.879345,0
2587,1582,5.465659,2
450,1390,64.016808,1
2751,415,10.439754,0
1343,2406,44.072151,0
1115,474,55.927200,2
1494,191,85.117928,1
134,2538,18.477406,0
2668,2319,35.016212,2
527,1848,32.618286,2
1567,1338,31.764759,1
148,1213,91.004280,0
1220,1095,64.936005,0
113,929,46.768127,1
787,2058,40.520519,2
2829,2801,66.117966,1
1486,671,23.779497,1
2263,2049,91.393288,1
2100,824,59.798958,2
1179,1830,65.414429,2
2432,2355,59.225945,2
90,1074,69.608093,2
1881,2638,45.952686,2
2063,332,43.744572,2
2708,1654,66.256165,2
265,1099,55.407356,2
2882,1541,14.019798,2
2939,1005,84.575645,2
1771,2993,97.363464,2
494,2096,91.190392,1
702,76,96.568665,0
2357,863,33.555420,2
1059,2353,59.607838,2
1567,2189,46.951218,1
1729,1198,31.657288,1
2123,539,50.526699,2
2060,1341,9.537175,0
1851,1690,39.856232,1
278,2249,22.590158,1
2381,1426,71.371902,2
889,1042,44.541225,1
2827,582,72.535851,0
2606,1227,59.800610,2
1816,1052,98.588051,2
2626,1310,71.860100,0
1179,362,73.705315,1
1121,308,20.371632,2
2542,1762,97.084457,0
1609,2371,94.949715,2
775,1209,14.352706,2
30,1971,41.172482,1
1103,2619,27.445087,0
900,1083,79.591347,1
839,1610,22.513710,1
1063,2319,72.361259,0
1536,618,73.223549,2
1607,48,9.830282,2
210,1758,52.802605,1
2323,2620,20.928673,2
1169,2430,1.459681,0
1915,2637,99.231880,2
1154,581,96.940941,2
982,1328,80.348648,0
1396,385,27.100742,1
528,1933,73.026718,1
757,1259,52.716335,1
2337,2926,97.214722,1
247,2707,10.095556,0
180,1704,26.281076,1
1309,888,15.004109,2
1123,2159,2.839651,0
1307,2476,91.419449,0
864,26,45.582462,1
80,1697,70.125626,0
35,1798,38.147469,0
466,1694,26.187880,0
1482,1679,18.682981,2
2326,2931,45.459171,0
832,1378,29.443722,2
1457,1489,57.211205,1
1663,2314,89.393166,2
2631,88,30.224960,2
1359,57,74.396194,2
1088,730,13.341259,2
434,2910,91.444359,1
1279,2381,16.609781,2
528,2178,96.916069,1
1080,1923,94.282646,1
1275,78,81.094131,2
1659,2715,3.243818,2
2547,2866,88.012146,0
1290,488,56.340221,0
1983,2712,24.881262,1
1480,663,30.178337,2
373,2853,18.080446,2
570,2060,59.248474,0
1021,2486,28.402021,1
493,397,59.946743,1
160,591,69.649803,2
295,987,27.292240,2
1194,1987,72.647034,1
2177,1779,62.888874,1
335,1892,59.720821,2
921,1467,8.131154,1
2285,584,37.017895,0
2567,2490,75.004120,1
1304,1978,24.881262,2
318,589,18.277418,1
1269,560,32.971275,1
1653,2478,26.601885,2
2474,775,88.583923,2
978,255,92.136787,1
2883,829,18.858377,2
1637,1211,56.698463,2
2262,1492,71.792580,2
89,2355,93.034065,2
2181,2406,79.974808,0
2565,1424,64.497604,1
1643,1604,0.857110,0
1144,2178,43.987831,1
1877,562,48.114964,1
1958,916,10.065113,2
2603,2185,88.386719,2
1542,808,6.636443,1
2320,2972,98.703392,2
2585,2626,51.951725,2
2970,62,14.358290,1
2107,561,50.789036,2
2560,611,19.898279,0
552,2611,33.838707,1
2163,1237,10.108597,1
2078,1722,95.234459,2
1457,2965,29.630278,2
2605,624,25.075722,0
2185,13,8.893898,2
662,2468,50.424248,0
2253,1276,51.492558,1
1654,1575,31.488432,1
1877,934,33.673073,0
390,865,75.045921,0
2815,372,78.918488,1
2882,1713,75.306236,2
1833,2775,53.808666,1
941,885,49.804688,0
2961,647,26.621084,2
18,2303,76.606110,2
629,1210,57.988403,2
2917,2151,29.203119,1
1411,1611,9.580257,2
610,2171,87.921371,2
2368,967,82.336861,1
162,2952,65.548203,0
461,1921,9.643618,2
2082,163,76.645767,2
2867,1520,42.115166,1
2820,1121,0.315250,2
2986,1487,67.812828,2
2660,869,73.050194,2
1598,2202,81.034019,2
2295,1931,11.268443,2
2850,1181,77.509270,2
1178,2570,86.723595,2
2462,505,97.097992,2
2803,2243,77.286240,0
836,549,24.549669,1
2824,1456,44.050739,2
260,2460,49.969826,0
2715,253,69.526787,2
295,2387,90.805557,2
780,1407,29.947018,2
1811,2823,73.077980,2
2134,2636,37.873684,2
2277,1080,54.024811,2
2392,2872,17.840433,2
1142,1843,1.844221,2
1916,523,76.453957,2
1000,430,20.369228,0
398,22,17.406012,0
830,1579,70.730614,2
2886,2081,66.076042,1
1897,2255,76.552719,0
2877,2112,65.278954,0
2952,1216,47.784912,2
399,351,48.402538,2
2384,2706,34.391270,1
1097,2992,42.349213,0
1935,2951,2.454693,0
1832,367,18.002306,0
1444,2949,48.080696,2
650,1408,86.393547,1
950,878,82.619858,1
1187,506,2.919734,1
1434,132,49.044559,1
440,1879,11.105165,1
2279,616,17.453661,1
2907,94,38.812901,2
2075,1888,96.079117,2
165,2013,55.018742,0
2148,2081,70.521690,2
574,711,4.311686,1
563,1056,25.791622,2
493,1076,33.817867,2
1780,100,34.770168,0
1115,2796,62.164505,2
904,2687,35.706501,0
482,837,27.538395,1
2213,168,66.729073,2
2330,1860,13.874784,1
33,2827,84.109200,0
1992,2232,25.910370,0
2325,1677,71.747917,1
2347,1618,49.374989,0
895,64,56.454525,2
2005,640,87.311279,0
1001,1398,90.915466,2
1051,487,81.218735,0
2740,2712,74.966698,1
140,2753,3.555000,2
885,1973,38.591076,2
2062,2318,6.550262,0
496,404,17.135492,2
1980,2125,93.937538,0
1605,1370,56.468204,2
331,1223,14.093072,2
1977,1353,82.974678,2
2155,2585,3.935853,2
2478,2528,42.019070,2
831,490,57.108070,1
2682,1236,34.560417,0
247,2906,26.453722,1
1231,521,90.730171,0
1804,589,10.704816,1
263,947,87.155655,2
78,1152,65.839615,2
463,1801,41.915459,1
2567,1419,86.224030,2
1306,2371,73.947845,0
1547,2835,35.716030,2
2598,2395,29.409702,2
803,1927,97.808006,2
2142,2478,39.724033,0
1393,2629,56.433270,1
1279,1784,56.319721,2
2918,2686,33.300556,2
745,526,51.859978,2
1425,2391,78.491852,2
783,1676,50.040089,2
2704,1099,86.859146,2
2658,71,69.720795,1
2434,498,46.474289,2
135,2117,82.708389,2
2436,1028,23.189405,2
1912,2328,55.035049,2
2062,2109,3.424696,1
2980,2337,91.338249,0
1798,1838,63.580975,2
2,780,83.790649,2
2636,2975,69.678848,2
529,2855,30.798779,1
1424,2677,69.328743,1
2948,1726,88.602249,1
59,2016,36.368240,2
1134,2350,85.909729,2
996,417,28.392056,2
2794,637,6.706667,1
109,837,75.355667,1
2970,589,15.317959,1
157,1126,61.510742,0
510,656,68.519379,1
2054,1042,41.294743,1
1087,1625,77.414284,2
1542,880,98.556519,2
997,1875,92.930077,1
1844,2252,52.843235,1
1602,1508,76.174255,1
1927,2934,46.897560,1
809,325,77.589783,0
1871,1118,51.574543,2
1959,1812,14.272841,2
905,810,57.029652,0
524,2197,83.135498,1
913,1324,39.978661,1
2806,2274,88.217804,1
402,2009,81.011253,2
2183,1443,45.358036,2
1925,44,86.055183,2
1700,2394,51.531364,2
1184,2125,25.303835,2
1889,802,20.847155,0
265,901,95.410370,2
1717,1316,86.599625,1
2576,2309,59.128006,1
1560,942,19.129776,1
1199,440,98.373314,1
138,1904,74.915070,1
141,2112,33.313717,1
45,1202,73.290215,2
2496,891,29.166529,2
1881,1123,35.573822,1
1234,466,64.516747,2
1962,788,63.466557,2
1487,627,11.410429,2
487,2061,62.592709,1
2646,22,4.350131,1
2370,2866,70.568398,2
2788,610,30.019058,2
1654,2609,50.969208,2
2590,2122,12.162222,2
263,1199,80.512711,1
2648,498,53.048107,0
18,596,84.612289,2
2829,907,0.998460,2
925,1300,22.025984,1
1789,954,57.111565,0
2918,2243,84.123215,2
607,1775,29.799789,1
715,2536,46.730858,2
2781,564,80.098854,2
344,1336,72.035492,1
1206,229,25.875885,0
111,2451,53.546448,2
2116,1770,29.078516,1
228,2658,42.542946,2
2133,1977,34.505058,2
411,719,59.478779,1
2354,529,20.038410,1
2576,1881,0.592546,0
1690,2258,73.438576,2
2165,539,73.087646,2
536,243,9.998448,0
2328,2214,83.122910,1
1437,2888,32.340385,2
1612,1982,57.448208,2
570,2026,8.387151,0
856,1311,18.107962,1
870,1094,76.412735,1
2626,718,21.229818,0
444,1742,37.679417,0
2169,576,79.275978,2
2806,842,84.481415,0
1486,1216,5.356238,2
1326,1126,77.392975,2
1360,1747,87.088860,1
994,2438,40.890053,2
639,2683,35.970242,2
662,901,33.811512,2
1771,1367,26.291679,0
2566,2261,76.943481,2
2140,2032,4.857042,1
689,270,10.596382,1
2788,1650,17.854153,2
1346,2471,70.987793,2
2632,2209,96.409256,1
1999,1058,73.628906,1
1208,2401,26.100744,2
2468,2183,89.734993,0
2816,675,21.519497,2
711,546,20.560932,1
203,1591,5.356198,1
879,579,80.841232,1
1113,2221,42.150986,1
891,85,56.058411,0
2569,1707,63.563530,2
964,1819,44.502258,0
92,2067,0.300654,1
311,2566,82.755951,0
1258,1176,20.288179,1
54,2872,46.496792,2
961,1318,13.680933,0
1109,918,10.562932,0
2437,1584,66.359261,2
923,224,73.998703,2
2665,2010,9.227279,2
130,1876,93.731842,0
540,457,88.519669,0
2111,1870,82.714745,0
1885,2746,7.314730,1
1442,917,52.345058,2
624,482,54.197891,2
1171,2630,89.405838,0
1080,227,24.106522,1
2821,1394,57.161396,2
1241,1572,42.524616,0
404,2747,98.219597,0
1158,82,24.862946,1
1813,1219,99.036453,2
1425,2472,21.918148,0
1146,820,40.660030,0
1094,1935,91.276505,0
2589,1790,48.788975,2
550,2399,68.668320,0
483,1342,93.990005,2
1998,2246,14.068144,1
2192,2015,60.160046,1
2579,2963,40.033447,2
2149,138,2.589925,2
957,473,25.251614,1
2600,1096,2.848649,0
2517,490,92.619141,1
1619,912,74.588844,1
2459,1002,99.960312,2
1584,2767,80.233574,0
504,19,93.223381,1
354,2209,45.847847,1
401,1674,26.562130,1
1854,1621,42.485222,0
2368,1588,28.765608,2
839,2181,27.412981,2
2997,55,88.707649,1
2806,534,23.271893,1
2407,2123,43.530628,1
420,1145,6.092378,0
2250,2457,16.685968,0
1473,1760,32.992146,2
1936,1902,95.940315,2
1858,1039,93.736320,0
1177,2105,5.677193,0
1956,622,25.470772,0
1970,1338,30.538147,1
1525,2650,86.210831,0
512,1684,65.216431,1
336,2549,34.951733,1
450,2447,97.571930,0
279,2013,22.494146,0
380,2708,22.919525,0
957,2995,73.839058,2
2597,1433,3.878821,1
918,994,11.723216,1
2560,611,28.762920,0
2299,1216,46.171967,2
289,741,91.010666,2
2860,1586,20.184956,2
2638,2529,79.666199,2
60,1679,23.344057,2
1925,1977,74.628654,2
1164,708,42.139553,1
1120,41,48.143799,1
2222,1638,16.748087,2
1713,2635,51.571529,1
2764,957,90.005928,0
645,674,85.895370,0
2470,1067,89.857056,2
141,622,16.216736,1
1629,1801,64.625626,1
1591,235,48.147293,2
1002,2282,43.436714,2
2859,2693,70.314270,2
2571,2027,5.106658,2
60,712,75.492210,1
2860,1989,33.127567,2
2661,1723,37.017895,2
748,2574,1.176920,1
1394,2696,66.389305,2
1266,1129,92.579796,2
24,1655,63.955238,0
1081,2763,63.376728,2
2717,1868,5.817859,2
2572,2671,64.464882,0
2203,1422,29.812531,1
80,380,56.126545,1
1051,2471,68.740067,2
321,120,47.921173,2
86,821,87.679626,1
1019,812,91.429420,1
2531,1515,16.714748,1
832,1882,2.344546,0
1764,2119,71.988136,0
2580,1252,97.462601,0
2356,2597,40.976734,0
990,1838,5.136592,2
2363,1872,87.533653,2
1575,2591,73.630394,0
1842,879,62.842110,1
2653,1966,69.953201,0
2773,1533,48.387745,1
1157,227,9.917964,1
325,1818,32.710533,1
2997,1412,22.188578,0
1291,991,33.252312,2
540,2955,86.476639,0
1249,143,44.569996,0
2609,1858,30.083773,2
1550,819,96.043457,1
1569,2374,4.704499,2
684,382,46.881195,2
2484,617,82.196602,2
2697,2000,11.418839,0
2017,1566,26.953316,2
45,2822,22.533566,0
2769,1339,25.014462,2
1049,2595,53.627987,1
1178,150,65.358498,2
828,2941,20.221783,2
2423,551,63.766144,2
932,1628,50.201244,2
779,943,54.890831,2
835,1691,18.762831,1
900,54,85.081261,2
2654,2064,59.569553,2
1041,463,9.721878,1
693,60,22.383341,2
1142,2598,68.926064,2
41,378,27.926382,2
1872,1153,2.459224,2
1809,193,89.090790,2
337,1879,55.031742,0
675,2340,27.088345,2
2319,1695,23.822567,2
283,198,34.055668,2
1055,1542,72.634201,2
2033,2866,63.993744,2
177,836,84.344231,2
1004,1491,59.582073,2
21,1726,69.503929,1
1517,1345,40.417553,2
444,2863,57.941589,1
1714,261,13.698956,0
2493,2806,75.355667,1
2171,502,83.784256,0
437,2514,83.140999,2
2614,1913,72.036774,2
2660,325,38.455212,0
1423,2208,66.139366,1
541,762,35.139469,2
1785,405,47.238518,1
792,2849,99.961983,2
873,1696,6.139906,0
2270,861,59.276344,2
687,694,19.080915,1
2081,1083,94.165161,0
461,392,48.149433,1
2712,1531,3.520592,1
790,1246,32.476757,0
2351,1331,75.860748,2
468,2415,80.859833,0
1933,1612,9.148246,2
722,100,79.165733,2
2781,2010,17.040300,2
672,762,51.020683,2
2679,2226,96.674637,2
1096,1723,28.573383,2
1695,1381,92.946167,1
878,907,35.935047,0
1415,1753,61.186050,0
794,2615,2.995311,1
17,2203,20.894785,1
2097,2613,34.143299,1
2677,280,52.739452,1
1967,2498,84.619614,2
2970,2272,70.299431,2
1530,2597,28.412512,2
1222,319,10.221435,1
2022,452,71.297028,1
1158,2253,95.776505,0
2036,1898,87.985725,2
1245,2615,92.298050,1
2853,494,7.352327,2
1575,2364,67.805382,2
1163,758,5.474839,2
1296,2852,85.225098,1
494,2781,93.363701,0
684,2888,23.629288,2
1612,453,32.924332,0
2349,1549,63.695896,0
2483,732,70.216965,2
1403,1953,32.904964,1
2536,920,81.812164,2
2833,2262,60.501751,2
1023,1240,6.197477,0
1908,989,6.919737,0
2356,1135,4.409136,2
317,2696,10.532982,2
826,2493,63.164223,2
2097,552,74.908813,2
1959,372,74.233215,1
1127,2787,97.242722,2
64,2990,33.622875,2
731,39,14.961553,2
1845,99,7.708928,2
1709,1911,74.887070,2
773,1355,26.657465,2
544,1048,26.559509,0
1899,1884,97.076042,0
1721,2015,95.105301,1
1877,2408,81.137276,2
49,829,18.770512,2
808,314,25.953829,2
584,850,70.190689,1
432,1889,84.026268,2
1021,2493,70.091324,2
2882,2602,54.387146,2
1895,2969,24.139858,2
458,440,53.256817,2
2413,1248,61.433849,0
1849,2726,91.753410,2
1982,637,27.203867,0
504,1573,42.565037,2
2318,2186,55.050552,0
187,2907,29.010761,2
2392,2441,87.197983,2
1418,1604,70.559555,2
469,1466,26.877531,2
483,2514,49.727787,0
2209,1338,2.827072,1
1860,2924,84.350945,1
2307,863,9.766755,0
1213,428,49.838924,2
334,720,79.831024,2
1548,2034,58.004204,1
1571,1059,1.039531,2
274,90,3.515315,2
1597,1225,44.067612,0
2739,2401,18.648914,2
2237,1300,47.926308,2
114,489,28.022778,2
1642,1148,98.596291,0
17,829,58.558788,0
1473,1464,17.686852,2
776,387,35.136520,2
1785,2395,58.614193,2
2531,2365,41.143143,1
583,1352,54.202072,1
2276,1431,94.334747,1
296,2223,50.503025,1
212,2428,2.395983,2
1545,1641,38.752140,1
189,2059,48.235725,0
419,403,21.461327,2
1659,853,89.298912,2
257,2968,88.146530,2
891,2737,95.466820,0
221,2348,25.215874,2
1506,704,84.156334,1
2143,17,94.510582,2
661,2632,39.857403,2
1239,1422,4.583858,1
1467,2097,74.383865,0
1625,1079,99.029564,2
1012,1931,37.364651,1
1305,2016,36.602810,2
151,1569,91.157646,2
1944,2249,81.544975,1
179,2436,35.336117,2
1723,1646,80.745712,0
2371,1205,65.294838,2
35,949,18.486801,2
1348,2120,97.562317,2
2449,2070,42.098381,2
2085,2718,65.792847,0
466,1023,54.225044,0
1422,1490,10.213192,1
2581,1921,57.092514,2
2116,931,54.728695,1
2240,2356,7.146672,0
2101,1482,24.342707,1
2396,2646,90.498436,2
2961,2272,22.306131,1
2935,752,79.993004,0
1354,1472,18.146593,0
393,115,10.169906,0
1482,304,29.146454,0
2788,2481,76.764046,1
2776,1923,8.346453,1
453,2076,95.479034,2
977,408,16.978867,2
1172,2008,13.065110,2
2844,931,18.480967,0
1515,2737,56.788586,2
109,2475,33.170650,1
1269,259,43.394436,0
1573,270,42.062424,2
575,2450,77.152878,2
2041,102,13.702324,0
2955,2141,40.231258,2
1863,743,24.372122,2
2010,2480,81.015663,2
1957,2714,11.135208,2
540,1437,70.248108,2
468,2135,90.115654,0
1108,502,74.197258,0
852,1059,80.931023,2
2418,2915,25.287697,1
1288,631,20.214363,2
1994,2118,57.982571,1
1702,21,60.441135,1
815,1004,41.108849,0
1869,2957,21.567902,0
2974,2077,88.492302,2
1991,773,94.975830,2
2646,2330,28.027676,1
1997,1866,94.055183,2
668,1403,76.395111,0
1589,2218,37.697674,1
665,491,92.149040,2
1701,2305,71.282768,1
1119,372,18.080351,1
45,1507,19.449390,2
2976,1885,35.194469,1
563,493,66.139366,1
2603,2747,30.314325,0
615,2490,95.499992,2
2892,791,30.731890,2
447,2339,52.750431,2
1211,2175,8.577002,2
1041,1185,18.193262,0
2639,1758,63.458466,1
182,643,56.208847,1
1365,956,60.067478,2
122,459,46.620167,2
2185,2757,31.795769,2
2117,2755,62.394054,2
514,1952,21.228529,1
1069,1109,41.610046,2
1668,991,49.286148,2
1467,2522,61.624077,2
2004,1204,34.789307,2
2873,1564,30.840332,1
452,261,59.872150,2
2718,418,7.066711,2
1205,2976,21.534756,0
710,617,85.935402,2
2501,780,51.238468,2
85,2149,12.294271,2
99,2446,80.242615,1
2262,416,18.064760,2
2204,386,70.917664,2
1936,2025,6.149429,2
1020,898,64.962990,0
1405,2893,21.539602,1
2584,1032,34.607883,2
257,597,68.480515,2
483,1504,11.971631,0
986,265,91.197479,2
234,2173,78.121246,2
1878,1723,58.308052,2
2689,1909,26.650131,0
1649,1898,74.072968,0
790,2409,8.008709,1
2447,1611,88.646202,2
600,1553,38.416840,1
579,1158,43.552879,2
124,2000,59.248474,0
610,2329,12.307494,2
2949,2102,62.022614,2
973,1782,84.323303,1
387,2188,68.204376,0
2992,1904,87.544342,1
794,330,72.971336,2
1232,1720,9.088559,2
1956,2389,94.322380,1
45,1225,4.558706,2
1863,225,33.808102,1
2453,870,1.808344,2
817,546,79.829491,0
1977,27,67.078438,2
708,1786,12.495704,1
2165,810,63.140118,2
1200,2487,65.730003,2
1595,1637,8.580159,2
1113,2537,66.659271,1
525,686,2.153290,2
1831,1670,94.563866,2
1237,2318,1.601984,2
1508,545,85.885132,0
1870,2624,42.884315,1
1867,546,26.410057,2
2153,1538,59.701763,0
2945,2442,64.362617,1
705,2623,85.081627,2
2058,951,20.815475,2
1798,1691,68.128204,1
114,661,94.983971,1
1403,1352,46.490177,1
1253,2265,83.251869,2
904,960,99.472710,0
2666,830,26.767939,1
1679,662,97.387009,0
353,1227,45.842388,2
1944,353,71.222427,2
535,297,44.460098,2
1971,495,91.984337,2
245,1358,37.030872,1
1322,2246,96.361877,2
625,1586,11.613864,2
2067,406,43.213844,1
786,2329,71.635201,0
2257,1353,6.825727,2
2586,948,91.010666,2
2876,1075,83.918106,2
766,2928,24.605091,2
2461,471,27.913265,1
2950,1938,65.127243,2
2184,1214,40.066250,2
545,2252,84.376579,1
2447,1019,78.518936,2
229,1490,50.278179,1
1298,2433,41.093979,2
1116,1020,67.353569,2
1736,2262,19.724749,2
1329,1074,95.883194,2
860,1916,88.501160,2
2301,640,3.293881,0
666,1007,49.805065,2
1849,2713,18.310419,2
1777,1327,2.092456,2
1040,169,15.701216,2
2327,2202,26.338596,2
1981,411,50.242523,0
1048,949,97.332123,2
2045,1781,18.665977,1
1925,296,37.434334,2
2189,1594,23.791084,0
2118,1419,86.579544,1
1840,1454,42.165970,0
2672,2594,12.737971,2
1079,651,82.285225,1
1069,2854,70.218910,1
589,210,67.273438,1
13,2533,92.657082,0
2578,2438,87.858727,2
1113,2803,34.380791,2
770,429,34.420147,1
715,453,93.190857,2
2526,419,3.861725,1
2138,1507,66.485123,2
1589,2318,88.088196,2
1269,878,47.339508,1
2972,2276,10.686875,1
2782,222,44.182190,2
414,1574,85.989326,2
1227,2861,31.144907,2
1236,676,87.436409,2
2037,633,32.615440,2
1777,582,5.069114,2
937,329,3.816777,2
1281,1601,94.918930,2
1162,313,40.685207,1
2991,313,8.072044,1
2203,2704,3.839757,2
2226,470,36.202236,2
1279,992,37.245449,1
266,856,13.050991,2
1325,1598,16.554220,2
1135,1864,10.408739,2
1875,2945,7.609008,0
226,2487,77.193642,0
1843,1137,25.687881,1
2121,2276,29.218063,1
1806,755,56.443008,1
460,2257,54.890339,2
2215,2188,35.373722,0
1765,1298,95.260223,1
798,1084,88.656540,1
2278,1785,30.731890,2
458,2134,80.659462,2
1190,483,39.299999,2
1052,2763,10.076658,0
2857,1101,36.455307,2
1415,1815,63.244968,1
913,678,91.630600,1
2214,432,23.732777,2
1763,2797,50.370567,2
714,1184,85.524948,1
268,479,17.395304,1
109,864,29.488575,1
1604,2144,12.466445,1
2775,1539,35.180080,1
1847,2556,11.589264,2
501,1735,45.855469,2
2020,2057,71.133888,2
2742,2078,76.217628,0
1905,832,95.586502,0
1634,2352,91.997398,2
943,2357,29.572105,0
2409,2789,22.204401,2
763,299,3.631331,0
2916,1424,94.767914,0
501,2057,96.228004,2
190,1307,22.575602,0
1199,338,81.206169,0
2769,110,43.307560,2
2775,540,88.218819,0
2586,1465,57.206635,2
1865,2846,62.792503,1
1338,10,9.493375,2
2217,1513,78.702431,2
957,342,9.535301,0
443,38,85.578926,2
2410,1377,92.946167,0
1229,404,12.905071,2
2565,1700,0.030809,1
909,919,20.797749,2
1131,1630,66.944763,1
1165,2999,10.356472,0
1367,2372,7.058826,2
1458,1443,63.394703,2
961,1305,5.038385,0
925,2874,50.552719,2
2972,1303,5.210318,0
770,1006,41.441807,0
2317,318,64.745377,1
2351,1983,4.279583,2
1686,1968,22.331619,1
2798,1534,97.900925,1
1142,892,88.268837,2
2593,2570,6.954288,2
1971,906,36.882282,2
1106,1646,42.025288,2
1576,2647,90.672211,0
122,427,28.445503,2
2274,1433,8.155208,0
2547,2378,22.498428,2
2624,1119,91.684868,1
455,978,85.849762,2
1661,370,97.240585,2
2416,1361,58.889492,0
2102,393,70.006981,2
1283,733,10.209569,2
558,2208,53.734974,1
1667,2038,37.627831,0
2726,2657,80.673500,2
2061,381,97.231827,0
2228,2521,78.354462,2
2060,2990,98.136414,2
2900,174,24.324120,2
2377,2073,25.818232,2
525,34,23.776384,2
920,725,42.542484,0
1443,2783,95.586502,2
2803,2252,38.904507,1
1100,124,71.113937,0
1452,2334,73.514389,0
894,1119,4.838652,0
151,2561,99.744957,2
1396,1897,58.135918,0
531,1945,58.578671,2
2698,1290,70.030716,0
1682,895,35.168598,2
1169,2929,68.418144,1
632,65,35.166489,2
2389,367,34.356071,2
2502,454,70.074425,2
488,827,40.920021,2
392,160,62.721714,2
1477,2828,78.710396,1
2192,2185,49.569016,2
518,1885,95.523331,1
1488,600,47.077957,2
287,1614,69.184937,1
1109,1490,99.230797,0
2897,395,45.728348,1
271,2489,93.514191,2
2480,2101,14.140560,0
1161,485,36.777206,1
977,2139,22.037962,1
2627,2193,84.323303,2
2456,1926,72.595329,0
26,2492,95.234459,0
2786,413,41.610046,0
1001,2568,68.072845,0
13,488,36.024120,2
1481,177,20.894785,2
1720,432,86.642250,2
2137,1932,41.903996,2
288,622,79.630447,1
2890,1032,89.393166,2
307,1243,54.471107,2
1444,2604,9.538097,2
1030,1723,33.822193,2
72,2212,14.550854,1
365,846,31.866310,1
452,2654,8.755239,2
462,2349,51.191292,0
1031,97,76.768066,1
388,1084,62.394054,1
2648,1227,70.664474,2
984,1738,91.685921,1
1144,2328,29.602818,2
2716,1602,34.144146,0
2850,1229,84.704834,2
2587,1339,8.756661,2
562,1852,92.951698,1
386,2739,82.727402,2
2403,1815,78.881783,1
1051,1853,23.752110,1
2747,829,47.977802,1
2016,2470,58.191174,1
73,582,35.801945,2
1500,2308,84.315430,2
621,879,18.346994,1
960,1449,38.981323,1
52,1082,35.072128,1
1985,430,26.334669,2
2180,775,2.958390,2
2898,1943,84.411163,2
2095,166,76.326477,1
2559,2396,90.005928,2
1460,1903,22.950134,1
136,2789,27.822420,1
2754,309,13.799306,1
2062,2569,87.401749,1
2529,74,45.375561,0
2336,2777,89.357857,1
1862,1389,17.280771,2
738,1455,88.732597,2
1940,1679,18.149416,2
730,450,39.726654,0
1131,2278,59.367653,2
1581,1214,14.876267,0
2961,31,68.041565,2
622,1834,50.933388,2
2727,465,80.660431,0
1461,1936,52.651176,1
99,2806,67.388672,0
1763,2236,24.213598,2
866,2306,56.191540,0
623,1069,66.523170,2
2644,2007,90.588707,2
1953,230,51.438511,2
757,1863,37.554363,2
2920,344,39.805840,2
866,1552,88.761513,2
156,1914,52.573872,2
1833,1411,18.541464,0
76,1579,7.617633,2
2034,2427,63.341316,2
680,2477,99.729805,1
936,365,8.957651,2
1926,2376,94.381973,2
1897,1184,35.118000,0
3,2331,26.187880,2
874,551,11.764279,2
927,1107,94.965149,2
1795,100,4.010289,2
1253,2801,39.611282,1
1229,776,59.053185,0
117,2806,79.719849,0
664,1095,76.798424,1
828,2104,7.706080,1
2134,2597,82.876183,0
2958,1373,71.934509,0
981,1198,22.985886,2
2353,1500,5.108243,0
1523,266,88.661613,0
161,2473,43.537746,1
2922,1003,42.361908,2
797,1189,26.339813,0
1347,1738,64.309196,2
1585,2399,17.680384,2
35,1314,93.134506,1
99,977,34.684231,2
2260,1230,35.074432,1
739,1050,74.025024,1
2767,2349,42.962318,0
2756,1608,60.739754,2
1775,1390,97.765488,2
2532,762,61.955601,2
1929,2713,69.538811,2
2859,1053,73.835129,2
246,225,10.816895,1
2225,234,43.655586,2
2930,1796,75.874550,1
1159,2094,49.345730,0
2885,2260,34.781193,1
1941,436,98.504501,2
485,2067,86.132530,1
1500,473,35.402237,1
541,758,97.008377,1
1980,1412,79.799202,2
1688,983,24.191965,2
1727,1481,24.201160,2
2176,263,42.466187,2
339,2655,48.149433,1
1250,1710,61.227627,0
1325,2748,23.801849,2
431,2032,58.729271,1
1343,1666,42.221218,2
2987,1792,32.615440,1
1843,1821,91.530823,1
2027,1058,65.460297,0
2275,104,46.155926,1
432,484,19.815830,2
1025,2695,6.917221,2
660,658,61.343407,2
2692,426,26.287170,2
1923,1665,74.313705,1
2228,2723,75.497169,2
152,684,72.154465,2
1071,70,68.218369,1
1638,2068,83.517982,1
892,1420,27.548613,1
893,419,29.166529,1
2740,1453,2.580264,1
1907,2404,20.723549,2
652,1500,62.168022,2
1823,2588,89.690224,2
2163,568,58.771538,0
2224,1157,57.450657,2
656,24,69.315750,0
2627,124,32.097912,2
1944,1783,60.155819,2
1074,1795,66.672302,2
924,171,25.592348,1
1621,2084,71.717896,1
1382,1411,99.666862,2
481,1959,69.325859,0
118,1415,24.231627,1
2976,1877,39.476753,2
331,1809,32.813137,2
169,1054,57.176781,0
2782,2832,5.346150,1
1972,1179,5.356255,0
1434,648,17.282391,2
1422,2561,42.238518,0
346,2331,75.428963,0
589,1323,0.453877,0
2979,348,42.354080,2
1224,2592,93.537346,2
1077,1854,81.684807,2
554,1656,61.754543,0
1402,1068,50.102688,1
469,1545,51.963142,2
912,1514,22.903330,0
2746,972,92.347298,1
1274,2640,30.043699,2
866,1052,6.598299,0
394,2923,98.776558,2
807,708,35.136520,1
2862,556,54.241688,1
1428,1471,12.716753,0
1646,2749,58.317390,2
2972,1357,32.707436,1
419,2688,41.023972,1
1842,2916,43.468758,1
1855,1182,46.403854,0
377,980,85.850601,0
1260,2854,35.842564,1
1315,2081,80.644646,0
1524,1560,52.056534,2
2741,1717,31.299147,2
368,2604,43.126987,0
1481,454,12.122779,2
788,600,11.660955,2
2262,905,82.302567,1
1292,1459,73.206657,1
1910,2398,83.573410,1
2811,2399,88.367020,2
1000,2705,25.519451,1
2258,323,89.661949,2
1692,1147,72.711067,0
26,1874,32.462864,0
2871,2395,73.322754,2
1747,153,8.486827,2
2811,2462,68.089493,0
217,775,46.604527,2
1637,205,95.140770,2
2751,1807,25.360651,2
1826,249,6.954280,1
1598,651,84.284981,1
2494,546,34.484043,1
2045,1672,81.069084,2
1616,841,3.152148,0
69,1152,7.301323,2
2322,660,9.851480,2
1510,748,7.196609,2
1173,548,62.573265,1
760,284,29.391029,2
2283,1630,72.760315,1
1367,2344,19.812176,2
789,2674,50.170700,2
2530,1069,31.593449,1
2970,2640,84.455391,0
2570,471,58.530487,1
453,277,16.710323,0
1064,2285,34.486233,1
984,1896,56.697163,0
2901,2292,92.004189,1
1818,1864,37.828762,2
1219,2499,49.197491,0
1608,665,42.905857,2
643,2391,29.872753,2
2121,2548,1.256339,1
1631,161,14.113006,2
2805,2813,6.395956,2
458,747,79.436096,2
2721,1497,29.226320,1
839,791,85.381119,1
214,1570,42.529205,0
59,724,31.581339,1
518,188,14.139718,1
47,158,87.008621,2
1516,399,20.214363,1
1981,1251,22.733519,2
1885,641,34.053947,1
2139,1443,9.942465,2
5,2383,88.775864,2
1386,2653,99.115028,2
18,1451,97.194336,0
1721,482,58.527618,0
601,463,17.171185,1
2149,1369,77.035141,2
2742,1180,31.742296,2
1342,148,27.475708,0
1412,376,74.926781,2
2198,1763,54.785095,2
178,2836,0.315250,1
1523,2516,75.838684,2
1516,1230,78.904686,1
1108,936,3.523949,2
2890,1198,28.297707,1
1443,2140,36.356674,2
1375,1691,12.605076,1
100,169,0.370863,2
2508,609,55.639305,2
1710,244,26.527010,2
526,1135,79.352150,2
1819,869,58.586231,0
2754,331,89.490822,1
87,2021,94.887970,0
849,1871,86.239769,2
1835,2692,67.098228,2
2013,354,0.703403,0
2273,2834,22.159475,0
13,2671,28.883219,2
2412,1199,37.969650,2
390,2362,10.406960,0
1402,970,61.516304,2
2504,1402,24.336630,1
228,1031,12.397846,2
550,2232,77.884888,1
2355,2780,66.042046,2
108,1809,78.917931,1
1620,2901,39.797466,0
2821,1649,49.132694,0
1651,1868,53.722878,2
2249,2398,47.450600,0
1764,2219,93.572723,2
175,2572,51.963383,0
287,1916,85.650208,2
2278,2106,31.719379,2
2603,844,85.129562,1
2520,1036,44.013012,1
1220,1776,14.887665,1
1276,1289,29.190990,1
1787,1312,19.535881,0
217,1093,19.519775,1
1719,1853,78.933281,1
1000,2174,43.847134,0
234,1233,15.463918,2
1590,2032,69.349304,1
2170,1340,17.248665,2
153,1963,92.678955,2
18,1033,62.049355,2
1949,1712,75.618866,0
1235,970,99.778015,1
880,524,46.536430,2
1609,348,31.960554,2
2168,2238,33.841045,1
478,2323,91.579140,2
2065,2641,12.010412,2
2324,2913,72.107712,1
2398,36,56.811527,1
12,2147,95.045868,0
690,2800,40.663212,2
1785,1546,13.633540,0
2151,1230,46.646053,1
2068,2182,71.910301,2
1439,957,86.912056,1
1556,451,80.641617,2
824,372,80.660431,0
983,2850,62.008007,2
1406,1348,64.237686,0
2497,2184,56.673939,2
340,238,35.487759,2
583,2557,34.116753,0
2294,1726,49.333603,1
1328,1280,3.394335,2
1583,787,73.137932,2
1724,947,65.735703,0
1863,2045,54.621838,0
541,1305,35.423473,2
423,615,83.388878,1
1617,1954,60.067478,0
2221,2240,31.174364,2
1888,697,41.905312,2
999,646,85.046455,0
611,1358,58.193539,2
413,993,66.043159,2
2186,1721,10.827124,0
1112,1573,17.847563,2
1241,749,59.975636,0
530,760,92.495491,2
1429,2794,23.015064,2
1480,878,79.435890,1
2923,1135,89.582687,1
2592,115,43.288956,2
1799,1933,91.386330,2
434,133,62.396332,0
523,2799,11.896910,0
828,1938,56.014240,1
2887,2385,11.964845,0
2056,874,94.013885,2
103,819,17.650234,1
1980,1318,25.956450,0
1095,226,93.861610,2
2408,974,65.459389,2
2698,537,44.746162,1
2262,1147,84.995285,0
2693,2010,49.694157,0
1789,1260,24.464613,0
943,1438,71.467575,2
1476,289,26.287170,2
2425,2615,9.873652,0
2389,1615,99.613670,0
1535,64,76.605911,2
2825,2828,23.488676,1
2920,1727,84.899193,0
1245,137,99.706528,1
2001,132,81.417297,1
2671,2795,30.223469,0
725,771,12.643968,1
1948,2597,34.198627,0
1915,493,25.051661,1
489,919,72.401398,1
2658,1370,30.385462,2
1153,1947,51.541920,2
1440,2852,29.164293,0
1027,157,32.103695,2
171,2088,26.412809,1
2531,2399,35.688393,2
1085,2946,22.811213,0
2561,2063,79.597145,2
2062,2672,47.538715,0
2888,1713,63.809685,0
1827,1146,18.057083,1
1596,1098,39.611843,1
2278,1603,23.488676,2
1980,2951,82.168335,2
2305,220,1.929564,1
2521,2027,72.232109,2
279,2874,38.662781,0
818,2413,4.513192,0
2138,2816,84.015656,2
2536,621,33.385345,1
2038,2992,92.060593,0
363,1980,84.917267,2
1348,2112,11.558845,0
1434,1566,18.759125,0
2784,2725,56.154858,0
1082,879,38.047733,1
2157,1822,82.061302,1
1084,2910,26.666458,0
1295,1101,48.408070,0
2874,2353,81.342499,2
1762,1138,11.638515,0
2241,1590,41.186562,1
275,215,47.063438,2
1407,865,14.296919,2
2400,10,16.651527,2
1169,1511,29.608368,2
2807,752,90.711861,0
1430,1471,60.091839,1
152,2374,75.023758,0
2558,2928,51.963108,0
2137,2422,16.599314,0
2249,1687,49.584396,1
1975,2727,75.885788,1
2228,1789,22.736490,2
401,1356,30.307138,2
1821,1596,46.563896,2
1579,1148,97.480675,0
2394,826,11.927742,0
683,1896,89.462845,2
2279,321,16.032557,0
2,1801,26.035404,1
2960,2462,2.711202,0
2645,724,70.091324,1
1425,714,58.586231,2
743,1737,58.465111,0
706,196,46.084614,0
2574,202,28.088633,2
227,2941,14.766358,2
2391,1904,8.387029,1
2013,983,57.381092,2
362,1906,93.728439,1
2522,796,34.160175,0
2873,431,27.548437,0
1469,2520,21.383121,1
1075,1899,14.711173,1
422,1588,97.003403,0
2348,2122,68.489914,2
2257,1986,77.219292,0
949,2157,34.020020,2
498,337,76.792549,0
2305,2134,75.386101,2
1899,2043,10.893477,2
2793,856,69.141953,2
2340,1375,65.290741,2
1450,506,82.876183,1
401,2537,22.584536,2
1371,2712,64.840004,1
625,2782,53.242393,2
2101,2582,92.109627,1
1787,71,92.004189,1
384,2022,89.000443,1
2583,1063,97.503395,0
931,1516,80.930084,1
2620,1554,34.437180,2
2844,2744,66.618607,2
96,233,77.523857,0
2273,209,65.457359,0
2196,409,19.425959,0
2723,2089,13.573191,2
1410,2657,81.957855,2
2952,1765,10.596492,1
10,558,68.409599,1
1488,1025,27.203867,2
2890,647,86.907860,1
851,824,18.815365,2
2853,1330,96.613937,2
1239,1210,14.202901,2
1376,2304,84.156334,0
1941,1177,96.546700,2
2681,1874,73.484703,1
114,398,29.540148,0
225,80,68.840637,1
1044,1455,19.282616,1
79,639,46.425316,2
1087,1255,75.568100,2
1725,1302,87.078331,2
1228,211,18.149416,0
2593,1751,1.255069,1
1877,2525,72.154465,0
1609,460,84.485199,2
2508,1063,52.843235,2
2005,2481,1.765983,2
2498,2393,62.301758,2
1503,142,40.752865,1
2310,1394,24.083748,2
1170,2041,1.229311,1
2406,2360,98.959633,1
2297,2691,14.536725,2
365,2979,2.915415,1
283,1347,2.925195,2
499,1832,23.799328,0
1571,126,66.463524,2
2515,2184,35.574795,1
363,1412,35.826729,1
2227,2134,56.008297,0
828,246,44.632362,2
1545,1654,91.242325,2
273,2666,78.933281,1
1233,834,66.709389,2
1541,2653,43.440136,2
1703,464,97.872894,2
760,2403,9.309283,2
2671,718,86.224693,0
1336,463,84.103638,1
439,2993,6.636443,0
314,1273,6.197477,1
1674,1827,11.998993,0
2766,1520,85.421127,2
1023,1063,39.492905,2
2501,1866,99.036598,0
1443,718,53.309017,2
710,1055,25.993589,2
1570,2673,54.826015,2
202,223,49.058300,2
2590,2725,83.854126,2
1506,1020,19.949064,2
2615,284,23.033463,2
2058,2926,20.046062,2
2915,1118,74.691803,2
2333,2669,33.193855,2
2295,120,38.295273,2
1756,1734,81.233368,2
1151,267,73.560211,2
1890,2276,19.311052,0
1761,2006,44.135830,2
456,2901,23.607260,2
1181,2007,41.343410,2
962,1813,36.662884,2
1335,1010,52.794327,2
1800,2980,13.215469,2
2110,624,68.966454,1
1360,2894,13.640573,1
2813,2576,51.055019,1
1267,920,83.907707,1
2442,706,84.755310,0
442,1359,50.675148,2
2911,1841,19.831596,0
506,1771,80.882591,2
2266,2708,92.814095,2
751,2996,3.970031,2
1730,2340,2.158895,2
1732,1810,80.099579,1
2847,955,23.028311,1
1828,110,53.936943,1
872,526,26.788754,2
2639,576,18.930569,2
2974,2070,74.103554,1
2817,1818,19.931646,0
2982,1829,99.422607,2
2744,2056,12.445011,0
1831,2186,70.058571,0
452,161,63.380291,0
1912,327,54.282249,0
1255,1203,96.261703,1
642,2313,4.183581,2
1369,1206,90.211601,2
589,1997,80.446869,2
2069,2977,23.463844,2
2545,1322,44.343708,2
2225,943,0.750007,1
872,450,36.938778,1
401,2606,59.772224,2
2437,1345,40.822243,0
1922,895,52.053947,0
2100,1671,89.974449,1
2654,2420,4.540216,1
2627,2162,67.607872,2
2477,1867,29.821184,1
1747,2035,14.671764,1
2380,624,70.942139,2
528,2041,63.363922,2
2929,2762,17.962858,0
1427,587,57.228863,2
1938,2514,94.834190,2
442,185,1.456724,1
316,315,25.974110,2
1974,52,8.728236,0
1680,7,76.960510,2
202,1247,80.303963,1
499,355,92.745979,1
649,1254,73.945465,0
2502,2660,57.882969,2
581,1481,55.751007,2
0,0,72.764252,2
990,1068,67.907639,2
2688,643,75.631470,1
2836,708,82.297691,2
2760,853,62.883591,2
1865,32,3.563673,2
2404,877,9.994461,2
1817,2189,52.584831,0
306,1674,51.500793,1
2133,131,41.748936,0
2687,625,19.024691,2
915,168,87.329407,2
841,1753,77.090569,0
2542,2351,86.646202,0
2582,201,80.931023,1
2141,294,96.632645,1
1622,2846,58.203514,2
1581,465,71.330627,2
2289,23,85.004410,2
317,498,25.610582,2
1808,2798,11.991476,2
1850,2212,81.431297,1
2481,278,43.612717,2
2304,2236,79.306129,0
848,1962,5.316911,1
2138,833,76.218811,2
1519,1843,86.170525,2
1714,1673,1.176920,0
1441,1837,8.485249,0
1119,1401,11.691004,2
2847,148,38.566849,2
239,2664,43.124737,2
1554,2690,5.126660,0
2787,2797,3.492388,2
2227,2934,74.012497,2
2421,496,21.005030,2
1525,2669,40.452576,1
1098,2846,91.841934,2
2029,2232,45.819618,1
2063,1054,96.114120,0
953,2867,83.505806,1
697,327,54.201485,1
2756,2436,89.354485,2
983,1741,1.535773,1
549,247,94.070465,2
2615,1607,15.823926,0
206,2120,92.559708,2
2335,2392,98.536682,0
2192,1990,5.696044,2
272,128,82.319572,2
2785,1603,63.371151,2
2017,1485,81.255913,2
2499,1310,84.344589,1
1588,1744,99.271782,1
2624,579,59.721272,1
908,459,1.105445,2
2954,1966,26.881433,2
406,1138,11.141354,2
614,330,8.565674,2
384,1530,9.012503,1
2112,568,83.210457,0
2547,1488,14.686365,2
392,248,88.244911,2
2490,106,28.325142,1
642,2936,29.031345,2
482,434,34.365650,0
1018,1049,70.562866,0
885,1981,33.426167,1
2519,464,22.162624,1
2930,2574,70.946770,1
2572,1339,73.322754,1
1593,1991,28.307079,2
394,2857,64.346863,0
2134,634,19.598555,2
1137,2232,49.297428,1
2792,2600,79.370728,0
2883,113,41.628326,0
1311,1330,66.514404,1
2425,1928,78.023666,2
908,740,66.798012,2
1674,2788,14.075836,0
2064,2113,1.144842,2
399,1068,11.998993,1
2977,56,86.327530,1
2729,2071,65.651810,2
1743,999,93.269661,0
1241,2106,9.196688,0
2106,1756,29.045603,1
567,502,68.280922,2
2976,1674,61.487247,2
2639,748,95.628525,2
2436,2550,98.044250,2
2244,2733,91.630249,2
2826,2452,34.130215,2
1694,1363,72.510330,1
1141,2320,99.616669,2
2477,1180,93.778915,0
2532,1633,93.158844,1
869,2072,9.779844,2
1733,2137,52.945606,1
2199,1264,33.311592,1
2292,483,48.568726,2
2057,872,46.839573,2
1111,441,21.897545,1
809,72,15.179010,2
707,2743,28.325321,2
1630,1706,19.871719,0
2616,388,9.154387,2
2471,2888,5.416741,2
1799,544,36.994232,0
2015,2207,9.489436,0
2262,2470,94.400963,1
170,1119,36.883045,1
187,1672,60.446884,2
1113,2391,25.027203,0
1435,149,10.970726,0
1961,2879,66.862465,0
1391,593,88.076057,2
2582,217,42.460110,2
1346,820,12.074743,0
1436,1616,11.275373,2
2381,276,37.152225,1
2766,2495,14.427289,2
2217,914,41.714329,2
2031,1302,69.432114,2
539,39,67.591522,0
832,602,7.052036,2
2256,2833,91.918030,0
2786,1746,4.432404,1
902,854,80.483376,2
2076,2136,6.698953,2
569,1457,15.100606,2
572,2320,75.288719,1
796,2807,91.958061,0
2839,1355,33.006695,2
848,593,35.143318,2
1781,1587,90.226433,2
2595,933,5.251677,1
2719,1805,63.067688,1
2690,2797,77.188293,2
2190,2463,90.994507,1
2576,2838,52.874130,1
876,2363,10.517188,2
501,368,48.873474,0
630,734,85.260330,2
1037,2106,63.131039,2
589,2080,63.859116,2
1863,1714,90.710335,2
2144,2823,87.595619,1
1952,1569,99.022667,2
572,1105,49.755650,2
2440,1521,43.299725,2
1032,203,38.661404,2
2850,1582,3.999050,2
785,539,47.089909,2
761,550,39.783695,1
2399,540,73.163002,1
970,1852,57.255253,1
690,1172,63.377209,1
225,2439,8.667992,0
2222,2938,3.270973,0
2572,2833,1.918125,0
1048,2403,95.673622,0
1922,2602,97.608276,2
2729,194,34.709869,2
1208,872,3.419102,0
639,2504,87.155281,2
266,1216,61.845284,2
2132,1379,90.280151,0
1084,2774,98.317146,1
2779,370,93.768196,2
324,2753,34.748985,1
1079,653,81.373978,0
847,2040,22.975443,0
1373,1061,99.769882,1
1148,1770,44.765930,0
2964,1933,61.649105,1
307,586,39.990856,2
389,336,56.200363,0
1399,601,87.556458,1
2818,276,6.550284,0
185,345,24.106522,0
1233,2212,85.753555,1
2064,1198,77.803520,0
2330,1462,63.993145,2
2554,1094,97.458290,0
1701,1528,18.163416,2
2425,348,68.342003,2
2540,64,44.745590,2
2450,859,70.355286,1
2887,111,6.739245,2
2009,2198,58.569813,2
1877,1345,51.363823,2
516,1552,64.437218,2
748,78,40.036530,2
512,304,10.592547,1
837,2558,19.515324,2
1490,956,11.646871,2
734,1245,70.605988,2
2312,1231,64.571808,2
715,2831,19.205055,2
2031,2395,70.236160,0
2268,2897,32.463959,0
1236,835,59.008091,0
558,2137,20.915489,0
1885,1190,28.833481,1
1497,838,61.487247,1
771,2389,38.648785,2
393,1890,35.944527,2
1641,10,1.918125,2
350,2223,5.762431,1
1997,1265,76.628174,2
2633,836,84.103638,1
1830,57,64.605263,2
206,1212,65.138794,2
1570,2508,78.127449,1
222,478,47.379910,0
1789,2564,2.134518,0
600,1406,66.889786,2
1754,2445,38.064304,0
373,468,44.920963,0
2479,881,6.107634,2
1012,1622,53.482403,2
1854,2568,52.056534,2
1805,2554,79.853241,2
695,1148,70.312187,0
2542,774,67.607872,1
1332,1327,46.489391,0
697,1914,37.764362,2
2500,2842,48.173428,2
2703,1122,63.524532,1
2593,929,25.808344,2
1955,249,88.724228,2
746,2283,70.697861,0
29,1120,43.924675,1
294,1857,44.463062,0
1714,2748,80.799011,2
2550,2676,46.757626,0
1730,186,20.797749,2
2966,156,16.630905,2
2116,2501,6.076954,2
976,950,56.304596,2
1432,1548,54.829494,0
2039,1065,42.238518,2
2131,2618,1.914845,0
752,2528,38.911652,2
488,1163,92.131264,2
2796,232,27.656443,2
717,2825,31.241915,1
920,2453,77.083717,0
964,2271,6.731661,2
2796,2903,90.256744,2
2161,1485,2.065657,1
1122,338,19.024691,2
173,512,44.772610,1
2831,2480,25.933826,2
2209,2350,16.162306,2
2906,549,34.893188,1
225,2005,43.041245,1
691,2593,12.669359,2
1573,2830,73.842422,0
1506,2918,54.201824,2
1916,2370,72.689949,0
1907,612,4.804075,1
2118,380,80.425537,1
2363,377,49.490162,0
2678,1220,6.115571,2
2252,1891,71.515434,0
821,833,32.622490,0
1518,842,34.238846,2
16,2946,92.005714,2
247,37,78.146538,0
1350,2549,10.318565,1
329,221,62.619022,2
2788,1083,55.683739,1
1182,730,93.352852,2
2069,2783,54.173542,2
2123,1794,45.351151,2
2701,2686,71.956070,2
1107,2730,93.148277,0
2272,2508,34.827030,2
2854,2246,89.031136,2
223,2555,39.249805,2
328,1403,43.970123,0
351,2094,56.601189,0
2950,2158,94.971710,1
2075,1174,15.843000,0
2468,2376,74.661980,2
1172,1825,27.973904,2
1627,2582,90.692268,2
1914,689,29.466177,1
978,1491,31.414335,2
1881,2441,96.174103,2
1114,1831,77.244713,2
1293,1248,86.750595,0
2230,106,59.837833,1
2752,2082,81.789963,1
1700,2836,65.999176,1
1506,2472,41.121227,0
1983,1522,8.634905,1
2784,1537,64.360016,1
1411,1520,15.531925,2
87,616,65.242920,0
736,1302,65.950127,2
2861,2358,56.649784,0
1179,2833,90.099503,0
2881,2849,35.205379,1
65,1445,45.877697,2
2111,2731,66.042046,1
1671,363,35.019623,0
1102,116,55.130035,0
163,480,3.127505,0
1593,520,54.395882,2
1120,797,42.649944,2
2880,1660,72.822235,2
2099,193,82.974678,2
2203,1372,88.653801,0
116,2793,28.381451,0
828,204,26.995251,0
1312,305,71.195168,1
810,1505,1.725224,2
2388,2759,3.797636,0
2608,1982,69.793869,2
1033,1388,77.784142,2
2434,1660,90.468246,1
768,1666,40.591236,0
1737,1535,40.453835,0
1297,2139,92.469566,2
1420,2220,64.700325,0
355,579,3.653573,1
638,2985,78.023666,0
2231,2271,80.233574,1
2107,923,60.170860,2
1521,1685,92.869186,2
446,759,89.220810,2
1738,451,17.040571,2
74,2955,17.617533,2
479,1997,92.869926,1
2131,872,22.562008,0
2348,1442,18.994020,1
2881,2419,38.631618,1
90,987,28.356228,1
1182,2838,68.821053,1
1029,95,85.157913,0
2288,32,53.559113,0
2596,1705,86.345894,1
2813,376,32.616444,2
1331,1333,20.910625,2
369,1399,0.930795,1
1351,1520,87.086555,2
1292,1135,21.164978,2
1548,2659,36.144211,0
2680,2609,94.099571,0
68,813,90.345940,2
1243,2739,76.402725,2
1370,367,74.279320,2
1621,1478,7.903296,2
769,2133,96.161110,2
1984,1453,57.338596,2
502,536,44.397507,1
1541,878,45.245968,0
2486,2254,79.427544,2
537,1215,40.585537,2
1577,224,92.864037,2
1461,2083,16.150686,2
1928,1308,88.575562,1
975,1832,7.422782,0
2882,2311,18.544102,2
400,2989,46.221802,1
643,2615,71.090286,1
1912,260,35.781837,0
184,2928,43.972317,2
684,1396,28.048824,2
2571,1537,74.211624,2
2983,1087,59.642441,2
1798,2141,14.891604,0
949,666,87.935112,2
1429,2435,31.657288,1
2215,474,34.861015,2
682,2353,82.215782,2
2725,1983,84.599319,2
888,1397,20.080259,1
286,48,90.704002,2
2547,2327,83.782089,1
1164,1528,26.076797,2
2766,376,44.502258,2
2674,2924,31.755009,0
2204,2343,32.418976,2
824,2225,58.923824,2
2331,979,84.899193,2
430,821,83.882309,1
436,66,48.410942,1
1324,2747,85.175980,2
2485,1721,60.446884,2
2604,1584,79.928680,1
1940,971,63.620293,1
2551,2738,41.249546,1
1036,2346,18.727177,1
1930,2353,41.165291,0
147,567,3.002234,1
2663,2425,18.096626,2
629,540,58.662125,2
1405,1,37.964901,1
245,2131,5.186888,1
1926,1185,92.339699,0
2026,829,57.743198,0
683,2211,4.152634,0
776,1773,22.337072,0
2869,1650,70.167915,2
210,2985,52.716335,0
632,2520,91.617424,1
553,1710,81.884323,2
304,1007,11.209196,1
963,515,53.317844,0
2080,145,67.080795,2
2998,1818,47.415653,1
2970,1453,74.959389,1
1658,2232,0.515996,2
1586,849,11.166618,2
10,811,56.645813,2
23,1905,54.842823,1
1193,260,53.967049,2
610,1009,17.746244,2
420,1361,2.003688,2
2859,1748,43.357624,1
2033,675,13.607388,1
1535,1592,51.526676,2
1151,2668,0.657350,2
169,2895,19.428761,2
1934,1717,97.024605,2
2413,977,98.399872,2
2177,2203,76.102997,1
544,2728,89.064224,0
2830,45,98.565575,0
2732,2710,1.046652,2
2697,917,58.312962,2
311,2571,8.043034,0
466,1059,20.999041,2
72,1028,43.576473,2
2307,438,13.500653,1
2063,1346,63.740192,2
2968,1193,50.657272,0
1747,2729,8.695992,1
1110,653,32.542778,2
1548,1180,18.008965,2
2089,2097,27.665155,2
170,1195,70.645271,1
1386,2761,44.597111,2
15,2781,95.349632,0
2073,1440,21.461437,2
1383,892,70.479729,2
2558,2014,23.189405,0
1673,1002,32.852047,2
1840,2562,16.910231,1
2716,834,76.269051,2
627,2575,29.801300,1
2407,1621,13.954981,2
1516,2286,50.613434,1
1537,933,56.108521,1
1975,1478,8.687299,0
1892,1504,77.947319,1
1167,1442,18.877119,2
46,557,27.924540,1
786,2102,42.391132,2
1176,950,27.924540,2
1676,50,74.549400,0
65,1060,99.797905,2
1239,1647,23.956682,0
537,379,6.346944,0
658,1044,48.873474,2
2659,921,67.580338,1
445,2899,68.037010,2
2159,1730,17.859592,0
182,833,87.476135,1
528,1956,41.310486,2
1861,1990,63.476643,2
825,1059,94.175049,0
1398,6,64.268486,0
1975,1719,35.819374,0
987,886,17.473356,1
2000,725,22.393209,0
2879,1490,22.025984,1
2227,1651,87.571465,2
1191,2495,61.685795,1
419,2570,51.802513,1
216,895,2.120616,1
1625,2460,29.847765,0
2273,2427,76.791695,0
774,1937,62.826332,1
2563,2784,5.186888,1
1526,1766,12.937144,1
1697,1162,67.902016,2
1015,417,51.817562,2
2087,588,85.589447,1
1391,2095,57.300659,0
1935,2449,52.160866,2
542,208,16.828382,2
2227,2708,20.565968,2
2800,1156,20.997595,1
1096,513,35.291931,1
144,392,89.847870,1
232,1600,6.517659,2
25,186,63.542824,2
2499,1833,18.385675,0
1591,1336,20.270119,1
85,730,9.196996,0
1322,955,15.630252,2
1892,47,2.626633,2
2952,2874,31.436525,0
742,2179,78.626381,2
148,2479,65.290741,2
288,10,80.121155,2
431,713,47.474659,1
1270,2313,52.417713,0
2733,1926,86.254379,2
2009,2767,61.983807,0
2321,212,77.686226,1
2654,58,16.860161,1
330,593,62.758091,2
507,1701,73.842667,1
1935,2003,76.768021,0
503,2045,47.240654,2
671,1706,88.020416,2
2724,360,85.242104,0
1901,1152,37.680443,2
193,1918,87.383652,2
1600,1109,76.833252,0
1773,2635,20.026506,0
2112,2470,37.116367,2
1511,2934,6.841965,1
109,506,33.863632,1
1342,473,25.360651,0
1937,25,26.036989,1
1190,1284,43.214523,2
1974,2259,99.152374,2
1559,544,21.926252,0
528,2046,69.141953,1
1750,657,90.520508,1
2723,2649,54.704277,0
2430,2540,26.833555,2
1977,2553,48.702400,0
2997,658,35.235214,1
1878,809,48.239334,1
1840,2804,31.969477,2
1419,1982,53.818150,0
2749,675,71.824303,2
1202,145,49.365791,2
210,2671,36.648369,2
86,13,88.716560,2
830,747,52.147312,2
346,400,57.248676,2
105,116,2.849723,1
1178,1980,27.218990,1
2043,1917,71.119194,0
529,1847,50.363190,0
1777,62,91.310760,1
2246,2709,34.770168,1
809,2543,53.242393,1
2418,927,56.668736,0
1315,2272,67.396835,2
733,2267,81.158791,1
2873,92,31.175095,0
828,297,37.652103,2
2970,1675,71.031570,1
1930,1293,11.478113,2
2174,1050,25.936148,0
2826,1321,50.093552,2
1536,748,92.646767,2
275,1425,73.232048,2
561,1685,65.874031,1
684,1479,98.291260,2
2207,1814,94.275162,1
1407,2749,46.511826,2
2568,1009,95.695259,2
169,2604,16.897230,0
7,218,71.467575,2
1615,1100,53.340965,1
1382,2811,19.435225,2
2508,1148,46.484562,2
1173,741,29.795864,2
1283,51,82.339493,0
1638,939,30.730564,0
702,1720,81.135971,0
1221,1977,91.998436,0
2856,2158,19.560211,0
606,2114,89.922615,1
2531,919,32.118660,1
2252,2404,36.024120,0
1885,253,8.356337,0
1988,1519,59.025635,0
780,2089,2.512299,0
1647,1662,29.197210,2
1542,346,70.030716,1
1217,428,80.508263,0
1113,274,17.980871,2
286,435,79.399529,1
7,1591,68.204376,1
136,2019,3.565428,1
1120,990,90.425659,0
2703,2725,11.602207,2
2209,1936,10.349400,0
351,313,23.133476,1
374,2820,67.412300,0
2507,1876,23.285385,2
20,712,16.311172,1
2018,2336,13.573191,0
1482,1133,37.789745,0
2762,1162,45.605503,1
1949,1859,12.482799,2
1704,2191,8.622150,2
2583,2346,2.786908,2
1608,405,85.260330,1
1500,125,15.681268,1
440,1674,23.548975,2
1962,2282,98.004059,2
2936,2506,66.554855,1
736,1030,55.189373,2
1414,2391,35.911194,2
1165,687,14.515094,1
1727,226,11.224563,2
2609,961,87.705215,2
695,2645,68.659782,2
2852,1559,71.988136,1
871,2624,83.294373,0
617,2654,53.832581,2
2932,272,8.136314,2
956,2202,35.166489,2
1444,763,37.673759,1
973,2195,9.232752,2
2198,2574,57.719009,0
985,1874,21.754473,2
651,2082,41.968872,0
1470,2341,11.891131,2
1521,1326,81.034019,0
1852,534,57.854549,2
1677,1405,76.602699,2
453,2707,10.592255,0
1930,2820,26.555025,0
612,1471,20.571651,1
1167,684,16.612362,2
1871,176,74.457733,2
1630,2844,59.241680,1
413,208,89.708954,2
2978,434,68.736992,0
2759,1550,97.360634,2
2232,1053,87.368813,2
2858,2494,40.028831,0
725,1898,41.620419,0
2235,993,27.001091,2
2481,1398,58.924320,1
1829,2259,14.054726,2
2266,377,72.594727,0
918,1491,71.645432,2
2531,2449,63.684261,0
1668,2601,95.487610,0
2633,2024,63.000412,0
803,1745,54.648731,1
452,2828,98.816345,1
2332,2817,36.438641,0
2241,1891,96.546700,1
563,1069,21.607943,2
858,611,31.626211,2
1356,392,43.209866,2
2315,1793,40.317650,2
188,333,39.661640,1
910,2821,2.925195,0
1955,2298,93.270195,0
1742,576,19.778854,0
2035,1292,12.011874,0
2563,2780,33.258793,1
829,2093,84.792786,2
2902,1139,51.793053,2
2007,439,27.475708,2
483,423,69.122215,2
444,2226,40.148060,0
1762,2034,43.835964,1
2965,2287,77.698990,1
2032,850,44.862637,1
29,1097,46.881195,2
2,2162,46.815701,2
2955,1403,78.750984,1
1732,2378,18.911394,0
1060,577,89.267502,1
2535,2731,85.869255,0
1359,1570,6.095025,2
2174,651,43.562504,1
1214,2426,8.074919,0
1049,1887,64.356102,2
1876,132,59.435692,1
1786,1086,40.210808,1
2502,1653,85.558067,0
790,2270,65.625648,2
1490,972,33.194740,1
2985,753,29.164293,2
2614,2050,64.023293,1
950,124,27.562712,1
2079,1767,31.420744,2
1010,2992,87.772385,0
1778,1729,36.368240,2
2921,2046,30.244589,1
394,208,1.929564,2
1228,492,59.598553,2
664,203,56.260296,1
563,736,20.541632,1
935,1641,12.927173,1
1202,1803,43.012390,2
979,2814,90.777344,2
771,1144,91.805473,2
1143,1300,78.123764,1
2137,1733,6.330895,2
1760,1037,1.490683,2
2166,2600,15.927387,0
1658,753,39.382545,0
2303,195,73.332642,0
348,2626,8.957510,0
13,569,92.221764,2
2148,1640,79.563652,0
21,61,23.719276,2
576,1385,16.666847,2
2963,2114,10.596492,2
1551,1028,28.731609,0
1651,1077,48.848907,2
1689,2190,97.221764,2
1571,365,84.723686,2
707,222,37.546280,0
2439,1410,58.159718,2
2386,89,39.319824,1
1224,1939,44.632362,0
1439,2188,80.076317,1
347,2861,78.552162,2
797,2407,54.870743,0
903,1416,10.378836,0
2695,1251,36.769924,2
1784,2511,15.066723,2
1774,1214,10.044086,2
2580,154,15.782860,0
1372,1815,73.953629,0
2232,356,90.521278,2
1561,2264,20.120411,1
310,2215,13.764568,2
1971,2102,98.340172,0
2106,2328,68.541336,2
1105,2224,22.016920,2
1042,1378,77.701302,2
2547,1354,42.874084,2
2990,1505,61.312721,2
2699,2300,38.385967,2
1256,2394,89.505806,2
2433,1997,47.232433,0
1897,1339,35.319340,0
1768,159,94.144371,2
1043,2084,20.049500,1
1544,1063,41.562550,0
1100,1552,93.032661,1
586,1468,12.308555,2
1489,1866,51.817562,1
2791,873,90.116989,2
342,1585,50.921032,2
1025,164,40.324135,1
1926,94,49.529579,0
216,854,64.022156,0
700,705,75.867706,0
1461,1711,97.301346,2
2116,1415,63.003101,1
1474,1175,60.422913,2
2032,1409,61.014782,2
2227,2128,65.538254,0
647,2998,34.472759,1
1,921,17.843140,0
1447,2123,63.874603,0
1055,2900,83.145111,0
2260,442,52.436852,1
442,2319,51.309483,2
1586,1742,33.047527,2
2695,218,53.679249,2
131,1642,83.512344,2
2793,2608,25.128757,1
1632,491,17.160534,0
2942,743,22.211710,2
2772,2761,0.596938,2
2403,2613,70.435181,1
1356,1811,78.874451,2
1589,335,84.597366,0
2901,398,77.286240,2
32,581,76.833252,0
671,2709,64.022575,2
591,149,71.741615,2
621,195,74.290382,2
1566,490,89.322098,0
1423,2978,43.887440,2
2446,2741,21.885777,1
1454,1736,74.933945,0
2188,2809,78.526901,2
2093,2377,19.589361,2
2241,2555,55.657364,0
352,909,5.640072,1
355,1905,23.799328,1
1638,366,95.132126,2
315,28,8.496196,2
1993,2239,67.491379,2
2494,805,80.641617,2
2918,2691,80.982162,2
2926,847,74.796928,0
2131,172,10.425058,1
2910,363,82.998680,2
2132,551,58.101009,2
557,355,25.750013,1
2347,457,7.886569,0
1285,464,75.127457,1
2896,1141,47.831200,1
484,217,92.729996,2
930,2930,2.359890,1
2359,680,95.424980,2
2625,1838,95.389076,0
950,1144,38.486408,2
2906,1323,36.637699,1
2297,2591,37.807941,2
614,2272,35.598370,2
1203,2069,15.227882,0
2710,608,41.128597,2
683,409,6.696934,2
1689,1094,53.599640,1
615,385,17.395304,2
1443,931,3.317393,0
1343,2773,84.757355,0
1545,2882,6.124596,0
2881,776,34.234219,0
1602,2310,58.084831,2
1602,1555,73.424721,2
2684,723,36.815659,0
936,980,11.085714,0
2175,1452,0.857207,2
1309,2556,28.347988,1
1927,2100,97.301346,2
955,701,51.794582,1
1861,318,15.040837,1
2405,848,69.973030,0
1190,1360,25.624146,0
1960,1667,13.167304,2
2212,1799,60.532555,1
289,2310,15.187612,2
2715,426,32.044621,0
1407,215,24.012785,2
672,2155,79.529831,1
1421,2744,13.028725,2
1423,1659,99.155212,2
27,1463,44.318542,1
2955,1574,85.650093,2
692,1644,27.099205,1
506,144,14.469177,2
1759,402,44.179806,2
43,514,98.481567,0
2536,1245,50.292725,0
2841,755,42.347057,2
1077,2771,13.377368,2
939,1997,69.228798,2
1862,2515,25.128757,1
2492,564,84.866592,2
2149,251,41.628326,2
2459,346,16.751524,2
2817,251,64.645744,2
2849,1313,5.356238,1
1832,2538,24.623322,2
2121,1707,68.403435,2
1903,2253,9.496452,0
2843,895,35.291931,0
2147,162,27.629524,2
221,2855,17.617533,2
1604,834,35.113224,2
529,507,43.205730,1
1206,963,59.110226,1
1165,1551,28.090940,2
630,1687,82.570824,1
2684,2164,37.805523,2
17,36,51.519165,2
1321,962,10.864669,1
2531,371,94.941628,2
1926,1772,19.415892,2
474,1845,70.934669,2
1866,828,37.499508,1
2768,1710,98.904831,2
2657,2253,42.333401,1
643,1137,7.983665,1
530,788,93.029381,2
1405,853,10.186129,2
2109,172,76.377533,1
2765,1900,91.252296,2
2124,2281,39.377827,0
823,68,28.794012,0
1607,738,95.289452,2
2834,648,35.301228,2
1190,2866,40.682034,2
1245,790,93.930092,0
193,1697,75.356094,0
2343,324,63.692440,2
362,2740,91.160400,0
16,609,27.822420,0
636,2434,91.269997,2
1040,1888,51.735798,0
1865,2599,7.043660,1
2555,543,92.475403,1
2041,118,92.781013,1
166,473,98.674988,0
227,2091,43.315563,1
1777,2737,52.794327,2
396,510,20.252359,0
2487,1452,20.562315,2
203,1795,19.724749,2
551,2322,34.107201,1
359,2302,56.041462,2
1606,816,80.014091,2
304,1749,45.964924,1
1254,1189,92.560226,0
948,2485,26.504255,0
1615,1380,85.074669,1
2789,2554,90.931374,2
1913,2990,22.337072,0
1226,1002,55.133083,0
110,1913,50.142189,2
2876,2024,8.546021,2
2349,1753,60.945301,0
60,2417,49.998119,0
2382,2331,68.502754,0
923,2601,72.376732,2
1288,214,15.264914,1
2715,559,47.921173,0
649,1657,32.143494,2
1157,2384,13.998930,1
1740,2252,6.031512,0
2327,1590,36.201756,0
1147,1294,32.309067,2
510,2199,14.083488,2
1636,1380,19.072386,1
705,1873,46.489391,2
1510,1028,70.975838,2
1461,2698,0.111210,0
2543,1794,13.764568,2
1828,2266,35.264309,2
945,275,75.632072,2
304,2947,62.620190,2
1472,2253,6.447455,0
1147,291,55.608562,1
2529,1038,71.441811,0
1922,1321,65.908943,2
2651,1748,14.244986,0
1032,398,37.052437,2
248,1537,11.060014,1
2380,993,97.240585,2
1498,299,25.753422,2
1940,983,31.386116,2
2729,2768,17.074734,2
1937,27,75.566826,2
2625,2098,4.874996,1
1780,948,77.462486,0
2823,1922,56.567379,2
1638,2025,58.660034,1
104,2215,35.543842,1
943,386,64.026802,2
153,1250,55.331951,1
2433,275,53.778412,2
1590,210,16.528967,0
2523,1990,51.191292,2
32,282,89.232452,2
1987,574,27.232006,2
1535,1223,19.977015,1
420,941,19.466137,2
846,2653,33.045803,2
2786,1160,14.575541,1
2459,121,66.077995,2
984,491,84.250092,2
2385,354,2.127652,0
1770,26,62.905132,0
360,1005,48.337986,2
1868,2379,86.085480,0
1346,1541,44.336983,2
1345,1624,95.035286,2
1107,785,50.808357,2
1559,2983,32.142269,1
34,2651,64.978394,1
269,1746,0.201823,1
950,732,61.369453,2
659,1917,83.038826,2
230,1761,81.272774,2
1260,1018,3.509674,2
595,844,72.199287,1
2132,879,60.402821,1
1796,2646,89.662201,1
553,958,55.907467,2
1964,1956,92.233177,2
1956,363,20.184956,0
984,1907,26.141405,1
2081,1627,79.314644,0
1528,1983,51.588192,2
111,415,54.398823,2
2359,789,6.266968,0
661,2644,68.980194,1
2200,1771,49.452919,2
2311,1900,11.786837,2
1614,943,68.542847,2
1402,341,96.469933,1
1261,56,38.660313,1
1060,1761,11.410429,0
2069,741,64.789398,2
1632,1744,7.482170,1
450,830,25.519451,1
2517,998,58.394295,2
148,2546,48.046940,2
86,185,85.000961,1
912,1379,33.746864,0
254,1472,66.012779,2
56,102,72.365776,2
991,234,45.984112,2
1329,1101,14.447278,0
2451,2878,96.936722,2
384,992,29.670319,1
2974,1049,90.294212,1
1965,2880,74.663383,1
1822,708,72.297905,0
669,2852,69.043236,0
2614,1369,26.504255,2
2890,580,94.410439,2
175,1365,32.341686,1
953,1092,10.021397,1
1185,822,6.698953,2
1313,2739,86.970650,2
2394,742,4.916580,2
202,1031,51.605114,2
621,1614,51.363823,0
1265,189,15.334386,0
690,1815,4.390782,1
1901,342,32.248928,2
2490,2526,61.461540,0
2259,1798,30.298122,1
1656,2181,60.236870,2
78,1995,56.703049,2
1776,2757,41.058205,1
2556,2589,50.593739,2
2503,2275,36.621868,2
488,1134,35.493958,2
396,2465,20.637178,2
2325,2433,57.182590,1
2363,2058,95.604485,2
2218,78,89.763657,2
1236,718,59.795975,2
2823,504,1.423468,1
2477,1474,17.755041,0
1846,185,90.189102,1
122,1245,44.931213,2
1449,1355,12.308555,2
497,1541,70.291397,2
1938,1853,63.833633,2
1042,2353,92.234886,0
670,423,69.833290,0
2390,2573,78.189278,0
1148,2325,81.664749,0
828,2605,19.106512,2
2122,1261,44.670418,2
1803,109,5.690924,1
1419,2560,20.848658,2
2073,1811,56.387890,2
2642,2326,11.793207,2
552,2686,36.094105,2
2799,2919,42.021389,2
1692,2140,36.442287,0
1218,1183,20.349213,1
190,2479,85.895370,2
2979,1391,47.873375,2
2902,1718,96.089455,2
1465,2393,98.558052,2
417,2683,73.449715,0
725,1561,62.911827,2
639,482,61.729099,0
2529,751,93.170052,2
256,532,94.570076,0
199,1726,63.955238,1
70,824,19.492208,0
443,2442,51.001877,1
2452,908,97.117661,2
34,626,58.672768,2
172,2702,57.879333,1
2066,1492,83.820717,2
1847,962,44.479294,2
2956,2373,37.030872,2
994,164,37.909569,1
1796,63,60.589405,2
2244,780,35.807438,2
2530,126,50.576614,0
2976,707,67.351433,0
533,1625,3.701417,0
2636,883,17.902042,1
2515,2949,85.297813,2
713,2630,44.803150,2
1753,1251,33.957130,2
2516,2483,69.139244,0
2226,1563,88.553879,2
2664,30,94.600571,2
1410,1746,50.110836,1
961,1942,7.103570,2
2276,1660,1.996405,1
520,677,78.928665,2
383,2021,14.223798,2
2945,333,49.772373,2
1254,2480,27.020447,2
2861,818,95.601578,1
1745,2990,76.902199,2
2584,1904,5.375534,2
1806,636,4.045681,1
1082,2955,51.901440,0
1368,1251,17.246645,2
900,2028,7.733990,2
723,1576,19.988537,2
2791,196,13.563897,1
2509,638,74.521606,2
1243,1206,66.685272,1
658,1338,62.770649,2
242,2095,49.086891,2
531,1968,59.506489,0
2825,1300,81.966377,1
365,1973,15.819590,2
2330,1908,29.378944,1
2306,1102,85.046455,2
1103,1551,82.622246,2
173,1624,95.934303,1
1194,1224,0.998460,1
2404,20,10.137018,1
2816,2712,66.254715,1
822,2767,3.922268,0
2239,773,73.447510,0
2604,483,1.470798,0
720,1930,96.365852,2
2908,1241,17.495096,0
1643,1558,0.073428,0
1973,2514,33.498188,2
1881,459,2.678883,2
1706,1053,55.368385,2
922,1122,82.399521,2
34,1366,82.547752,2
2569,2764,67.642990,1
308,30,20.910625,0
682,2850,18.897652,2
2807,1255,72.232109,0
1959,1110,24.709394,2
2510,2049,78.165764,1
237,2105,28.654057,2
2467,2995,8.923798,2
1841,2950,15.138515,0
2035,76,41.616756,1
811,327,19.208103,1
140,2437,67.659843,2
877,1980,3.492754,2
1105,1168,32.385506,2
2239,2092,22.444632,1
1688,1505,49.956989,2
2302,1666,8.687299,2
2536,2717,31.550396,1
1905,2673,73.372475,2
1267,2843,50.681236,2
500,679,46.929123,2
675,955,0.675211,0
262,1288,35.310356,2
188,1907,53.067303,1
41,2823,4.351577,2
2964,2532,76.476860,2
1450,469,63.543282,2
2884,2463,23.250906,2
2203,1807,80.851471,1
2733,2179,11.961603,2
2735,261,22.739527,0
