src,dst,time,relation
1002,1334,29.096315,2
2264,2449,11.629735,0
475,682,96.598724,2
1588,2396,16.514311,2
1907,745,46.978580,1
769,1901,31.036102,0
52,1066,8.674831,0
1491,2081,35.157459,0
1501,417,11.602961,0
281,2452,43.865383,0
996,1403,68.475403,2
2904,1272,64.330856,2
812,1782,31.498112,0
1399,2654,80.101212,2
562,2997,17.549952,0
408,692,82.166374,2
2169,2213,56.358017,2
311,2042,10.843450,0
2160,2836,75.730850,0
2871,1425,35.834221,0
1777,2898,50.015621,2
817,2683,64.390381,1
33,1301,24.805923,2
463,1171,7.123609,0
2552,1851,54.497555,2
1128,697,89.499161,2
370,418,14.066825,0
2144,1242,22.148954,0
1816,2238,49.825840,2
966,99,16.459003,2
1957,2334,51.590557,0
2284,2659,47.421261,0
1088,2166,72.632812,2
1204,794,34.578419,1
2639,1421,95.099770,0
1942,1501,71.113472,1
2245,108,95.345688,2
2577,2107,1.281701,2
2183,384,28.695024,1
2002,137,77.065292,0
2518,2472,76.762688,2
2207,45,92.866287,0
1535,1082,78.055351,2
48,1254,39.727356,2
2415,2673,70.906204,0
370,1981,20.164902,2
2971,2645,45.940605,0
79,995,17.772818,0
1927,1277,1.811418,2
2358,2298,4.997917,1
799,841,82.339340,0
2049,432,14.750822,0
2533,880,90.582817,0
906,510,76.990578,0
2043,2396,77.035919,2
2370,2712,11.506471,2
633,2818,92.293335,0
1414,802,6.633087,2
350,2594,11.373522,0
224,1747,39.264671,1
761,1174,24.024887,2
2566,1256,39.586941,0
2136,2144,43.236076,1
1475,1110,31.665541,0
1902,2521,37.118015,2
1696,361,7.708729,2
2678,2456,80.579918,0
347,2666,34.734097,2
1349,2780,65.169403,0
1151,205,23.438406,2
776,1567,17.983292,2
2207,1320,3.150853,0
192,2301,81.705742,1
406,2577,72.778259,2
1467,2944,44.937649,1
119,2502,26.944036,2
1271,2386,73.357079,2
2456,2918,92.608055,2
534,1165,4.079508,2
2118,1650,81.928207,2
191,912,50.597843,1
171,1707,19.308603,2
1520,1568,5.243938,0
2759,1065,15.723623,0
2692,402,49.112228,2
1546,2681,86.432457,2
2391,1488,98.859024,0
2103,580,17.795429,2
2643,1076,74.841324,2
1640,1792,53.906559,0
1196,2342,96.582031,0
143,10,67.467758,0
308,1773,43.341644,0
78,2414,78.813423,2
675,1633,84.218094,0
2819,1835,13.483577,0
468,314,50.144817,2
6,2175,88.742363,0
2393,367,36.396465,0
1370,1264,31.536184,2
1712,2308,98.370010,2
1186,2209,24.602541,0
1798,2063,78.068451,2
1200,918,64.902252,2
2515,2958,14.731091,2
2445,1785,1.858487,0
1452,1925,56.841034,0
2382,1523,4.674513,2
1968,2444,79.424660,2
2693,1525,74.590477,2
649,1204,90.995201,1
2543,2395,26.484659,1
832,2985,88.665924,0
2922,1152,64.397362,0
1999,2791,29.932821,0
794,1333,96.997948,0
691,2402,82.402145,0
534,2390,83.075790,2
1776,376,1.114768,0
1728,866,64.871735,2
1771,617,75.419022,0
1968,954,86.395905,0
1559,678,48.314838,1
1525,1016,17.724293,0
2458,1803,62.849308,0
1686,1837,91.488388,1
21,10,15.580443,0
741,748,60.512764,1
319,226,52.798370,2
2100,364,50.133411,2
2151,1995,52.653893,2
2314,1391,64.770447,1
2828,2240,70.129951,0
936,915,91.670555,1
1377,1418,62.988701,0
2839,1373,62.351799,1
1458,1709,15.598753,0
1288,2082,24.653154,1
2586,477,10.166639,2
460,1239,83.371391,2
277,2084,45.863602,0
991,1671,42.200489,2
1688,1227,24.523502,0
2322,1603,80.101326,2
2728,2387,84.364197,0
729,2229,19.774702,0
162,2566,6.068865,2
1001,2446,11.256364,2
2295,2821,36.015308,0
1014,260,83.449768,0
1880,2502,97.303246,2
1908,742,89.845848,0
319,2288,83.858917,0
1801,407,74.653702,2
1718,25,15.503844,0
1960,2583,69.836609,0
2768,184,50.521412,2
2452,699,87.463852,0
1869,904,73.851868,2
2079,2382,39.688488,1
782,2134,31.168242,0
239,432,52.654469,0
430,1169,12.764679,0
710,1007,86.266251,0
2037,1237,38.336983,1
1235,1712,99.403671,0
2743,1458,13.392625,0
874,242,74.594200,2
1843,250,56.771420,2
1492,2748,86.018906,2
1152,1171,76.734169,0
1929,999,23.153755,2
448,882,9.966792,2
75,872,13.000579,2
712,1425,81.442642,0
558,1300,11.019177,2
272,87,11.907364,0
2697,2528,61.300449,0
1781,354,11.539559,2
410,9,73.809654,2
2534,1148,86.423241,0
451,918,32.452438,0
2764,1983,54.008633,0
1578,709,48.880135,0
40,1136,81.840431,0
2938,2434,8.941340,0
2138,130,69.940483,0
580,2429,37.525974,0
2531,1138,41.320202,0
170,455,49.576527,0
1513,2343,15.316838,0
1428,760,33.720486,0
1227,1291,79.304634,2
1165,2746,4.885983,2
1355,2163,80.835373,2
752,2800,97.825706,2
1927,1985,37.625393,2
32,359,70.411156,0
2866,2227,33.242287,0
166,148,15.801333,0
2626,1789,30.606249,0
177,1392,80.106766,0
2480,1492,40.646999,0
597,2116,11.871016,2
1409,2881,93.678429,0
229,1220,47.288689,1
643,1146,51.858467,0
945,1387,72.034988,2
1819,1767,38.092701,2
1199,1373,80.622154,0
2346,2515,32.505836,0
1969,494,79.567688,0
2500,1472,65.535202,0
1884,958,52.299984,2
1199,2411,94.136818,2
236,321,26.494528,2
1721,1052,88.843056,0
1701,1772,7.340144,0
563,2205,87.072571,2
1560,137,15.622394,0
1778,1654,19.759302,0
2905,2278,1.912446,0
300,1405,77.001968,0
2367,495,17.951906,0
477,2778,63.364662,0
2728,1235,62.006813,2
1659,784,51.833435,0
637,256,97.810600,0
1425,429,5.939580,2
1259,1606,73.998878,0
122,2267,56.916691,0
1675,371,16.558151,0
478,1748,60.104519,2
1226,141,15.340085,2
912,2690,55.643059,0
1917,985,66.435204,0
619,1379,51.607235,1
1322,2256,60.308815,2
2081,2883,92.342209,0
2979,1648,61.416584,0
1449,1042,54.262188,0
155,2411,52.711044,2
2230,1230,1.514694,2
2158,682,12.855747,2
2559,1882,71.900101,0
2649,2357,78.876335,0
1153,2229,52.042553,0
739,1436,93.455795,2
896,1555,65.704208,2
796,1368,13.284966,1
1488,753,25.046686,0
321,2918,2.443105,0
1237,180,7.952937,0
2802,1769,95.549217,0
487,1043,97.472801,0
38,2370,92.745239,2
1949,2767,39.319874,2
515,30,22.657713,0
881,667,11.387179,2
615,147,45.106049,0
2948,1736,60.249847,2
1689,481,97.765587,1
1141,1195,50.964355,0
2523,784,99.298241,0
1344,2785,68.944893,0
683,171,32.536385,2
318,1783,71.784569,0
2275,174,81.964577,2
792,2709,65.003441,0
567,1884,69.751503,2
410,1862,11.095926,1
2410,2008,12.561172,0
1538,2819,40.450771,2
2750,1528,41.755947,0
1571,94,83.703293,0
2730,2990,19.028738,0
2586,327,63.734898,0
829,2823,35.019730,2
278,75,61.057774,2
1027,2067,38.461666,0
883,1571,59.188618,0
2723,2778,40.612099,1
1350,1787,89.455681,1
1532,284,27.010509,1
2081,961,99.403671,0
2125,2884,77.233482,1
1814,578,80.117401,0
270,2112,89.388412,0
2951,774,69.732635,1
2144,2480,96.114174,2
2575,2428,82.780518,2
328,1044,40.743237,0
1074,2365,26.088655,2
1065,609,27.948820,0
1552,431,46.126553,0
1103,771,66.925362,2
2180,1677,68.659782,2
458,1956,66.450401,0
2755,1620,39.536484,0
2327,930,78.688423,2
2748,1266,63.317352,2
68,2782,75.929039,0
1740,1032,92.124214,2
2146,2760,9.822024,0
2655,1188,54.011021,0
878,1251,91.862610,2
457,2674,74.078339,0
2712,1644,39.157185,2
1879,596,68.962387,0
1271,523,9.506512,2
2434,2726,88.671555,2
2377,1612,70.574615,0
2754,173,46.367626,2
2499,896,76.734047,2
2652,2790,54.750816,2
1648,827,64.480141,0
2942,689,3.262642,2
78,2884,13.718959,0
962,1876,31.729530,2
1736,2628,17.521780,0
2308,252,86.289856,2
2004,1779,23.570208,2
787,1073,43.213318,2
622,197,50.121456,1
9,73,2.387121,0
2139,81,11.818015,0
339,2499,4.320829,0
804,2528,49.815781,0
1040,2995,98.412323,1
1281,1855,33.950844,2
450,2979,84.759972,2
2449,529,58.922249,2
1338,2370,22.288982,2
1647,1370,2.230866,0
2840,2415,29.865061,1
2176,1951,41.244301,2
866,601,3.774362,2
393,755,52.782494,2
2056,1981,29.003935,1
2210,6,42.491009,2
699,122,22.493073,1
786,2158,78.979660,2
578,2513,10.374834,0
415,2789,38.609463,0
2726,2942,32.725456,0
942,1497,91.719353,2
2049,1156,84.078766,2
2116,734,28.436853,0
311,497,5.699836,0
2233,582,15.314036,1
2070,769,71.209625,2
637,1065,76.024620,1
595,1220,13.254907,1
2737,586,50.850399,2
2582,2795,84.160408,0
2082,595,3.790842,0
2136,2946,6.581255,2
2748,903,7.068504,0
2292,2100,33.347202,2
905,1581,74.920464,2
889,1730,41.183117,0
2165,1905,94.787949,1
2426,586,22.432678,0
1287,2800,12.058937,2
829,1410,27.835365,0
2184,2780,1.823963,2
2153,2283,45.493683,0
1620,1825,21.281261,1
622,1184,26.827381,0
974,629,40.809315,0
1265,2959,26.371750,2
2773,972,69.674500,1
885,1102,98.424606,0
567,8,67.538429,0
2299,2349,47.020752,0
362,1788,71.237549,0
1349,2956,58.526226,0
1931,530,59.025112,2
2815,96,96.443115,2
1303,655,0.581005,2
2271,2585,66.531799,0
2568,371,5.842181,0
2774,2793,61.377872,0
2289,1396,57.154575,2
948,2591,22.006773,2
373,2530,14.193168,2
2952,2034,12.342918,0
1034,1951,46.540356,0
960,2037,95.107147,0
2431,1492,1.547753,0
854,291,7.653049,0
1932,1847,33.447754,2
2177,879,16.082769,0
2706,1520,78.065712,0
748,1983,32.550575,2
2301,2144,13.629834,1
1822,2373,55.069557,1
819,1435,30.882061,2
20,2839,24.310669,1
2885,2754,5.768960,2
2309,2795,72.705948,0
645,1006,44.297966,2
646,46,64.430290,2
52,2679,70.973389,2
2370,986,61.914856,0
1799,2832,94.620567,0
2706,2113,23.819263,2
2693,1677,65.803238,0
2719,1281,17.816175,2
1596,2537,2.630079,0
488,2385,25.706854,0
815,413,53.489212,0
2933,1028,68.665298,2
560,2308,43.799816,0
136,2985,16.815121,2
1357,1144,40.798775,0
2124,2497,50.088551,0
1718,1495,12.457964,2
2305,21,57.525051,2
346,2502,40.611980,0
1659,1342,26.376154,2
556,1652,38.952244,0
1720,344,52.481903,2
900,2252,48.016781,0
144,2000,33.830486,2
375,1765,51.879433,2
60,1779,38.716286,2
2096,735,30.384752,2
2190,1221,25.547268,2
511,1257,14.954125,1
2754,2569,53.489212,2
824,1426,85.451096,0
2791,2687,20.664907,0
806,1938,70.317215,1
1250,937,19.414518,2
2220,1794,56.048805,2
2606,201,7.077032,2
1510,483,27.386847,0
1305,1424,41.212376,1
2209,851,93.806717,2
1279,782,95.249596,0
974,1273,7.905181,2
750,1367,45.336052,0
2792,1664,58.491409,2
2501,2252,70.419365,2
2230,2433,65.342216,2
1546,943,96.324005,1
1137,1958,60.476757,0
2119,2674,67.077225,0
1282,1094,24.804932,0
1186,2766,23.225471,2
502,509,67.410690,0
1649,2345,15.109883,0
2816,2269,39.572144,0
2382,2799,49.124882,1
2161,1546,13.541306,2
2037,2517,79.751801,0
2051,1205,79.453911,0
2804,2477,81.926987,2
292,1377,10.416384,0
2230,346,43.848965,2
1042,1411,19.465137,2
409,2281,4.563998,0
747,170,53.931431,0
1217,2721,99.955421,2
2174,112,75.653725,2
2664,106,38.860157,2
69,1642,26.539482,0
2247,1640,88.927582,2
149,851,69.364723,0
533,491,84.606567,1
1708,2042,6.687398,0
55,2704,55.684757,1
152,2576,60.141331,0
694,381,83.034134,2
2917,135,91.421776,0
193,2620,30.916512,0
1578,642,8.711059,0
2095,469,95.611137,2
488,336,23.751511,2
1906,1572,49.756786,2
2568,2730,36.996044,0
1725,318,4.188724,1
1603,936,49.905945,0
2848,327,61.251461,0
2459,2307,88.377930,0
364,999,44.541145,0
186,2330,14.520408,2
1065,67,95.233307,0
2592,891,40.027637,2
684,470,57.369320,0
1060,2844,31.892334,2
2549,3,65.309990,0
1850,975,23.813114,0
1362,969,58.817661,0
1590,288,9.861196,0
1293,150,15.661072,2
2547,2254,56.110760,0
1849,1062,82.600372,0
2524,2922,84.423615,2
1051,1839,32.646824,2
2522,874,62.725811,2
87,2996,57.359322,0
1513,584,24.107971,2
936,2346,56.952885,2
2934,800,44.479092,2
644,2109,91.350838,2
740,2523,44.208317,0
2399,837,33.928913,2
2197,1255,40.075539,2
1985,405,25.923220,2
2732,896,54.501148,2
2719,1842,76.284935,2
1434,2893,11.023229,1
2439,1541,71.992096,0
1740,759,85.861130,0
643,1639,89.455681,2
1056,1376,36.783112,1
1485,1648,11.871016,2
2443,2709,1.765265,2
976,2704,95.168907,0
758,822,3.192673,2
2783,2695,81.404022,0
953,2028,24.647276,0
951,48,34.437099,2
1353,1728,44.059189,0
1312,586,71.552094,2
2460,6,77.158607,0
541,551,71.778313,2
823,836,10.930688,1
2730,2967,72.687469,2
1364,2601,43.948002,2
2820,1448,73.661560,2
2710,2846,23.357512,0
411,2770,23.878109,0
1407,2899,75.677704,1
2265,189,70.412720,0
1154,673,31.648407,0
331,157,39.264671,0
1693,2149,97.316956,0
708,52,50.775166,2
1733,1884,92.085938,2
539,817,7.519940,0
1507,2685,41.940975,1
1195,1014,86.429283,0
2375,872,27.571112,0
2305,2777,52.153198,2
2500,2492,6.648151,1
1926,1964,8.815302,2
2171,73,85.617523,0
1366,2422,84.068993,0
2956,579,41.691166,2
2813,625,72.038803,1
749,1697,51.694443,2
2796,4,56.508652,2
2305,2239,51.344547,0
1684,2018,77.216675,2
83,764,72.451935,0
1417,59,73.490868,2
2140,753,19.186205,0
400,462,53.666370,2
1089,838,30.208307,1
2530,240,11.023588,2
335,1630,15.473272,2
729,2209,7.639326,0
2025,519,23.894289,0
1893,2128,7.899228,0
2463,945,43.747959,2
563,1904,47.548260,2
2725,878,31.585188,0
706,2329,55.822586,2
60,177,48.812725,2
2724,2497,70.492393,1
985,640,4.643788,0
1250,937,47.369015,0
158,2893,74.157593,2
115,1570,67.970375,1
1070,404,88.009193,0
930,2497,9.699501,1
317,7,64.805931,2
435,2895,86.463249,0
1842,177,96.484802,2
1596,2127,80.750031,2
1369,1624,44.625195,2
165,776,51.183895,2
1198,2914,21.515884,0
1361,985,26.331892,1
2564,1820,19.610569,0
86,2642,60.204449,0
2167,1118,89.594078,0
2394,2939,58.318977,0
669,223,7.713146,0
1019,1311,45.192387,0
1790,106,65.880211,0
2344,569,17.644117,2
351,1159,71.039154,2
2030,567,71.788704,0
2214,1830,44.273106,0
2449,631,75.952240,1
1804,2604,16.229147,1
1114,2542,75.311111,2
465,2423,58.243637,0
294,2542,56.380253,0
1115,770,21.903254,0
2555,962,31.485531,0
964,2327,48.594040,2
1566,2915,10.087676,0
208,851,12.994687,2
600,525,92.879410,0
1482,2068,58.688282,0
1107,622,30.504118,0
2104,1837,39.548286,2
1362,2494,27.809715,0
1963,250,56.585312,2
1487,1891,96.795174,0
1265,670,72.370811,2
1295,1018,23.831030,2
2311,505,65.616997,2
1555,2819,3.508919,2
2174,394,84.858238,0
2242,1591,32.928226,0
2871,2276,44.112522,2
507,419,20.997030,2
1356,2381,97.402611,0
605,1223,39.389450,0
1921,1476,71.344193,2
549,873,45.555767,2
2989,2194,95.776833,0
1022,1807,18.865665,0
600,2492,74.661583,0
1785,415,40.011650,1
1091,515,43.469486,0
1990,1253,46.126553,0
2564,2395,73.870148,0
120,2342,96.377960,0
1790,1436,90.183357,2
811,1418,45.948078,2
2195,734,90.093475,1
2063,2546,22.761230,2
904,1161,43.698708,0
303,1995,20.641083,0
1755,113,93.538940,2
1043,2204,61.833027,2
211,412,65.342216,0
1515,1651,23.889288,1
2443,573,93.545280,0
1520,2103,77.368843,0
869,1438,81.014359,2
2056,2538,44.080555,0
2226,598,94.964188,0
1387,2388,73.298164,2
1336,2827,77.568253,1
62,941,2.826417,0
115,1369,10.914612,0
795,2564,47.223679,0
890,1823,68.536659,1
1764,2485,17.459425,1
4,520,33.987007,2
2630,2988,92.855064,0
2344,1995,18.713652,2
819,851,1.172314,0
1467,1893,87.437851,2
898,1650,66.729561,2
915,312,57.490192,0
2391,1807,86.688179,0
2338,2103,63.281384,0
1857,2611,3.508919,1
2208,1575,78.313385,0
767,475,62.243027,1
1138,512,34.240475,0
1157,2283,63.340809,1
259,1399,70.902290,0
1077,490,63.131065,1
454,877,39.176952,2
1894,1191,47.851429,1
1961,156,43.319511,2
0,2165,29.079815,1
191,785,87.568802,2
631,1283,90.046432,0
260,2844,56.589920,0
2097,1628,12.402031,2
1938,1780,3.329693,0
2148,1983,42.451344,0
1575,1650,5.976234,2
486,1673,97.204102,2
592,411,66.789742,2
2271,2269,11.927357,0
1590,1810,20.591455,2
776,2398,58.625862,2
341,1732,65.279533,1
1677,2664,68.242493,2
1132,2424,33.694275,0
1228,1962,69.129257,2
2939,449,76.863228,2
2821,2104,80.714340,0
2412,2884,98.667358,0
675,2572,51.551426,0
2466,2286,52.827465,0
1008,556,45.613041,2
2932,2128,2.281892,1
2595,1533,78.036819,1
883,1063,38.445576,0
412,2395,65.992851,0
944,996,52.441319,1
261,1860,27.117830,0
992,545,64.184944,0
2788,1917,45.302078,2
813,711,42.579765,0
2547,1610,97.763649,0
1357,2874,96.935204,0
2137,23,33.275185,2
2941,16,60.146992,2
654,2991,96.346046,2
2719,1908,56.264889,0
2202,517,85.275406,0
637,1775,1.294365,2
766,496,11.724883,0
714,532,97.944794,2
2789,1738,63.966763,0
644,372,34.493595,1
117,1090,5.706494,2
298,247,35.779041,0
2744,1688,60.285404,2
2041,1935,32.051777,0
772,497,59.029633,0
2189,2784,40.070415,0
630,470,70.747696,0
2155,1045,53.322189,2
558,259,79.882408,2
271,520,8.894356,0
519,385,66.506760,2
736,636,48.110458,2
125,891,92.227348,0
1345,1405,13.031505,2
1725,2157,71.156715,1
363,2330,85.113106,2
467,854,31.189411,1
73,2770,54.932941,2
197,1586,25.541904,0
1501,1060,31.182472,0
545,1503,14.022491,1
223,685,6.592315,0
2883,1426,84.606567,0
2228,1079,73.813011,2
2409,2119,72.088379,0
714,2734,12.676289,0
204,1360,29.560972,2
726,1468,75.868546,2
2759,2567,63.212292,2
1990,74,68.185997,0
2730,2369,50.299519,1
2051,248,90.298088,0
1285,1200,60.025997,2
1956,2775,57.427235,2
1345,922,54.630898,1
1641,487,82.057159,2
2550,2884,22.230858,0
1082,1888,52.935997,2
2829,232,22.951462,1
2632,2466,49.490246,0
1522,2968,68.724861,0
2764,2546,29.795691,2
389,1946,85.569130,0
1136,609,55.492226,1
385,2616,97.464355,2
1472,213,23.738005,0
2748,2997,72.243240,2
281,2028,48.437378,2
1256,850,11.648341,0
1015,127,35.747330,2
953,472,58.155090,2
58,2452,4.951853,0
753,1964,3.311273,0
1945,587,88.187309,0
2184,2296,38.571301,0
287,1149,67.882812,2
170,1191,61.895226,1
925,1154,59.866062,0
2911,1133,41.145657,0
2485,2540,24.541576,2
2063,702,22.663851,2
585,1152,57.223793,0
762,885,54.042530,2
1734,1106,96.694481,1
304,376,76.522240,0
1896,91,98.319542,0
2225,578,82.732491,2
905,1439,29.054852,2
2795,2833,22.121927,0
2159,1987,25.341246,1
1303,2482,94.607590,0
2341,176,44.460121,0
1911,185,73.946007,2
2205,401,18.900143,0
2547,668,80.561516,0
2962,2948,80.673706,2
840,650,12.005184,0
2568,1254,87.864601,0
2789,1343,84.274963,2
2874,2296,70.281631,0
2864,1389,58.271832,2
2738,1957,83.972557,0
2720,51,31.214748,2
2048,922,38.396690,0
1693,2395,62.871605,0
1192,1663,30.645931,2
1764,1296,12.417784,0
1246,2565,29.510546,2
508,1852,43.487896,0
1217,2067,75.377800,2
295,1783,34.858379,0
309,98,42.579765,2
910,2238,34.401344,2
579,275,61.335060,0
2800,1503,72.230743,2
1964,2015,41.099308,1
1686,132,35.118111,0
1664,159,87.125267,0
2717,0,46.242325,0
2373,105,64.750580,2
324,1664,79.699417,2
1904,1450,66.929680,0
1611,1136,92.458397,0
2032,1932,86.662468,0
280,1171,53.062771,2
2920,1007,40.771019,1
2632,1713,94.088226,0
1855,1665,95.276726,1
966,2791,50.041199,1
1609,2673,41.059830,0
471,1794,25.617239,2
1564,2918,58.849148,2
2130,342,46.826687,0
95,2067,11.614542,2
1173,2970,96.901970,2
922,798,45.503410,0
2626,812,65.095955,2
1116,258,43.466599,0
1317,2857,37.639057,2
1647,2781,16.692406,0
1610,2918,97.586670,0
2529,379,52.196491,2
2552,2037,27.023458,0
1949,1572,34.004150,2
25,585,93.998833,0
206,803,45.635818,0
2742,1804,45.489719,0
1297,1017,63.191742,2
2951,1708,18.428188,0
1474,2142,66.281624,2
2801,890,17.726261,0
1431,1866,78.212372,0
1144,951,7.407513,0
2528,2123,68.495575,2
2278,149,44.098152,0
2266,2382,75.275047,0
2271,884,11.794249,2
1754,2368,92.303131,0
1151,1377,88.679352,2
1422,1169,3.233220,2
2536,870,62.037979,2
1225,14,31.411955,0
438,2163,90.319458,2
2198,983,74.906586,2
2096,1701,64.760185,1
2028,2383,58.992519,2
2013,1294,57.014492,0
194,419,92.986244,2
16,1679,54.021049,1
2786,389,75.988304,0
925,1461,19.231535,0
2835,2410,30.221146,1
2294,671,5.766028,2
2723,640,64.757202,2
183,1943,98.851784,1
2318,522,2.419366,0
2303,2483,41.838249,2
2748,92,17.076134,0
1661,510,84.510559,0
1999,1578,60.986950,0
2514,1615,86.039871,0
1469,401,69.895157,0
1394,2139,11.516255,1
767,453,45.482235,0
2395,2239,95.905945,1
2638,2633,52.981331,2
961,1353,9.027751,2
2280,972,1.282701,0
1330,1064,8.512312,0
1862,2968,77.630905,0
1763,722,35.813873,0
1414,2209,36.160164,0
1409,427,34.508743,0
2108,172,83.826126,0
924,2144,99.552086,2
1188,404,4.070555,0
1969,1259,42.236851,2
1713,248,59.554756,0
809,941,79.416168,2
1058,1356,6.066840,1
2087,1248,3.974588,2
427,1563,99.091682,0
2255,1688,20.688145,2
2164,2862,56.560776,0
1640,1167,92.148643,2
861,209,24.886589,0
2721,2868,38.010334,0
2507,2469,63.981030,0
625,780,52.654469,2
2143,236,54.793434,1
2076,2441,35.019730,0
493,2108,84.503616,0
302,274,59.340866,0
362,1022,82.047714,0
1626,2428,15.737515,2
153,787,66.350014,0
208,2204,60.635094,2
1511,1065,53.244869,0
861,1047,20.008327,0
2745,2172,75.191856,0
100,1823,35.420403,0
710,2097,43.341644,1
759,2449,83.706291,0
1467,1284,53.327545,0
556,2760,92.037445,0
778,2728,47.327129,2
1948,2645,61.126614,2
211,924,21.085320,0
2245,594,13.717753,2
1385,1549,8.796539,0
1085,1836,46.165043,2
1181,2603,58.152981,2
1224,239,96.781517,2
2894,2561,24.266771,0
327,230,39.936195,2
513,2705,38.558487,0
976,171,62.221840,0
871,1424,39.142494,1
1546,1580,70.911255,2
1274,891,93.944565,1
2826,2549,70.137184,0
1151,2296,74.878761,0
2863,2712,15.873567,2
220,1036,56.857605,2
1609,2250,48.144947,0
1374,2615,46.709888,0
2366,1066,27.468864,2
1753,2415,34.977608,2
141,25,13.616090,0
1359,1193,90.490685,2
2177,1328,29.773239,0
1449,973,19.996351,1
784,847,56.775208,2
269,970,22.696898,0
343,750,42.541740,0
1279,1593,13.798968,0
620,690,50.110523,2
1414,1912,44.719040,0
1698,1630,58.440750,0
1210,139,73.909447,2
515,977,3.512774,1
1155,2460,21.784819,0
762,163,28.250698,1
1568,52,64.172340,2
107,444,87.800232,2
1020,894,50.062000,0
194,214,35.815014,0
1555,642,14.014956,0
2087,2496,84.673569,0
2566,2552,5.350703,1
495,2398,60.878887,0
2152,2445,9.389155,0
1119,870,76.284935,2
1907,2564,74.650093,0
1390,669,7.224981,0
241,1481,81.929810,2
2041,1044,6.654998,2
1972,1522,32.646824,0
1433,2880,98.432945,0
972,1122,92.616646,2
2001,2405,96.061638,1
88,2565,59.022167,2
1442,177,92.290398,2
340,2660,16.596962,0
1573,2910,53.302731,1
1461,0,48.333889,0
106,2176,34.007336,2
2929,2123,68.063797,2
324,2156,85.030090,0
2423,735,82.224075,0
2109,1499,20.011826,0
2851,995,83.968666,2
586,1399,77.194099,0
848,2279,40.108555,2
92,1207,11.922218,1
921,2468,10.839849,0
2174,2852,44.958782,0
520,2208,44.362103,1
1326,291,23.060804,0
692,956,57.311806,2
2963,1000,59.578793,0
2397,1296,49.395302,2
2496,40,98.873375,0
1312,1996,54.088184,1
1677,2045,89.727600,0
1795,180,44.234367,0
836,2228,70.174744,0
1832,2860,45.975647,2
1992,1610,89.788574,0
1227,290,27.423563,1
1192,1170,56.918945,0
1256,2204,71.367569,0
1659,1952,41.358791,2
1231,2880,89.132751,0
1067,2583,52.354820,2
80,1093,35.900555,2
626,1378,35.281303,0
2424,1201,38.470879,0
2130,767,34.544094,0
1825,365,1.215579,0
2812,592,26.384340,0
2266,1499,93.678429,0
2668,1719,69.363396,0
845,925,0.939904,2
2491,2392,61.225201,2
1383,10,61.239109,1
2107,947,95.580078,2
277,687,6.810464,0
1069,1684,23.970915,0
674,596,38.222275,0
2256,2924,28.560690,2
914,121,64.981171,2
220,1335,23.554365,0
2352,2474,89.455681,2
937,469,85.098663,0
682,2141,89.183540,2
1786,2637,44.318184,2
907,2159,57.593506,2
1789,2668,98.867744,0
2021,334,92.297890,2
2699,1519,39.831837,1
2445,1189,18.585503,0
2314,580,7.122746,1
2155,2232,80.282822,0
2141,2451,31.801888,1
1353,1596,93.823051,2
1288,1464,46.095966,1
985,713,7.077032,1
1086,2211,58.901562,1
2209,745,84.735283,2
1169,1040,70.583939,0
2639,1174,75.898239,2
797,2676,34.682987,2
1307,951,60.291481,2
108,2952,45.791866,2
2440,881,7.507765,2
630,1497,99.862228,0
2720,1280,12.456553,0
2320,2152,44.063309,2
235,1302,58.644627,0
1055,260,48.078743,2
123,2386,0.231865,0
1193,2259,49.798561,2
2468,2467,10.668052,2
36,2358,20.324306,0
390,2887,2.375342,0
59,340,1.530056,0
2009,691,73.070488,0
2847,77,20.525690,2
2380,2755,80.765610,2
182,2261,15.087562,0
1236,2171,49.216141,1
686,2091,71.153442,0
2448,1956,39.174652,1
315,2444,86.575111,0
1830,951,98.511414,0
1322,1571,17.566446,2
64,2326,94.280602,0
145,2890,76.762688,1
967,1665,55.159081,0
956,15,21.610573,0
834,2648,10.106336,0
29,1985,87.923668,2
777,76,76.162781,0
754,2660,88.344818,0
2755,57,20.624378,2
1244,2299,46.282166,2
2548,283,6.026165,2
1851,119,20.941971,2
1310,2723,50.147644,1
1444,2367,51.171616,2
2037,1564,49.773884,1
440,1268,9.394716,0
1660,2796,39.960407,0
89,1153,27.243336,1
759,2705,49.630295,0
1490,902,40.283424,2
37,1922,4.299276,2
597,1245,97.562424,2
1072,1669,29.507687,2
920,1548,94.704422,0
1882,2334,51.726883,1
2918,2887,68.419891,2
2713,2502,23.216272,0
1027,2650,96.952126,0
1275,1632,89.635063,2
1111,2593,95.852493,2
2599,2508,75.268639,2
2486,2252,55.651558,0
1247,994,15.456099,0
2772,1846,43.574242,2
499,848,77.926010,2
2402,775,71.487564,1
2159,2944,51.862820,0
1440,2589,23.174091,2
501,286,35.934448,0
2240,1778,8.592947,0
2862,1782,4.747836,0
1507,798,9.523717,2
2282,2222,18.583906,0
649,1245,73.859558,0
545,2553,46.347206,2
1922,2127,71.288315,2
639,2377,48.179272,1
294,2781,31.814377,0
1615,1132,47.180687,0
584,2692,49.070129,0
1060,729,23.261072,0
330,1477,35.783417,2
2146,1735,60.525646,0
2496,1574,46.822197,0
2832,2044,1.415973,2
1780,2177,52.377220,0
2780,1158,41.014645,0
291,2944,54.364815,0
80,1565,56.560776,0
940,1424,8.695782,0
361,1214,52.588074,2
2201,2894,15.731546,0
1505,132,26.626247,2
589,728,53.914284,0
1782,976,74.351273,1
551,1340,16.082769,2
265,2111,89.226143,0
928,1914,7.938131,0
2842,922,14.803993,1
1233,2719,18.908901,2
201,2918,68.338089,0
1513,1293,13.842268,2
1636,2978,10.709367,1
676,388,42.735001,1
2603,1207,32.287769,0
734,2874,29.803061,0
372,2703,17.193794,2
1406,1422,75.212311,2
1382,2135,68.196693,1
1347,2934,96.692619,0
1799,1815,40.650906,2
960,1339,2.323546,0
1091,696,7.147516,0
137,2237,1.432363,2
2384,2269,96.792404,0
1368,2026,91.917038,0
2696,2787,36.307457,0
1199,1251,73.970612,2
1586,2753,64.750580,0
1126,1284,16.727543,0
2179,1645,58.243687,2
1344,2396,78.733032,2
1249,458,48.974762,2
2919,545,48.838547,1
2600,1801,4.348113,0
2050,1871,98.674080,0
261,1963,53.424805,0
948,568,18.390192,0
1772,373,35.460258,2
2084,2776,70.365822,2
1094,2721,90.284332,0
679,1383,79.360031,2
701,932,3.793799,2
1240,2056,40.183109,0
2533,2445,61.491692,0
2146,921,76.234550,2
2644,2339,89.266113,2
761,2319,48.831276,0
1924,2856,14.022447,2
2877,2648,33.319557,1
2060,2351,0.750983,1
1587,732,52.271683,2
2496,1436,18.182974,2
2749,300,77.654282,0
2596,311,19.337282,1
1500,1350,63.475445,0
1217,542,60.515064,0
2585,2908,2.257736,0
489,109,49.562096,0
50,2036,22.006208,2
184,2618,48.425064,2
2110,117,44.036270,2
369,2256,91.402573,2
824,2256,15.272033,2
2932,593,55.259972,0
2774,1627,5.132284,2
1730,1287,67.244507,0
249,2979,96.192459,0
931,2455,95.956650,0
980,61,12.543313,0
1751,1395,38.570824,1
1150,1,64.390381,2
792,1982,91.510490,0
994,741,12.244007,0
2175,912,31.698084,2
1239,1149,21.242096,2
747,2404,99.216141,0
2768,1006,86.074356,2
1687,2750,38.717762,1
1728,218,80.174576,0
1347,1721,6.107774,0
1026,973,52.608257,0
2247,793,79.416168,2
1671,2718,41.762562,0
514,605,76.208908,2
2739,520,93.954231,2
1063,1700,40.793873,2
667,2265,72.259071,1
1611,2526,47.645466,0
1190,1771,32.987740,0
1522,2512,73.903313,0
1234,549,42.516254,2
856,111,79.152077,0
870,907,27.893097,2
1713,2391,68.201912,0
2555,2853,9.730015,2
2820,71,26.549376,2
2742,2951,64.389923,0
2166,547,43.379398,2
1893,1854,30.572960,0
933,72,17.094019,2
1952,2015,24.317720,0
986,21,83.415031,2
1421,880,32.026051,0
912,512,33.227665,0
530,2082,98.383667,0
2418,2349,76.761894,0
282,768,77.806725,2
1063,2681,41.388119,0
500,198,22.051401,2
805,1316,26.808731,2
2532,2192,12.534435,2
651,36,39.072292,0
1160,1650,68.936378,2
440,607,37.880566,1
2838,2768,95.852493,2
2492,2697,2.653264,0
1497,2263,50.461037,0
140,2183,63.157902,0
2608,1559,36.307106,0
2138,2801,90.464676,1
50,2885,75.215889,0
755,668,80.501236,2
2399,2661,64.202148,0
860,1599,8.075006,2
1890,94,93.818161,0
1783,1125,78.209137,2
139,2499,36.671429,0
2100,195,68.270676,0
711,1148,34.485310,0
1475,890,68.276550,2
1229,625,62.141533,0
2292,2692,28.853146,0
1811,2374,81.792770,2
286,53,0.999083,1
2031,227,36.251465,0
1247,1400,8.290162,2
1372,646,23.097170,0
1601,1909,97.656433,2
717,2888,88.098572,1
2445,1390,11.602961,0
738,396,64.029221,0
385,1217,95.088173,1
2804,470,47.071178,2
2599,1794,75.752495,2
3,719,8.681028,2
361,700,85.819138,0
1923,2067,54.349079,0
1595,660,66.370300,2
1509,785,27.494772,2
1356,1892,71.556297,0
2075,1934,52.119049,2
2594,2867,95.360542,0
2765,388,82.205925,1
821,1254,57.154575,0
914,530,3.511702,2
925,1226,58.221844,0
2792,2477,96.864426,2
1894,1755,68.679359,2
1792,2011,24.474817,1
817,1195,17.724293,0
2766,1809,53.063744,0
1091,430,72.221863,2
1281,1922,71.406845,0
2333,2105,31.261322,2
2723,2973,60.774120,0
1224,60,55.935932,2
1446,2593,73.752480,0
2567,2225,98.516396,2
1810,1752,97.789284,2
2910,2677,10.398993,1
2336,578,52.277119,0
326,2220,99.571922,2
546,2119,76.102722,2
1818,836,40.157516,0
2100,1374,72.271744,2
19,2118,63.564747,0
1095,168,72.822273,2
2573,1681,46.270821,2
2481,1695,47.334400,1
562,2560,60.380138,0
1628,988,16.954847,0
1781,643,69.727318,1
172,246,32.727119,0
1991,478,14.477653,2
923,1751,98.853333,0
88,2718,13.496945,2
2717,127,16.277948,2
1367,1647,52.797798,2
591,1651,82.673203,1
334,605,14.776495,0
392,712,96.891388,0
1372,2520,74.496727,1
1221,2340,17.802376,2
984,2932,38.910492,2
1969,2777,83.559486,2
342,970,7.763321,2
2082,2369,6.368208,0
2681,1407,15.801333,2
629,2319,74.818832,1
524,2030,75.601692,2
2041,1380,83.227684,2
2625,1501,50.133411,0
2727,565,12.345139,1
428,281,84.865173,0
1314,461,93.356071,0
390,1242,3.985139,0
92,2358,33.969906,2
846,1864,29.991035,0
2674,1763,18.477993,2
1248,1919,24.663641,0
2429,745,59.841805,0
1888,1148,80.430351,2
1611,1425,69.632156,0
1958,846,81.550293,0
1436,1837,89.179138,0
2741,2644,87.752556,0
2474,1885,0.802227,2
1007,1460,14.959626,2
2884,2816,42.648754,1
1735,2968,44.032928,2
1044,2200,78.622536,0
2950,642,96.162506,1
1098,2946,98.263306,2
783,338,77.074577,1
1167,1788,85.794189,2
1746,2063,48.833282,0
514,807,97.641884,0
1202,1938,20.926178,1
2456,1038,74.946152,2
548,1711,85.607170,0
710,493,52.767754,2
902,2656,30.912174,0
2143,1727,15.292876,0
244,2047,56.438431,1
2226,2842,37.979073,2
438,1572,33.727116,2
2243,1556,86.177498,0
2011,2083,65.324585,0
2536,483,84.673569,2
318,2638,48.229324,0
2179,1352,72.257149,0
659,1228,7.570858,1
1933,2929,7.277008,2
2982,1823,54.668869,0
524,470,84.984673,0
335,1916,25.368523,1
2047,542,17.131565,0
2917,2060,85.645416,2
2666,1443,28.783838,2
547,1123,72.277832,0
1178,2034,66.390831,2
2487,412,48.221600,0
2903,602,63.829723,2
2673,2752,31.463261,0
2508,1536,35.275593,0
2781,569,84.652534,2
2741,1678,27.072617,0
1626,2586,24.093113,0
1876,1871,76.663055,0
1468,2830,45.104916,2
2971,215,8.596507,2
1659,1073,28.366484,0
802,2139,44.295147,1
1891,1094,61.406639,0
1120,2002,20.994539,0
2416,1498,48.209179,2
1403,650,65.806534,2
196,817,5.969925,1
1388,1715,27.893097,0
457,650,64.046715,0
2931,2979,4.904837,0
1135,2706,86.004662,0
2895,1599,0.821770,0
797,2633,12.082352,2
483,2834,7.511393,0
111,2140,84.881073,0
2449,1785,16.692265,0
2690,791,46.018471,2
2778,258,27.776073,1
33,2163,74.290245,2
2401,161,4.893414,0
393,797,18.089256,2
615,1290,81.830238,0
2212,2679,37.765846,0
2550,1457,36.265102,2
827,2060,14.708412,0
2280,309,19.903961,2
82,2636,25.774836,0
2499,1438,82.130081,2
987,2118,23.199015,2
454,2304,8.103280,2
399,1437,83.928841,2
1995,1032,57.795063,2
1397,1793,86.329590,0
2069,132,42.621098,0
1338,224,73.122238,2
1569,1957,26.302568,0
97,2680,0.704959,0
824,1643,36.287777,2
32,2273,17.636381,1
1961,1287,22.623024,0
1689,2089,95.046074,2
1433,572,27.657845,0
2158,2397,29.489777,0
329,1103,33.990059,0
2940,976,88.488388,0
1275,9,98.177193,2
2194,164,16.251411,2
2409,2694,39.672459,1
494,1559,53.371319,0
414,1097,59.983616,2
1963,2780,22.250128,0
1871,1962,67.494545,0
1130,248,35.525696,0
1906,945,31.654196,2
1308,2685,68.133476,0
572,217,18.732191,1
170,412,80.441727,0
1141,2342,74.703087,0
2318,373,36.782246,0
1842,2470,73.580399,0
1539,1392,91.923157,1
2103,109,63.452591,1
2742,2335,2.378875,2
2062,2108,20.338680,0
2122,393,52.821220,0
2206,2281,63.571476,2
1557,414,88.610916,0
2456,1653,93.058449,2
753,80,34.860916,0
1417,2309,65.491699,0
1057,70,39.430302,2
2590,476,28.700928,0
2269,243,51.758896,0
1035,2389,87.173302,0
2185,2047,80.106766,0
359,1981,81.743927,0
2141,2277,95.930786,0
2759,1713,48.264332,0
389,1850,87.584671,0
1049,2090,98.983307,2
218,2920,44.834766,0
2421,273,79.747200,0
790,1071,5.391121,0
995,2063,28.905760,2
487,1509,47.827217,2
121,419,39.687542,2
1268,585,65.992851,2
2265,324,3.468411,0
1927,1403,73.873482,2
30,2217,32.543079,1
2948,552,91.627319,2
974,1971,26.309507,0
2389,2520,95.492882,0
1322,2743,28.550045,0
332,2994,47.499981,1
2895,1773,5.092510,0
1388,2009,37.524681,2
721,769,71.214928,0
2321,2715,27.825556,0
46,945,18.289225,0
353,345,41.010178,0
1708,1778,82.402145,0
1071,730,18.848492,0
80,2650,50.491390,1
2875,2285,95.754471,0
2644,433,54.947475,0
107,619,34.902817,0
1028,1991,62.257290,2
2195,584,71.978958,2
2743,1834,82.102921,2
1051,2819,7.799372,1
100,2236,6.828771,0
45,823,63.496349,0
907,586,65.889755,0
1550,49,96.752632,0
2034,2272,4.025430,0
1934,463,85.572029,0
356,1735,22.619974,2
1574,554,90.317902,0
1669,1317,19.965040,1
1568,2357,55.245766,2
1415,1033,58.415977,0
518,355,19.422951,0
248,81,54.147766,0
251,2209,84.557716,1
2615,599,11.059678,2
2517,713,74.725258,0
346,1597,99.630058,1
1064,2645,9.082335,0
1152,282,16.431641,0
1843,870,74.814751,2
626,2500,66.259323,0
645,1530,37.025597,0
2982,1828,98.648796,1
2335,2729,25.305014,2
1142,1273,30.252903,0
977,585,69.304276,2
2538,2016,95.760406,0
862,2119,90.747108,1
761,590,11.846150,2
818,198,79.274376,2
1149,2837,10.864563,0
635,1686,56.632210,2
1191,1083,39.340611,2
722,2144,84.750519,2
1623,1500,49.393269,2
667,418,68.446709,2
2613,1019,19.019199,2
911,2389,1.934243,1
2656,2550,33.494209,2
328,892,15.291527,0
2934,1912,31.169922,0
2254,309,84.318100,2
547,879,18.375109,1
1735,1925,13.861723,0
2950,16,42.297256,2
305,11,68.536232,1
504,1775,38.892288,0
2042,2693,43.481750,0
2572,165,20.380678,0
2811,842,87.621078,2
541,2583,27.979816,1
1204,1782,91.630135,0
2148,2035,66.804176,2
1270,672,38.458431,1
1038,945,45.545124,2
2834,103,93.783470,2
904,1063,96.270790,2
1585,992,43.406357,0
2890,2658,24.321234,0
166,548,93.954231,2
2966,2850,99.900467,0
593,2476,61.338158,0
274,649,20.188574,0
416,2160,68.529373,1
2385,1654,53.906578,0
404,525,88.495964,0
2044,124,82.873505,2
685,2352,19.550873,2
1018,912,87.223320,0
1626,179,30.492748,2
63,1694,97.354675,2
1621,306,98.739738,1
542,2512,3.912115,0
1893,149,52.087452,0
2257,7,6.146327,2
710,1428,38.418209,2
55,2782,56.133236,1
2671,2574,17.317453,0
1054,735,15.643967,2
1274,891,69.787590,1
2779,1268,85.030090,0
1324,2003,65.072861,2
1206,2271,77.475998,2
1681,2107,97.163857,0
786,1995,60.141144,2
1146,165,60.477718,1
575,1326,1.554691,2
1770,265,96.161613,2
2259,305,31.647707,2
773,905,38.925259,2
266,2444,77.812675,2
2579,1896,35.500801,0
2614,775,79.396927,0
2700,347,51.317295,1
2959,1357,61.690636,0
215,1758,29.000708,2
1761,651,50.868912,2
1810,1410,5.782850,0
2315,2442,48.041996,2
1540,2854,68.596481,2
81,304,71.530640,1
1164,757,98.768616,2
793,628,17.726261,2
118,2874,41.504292,0
734,586,20.880243,2
1760,1375,60.079964,0
2490,731,95.268486,2
1979,2272,30.522699,2
2261,2707,27.326281,0
2458,53,46.243229,0
2424,1562,39.497898,0
1964,2875,69.113937,0
2870,2722,98.263306,0
1588,2404,79.925545,2
1804,1662,56.481396,2
2737,1748,26.088655,2
2482,89,53.539314,0
2790,897,3.544646,1
1809,1830,34.850773,2
1772,2510,58.796783,2
1786,2339,89.877312,2
382,2063,5.947534,2
1254,787,52.447823,0
1589,1694,2.641764,0
2985,292,37.882328,0
814,2422,25.992096,1
903,75,17.521780,2
2113,64,95.539795,2
1133,374,54.262188,1
1132,507,13.135198,0
346,1433,68.454498,0
2438,206,17.417782,1
2563,1356,93.596161,0
2777,1467,58.263954,0
4,359,30.550650,0
890,1681,44.036068,2
2519,672,13.576552,1
1762,1567,80.587448,0
185,1121,86.856621,2
1470,911,31.730309,1
1212,610,28.187729,2
1320,1022,72.997238,0
2958,1755,36.698849,2
2104,765,32.506302,0
1060,513,99.501793,0
1559,817,33.396458,0
2880,1077,31.758423,2
2383,2117,71.097466,2
1690,349,40.977211,2
2702,69,91.074135,0
1611,1739,65.364510,2
587,579,64.744026,2
1292,1686,25.002876,1
2224,945,91.227135,0
1788,399,43.686081,2
2960,784,44.915314,0
1033,1726,38.155392,0
1481,1641,47.475063,2
330,2581,70.855568,0
1157,2740,74.791054,2
1737,1998,77.085648,2
2498,1077,40.301590,2
2545,397,64.586502,2
2514,1365,99.149498,0
2206,2007,10.876269,2
1001,2087,33.210670,0
1281,2438,34.597122,1
1266,2504,10.430001,0
2899,1886,78.431747,2
629,279,28.323799,2
1643,1354,40.612099,0
1277,2045,62.577190,0
917,1750,8.105869,0
559,1300,76.334686,2
1757,2029,0.990044,0
2720,2736,76.965485,1
2712,2105,85.539665,0
692,2697,29.217934,0
2267,2047,99.763466,0
214,2199,83.094933,0
1960,1361,59.381012,0
747,615,62.770435,0
360,212,51.833435,0
2362,1619,67.350945,1
2214,1577,88.268021,0
945,2896,95.207451,0
1025,303,45.822350,0
452,2352,18.097488,0
2678,2632,99.539490,0
138,2448,44.340870,0
2290,72,82.336372,2
2619,331,47.599754,2
1178,2879,66.762123,0
2429,1330,20.078432,0
1009,866,8.140976,2
1340,1526,80.479660,0
2477,388,14.851914,1
1848,1303,92.462914,0
1708,2641,94.250961,2
177,1842,93.801498,2
474,2687,11.006604,1
1882,1454,95.690048,0
1463,586,91.611031,2
2199,1611,75.929474,2
2429,2910,62.673550,0
100,1992,13.135198,0
251,1316,26.660151,0
1908,2481,45.435307,2
2800,1534,33.257370,0
2236,1231,95.107147,0
1183,337,66.626060,0
1480,2217,75.601692,0
1353,356,56.900066,0
962,928,58.439556,2
1445,2162,27.014839,1
1825,107,8.594804,0
1498,677,10.568843,2
318,1983,93.580925,0
402,2265,4.769677,0
2507,1384,21.400057,2
2757,2345,16.500759,0
2020,1799,19.046490,2
1200,2899,74.960831,2
2673,1531,52.654469,0
2812,2116,61.731884,0
1517,1991,26.560219,2
1524,2457,25.451616,0
2335,1097,22.696898,0
2657,368,64.846191,0
2124,44,43.049088,0
2341,1973,61.540546,2
936,482,51.863152,0
496,2050,63.353222,0
970,48,68.349457,0
241,924,77.498795,0
895,1679,28.277737,0
1343,2206,77.174538,2
284,48,66.805977,1
2187,1249,47.584499,1
2518,87,9.780979,1
227,1252,88.370323,2
1202,446,42.780842,2
2425,2729,9.156131,2
767,765,75.888390,0
2672,2042,59.513233,0
962,1819,65.004692,2
659,10,31.959091,0
2379,55,50.461037,0
1117,2246,83.579781,1
1767,1400,72.333084,2
2337,1057,87.647202,1
2869,1158,26.932447,2
1283,1466,50.692081,0
2752,173,54.611851,0
2709,170,93.106644,1
2635,2206,17.038105,0
1504,281,90.089470,0
89,2775,56.602562,0
726,1255,60.298233,2
2082,304,39.811634,0
766,457,6.641893,1
2821,2447,43.708241,2
2908,1926,22.338030,2
1110,1614,24.874279,0
1560,1856,58.258743,0
441,1262,26.181551,2
2546,187,29.299223,2
2045,22,98.938156,0
2953,908,62.908745,2
285,969,10.653359,0
526,1218,56.741268,2
2797,1299,23.979399,0
754,1730,36.209816,0
128,271,11.883330,0
1483,438,45.310104,1
666,253,54.381321,2
647,247,40.932102,0
1012,1897,98.438858,0
1238,1447,65.007744,2
1167,312,24.454748,0
622,2853,22.669554,2
1367,1355,36.174377,2
1697,2148,88.673843,0
2123,729,18.114864,0
1053,2365,56.857605,0
1044,171,54.612125,2
2517,1249,44.641933,0
1539,1182,46.106598,2
442,377,18.755875,2
1592,1835,32.441139,1
409,2616,97.754517,0
374,625,48.467743,1
382,2106,25.946951,2
2479,1318,49.786732,2
2356,1781,10.141510,2
501,488,32.122189,0
1271,2990,48.587730,0
539,2225,53.907616,2
151,2795,64.176285,0
1439,258,56.407841,0
2843,1518,48.859077,1
1042,2605,82.017845,2
1617,968,34.910549,2
543,2517,11.353702,0
1267,1015,23.107344,0
995,1419,94.350380,0
2702,2616,39.927822,1
1318,9,78.224838,0
456,1660,39.365120,0
1273,449,19.179998,2
1045,1669,44.152641,2
426,340,96.129562,2
1632,2231,44.236057,0
2630,2732,85.901443,0
1544,1479,91.039948,0
365,2626,90.836342,2
2575,2318,16.648811,0
1361,302,80.420235,0
980,1074,89.143997,2
1063,2046,66.527969,1
2291,2985,45.812885,2
2980,1384,39.992229,0
25,2765,30.189672,0
2879,2171,66.357964,0
1213,2336,1.570358,0
2977,1710,10.803218,0
1319,1963,22.983103,0
2322,606,32.866425,2
1378,2589,59.150867,2
2480,1499,85.810074,2
274,805,54.028645,2
580,1592,93.592033,2
2823,2206,41.762909,2
1429,2444,22.908512,2
2041,266,50.270199,2
727,1510,77.985863,1
617,2655,64.449417,0
995,604,6.952244,2
2535,2815,61.406639,2
192,1471,92.648857,0
2921,2760,41.358791,0
2629,2168,6.988992,1
2418,402,80.028931,2
2998,2430,53.622944,0
1100,2162,70.595078,1
2359,812,61.690357,0
1190,1182,4.169627,0
769,434,89.980026,2
1802,2196,67.145218,0
2797,1180,68.926651,1
713,1910,45.664536,2
1770,797,81.956032,2
1323,2641,26.557243,0
1971,787,91.058838,0
2066,952,48.612957,2
1393,2809,63.680130,2
1677,2711,45.716537,1
2944,919,97.817001,2
2827,2066,4.883900,2
1694,2862,13.055868,0
1215,1278,71.487564,0
193,371,97.562424,0
1136,765,98.408241,1
484,1991,17.193794,2
2803,243,93.082642,0
2476,2717,67.734642,2
995,233,61.574535,2
1621,1539,45.471897,0
1744,2940,29.489071,2
2954,706,58.849953,1
2799,1173,25.451229,2
580,1269,1.204300,2
535,2687,15.397981,0
338,1687,13.961893,0
1523,2249,86.065216,1
26,611,29.939787,2
1365,232,4.092109,0
2720,2140,98.194534,2
802,1215,24.227470,2
2798,874,62.027592,2
1261,2606,65.019745,0
822,1002,68.113556,0
544,2145,2.596180,0
827,306,75.212311,0
1843,2037,72.302216,0
2894,2051,19.468557,0
824,2153,86.255966,1
998,1193,53.113670,2
1988,146,24.259968,0
699,2679,38.981419,2
1707,980,59.210079,0
966,2973,6.145253,0
905,2283,97.808403,0
1747,159,41.239273,0
764,1240,64.498024,0
1044,1781,19.720016,0
571,2237,36.189514,2
466,78,76.439964,2
1949,2293,45.429379,0
2297,1,89.980026,0
912,1922,47.357567,2
941,1973,23.131351,2
2585,1955,1.333929,0
2299,1581,44.621387,0
40,2734,70.114754,1
1688,17,41.036331,2
189,1520,14.940016,0
1089,886,65.786644,0
1676,2295,85.794189,0
701,2793,50.016739,1
2037,1431,21.613768,2
1833,1824,12.566457,2
1593,122,50.721043,0
2177,215,54.470543,2
1310,1171,69.529015,0
443,2190,50.900002,1
2625,2843,1.476256,0
2837,2548,10.719286,1
1515,2567,89.331848,2
2778,2305,68.377472,0
1624,289,14.336860,0
719,84,30.893230,2
513,1316,32.734291,2
1189,354,3.412537,0
1309,2196,35.118111,0
135,2447,98.867744,0
2489,357,43.015560,2
2650,1029,29.028893,0
2924,414,38.046139,2
253,2316,1.403489,0
1518,952,34.942833,2
2489,1992,36.300529,2
955,2071,55.291981,2
2170,2180,34.630501,0
706,679,75.146973,2
182,2824,66.162804,0
1102,2009,18.180935,2
2627,2240,51.954708,0
2776,291,46.106598,2
2932,1958,29.815235,1
1933,691,19.355511,2
1580,348,27.808413,2
1286,600,74.597778,2
2668,779,50.537304,2
1017,2426,75.262489,0
2706,2420,51.020973,1
816,666,61.880524,2
221,2788,30.829302,0
1905,2074,14.817272,2
2239,253,15.801333,0
2943,219,40.739269,0
2089,5,8.567681,0
1548,1250,73.357079,1
593,1384,96.972038,2
2741,2366,3.670372,1
2889,2469,38.945671,2
1367,2652,82.047714,0
2374,2412,74.760475,2
88,1660,9.776855,0
2624,2676,32.868416,2
1969,91,98.930565,1
2622,1294,93.483620,2
564,2311,33.213272,2
2174,1906,43.981014,2
1232,106,31.647707,0
490,1096,74.224068,0
694,922,86.725296,2
1892,385,38.615364,0
1402,1176,21.371370,1
832,729,1.427595,2
1411,538,75.929474,2
895,2663,69.088760,1
1588,2577,81.550293,2
2848,1820,61.393856,0
1249,1102,21.352743,2
2652,2576,30.629627,0
2919,451,89.881516,2
1298,650,5.653704,1
1126,2879,95.508133,0
428,2821,72.355598,2
1795,1198,40.223637,0
2809,1249,55.609745,0
863,1361,56.597797,0
865,2338,26.924042,0
1144,253,31.816460,0
1822,1976,45.522209,0
2908,1739,72.674408,2
164,2801,97.829422,0
2440,77,67.774483,2
2427,1664,93.082642,2
227,1263,46.764931,0
2963,2739,77.194099,0
2898,348,17.928005,2
2965,1276,87.275650,2
827,1331,2.122657,0
2859,1380,92.812363,2
2618,2896,35.475945,0
769,960,63.603413,2
2924,281,46.584034,1
1135,1520,89.160019,0
61,2736,86.292503,1
2972,1879,8.282913,1
283,1534,36.875591,2
663,2843,20.396713,0
1390,64,88.557312,2
394,1092,99.040115,2
106,1000,79.972252,2
2227,2312,10.757358,2
1082,1294,30.200420,2
1134,221,47.012596,0
2551,1246,48.774364,2
2039,1435,36.734951,1
1622,2947,58.243687,0
2697,2576,17.093683,0
1496,962,15.683311,1
2682,2644,69.030838,0
2128,347,94.282722,1
2020,2673,11.453793,0
2851,1504,9.093904,2
1481,1270,30.056427,0
258,909,32.862499,2
1336,1727,23.916258,1
1788,2478,14.291821,0
2528,1862,88.338097,0
1116,2147,11.748064,2
1016,297,42.773376,0
1011,1436,32.355804,2
2230,2775,44.713531,0
2217,2218,43.481750,0
318,769,68.536232,0
2629,441,16.963984,2
248,391,47.217274,0
2267,2142,34.007336,0
1316,925,13.196779,2
1369,2680,39.824596,0
769,2476,51.554932,0
2008,2732,4.250240,2
1969,1690,94.158043,0
2894,436,16.058123,0
952,115,77.361496,0
1738,1619,85.572029,0
1004,129,75.885757,0
2635,206,62.614693,2
2022,2878,55.287956,0
617,605,32.769119,1
1207,625,91.121368,2
1169,654,83.667168,2
541,406,98.410568,2
1288,2397,84.940506,0
2136,16,60.559261,2
2239,1154,44.505394,0
2807,557,60.215508,1
501,295,99.294594,2
458,2321,26.049366,0
755,142,70.180267,2
2374,308,29.803061,0
468,2908,89.341675,1
2007,514,79.576530,0
2453,1392,18.238016,1
448,1193,53.863415,2
135,1180,6.186375,2
497,858,39.094780,2
2911,2584,39.152470,0
253,1360,23.513063,2
814,1192,98.086716,2
1140,2379,71.338150,2
2854,338,51.246784,0
1556,1113,3.167960,0
1099,1003,40.166069,1
861,1982,54.547337,2
1710,2642,49.832352,2
1435,253,30.031538,1
1226,701,94.869820,1
1376,442,16.547853,0
1844,963,95.107147,0
132,128,38.453186,0
424,701,41.447651,1
2017,2285,83.006645,0
2550,1237,77.170708,0
219,2550,83.141243,2
2747,2722,95.121986,0
2171,998,93.929359,2
1607,1481,95.345688,2
1140,2164,55.684757,1
793,340,17.136986,2
700,605,91.432205,2
2259,1658,53.390488,0
1885,391,12.918001,2
217,674,50.299519,2
2591,2562,91.560501,0
694,137,32.645374,0
222,618,68.768166,2
1421,682,92.798096,2
1580,1211,11.548141,0
353,981,44.856823,0
332,1288,89.845848,0
1590,2235,95.171219,2
392,2431,0.949116,2
2041,996,95.094330,0
1029,1015,74.756744,1
2063,950,74.460953,2
602,2498,13.487218,2
1702,2071,3.904079,2
2539,371,87.995552,0
706,128,39.638992,0
1063,2519,74.791054,2
954,2073,71.921669,0
1365,1164,65.561920,0
1088,2527,72.875626,0
2197,1932,42.396702,2
66,2347,8.504056,2
757,908,7.008793,0
810,1959,87.487091,0
2760,557,23.921907,0
1044,41,74.760475,0
1614,2532,22.007172,0
2334,774,66.235039,1
2907,1926,14.731927,2
1219,1865,95.391953,0
1885,751,4.218480,2
4,1286,93.041977,0
1952,116,48.969677,2
1079,2532,28.405071,0
628,1476,82.647667,2
101,1422,80.667351,2
633,1326,2.316203,2
2516,79,22.955267,2
788,2031,61.800522,2
2542,936,60.431313,0
2906,1485,73.593346,1
1533,910,36.396465,1
1531,2730,87.881905,1
1055,1742,81.802826,0
771,1316,19.939043,2
590,1225,18.259375,1
2147,2454,35.835491,0
1697,136,90.065620,0
1269,1288,70.535278,0
528,2600,46.239086,0
668,2988,10.334179,2
1853,1354,11.817533,2
1388,2201,88.598793,2
1062,1304,83.891457,0
2771,1828,12.382936,0
347,754,96.902649,0
26,744,11.373522,2
471,534,97.820221,0
529,2588,53.197979,0
850,1402,28.251390,2
2208,2620,57.827763,2
525,1435,63.126755,0
1511,147,69.584923,0
2373,2077,83.025330,0
2361,2195,65.269142,0
2178,2925,8.751943,0
1826,1084,55.654663,1
2176,97,44.523911,0
840,2505,9.511004,2
2486,2114,21.606079,0
2131,2792,17.132212,2
1959,806,41.480415,1
2401,2930,71.666306,0
2429,152,52.108616,2
366,2656,87.052238,1
2704,521,82.607094,0
2501,241,51.317127,1
1895,1023,24.044525,0
1751,2176,19.792576,0
586,2901,98.053757,0
181,824,86.758087,0
2517,81,22.755922,0
612,1850,62.813900,0
1723,2051,77.656647,0
2833,1129,32.025539,0
2671,627,30.715204,2
19,2900,45.412666,0
2517,1577,33.288635,0
1257,1972,35.320171,0
2992,2412,14.933763,0
2328,283,4.946372,2
1862,1510,33.145294,0
1635,1617,53.539314,2
345,1457,42.748505,2
2357,2880,94.873260,0
1326,1756,60.669384,2
2414,1250,25.297428,0
2727,1682,28.643517,0
2730,1113,38.716286,0
71,1551,8.872800,0
2193,565,94.659195,1
375,1188,36.055225,0
995,1372,74.174454,0
1267,103,42.388176,0
1135,1127,33.037941,2
1663,681,22.690699,0
1695,562,81.755089,1
394,75,76.835922,2
323,2286,92.653679,0
1131,279,19.686247,2
1812,2612,35.527832,1
2149,2046,7.413725,1
1101,2597,69.922989,1
2871,2121,13.438212,0
814,119,6.730113,0
2068,2182,89.859222,0
2405,2824,38.792107,0
1552,2152,44.801884,2
1194,1140,51.887630,1
2908,712,65.517174,2
2195,141,14.226048,2
1526,1459,38.721569,2
1654,2824,44.297966,2
1692,141,74.471458,2
411,671,34.684139,0
2321,270,98.588478,0
296,1748,35.699917,2
1277,391,96.573524,2
3,1781,83.206802,1
1555,2819,52.452461,0
2034,532,9.844310,2
124,1372,33.235229,0
1454,1797,43.782196,0
1587,2350,51.518726,2
1607,508,21.029869,2
2623,551,50.834080,2
1437,2240,44.251541,0
2235,77,69.304276,2
1888,2387,40.244190,0
1074,1705,67.045784,1
2213,1864,49.830170,2
2322,1869,7.905181,0
889,1405,14.520408,0
2180,2815,36.872444,2
832,1525,97.968925,2
2342,2784,53.045734,0
1585,2010,74.562843,1
178,2563,69.838524,0
944,824,47.558945,1
2013,1729,94.023277,2
1416,2515,0.990044,0
917,1031,31.698084,0
685,604,51.088966,0
2449,1951,57.959076,0
154,2997,17.571404,0
267,1849,70.894859,0
1337,2262,20.617226,1
2993,2395,39.672459,1
935,1800,43.061707,0
666,1403,63.186172,0
2409,595,39.592522,0
2116,1898,43.315968,0
1533,2663,45.363560,2
1494,1142,82.640236,0
793,243,98.290749,2
1293,1813,32.122189,0
2671,2930,54.251289,0
1730,114,63.726288,2
1413,1874,65.492577,2
887,991,53.579437,1
2365,2378,46.845055,0
139,1083,18.400919,2
2923,2716,34.976120,0
984,1948,70.295204,2
2931,284,71.676949,2
812,990,95.602371,2
2562,1689,88.841873,2
115,638,52.108616,0
1152,413,14.901348,2
1411,2881,86.047615,2
1422,1260,91.148460,2
106,2625,10.830168,0
127,2853,66.639290,2
447,2970,82.516998,2
1611,2017,88.223709,1
2674,2665,51.300655,0
1380,1145,39.650345,2
2468,2470,2.697569,1
1650,1625,35.477688,0
1360,713,70.100311,2
1725,485,28.848211,0
745,821,37.015259,0
1260,1763,58.931477,2
1721,260,12.005239,0
1783,1698,87.772934,0
2704,2770,99.562050,0
612,2779,0.435266,0
227,2290,36.376453,2
2296,278,0.452818,0
2469,845,45.104916,0
2778,2991,32.426735,2
2252,2971,90.034416,2
75,499,51.496693,0
2504,2773,0.560850,2
2112,91,51.747803,2
1418,2989,62.753727,0
2251,2949,9.830420,2
1717,291,26.286692,2
61,1115,27.561733,1
1684,1554,91.629486,0
932,735,64.200287,2
1406,923,18.390192,1
2760,1809,26.701355,0
155,1566,31.052589,0
862,1869,63.050541,2
1850,75,56.462334,2
1988,1910,22.312944,2
1535,2695,90.504112,0
488,2005,24.232256,2
2998,1031,73.427727,0
2666,1274,40.485016,1
139,1686,73.570198,0
2543,877,84.165985,2
186,2957,82.106339,0
2868,1458,90.951820,0
147,839,31.813728,0
2236,516,92.306511,2
1127,741,9.554916,0
1981,1661,16.957119,1
768,826,81.740204,2
1818,2754,73.524506,0
2115,401,6.838258,0
1380,210,24.151146,2
1490,2091,22.119986,0
1398,998,16.867735,2
842,205,82.822006,0
2295,420,77.221115,2
2714,2715,68.014305,0
1380,2097,53.984985,0
2547,776,12.806398,2
2248,2208,40.331570,2
1734,1686,40.037838,0
1809,686,74.576088,0
694,732,3.670372,2
142,257,74.375900,2
617,2516,88.486816,0
293,823,18.082474,1
986,2424,73.627190,2
2313,158,17.703913,2
295,2544,43.686081,0
2480,2731,56.710117,2
470,1148,73.884506,2
607,1408,30.664797,0
705,2510,53.339249,0
2506,1214,39.843018,2
132,2977,3.385439,0
274,903,29.029631,0
2946,875,79.771606,2
2348,410,49.106358,2
1063,1469,46.892265,0
660,48,0.995160,0
980,434,68.529373,0
2534,1281,4.205817,1
2078,2458,53.988583,1
1104,2518,7.471653,2
583,580,99.848778,2
537,1330,70.453506,0
420,2519,51.693401,2
2774,1801,86.571159,0
1240,960,93.129936,0
1597,2883,25.545681,0
2814,130,93.434036,2
90,2278,15.216054,1
1326,1627,69.853180,2
2798,211,94.495735,2
100,846,80.391281,0
2870,1357,29.062784,0
1007,285,99.042252,0
1384,1343,23.664522,2
1770,173,72.131676,0
1090,1793,6.509153,0
2395,1479,75.839272,2
1750,87,97.763649,0
1008,2001,64.343178,2
1804,1944,3.980307,0
687,2756,58.359398,2
2671,701,84.111641,0
2154,1380,95.619240,2
77,1989,97.823479,0
2610,2504,51.716732,0
1900,2273,93.909073,0
2710,809,91.039948,0
1251,867,9.938201,2
806,2819,82.176453,2
1662,1108,18.429695,0
763,36,36.907497,2
860,64,91.957832,2
1770,2880,2.745163,0
834,1495,55.156158,2
5,2449,59.272991,1
43,1736,17.855204,2
425,39,21.304783,0
449,746,25.688478,2
366,2594,41.034912,0
2361,2368,18.060244,0
2314,2985,35.791656,2
2245,2491,17.655693,0
2769,623,48.812725,0
892,1305,41.976730,0
2346,1581,11.307334,2
633,2822,78.131012,0
2196,629,57.410072,2
1795,1903,58.221844,2
1254,2106,94.086075,0
83,158,89.743301,2
2747,1695,56.816025,1
2651,614,22.940296,1
1857,2575,82.225075,2
2834,2639,26.371750,0
1067,1095,75.410187,2
1138,2623,66.154976,0
784,733,26.048134,2
33,56,73.166901,1
2887,2489,6.617064,0
1798,2010,67.504883,0
2463,1331,17.445457,2
2616,2161,59.018383,2
2338,2689,34.249783,2
1068,1268,23.501926,2
502,119,42.500042,2
1511,2680,59.120392,0
1309,1710,1.055219,0
549,137,59.023575,0
1018,2504,72.863976,0
1162,2927,21.966576,1
2702,2545,74.093697,0
2622,1479,91.049606,1
1677,1535,20.479544,2
1579,2994,95.504364,2
748,327,80.908829,0
1951,155,81.488388,2
423,700,90.921097,0
698,2182,78.813423,1
2363,728,33.207832,0
367,627,91.148460,1
2337,238,82.565903,2
2406,1405,35.880989,2
1752,2990,89.712807,0
100,2459,7.211476,0
2259,1985,81.807838,2
286,104,7.604884,0
1426,374,25.894415,0
2826,57,9.016108,1
915,1087,19.288097,2
2048,1615,50.652092,2
891,2726,13.990439,0
327,434,87.681488,2
1247,242,65.523163,1
507,1803,46.563015,2
2849,2561,84.840767,2
1533,498,81.404022,2
2200,2353,16.875113,0
527,1358,70.240845,1
61,1444,46.848019,2
1105,1444,12.599481,2
2977,497,63.601627,1
831,1347,62.354851,0
964,2927,22.623024,0
1120,177,23.193172,2
348,2658,82.851509,0
690,2544,73.369476,1
993,2719,58.678421,2
2487,1585,82.817192,0
1986,1914,77.267952,2
2354,2427,4.854045,0
1995,607,10.620693,0
677,612,53.723228,0
2293,2099,3.726608,0
760,1130,65.919365,0
1380,1277,5.814744,2
2573,2743,29.507687,0
211,913,78.224838,2
1756,2442,18.069544,2
912,2394,59.343582,2
712,226,85.449692,2
1924,2139,57.742767,2
2380,1724,58.586761,2
737,750,26.861557,2
504,1471,94.316177,0
374,1129,98.313423,0
1981,2341,5.091371,0
2042,2411,9.009736,2
1332,629,87.116608,2
2955,2540,9.058045,2
1385,1207,26.180555,2
1466,2507,27.691126,1
1985,2861,70.554970,2
2939,602,45.676720,2
2400,1770,46.584034,1
145,290,60.373585,1
2389,1734,56.048336,1
2527,288,78.830452,0
2457,26,5.554012,2
2679,2005,60.041637,0
900,1252,64.740654,0
178,2413,38.046139,0
947,1427,86.176437,0
1919,2394,51.344547,0
1628,119,12.082352,0
1548,2021,98.005806,0
1925,2220,51.825020,2
1179,1281,71.051292,0
1404,699,34.152683,1
903,1408,1.748819,1
2523,400,80.492531,0
2738,2678,21.491209,2
243,910,16.927881,2
1454,424,94.601776,0
2712,1086,68.161095,1
2568,1747,37.466251,2
2739,1743,1.748819,0
731,1655,59.107494,2
2580,2230,9.649446,2
2756,1064,12.368138,2
832,2075,25.676445,0
926,1945,92.454529,0
1206,2633,0.958075,2
2887,1808,37.544792,0
370,2655,24.984989,2
2617,2102,40.233261,2
501,2462,22.885931,2
2599,570,32.295078,0
2046,1341,45.706764,1
2646,2250,3.318542,2
1185,2120,43.988773,0
2132,1028,56.764114,2
2280,2580,70.404716,0
1383,1803,55.642845,0
2408,617,19.558588,0
2841,1408,42.235897,0
406,335,29.933058,2
1607,2687,12.174813,2
2022,1910,57.612843,0
2136,219,75.952240,0
2827,562,93.636436,2
2367,1303,35.658474,0
950,2728,34.758312,2
885,1928,67.014191,0
698,1198,37.592442,2
2317,992,3.882989,1
1958,2092,15.068979,2
1102,2340,65.989029,2
398,2780,94.649826,0
483,499,47.841709,2
2255,2034,80.056931,0
109,285,90.880981,2
81,1951,21.829767,0
1165,1384,40.230236,2
958,1063,76.295357,0
2136,1973,61.576691,2
1455,1979,0.835999,0
1084,1886,40.893299,2
2885,2110,1.364235,0
2724,2669,29.699471,0
1757,586,44.795437,2
2663,1247,25.197720,1
1963,1958,96.364845,2
1246,1916,48.509777,0
1842,116,62.627037,2
1571,1789,92.879410,1
1858,2565,50.669132,2
2890,2844,65.167915,0
60,621,68.554787,0
2159,639,88.815521,0
971,2812,68.529076,0
218,2983,92.610886,0
1479,366,75.307816,0
286,1323,55.248039,2
502,2708,10.856931,2
1335,2455,91.633675,2
903,2313,16.162197,2
512,2458,43.168888,0
1933,524,38.713013,0
911,1676,54.778996,1
2484,1246,97.443039,2
1518,1641,22.762846,2
1293,1749,65.922951,2
1537,2377,36.788101,1
811,454,59.523315,1
251,1887,99.575577,2
791,1673,8.862886,2
1964,1927,44.667919,2
2822,711,69.838524,1
729,2754,83.321861,0
2326,917,7.399901,0
752,953,78.330109,2
2534,2339,64.267570,0
459,213,25.108080,0
1925,918,81.099159,2
559,2516,24.611824,1
1420,2889,28.143744,2
1576,2942,52.123867,2
1692,285,99.829002,0
1709,2031,63.135033,1
1201,1557,51.551426,0
2544,2395,92.803337,0
1010,1790,61.960442,0
1549,366,20.943794,0
1857,1129,22.877066,0
1894,2506,32.305157,1
1948,1993,31.647707,2
224,474,4.581576,0
1901,1333,71.944023,2
2075,2930,3.507033,0
804,2301,4.552348,0
680,597,29.065346,2
2595,2903,99.674309,2
454,375,22.361305,1
1709,2311,25.959888,2
1487,2092,63.953598,2
489,795,87.012566,2
1083,2610,23.349939,0
1570,2911,90.556984,0
646,2932,70.454071,2
2852,1504,80.653557,0
2584,53,37.537048,2
2140,792,87.486046,2
2822,2403,57.060638,2
963,1433,87.072571,0
1593,1298,19.958488,2
2422,388,81.524292,0
2402,2273,76.334686,1
2675,2268,19.209980,0
1350,2929,76.149002,1
2925,2877,49.216141,0
125,2296,38.456421,1
2287,994,87.077759,2
1274,2184,93.106644,0
2710,92,40.771019,0
578,2964,75.930634,1
703,595,72.409813,0
2319,2553,89.563217,0
696,2665,73.683739,0
1386,398,97.738716,0
150,156,5.552921,2
1745,2896,88.788483,2
2297,1700,13.565666,2
1538,2430,18.291002,0
716,1886,27.931746,2
415,599,69.174217,2
1219,2896,19.659554,1
1236,2278,48.857521,0
2411,498,14.091812,0
2507,169,92.030396,0
1814,767,46.572952,0
1474,1765,37.573090,2
606,1468,43.800201,2
2688,50,57.989658,2
1065,2984,65.688011,2
2528,2098,12.342918,2
2452,962,48.628712,0
1415,2199,4.769677,0
1050,535,59.215897,2
1478,280,67.064308,2
649,703,65.786644,0
1360,2033,63.331543,2
2852,2822,5.899310,0
1823,926,61.837906,0
354,2193,50.012981,1
1931,285,56.314747,0
1197,2721,14.450729,1
2513,2970,49.720909,0
1160,2793,84.016991,0
1108,2650,0.244482,0
589,1030,71.848610,2
1419,825,24.372864,0
574,478,20.340080,0
2477,535,45.863602,2
2778,1923,8.377393,0
1818,508,76.708511,1
1294,1021,54.501148,1
2857,720,20.086948,0
549,811,53.243488,2
2230,2672,0.689107,0
1910,1367,64.760185,1
1562,1371,4.771073,0
2479,939,63.765526,2
2739,270,53.932957,0
2612,2242,30.673159,0
353,2273,92.879410,0
1158,847,46.805355,2
1275,1708,90.193703,0
2617,2264,2.972726,2
2968,1983,78.209137,0
2235,2811,70.719582,1
1388,1964,76.270798,0
2924,1837,1.432363,2
1274,2640,94.607590,2
1224,1143,14.908395,0
836,2943,57.669991,2
2981,404,32.910492,2
1962,769,75.248642,2
2305,1522,70.709557,1
2120,236,11.059678,1
670,1069,79.690170,2
2897,1092,23.020142,0
672,2531,11.090868,1
457,2016,45.505497,2
1712,1752,36.428822,0
2087,2799,63.475445,2
2719,2413,87.971001,0
203,254,10.147906,0
2876,1290,22.895924,1
451,802,23.500797,0
263,1472,5.200575,1
1829,2817,26.859137,0
1028,694,65.755524,2
748,578,21.456182,0
610,549,77.744270,2
1195,1195,76.846634,0
1886,2712,86.274292,2
1887,1826,49.043213,0
1269,273,61.935966,2
1876,2160,98.854805,0
1054,688,77.998672,0
2437,81,21.543283,0
311,1433,47.366940,2
733,1083,92.604202,2
2470,577,87.334549,0
2034,29,76.052391,0
1846,1273,9.386746,2
2126,408,3.455703,0
2835,1609,30.550650,0
2184,2604,43.782196,2
2772,958,40.610252,2
2285,1604,48.913731,0
1102,2359,86.193871,2
1105,2584,47.825489,2
2870,2168,18.413660,2
998,673,54.299423,0
326,775,55.498688,1
1391,197,70.829941,0
1223,50,35.934448,2
752,53,59.513233,0
2790,2258,3.910614,2
2134,2742,76.928047,1
552,702,84.709663,1
2976,1105,70.258774,2
1667,90,57.833439,0
2793,1722,40.294083,2
1475,1190,36.535595,2
925,2496,26.989431,2
190,1595,67.023857,0
1058,1712,9.093904,0
2546,1150,42.419563,2
486,657,47.984806,0
357,644,83.935905,0
1824,698,76.150940,2
1184,2039,74.928734,2
764,1346,58.954506,0
133,977,70.423668,2
1104,1077,22.955267,2
1820,844,3.583564,1
140,2028,15.850009,2
21,2934,42.257885,1
2800,2219,9.186732,2
1025,2381,96.358948,0
2937,2912,61.609406,2
2661,748,19.616402,2
1831,2749,27.592819,0
364,1027,74.690079,2
2174,2212,68.077110,0
1639,2385,88.484596,0
257,1580,82.057159,2
2236,2621,72.099297,0
1983,825,84.293121,2
1139,1001,75.966507,2
1441,1165,24.170618,2
2886,0,84.334961,0
1360,2422,84.364197,1
901,713,13.778938,2
2620,1811,14.355965,0
1083,1356,65.872604,0
869,946,71.379990,2
649,1788,58.181942,2
994,2222,53.761372,0
2819,1873,9.822706,2
1181,2567,59.498543,0
57,2379,38.480965,2
972,249,57.702660,0
2435,1767,1.822465,0
1866,2229,61.424530,2
487,1474,62.168159,2
771,2055,19.528208,0
212,2439,40.460381,2
1887,935,5.604962,2
2195,2667,99.537308,0
492,1078,90.225349,2
2728,1725,0.308522,1
2791,778,75.139740,0
2148,2581,59.540241,1
1609,2046,52.270447,0
2480,1937,15.682619,1
60,616,39.690006,0
958,1768,78.473228,0
2564,1632,98.824791,0
1276,2311,7.108554,2
1490,2245,56.820435,2
159,1047,77.064087,2
1682,2057,94.369324,0
821,329,76.864891,1
2259,2417,24.733816,0
979,2745,96.751755,2
2641,519,62.340580,0
2301,1361,42.419563,0
2885,1968,98.188820,2
2506,2863,12.639052,0
1035,2744,49.880348,2
700,1685,37.168980,0
2338,1355,50.302906,2
1550,2460,5.994717,0
2959,1933,49.098766,2
228,2451,37.838787,2
466,1219,68.014305,0
343,531,34.806709,0
1971,2550,54.028191,2
2796,1971,75.995041,0
2179,2481,93.473907,0
1258,2642,66.289169,0
517,1391,72.945175,2
2863,2995,68.385826,0
802,1600,24.908663,0
565,353,93.182854,0
538,643,85.529343,0
1229,1336,42.396702,0
1240,661,39.654758,0
2788,873,63.496349,1
216,1802,31.654196,2
444,678,94.683228,0
2049,2638,18.691460,0
1364,679,84.591469,2
2708,185,57.686069,2
1290,1780,65.992851,0
2050,2627,33.653122,1
1359,2854,39.445679,0
1949,1826,38.236183,0
2486,483,69.174217,0
5,1822,57.806423,2
809,342,95.309250,0
570,1935,44.901649,0
799,2629,45.493683,2
2151,26,59.963600,2
321,2296,73.670654,1
965,996,29.823128,0
1058,1550,33.950844,1
552,1111,16.933298,2
86,2740,39.834816,2
2582,802,5.941868,0
1183,464,48.476070,2
1177,919,88.338097,2
523,2811,16.853436,0
93,2850,60.241688,0
695,1997,81.236626,2
157,291,31.162315,0
1539,2924,71.555557,2
1222,51,1.281701,2
2837,2757,58.392277,0
945,66,62.219818,2
951,1365,74.703087,1
2150,9,0.418915,0
2877,750,3.443186,2
2682,74,11.696058,0
1982,437,35.522820,0
1030,196,31.693855,2
2677,2073,70.109726,0
1526,1190,94.647766,0
2180,18,56.110760,0
1453,2618,62.829380,0
1815,1176,38.029480,2
1149,2467,69.936111,0
258,530,41.004066,2
2325,88,30.078722,2
2963,1778,9.941221,0
1746,1569,60.986950,0
411,751,56.496754,2
667,2943,32.908131,1
157,1648,62.141533,2
827,1208,66.763000,0
2783,151,38.361824,1
1632,1394,68.523819,0
1714,287,32.823818,2
1687,1373,70.240845,0
168,141,99.625412,2
2400,173,89.408295,2
880,951,24.879238,0
1388,2223,11.693329,0
247,30,36.915977,2
2625,1522,82.810287,0
2692,2042,90.641380,0
2787,2919,63.988865,0
665,2611,7.572841,2
2215,2352,4.043952,2
198,855,17.571636,0
710,1222,12.225705,2
79,1384,59.002071,2
1602,1189,36.445751,0
1587,238,19.773041,0
997,1225,25.478334,1
2925,1907,32.802277,2
422,1923,96.111031,0
101,2341,48.952106,0
193,2432,61.576691,0
486,397,77.717545,0
2144,2993,41.655579,2
90,2381,95.168907,2
325,1051,78.734489,1
2800,1573,59.533909,0
604,1112,13.432566,1
1810,2607,69.335152,2
2418,818,33.768028,0
2427,2174,49.741890,2
677,2976,80.667351,2
2221,1548,40.649437,0
736,459,99.898590,2
1656,2397,90.895622,2
2041,668,79.734940,0
2571,2343,98.261070,1
2073,427,92.268776,0
1498,2922,62.530823,0
2571,1094,8.798802,0
662,1793,88.163200,1
2751,133,74.540482,0
1302,1648,38.365921,2
1313,375,14.553211,0
1329,641,43.049980,0
2220,193,42.213291,2
1343,835,57.383099,2
2644,2532,69.325974,0
2704,106,52.686539,2
1812,1188,98.705490,0
1510,722,22.895924,0
1665,2855,95.146996,0
2154,2462,8.330625,2
2308,1390,74.082672,1
2808,2247,96.680542,2
1056,2137,9.304459,2
518,1151,36.396557,0
603,680,63.062023,0
1100,786,11.629735,0
2681,947,8.446616,0
1944,2582,99.492210,2
2589,2440,54.750816,0
1475,298,87.846306,0
2763,1623,93.168655,2
462,780,21.087614,2
2238,846,14.059211,0
2899,2964,9.311899,2
1089,2577,89.568626,2
2462,677,68.074127,2
2381,498,31.825785,0
646,2545,83.414368,2
2613,2525,13.793899,0
608,1791,19.656519,0
1682,1566,33.454269,2
736,2833,16.307226,2
1543,1223,20.990244,0
1871,2226,10.852345,1
797,850,41.057713,2
213,2386,3.993755,2
2488,136,58.784950,1
839,769,90.955544,0
1181,766,17.691385,0
2389,2770,51.871792,0
2065,1500,63.583164,0
2307,749,53.147751,2
2359,242,53.949669,0
1897,2772,78.896278,0
1782,614,10.200400,0
2864,2509,90.031326,2
2834,1201,14.839722,0
321,2786,71.636536,2
400,1589,60.059956,2
1493,428,45.237934,0
975,858,35.194439,1
2729,276,99.833908,2
2294,2158,74.067108,0
1222,2342,21.601608,0
2268,289,86.133789,1
482,1859,59.310425,0
1622,2293,76.469025,1
2531,21,74.138527,1
1137,1648,24.401108,2
2462,1749,85.470535,0
1763,1266,75.725578,1
813,1077,50.365314,2
2811,637,41.035225,2
754,1833,10.166639,0
1013,470,29.550310,0
357,2689,18.477964,0
1733,1450,88.486816,2
363,33,99.644234,1
1830,118,85.033188,0
2731,1909,80.407036,2
2776,1129,83.653503,0
1392,2215,94.254417,2
2483,12,17.103735,2
338,517,97.466743,2
2244,436,79.746964,1
2198,492,36.781170,2
383,2297,51.242661,2
1764,519,79.524361,0
2976,1508,65.769592,2
2436,1501,85.168182,1
72,147,9.730911,2
208,36,16.133387,2
2075,1879,79.954140,0
2273,79,89.448074,2
753,2129,99.150101,2
1880,1519,43.401554,0
1081,1761,86.109406,2
1973,885,97.973991,2
38,1025,39.579437,2
662,292,76.408791,0
1217,1931,89.184723,1
2189,973,78.159615,0
1501,2886,36.741680,0
1918,1353,96.692619,2
1396,2568,87.158928,2
2207,584,19.011774,0
2838,299,93.295792,0
836,485,93.564835,1
1024,946,89.583015,2
2647,1855,73.894852,2
2271,521,23.133532,1
2002,1366,92.311760,0
1323,561,24.928860,2
2780,2025,75.385742,1
2345,1264,31.246059,2
1844,2540,8.488604,2
1968,477,64.581581,2
407,1332,82.682220,2
1170,825,58.473679,0
1645,75,59.817654,2
999,1512,48.914616,0
2043,246,21.613768,2
952,2547,54.375874,2
1835,2733,9.533088,0
518,210,82.606209,2
847,1429,16.199743,2
1296,412,95.326431,2
331,1792,83.915146,0
2975,1240,4.380592,0
2811,2579,74.522057,2
1546,43,82.043365,2
1595,177,29.297033,2
1936,1943,89.074989,2
2639,2954,15.388132,2
2628,2473,61.089031,0
380,761,89.079109,2
1009,1295,57.520844,0
548,2514,80.492531,0
2461,1722,99.010719,0
2515,909,98.765907,2
883,1465,23.818405,0
2208,2106,10.528086,2
2349,2841,47.625103,0
693,1766,61.936123,1
1736,1947,33.727116,2
540,886,79.903793,2
1087,1191,59.387123,2
2815,1407,98.753845,2
1587,2487,97.735100,2
2640,647,69.032051,2
58,2885,19.826468,0
1987,429,15.564203,2
679,1650,94.771721,2
772,447,9.412741,2
214,852,38.192085,2
215,573,12.199750,0
1596,1494,9.157979,2
764,1767,26.932447,0
2912,1585,68.394737,0
54,541,22.857349,0
282,1703,73.819832,0
1226,37,71.555557,2
2494,1499,90.465973,2
2087,1252,29.699471,0
2234,1900,24.984989,1
1717,730,70.713196,1
2345,665,17.191168,2
2301,702,37.480331,0
1124,920,87.662102,0
2092,2365,60.165165,2
1305,759,80.910568,0
2212,865,57.509895,2
1248,1634,78.075714,2
2763,2069,33.425392,0
1392,222,2.745163,2
1766,355,14.703678,2
2002,1578,84.165985,0
850,1984,9.898890,2
2640,1916,38.712173,0
838,154,69.887115,0
1069,1008,14.802935,2
646,2444,25.180817,2
1659,1715,39.336864,2
2774,499,59.474644,2
2312,561,22.006208,2
2333,1869,42.924664,0
2750,2767,74.674667,2
2873,1575,65.536255,0
82,419,63.738068,0
262,2894,41.355141,0
452,1707,9.485250,0
2944,2158,85.607727,2
1853,252,33.202251,2
685,1642,75.916077,0
248,1297,96.785927,2
1046,2148,26.969009,0
1265,1742,85.334297,2
1681,316,30.847330,0
404,1830,21.093292,0
1410,1303,21.951399,0
1669,1927,96.589394,2
2715,891,29.986685,0
2877,768,44.733234,0
1479,1102,12.372962,2
1308,175,73.166901,2
834,679,40.578388,2
2014,2628,61.636292,2
1187,426,49.553677,0
1005,2343,58.356617,0
1979,2927,27.304770,0
2206,1995,83.889610,2
2042,482,63.561180,0
2536,2181,9.619835,1
2247,2559,39.060184,0
2834,672,54.868507,0
1524,2333,55.067944,0
2291,1560,48.216595,0
2869,279,43.202717,2
2245,2984,13.045490,1
2994,14,67.168488,2
2363,370,51.152122,0
1586,521,92.254951,0
2520,2014,74.192650,0
1855,2319,98.755104,2
1257,2977,10.610166,0
2022,1223,50.037254,1
933,682,45.945934,0
1231,907,62.490513,2
659,999,4.889907,0
1549,1222,84.759972,2
1088,17,41.355141,2
1445,2938,43.001842,2
1907,1893,52.022484,2
2762,869,74.015999,2
535,1120,99.040115,0
2743,2766,95.171219,2
2251,1211,42.232025,1
1396,2553,76.281342,2
1824,1722,35.723843,2
713,2894,88.370323,0
250,2955,57.346882,2
381,1886,33.152210,2
463,1847,23.359346,0
1050,2809,71.581345,0
1891,635,59.841805,0
1568,2150,7.431754,2
1719,51,40.692856,0
2807,971,68.413185,0
919,314,72.301384,0
1121,1494,94.811813,0
1574,2315,37.541893,1
1613,747,94.800201,0
2796,1107,45.421879,0
1520,1855,54.774956,0
1152,1399,7.534952,2
2870,120,66.804176,1
2999,932,1.013742,0
1766,1650,41.912254,0
1062,1056,15.406083,1
1402,378,9.557085,1
1610,124,88.009689,0
2680,737,85.430099,2
2847,163,93.909073,2
1273,1060,72.361061,0
2057,1872,10.033270,2
653,459,78.190971,2
1529,520,10.526525,2
14,1159,9.431539,2
670,499,45.057869,0
2542,864,46.582947,0
1412,2506,99.392349,0
756,2822,42.397663,1
1879,2262,90.030296,0
1206,1587,76.776558,2
2724,2051,44.036068,0
875,2428,65.362549,0
1089,77,34.341431,2
2450,2949,97.644066,2
2845,1306,44.916859,2
1989,2113,45.990715,1
610,2981,31.542007,0
1217,2366,40.130569,0
2874,745,5.248135,1
1682,1326,35.840107,0
908,323,21.366825,2
2934,69,78.086548,2
2480,1257,27.971308,1
1571,25,76.320915,1
2658,2124,50.016056,0
1147,2808,77.282364,2
1527,247,8.592947,0
172,2903,49.195534,0
1090,470,7.150379,0
2258,678,49.439781,0
2279,265,91.267677,0
170,2277,77.112366,1
350,1523,26.757586,1
2688,1753,37.281738,0
326,923,55.651558,0
2227,2931,42.672798,0
1441,2137,40.223637,2
2490,1787,93.768547,0
1079,2738,94.412407,0
838,2052,48.830807,0
2513,1569,6.929216,0
1296,38,21.973419,0
1439,1394,92.472382,2
1164,2664,60.471012,2
1871,2647,40.933868,0
1464,2088,13.983778,0
1265,60,37.375305,0
351,803,13.918606,1
1179,2327,0.820243,2
1239,1456,48.603848,2
1791,510,36.373894,2
2772,755,86.597092,2
941,208,89.318398,2
2379,1292,60.214691,2
1216,2797,84.305817,2
1390,1679,50.844826,0
1228,227,23.059099,0
903,2694,37.912453,0
2037,2452,82.397858,0
2236,2337,11.295395,0
1895,2329,29.052589,2
1131,1354,27.659052,0
972,809,78.119263,1
2121,1539,6.943558,2
2485,650,19.089073,2
2016,2460,67.975716,0
450,1964,26.877682,0
224,603,25.377434,0
1618,2877,29.829765,0
2694,1682,73.058128,0
186,460,93.032623,2
2882,2001,52.517494,0
1951,1226,57.191772,2
382,2299,63.564747,0
1709,615,33.056385,2
1981,606,26.861557,0
521,2560,23.208401,0
87,2844,79.552208,0
460,2701,85.920052,2
757,612,52.079178,2
902,1272,7.544777,0
1767,2057,47.815266,2
2638,1348,4.224521,2
1311,1037,56.796661,0
2718,2910,59.247852,0
2895,494,72.471283,1
1125,2991,28.853146,2
2164,675,55.155022,1
2576,676,15.319355,2
175,1103,77.998672,2
581,1338,78.995277,2
1757,1297,19.551125,1
1890,2991,50.062000,2
2815,2519,23.044115,2
65,193,10.098471,0
2054,1170,96.683891,0
1782,814,55.564346,2
262,2934,57.569546,0
74,820,59.617435,0
2903,261,39.801403,2
2820,2466,85.819138,2
1168,267,41.486954,0
705,1089,3.572225,2
733,2451,50.806736,2
452,158,74.462242,2
1715,1177,16.888186,2
403,302,5.253778,2
2974,2336,68.095535,1
1210,2980,5.066337,2
655,839,98.873665,0
1048,885,71.982674,2
2959,27,49.891132,0
1241,132,2.890486,0
2641,2037,38.092541,2
2834,1620,55.404011,1
1853,622,55.645832,0
2464,2299,32.928722,0
1381,1111,2.477834,0
1833,2877,5.073109,2
1278,2884,40.283424,0
508,2133,98.873665,0
1801,2103,31.409719,0
2729,2420,12.964712,2
604,1807,14.853774,1
1153,1161,60.033813,2
945,2546,11.487127,2
488,261,91.430824,0
1806,882,32.051777,2
1928,216,93.783470,2
1770,2675,17.354509,0
2823,786,0.237028,0
935,200,5.827757,0
321,708,19.059690,2
2084,2434,67.006508,0
1413,907,50.860718,2
99,223,19.661242,2
1442,593,89.594078,2
2622,1384,68.689384,2
1463,1907,33.389820,0
1118,1866,17.585888,2
257,857,57.669991,1
2441,1554,78.815491,1
502,1921,35.965225,0
2627,323,67.780975,2
2474,2720,3.837745,1
103,1086,71.446487,1
908,504,17.295198,2
2139,2266,13.523573,2
1591,379,65.806091,2
162,2149,72.436745,0
2639,93,71.633469,0
779,1598,88.055954,0
51,389,10.314470,2
122,2327,4.281059,0
211,1565,53.940327,2
527,1262,65.587914,2
179,2803,34.278328,0
2667,2752,64.184944,1
504,1782,9.226777,0
2871,1630,87.082413,2
1267,2193,69.662834,0
2400,2799,58.625332,0
2768,657,97.403870,0
1835,304,26.181551,0
741,996,88.740120,0
2567,1877,11.191909,2
1450,2434,35.573830,1
2219,1420,48.904457,2
2014,989,11.927584,2
403,1932,0.404997,0
1899,2384,97.464355,2
2084,2439,68.823349,0
1124,1154,11.495899,0
427,1472,49.888496,0
1645,576,84.790558,2
2313,1077,14.692539,0
2706,2121,74.159714,2
2116,1781,27.659052,2
473,2232,46.300312,0
2570,2317,48.336655,1
1362,17,8.681028,2
2084,2394,51.637047,0
1356,2387,49.599731,0
305,2596,61.284519,2
2967,870,3.995130,2
389,2805,71.110588,2
2309,392,61.348869,0
1993,2989,44.856823,0
120,2381,39.741882,0
2173,2324,17.495039,0
1709,209,79.392014,1
722,1008,75.878723,2
1073,1314,79.787544,0
1129,2793,48.441170,0
572,1106,70.537003,0
2531,520,87.809479,2
2498,1389,33.088627,2
949,1774,67.344513,2
532,878,83.261597,0
144,2782,54.831081,2
2295,2518,24.384504,2
1957,2514,23.582838,1
1799,2886,52.556168,0
1531,2098,46.488277,0
1711,2613,56.002594,2
720,170,68.138992,0
1177,1134,51.088966,1
2161,1787,60.380138,0
2293,1105,86.485435,2
2748,2945,17.441916,2
2389,54,66.430573,0
491,1872,94.406342,1
2471,1600,54.642651,2
1402,2280,91.733414,1
1250,2457,98.066063,0
2010,1473,67.877808,2
1923,2619,79.860825,1
1442,1883,10.267838,0
1112,1454,2.031548,1
913,2359,31.514412,2
842,2276,66.322273,0
457,1711,21.874517,1
1935,2132,72.069954,2
1647,1377,82.336372,0
2101,685,18.091539,0
725,1341,1.013742,0
1518,2948,41.691578,2
2149,49,86.561134,0
280,1033,42.177799,2
1498,2404,48.567383,0
2918,2744,89.421082,2
735,1707,89.842659,0
1823,2532,86.383308,0
2449,395,25.427156,0
1821,981,15.267200,0
482,2025,35.141579,0
1217,2100,78.516830,0
410,1344,93.252625,0
821,976,68.912804,2
717,856,37.838787,2
1458,1713,36.536621,0
741,2217,20.336452,1
414,2861,34.480141,2
2935,151,21.610573,0
1287,8,8.166274,2
820,214,19.093309,2
1110,901,24.154182,1
914,310,1.567146,2
2504,46,24.894363,0
2571,480,98.378662,2
1936,98,75.707169,2
60,1999,81.231476,2
2713,1828,73.592506,0
1768,1078,80.531151,2
1845,2060,14.477653,0
1491,2381,80.543495,0
1691,1891,40.851048,2
2741,1685,17.103735,0
1998,1886,27.710245,2
217,2769,58.271832,2
1609,1503,80.534645,2
1498,443,30.276133,2
1547,1205,51.054211,0
1258,847,44.251541,0
408,915,19.250542,0
924,580,86.399414,2
1249,1195,75.819542,0
2268,2219,16.859402,2
2132,2678,63.794548,2
2284,1835,30.882061,1
2306,591,69.972595,0
2884,132,68.373917,0
2556,2594,8.243992,1
2606,1074,96.503395,0
77,2352,75.745102,2
59,1171,75.026634,2
2032,1465,3.737114,0
331,2286,43.764626,0
1112,869,57.902771,1
1142,1462,55.861263,0
53,1358,22.885931,0
1016,2371,51.719231,2
2965,259,3.594199,2
889,2641,8.006327,0
2144,2531,32.862499,0
1418,2286,74.738426,0
801,635,43.007126,1
1950,271,60.607632,2
2974,2325,86.732658,2
303,1232,76.265518,2
1762,2738,20.549212,0
2771,2303,18.168652,2
765,1366,88.980766,0
1236,1302,38.087967,2
1513,791,93.807442,2
1511,868,16.189108,0
2226,336,93.278557,0
2278,1016,95.377396,2
2540,1320,62.072601,0
261,1622,80.579918,2
2586,1299,1.799748,2
1654,2003,1.526692,0
2495,2257,95.477089,0
1334,1251,79.035912,2
2119,743,91.397675,0
1364,89,14.128839,0
1053,2883,77.813187,0
2440,269,57.164673,2
2758,2690,48.049656,0
2575,1693,42.598598,0
1392,2501,3.510406,2
1784,1048,51.544193,0
1185,1009,30.991442,2
995,1136,64.765396,0
1507,596,39.054691,0
229,228,24.015207,0
2510,2628,59.930767,2
884,1171,14.731927,2
507,904,70.091766,2
82,1912,66.558380,0
510,641,43.015560,0
364,1328,43.699055,0
1,819,26.467176,0
1110,1448,47.244534,2
995,349,86.690048,0
1093,2368,0.308522,2
535,2196,27.571112,0
469,438,48.227005,0
843,2456,31.434525,2
2667,2823,7.663387,0
444,2442,36.734951,2
76,93,93.596161,0
2493,2164,40.340508,1
623,2195,12.644744,2
2692,1287,59.033028,0
2987,2073,89.143997,2
2214,661,77.737503,1
1988,1701,46.571980,0
1251,2729,66.558380,0
654,2691,24.993441,1
409,299,44.776577,0
846,891,39.501427,0
2673,2707,52.588074,0
2840,2983,23.983389,0
2513,1588,16.859402,1
2223,1327,25.151115,0
2556,932,77.762794,0
2236,500,18.807863,2
2524,680,41.016563,0
1806,266,67.274437,2
418,850,75.025597,2
2039,1477,90.215813,2
830,2157,54.115013,0
842,2779,55.398788,1
2596,2643,95.760811,1
2582,854,76.122047,0
618,2761,85.863281,0
1975,780,36.966770,0
2368,348,78.607956,0
2289,2075,59.629704,0
2573,2195,64.133942,2
294,1924,23.255796,0
2696,1319,66.862793,0
1589,2930,85.098801,0
2060,691,82.851509,2
2900,2548,75.549232,0
1561,2484,49.988232,2
1007,1093,34.133186,2
393,425,51.719231,1
2525,1751,14.855845,1
37,1636,97.012535,0
2793,2630,72.962570,2
1546,1604,51.791828,0
2736,2485,87.328278,2
2320,82,70.497078,1
2351,1193,91.112053,2
2485,2915,54.166561,0
1968,944,64.820755,0
2597,1783,34.541897,0
1712,2267,2.610264,0
1714,1596,3.124380,2
2237,2906,24.512743,1
2626,1787,83.363022,1
1141,2846,92.616646,0
1961,131,55.295429,2
1350,2094,91.849434,2
2956,1437,96.209999,0
2732,2496,70.709557,2
2710,2848,79.206917,1
1170,1985,0.819180,2
425,2806,57.727890,1
622,1370,63.496349,2
463,508,10.882761,0
2726,1067,65.755524,0
2522,1837,27.291355,0
1348,681,55.907009,0
1295,81,96.972435,0
90,1778,39.480167,1
1160,1862,75.350731,0
2004,1470,15.632465,2
2328,1609,69.867760,2
1940,172,90.034416,2
2266,1749,70.412720,2
1681,1555,80.910568,2
2086,2790,48.914616,2
248,1347,83.584846,0
880,1356,50.363998,0
1247,1241,38.865158,0
1706,1114,66.446930,2
1342,679,44.505959,2
2792,1313,82.953224,0
129,44,67.194458,1
1748,99,60.020069,1
2348,2493,84.652534,1
2174,2981,97.552162,2
107,1803,84.634499,0
520,1775,49.888538,2
512,1242,75.601692,1
2284,1311,81.756424,0
2520,609,35.958435,2
907,2777,65.978180,2
2303,2864,89.618355,0
2915,1144,91.129890,0
1683,221,92.728973,0
654,1189,17.080059,0
1561,1280,10.489868,0
1190,1634,83.172096,2
764,1695,24.880486,0
2097,2474,79.203285,2
620,700,29.049021,2
371,417,87.651665,0
515,2999,29.463675,2
1938,709,43.107487,0
1314,2796,71.544914,0
1466,820,41.767010,0
356,630,16.046446,0
1229,563,61.406639,2
1692,2528,74.157593,2
929,1947,26.323223,2
2449,2438,51.317127,0
2901,1851,63.408001,0
796,2793,87.566017,0
1503,2875,56.388718,2
2619,2794,61.797783,2
2061,2029,39.672459,2
577,433,58.302750,0
508,208,29.410133,2
151,965,95.171738,0
580,1472,48.669399,0
1827,259,7.123609,2
2395,1833,47.670689,0
2973,2886,42.099495,0
2688,1554,82.241905,2
2453,701,60.355042,1
2603,2796,67.658134,0
336,2541,15.764853,0
1480,2731,28.816748,2
962,1896,94.993591,0
1196,830,41.292412,0
438,562,43.416279,2
2664,259,48.492245,2
987,1342,87.687469,2
901,2308,94.522552,2
446,1833,7.721501,1
2526,719,76.785088,2
1582,294,87.486046,0
1596,556,90.076973,0
2644,1956,58.161728,0
2997,719,59.240437,2
2351,2818,99.359009,0
815,1394,41.352165,0
1247,2754,73.499580,0
1145,2096,76.270798,0
2389,1281,31.241434,2
2004,1759,42.787117,0
2378,2539,10.500040,2
1426,1073,71.075127,2
2093,1310,2.466634,0
1766,1237,43.320839,1
584,2417,14.450729,2
2861,1422,81.372978,2
2931,607,9.941221,0
840,2746,82.057159,2
2481,2366,15.331743,0
705,2081,49.892601,0
1544,2713,67.247620,0
97,1528,43.747959,1
484,1948,81.941437,0
1770,1778,42.928226,0
2201,1473,3.971939,2
737,1751,36.306938,0
1160,823,16.813828,0
845,2161,20.160120,0
2160,475,23.472780,0
1992,2323,99.884659,2
2827,1174,97.109062,2
1651,1495,80.720978,0
2271,2750,72.777199,1
220,2914,19.653961,0
1848,2013,67.052345,2
352,2599,31.121950,0
781,1442,21.264317,2
877,1240,10.373515,0
2436,1596,41.292442,2
975,1029,1.324979,1
1000,1145,0.569608,0
1352,1514,87.395309,0
2088,565,27.608789,2
940,2602,18.074907,2
359,2803,75.653725,0
2338,439,86.870789,1
2654,2199,34.152683,0
1388,1416,27.211153,2
1643,981,78.544014,2
1648,1146,27.529222,0
2447,2855,78.663452,1
1167,467,79.851189,2
922,1263,5.896707,0
258,1426,62.072601,0
1258,2990,8.592947,0
1880,256,71.612122,0
1587,1159,80.605141,0
1488,1083,66.515526,2
1042,1229,44.346573,0
2878,1924,55.141232,0
1761,2870,44.583500,2
2049,2864,34.393597,2
273,1073,98.149300,2
873,1489,83.586563,0
2324,143,40.704365,0
2544,621,4.611786,2
1729,1239,4.492068,0
669,1557,32.753086,1
1292,2754,68.830093,2
208,662,70.470177,2
2842,131,68.375130,2
732,1093,80.714340,0
2339,1852,64.113678,0
68,2466,96.797531,1
1327,784,15.464175,1
964,228,98.642288,2
580,1104,85.722961,2
1015,2008,62.899689,0
2433,1803,8.267354,2
490,947,96.997948,0
1694,2158,10.130655,0
2170,577,94.619278,1
1160,2703,18.509523,0
2628,172,40.530827,2
951,1610,75.277817,0
538,1458,88.764320,2
1054,1235,15.994686,0
274,830,50.737041,0
503,227,44.251541,0
1484,410,72.330849,1
1205,1465,81.055389,0
1069,476,5.411876,0
2051,1859,50.415352,0
1815,1487,15.354065,0
2728,2182,78.383362,0
60,2570,83.531609,0
757,2100,0.721841,2
556,590,78.376495,0
1008,130,8.243992,1
621,772,47.544037,0
1652,731,33.780075,2
2172,2703,40.277706,0
2294,2342,18.190359,0
2469,861,96.156448,0
2925,1414,40.684776,1
2876,1685,93.702271,0
2097,2147,87.218842,2
868,2295,65.701820,0
2767,2810,68.269920,0
892,1810,20.161234,2
2692,1074,91.764809,0
2141,151,28.698538,0
2561,2540,67.418694,2
451,944,46.593002,0
2517,276,32.598186,0
1483,7,10.763273,2
288,2311,32.776295,2
2046,2594,38.447128,0
2776,2094,81.459930,2
561,552,45.250736,2
157,1490,76.728081,0
603,619,14.979860,1
1392,207,31.167578,0
2379,2687,44.251541,2
1014,1517,45.778057,2
1187,1259,39.498810,0
2198,2142,75.761780,0
1110,306,53.918419,0
311,2499,99.116302,2
769,1322,13.010921,2
525,2979,19.333532,2
1736,1454,51.902912,0
204,1178,92.803337,2
2359,2293,67.113808,0
796,2114,71.096527,0
1500,1869,33.213272,2
2924,1297,96.271439,2
2280,2368,39.537975,0
2815,332,38.603748,1
1940,1033,26.453112,2
2815,705,4.552348,0
2226,2001,78.801872,2
2279,2317,72.144920,0
2405,827,50.343956,1
2794,1463,83.435577,2
2264,647,54.878841,2
1276,2108,20.402430,2
2933,299,35.834221,0
2120,1679,93.889679,2
1417,2314,69.232460,0
2023,2320,5.121545,0
1524,1745,36.483540,2
2672,783,54.455532,0
2557,910,52.002407,2
1799,1427,61.302715,1
1175,290,85.467506,0
2754,898,22.511709,2
2608,2349,47.758072,0
518,2229,82.575760,1
307,727,70.091087,2
2902,637,13.394922,0
1042,2268,95.803497,0
1284,948,1.079757,0
497,967,96.776939,0
1612,2,48.828415,2
2469,2546,51.716732,0
2517,738,19.651241,0
1030,1363,56.610905,2
2137,1436,12.187208,2
48,1971,9.027751,0
426,1390,87.305702,2
1041,973,45.822159,0
852,57,19.616402,2
1767,1497,69.325974,0
764,2677,17.662895,1
2726,794,96.461884,0
2492,512,37.251587,1
917,2886,36.612419,0
522,782,74.118561,0
1894,1780,23.174091,0
2993,1312,15.576845,2
796,1743,1.691793,0
946,2224,29.231115,2
1305,2676,24.450365,2
2376,1081,79.690170,1
1919,2684,86.738075,0
1402,503,96.766594,2
1035,2312,12.014014,2
1545,1234,69.732635,0
1302,1994,65.476143,0
508,2392,0.796842,2
2579,1541,84.618385,1
1148,10,60.572670,0
1524,2818,15.265229,2
2407,575,10.564192,0
1348,2142,76.166168,2
210,1997,42.481342,2
2187,1713,65.541222,0
423,1877,57.436180,0
465,2186,2.271107,0
461,180,20.938036,0
1472,2818,96.603821,2
1540,1231,82.597183,0
2480,1011,0.237633,0
1194,103,52.608482,0
399,2948,41.107407,0
2913,1757,23.423632,0
1007,1114,41.024940,0
244,865,82.907372,0
932,2401,78.770134,2
1433,335,43.088039,2
124,840,47.952648,2
2730,262,60.110455,2
171,1193,18.443989,2
2390,419,14.670696,2
62,1659,36.131256,0
2661,843,70.902290,2
2959,636,50.063942,2
2513,2970,83.335159,0
1682,417,78.036819,0
1281,2506,75.983696,2
1739,2568,47.365238,2
1048,243,37.910675,0
2083,2142,49.832352,0
2950,684,70.123932,0
695,240,97.562813,0
2933,2391,92.763222,0
612,2773,44.713531,2
440,736,13.739065,0
655,2335,91.233467,0
1037,612,5.996155,2
2015,1375,62.977837,0
1613,1838,49.514877,2
483,2618,43.632107,0
1217,1828,16.256069,0
894,2726,84.205536,0
972,2075,34.467442,0
771,2494,28.550045,2
915,2395,5.661426,1
2517,2215,85.650146,2
538,2474,21.117561,2
2713,646,98.820328,0
1844,1221,50.238625,2
418,1975,91.341896,0
543,1643,3.995130,0
1194,791,17.501446,2
769,702,51.721436,0
1132,1001,90.665924,0
1305,2520,47.076748,2
1701,1998,9.443890,0
2966,2165,17.323118,1
1958,461,60.984024,0
553,2746,3.726608,2
195,189,18.258453,2
1363,440,66.951653,0
1224,1870,44.245392,2
271,2825,3.540426,2
1691,626,49.763115,2
500,198,11.765903,2
660,1784,13.018931,0
1357,690,84.538162,1
805,73,87.430954,0
597,1216,30.698011,0
2730,867,25.586683,0
589,1640,90.081444,2
1684,1952,56.388718,2
1173,826,11.795280,2
2629,2220,27.848463,2
109,811,48.849072,0
2411,2262,78.820717,0
2506,209,89.132751,0
2882,2019,32.949024,0
1037,2500,9.765541,2
898,1841,21.036020,2
1954,2911,90.569946,2
276,2327,13.417128,0
2586,1548,8.191478,0
2261,2079,92.924011,2
2685,475,49.621948,0
1519,1505,82.241905,0
68,2027,26.103430,0
1347,776,20.260912,0
1997,2592,32.505836,0
2023,883,82.130081,0
1549,2859,52.599915,0
23,78,55.907433,2
490,2474,94.779915,2
639,803,62.941387,0
1320,2397,35.263878,0
2527,2159,67.228249,0
2348,1286,2.641764,2
978,713,79.326073,2
2774,1328,43.452644,1
18,2282,68.667915,0
2697,278,13.049546,0
2278,2176,14.526681,1
2436,2171,94.264687,1
1382,1625,24.941784,0
2262,881,96.503181,2
906,1163,43.866566,0
2036,2440,16.503950,0
1948,2846,31.489927,1
1121,1450,13.288320,2
2852,1023,59.752174,1
596,1278,24.822313,0
2242,1614,54.862747,0
2538,298,23.781614,0
669,2036,36.076767,2
1324,1296,11.080328,0
1870,2614,80.643044,0
1871,743,73.593346,0
2256,2455,27.124245,1
392,2641,76.900658,0
357,1097,13.848731,0
1020,2933,46.073555,0
1241,1097,55.178020,0
1176,1691,13.919423,0
169,1475,48.313873,1
260,1761,24.087429,0
552,704,68.875671,2
1343,1651,76.224586,0
404,1885,56.590343,0
2283,2626,0.322152,0
160,1911,23.553984,0
1573,684,83.272858,1
773,638,51.564541,0
1713,1988,12.417784,0
1273,638,68.064674,2
324,523,36.621456,0
2429,2262,41.691578,2
2202,1779,3.167156,2
2132,1006,76.641891,0
1797,255,44.994862,0
1080,997,12.885726,2
1970,1054,29.831673,2
2923,2474,66.531799,0
1782,187,1.492527,2
2827,1054,1.476256,2
1437,708,2.956915,0
2404,2041,36.969517,2
839,1882,82.059036,2
1888,833,97.332642,2
2414,882,78.904358,0
1758,452,74.047005,2
465,558,11.183233,2
2254,1073,22.465424,0
2716,2184,5.287917,0
785,1262,64.498024,2
2385,2909,71.145203,2
356,2665,31.816460,0
1526,1608,19.468557,1
676,2358,64.029259,0
957,1931,34.508743,2
0,43,86.208832,0
1487,1009,41.188965,0
1087,284,1.473392,0
1540,2874,96.470413,2
2069,2285,85.529343,1
2015,1597,35.363514,0
2250,1244,39.258156,1
2013,2355,23.997999,2
467,647,35.984329,2
2314,1270,8.805232,2
2462,266,79.726662,2
2647,1328,37.404659,1
599,142,97.938011,2
2136,2907,89.079109,2
1252,2065,24.587057,2
1608,2346,76.972664,2
761,1277,96.611298,2
2991,665,72.106689,2
1225,1584,58.551445,1
863,1868,27.416708,2
915,2292,35.500801,1
1280,2389,9.291834,2
2599,1379,84.206696,0
656,2674,23.092661,0
1665,2119,68.446449,2
133,1023,71.407188,0
2619,1241,96.603401,1
324,1177,13.460279,0
641,2661,68.492058,0
527,855,33.928562,1
2138,2452,23.020142,1
907,1676,94.779915,2
2545,2135,36.969517,0
1121,1113,82.878235,0
2798,2278,13.268825,0
2402,1784,93.035156,0
2611,250,96.972435,0
354,2210,84.619492,1
3,682,78.847748,2
1435,1378,38.123142,1
2518,1696,68.025375,2
2986,877,69.931976,2
2267,503,96.474854,2
726,1425,11.538157,2
670,288,97.392395,0
1209,1256,69.232460,0
2271,1768,51.637047,0
2158,2860,92.870087,2
2970,2720,31.584494,0
2367,1277,55.122044,2
2128,1280,54.375874,2
1810,746,17.455347,0
2192,1413,28.463228,2
955,1929,40.924072,1
1228,2831,28.313845,0
2755,382,61.574230,0
1584,2834,68.986214,0
985,848,18.135578,2
843,922,8.113253,1
302,1128,33.470753,0
1232,887,7.439579,2
1816,1021,98.759315,2
2734,1048,56.829296,0
2964,1232,99.570206,2
622,2580,44.673267,0
2794,307,37.750690,2
477,2038,87.785286,0
2363,2272,51.468781,0
1904,1816,3.183538,1
151,1605,82.123604,2
2593,1464,42.819775,0
633,2429,76.672989,2
2056,1359,22.490191,2
2173,2664,8.642389,2
1117,1784,11.193027,0
1294,1236,52.312515,0
984,1626,25.801430,2
828,2051,22.769815,1
1422,2267,64.540604,0
2821,2048,73.683739,1
736,1945,82.311523,1
1721,1721,34.976120,0
439,1325,48.169777,0
2743,2248,70.960800,0
1558,2622,88.038094,0
860,858,84.125778,1
124,1044,41.779724,2
31,2381,15.928107,1
2091,950,40.650906,0
1937,1653,16.439537,2
309,64,51.537273,2
81,1293,63.613945,0
1196,2137,29.555614,2
2193,855,79.271980,1
146,970,78.815605,0
1353,401,46.326134,0
2824,344,43.060642,2
1783,1775,8.418989,0
2740,1152,56.637726,2
2966,2158,81.525993,2
1694,1698,76.189651,2
1867,599,92.184525,0
2051,188,80.542732,0
867,1481,88.289413,2
1118,178,56.954853,0
795,2991,2.387121,0
334,2228,15.397981,2
2676,2870,15.462890,0
178,2340,64.540489,2
2749,1743,16.633713,0
1978,2460,30.912174,0
2826,712,14.066669,2
2399,2466,63.827518,1
1651,1825,13.616090,0
2449,248,79.950531,0
2775,1126,58.659355,0
2172,1954,72.951057,2
1452,285,52.925640,2
1840,804,69.944908,2
1953,402,88.054298,0
1772,2375,85.529343,0
981,2384,38.291515,2
1697,2381,23.644623,0
2789,2320,69.711006,0
1840,44,34.183411,2
1805,935,23.216272,0
325,1278,47.181198,0
41,1830,4.684258,2
1859,2946,95.212692,2
2533,1390,87.110107,0
1525,1626,76.480133,2
2103,2789,16.770597,0
2144,2227,80.924095,2
668,443,10.971656,0
464,1687,94.430725,0
2961,2252,59.920990,2
1456,1179,21.205118,2
2708,1476,9.619835,0
458,117,20.845388,2
866,2822,28.969833,2
1730,126,5.498260,0
510,1639,25.066841,1
1136,1268,34.084728,2
1348,1205,57.129547,2
2775,2545,49.815781,0
1427,336,47.698463,2
2020,2863,19.848768,0
1436,537,64.650024,1
1686,2799,60.254669,0
1009,2775,47.418583,2
2735,107,63.048744,0
889,158,27.554369,2
851,1168,72.163414,0
577,831,51.693401,2
2352,2347,42.780842,2
1553,1135,46.845535,0
2719,2505,19.101780,1
1080,187,69.363396,2
758,910,9.776563,2
846,1919,31.011242,1
365,1297,99.391273,2
313,2631,18.908901,0
2461,40,23.313421,0
2162,2783,63.834610,2
1465,1029,19.695766,0
2197,2830,65.279533,2
1784,30,47.467720,0
1619,496,85.688240,0
1910,1981,83.745590,1
2775,1942,42.977676,0
1591,592,13.791162,2
168,852,90.924934,2
2905,1667,98.719360,0
2694,2164,21.453751,1
1882,699,83.814346,1
1313,100,31.584494,1
657,2498,96.603401,2
2514,2286,86.887009,1
256,2083,83.247650,0
803,804,53.485401,2
2061,1137,80.773445,2
338,2182,83.015045,0
2690,2678,84.141556,2
1932,2899,83.826126,1
2537,46,89.251923,0
1142,1123,20.223610,0
491,1703,58.224976,0
2780,747,81.939613,0
1523,1925,42.044552,0
1035,1279,64.361755,2
2786,852,11.487127,0
2259,1618,59.719242,2
1665,304,50.361160,0
415,2148,86.272339,0
2464,2606,98.758179,2
719,1849,87.768982,2
2805,554,19.239002,2
1233,397,20.549212,2
502,1096,64.535583,0
854,2606,27.568560,0
1723,343,20.026085,2
2351,1243,7.468184,0
467,870,1.912446,2
1612,1835,80.609367,1
2130,208,88.801857,2
2484,2928,24.941784,0
1635,2572,15.557925,0
503,2589,84.602478,2
2070,1458,26.122669,0
2963,2188,82.788414,2
481,1550,3.510525,0
1759,2207,51.925797,2
1321,1885,67.614471,2
2945,1998,98.312157,0
1320,158,59.577950,0
1415,2968,60.030701,2
190,1663,25.945759,2
1168,1658,32.897758,1
2408,1305,54.780495,0
552,304,55.122044,0
2508,1193,54.642651,0
2868,1307,28.445129,0
68,1240,16.199743,0
1395,2923,91.764809,0
525,1712,76.770248,0
1053,1394,56.065643,0
2975,1361,58.356617,0
1760,2190,91.249268,1
1553,250,92.964012,0
1759,610,61.233894,2
2867,40,59.701748,1
1772,2575,32.756798,2
2193,2410,29.865061,0
2715,2965,0.780082,0
2504,2589,67.407921,2
553,557,34.558975,1
756,776,66.097168,2
2044,366,84.376534,0
795,848,70.640274,2
572,139,90.019859,2
1313,2115,12.255424,0
1784,828,43.287025,0
2471,222,63.069641,2
1208,118,63.934242,0
1815,1822,37.323025,2
1563,1479,37.784515,2
2704,2503,36.755459,2
2149,2458,66.954430,0
2650,455,77.103531,2
1489,730,38.821045,0
2221,459,55.029541,2
2134,1991,20.329779,2
5,752,19.001215,0
2504,2795,44.699142,0
1190,1366,45.482235,1
1124,2573,26.789902,0
310,224,59.866062,0
381,298,31.500996,0
1086,1430,65.364510,0
2573,729,93.168655,2
346,1315,64.846191,2
2759,2422,97.646667,0
374,2039,97.261925,2
2262,131,8.656390,2
2713,306,68.392494,0
971,0,4.615039,0
251,2558,59.431152,0
1372,2105,69.707710,2
583,664,62.977837,0
1362,1766,6.069300,1
1988,1094,53.619728,1
2274,877,30.492748,2
203,676,44.387238,0
2170,989,27.599955,2
546,1413,68.388237,2
2978,2205,35.140507,1
2378,1538,79.154671,2
1572,1380,5.246556,2
203,496,14.959044,0
1472,2414,14.503657,2
68,1121,79.669472,2
436,2957,26.515474,1
1963,1823,72.316734,1
1100,2419,14.891375,2
886,1003,52.006706,0
1610,2648,33.009716,1
143,312,38.210461,2
1208,1106,58.356617,0
1075,138,53.861244,0
1927,1046,93.098419,2
2860,131,34.902817,2
1177,545,69.518425,0
2878,2469,71.778313,2
370,2183,62.037979,1
1083,1057,25.297428,0
1766,2899,68.617111,0
1160,318,64.560379,2
262,257,13.778938,0
1413,2314,71.288315,0
1616,737,47.006268,0
2433,1134,19.358082,0
227,1935,44.065571,0
2045,2113,24.880486,0
1582,778,43.121548,0
2400,2541,80.290894,2
2014,988,29.607527,0
2526,2011,5.087102,1
620,1377,26.514282,2
1411,226,22.553942,2
2146,1253,5.833983,0
2963,1559,0.476152,0
602,495,92.582611,2
2139,2607,22.290277,0
1008,244,17.060375,1
2256,2793,85.942078,2
1273,1633,44.704865,0
2601,544,52.212921,0
406,895,12.058937,0
261,1404,8.081388,0
2714,58,59.956787,0
1148,176,10.121875,0
1213,1297,99.261253,0
2921,376,12.601799,0
1440,20,32.034439,0
1804,1421,80.947906,0
319,2832,89.689148,0
65,817,46.495064,1
1231,2642,33.037941,0
2537,2297,41.173542,0
2838,1739,85.959244,0
462,2052,84.117935,0
1852,2749,93.688080,2
2558,1175,91.048363,0
2947,1958,91.574295,0
664,2213,41.429356,2
583,7,14.959626,2
891,274,76.540359,1
857,2027,56.100979,0
1850,2773,53.690552,2
826,1824,23.896585,0
196,2862,43.914433,0
811,2015,24.303288,2
376,2388,6.873756,1
31,942,69.221237,0
1049,1299,90.435188,2
1315,700,57.305775,0
2055,750,84.860756,2
2078,2713,99.365021,0
2700,439,18.291002,0
2944,2556,15.229315,0
2140,1461,99.535164,2
1883,2042,8.782778,0
1544,2788,65.429024,0
530,1856,91.039948,2
1444,1897,77.254799,0
404,431,62.117954,0
420,407,96.579208,2
2418,261,31.339752,1
804,885,31.110796,0
358,2919,12.607235,0
2756,2170,66.196632,0
1775,2435,72.039787,0
1706,2811,12.523277,0
1464,2171,9.400981,0
1553,2865,91.801315,0
2135,405,31.676771,2
1387,257,20.184216,0
1563,1356,46.270920,2
2888,0,15.233584,0
2127,2290,19.748552,0
1518,2831,33.214317,0
45,2205,27.407467,1
2339,92,5.638139,0
2617,1102,75.450897,2
618,2999,46.630852,2
2591,506,15.500976,2
288,2521,9.493142,0
2680,2210,23.009430,0
1027,2887,90.577217,2
2691,1564,49.888538,0
1293,2536,30.007669,0
375,2073,55.973843,0
1053,433,89.712112,0
2198,369,17.418087,2
1153,2524,16.522444,2
2042,1076,83.721313,0
392,957,84.796883,2
1285,264,6.801129,2
358,1656,60.067726,2
1343,1439,64.154015,2
541,2881,2.596068,0
1283,1808,90.434418,0
2082,2477,32.011013,2
1274,2255,98.895836,2
258,2367,64.391869,2
1343,1536,51.969395,0
1932,399,24.841629,2
2440,2591,75.427696,2
1319,1953,18.227058,0
668,2590,74.294968,2
1150,668,45.990715,2
1963,600,70.774353,0
306,2233,94.009735,0
2078,2200,56.071465,0
2392,787,4.163137,0
2483,754,34.764786,2
199,2824,33.040707,0
836,1215,84.241020,0
1798,2112,83.607094,0
1249,2047,25.278986,0
965,2285,59.019138,2
1042,387,98.945496,2
303,2592,99.233833,0
1078,139,4.409750,2
2933,425,48.822662,0
1315,2493,47.764458,2
2156,2250,84.598404,2
1986,1140,69.437531,2
423,1333,66.558380,0
499,2255,86.480347,2
2319,660,84.988068,2
18,2645,6.063507,1
651,1370,97.009537,2
675,1434,19.748552,2
1594,1828,84.469421,1
2867,2745,2.659195,2
1536,2462,50.361160,2
322,2577,37.541893,0
2177,1524,32.209316,0
649,737,20.485327,1
1049,165,72.392731,0
2230,103,82.753281,2
2318,1945,43.777367,1
1211,1391,77.741867,2
371,1675,97.533203,2
1386,2698,20.335354,0
784,1354,32.704281,0
429,2951,63.717678,1
2071,2201,91.986038,2
1285,2444,20.376110,2
2773,998,66.950066,0
1580,2124,72.542267,1
1706,1770,78.896278,0
2369,1807,36.131256,1
2302,12,68.201912,2
1608,1839,77.100380,2
547,2293,25.943483,2
496,28,86.179657,2
60,2396,70.043953,0
2270,1195,28.065742,0
1660,1922,24.588701,2
1197,1230,0.576119,2
1530,2705,47.407631,2
1954,2602,29.196884,2
584,1532,29.355692,1
2440,2638,14.990143,2
1342,2526,67.559845,0
687,1244,3.054478,0
1230,2422,32.863632,0
2580,1419,37.019562,2
2283,2532,53.152145,1
1449,1193,61.231033,2
1761,2550,62.339817,2
1084,524,74.614716,0
2140,1420,14.057798,0
1113,2289,92.030396,0
2501,2504,67.324379,1
205,2419,65.104446,2
2487,1641,78.068451,0
2459,2726,87.054909,0
430,337,93.743355,1
1575,1912,63.242229,0
1227,641,17.901905,2
2897,2776,59.148949,0
2037,1249,75.916077,1
2693,1718,67.504288,0
939,961,5.900816,2
2118,692,3.546946,2
2026,1532,67.457687,0
1966,756,69.603554,0
304,125,45.310104,1
1481,614,91.622238,0
312,627,2.941986,1
873,2890,17.418087,0
1843,1541,79.954140,2
1526,320,57.779015,0
2946,1044,15.622394,2
2087,2935,50.110523,0
2897,2575,88.058029,0
2173,148,8.881799,0
1027,2058,41.767010,0
2254,563,42.635941,2
1653,1649,71.055046,0
1505,2939,7.195175,0
1105,2497,2.249598,0
1124,59,63.631489,2
85,1825,58.803520,1
2325,1977,17.407385,1
532,1255,2.477834,2
1388,1260,26.376154,2
1591,1594,7.519940,2
1563,2805,42.122780,0
526,2689,96.928169,0
2307,1990,52.270447,0
1781,996,85.312767,0
1677,198,94.634712,2
1224,1989,50.876179,0
182,517,56.320538,0
1674,1320,31.862993,0
1217,1531,24.044525,0
2408,2918,7.145418,1
127,1605,70.911255,2
2784,1829,8.698257,0
2353,1139,31.729530,2
2492,1217,1.473392,1
151,1901,17.031506,0
1737,2211,17.516575,0
547,1753,41.484097,0
437,1709,12.546474,2
107,492,15.702216,0
508,860,91.136856,0
884,670,87.280174,2
2157,1559,80.290894,2
374,1598,84.933662,2
1489,1554,31.676771,0
75,1400,85.158081,2
2628,424,33.690968,0
420,564,34.035000,2
704,2051,49.816395,1
2338,2255,8.698257,2
820,1461,86.747887,0
2991,1211,69.853180,1
305,2115,91.365334,0
756,1112,40.654232,0
1896,2680,98.029030,1
1145,1625,7.653049,0
1891,969,47.558945,0
302,647,27.999441,2
1079,130,20.432577,0
2803,1953,8.110538,2
2425,240,45.655270,2
2282,763,62.674965,0
1221,2980,89.281067,2
2867,764,85.228249,1
2756,670,53.197979,2
690,1876,45.807777,0
39,1853,80.464668,1
662,2966,64.768204,0
2613,2168,11.295395,0
2007,2592,8.664388,2
1418,2780,83.414368,0
538,70,94.907417,2
323,1097,75.350731,0
789,1386,66.716591,0
1495,2920,80.800186,2
2248,11,92.124214,2
2595,490,78.980232,1
2446,1573,87.463852,1
159,592,25.495468,1
334,715,82.347626,2
1532,2978,10.526525,0
968,2216,59.866062,0
1797,1471,41.406654,0
920,2356,18.406155,0
1855,1245,12.372444,0
2589,2030,22.835348,2
1853,2814,49.634228,0
375,2583,74.699959,0
2128,1369,71.584862,0
550,2433,20.380678,2
611,143,34.032104,0
99,2410,61.835899,1
547,2293,16.308325,0
2347,118,53.151150,2
2951,1931,18.695652,0
1897,26,72.674408,2
2970,810,74.573647,2
28,1114,93.460693,0
2595,1022,34.544094,0
596,94,76.336281,0
2795,1786,57.187557,2
368,697,80.519447,1
2485,1600,30.272743,0
2201,768,88.200974,2
2364,2294,9.730488,0
2772,2544,93.471970,0
2051,2332,73.397552,2
812,2356,98.208466,0
1365,1565,16.455351,2
2694,765,14.774488,0
2389,712,8.185449,2
285,637,20.789135,0
192,1978,47.871452,1
2711,1740,75.362938,2
1813,2478,67.494545,2
1426,34,42.397663,1
1686,359,7.401713,0
2814,2527,37.931198,1
2142,2646,80.697906,2
2857,130,27.931459,2
1218,479,23.199015,2
345,1598,9.753873,0
2282,1851,35.111374,0
2893,313,68.838531,0
1316,1450,63.055447,2
346,2307,41.907799,0
21,220,1.442808,1
2879,1645,2.783795,0
679,1765,23.084417,0
841,1386,38.430973,0
2241,2142,40.595028,0
2879,1868,97.358704,0
2451,2698,23.304829,0
2195,2750,88.415016,0
2847,1287,55.407528,2
1941,441,7.869039,2
2415,736,24.177359,0
1459,208,22.885876,2
2593,393,79.552208,2
254,208,83.399803,0
2993,263,61.724876,0
1739,2119,78.323677,1
2937,364,40.908215,0
2681,1283,46.220467,0
1306,1982,29.083403,0
1936,978,40.184093,2
1461,31,40.522224,1
502,1842,77.196411,2
704,2401,98.018364,0
2379,138,17.636381,0
1106,2713,44.834766,0
2965,757,19.610001,1
1155,1867,80.154022,0
2380,1909,51.758015,2
2341,1826,5.699836,0
2684,2363,92.308975,1
368,821,18.947050,0
1227,2272,6.255918,0
1805,262,9.553718,2
1585,1439,93.128014,2
290,2783,14.001581,0
2678,1714,56.917282,0
1956,571,46.242325,1
2155,83,32.234680,0
1113,816,85.307846,0
79,2348,71.505997,0
912,2862,34.682999,0
1362,855,32.001595,1
771,667,1.608255,2
1697,2653,24.015207,0
114,938,45.745628,0
594,1669,37.146690,2
2816,1356,80.666008,0
1951,1034,12.674105,1
1801,2705,59.091469,0
1426,520,38.498531,2
657,687,95.666489,0
1288,968,46.502277,2
2393,2883,37.902561,0
2096,566,9.318718,0
813,1173,84.992111,0
2930,669,84.549240,1
1221,1983,55.392536,0
2262,427,28.496769,0
2231,634,94.947289,0
1929,2320,20.959766,1
820,2336,19.253824,0
2266,2266,68.063797,2
2615,1038,96.094398,2
547,1543,74.542648,0
794,799,70.357567,0
2625,2436,16.955349,0
2906,1286,47.886658,0
2906,2272,13.344748,2
210,1537,24.990271,2
2675,2295,24.015219,1
2584,1092,80.673706,2
969,2169,2.645017,2
1934,225,49.372658,0
287,470,52.141182,2
83,473,65.007744,0
789,2024,79.421127,2
818,1808,78.746620,0
357,2323,45.349960,0
1752,1701,55.514893,0
2593,2485,43.808838,0
1247,2279,39.000553,2
2600,2854,87.800232,1
213,906,0.682596,0
536,2725,39.333256,0
372,18,10.998487,2
2371,1890,98.705490,2
2180,1899,19.543573,2
1345,1060,95.642799,1
1280,2822,12.133693,0
586,2423,91.346809,0
2953,2428,35.615196,2
2560,1031,53.093685,0
66,734,73.635254,0
1772,2239,98.018364,0
1226,2478,40.822769,1
2510,1743,1.299997,0
732,2894,77.502411,0
523,2148,5.896707,0
965,1771,55.156158,0
2651,2291,84.405121,1
2003,2707,17.816175,1
1299,2323,28.560690,2
659,1833,6.946737,0
1953,1903,46.685436,0
1323,2055,73.801712,2
88,432,45.444706,2
1633,1482,96.676735,1
552,1285,44.059189,2
2436,848,87.988060,2
2297,870,20.048594,2
1233,2659,5.509120,1
1066,1327,81.619522,1
893,386,73.486626,0
621,1183,15.743339,0
940,96,2.780040,2
2955,1927,60.254669,2
610,703,84.218094,0
1180,680,70.266991,0
1825,1279,84.304085,2
1409,1467,96.519821,2
1956,1750,54.608925,0
311,135,59.628178,2
1885,1632,10.748099,0
2419,1907,91.747780,2
1645,1879,13.695159,0
162,2846,25.945759,0
2579,2750,33.590572,0
1180,915,43.249134,0
690,2128,55.719048,0
563,2509,88.553558,2
352,706,15.487873,0
2393,992,63.927692,0
2342,2953,21.931940,2
1952,1915,10.314470,0
224,568,1.320090,0
204,1239,57.668388,0
2983,1345,69.304276,2
198,740,15.272033,0
1128,683,47.760502,2
1125,1909,3.468411,0
1684,411,32.697456,2
1483,1990,91.785561,0
2841,771,52.102577,2
2301,1699,39.012390,0
2694,2939,83.653503,0
275,2327,16.089420,0
2269,1134,97.504410,0
1774,175,15.322871,2
1947,905,6.827182,2
2101,814,97.038376,2
1646,883,92.937477,0
881,871,75.424370,1
952,2956,88.315880,0
2835,800,75.146973,0
954,2571,80.547188,2
2302,2607,5.175514,0
2486,319,36.445751,2
1195,1792,11.336950,0
1735,1214,68.770012,2
2344,1769,12.244630,0
836,1583,6.622940,0
1750,717,87.717773,0
2599,158,38.135323,0
1897,423,85.540955,0
219,2452,15.275399,0
2605,2800,57.320469,2
981,33,35.971649,0
1532,519,14.540917,0
1445,202,20.424469,0
1666,1573,97.369209,0
555,331,96.942810,2
1819,2665,82.575394,0
1523,1271,72.027321,1
1954,1364,42.293835,2
88,2906,92.410896,2
2960,2175,44.479843,0
2791,634,3.849734,1
435,1464,63.792057,0
1868,1888,62.219818,0
260,2736,4.811545,2
2622,1774,94.820343,2
1362,2741,76.787331,2
2049,2615,39.332916,2
825,589,32.909176,0
2775,11,75.229553,1
1605,2598,36.867405,2
1387,1578,97.253838,1
539,2228,51.073006,0
878,2394,61.644516,0
603,2188,65.662270,2
1349,2063,72.361061,0
2486,127,22.696898,2
1300,648,7.780991,1
2177,87,11.179553,0
1345,2095,97.049904,2
1266,2894,31.865351,0
516,950,94.197708,0
1638,2735,43.614822,1
97,509,45.932899,0
707,2208,46.909035,2
2686,896,31.101440,2
1054,2615,89.877312,2
740,575,59.392254,2
2713,999,16.439537,0
2855,1243,66.637863,2
1087,1542,57.519211,0
2500,2508,66.239136,0
377,2007,37.886333,2
1244,1930,32.298126,0
514,2043,66.407227,0
913,441,86.389679,0
1055,1464,32.102985,0
2633,1052,40.112972,1
2824,2377,18.312672,0
69,2955,27.686247,2
1140,0,68.375557,0
2284,1197,98.194534,2
1510,726,87.444305,2
2155,2932,85.871025,0
117,1333,61.443146,0
935,520,63.840027,0
2008,2683,51.760983,1
474,454,84.988068,0
2403,469,32.697456,0
1305,2116,81.107185,2
370,2641,57.054619,0
1502,2614,54.928169,2
2651,2544,70.739929,2
130,1340,11.986174,2
1350,1736,95.099388,2
2615,712,35.410942,0
2305,111,74.377548,0
714,2973,25.992096,0
1115,88,35.839325,1
2793,1266,8.548406,0
1595,112,27.270550,2
1951,618,82.727859,2
2244,102,4.792206,0
2520,2983,46.270821,0
2822,820,45.172905,0
1713,1352,50.054485,0
2103,2239,95.916039,0
576,1708,11.918393,0
1684,1948,15.187788,0
529,2907,68.926651,2
679,220,32.355804,0
1927,1193,75.399139,2
2657,364,80.421547,2
570,791,17.091568,2
2966,1224,22.938345,0
2215,132,76.592484,0
751,205,33.731548,0
819,1124,58.659355,2
2623,651,38.082695,2
1812,913,6.687398,2
728,2724,31.047520,0
1634,1656,37.594551,1
1347,1225,4.417180,0
2319,1872,13.540298,0
385,1108,67.879929,2
2311,1096,54.611851,1
1355,128,42.211273,0
2193,97,7.353435,0
1084,451,78.828918,0
445,1123,6.783072,0
545,242,42.932552,2
1403,2448,73.919090,0
604,1818,10.116904,2
2267,706,39.578400,0
134,1939,72.381950,0
2013,2310,77.543098,2
1320,2489,65.101517,0
173,2868,60.880234,0
169,433,51.722336,1
123,9,91.106590,2
2960,292,42.510311,0
1538,1636,51.468781,0
656,1149,34.359089,0
1698,2586,43.686081,1
1336,2923,35.208832,0
1868,1689,62.340580,0
337,980,53.105663,1
113,2499,54.152351,0
881,783,80.677414,0
778,2634,98.820129,0
1040,464,98.462738,0
2842,2100,24.360149,2
2139,630,86.253716,1
30,389,46.845535,2
1380,2019,54.375023,0
797,1021,19.207745,2
1138,1285,30.113874,2
2611,1984,20.751707,2
2901,124,7.754282,0
1579,2540,11.461977,0
413,2777,85.149666,2
2478,2764,71.135414,2
600,2527,68.527046,1
2304,1950,17.655693,1
2126,104,51.511127,1
648,454,48.097095,0
381,870,62.977837,2
2665,1174,8.867807,2
2636,780,47.223679,2
113,137,43.924892,1
532,1183,50.692081,0
646,749,2.092535,0
1333,209,7.948373,1
2018,1580,85.632683,2
2672,729,66.843834,0
156,1387,68.390404,1
2487,51,47.649220,2
1812,2322,56.269913,2
1902,1445,74.793571,0
222,2538,30.560661,0
2101,2012,80.391281,2
1365,629,13.812733,2
649,412,9.491934,0
2902,937,86.227531,1
328,1092,20.990244,2
1,2942,38.575573,0
726,100,6.309955,1
294,2983,34.968319,2
1293,2086,11.748064,2
248,1740,11.648053,0
189,1393,65.850067,0
1854,2786,88.370323,2
2281,393,95.238876,2
2035,1685,65.935722,2
530,1839,88.080345,2
1633,2527,3.445081,0
144,1481,36.362736,2
2938,2875,45.793522,0
552,1372,5.066337,0
2598,2336,74.862350,0
2313,1421,93.401695,1
589,900,64.976089,0
2892,2355,32.353065,0
2331,1006,42.257828,0
2105,2779,16.764986,0
451,32,75.121460,1
1685,52,33.037941,0
257,1160,30.181473,1
265,2864,73.200821,2
485,165,8.567681,1
1133,1817,23.264309,1
2215,2753,13.449088,0
2826,1867,71.474236,0
2807,2457,54.516918,0
1147,1941,99.346138,2
2788,1825,78.769226,0
966,1161,25.645636,0
249,1639,71.509628,2
2083,1674,84.293121,0
2641,2027,46.075642,0
2151,350,2.869105,0
396,2530,18.186115,0
2530,2120,13.196779,0
2609,1689,36.396465,0
1196,1339,11.739978,0
2025,243,36.246227,0
595,2031,14.670696,0
651,1441,49.111694,2
1262,189,49.340866,2
487,1843,18.818848,2
2527,1556,61.371494,1
136,496,7.067759,1
520,1290,47.418583,0
272,532,43.088039,2
337,897,87.258835,0
336,2116,88.326424,2
1997,448,59.310425,0
2678,257,35.495857,0
907,1189,2.059576,1
405,2045,41.358791,1
620,2052,29.799288,2
1769,1242,7.818172,0
2568,1668,57.746284,1
549,2659,89.924110,0
2797,445,75.874413,0
1103,1086,18.222515,0
972,2296,20.596642,0
1335,1953,44.112522,2
1881,462,4.293187,2
2101,1766,99.235588,0
2178,2136,10.889628,2
1051,2352,72.688019,2
781,735,31.693855,2
1658,2424,62.361042,0
2020,712,69.360779,2
532,2359,61.967258,2
2113,1509,34.740108,2
2989,892,82.148590,0
1800,1474,5.951247,2
1297,1095,15.364335,2
1863,2968,59.984631,2
576,1006,83.103683,0
1870,354,54.579494,2
1019,1482,89.316780,0
1099,1597,89.063248,0
567,2722,56.600983,0
1960,1282,97.518425,1
2219,2237,67.612465,2
1538,2741,2.464549,0
2599,1276,42.196045,0
1050,20,18.663935,0
1946,2798,19.150070,0
2759,2648,77.186920,0
1534,190,34.989052,0
1031,1916,97.124054,0
2290,2560,69.516937,0
2365,2461,69.790642,2
51,1641,47.790478,2
2740,618,87.140900,2
1868,701,4.341012,0
766,1745,18.289225,0
1995,474,81.795090,0
2080,2247,48.730942,0
1658,2387,25.724606,0
346,739,9.608039,2
1183,2828,68.997948,0
2026,87,73.889381,1
2357,1227,48.054039,1
2735,5,78.795761,0
2135,2092,65.696426,2
702,2107,62.440239,0
2529,784,86.669189,0
1608,2685,69.757469,0
195,293,81.784813,0
667,1968,58.952263,2
1377,1365,47.810261,0
2133,58,22.766596,0
555,404,91.728104,0
2174,2701,64.862671,2
1878,145,53.484879,0
2805,2313,73.468208,2
2429,820,32.112926,2
667,234,43.522446,1
628,120,33.987007,1
2903,2194,13.990439,0
2864,949,39.548286,0
494,1769,38.377876,0
2536,1862,48.155376,0
1584,1939,15.709157,0
2873,1701,1.400790,0
534,2733,35.044395,2
1154,2111,54.156837,2
2813,1390,81.282486,0
95,2558,21.353550,2
2193,2622,17.206661,2
1007,1598,22.951462,0
1405,2816,73.524506,0
1993,1601,55.325134,0
596,550,24.227470,2
81,1934,88.848930,1
371,992,4.757484,0
546,2178,65.935722,1
161,247,71.061943,0
661,2465,93.083237,2
2610,468,4.815238,0
1513,759,25.876522,0
152,1802,0.092022,2
615,538,81.942184,2
2007,66,76.990883,0
1996,2426,73.345078,0
1831,1866,26.977076,2
1749,2044,29.457197,2
2600,2853,48.865131,2
2466,1297,12.716353,0
588,2273,38.123142,0
2185,1984,98.768616,0
919,197,32.382690,0
2861,369,49.702427,2
2163,174,45.131416,2
1404,1575,32.376465,2
689,1608,50.685028,1
2611,2022,83.820686,0
915,1137,4.550455,1
1170,569,79.678856,2
742,573,50.565170,0
2766,2091,65.535202,2
704,1435,48.064556,0
1607,730,19.728079,0
1529,2459,57.323090,2
2583,727,0.371339,0
2072,949,85.584442,0
2151,1646,59.305756,0
2281,2371,45.975647,1
713,2735,10.227242,1
1878,2632,96.156448,0
1776,2654,94.308167,0
1552,2843,49.832352,0
136,1983,29.831673,0
861,1818,15.522975,0
512,2957,12.254180,0
542,22,80.781090,0
2729,324,67.457687,0
1471,2045,23.545914,1
849,9,38.092541,0
1373,1446,53.484879,0
552,2682,57.746284,0
251,2643,52.707409,1
2721,1095,70.855568,2
486,2210,65.598724,1
1385,384,26.019262,0
1120,2723,86.308327,0
1359,2580,96.116974,0
941,705,76.286301,0
285,546,84.769394,2
2761,865,30.215176,0
1036,1219,9.993372,2
346,1322,96.293556,0
1782,2643,93.095390,0
289,336,91.964661,2
2582,412,21.091742,1
2574,1243,73.802940,1
977,2803,96.997948,0
2133,458,75.937553,2
560,822,52.674599,2
2562,1177,99.008469,0
1883,1322,57.520844,0
870,2671,16.162197,0
122,910,26.582481,2
964,1925,33.031975,0
2773,1359,47.732933,1
2649,1977,23.638384,0
1599,1209,58.263954,0
1697,1658,12.593967,2
76,2845,52.717827,0
459,1582,4.224521,2
1542,467,52.156349,2
2428,1565,41.969742,2
2783,2445,38.304317,1
468,1273,45.836739,1
331,1310,97.466743,2
525,1464,63.927692,0
1209,132,72.330849,0
2986,1051,88.720810,0
2699,1682,50.573547,0
150,2446,67.779579,0
17,1136,30.608480,2
2725,1822,60.471012,2
936,1932,36.740463,2
413,575,37.494801,2
1800,332,89.735580,2
1399,1424,98.478325,0
2410,2579,6.846327,2
2280,2957,70.128937,0
2365,2234,83.610420,0
798,1675,39.297279,1
1716,2712,17.846493,2
2719,2472,2.375041,2
995,2001,22.761230,2
2014,2163,15.166108,2
1601,948,80.932266,0
2558,661,1.562562,0
2393,1274,45.778057,0
2658,1617,63.954678,2
1334,1407,28.345228,2
483,1252,73.529823,2
1707,2354,4.747836,2
2027,1353,34.708248,2
1773,2249,18.091539,0
1320,2165,96.221886,1
423,1198,55.486504,0
1201,508,61.987568,0
1660,1551,96.444641,0
2678,680,1.553078,0
2357,1111,94.131104,0
194,843,42.860680,2
360,439,12.005239,0
857,1799,50.828041,1
1723,959,13.689706,0
762,501,17.527807,2
1353,319,16.495832,0
2834,1019,4.275798,0
1652,133,14.304892,0
2083,2902,17.038105,1
1364,2686,19.901157,2
391,2754,39.899250,2
1996,2262,41.409538,2
2981,449,76.712257,2
2948,654,48.937431,2
586,1699,89.642998,0
2148,995,22.822491,2
2402,798,96.582031,2
1546,2859,35.388000,0
2221,166,42.786026,0
1648,1013,50.808643,2
1161,422,95.045380,0
2119,1394,80.528313,1
697,2185,79.088158,0
226,1942,66.696999,2
294,1017,16.872021,2
2524,210,43.481750,2
1436,2678,15.182087,2
655,1989,91.604195,0
1382,2941,59.159378,0
2684,1590,67.873940,0
2980,1415,40.897507,2
535,2453,18.281290,1
2806,288,32.629005,0
2627,1260,40.952690,2
2722,210,66.515526,2
2756,2245,14.733399,2
2643,2614,60.014843,0
1271,1888,29.534588,2
917,1813,75.317719,1
2797,1686,60.348789,1
2563,1903,97.543053,0
1877,119,40.939705,0
314,398,33.138523,0
290,967,41.907799,0
480,2705,26.757586,2
1648,2060,90.455162,2
489,1687,80.213860,1
2495,914,68.923759,2
2179,1962,4.938582,2
2368,477,50.788795,0
986,1520,35.380184,2
403,37,31.214748,2
1400,1837,27.893097,2
631,2511,88.505600,0
467,450,26.789902,2
1145,793,11.506471,2
2991,888,9.684525,0
480,2870,96.658905,2
1716,1335,75.133774,1
288,384,42.734558,1
1903,2931,34.069820,0
1086,63,30.941137,0
356,1055,67.703445,0
2075,2489,35.146580,1
2265,277,22.623024,0
1858,2163,49.967720,2
938,56,73.397552,1
556,2295,53.028297,0
2113,2625,56.356426,2
1914,1198,43.038521,0
1423,1344,93.303589,0
1444,652,26.181551,0
2664,954,20.263170,1
2137,1189,71.747345,0
2363,1156,79.616104,0
2764,2567,94.009735,0
1044,2298,97.610077,1
608,2974,36.544312,2
729,2335,41.525719,0
1386,2891,65.169403,2
2759,2649,23.060804,0
1857,2086,90.362556,2
1772,2695,22.351494,0
754,900,75.992683,0
226,96,8.493826,2
2076,2534,52.835484,0
313,2034,46.803787,0
686,296,31.261639,0
2432,949,0.114967,0
2280,918,80.579918,2
2655,1592,95.866219,2
1206,2772,55.922688,1
1974,647,91.653008,0
2389,1990,3.068010,0
2079,964,22.072260,1
404,197,30.486488,0
480,2208,7.433546,1
390,2101,12.034848,2
1247,2024,33.653435,2
1092,1372,75.603203,0
407,1015,19.974453,1
1868,1815,26.262163,0
238,1415,26.371750,2
2755,49,77.218620,0
854,710,55.066772,2
2656,1421,32.986134,2
2574,857,76.776558,0
2352,1547,38.396740,2
2436,2720,87.710983,1
2374,2090,45.664536,0
1417,309,26.339169,0
1394,1823,24.045605,0
2193,372,6.281305,0
1522,2751,73.978470,0
550,2884,1.441441,2
502,2307,55.982414,0
292,228,41.229370,1
2309,2311,43.962677,2
2485,1504,79.523460,2
1972,821,23.841377,1
2095,1971,19.093309,0
103,1082,56.358017,2
2706,2927,74.673813,0
1496,1729,33.018459,2
301,719,41.877399,0
1766,2396,27.196150,2
1473,1915,23.020142,0
561,119,66.842949,0
1841,1497,1.937247,0
489,1402,78.402351,2
1746,298,52.707409,2
2047,2785,14.604709,0
578,1331,69.632156,0
1156,2509,32.843910,0
1417,2805,43.772209,2
832,2271,71.104149,1
1755,1796,30.749670,2
1115,2439,9.615298,0
720,1919,83.406746,0
680,1330,73.374710,0
2052,2132,72.395294,2
2458,219,92.976494,0
1438,1108,60.793293,2
1707,1141,36.178394,2
1726,2180,93.538940,0
2608,476,29.425186,2
2908,728,13.622300,0
753,149,28.375109,0
276,2670,75.200882,0
524,523,88.126122,2
2059,2516,69.107651,0
1360,87,58.470165,0
1640,1486,75.679131,2
1193,1208,71.901787,1
2783,1603,19.180008,2
1102,1276,34.019386,0
1406,327,29.957806,0
129,2158,25.002876,0
2233,2385,91.218948,0
2242,2630,83.553246,0
1288,8,69.347443,2
1341,1620,98.891838,1
2374,1092,50.788795,2
2085,2785,53.337982,2
2529,311,84.286438,0
1706,1780,25.669395,2
744,1919,70.739929,2
2124,537,1.013742,0
2259,1248,5.246562,0
1804,926,47.984806,0
1408,475,71.122383,0
1086,738,77.108635,0
579,1289,72.678703,0
2187,2599,69.212311,0
2628,344,23.691288,2
2803,1298,29.508711,0
2728,1991,91.107162,2
715,388,67.617180,0
1852,1571,18.295431,2
2853,696,4.769677,0
1969,779,1.662913,2
695,2906,87.749527,0
2570,1727,53.386326,0
453,888,24.929640,0
1153,403,46.803787,0
2903,1717,96.129562,0
1844,657,89.037552,0
157,1434,21.608852,2
994,989,25.946951,0
1298,1764,18.114538,0
2230,1875,97.261925,2
78,1205,42.664284,0
2152,2583,86.577690,1
86,2761,11.558824,2
2702,522,23.158808,0
1088,1155,46.590511,2
2380,715,65.954910,2
27,840,4.896137,1
800,11,67.975861,2
835,2462,42.842861,2
2262,1290,96.217819,2
1404,1300,51.858879,0
2278,1549,17.724293,2
19,1146,15.228244,0
2639,1374,54.028191,2
17,281,66.883911,2
2000,1411,63.250610,2
1915,1262,50.507477,2
2824,77,78.631630,2
2413,164,91.114716,0
2204,1119,14.382728,2
1927,2387,78.330048,2
493,81,24.160542,0
816,1034,81.197586,2
596,1392,19.602533,0
2646,99,31.698084,1
674,643,34.417072,0
1525,1788,7.813931,2
1934,2852,85.498825,2
1642,2844,10.903930,1
1127,2434,25.669395,2
963,407,47.047752,2
10,608,10.681353,2
2933,1724,9.009736,2
825,1227,14.933763,0
2767,1591,14.433038,2
2724,230,34.820915,0
233,1892,1.622128,0
1631,232,98.855789,0
2026,427,59.456352,0
920,709,33.162491,0
841,557,55.578243,1
2399,369,62.073071,2
1413,906,30.888281,0
2270,113,60.977818,2
2941,770,51.380356,2
2185,1822,78.876335,0
2702,2234,77.418594,0
346,2495,65.769592,0
423,2957,16.307226,0
2028,1691,54.199284,0
1526,431,94.642677,2
2996,328,18.344975,0
2775,1512,68.011490,0
1321,840,12.178648,0
1028,2360,53.982491,2
1788,2053,78.861359,0
1668,2999,98.924225,0
1543,2408,99.834854,0
2764,1103,36.280922,2
2575,906,69.724953,2
2936,514,4.097837,0
1097,2228,37.443905,0
1412,1415,55.822586,2
1753,458,35.417164,2
2580,2226,93.420280,0
373,69,24.245447,2
791,2580,75.898239,2
2159,2433,61.110668,2
2563,1917,60.317825,2
1471,1807,38.570824,0
2953,271,81.273300,0
1042,2585,98.695549,2
15,1694,59.343582,0
529,604,69.667122,2
1657,1714,7.117239,2
470,1851,12.291602,2
296,1488,83.366730,0
525,446,72.754745,2
1916,1948,44.815517,0
1797,1592,22.505016,2
734,2295,6.446613,0
2381,1417,65.576698,0
2045,899,83.432030,0
819,1180,95.651573,1
1810,223,33.137749,2
1380,2754,9.422894,0
2797,2085,99.284004,2
2145,717,36.966770,0
326,241,20.941971,1
486,1842,63.192646,2
1868,1328,2.782493,0
1544,363,11.090868,0
163,952,34.545090,2
2974,512,90.034416,0
2712,1090,96.781517,2
1070,92,95.249596,0
799,1133,8.384116,0
1592,1962,30.645931,2
1372,1067,94.515732,0
482,1797,27.646473,1
1125,1099,21.968212,0
119,1098,3.972108,0
2922,2918,36.133354,0
2707,107,88.980766,1
1427,2238,96.503181,0
139,2974,97.100090,2
2590,1123,63.217014,0
2466,2230,61.713268,0
882,738,63.274940,1
474,164,59.091469,1
1016,835,3.670372,2
743,1036,42.761490,2
2609,146,10.400240,0
327,281,80.851234,1
2063,1738,77.253380,0
746,200,80.530945,0
2927,116,92.777390,2
2908,360,41.606682,0
954,1515,22.693306,1
1126,2435,2.950438,0
785,2363,70.744011,2
2502,1659,11.989800,0
1157,2604,52.758915,1
2422,2659,92.184525,0
891,2623,60.168682,0
159,2660,44.429802,0
1014,345,48.386261,0
2941,2833,23.418602,2
2300,1055,83.541145,0
1023,318,72.498978,0
629,2726,16.431641,2
1988,555,47.260883,2
1481,520,77.712669,2
1178,2692,7.760630,2
2096,848,37.480331,2
2129,662,40.952690,1
2511,2686,3.721611,2
1862,2164,34.453018,0
1561,29,15.447990,2
1329,1984,0.913766,0
380,1838,48.204815,0
2857,1048,49.374920,0
1183,2514,83.773384,0
1223,1148,66.166336,0
1806,1953,45.190186,2
1651,135,81.082390,2
452,2319,86.577690,0
309,2772,16.229147,0
2483,244,88.089821,0
221,1543,29.112461,0
836,2540,99.223206,0
698,316,54.186962,2
2143,2101,61.761642,2
435,2053,72.674408,0
1999,1239,77.418686,2
37,2662,23.518152,2
2438,1351,69.701202,0
673,1411,73.718925,2
440,2590,74.948708,2
978,2751,56.071465,0
697,954,18.534412,0
1824,2607,45.310104,2
1963,2206,39.698135,2
2532,394,89.463463,0
6,927,82.428284,0
1850,2952,10.489868,0
2453,300,33.715439,2
1846,941,24.202000,1
1254,1681,82.119820,0
2378,1464,5.373652,0
298,1,96.007698,0
2198,1008,49.765194,2
2465,139,29.909800,2
1920,2841,71.120331,0
431,957,80.814445,2
2914,689,18.324417,2
1284,518,97.369209,0
1647,700,90.769035,0
704,778,26.495129,0
2384,134,42.819775,2
1814,1415,18.490337,2
160,2850,4.632496,0
1192,1708,36.947815,0
75,1481,1.004133,2
1895,863,82.575134,2
2843,1516,17.052647,1
1106,2719,71.778313,2
765,1214,82.280731,2
2469,766,61.522781,0
1973,919,63.726288,0
2275,2605,74.983536,0
283,1551,77.508919,0
1192,2010,91.321068,0
257,537,92.410896,0
878,1929,4.922390,1
2910,258,51.085110,1
1836,876,2.958108,0
1950,2709,6.382926,0
1304,1468,81.582748,2
2021,1558,81.247986,0
655,2794,33.661308,2
1349,2526,85.319046,2
138,1182,37.494801,1
456,1789,39.579437,2
858,80,67.997192,0
895,1424,22.377197,2
2911,552,96.678177,0
2953,407,17.915991,2
698,2376,2.097200,0
649,1790,47.407631,2
1445,2714,18.060244,1
471,2928,24.777439,2
528,1980,75.079781,0
361,1401,58.657970,2
2952,2444,95.378792,0
2262,1685,50.016739,2
1673,30,56.000866,1
1745,288,65.019745,0
2480,1243,29.510546,1
273,2801,43.800201,1
2435,1300,4.293487,0
372,2631,88.247047,0
1996,2875,30.467087,0
2637,2722,19.924124,0
2319,2537,61.424530,0
200,1540,39.775940,0
756,953,89.174019,2
1492,605,55.817760,0
2389,2478,69.326241,2
945,1840,45.874687,2
2021,638,89.858398,2
1509,953,82.043365,2
2026,133,55.922688,0
971,2759,3.790842,0
1817,2974,15.937482,2
1167,705,38.385807,0
1941,1592,63.561180,2
259,1863,43.061707,0
1120,1490,57.613983,2
208,593,47.699875,2
2781,717,34.028408,0
1721,937,19.726048,2
146,1451,88.166519,0
1114,94,21.120388,0
20,900,66.025368,2
1939,2298,46.572952,0
820,995,11.604509,0
27,397,39.586941,2
668,2117,92.631432,2
2904,1780,75.419022,0
1558,2269,47.952648,0
1483,1930,53.874870,2
2399,1439,91.086906,2
924,2662,45.154320,2
2128,1989,72.199875,1
505,2109,29.601578,2
2823,409,32.523140,0
884,1056,5.084627,0
750,1059,36.037384,2
2160,2515,40.088947,1
123,1792,37.793571,0
2384,2808,26.309217,2
2215,2796,67.350945,0
1482,739,39.929668,2
2688,2830,95.536026,2
355,1829,72.530228,0
450,2642,40.809315,2
1653,1839,89.138718,2
1655,2519,56.589920,0
371,2352,66.626060,2
225,1755,37.549744,2
1679,1535,17.852434,0
335,1423,41.349152,2
2548,2854,53.398544,0
2496,2608,93.684013,2
1793,1538,9.343497,2
637,1223,47.589493,2
1599,2807,82.286377,2
1589,2132,38.067467,2
2238,2903,55.514893,2
1226,54,91.785561,0
2278,850,16.375414,0
1524,596,71.324394,2
2232,2367,78.200172,2
1409,2280,9.776563,2
2749,2943,96.582031,0
2410,1398,98.272766,1
2645,2811,23.290005,0
1545,1144,47.548260,0
203,463,8.859806,0
1009,2280,92.796181,0
2286,851,61.472347,0
2588,217,72.874107,0
1409,790,70.263916,2
2904,1014,39.855473,2
1440,1598,4.205817,1
1890,1817,82.592682,0
2036,1448,8.255057,2
1175,555,1.547753,2
673,915,2.940846,0
1894,1892,80.885651,1
1956,2997,18.865665,2
684,597,28.055418,2
2929,547,58.440750,0
2191,312,68.957680,0
759,132,43.475899,0
785,600,88.130615,0
2537,2745,98.787697,2
1378,2743,67.850311,2
674,204,21.030617,2
2876,1306,89.930534,0
2827,1914,59.694786,0
256,1417,64.469116,2
2393,565,6.944209,0
2377,1483,91.801315,0
836,486,93.372971,0
654,2695,25.568384,0
496,1574,58.682571,2
2227,2030,26.031813,0
107,100,90.284866,0
1451,2622,33.074036,2
749,2913,3.417888,0
1440,755,35.958435,2
1778,1040,55.457443,0
2301,779,67.547646,2
2102,1553,35.284115,0
1871,1696,27.062366,2
859,1916,49.356354,0
2420,823,13.660608,1
2363,442,92.944542,0
2313,2348,96.400024,2
2862,418,35.302559,0
335,2740,56.320538,0
1803,2992,88.535194,0
200,1350,59.758469,2
1115,1534,41.416489,2
2779,67,47.810261,0
2530,2526,11.906329,0
1140,686,28.811995,2
1541,1319,80.070549,0
499,2833,20.506382,2
1093,2723,87.752556,1
630,2402,12.714212,1
1802,1786,77.607925,2
2343,958,50.713413,0
2798,1458,29.201462,2
800,1439,25.983131,0
2304,2667,59.934048,1
1429,340,71.544022,2
349,807,14.032655,0
381,263,56.165520,2
343,2537,9.762473,2
333,688,69.118492,0
2939,292,7.092078,0
1790,629,83.225929,2
78,424,59.213997,0
2852,536,58.338924,0
2375,673,31.731117,0
2240,1714,60.607506,2
473,2242,29.102362,2
649,181,3.417629,2
773,1949,69.118195,2
163,2861,69.337029,2
1744,1503,62.361862,0
1420,2598,90.215813,2
2501,2933,34.954510,2
2795,2369,96.067688,1
770,1269,48.122204,2
1892,1328,55.713810,1
2668,1304,73.233437,0
2704,1309,12.242511,0
2089,78,47.140686,2
2041,2681,8.289232,2
1101,2904,37.449371,2
650,1464,29.324154,0
2535,239,34.684078,2
1119,1471,95.476227,0
64,2590,49.395302,0
1815,1147,83.442574,0
2728,1145,0.338819,2
2771,1837,98.116043,2
984,1230,65.059471,2
1735,2041,18.835749,2
227,983,95.422127,0
1544,811,96.751755,2
774,2116,44.831738,2
2003,790,23.433651,0
1191,2809,12.014014,2
381,393,71.061943,2
2265,1040,84.153702,0
1213,120,1.427595,0
2402,2610,55.407402,0
2952,224,75.644928,2
2629,1923,42.179310,0
463,1716,60.335880,1
796,337,94.061867,1
1020,2266,60.842991,2
1145,2551,82.180595,2
2363,1027,92.422279,2
2292,130,39.528656,0
671,1935,5.364275,1
2958,440,66.299927,0
496,2507,48.346863,0
591,2587,4.601798,0
2258,755,43.613724,2
1485,2106,56.717278,0
2729,1504,18.377415,0
76,1670,53.535332,0
36,2459,46.130245,0
2634,1628,65.054260,0
2492,2410,97.759155,2
2788,2981,12.833639,2
254,1767,35.475945,0
2839,1699,25.924049,0
991,603,39.333256,0
1856,1665,22.550695,1
697,1763,49.330620,2
915,208,95.666489,2
390,2018,4.214001,2
506,2629,53.484711,0
1322,180,73.538376,0
1372,143,61.460297,0
2482,829,69.576302,0
1876,1285,81.100342,0
195,2429,58.575077,0
1998,577,2.443105,1
140,839,9.613549,2
2906,1983,9.509132,0
1833,1621,37.655312,0
1601,2790,83.721146,0
2215,1614,58.352642,0
2136,880,13.438212,2
2395,365,66.430573,0
2279,2793,24.493135,0
397,1508,78.004311,0
1503,67,25.736250,1
2176,578,51.758896,0
1448,2695,48.216595,2
2992,2302,80.631851,2
2951,1617,36.025093,2
833,975,56.785969,0
266,1853,11.296735,2
2670,944,89.485100,0
1167,2230,70.404716,0
1606,2173,78.630997,0
2940,659,84.263878,2
947,672,11.818015,0
1812,2323,55.861263,0
1595,738,38.084351,0
1649,1186,55.096474,0
299,2771,61.442265,0
879,1536,83.549576,0
1479,1815,61.957520,0
1055,2141,15.787896,0
1460,1750,64.906059,1
2569,942,5.010700,0
21,417,66.936127,1
778,2545,17.399654,2
923,311,99.492607,0
2098,1025,40.704365,0
2237,2800,76.446449,2
2186,2999,3.528716,0
1991,2111,59.184540,2
326,2899,89.636108,1
1570,1266,0.023023,0
138,2327,99.876205,0
777,276,26.830948,0
815,2993,79.251724,0
1453,269,93.030006,0
2912,2773,95.507591,2
2273,2896,36.853493,2
466,1709,28.801968,2
835,459,97.658928,0
1047,713,96.065331,0
1978,2608,61.626484,0
1153,1254,66.643646,0
2191,2211,25.462652,0
834,1311,97.678734,0
2453,295,34.717003,0
213,2279,56.526718,2
308,1216,44.318184,2
2400,307,88.505600,0
837,572,3.638967,0
2543,238,74.891876,2
1446,1835,7.277008,0
2032,1719,20.148706,0
2353,393,67.612465,2
2033,2136,57.171902,2
437,2232,78.988052,2
2533,1631,68.789146,0
2670,1531,79.553558,0
2927,2119,50.430134,2
2000,1954,1.596688,2
173,2602,6.526624,2
899,517,24.928860,2
629,2254,74.991508,2
1142,2889,99.091682,2
2253,2489,7.315770,0
1080,19,40.410946,2
1198,2578,91.121368,2
790,2232,57.926720,1
1020,99,21.538223,1
2322,127,60.151741,0
1362,2144,87.075981,0
1008,2953,46.557564,2
2259,581,99.277710,0
1536,1336,34.857075,0
1996,2006,80.730171,2
1905,245,70.581955,2
2823,2417,47.071178,2
763,50,60.686176,2
1199,1142,29.049021,0
1173,1195,59.476746,0
178,1279,98.018364,2
1522,52,62.444889,0
2369,1467,12.738433,2
2422,2042,3.025801,0
1956,2632,97.002838,1
1092,831,75.426804,0
751,1138,62.128887,0
983,381,3.980307,2
1911,2706,62.361862,2
1958,1595,8.418989,0
1024,1120,22.320786,0
1307,439,18.748590,2
157,1471,7.251019,0
2277,1919,28.001085,0
1524,1409,94.907417,1
1378,943,22.282284,0
643,1649,56.933414,1
747,2898,88.788483,0
932,1726,97.606407,2
1830,2707,31.788221,0
2891,2737,75.560616,2
1997,1223,74.723206,2
1011,2492,8.693856,0
1604,794,52.861790,0
1694,2943,9.312360,0
1311,704,2.375041,0
107,572,95.146996,0
1039,1056,25.498711,0
1672,1233,84.627930,0
750,761,15.769533,2
1348,191,21.120388,2
2936,907,44.558254,0
2989,2781,25.678465,0
2821,551,86.377235,2
271,1868,72.058617,2
2802,1818,4.956869,1
1657,735,61.334255,2
591,1990,84.318100,0
2524,1703,82.979752,2
1627,2951,55.073563,2
1536,1963,51.923611,0
2970,1498,49.553677,2
1599,1325,97.542900,0
1944,1357,71.885796,1
2187,1928,19.059690,2
1671,2142,83.852669,0
1649,2189,13.574858,0
691,2611,31.868637,0
2533,2205,84.896240,0
1092,856,91.510406,2
1251,718,30.572960,2
1123,2557,57.972580,0
2984,2889,52.196491,2
2022,664,69.357803,0
799,965,59.836033,0
497,1128,91.909042,0
2570,1870,28.250708,2
1313,1496,58.869942,0
1705,1249,27.529222,0
1827,2395,65.167778,0
792,1233,6.238527,0
2487,406,69.396439,1
1317,174,84.975487,2
2915,2195,84.317039,2
1808,466,87.864601,0
878,2791,81.743927,0
2522,1043,49.070786,0
373,813,35.330063,1
2758,260,87.230095,0
1280,0,43.015289,0
2584,1963,33.282749,1
473,2945,68.966858,2
968,886,63.397488,2
599,207,93.317169,2
2612,1553,93.163124,1
775,955,87.116608,0
2633,2206,10.371097,2
1595,1080,87.128769,2
1233,1053,70.454071,0
1046,155,73.975525,0
522,600,22.511709,0
711,2857,32.435410,0
243,1022,14.809264,1
1228,1288,26.323223,0
1026,551,97.011368,2
196,2887,64.644814,2
1660,761,55.720440,0
2677,1934,94.254417,0
88,2221,8.052088,2
300,1975,79.146797,0
1013,2773,72.102760,0
2773,2262,96.368164,2
893,2826,79.400131,0
623,265,72.840706,0
1030,2516,87.296791,0
1303,2894,85.032349,0
8,2265,83.771767,0
2094,2199,32.308437,2
1091,963,19.493969,2
541,1179,43.200062,1
2689,1536,8.062003,0
1,1539,51.073006,0
2544,1685,45.111084,0
84,2657,2.197459,0
2441,1321,42.772625,0
1634,2610,8.835480,0
1274,686,85.181252,0
730,2910,20.688145,0
1613,2386,46.563866,2
2666,2913,65.823456,0
1298,464,61.315475,2
259,831,68.745728,2
2775,69,33.523342,1
1391,1359,66.843330,2
862,2280,7.274584,1
1706,0,17.162466,0
1490,2086,44.301102,0
537,658,61.604485,0
1327,1873,84.241844,1
641,1892,97.530746,0
2621,2724,57.868019,0
1958,43,22.725666,0
2433,1618,41.648544,2
2991,2380,6.811444,2
1678,245,91.728104,2
2956,2746,38.125610,2
743,257,62.049526,0
2329,414,6.193338,2
1328,2669,97.835854,1
1599,872,53.723228,2
1769,2533,5.577328,0
1594,2670,43.853401,0
2243,457,62.330143,1
1174,2147,56.277237,2
902,598,10.465701,0
1833,1031,3.581569,0
2384,1589,23.579134,2
2093,760,30.500681,2
1358,916,92.184525,2
1622,995,5.215560,0
906,2032,65.420021,0
1860,2282,60.829842,2
1434,2448,69.658501,0
2847,2150,16.368076,0
791,153,79.677452,1
1166,939,74.379745,2
121,1775,35.564945,0
886,1807,18.947050,0
187,2757,98.476425,0
1428,150,64.014893,2
140,1878,13.160854,0
1195,819,48.428753,2
2280,2067,48.130100,2
1472,833,75.215889,2
1726,1756,60.266083,2
2422,2499,46.534039,0
1866,756,38.105236,0
2512,1747,49.831059,0
296,686,73.116150,0
1398,1772,7.068956,0
1440,2635,76.928047,1
2717,125,8.021596,2
1299,1631,44.351921,2
2557,2442,53.033245,2
1692,833,90.348244,0
2787,2329,64.047874,2
2484,1968,45.865433,2
182,2693,86.955658,0
2462,1668,83.207291,0
2163,1105,59.025112,2
2940,1631,31.041370,2
1723,2597,9.692387,1
2185,2827,20.089710,0
1114,2239,25.202307,0
606,1159,17.636381,2
570,1630,89.218956,2
179,2887,80.213860,0
2816,2925,6.361519,0
594,257,35.281303,0
2889,1827,64.410034,2
2308,2993,86.408943,0
283,129,64.324127,2
609,1599,7.653049,0
1165,1016,45.940605,2
236,1203,3.482823,2
1209,796,80.409943,0
2976,2767,16.267729,2
1155,2904,16.229147,2
1149,2832,5.373652,1
351,2636,33.187084,0
1530,168,10.917490,2
2986,351,58.659355,2
133,2947,40.727638,0
2371,1072,47.558945,2
2367,2353,56.791351,2
2347,425,85.338867,0
2883,1427,96.573524,0
811,2461,12.667212,2
381,2336,53.091808,0
2401,2405,43.636837,2
1371,2989,51.358746,1
1843,422,73.504700,1
1561,1247,98.901985,2
2454,2027,98.284157,0
1389,2086,23.438406,0
1711,32,89.939842,0
1496,2471,45.545124,0
1197,1534,36.580841,2
968,2733,56.193626,2
2769,313,11.484172,0
2936,2203,90.934708,2
1823,2782,96.547264,0
1497,2069,86.664627,2
997,624,66.626060,2
2149,1255,17.419403,2
2922,1016,34.853344,2
2242,1698,78.492172,0
2460,1553,32.074215,2
1066,1158,9.304613,0
2078,67,1.034865,0
375,2385,9.517492,0
1445,1071,61.233894,0
949,723,70.516945,0
471,2328,41.794621,2
1651,2312,16.539715,2
366,656,4.795567,0
414,1607,48.828415,0
354,922,10.408681,0
2309,776,29.448757,0
0,1545,24.585201,2
2217,651,69.821869,2
1463,2637,8.286127,2
2046,260,54.663837,0
881,503,63.135033,2
2723,1351,14.670696,0
410,2049,16.033390,0
908,1119,12.908301,0
2310,2828,2.890486,0
359,1313,68.253960,0
417,1456,40.893299,2
900,1975,66.481384,0
1525,1640,45.801846,2
2080,651,73.873482,0
1128,2760,65.904480,0
2460,1178,98.600685,0
1256,2199,93.379234,0
793,727,41.420921,1
877,601,72.542267,2
1614,1387,37.207886,0
2007,2591,5.411835,0
367,2391,88.784088,0
1261,1155,1.047730,2
2457,1111,9.652924,0
1852,2171,96.969933,0
2086,1135,64.901230,0
858,1639,76.867218,0
269,1702,20.453735,0
1085,2198,95.329422,2
336,1872,84.991119,1
683,1632,53.900185,0
1796,903,30.633871,0
1535,963,1.454283,2
1678,2094,71.027512,2
1821,616,57.050549,0
2477,1004,41.377167,0
777,2904,47.467720,2
1657,1295,4.551178,0
602,1545,72.381592,2
1048,269,23.842026,0
1414,171,99.209244,2
2282,2576,68.153954,2
2762,2335,75.868546,0
1022,2335,72.341209,2
2489,1567,83.705276,0
1827,1949,77.218620,2
142,83,40.844128,2
2082,385,40.290398,0
2678,528,90.653770,2
1677,27,65.379013,2
2413,2796,60.521008,0
965,1291,11.173036,2
1046,1941,92.975761,2
2814,112,80.101212,2
1837,2327,74.793571,2
1137,2220,49.167736,2
509,2178,5.003544,0
2941,2415,51.902504,2
28,2607,93.278557,2
1127,63,92.394905,2
559,140,10.526547,0
1855,1234,41.501785,0
333,1990,46.590511,1
2044,755,5.161553,0
146,2073,55.200104,1
2655,2608,86.471329,0
736,1588,66.762123,0
490,2048,20.186285,0
2545,991,5.253778,0
2122,2937,9.517492,0
670,1089,98.332741,2
1998,367,82.043365,0
2109,2969,49.456753,0
2671,2364,60.899010,0
165,253,69.118195,1
1558,2436,97.288391,0
751,2814,64.396355,1
624,2580,36.876720,0
569,154,3.034774,0
507,2248,37.919430,0
185,1666,23.857697,2
1615,2105,5.837963,2
1619,774,33.218544,0
1827,142,25.495468,2
2480,1143,57.305775,0
2705,1784,4.097837,0
273,2323,72.099297,0
1466,1937,94.334038,0
1917,1520,80.629845,0
1125,2607,2.839731,2
1304,2290,24.014954,0
2639,537,56.127861,0
191,1883,62.339817,0
2553,1831,16.634031,0
819,588,26.944036,1
2688,655,11.676269,2
1597,738,37.327641,0
1805,2801,24.172237,0
1688,263,27.590942,0
1368,2186,84.864288,0
1956,1443,9.001362,2
501,2555,22.204834,0
2970,1363,3.226082,2
1070,1885,8.619628,0
113,1407,62.632622,2
988,773,50.369724,1
735,2127,9.215193,2
1646,2044,87.015198,2
1747,1612,68.461746,0
2330,1978,97.509125,0
122,1439,42.257828,2
1520,360,24.015219,0
2098,427,4.348113,0
1613,1984,83.519173,1
523,2089,26.301258,1
2454,2286,50.216961,0
1244,217,20.319284,1
1013,2609,24.547319,2
31,1370,85.461754,0
2487,710,40.924072,1
216,1919,58.221844,0
629,1698,43.924381,0
2826,247,90.598267,0
2020,1508,10.166639,2
444,2665,20.896248,0
1550,1966,52.952759,0
610,1917,68.912804,2
2726,882,83.324440,2
1274,2035,54.324982,2
2735,2364,47.698463,0
2305,1327,58.094101,0
1796,593,3.338863,2
2695,1271,40.155788,0
1711,113,53.795296,2
1680,2417,10.106336,2
596,1769,62.440239,0
2479,105,73.798180,0
605,1041,80.854561,0
820,1532,93.324051,0
2689,1469,67.776382,0
937,223,52.380810,2
2357,1309,40.320080,0
2245,2573,93.610329,1
2051,1663,38.498531,2
1280,204,27.062366,2
2343,1257,93.114967,0
1349,2157,48.333889,0
304,1767,67.818611,2
2187,1257,92.895134,2
1379,1814,16.460266,0
896,766,68.529243,0
372,2194,69.820480,1
535,2038,45.427223,0
2679,6,35.583149,2
2629,238,46.463581,2
2184,1933,11.115757,2
728,1612,13.961893,0
1216,756,13.254907,0
2488,1614,98.116043,1
1007,1723,82.922218,1
1630,2537,51.596840,2
1167,744,63.475445,0
392,1449,99.362663,2
286,1863,72.290497,0
121,1315,87.961815,0
817,773,78.778664,0
2109,1066,97.835526,0
842,934,16.162197,0
2819,1789,8.995604,0
2407,172,93.430717,2
1333,2168,74.650093,0
1278,2229,85.540955,0
475,729,63.769032,0
2051,2277,40.075539,0
2337,1895,13.999905,0
2276,98,39.822430,2
2073,1029,49.268345,0
2725,679,23.059099,2
2763,1673,32.429420,0
214,2921,22.206255,0
377,1269,67.145218,0
2751,1514,86.303467,1
1797,903,45.175041,0
151,644,66.462601,2
2471,1235,9.834379,1
73,1435,25.201324,2
2264,2113,34.916367,0
676,363,77.218620,0
1028,387,17.983292,2
2965,1857,7.007046,2
1914,1064,34.417072,2
1267,1978,78.745522,1
2760,2369,4.918595,0
248,2892,12.680549,0
2598,1997,79.206917,2
1243,220,51.862820,1
541,670,37.842003,0
2232,672,67.228249,0
1339,386,80.539673,1
2178,839,72.361061,0
606,38,14.526681,2
1970,2864,85.260117,0
2792,2609,10.223262,0
1075,531,80.430351,0
216,355,94.464935,0
2206,389,89.689148,2
2145,1102,63.368298,2
2885,1254,92.715157,2
2967,1858,12.856460,2
2377,243,43.200062,0
1230,1804,80.399040,0
2321,2897,62.903076,2
92,1471,17.093683,0
1665,1187,91.574295,1
210,1862,51.317902,0
2794,1493,18.372221,1
1234,148,93.085968,1
1351,1807,3.014651,1
2340,667,92.385956,2
144,1899,98.184563,0
2574,353,59.748646,0
444,2274,46.580219,2
273,276,51.115753,0
1137,1391,65.059280,0
750,1128,40.066292,0
2708,1020,73.200821,1
781,633,3.025801,2
337,53,45.421879,1
565,1881,55.935932,0
238,2965,25.625011,2
664,1985,34.341431,2
619,685,19.333532,2
1122,1206,47.940983,0
795,1510,74.673813,0
710,2504,4.757484,0
177,2664,8.619628,2
2593,505,55.214645,2
641,1696,21.828537,2
1970,2514,50.172268,2
949,659,34.483467,0
1562,2919,87.309067,0
365,2305,71.623421,0
13,2992,66.153351,1
2678,1418,99.605934,0
905,1066,7.544777,1
1798,2866,6.281305,0
1372,1536,25.819038,0
69,1682,71.051292,0
2111,835,8.451229,0
512,1147,23.895058,2
785,2593,78.040993,2
280,2628,16.053602,2
1696,278,13.052533,1
96,2640,70.812439,2
2901,2889,11.495587,0
2131,2584,29.333193,2
1293,1037,67.724838,1
2532,921,24.304857,2
236,2979,90.351196,0
656,865,11.006604,0
2075,1190,88.488388,2
584,1704,65.518959,2
1779,1815,98.303223,2
1621,2598,13.643493,2
2728,2164,33.711754,2
1484,571,26.122669,0
2044,1,25.328203,2
2183,1195,88.312584,2
2949,1746,59.387753,0
1800,2137,83.149040,0
1174,2543,88.407623,2
750,2355,26.940031,2
2031,1412,51.279549,2
240,2084,23.180445,2
2192,738,83.726448,0
153,1797,71.505997,2
2269,1297,66.951561,0
307,1668,27.980976,0
1867,2149,59.387123,2
1769,133,15.773089,1
2454,2046,6.935740,0
586,1679,3.941480,2
2428,1661,82.521301,2
1488,2023,17.772818,0
2147,1159,83.571579,2
850,2473,56.406963,0
1191,4,71.042412,2
1328,2317,40.230236,0
2467,19,32.339054,2
2486,2838,47.047752,0
1673,2376,79.401642,2
2539,2631,6.939549,0
1861,948,17.701324,1
521,2041,81.945526,2
2803,2897,12.405905,2
1889,2481,42.257885,0
1957,2057,12.023687,2
213,803,37.910675,0
2935,723,77.317688,0
1897,2165,27.292957,0
32,2476,70.630386,0
424,1352,93.514343,0
541,885,38.480965,0
1466,121,21.143538,2
2518,606,76.763573,2
1792,2778,62.849308,0
2411,37,13.483577,0
1502,2249,61.319588,1
1519,2306,26.554737,2
2043,2491,86.458076,1
2358,450,44.024986,0
1187,1512,66.038658,0
1352,2449,63.538086,1
1844,2119,19.405087,0
887,648,94.596123,0
50,1174,39.439167,2
303,2525,12.396249,1
228,2370,4.869625,2
107,1885,6.878775,0
604,2632,68.541374,0
2866,1090,30.111807,2
319,1514,18.222515,0
738,206,16.083843,0
622,1045,63.069641,0
2962,2779,8.180793,0
2399,2811,75.262489,0
1002,414,14.287173,2
1410,2178,68.789146,1
426,855,38.074333,0
2933,481,45.485332,0
1653,1125,33.088089,0
1457,399,36.087074,2
2870,2670,3.322423,1
248,790,92.582611,1
260,2214,63.251373,0
1820,675,37.573090,0
1517,1710,4.755600,0
2845,1756,95.426971,2
1929,913,62.348648,2
1284,2043,5.074464,0
360,1195,85.768875,0
2922,1836,86.274567,0
2882,286,68.589134,0
772,2921,0.237633,0
2237,1336,18.740179,2
2139,1970,7.900673,0
1947,1584,37.529800,0
1524,1337,30.888281,2
909,1643,57.539585,2
5,594,6.610054,2
2401,393,65.662270,2
1446,2338,36.516724,0
1492,1057,14.875829,2
1775,1685,40.190144,2
360,317,8.344737,2
96,2684,45.078178,2
216,982,52.054089,2
1524,1779,61.447987,0
683,1042,79.360031,2
1705,2744,38.498531,2
748,2137,66.558380,2
2153,2217,85.004333,0
1140,1914,80.503731,2
1783,2946,34.577385,0
2328,2056,17.597519,0
305,2070,16.371799,0
1121,794,28.214048,1
579,1299,15.228244,2
357,1079,7.407513,0
597,952,57.788410,2
1074,2140,85.098663,2
1821,1312,25.625011,0
689,524,99.670738,0
1563,2631,53.670200,2
1205,1388,35.819176,2
1570,1387,30.467087,1
2275,2367,49.900223,2
1739,1804,98.337608,0
1749,1901,52.131344,0
104,2664,47.231678,2
1919,2652,0.082292,0
1651,2087,48.828415,0
999,1250,2.994877,0
867,2966,4.595176,0
1234,2144,47.617668,2
2044,2169,13.718959,2
869,1000,59.517681,0
11,2182,5.797390,1
2259,533,90.317902,0
1973,2609,29.284901,2
1846,196,25.373228,2
1800,2509,49.398899,2
2071,402,95.065659,2
953,2557,98.050682,2
1567,1532,95.691963,0
2195,1508,54.288383,2
2151,2518,80.028931,2
199,1049,28.698538,2
1120,2625,5.385718,0
612,576,69.674500,2
2852,6,90.571045,2
1905,2808,89.065903,2
1637,1737,54.516918,0
2539,70,64.455406,2
1894,1616,63.564747,2
1988,2774,3.340768,2
21,2696,51.871605,0
2604,1840,2.261501,2
154,2625,9.573512,0
606,2053,5.552921,0
2121,1370,40.180569,2
14,2498,65.196838,2
2662,2040,55.060661,1
2242,1875,33.680511,0
577,2906,67.442726,2
2408,2885,10.472237,2
587,1537,73.799049,2
2653,2231,12.436333,0
2388,507,56.433071,0
287,2125,59.006813,1
2312,1199,85.279221,2
656,1134,23.572811,0
2952,50,67.442726,2
1404,2415,2.612376,0
2369,1479,89.273125,2
860,1394,2.826417,0
2690,770,36.953777,2
2551,2613,25.175447,0
1065,87,20.708044,0
2665,507,94.407021,0
2421,1828,83.108078,0
2849,2195,39.412434,1
484,2751,92.812363,0
2671,2150,65.059280,2
1202,1942,5.796388,0
1781,1346,11.846150,0
2979,1646,47.160374,0
2514,1273,90.508087,0
1500,144,39.923588,0
717,114,77.855309,0
2104,685,70.655754,0
2508,897,49.791229,1
387,1767,73.369476,1
483,643,72.859871,2
678,505,61.198471,0
668,2228,30.522699,0
1128,1279,88.025909,2
284,1713,27.288063,0
1045,2754,72.034988,0
2786,1403,0.082292,0
2001,668,23.088751,2
2384,1016,28.801968,2
1563,2798,22.955267,0
487,540,20.139217,0
1345,1975,58.328453,1
1332,2766,92.855705,0
2459,2260,70.958809,1
1620,2573,58.526226,0
971,2487,82.130127,2
838,471,23.779764,2
387,419,92.226791,2
2301,236,84.318100,0
1292,816,50.742268,2
313,1913,35.756577,0
787,618,18.947050,2
1951,122,94.680527,2
736,218,22.882702,1
884,668,23.462362,0
1730,2365,22.989977,2
2929,1240,44.003139,0
419,751,29.029367,2
4,2647,4.380755,1
2861,238,63.569637,2
1266,961,86.129425,2
124,488,79.391121,2
186,2150,99.055099,0
2297,1737,50.590000,2
2267,1390,30.221146,2
1887,322,99.262810,0
207,2618,33.319557,0
1222,654,10.785030,0
2550,723,79.650558,0
2568,1612,70.894859,0
2125,2793,48.781822,0
1465,587,89.397423,0
612,1002,10.063679,0
1218,838,66.549316,0
948,2098,51.812199,0
1610,2061,20.142975,2
1306,2370,26.301258,2
427,2525,17.206661,0
1252,16,24.478975,2
1944,949,52.377220,0
1415,337,78.492172,0
238,1468,73.305641,2
1327,1935,53.933830,0
2847,305,69.474930,2
949,546,85.470535,2
2401,179,7.299085,1
2159,1718,18.503973,0
1581,280,82.612122,2
450,2868,88.793694,2
1239,1675,64.956131,0
1927,951,97.675980,2
368,631,89.406097,2
2684,1971,77.855309,0
2017,2057,46.826687,0
2396,1022,97.009537,0
1988,2656,62.979248,2
2589,1063,52.821220,2
1461,955,13.739065,0
2093,1796,89.549484,2
15,633,15.216054,2
1287,2681,23.178001,2
691,167,95.065659,0
88,1620,24.944714,0
64,2017,91.030296,0
541,1958,54.306351,0
1777,2972,18.466208,0
240,764,99.528160,0
212,2770,98.245354,1
996,1464,57.829418,1
1524,1590,46.584034,2
769,1464,69.674500,0
1349,1898,61.335060,0
124,2061,39.811634,2
590,569,40.899387,0
945,928,52.610573,2
2466,184,15.759661,2
2323,2864,44.429802,2
2908,2109,0.820243,0
2792,657,79.794846,0
615,575,56.269413,2
265,1205,81.541405,1
1864,2446,67.072784,2
901,2641,2.424100,0
2898,2052,7.068956,2
1341,1490,61.060936,2
2729,1793,21.087614,0
2901,2540,6.631355,2
722,93,97.675980,0
1663,1941,4.250240,0
2331,2525,11.185343,0
793,2837,7.911534,1
2424,1815,65.809326,2
224,423,36.251465,0
709,2189,69.900810,2
787,1,79.035912,2
1489,2280,90.356163,0
551,1389,80.739075,2
2690,239,36.349266,2
2204,1953,81.771461,2
922,1754,40.441837,0
2424,2528,51.624386,0
2414,2368,65.132729,2
2144,307,65.661484,0
42,1785,7.431599,1
388,249,10.252612,0
2949,949,72.361061,2
125,1239,11.884374,2
2790,1794,98.177528,2
1091,1309,27.267649,2
2465,1587,25.896517,2
465,1583,15.203856,1
2191,1132,96.781517,0
1563,951,65.411949,1
316,14,72.767639,2
573,1277,75.166809,0
1834,1004,36.705502,2
1824,387,10.033270,2
313,722,47.959721,2
1084,1005,84.790558,0
568,2947,28.640669,0
108,1587,16.094545,2
1783,229,89.754753,0
846,2016,18.660357,0
2269,2922,12.806398,2
2902,246,99.098640,0
1163,2697,65.560547,0
454,435,16.813984,2
1550,1475,57.323090,0
2046,2604,0.078086,0
2722,1561,67.216873,0
278,1675,38.470879,0
1322,1158,4.429365,2
403,92,73.203224,0
1283,102,14.961469,0
1730,1787,74.687309,0
2875,1559,95.504517,0
1965,2614,51.176121,0
486,2589,86.238419,0
131,184,42.359058,2
322,2661,68.554787,0
2303,1524,97.678902,0
228,883,79.401642,1
1689,909,63.474976,0
1641,2111,3.971939,2
1071,1436,7.761847,2
44,1757,25.451616,2
1347,1753,95.575607,1
1725,1418,7.639605,0
2664,404,65.532310,0
144,1840,6.473007,2
1480,1252,3.743037,2
1149,1926,30.208307,0
2062,886,89.578003,0
1077,2488,56.710117,0
1326,158,77.085648,2
150,1827,93.459030,2
2123,2274,30.137856,2
2434,2129,15.991332,2
2409,2232,78.074890,0
2148,778,85.521141,0
867,710,46.848347,0
1521,2133,0.954298,0
2512,1117,69.073341,0
102,898,40.897507,0
17,1546,96.330910,2
1208,1741,27.120533,0
2002,1069,93.702271,2
2031,85,95.586418,2
1835,2992,50.393089,0
1238,867,26.302568,0
2404,406,26.420170,2
1582,1290,12.908301,2
17,2456,29.907366,2
1728,35,42.923370,2
1229,526,48.865131,0
2986,695,71.297096,2
1027,2811,93.850258,1
2500,1289,92.573235,0
2666,1880,88.303543,0
1750,118,17.495039,0
2853,1905,45.318336,2
2992,840,74.366806,0
881,1540,12.178648,0
2393,304,63.097740,1
203,2005,72.355598,2
1735,1218,77.264671,2
2282,1300,97.954063,2
2422,2231,72.250015,0
2987,2048,20.041035,1
1581,732,64.407585,2
2586,910,52.331997,2
1220,978,42.772625,1
1163,338,43.086147,0
2392,789,29.326097,1
795,1617,25.081150,2
580,179,35.701542,0
1837,232,12.232228,0
1735,53,68.527046,0
2471,1058,98.125809,2
735,1102,68.702080,2
431,1436,10.587553,2
2965,711,44.180595,0
1771,1111,46.260796,0
662,2428,92.777390,2
2695,2056,3.727766,2
2120,855,45.932899,2
2730,1823,72.250015,1
1462,2732,25.568253,2
16,1092,31.647707,2
1779,1517,13.778938,0
1143,163,48.181053,0
2483,2306,21.598249,0
2215,2976,49.167107,2
2884,2158,42.167130,2
91,1656,92.712524,2
666,138,93.760628,0
126,830,14.390009,1
108,2004,34.260223,2
1950,2379,40.027199,2
1575,2451,18.490337,0
506,2894,36.523537,0
1880,1882,4.412720,2
1973,2988,2.256105,2
333,1486,97.466988,0
847,8,8.398095,0
62,1398,51.914345,1
1491,847,63.274940,0
1396,2332,41.563446,2
455,643,67.943268,0
1304,2261,94.413780,1
131,2983,78.805702,0
1221,2335,13.652697,0
1685,2709,75.786507,2
2332,1277,42.077106,2
2352,113,68.798714,0
2364,1047,75.252396,2
616,1344,66.546875,0
211,1446,95.651573,0
1652,289,88.720810,0
323,1614,68.171486,0
2604,540,77.737503,2
1468,1074,69.071449,2
2232,520,71.530640,2
2879,1035,25.439350,0
352,1156,49.839474,2
2837,2613,14.896357,0
734,731,39.672459,2
2781,2381,90.408554,1
959,1242,59.754585,0
157,552,23.987226,0
1344,2921,10.248810,0
2061,1168,14.047308,2
1842,1121,41.737789,2
1797,1757,52.141182,0
1648,2503,91.030296,2
2665,1441,91.295731,0
2757,1878,94.136269,0
2121,2014,63.792057,2
2676,726,58.449421,2
1062,83,14.710795,2
2638,1030,68.992599,0
2214,2302,1.190261,2
2803,2779,47.015438,0
1628,2601,19.358082,2
672,504,65.696426,1
2895,729,90.108505,0
2674,1034,39.745190,0
218,2588,28.186277,0
736,1148,75.312355,2
1278,739,4.904837,2
569,145,2.774003,0
172,1232,39.455711,2
623,397,69.506027,2
1628,1693,48.382172,0
1503,497,38.049431,0
830,891,96.693047,0
2297,399,20.617226,2
1472,2038,87.085487,0
662,1493,4.410990,1
578,844,45.315395,0
2819,835,51.693401,2
995,2221,28.274231,0
2175,2147,0.308522,0
1049,1473,66.642296,2
1865,1591,84.435593,2
2037,2381,19.653961,0
1897,2331,7.948175,2
2683,2957,21.451288,0
441,894,3.300240,0
640,2640,56.127861,2
2699,2013,95.634460,2
2936,2762,4.656761,0
78,897,56.495800,0
1862,2723,38.029030,0
2814,1002,11.336438,0
2858,2299,86.208832,0
2591,2135,4.744484,0
2595,1767,27.887901,1
843,2432,54.199284,2
1793,182,98.443581,0
2978,1577,50.110523,0
716,1874,33.827206,2
1062,16,96.674850,0
223,2164,47.617668,0
2370,822,47.589493,2
147,1322,22.693306,0
1945,852,34.968319,0
877,65,85.457466,2
854,1863,18.797106,0
1122,166,20.850296,0
1594,1018,90.497925,2
1875,1415,56.517624,2
207,14,74.990654,1
2649,205,34.342091,0
1447,1318,79.463814,0
104,579,27.608789,2
2161,857,77.264671,0
1797,792,41.010017,1
1137,615,29.560972,0
485,1686,65.551277,1
2426,1567,58.992519,0
434,1086,60.924206,0
2125,883,93.773079,1
392,533,43.660263,0
2371,1107,2.210237,0
1828,1810,32.862499,2
29,2648,53.710331,1
2382,2956,72.369965,2
576,589,70.896828,1
43,1733,2.646518,0
790,1732,27.659052,0
1030,947,18.968159,0
2723,906,61.797783,0
2327,2124,14.508407,1
2251,850,8.204722,0
315,868,92.180840,0
2247,915,75.215889,0
1276,531,33.753872,2
282,1631,65.771866,2
2704,724,98.005806,0
1665,1462,91.233040,0
1479,2798,84.636124,2
462,700,31.380814,0
804,452,27.193262,0
2778,31,67.008049,1
259,2631,8.386631,0
2719,1595,66.936127,2
1602,2358,74.771790,0
2615,2158,80.810524,2
1169,2461,79.932800,2
2593,654,44.391018,2
2064,1849,2.869105,2
1136,1606,3.582354,2
122,218,16.375031,0
2177,875,61.527569,2
2311,1351,66.166901,1
1521,715,87.395309,2
486,975,89.970589,1
1109,2450,91.400261,0
1729,407,59.120392,2
1832,527,55.645832,2
2934,384,61.749756,0
2541,2958,77.343559,2
2440,775,46.497280,1
1504,633,75.952240,2
239,2817,41.150581,2
1187,2903,25.547268,2
2955,674,40.075539,0
398,1529,94.157730,0
2237,627,16.596962,0
2613,494,39.654758,0
341,2242,98.495995,0
458,2257,8.782778,1
1286,800,3.852174,2
1604,1012,22.140329,0
1144,581,51.038605,0
1903,2664,44.351574,1
1693,1106,50.669132,0
188,2240,72.136604,2
2755,2020,14.725130,0
951,1599,17.852163,0
2504,1874,85.230042,2
821,1418,18.802792,0
1632,2947,44.953163,0
391,1857,28.965042,2
128,2743,8.594804,0
2132,300,47.037380,2
107,339,68.846039,0
1343,2970,33.124336,2
2671,268,14.287173,2
2072,2213,37.383774,2
611,2277,18.555307,2
1238,1601,91.612511,2
2455,589,62.750172,0
1727,1497,23.477755,0
2494,841,39.448261,2
676,393,8.591684,2
1541,1406,94.424324,0
1319,184,10.851901,2
2922,1574,26.163183,0
663,1992,55.060661,2
1911,2277,70.900108,0
566,46,99.212456,0
902,1097,97.163826,2
1678,279,35.984329,2
701,541,92.434532,0
1782,2765,73.284698,0
831,640,74.562332,2
1369,439,56.494759,0
305,954,42.225655,1
2611,1795,54.757145,0
281,1812,15.955445,0
487,2200,44.570206,0
1190,545,5.902961,0
195,1287,30.009176,2
990,1371,77.561028,0
2136,1123,58.764874,1
63,34,21.722761,2
864,1903,35.394402,0
2957,6,32.488689,0
1139,958,14.719165,0
1252,1288,69.762383,1
2395,1955,48.313873,0
2371,2440,33.055199,0
904,1027,56.771420,0
1133,46,86.329590,0
556,1515,66.584518,2
550,1120,96.871490,1
975,910,3.194887,0
2263,1350,38.768459,0
2674,148,51.854630,1
1138,1859,29.768597,0
2572,1685,14.758906,2
751,627,54.690212,0
1331,149,59.686165,0
1534,1846,52.643051,0
68,113,39.809677,2
935,777,93.768272,2
2231,385,77.257050,0
1106,2345,69.335152,0
1848,1217,18.841608,0
1306,1278,50.015621,1
2587,2614,86.387466,2
2319,1775,94.142204,2
877,2670,93.535027,0
740,588,23.097170,0
704,2653,57.769939,1
446,879,74.741264,1
1432,555,69.794518,2
1994,1402,39.267536,2
766,2902,39.528427,0
1326,387,3.147328,2
1293,262,7.985507,2
1003,1457,10.371281,2
876,2212,28.321205,2
2995,2032,49.571285,2
1517,2447,34.880352,2
2329,763,92.217041,0
2624,2319,85.470535,2
928,2494,83.641670,0
2077,2896,55.593464,2
1485,2409,15.516895,1
2598,2230,89.037552,0
794,2551,8.477640,0
1174,2147,61.284519,0
2828,692,48.862568,0
1897,627,12.674534,0
961,963,9.443025,0
425,2752,75.999550,0
244,444,51.638718,1
1469,1056,8.965384,0
22,2283,31.189411,2
2389,1177,5.939580,0
1074,2155,82.205925,0
1182,2388,43.345016,1
2387,2824,56.816025,0
776,749,61.093826,0
1277,1811,78.977341,2
2805,473,73.889381,0
2680,2558,47.316574,1
637,2322,95.508034,2
325,633,41.226936,0
1118,678,89.717529,1
2608,2600,86.755295,1
1900,920,91.620346,0
611,2622,13.842268,2
2005,2843,51.031158,0
1058,1280,57.044071,1
992,846,34.758312,0
1303,2273,64.212608,0
109,2842,96.525581,2
2340,2966,88.985352,2
518,1494,90.502060,2
1661,2585,93.678429,2
1808,1971,26.571146,2
2992,2555,91.560501,2
2094,865,43.531864,0
1715,1260,80.476288,2
1192,1401,49.200783,1
1712,1237,12.082018,1
1710,2391,71.582916,0
1121,2287,7.549040,2
271,2449,7.248181,0
2383,2690,65.850067,0
2191,660,38.331245,2
1129,990,72.944984,1
2319,190,70.984016,0
1593,2436,52.108616,0
2695,2372,27.795341,0
722,2501,46.887955,2
1700,1834,93.580925,2
1547,359,44.815517,0
1191,2783,2.883369,2
476,482,99.031464,0
2207,1713,99.216843,0
2723,262,55.155022,2
2250,1013,78.190559,2
2689,2882,53.861244,0
1723,937,2.259408,1
0,326,62.750172,0
1604,1818,99.287109,0
2731,2442,88.433846,2
2711,942,25.758430,0
2214,171,98.867744,2
1858,2207,16.229147,2
340,427,86.859383,0
1436,788,64.583893,0
2275,1855,43.249134,2
1973,2612,67.008049,0
1733,1921,92.581703,1
1346,756,96.403336,0
1781,1138,97.375854,0
422,132,88.157700,0
1846,42,42.378471,2
987,2550,53.093685,2
1423,1811,34.084728,2
1885,2855,94.642677,1
2736,1585,74.756744,1
2463,2189,42.615963,0
455,2560,85.113106,2
2136,2550,39.152470,2
392,2589,18.751112,2
473,1908,20.185057,2
1559,2678,91.132500,2
1400,1247,80.061432,2
1292,226,82.166374,0
1237,694,96.264076,2
866,1697,89.075203,2
816,698,54.831081,0
2025,738,48.353951,0
1407,1881,65.376991,0
2226,2472,99.193420,2
147,2427,99.834854,2
152,794,74.380348,0
2491,1971,20.262583,2
281,788,77.812210,1
1269,632,13.778938,2
2367,2830,53.669853,2
1646,2439,31.184668,2
1417,299,64.882896,0
1428,2210,27.787748,0
903,1693,47.790668,0
2178,247,23.107344,0
675,2497,56.654442,0
923,2089,0.197349,0
1458,48,63.038803,2
813,471,27.528135,0
336,31,66.513580,0
1612,2053,71.805687,0
2711,1007,40.301590,0
1069,2780,23.436522,2
1918,846,26.309507,0
1022,547,78.485764,1
2497,659,60.545864,0
2220,1888,72.466370,2
2774,365,37.529800,0
1857,672,11.321205,0
1473,2589,10.575185,2
1237,625,95.383972,1
1313,533,26.515474,0
165,2133,61.905437,1
912,2251,31.068754,0
1823,1699,48.914616,1
1723,1146,29.932821,1
2507,2286,12.822687,0
2531,61,99.340195,2
2142,2797,54.596222,0
2458,2103,3.645915,0
22,2726,19.151848,0
2630,2653,81.900574,0
2332,453,58.777386,0
943,477,7.621157,2
376,1098,47.631111,0
1377,2464,71.447014,0
2867,762,78.383362,0
1439,2676,21.294670,2
894,628,59.607742,0
2087,95,82.057159,0
760,671,20.971569,2
2508,2900,8.038686,1
2495,1820,75.454506,1
2324,303,29.933058,0
1206,206,58.725513,2
49,2706,97.699814,0
887,2825,48.432983,1
346,1811,5.200575,2
1391,1576,71.530640,0
1782,1154,36.307106,0
2161,2774,70.704178,0
249,1280,19.361469,1
1562,1509,25.724606,2
2019,2694,62.605640,2
2738,1058,95.911957,1
366,514,51.255749,0
2134,304,49.857449,0
594,2058,91.136284,0
2822,1106,22.858013,0
2084,2402,56.966827,2
1969,961,34.619934,2
650,2753,23.967825,0
392,2843,72.099297,2
324,2849,87.369774,0
251,924,55.973843,0
542,406,63.349754,2
2111,397,78.597023,2
725,1068,60.793293,0
1027,1121,51.190399,2
479,1537,1.172314,2
2727,76,41.299030,2
2019,1328,76.914131,0
2320,1813,99.418282,0
2103,264,89.892563,2
879,1903,56.127861,2
997,2748,39.861176,0
156,2570,82.738708,0
996,1570,17.642546,2
2093,1219,91.584229,2
1219,2557,61.530167,2
1969,57,66.183388,0
2172,2036,9.325909,2
874,953,59.033028,2
1720,283,78.898788,2
228,973,69.854164,2
1324,445,23.327423,2
1781,2100,29.322252,2
2581,2046,8.881799,0
2932,1741,37.303188,0
277,935,53.982418,2
372,1852,81.727608,0
2598,1864,75.121460,2
1812,62,86.872559,2
1399,255,43.632107,0
16,813,59.120392,0
262,902,41.567062,2
420,667,30.521643,2
993,2271,49.765289,1
1217,1261,7.858431,0
842,2357,23.229568,2
2842,2137,93.809578,2
664,1764,65.805031,0
1262,878,14.753565,0
2457,380,48.745293,2
2764,2679,56.536831,2
2544,2492,70.939232,0
574,1260,4.778372,2
2133,2416,78.678154,2
1029,446,98.071518,0
2960,2391,1.735949,0
896,786,8.218294,0
991,1269,10.578729,2
1343,2063,54.322311,0
2274,1596,20.928648,2
583,420,14.355965,2
1548,1274,95.481430,1
2107,2206,34.728828,2
1912,2509,49.412952,2
2559,2322,42.260544,2
1561,1836,9.204111,2
901,1962,62.267109,2
594,862,40.347202,2
2290,1259,43.301758,2
2831,2770,92.238655,0
2583,2919,86.723396,1
2384,1623,65.120605,2
1688,957,48.750252,2
2653,269,75.603203,1
1254,1125,22.170187,2
504,698,82.609718,2
724,2634,96.493675,0
1596,2628,92.411606,2
741,681,52.798882,0
1089,357,25.946951,1
1620,2626,65.954910,1
2572,2664,52.973022,0
1079,1940,53.906578,2
2613,667,64.351593,2
2060,2386,70.751312,0
1649,1033,2.919970,2
2051,1237,43.695183,2
1817,1346,6.382926,0
2053,1403,90.625732,0
1904,1149,53.982491,2
1209,2659,69.823570,0
1414,598,64.862671,0
132,1100,33.265823,2
2853,317,59.680759,2
231,1175,37.570938,2
955,2461,47.162006,2
2991,1641,13.533915,0
79,38,65.907982,0
2667,964,16.308325,0
2389,2337,47.938049,0
2069,656,77.248299,2
1268,138,94.309402,0
664,2387,54.262688,2
585,2010,84.535934,0
536,2320,51.435040,1
876,2977,18.060244,0
2143,2670,48.394444,0
962,942,1.079757,0
2250,1795,16.038366,0
35,2491,48.683819,1
1328,892,7.171393,0
1928,1377,63.517712,0
448,829,24.393950,1
444,2120,44.479843,0
908,633,61.309517,2
2543,2464,88.518219,0
2250,2466,96.093781,0
1689,2774,75.881073,0
1920,2412,42.475903,0
1166,460,52.400642,2
898,1554,90.673378,0
2735,2790,42.359058,2
2141,2251,64.985207,2
2078,2304,62.941944,0
2759,1644,75.736359,2
2890,1267,78.055351,0
2411,2743,40.300034,2
2579,479,72.512825,2
936,2500,73.146507,0
961,1642,80.958748,0
2604,2730,32.466019,0
2090,208,68.233917,2
94,2012,32.489967,0
605,2262,2.883369,2
2338,2260,43.406357,1
2938,623,1.864106,2
2948,2069,20.206089,0
2129,2954,34.836815,2
1356,1884,86.685410,0
2595,1864,64.527618,2
1510,2560,92.436729,0
1827,957,61.609406,2
2867,1724,59.621487,2
149,2735,12.264513,2
605,1110,53.072392,0
1592,2256,71.533989,2
1251,2626,6.833342,0
1414,2681,36.220352,2
1069,2779,69.030838,2
1606,19,75.973167,0
2742,2964,87.416168,0
311,1632,96.371666,0
338,453,6.465642,0
975,1427,68.198616,0
1308,2785,3.971939,0
1221,2211,94.649826,2
994,1788,2.582706,2
973,1031,43.355946,0
276,868,17.206661,1
860,1252,9.043540,0
1922,2382,93.835678,0
1801,1695,39.169464,0
602,1595,14.886806,2
2880,728,24.043818,0
1778,2178,65.904480,1
1543,2155,69.506027,0
2858,1144,93.479057,0
2399,2876,60.747349,2
1118,2130,41.572903,0
1766,285,54.068047,0
2338,378,79.769386,1
943,2392,80.876045,0
44,1487,35.712299,2
1703,1734,60.373917,0
1429,660,78.440002,2
736,1117,40.405266,0
1716,1931,85.634399,2
2034,1482,52.380810,2
568,1911,11.270951,0
1857,1190,38.229061,2
133,1599,76.688545,2
141,1189,27.518068,2
1140,2732,67.268105,2
2957,2921,64.944283,1
1503,1023,42.947102,0
1127,1824,14.261618,0
955,2273,21.327051,2
512,30,31.807629,1
2522,53,25.760288,2
1643,531,30.740210,0
1204,442,78.190575,1
2196,2387,60.616184,2
1022,2105,95.905945,2
608,2111,45.555767,2
2819,2618,61.350254,0
440,1430,89.167686,2
1711,1352,84.437462,0
1270,2978,2.147440,0
2052,2583,25.439350,0
1006,2890,30.178572,0
62,636,49.828403,2
1313,739,47.392570,2
535,1984,99.694557,2
1008,331,69.940483,2
1677,823,47.697044,0
2483,78,12.081690,2
1176,514,51.705395,0
2966,243,77.380867,0
721,131,59.694786,2
551,2998,72.661201,1
1100,1281,80.100609,0
2030,869,84.582153,0
2857,1381,71.899666,0
1993,161,77.911469,2
2066,2102,92.630486,2
1353,682,95.550323,2
1699,2718,28.160263,2
2050,634,7.431599,0
1276,275,21.853609,0
1696,1119,45.190186,0
1767,1065,46.018471,0
695,194,49.004364,2
2624,1789,5.851565,0
672,195,25.628922,2
1867,1087,20.730961,0
388,2915,14.193168,2
2238,850,56.372562,2
2156,793,86.858185,2
1453,1243,21.709387,0
824,1712,52.256325,0
181,2041,83.620552,2
1367,1561,54.533791,2
868,2805,67.658134,0
2753,552,59.056732,0
2169,2882,18.289225,0
43,2278,62.012104,1
1864,135,14.287173,2
1997,768,66.027138,2
887,2025,40.183456,0
1782,514,99.283226,0
648,1463,32.064873,2
2392,1141,3.025801,1
2422,2052,14.174891,0
2756,1314,77.999947,1
1136,476,17.597519,0
1744,2364,20.520578,0
2415,1367,46.254818,0
2080,1873,53.709312,0
610,170,47.964474,0
39,113,69.957458,2
1865,2363,71.965523,0
863,303,73.697098,0
2738,1688,65.572342,2
335,986,43.001842,0
132,330,2.519617,2
546,2392,99.808411,2
872,2307,43.509647,2
1219,367,42.257885,0
795,1123,82.557526,0
173,845,95.199341,0
233,1294,49.641479,2
740,150,99.659042,2
2477,692,18.951157,2
2972,821,40.141479,0
1246,1824,43.463051,1
1264,1616,3.167960,1
1147,997,29.761030,2
538,2321,49.268345,0
462,240,10.761182,2
2972,1850,92.346291,0
113,2924,66.770302,0
538,1580,86.015411,2
2974,164,3.852174,0
225,39,17.193483,0
407,2066,89.561867,2
2986,1540,81.875671,1
392,1861,21.851746,0
975,922,71.855034,2
1122,2172,16.927881,0
2449,97,91.646461,2
2824,1904,47.761436,2
2662,1609,4.043952,1
1943,2845,87.232567,2
1639,91,38.854603,0
935,1466,61.158882,0
2585,407,90.951820,2
2551,790,42.305458,0
2138,691,59.681950,0
1131,378,11.927357,0
447,610,70.583939,2
1992,1495,97.708580,0
1706,1936,41.402733,2
1652,1197,17.907738,0
2695,1126,56.242863,0
1727,104,13.052533,0
33,261,50.900002,0
2241,1159,10.614284,2
164,1071,56.965973,1
1551,2336,96.368164,0
895,354,50.094631,0
442,2452,16.955349,0
1858,78,54.611851,0
366,28,56.133236,0
2583,880,49.341713,0
1801,1943,89.161446,1
149,1849,81.517319,0
2801,1920,45.148178,0
2228,2040,40.602295,0
1196,2604,20.078432,0
2190,1236,43.086147,2
614,2183,21.525770,0
541,1465,12.252897,0
1145,1876,81.536263,0
2486,1815,97.641884,2
2018,984,21.630880,2
2637,2628,48.369198,2
253,807,89.736908,0
1361,1036,84.525101,0
244,2341,13.930578,0
470,2366,71.721748,1
148,201,76.835922,0
1149,1850,15.959934,2
2509,2366,25.945759,1
2460,568,52.599915,0
864,1857,58.194530,0
2575,362,67.663017,2
1194,634,66.559898,0
2545,1084,28.977943,0
1970,1580,1.504081,2
2742,1978,44.003139,0
2359,884,57.115238,2
438,721,20.039251,0
894,791,81.107185,2
268,1759,75.262489,0
2298,2886,91.692001,0
802,2301,51.721436,0
234,262,18.494307,0
2529,2663,6.537434,1
965,1118,21.483074,2
2863,154,47.139931,1
1041,341,64.898163,2
1952,1579,38.155392,0
640,927,17.844894,2
2727,960,33.170475,0
600,305,81.969696,2
232,199,80.851234,0
2999,1453,8.370750,0
280,1800,92.895134,2
2402,561,51.183895,1
2981,2557,88.339310,2
1181,1102,74.371445,2
977,1720,62.539234,0
992,2128,90.338593,0
2219,746,47.134930,2
2996,2511,91.212708,1
721,1809,59.843971,0
999,681,17.783157,0
923,2434,26.331892,2
33,1800,2.610953,0
1973,2968,88.016747,0
2823,2120,72.069954,0
1703,1716,1.691793,0
796,1765,89.226143,0
1486,792,40.985184,1
2766,988,21.543283,0
1731,1022,75.575272,0
2677,2064,43.197376,2
187,171,46.630852,2
401,2010,17.684469,0
1245,2114,22.877066,0
193,2638,97.784782,2
736,2973,91.400261,0
2001,2847,85.270203,0
2665,1102,9.780979,2
977,2139,35.141579,1
135,1309,22.333576,2
1281,615,1.480307,0
947,608,69.918480,2
1418,119,74.920464,2
1579,2048,9.437701,0
2526,2063,89.594032,0
2734,2805,51.411537,2
1497,1321,28.969833,2
2604,755,31.256365,0
112,546,17.929897,0
1162,1252,69.486588,0
797,1274,30.707024,0
2723,2986,86.077209,0
874,971,27.571112,0
1840,1627,65.297203,0
2877,2753,79.672752,0
87,1450,3.226656,2
2617,1205,55.554367,0
2268,1016,2.895954,0
502,1239,44.645817,2
2854,1000,80.904808,2
1483,1590,42.491425,1
1631,1112,46.725399,0
916,98,25.471701,2
188,1975,39.059917,2
1973,2701,27.276651,2
2888,2619,60.774120,0
1624,722,84.610489,2
2890,2288,83.553246,0
2298,2552,19.774702,0
2836,889,14.839722,2
1127,935,91.442841,0
146,980,25.676931,1
1515,1274,44.128048,0
2701,1634,38.880726,2
1596,78,89.728409,2
1715,1657,12.187208,0
2318,2092,98.975388,2
2209,2019,68.661583,0
28,505,41.597435,2
2588,218,22.835348,1
387,501,55.006680,2
232,2296,53.931431,0
1736,2473,50.660965,0
1619,2937,68.756226,2
2148,1298,25.841051,0
1417,268,91.954956,2
2242,986,21.722761,0
164,2852,40.584751,0
2026,2418,96.967232,0
2245,627,51.714314,0
198,1711,99.960892,0
2045,2057,11.809206,2
1252,2667,97.516518,0
989,1027,6.354160,0
888,2492,97.261925,0
2741,1959,8.619653,2
1387,1617,79.767380,2
355,1687,73.597809,0
1494,1609,31.261322,1
816,29,52.449490,2
2834,225,55.452686,0
54,1091,51.923996,2
2154,818,21.172434,2
130,2561,21.407528,0
1706,2121,65.317444,2
2818,2671,43.711899,0
667,2932,34.769337,1
360,2081,22.832626,0
1652,1757,8.656390,2
22,2408,29.544199,0
1580,2308,28.594976,0
2156,1556,75.079773,0
246,2094,18.585503,0
1332,2793,6.892570,0
1645,653,82.294212,0
1600,1904,8.080435,2
272,2197,4.380755,2
166,488,96.131981,0
1913,1784,28.905760,1
2485,1829,72.273621,1
2666,1158,89.682526,0
135,60,50.188187,2
1948,379,48.574917,2
841,198,96.295776,2
2728,1585,58.907204,2
348,2010,80.112091,0
846,308,63.944038,0
2774,2014,9.572965,2
36,589,16.157478,0
2629,2113,98.367249,0
2444,2701,64.976089,2
2096,2510,62.079376,0
611,2392,62.926075,0
2612,2240,14.042148,0
1325,820,74.111771,0
696,960,46.088741,0
1500,1114,98.695549,1
2985,1182,0.981470,0
1554,120,87.429169,0
1875,1063,8.450205,2
26,2446,52.474953,0
802,2375,10.173157,0
1205,2806,77.860550,1
2059,872,85.714355,0
1606,937,58.803520,0
1491,2203,96.760147,2
1948,350,63.580170,0
1699,1915,26.830948,0
2626,2777,49.395302,2
2161,2367,97.109062,0
1000,1162,7.171393,0
1393,55,16.845163,1
1851,2637,73.474335,2
1347,387,31.089327,2
2940,698,40.939705,2
1313,2905,46.174580,0
793,2750,33.570293,0
2762,1202,37.287685,0
1434,2995,37.437340,0
916,1907,66.729561,2
2527,1839,46.094746,2
522,2848,23.110804,1
1589,214,82.527977,0
571,911,56.442188,1
2369,24,49.268345,1
989,1758,19.314592,0
1887,493,59.824814,2
995,1067,66.946419,2
2844,1777,66.024765,0
2878,895,24.825268,0
1290,207,74.891991,1
607,1554,87.352715,0
2869,1408,35.314880,1
2029,2024,67.407921,2
1417,50,36.396557,2
585,2581,83.246658,0
2384,2181,79.282883,0
477,2761,54.186962,2
657,1235,21.593906,2
1214,2333,73.646133,1
926,1025,15.305852,0
1789,440,89.262856,0
2966,1250,6.115968,0
1415,2477,25.353958,2
2145,2501,58.106167,2
1164,1361,43.168888,2
1650,1266,15.051961,0
568,1831,62.614693,0
2265,1965,89.881516,0
1707,2104,91.992462,1
686,785,50.806736,2
2831,1796,99.343628,2
2597,1887,29.258846,2
2998,864,4.732649,2
201,2313,18.665186,0
39,445,26.928375,1
1330,1342,3.109892,2
2599,559,12.363463,0
2255,2639,94.563759,1
277,1246,83.791634,2
1918,846,6.252504,1
1880,2191,69.251564,1
1158,390,36.568260,2
294,713,84.908188,0
1186,1604,17.703081,0
2273,2656,23.831030,0
502,2645,89.712112,0
1946,963,39.365120,2
1116,2765,54.955921,0
2550,1158,84.274963,2
1329,1032,68.034248,2
210,265,39.218235,2
527,1596,64.564262,2
178,425,5.823422,1
281,1814,6.537434,0
1504,2984,88.788483,0
2417,651,84.334961,2
85,740,96.093781,0
2276,1729,19.569269,2
106,2581,52.556168,0
2900,910,64.455284,2
2092,416,64.020119,2
1205,1621,61.551952,0
1370,627,84.700745,1
2521,1095,81.055038,0
115,2223,35.783417,1
2341,1165,85.848267,0
1878,888,7.760630,0
2162,297,51.259537,0
2010,1859,52.550282,2
1523,153,55.940327,0
1748,2430,63.564747,0
2353,914,54.455532,2
1310,2633,84.471794,2
2315,2457,47.947895,1
1956,170,14.478952,0
870,1880,57.020039,0
2043,223,2.152228,0
1884,1765,61.796951,2
2922,39,79.999878,0
2845,83,61.708588,2
1178,820,80.073174,2
1135,1256,81.436943,0
1009,254,51.496693,0
608,550,65.420021,2
1779,827,88.200974,0
1761,425,83.418419,0
799,1067,65.007744,2
1723,731,53.780910,2
1669,50,66.402283,0
1435,1640,45.815727,0
2315,306,13.515430,0
1296,2101,59.814350,2
2548,1426,66.975960,1
1597,1272,74.511497,1
2371,14,12.027959,1
1294,2959,95.099457,2
610,1355,53.942841,2
2969,1070,16.368076,0
2894,2940,74.772385,0
2641,2641,14.812710,0
1433,1555,71.682144,2
523,2009,75.653725,2
1768,1665,12.150295,0
1944,951,80.932266,2
861,843,48.209179,2
543,1760,29.846720,0
2654,2409,98.401352,0
1418,1301,3.508919,2
2371,1500,41.606682,2
444,765,8.308777,0
1985,391,9.589000,2
1871,1025,78.939461,0
204,1009,32.645374,2
230,2961,42.171520,0
673,1980,49.422077,0
1952,221,73.314018,1
829,2432,96.364845,0
1846,2789,23.478470,0
662,2631,72.874107,0
393,2324,79.114090,2
1621,2341,17.802185,1
1378,2110,33.522221,0
318,603,80.822411,2
2919,2516,92.954231,2
1184,340,65.102562,2
199,826,13.867203,0
563,2370,52.162075,0
2167,2976,92.585449,2
2884,1692,24.817364,2
2578,849,10.371097,0
912,1031,20.850296,1
2330,2034,61.321419,0
1774,111,96.156448,2
895,1741,16.732698,0
996,530,47.694248,2
2721,910,66.554153,0
723,1269,54.369213,2
2852,1925,27.035261,0
2411,480,97.526550,0
897,2543,75.405998,0
2887,2392,66.522575,0
1369,1459,81.273300,2
301,1231,98.469131,0
541,610,55.645832,2
325,1187,45.361076,2
2675,2018,58.384998,0
2247,125,72.512825,1
788,1699,56.734600,1
2393,2861,78.034508,2
2636,2281,78.170448,2
964,2046,91.646461,0
2203,89,76.736778,0
2593,907,4.709552,2
1774,870,22.206255,2
2791,2619,72.781097,0
1749,243,53.958908,0
1523,1532,62.102951,0
169,1367,60.025997,0
560,1258,65.889755,2
365,1062,44.273106,2
1503,2477,83.837257,2
1658,235,64.950081,1
421,1601,15.704925,2
1676,1477,69.509598,2
1009,804,71.007309,2
901,622,55.498688,0
990,74,37.089340,0
644,160,75.937553,0
2404,2196,74.520416,0
1637,631,79.795227,2
2412,2855,5.461148,1
2,2526,39.061081,0
2294,2314,30.221146,2
1707,511,71.421410,1
2985,480,70.358475,2
2554,2096,5.150864,0
2567,300,77.329575,2
1804,1275,51.082706,2
28,2426,11.159066,1
1096,2457,74.461220,0
1728,301,44.476189,2
2901,1535,7.724324,0
2187,401,57.067753,0
2915,403,51.728344,0
366,340,76.777397,2
2886,794,99.030907,0
2233,2021,67.435387,0
2481,415,41.737789,0
830,1594,56.981552,0
1016,489,52.475765,2
2391,1670,9.058045,1
1800,1671,87.746368,2
851,1591,8.052088,0
883,1638,14.026824,0
2532,125,49.098766,1
253,742,37.466251,0
772,1589,26.398180,2
358,1236,4.727342,0
956,97,52.439171,0
2165,838,53.739075,1
824,794,91.631165,0
1063,242,93.912666,0
1264,1287,0.772974,2
1749,964,61.936123,0
2079,2684,4.025430,0
803,228,67.854904,0
918,1331,41.601627,2
2149,1934,22.540962,1
269,2239,82.527977,1
2912,1740,73.813011,2
2895,2571,9.699501,2
2639,2657,60.987141,0
831,2952,60.769661,2
2299,2190,80.365074,0
885,1229,35.676453,1
1410,1022,82.320122,0
140,2388,74.531326,2
1221,2566,22.538795,0
2922,2323,97.253838,0
918,1722,58.166069,0
1890,2006,75.874344,2
502,2467,17.929897,1
1394,435,24.355417,1
1248,2324,29.555614,0
1495,713,22.119886,0
2790,2342,11.797843,1
1358,1356,35.031204,0
81,707,57.871227,0
624,684,41.035225,2
2584,2684,68.474396,0
689,2881,44.265472,2
2548,1735,67.002472,0
1798,80,1.172314,1
1464,1293,73.941078,0
713,354,90.660271,0
2112,565,6.348116,0
676,1288,19.751186,0
530,2143,97.163826,0
779,726,81.969696,2
1448,853,14.702940,0
1326,459,23.856724,2
2583,969,64.828995,1
2625,2215,64.131348,2
1247,1364,38.880726,0
2057,988,25.377434,1
2978,488,28.584929,0
852,2434,72.034988,0
320,569,3.348774,0
1333,11,44.869877,0
2781,631,56.264889,1
766,2393,43.926373,0
1495,957,33.865177,2
947,2550,93.043221,2
2078,588,93.512024,0
214,2611,61.979942,2
2046,670,75.929039,2
1594,2092,13.416766,2
1988,947,23.845961,2
1012,1359,77.317688,0
2283,823,18.625830,0
2337,1547,36.015308,0
805,965,97.774879,1
2878,1480,94.758423,0
159,1334,80.250557,2
650,2218,53.551697,1
1391,747,77.645546,0
2353,299,84.767731,2
420,1877,78.179192,0
551,1739,51.963409,2
2019,1569,32.890438,1
2176,2173,77.186920,0
1682,1909,30.337357,2
1777,457,59.741138,0
1444,430,18.498516,2
2517,1931,55.873730,0
1099,976,64.745102,0
669,1659,49.166443,0
1418,892,46.817482,0
825,1401,25.938843,0
2446,1749,72.822273,0
1126,2693,50.041199,0
1511,1010,25.679306,0
234,927,68.181549,0
390,2207,44.691105,2
1749,680,68.685707,0
2183,2085,60.430458,1
1967,1591,59.831959,2
843,866,17.445967,2
1659,1962,29.273930,2
2377,1806,74.246674,2
209,1597,9.889762,0
2374,162,2.635719,2
226,2101,18.465605,2
115,414,71.165443,2
159,380,23.120106,2
969,291,79.837921,0
2496,1352,13.724592,1
824,1194,74.445351,0
1949,1776,39.442146,0
1742,1402,33.176693,2
1241,2254,52.952351,0
2791,2807,35.720493,0
2987,1614,37.200634,1
2334,2369,98.893005,0
1961,1304,36.698936,0
171,2080,37.484901,1
2393,848,88.307877,2
2949,718,47.691513,0
504,2375,36.709080,1
1790,2361,4.590662,0
2222,2334,29.077553,2
1392,1003,89.834190,0
2921,1088,37.702579,0
854,1700,58.316483,2
2515,564,50.079937,0
1150,2944,12.456553,0
1016,7,61.694004,2
1726,859,35.834221,0
500,1186,58.449421,2
1235,1248,77.901932,0
1903,1315,32.279282,0
2768,1888,18.983461,2
839,1512,44.022125,0
766,2944,24.890419,1
2204,1163,20.439611,0
2868,1993,6.523620,0
192,1570,31.138294,0
623,708,80.391281,0
2855,583,48.844574,2
2588,223,25.255730,1
637,2919,23.495293,2
1285,2070,8.746167,2
2117,1170,78.252129,2
2385,626,89.123360,0
2098,1935,69.625122,1
239,172,67.360115,0
1352,1715,25.876522,2
1795,2953,19.128660,2
2594,1831,94.432800,2
1862,2383,42.388176,1
2153,2742,35.001831,0
1534,391,47.633007,2
688,1886,80.689140,2
2793,285,34.408825,2
2465,952,95.842468,2
1989,2239,29.768597,0
2001,2789,98.598106,1
1790,2443,75.394005,0
2695,1955,87.639755,1
917,2115,68.233917,0
1644,2352,20.776321,2
519,2804,95.412086,2
655,383,77.424377,2
121,2656,81.410004,1
764,399,57.325817,2
883,901,81.143715,1
1323,2738,51.506985,2
117,714,11.019148,2
2277,328,59.758469,2
1604,2049,1.153339,2
237,2475,48.877678,0
2963,2695,53.579624,1
617,1521,38.365921,1
183,1243,54.687035,1
2410,2114,71.631691,2
413,2029,1.098370,0
654,2541,37.838787,0
2427,2250,49.609516,0
2847,1073,20.763958,2
1178,1160,68.668716,1
2061,269,74.673813,0
300,2032,94.393242,2
672,1124,63.824074,2
496,2599,85.645416,0
2555,227,11.253750,2
1725,2723,20.779575,1
876,880,66.318306,2
448,967,52.201694,0
2738,2560,46.488277,0
2315,1554,25.345623,0
2586,2417,27.196150,0
1114,645,16.877584,2
2337,338,47.643112,0
1808,1601,14.222767,0
2737,981,23.630396,0
2916,72,32.684258,0
2966,1252,2.163754,0
1422,1468,43.848965,2
1880,1946,80.263199,0
2851,2500,20.996883,0
1649,975,89.642998,2
2327,2866,95.199341,2
966,2079,15.109883,0
2667,1860,91.996864,2
475,2200,18.155846,2
167,2129,96.421539,0
875,2980,53.045734,2
706,1666,65.249397,2
991,1693,62.618080,0
2445,492,89.732048,0
1377,1370,71.137337,1
2450,650,40.485016,0
284,1275,66.479378,2
991,1148,28.214048,2
2797,2146,61.893425,2
1748,1692,31.236721,2
834,1529,58.681202,0
596,625,78.564575,0
1294,1352,66.912964,0
2197,2332,51.544193,2
590,726,73.780777,2
343,2753,13.695159,0
1669,2522,48.757423,1
643,45,47.966560,0
2742,1217,82.057213,0
162,1248,35.495857,2
891,1320,16.697731,0
1044,381,71.379288,0
233,1601,60.405048,2
996,1789,13.724157,0
679,1376,66.150223,1
814,2276,77.108635,2
1908,2309,67.935577,0
2397,2918,49.687294,0
577,283,17.102610,2
2668,2108,34.467442,1
66,2815,85.013496,2
1839,2962,85.227242,0
2791,1324,95.668556,2
2335,341,3.471132,0
730,1185,36.680000,2
939,1088,43.802334,2
2570,1096,50.565170,0
1783,1943,7.786504,0
1338,2171,26.281969,1
621,2703,36.922947,1
1113,2419,13.793899,2
2085,1522,74.209518,1
687,1289,11.033256,0
497,2689,89.251923,0
600,2139,7.116937,0
1305,251,78.501801,0
160,2378,74.776596,0
221,1143,64.887009,0
2252,2795,3.941480,0
1199,1167,20.685686,0
2482,2386,18.066338,2
1683,743,69.507118,0
2936,1321,94.203743,1
1465,1961,56.481396,2
669,1402,86.308624,0
1262,2567,77.998726,2
2897,1654,70.681129,2
703,504,4.580153,0
2947,194,76.133278,2
1155,750,21.776934,2
986,940,16.006096,2
362,2151,83.890739,2
528,714,5.699836,0
1079,2412,69.105347,0
2124,1693,28.645599,0
379,267,72.661201,2
1504,1232,66.883911,2
2303,1211,99.688255,1
473,2677,18.647837,1
2146,2834,94.802551,0
241,2139,10.401381,0
2454,2685,82.436775,0
2729,1595,25.870249,2
2207,374,18.066338,1
1350,1007,14.214550,0
2352,1214,34.962807,0
603,2436,7.269814,0
400,2788,85.806129,0
1561,2339,25.948868,0
2790,1552,73.360329,0
666,2904,87.782707,2
607,1793,30.205952,0
2623,191,3.331873,2
2210,1819,62.953735,2
1006,2103,24.830793,2
1333,2155,8.724219,1
89,207,2.323416,0
1304,1310,76.909874,2
2243,2635,82.516998,0
1598,1360,75.781639,2
1879,302,60.639660,2
1605,196,12.258933,2
2985,2804,26.455832,2
1591,835,29.869633,2
2268,1503,87.846306,0
921,2669,33.425392,0
133,123,66.119102,2
1639,829,27.964788,0
453,1038,49.609516,0
63,813,1.934243,2
2407,1798,39.564083,0
2594,997,19.926140,0
2789,856,47.270214,2
596,1725,92.255180,0
1507,829,52.736076,0
2907,235,92.227348,0
1179,2558,48.584511,0
2186,183,40.853088,1
2633,2252,72.294106,2
2413,2023,97.152550,0
2766,1369,52.263985,0
1713,2984,89.331848,1
1663,2252,74.284225,2
2798,1909,57.258835,2
1979,627,48.620670,0
2052,2561,16.565228,2
1583,2613,16.058195,0
495,1947,23.269388,2
1892,2409,32.585754,0
2436,105,83.635406,2
875,2701,39.933777,2
1732,1161,73.166901,0
2244,958,0.285378,2
2153,2864,8.867807,0
2550,1837,19.543573,2
1110,2632,69.354340,0
63,1851,2.282827,0
2966,594,71.061951,2
2146,1508,63.508179,2
2008,2298,71.406845,0
1235,2772,15.511864,0
587,1629,33.590572,2
77,2414,85.941238,2
273,2534,88.422356,1
2456,974,95.930786,2
1322,590,44.033997,0
2900,1280,69.084755,0
2105,400,46.908264,2
1889,1863,75.695778,0
1222,1936,33.331093,2
1817,2737,23.823715,2
1953,182,23.343464,2
2134,2161,88.200974,2
1642,1683,34.178921,0
2770,2970,99.436424,2
2101,2327,30.217779,0
1781,1798,1.276399,2
228,1021,43.832455,2
1755,2105,2.610264,2
1719,1076,82.058937,2
757,2992,62.067852,0
1731,451,4.409750,0
2067,2435,93.373787,0
2079,1497,60.819080,1
800,633,92.474983,1
2055,689,95.097786,0
2766,1169,53.844559,2
1750,1393,53.988567,2
2126,959,43.414989,0
2928,2496,64.799370,2
966,406,44.536045,0
2649,672,75.839272,0
2230,2918,0.653722,0
2695,295,97.016891,0
873,827,80.814445,2
1419,2533,11.974951,0
2497,1068,13.544632,0
1124,516,96.766594,2
101,2828,67.724838,0
1843,2441,49.857449,0
558,2090,76.645309,0
2591,1292,85.468460,0
1305,154,90.348244,0
833,206,94.222412,0
937,2856,14.336860,2
2433,1583,1.694816,0
1011,891,23.362333,0
1525,2253,53.862820,0
2928,152,43.060337,1
2559,2248,41.982624,0
6,971,21.718342,0
2666,2997,79.808197,0
1631,1729,65.598763,2
492,2314,76.536835,0
2539,2653,28.151871,1
1504,471,67.020393,2
647,470,78.899582,0
584,2317,51.758015,0
1385,972,63.827518,0
1709,410,31.731117,0
1556,1018,10.526036,2
1517,1311,25.326866,0
590,1792,53.710331,1
1272,1205,20.373287,2
2971,157,1.501857,0
2556,2850,55.379108,0
328,2157,25.833176,1
789,2354,49.857449,0
259,220,89.262856,0
2734,2077,28.425356,1
924,761,25.697222,2
1947,819,43.481750,0
325,600,72.898254,2
2171,1050,30.496256,0
1303,838,25.074858,0
2490,1515,54.362328,2
640,1850,43.521141,0
2657,365,51.191795,1
2299,48,57.044071,0
2672,749,36.404301,0
2224,2075,85.457466,1
1882,2701,35.090725,2
2829,2771,71.889496,2
91,2685,87.072571,0
2552,2960,6.600128,1
2679,1484,8.708097,2
2294,2016,36.127686,0
1750,396,57.694820,0
22,1083,73.397469,2
812,2973,92.745461,1
2965,1517,79.445786,0
658,2026,18.819912,1
804,1864,63.473942,2
623,58,39.910995,0
479,560,46.220467,0
2847,1738,17.908869,2
421,10,2.675815,0
1836,1895,94.507362,0
357,2209,49.997646,0
1995,1858,79.314583,2
857,1867,20.611902,2
604,1191,95.065659,0
1966,2899,72.687469,1
308,1964,36.834435,2
1291,941,4.579350,2
2588,2802,3.014651,0
764,491,68.799927,0
1286,172,84.444870,2
1532,427,89.341675,0
329,90,39.795609,1
1596,477,98.701187,0
442,976,21.279310,0
2296,1523,66.302391,0
2816,563,52.969311,2
1604,454,68.962387,2
2073,2238,88.655663,0
2667,1904,87.765358,2
1979,1579,18.082474,2
2449,1713,42.860680,1
1112,259,39.528427,2
1486,1208,46.367626,1
1052,1387,1.044368,1
2593,1442,51.923996,0
2406,234,19.513279,2
2015,1450,45.505821,2
155,789,58.082794,2
2709,487,51.758896,2
1067,876,8.242245,1
416,1095,28.321774,0
229,2824,94.222412,2
1367,2535,0.470148,2
356,2310,63.838661,1
222,2030,38.147545,2
2301,688,60.348789,0
2632,1461,7.111743,1
1556,2038,11.475471,0
815,1290,14.070342,2
684,914,1.333929,0
243,1278,4.563998,0
2179,206,68.377472,0
532,1876,36.307457,2
559,312,42.137215,0
1481,2299,99.523201,0
1349,2140,32.684258,0
2640,1668,84.427864,0
2999,1985,62.460384,2
75,1422,60.142990,2
2733,2142,86.809029,2
1250,221,20.333305,0
1384,2728,64.211197,0
1300,1329,26.939455,0
633,2412,8.460255,2
733,158,96.834198,2
381,174,84.860100,2
104,1226,87.276268,2
1636,625,19.410444,0
2171,357,95.666489,1
2750,2234,69.820480,0
1050,2882,97.255928,0
2292,1368,20.955112,0
1372,2180,85.872368,0
754,206,84.376854,2
1428,2566,34.528702,2
1620,849,25.813837,0
1175,2588,89.150986,0
2281,1500,98.511414,2
2370,1620,83.357841,0
2059,462,42.021271,0
643,2793,85.861130,0
1230,1941,54.955921,2
297,1296,57.176456,0
2992,2166,78.568901,2
999,998,45.302078,2
1368,2575,83.816040,2
2832,1378,26.719839,1
774,1409,28.882145,0
625,2986,53.943439,0
2754,1354,14.387448,0
219,2162,92.251472,0
1335,559,53.963581,0
2135,582,44.059189,0
171,59,79.274376,2
821,2135,27.291355,2
1870,2622,86.199310,2
576,2744,42.463280,2
2415,2377,80.208054,0
1439,2437,85.449692,2
2583,2688,73.410072,0
2152,2571,31.671421,2
47,1450,47.588207,0
1396,105,60.796646,2
1369,1578,7.150933,0
1386,209,56.008289,2
2017,1211,78.887375,0
1760,2110,67.795013,1
1047,772,43.479610,2
2388,591,73.120956,2
933,1124,58.139500,2
1523,986,99.001198,2
1946,1362,5.161553,0
288,1896,34.700596,0
2701,340,53.398544,2
1928,1669,47.244534,2
2317,1355,9.838593,2
2295,2628,32.108074,2
1627,2701,16.033390,2
1138,494,11.023229,0
391,1648,50.685043,0
2273,1757,99.899826,2
123,2565,73.197655,2
1809,1036,73.570198,0
1523,2453,71.343803,0
2997,1775,34.656925,0
1805,2932,71.744965,0
1272,2885,34.916367,0
1867,1327,66.531799,0
615,342,27.057552,0
675,388,39.412434,0
1132,2800,73.752480,2
1188,526,87.551628,1
2205,367,52.717827,0
2193,2910,16.770599,2
622,631,56.242863,0
1385,1676,26.827381,0
627,2010,5.814744,0
2780,108,66.700974,2
1763,1846,97.874809,0
2040,2529,55.975559,0
2427,1067,86.745972,2
2360,25,44.642933,1
1683,1458,39.142494,2
1209,2372,37.735413,0
1237,2652,87.046608,2
951,1091,67.795013,2
2080,1410,96.346046,0
555,1103,51.504738,2
288,1427,76.731285,0
1733,2695,73.036690,0
2725,1706,1.206327,0
582,1551,30.180737,1
375,469,73.209114,0
2076,2188,15.427215,2
1477,1869,41.031250,2
1118,2973,28.844385,0
2489,43,35.411430,0
1336,1622,43.319511,2
2178,2760,27.853556,1
556,534,3.985139,2
1907,1956,56.116909,0
1,2519,57.223431,2
1610,1304,84.696594,0
2775,2727,42.383213,2
672,1540,15.506523,2
1067,806,53.982491,1
60,2679,16.987619,1
338,1522,69.351547,0
1647,2294,76.835335,0
243,622,52.608482,0
2713,2032,63.543564,2
2360,868,49.777317,0
39,252,44.479843,2
1063,291,0.520059,2
2111,1167,6.106068,2
1341,971,7.653049,0
973,2266,34.910549,2
797,1572,27.279570,0
574,1886,76.686142,2
2894,2318,47.334400,0
527,844,84.549240,0
2032,1565,60.030396,2
2552,535,89.261963,2
2923,1976,87.210541,1
1462,688,85.810974,2
2721,2625,16.784393,0
2219,2462,20.694597,2
1995,2589,41.156532,2
1477,1316,87.618187,0
555,968,84.523239,0
2951,105,27.170395,2
1610,2108,15.406083,2
1328,1859,91.364662,0
922,2488,70.155396,0
1991,998,92.604202,2
2392,2954,42.562199,0
1921,1807,6.008338,1
773,190,29.875191,2
222,245,22.393860,2
2121,1533,21.000711,0
2129,721,90.994385,0
1267,2828,72.854660,1
579,235,34.190777,1
2528,1555,20.896248,2
2846,2289,86.325760,2
1673,650,15.643967,0
209,407,62.632912,2
172,1269,63.004910,2
2790,1875,76.102722,2
2317,1609,59.463577,2
963,952,91.676735,2
1499,2487,46.174580,2
2714,1816,2.958108,2
456,1089,85.127327,2
2104,1039,76.965485,0
1776,2972,65.417366,2
578,703,13.861723,0
2027,2303,33.050564,2
928,240,48.865131,0
2545,398,76.171753,0
2041,290,80.667717,0
2167,778,11.328011,0
2827,1237,80.421547,1
2800,1306,82.546066,2
2337,344,74.608757,2
315,2678,48.906639,0
1582,1434,24.901127,2
511,248,2.635597,2
1219,1610,47.197346,0
1404,1872,61.558414,0
1361,122,49.360203,0
219,2915,69.549820,1
2951,1923,37.904919,2
1602,2525,48.570595,1
326,1385,80.421547,1
898,23,33.814461,2
67,196,85.810074,0
447,518,67.860359,1
416,1694,97.002838,2
110,2601,9.615428,2
769,1447,90.898819,2
785,1827,90.217323,2
2529,1850,0.319857,2
301,193,83.253273,0
784,1366,16.910721,0
20,2293,24.981493,1
882,1511,66.150223,0
1684,146,7.468184,0
544,1178,80.855530,0
2789,2351,92.196960,1
2936,2852,85.446480,2
770,2465,58.402668,2
495,2032,49.340626,2
854,1557,51.316734,0
473,1074,81.585686,0
2496,2608,94.771385,2
856,2337,4.419050,0
1772,377,97.316956,0
612,2123,36.420166,2
653,2065,98.674080,2
573,2398,11.816478,2
305,2217,72.496674,1
1918,1670,84.557716,2
477,2660,56.487469,2
967,1168,48.726292,1
2205,542,73.078835,0
2423,2545,61.778912,2
2190,339,66.233276,0
70,23,1.761807,2
232,2757,62.903076,2
274,766,73.936317,1
1692,2685,17.509436,0
1309,1674,40.729359,0
445,859,85.742111,0
1733,697,1.763563,0
1948,2558,34.908085,2
2232,1332,19.405087,2
2850,809,21.403458,0
381,283,39.389450,0
1198,1815,17.360550,0
2783,2519,58.328453,0
750,1913,14.639216,0
2201,813,29.902660,0
683,459,54.219631,2
2958,1561,7.476652,2
2721,2724,42.539055,0
120,2457,35.813873,0
2535,2984,67.422737,0
268,2201,62.355671,2
2908,93,49.528152,1
1502,2550,58.586761,2
836,284,4.885983,2
2409,2634,65.465408,0
1198,2033,9.628232,0
388,2224,55.268204,0
580,1639,93.545280,0
244,1219,55.463184,0
232,1621,11.523841,1
2355,940,28.450027,2
1397,1685,40.468288,0
1890,1886,25.057283,0
2893,1219,84.515152,0
28,2521,27.694162,1
1928,39,63.042366,2
406,2918,9.611265,0
1656,1508,96.687569,2
1744,1,65.465408,0
2089,640,3.468411,2
2518,1403,61.284519,0
1829,2878,49.544201,2
547,2896,32.975384,2
2980,850,38.447128,0
151,2996,81.202965,1
2958,2767,42.340996,2
278,664,49.250980,1
637,1721,1.190261,2
1172,2169,18.089256,2
274,1902,82.057159,1
820,1325,14.990143,2
1482,2853,61.460297,2
2749,2568,68.631119,0
2023,1971,15.576845,0
2045,1483,1.018519,0
1680,900,43.641293,0
1800,1741,13.698103,0
1801,537,94.287506,0
2366,2190,23.545914,2
1730,183,1.810289,0
2382,2234,19.950598,0
1751,32,89.959747,0
645,2009,20.514330,2
2355,1163,90.653770,0
2427,1171,14.477289,0
1734,2273,31.369572,0
586,1393,13.523573,0
993,36,21.498363,2
1320,821,66.886948,0
1993,1493,31.013248,0
1888,1820,16.754301,0
2812,216,49.265213,2
2534,1546,57.975101,2
1618,440,58.449421,1
685,1091,65.364510,2
2650,1209,70.362526,0
2716,64,75.763283,2
1930,2305,48.093800,0
1511,468,48.115139,2
2337,403,33.690968,0
62,2904,36.536621,2
2889,4,48.904457,0
989,1809,31.761322,2
2923,858,68.064873,0
1531,2531,78.036819,2
1776,874,59.570324,2
1459,576,30.602886,2
1672,2960,22.762846,0
2632,2647,85.773849,0
2819,826,15.226388,2
698,1185,93.960716,0
643,1153,96.327774,0
231,1150,54.094585,0
1802,606,76.234550,2
2690,2282,23.178001,2
2175,2751,20.896248,0
2802,2012,36.689331,2
2313,97,82.057159,0
803,2886,87.520500,0
919,880,35.644634,0
521,2373,80.441246,0
1822,1909,79.837921,2
320,311,52.497818,0
694,952,74.380348,2
344,2814,47.102959,1
1314,2655,15.013083,2
189,447,75.973167,0
169,2708,3.268294,2
2577,1376,90.306465,0
2176,915,84.818657,0
2468,2062,38.229061,0
690,2564,3.790842,1
750,1523,23.199015,0
2731,237,22.205633,2
1503,2660,2.344739,2
2504,802,52.715050,2
779,731,71.458412,2
2453,661,11.964410,0
1987,2880,21.938892,1
50,2629,96.049858,2
2356,1503,18.511116,2
1733,1460,0.893131,0
1396,1000,35.140507,0
2887,173,45.497517,0
2904,1865,52.394760,2
27,1250,43.197376,0
2159,2564,20.363419,0
1977,555,42.769562,2
787,1636,13.867203,1
437,2894,82.984444,1
123,1102,21.394949,2
2529,1601,4.599945,0
867,2380,46.283756,0
858,1752,48.098595,2
492,2517,88.094437,0
933,89,19.185780,2
2624,2605,78.960869,2
1415,303,37.256081,1
436,2101,61.675358,2
540,1586,35.828568,0
330,1588,52.291275,0
1469,224,75.093178,0
2231,638,99.216141,2
2756,2469,18.443645,0
331,1954,33.347202,2
2989,2321,82.466431,2
855,1728,6.833342,2
2151,1427,47.956223,0
1882,471,78.734489,2
2365,351,85.786850,0
2250,896,69.817368,2
973,176,39.548286,2
2407,837,7.468184,0
1639,1832,60.989342,2
1415,1036,57.025391,0
642,2344,68.392494,2
2465,1043,93.624886,2
898,280,87.710983,0
2646,2898,85.087357,0
1430,2003,34.682999,0
207,589,69.802681,1
2709,1807,28.185612,0
1605,262,82.759125,0
1033,1936,32.697456,2
2886,2723,99.374496,0
2102,655,48.880497,2
2571,1689,34.696880,2
637,54,60.674324,0
1387,831,28.008455,2
877,126,18.748590,2
1180,1570,44.835533,0
2533,1475,84.676140,0
1489,1744,96.795174,1
548,356,17.339016,0
2199,1109,91.537132,2
405,942,94.869820,2
2105,2771,56.242863,0
2992,1778,16.816383,0
1847,2387,62.625298,0
2669,571,16.783260,0
3,2218,67.850311,0
218,713,20.419355,0
83,2523,27.691687,0
2680,2212,74.131874,0
1845,93,37.257164,0
1377,2381,41.662430,2
1184,1718,42.195171,0
373,852,37.437340,0
476,2365,98.029030,2
2689,2687,33.253731,1
1508,245,48.839523,2
2533,2319,30.099506,0
915,898,90.316078,0
208,589,31.167578,0
2831,228,90.011368,0
82,2834,49.694435,0
81,2705,35.066551,0
214,1650,19.357771,0
2439,2174,42.491425,0
315,199,19.962582,0
57,2773,22.948956,1
295,1945,66.700974,0
81,792,25.373228,0
177,2561,16.692265,2
1136,654,22.890800,2
1350,1235,82.932808,0
659,2641,72.548851,0
1106,2151,42.694416,0
734,178,78.564575,2
1511,1475,34.249783,1
13,336,17.597519,0
2481,454,30.405693,0
2090,2070,8.736572,0
2584,2707,56.758869,0
2397,2994,90.972527,0
305,1014,85.531960,1
904,945,80.771400,2
2695,2844,80.697906,0
1817,777,52.522926,0
309,2470,68.913704,0
1665,1176,68.653046,0
1315,1986,41.715145,2
1243,631,80.263321,0
82,2323,32.771255,0
642,17,29.078289,2
2697,2546,94.088219,2
587,814,98.508095,2
1519,783,21.093292,0
2300,550,7.320997,2
1597,1327,64.219780,0
551,2437,28.088570,2
70,2340,8.803204,2
244,2694,95.736496,0
475,603,54.160866,0
2347,1738,5.392046,0
949,2730,94.257858,0
1504,2787,11.817533,1
1953,2098,91.246529,0
938,1918,54.171074,0
1310,1046,12.291602,2
2263,1584,18.286524,0
569,2101,38.678768,2
2864,2049,12.753693,2
2579,2633,7.968210,2
1336,307,7.552382,0
1043,2807,26.515474,2
1538,426,13.929285,2
1957,2772,12.015653,0
1426,1427,95.026917,0
673,2907,37.712151,2
1097,948,50.343956,2
2305,731,78.785095,2
17,2275,39.927822,0
1345,2542,27.478966,1
2937,1702,73.413841,2
1428,2882,37.495842,0
2062,1595,39.910995,1
1317,2901,13.487218,0
618,1813,34.121632,0
2154,2205,89.161446,2
2622,152,71.736900,0
2400,1245,76.777397,2
1302,1755,30.673231,2
72,1425,28.921431,2
2800,2827,79.314583,2
1323,287,78.522324,0
693,1933,80.673706,2
2569,1954,90.497925,2
1224,2677,67.975861,0
2156,1203,58.774754,0
1941,1860,70.600433,0
2760,2521,66.712776,0
1408,2588,77.508919,1
53,2559,43.798752,0
2468,1206,14.463584,2
2788,114,31.444511,2
2791,2300,84.720955,0
1891,1432,31.776377,0
2133,2307,54.108627,0
2722,1256,70.377579,2
2705,1403,38.865158,0
839,2940,90.932816,2
2692,2933,79.010117,2
1047,2028,18.429012,2
2246,246,26.701355,0
1708,2195,64.765656,0
1902,1491,84.769394,0
822,1383,50.385979,2
639,741,76.408791,0
1261,1771,18.168610,0
1905,1739,92.242340,2
1955,710,46.186619,0
862,337,29.837175,0
513,2901,29.768597,2
2087,99,3.300240,2
1500,915,21.366825,0
995,161,55.730350,2
1630,2320,96.547264,1
2327,2463,13.389778,0
2838,410,88.021858,2
868,328,37.618584,1
587,1608,71.186111,0
2103,923,10.986562,1
719,549,74.222542,2
1281,2795,14.503657,0
718,1439,72.827591,2
303,1802,83.561394,2
1540,2212,47.595863,0
621,1372,75.703560,0
2929,1373,96.728294,1
986,2685,56.712074,0
800,1440,40.472866,0
406,848,83.447998,2
2469,2597,82.848053,1
675,384,94.091309,0
2422,924,99.787483,0
859,260,17.638872,0
2298,1162,8.435198,0
1164,827,21.206203,2
2085,2959,98.053757,2
1135,2562,9.804203,0
1978,2338,54.199654,0
2806,919,25.541904,0
238,189,33.075676,0
382,609,5.739553,0
186,604,65.952003,1
2774,2256,4.717198,2
2483,10,3.995130,0
1883,2761,73.382790,2
2271,2165,87.278877,2
2501,2781,10.465701,1
995,1479,45.461521,2
1911,1440,30.181473,0
1955,207,16.941172,0
447,2259,39.599358,2
1968,1572,92.974068,2
1255,1294,94.947289,2
220,209,90.455162,0
1367,2209,86.386322,0
53,410,29.331305,0
2950,2177,57.008556,0
1967,2902,9.266836,1
2557,838,10.852345,1
1067,1484,58.688282,2
1255,1202,29.112461,0
2821,1015,13.220125,0
1187,46,23.418602,0
1829,508,4.390097,0
2088,1997,50.512608,2
1648,1868,33.320774,2
2674,1334,45.527390,2
2886,503,45.076225,2
768,583,29.782156,2
2694,1066,44.699142,0
1588,536,1.153339,0
831,210,13.843382,0
137,78,3.866869,2
106,2558,47.198700,2
2311,1220,68.794586,0
2175,1702,67.547218,1
2421,2431,43.086147,2
2202,351,77.675354,0
784,174,88.513916,2
529,2051,29.243979,0
2138,2951,26.302479,0
697,1574,87.507973,2
1962,2340,5.603285,2
1631,1752,5.658240,2
86,1401,23.698271,1
75,1890,3.875520,2
2577,2013,43.267567,2
1465,1609,73.790649,0
2058,38,92.974068,0
899,2184,86.719917,0
1087,115,27.227880,0
2516,276,6.068865,2
2254,1487,95.866219,0
2790,2985,86.804993,2
2154,1325,75.712631,0
1621,270,30.250214,0
1585,2026,66.175880,2
2636,1585,69.382896,0
493,128,5.706972,0
1581,1504,16.633713,0
539,980,57.604237,1
2695,176,71.376450,0
735,1843,69.922989,0
62,2862,67.534447,0
1990,2366,60.153751,1
2772,1812,34.533642,1
2312,958,97.748611,0
145,1533,40.995945,0
1444,1715,49.997646,2
1804,1413,94.393318,2
1382,953,54.654507,2
2114,1348,97.392395,2
2801,389,92.730484,2
395,1935,10.564192,1
2990,1010,47.617668,0
2299,1662,83.620552,0
887,1140,39.824562,2
1914,140,73.529785,2
2966,1468,72.801346,2
1645,367,52.481903,1
1822,1638,34.739799,0
2548,1723,0.045871,0
1351,2765,96.500893,0
2169,1347,34.719280,0
1527,2458,86.983940,0
1213,1972,91.114716,0
1335,113,86.463226,2
2250,1692,21.903578,2
1415,2376,24.622286,2
650,788,93.445572,1
421,1482,89.618355,0
2276,384,30.934441,0
2091,1292,98.820129,1
1380,2440,53.136242,0
762,2984,5.204031,1
1345,1864,60.379108,2
1592,2235,16.679573,2
62,809,74.791054,0
1126,2885,3.115647,0
636,42,64.275932,2
2398,2110,20.078432,1
1047,2360,31.865351,0
2294,105,85.279343,2
962,1079,32.112926,0
198,2878,62.867569,2
1834,1316,64.334213,0
2620,822,84.325668,2
419,1952,55.385345,0
525,978,15.495870,1
2765,1026,22.633966,2
2717,1653,10.084527,1
167,1719,75.790764,1
1805,600,40.952690,0
9,1393,36.689331,1
387,764,5.392046,0
703,1724,16.941210,2
730,869,92.007736,0
2465,2574,77.984993,2
2752,747,70.134026,1
695,1156,82.224075,0
900,325,56.438431,2
687,1950,46.128849,2
9,2734,65.377266,0
238,2589,35.369503,2
1957,2713,61.297432,0
1070,268,5.966072,2
2744,249,41.644394,0
1222,2883,58.464211,0
1642,2150,86.018959,0
607,1920,52.006706,0
766,1592,63.508179,2
1771,287,66.281624,0
726,1839,7.519940,2
347,1022,72.330849,0
849,31,52.678383,0
2792,2302,45.847950,2
1311,824,96.901970,0
2305,1583,6.690072,0
1881,2957,68.875671,0
1563,2654,83.771767,2
380,2416,48.137318,2
2872,1315,97.763649,0
1752,2836,71.747345,0
2404,817,8.376293,2
2275,2144,29.236830,2
1134,278,69.074638,1
72,1499,10.682625,2
1578,1972,74.771500,0
1637,2700,96.584183,0
141,856,4.653648,0
1557,883,14.639216,0
2326,2326,91.964661,2
2839,140,60.768044,0
2521,1107,88.910652,1
1707,422,88.784088,0
2585,2181,58.931477,0
1230,1979,27.062366,0
1416,1650,23.223518,0
1014,1551,73.279060,0
305,1607,15.314036,0
1105,1629,5.620286,2
1016,288,11.183233,0
2830,1646,2.447416,0
691,1771,90.497925,0
1980,683,59.915150,2
750,2434,80.089096,2
2193,104,76.731285,0
2999,480,39.032177,0
2170,1723,16.649170,0
56,1349,4.896137,0
1199,1126,24.172237,0
361,3,90.864441,2
305,2033,12.344387,2
2720,950,60.439133,2
1781,1830,92.391769,1
2378,1024,50.045101,2
1124,2372,89.635063,0
352,1118,92.757179,2
166,2558,3.502379,0
1765,1975,84.061287,0
2227,1551,67.418694,0
2396,653,9.362601,0
2994,2776,68.756256,0
449,2215,24.621609,2
708,565,52.458942,0
1514,858,61.979942,0
1587,1494,88.238266,2
2727,587,86.610252,0
1895,2341,88.553558,0
2568,2337,29.896952,0
2609,1740,29.815235,0
70,383,84.412056,2
1971,2240,13.728545,0
2891,2628,80.629845,2
1574,1996,56.011005,0
2133,1464,94.556580,0
765,2604,43.267567,1
21,1721,1.975376,0
146,66,29.396469,2
949,706,45.555767,1
2676,262,37.878830,2
870,1663,10.885219,2
1023,138,86.332764,0
2937,1350,66.538895,0
2690,701,45.960911,0
533,1151,81.807838,1
2667,18,85.169586,0
1675,2158,37.404659,0
2133,2862,25.628922,0
979,1798,7.818172,2
764,1706,45.791866,0
2871,2632,77.806725,0
2565,2573,25.632994,0
1367,425,15.014138,0
1625,809,59.719242,0
1301,2037,99.534187,0
1196,2851,74.844902,1
870,1088,95.889046,0
754,1199,74.589218,2
458,533,54.008415,0
773,2745,50.860718,2
2883,2383,19.250542,0
1338,2090,20.914848,0
951,414,4.876017,2
1222,2718,65.560547,0
2512,2619,72.461060,0
2192,1691,48.467743,2
2153,368,14.365432,0
1177,905,20.117813,2
1439,677,57.410072,2
1690,832,18.036152,0
901,1203,18.625830,2
2272,2480,26.785664,0
2458,371,95.918251,0
1755,1250,52.601822,0
384,730,31.420364,0
2612,2645,86.463249,0
1875,2109,53.983948,0
216,1391,97.403870,1
565,1473,47.418583,2
1200,2441,97.040977,0
1466,2595,46.160454,2
1670,2229,73.836014,0
778,1719,48.170506,0
281,2222,73.597809,2
86,463,39.383648,0
777,487,65.101517,2
2576,1652,38.088623,2
2605,1468,90.792923,0
1239,1049,59.037422,0
846,306,3.133921,0
121,2323,1.863533,0
346,2396,19.564383,2
2739,1185,14.996608,2
2984,1843,98.948082,0
2032,2717,83.049156,2
1938,1789,86.615623,1
2989,38,61.693855,1
1117,2181,90.792923,0
2400,2641,80.544739,0
1976,2377,86.107986,0
2732,1341,63.484467,2
876,2427,12.179777,0
2826,1860,64.359505,0
1865,248,31.928909,0
276,1357,13.662961,0
1970,2251,67.673935,0
2099,778,33.244934,0
2991,465,37.832420,2
2435,1249,20.336452,0
468,1977,61.309517,2
1338,522,12.068897,0
393,482,92.944008,0
531,1541,85.267799,0
1779,931,20.557566,2
1515,954,63.704697,0
2232,2511,96.232933,1
1672,1376,5.781565,2
2984,2306,55.018463,2
173,2434,41.691166,2
887,1494,58.494213,0
2563,1729,69.829803,2
206,1377,45.361076,2
2357,2288,99.235588,0
1217,397,79.678856,2
571,81,0.990044,1
756,2519,59.617435,0
2636,2325,8.064155,2
2042,2042,97.130722,1
2977,2085,28.215218,0
1896,2438,5.385718,0
2949,580,10.819169,0
1699,773,29.585728,0
2698,2349,63.442493,0
2441,2197,9.444464,0
2376,2613,83.891457,2
1170,1888,9.665614,2
1088,1837,69.407707,2
2124,1220,61.273071,1
1519,1537,64.343178,0
2345,2171,12.150295,2
535,2817,73.369476,2
998,2630,73.137856,0
1206,1893,66.196632,2
823,2133,90.442123,0
1562,288,43.863785,0
1202,2321,66.027916,0
641,565,99.303085,1
2591,1018,62.114788,0
1682,1783,96.509888,2
177,1700,25.482773,0
322,2844,55.527576,0
56,695,22.948956,2
1580,1248,36.703873,0
1359,2130,49.561249,2
711,2374,39.927822,1
2174,1842,18.413660,2
665,877,63.308842,2
1709,553,74.841324,0
2791,2014,61.447987,2
2699,1639,55.659512,0
443,2512,13.689706,0
2435,2885,85.346245,1
419,1463,2.006700,2
1542,867,29.585100,0
1070,1358,69.533989,0
1785,1443,75.880798,0
1533,1523,45.586590,0
1797,315,92.473122,0
2201,2116,44.916859,2
92,1854,85.877213,0
2248,1678,13.930578,2
100,2846,27.640007,0
2799,1225,24.321234,0
2458,2566,23.208401,0
2764,411,69.976395,0
811,2005,63.787144,2
2988,2828,25.438877,0
2352,1074,44.577480,2
1657,1641,11.816478,2
675,1461,2.253413,0
796,41,11.619339,2
304,1765,65.629204,0
2865,2525,16.488411,0
1307,1851,63.400513,2
604,768,75.888657,2
948,1050,5.106487,0
2634,1129,67.431633,0
1096,635,72.361061,2
1762,1848,32.429535,2
1832,2301,68.923759,0
1538,575,54.078442,2
2588,1108,45.148178,1
1010,2780,29.957806,0
1308,1917,91.645523,2
960,418,83.707932,0
2982,980,85.373169,0
2276,149,59.360268,0
1501,593,95.326431,0
199,1192,5.863445,1
1607,258,91.033165,0
1177,1182,3.221177,2
1710,147,70.579506,0
2201,2913,53.589912,2
1369,461,54.092564,2
1231,1415,83.170792,2
2251,307,54.658989,0
2293,2825,75.079781,1
2528,813,65.992851,2
798,2901,4.045202,2
2260,2848,16.755768,0
1679,2717,68.196693,2
1457,663,43.636837,0
1476,1965,38.188835,2
14,2248,36.010319,0
1318,751,18.534412,0
1359,2383,51.705395,2
1091,1031,7.614413,0
1813,2847,94.216965,2
2811,869,41.434101,1
424,1303,7.544777,1
1877,326,16.941210,0
1839,1226,60.769661,2
1315,1915,83.955452,0
732,1142,8.438830,2
2360,2834,56.362976,1
1508,2753,35.819176,1
2028,2119,67.700897,0
2498,847,62.539234,1
2722,453,18.797106,1
1019,282,48.541687,1
1951,427,22.114819,1
1353,2075,19.912666,0
1235,100,7.780991,2
2202,810,95.377396,2
1476,2108,79.463814,0
2579,444,83.676338,0
549,2487,99.110893,2
1973,448,68.821404,2
360,2829,48.910919,0
869,44,78.876335,0
2386,576,27.853556,2
2636,1180,54.362595,0
2530,334,89.361343,1
517,2369,16.127577,2
959,1370,3.091952,0
1627,2035,75.402283,2
2477,810,31.776377,2
1929,2223,15.265119,0
1888,609,71.921669,2
2979,1068,53.619728,1
1118,1585,81.471466,0
373,1338,50.406013,0
1558,1267,3.788360,0
1401,1520,73.145767,2
2473,2558,50.193367,0
2373,2436,28.445129,1
2269,1751,39.205425,0
2401,2543,56.605469,0
2404,2271,41.993710,0
490,2088,65.531647,0
392,856,29.401703,2
2235,2160,69.707222,0
1715,116,39.332916,0
382,897,3.412043,1
396,2166,80.604965,2
2127,1278,50.207836,1
331,1411,17.322577,2
535,1045,38.728924,2
203,1596,1.853218,2
1008,375,27.703306,0
2848,775,80.542732,1
892,394,11.168734,0
2741,2896,75.752495,2
777,501,25.352335,2
1869,2932,39.105030,2
2306,1742,66.515526,2
1076,2574,5.708835,0
157,1476,77.659180,2
1019,98,70.102913,2
1129,1393,13.244728,1
222,2733,21.030617,0
218,1829,64.343178,0
1371,2072,59.062550,0
2153,976,19.226665,2
2702,1747,79.795227,0
2880,2865,92.401527,2
1973,1363,12.321728,2
1076,2008,58.279785,0
309,784,61.719425,0
2531,612,52.882359,2
754,1082,14.933763,0
2734,2941,62.544117,0
1722,335,8.645955,2
1699,63,94.788971,2
777,2748,77.115623,0
1978,2185,60.014843,0
831,1857,40.840847,2
26,2032,53.109936,2
1865,1387,94.142204,0
1909,262,35.034512,0
2497,2616,32.554291,0
1022,2319,18.549826,0
485,674,95.652725,0
2475,2485,20.485327,2
1255,191,35.380184,2
2844,2434,24.622286,0
1389,1033,50.850399,2
1312,2553,37.842003,0
2064,1237,28.700928,2
276,168,6.004282,2
896,1706,17.750261,1
2206,779,20.734251,0
1559,684,10.692809,0
2166,1091,45.455784,2
1185,826,28.816748,0
191,113,41.795532,0
653,1511,86.208832,0
1746,1995,27.890697,0
1266,1636,68.196693,2
1192,197,59.062550,0
445,354,47.801281,0
1293,233,29.612329,2
2982,2472,88.572037,2
2861,1485,21.400480,0
596,1671,86.308624,2
731,1147,17.610369,2
1593,912,49.439781,0
1725,2098,85.775681,1
917,772,74.133057,0
835,1190,72.498978,2
1699,1026,47.673428,2
1591,1980,27.359015,0
734,1970,18.496962,1
1922,2824,53.723228,2
950,1337,7.067759,0
913,575,68.536232,2
1745,1384,91.856712,2
32,2286,85.080658,0
1850,1199,31.801888,2
2668,1236,97.504410,2
2363,945,2.042950,0
1620,1397,72.147293,2
1096,2961,23.603497,0
1464,2164,4.250240,2
1931,1814,94.174156,1
374,1189,73.026711,0
2932,874,56.441452,2
2538,898,14.753565,0
1432,1644,14.634830,2
1508,2703,14.820729,0
100,112,54.497555,2
271,1455,98.524757,1
1998,2176,30.849707,0
621,131,94.782654,2
1331,962,61.750698,1
2380,441,53.402878,2
1778,988,82.798988,0
856,2861,42.788292,2
2035,558,53.113670,0
1521,1407,66.951561,2
955,782,47.524395,1
1362,2126,92.219620,0
1751,1344,90.575539,1
2400,2278,98.639359,0
510,97,51.279549,0
1073,1838,40.737030,0
950,461,91.985001,2
2443,1317,56.775208,1
2509,185,94.979782,2
1634,2649,45.381947,2
2745,1671,76.763573,2
2645,345,15.787896,0
395,1071,19.511023,0
227,909,79.154671,2
269,1726,13.483577,1
2450,1991,54.687035,2
1368,2716,94.368073,2
950,2873,67.390198,1
1020,731,12.223039,2
2062,1552,49.855366,2
2322,820,97.562424,0
940,551,95.478310,2
2296,1529,21.677607,0
2747,415,31.839981,0
491,673,0.023878,1
445,1243,27.051342,0
2341,1487,97.838196,0
649,703,74.540482,1
880,1673,38.814045,2
252,2042,6.044503,1
691,960,84.516663,0
211,2416,74.066811,2
2309,477,73.321289,0
1392,1244,41.258476,0
2200,2050,61.719425,0
2044,2357,23.861931,2
2049,527,26.568007,0
876,2869,67.488235,0
2550,2834,77.659180,2
1538,2826,54.262688,1
789,2438,44.183372,2
359,1693,70.906204,0
2817,1433,62.334724,0
913,2531,7.718344,0
232,1666,37.979073,2
911,897,14.087181,0
3,837,2.270316,2
24,489,71.805687,2
637,1957,80.779869,0
61,1780,7.703032,1
819,789,56.045677,2
1067,512,71.451752,1
1457,52,81.205383,0
2282,2578,16.951717,1
2218,1135,21.992336,2
1090,1692,46.012817,0
1772,110,81.331635,0
2433,2098,3.274261,0
912,226,80.100609,2
2137,2242,68.311150,2
1849,2544,15.829380,0
2069,1070,82.732491,0
1603,2554,37.241226,2
768,1561,73.970612,2
2378,2103,84.709663,0
2910,329,34.099289,1
679,2386,24.478586,0
2479,2072,78.523399,2
1228,2915,98.163452,0
444,829,75.212852,0
1536,698,79.339737,2
1410,2825,66.583107,1
460,1264,96.503181,2
1533,2167,53.275135,2
2058,2120,48.021870,2
706,1108,97.197693,0
2315,1068,26.765099,0
2462,1920,80.972946,2
2517,2211,96.935806,0
2310,1216,18.531471,2
1832,1383,2.446924,0
2062,2497,64.757744,0
1312,2511,36.510548,2
2305,1134,64.046715,0
2813,1454,97.216774,1
2139,1367,74.208771,0
468,2119,18.254519,2
1405,1053,5.175514,0
1731,2912,37.454052,0
2836,2977,86.864281,2
952,1582,83.363022,2
2359,727,97.861076,0
1140,1747,68.569664,0
715,1002,20.444674,2
793,2629,3.443186,0
1063,1704,17.720053,0
1140,1662,88.009193,1
2415,2781,7.068956,0
1462,2967,37.767540,2
502,2078,98.383667,0
854,36,47.224403,2
650,1317,51.344547,0
255,860,24.099360,1
1584,710,79.019447,1
1887,2507,62.037979,0
319,2874,51.711292,0
525,2197,79.392014,2
942,2292,96.972435,0
2387,1164,26.463392,0
1668,1379,18.429695,0
1600,2298,23.092661,0
98,2305,84.560051,0
2125,910,68.962387,0
2901,2266,56.734600,2
864,1242,0.568202,1
2186,99,72.355598,2
659,2316,43.374073,0
961,532,77.654282,2
2485,2919,21.826296,0
2140,643,62.928722,0
2139,156,19.281424,2
1959,95,14.891375,2
2754,2978,75.156456,0
800,599,43.574242,2
243,1521,15.927303,1
1207,2899,83.747482,2
2203,448,13.943012,0
342,2030,4.412720,2
1533,485,56.495800,0
2144,1725,7.197049,0
677,590,98.964462,0
359,2556,44.274864,1
291,318,2.464549,0
1885,384,27.582428,1
1222,2472,75.455429,2
237,28,41.180706,0
2576,2361,26.727795,0
706,2342,92.348167,0
2563,2503,12.164838,2
961,1572,66.559898,2
1895,1678,94.779915,2
990,1550,28.940622,0
1836,425,29.754936,1
2911,373,39.824562,0
815,877,18.786232,2
563,2231,92.310555,0
2133,2552,99.216843,0
2513,1825,81.795090,2
2316,1401,45.690128,0
2791,681,7.281183,1
876,1180,42.106106,0
2360,43,77.719093,0
575,2702,61.284630,0
345,1260,94.440842,2
174,1857,57.083874,2
482,1126,58.804504,2
1504,1214,21.652897,2
954,948,2.498237,0
2624,978,32.536385,1
1224,1849,80.779869,1
871,2597,86.308624,0
146,2983,25.923220,0
601,1473,72.624397,2
2134,2266,81.175949,0
2169,501,51.415825,2
811,1484,89.787430,2
2896,851,79.787483,2
2619,1406,25.471701,0
1811,2242,32.928722,2
474,2814,59.729694,1
1458,2260,77.726326,0
1753,2124,71.533989,2
1719,1382,21.479813,0
561,565,72.009659,2
901,457,77.806725,0
934,1624,97.729927,0
2972,1486,5.899310,0
395,0,38.555271,0
445,1574,31.101440,0
1161,457,53.326138,0
2240,1218,91.629456,0
2862,1217,31.647707,0
2676,1442,39.274940,0
321,2243,47.566853,0
2527,1698,68.053192,0
300,1546,64.689011,2
2544,929,69.585846,2
17,2007,50.287643,0
1658,2036,38.716660,2
1571,2238,86.987503,0
316,1687,55.776478,0
1185,952,74.576088,0
1754,375,89.548401,0
1124,2774,15.323779,2
248,474,48.271408,0
2427,462,57.370270,0
1004,958,25.196627,0
1804,1480,79.767143,0
275,2886,29.933058,0
350,411,97.316956,2
1886,2793,64.101730,0
2226,275,76.323898,2
1809,1743,90.924934,0
146,2832,3.659739,2
1911,1227,60.335880,0
693,75,17.745741,2
2746,2543,72.102760,0
1480,1149,36.420372,0
193,44,39.470467,0
918,2653,62.563835,0
1630,414,46.260796,2
688,1059,23.582838,2
1684,2815,0.750983,2
1755,2902,30.005932,0
1865,2714,16.308325,2
1847,1263,53.273109,1
2499,1966,66.551498,0
236,2978,87.729088,0
398,1588,25.600636,0
194,1014,61.641857,1
654,2800,68.160339,2
2942,995,51.435040,0
2415,853,85.913383,0
2067,100,96.608948,2
2071,441,86.782791,2
2806,2930,99.916695,0
574,1792,93.487442,0
2699,436,11.794249,0
2987,2218,27.948820,2
2715,307,38.813438,1
569,1296,97.562813,1
1558,405,12.368664,2
1247,2903,6.073861,0
1607,1292,78.254250,0
2150,2865,91.680389,0
1656,2729,47.524395,2
2081,2902,63.238636,2
487,1076,60.280376,2
2407,2880,10.050394,0
83,1577,42.657852,2
180,2214,95.598495,0
1682,2788,86.107986,0
72,1837,20.489428,1
840,2192,7.700173,0
777,2096,58.681202,2
2290,2276,36.015308,2
943,2540,12.178648,2
948,1378,39.151993,0
2992,1762,59.390125,0
2245,2347,38.952244,2
171,499,93.030006,2
1352,1996,29.720884,0
1769,905,51.409126,2
337,2789,41.101025,1
207,2360,45.237934,2
1367,1981,19.358082,2
1968,2922,63.662018,0
1769,579,83.324440,0
272,1560,16.860706,2
558,587,90.113564,2
32,2921,9.754758,0
373,2578,43.632107,2
1570,2002,98.495995,0
350,1919,42.365585,0
2988,496,43.322723,0
2806,2034,30.826656,0
458,2396,21.736216,2
859,364,17.096333,0
979,2784,40.320316,0
1085,1308,16.636644,0
289,867,62.413971,0
2710,2852,97.765587,2
209,928,90.614380,2
303,1686,29.243979,0
790,2091,62.988701,0
1976,1711,14.829732,1
1504,84,7.964625,2
839,1881,66.607811,0
1518,1360,36.729229,2
2352,2336,98.095200,0
1956,321,84.130974,0
2968,647,35.692314,0
735,331,41.228504,2
1264,2331,12.012029,2
1825,1175,58.486202,0
2064,1214,30.293211,2
2213,2152,11.253750,0
2404,1484,55.713810,2
2993,565,67.504288,0
1213,2207,58.954506,2
516,2630,18.525173,0
260,2197,10.792498,0
1494,1592,46.130245,2
792,188,41.010017,0
553,2365,88.815521,0
2372,2077,4.938582,0
1416,628,22.954756,0
1288,930,55.208935,0
2596,2031,12.015653,0
1918,1474,27.312298,2
1881,635,17.960518,1
1003,1246,16.302649,0
2754,543,92.466446,0
940,1844,29.222034,2
434,21,80.828033,0
352,398,19.958488,0
757,891,34.958099,0
821,2818,37.240761,1
1660,522,33.678154,2
2591,1125,24.730753,2
2567,1238,72.344528,0
2511,2974,36.679737,2
1849,2044,39.321625,0
2311,2460,21.504335,2
815,21,56.794117,0
239,2673,14.452350,0
1871,2886,29.557980,0
536,120,35.880363,0
587,246,56.763386,2
557,1229,81.610229,0
184,1869,11.328011,2
2150,2571,24.259346,2
2733,138,33.830704,0
1322,1596,42.055386,2
2859,2175,91.305244,0
871,73,79.417320,0
1160,38,51.009220,1
2905,451,54.068047,0
2960,411,50.935635,2
1508,1779,42.237946,0
1148,1941,97.011368,0
1760,2966,50.586040,1
2505,2218,48.476070,1
2213,2612,21.977814,0
2688,2006,50.006199,2
1692,2909,78.745522,0
842,208,38.813438,2
1785,1195,55.455654,0
2259,1299,72.392731,2
1605,953,89.568626,2
193,1498,78.212372,2
2194,2228,48.372288,0
326,585,78.649910,2
2131,1839,3.162140,2
2044,2654,72.681404,1
2440,1470,42.657852,2
1805,1231,38.783298,0
1484,2530,41.699524,0
2182,509,33.546959,0
2953,466,14.924024,0
1519,2193,14.418470,0
1187,2459,58.072552,0
2636,1904,76.480133,2
83,2674,94.049034,1
870,2314,57.059422,0
1199,1551,87.520935,0
652,897,91.360588,2
1037,1940,64.765396,2
2008,2432,35.855076,0
311,2283,64.871735,0
2245,2385,41.501785,0
946,2454,23.621639,1
278,1285,0.944703,2
2008,2051,58.599514,0
1622,94,40.823921,0
1791,2427,65.611214,2
2161,1972,30.321880,0
381,574,40.205547,2
2429,1666,97.273567,0
1634,2010,92.411606,0
2574,1892,54.911743,1
2753,2944,27.931746,1
2580,752,91.639221,1
2094,2092,96.270790,0
1314,259,87.467773,2
155,2870,87.512695,1
2822,1450,13.778938,2
2252,1268,68.891190,0
2436,2441,57.378078,1
1116,150,47.122810,2
489,649,73.952461,0
254,2318,82.054092,0
678,1655,12.266836,2
2796,2713,71.744965,0
1633,113,39.997009,2
278,2374,26.476652,0
2056,231,16.365492,2
1948,1512,24.622286,1
128,32,47.966560,0
770,2767,97.646667,2
21,272,3.930281,0
1516,2484,5.658240,2
1330,76,48.812725,2
45,1290,40.851963,0
1141,2421,0.888736,2
2256,2622,31.469271,0
1260,532,84.679375,0
2211,1799,80.110970,1
1936,2983,35.973614,0
1187,692,26.810362,0
190,20,54.471691,0
2138,1697,32.316490,2
1826,1120,91.773140,2
2433,2478,16.296751,2
1773,1283,96.017982,1
2416,1344,64.424622,0
467,2913,50.094696,2
1962,2043,47.956223,0
1435,2975,42.896709,2
1949,1723,48.742733,0
956,807,73.146400,1
577,658,83.185799,0
1134,1636,29.102362,0
2339,2650,16.158838,0
1286,872,15.203856,0
2257,385,35.604210,1
2916,613,71.460587,1
2025,17,86.047615,2
1733,1378,85.312767,1
1074,1701,62.947929,1
17,2419,14.610034,0
2599,1314,0.779631,0
2996,613,71.034721,1
1237,415,64.223709,0
2821,1916,85.607262,0
691,1016,92.058472,0
2303,2237,50.603100,2
1241,1018,53.005566,0
2159,1913,74.928734,1
1911,418,65.633682,0
2288,2714,5.354247,0
2835,1893,38.437561,2
1782,2916,78.979660,2
2272,2360,1.192361,2
1445,1014,99.359009,0
703,1693,59.957409,0
2778,851,76.566277,0
2429,581,88.268021,0
819,2342,64.304230,1
2274,2808,10.119687,2
642,2212,89.728409,0
2271,1225,90.046432,1
1738,2415,65.309555,0
2683,1291,66.558502,2
2359,552,32.281479,2
699,341,58.161728,2
911,1810,78.144943,2
145,187,26.845055,2
1440,754,24.929640,2
1614,816,51.190399,0
2651,399,21.065405,2
806,887,18.171310,2
2516,1196,27.288284,0
413,1763,58.619816,2
132,1662,74.495918,0
1190,2350,41.024940,0
2479,332,10.325953,0
1241,1742,47.660828,2
645,534,19.686247,2
1980,1832,69.848991,0
1832,629,44.489014,2
245,12,18.531471,2
1235,2835,80.457176,0
2029,1383,71.113464,2
344,139,59.958752,2
1885,1302,29.882376,0
302,1356,88.056801,0
504,199,42.302952,0
211,1489,41.148624,0
1611,2428,59.983616,0
2621,1497,71.593033,0
896,2824,98.538574,0
1963,442,33.574722,2
2924,2792,58.549442,0
2079,200,13.793899,0
1050,686,33.207832,1
506,2952,3.074623,2
729,1615,77.997650,2
203,300,87.963387,2
136,1340,15.578647,2
2310,1970,97.772041,0
1229,1340,24.502102,2
2841,1549,37.281738,0
960,444,25.462652,0
615,790,38.492058,0
121,2663,64.564262,1
2870,1549,60.545864,2
1994,1648,30.185442,0
1525,2111,82.197983,0
77,2401,57.972580,2
2925,573,12.688934,1
731,2463,52.715050,0
117,929,80.910049,2
2495,464,80.070549,0
2568,2118,8.626418,0
1242,2610,99.031464,2
2420,347,48.147533,2
1240,297,45.181835,0
2557,85,57.852802,2
2997,1142,35.615196,2
2949,2388,56.758869,0
2790,1030,44.667919,0
120,589,92.139542,0
1554,2166,82.276093,2
1395,1241,83.119850,0
387,1164,73.016899,0
386,2719,71.039154,2
687,2757,54.078442,0
1653,1376,10.227242,1
777,171,91.646461,2
2848,2849,26.138121,1
374,2336,25.050707,0
2753,1854,61.532959,0
646,2711,47.632362,0
1863,1205,84.125778,0
2000,499,50.887547,2
73,727,46.797039,0
2653,2435,39.209694,0
2822,660,13.930578,0
2255,2875,94.462173,2
506,1997,42.787117,2
609,1077,13.798968,0
2943,2052,44.751766,1
2285,1378,51.081108,0
723,140,69.748604,0
1630,1173,72.131676,1
2109,1120,47.506279,2
2922,1095,10.015852,0
789,756,18.248110,0
1851,2752,88.984306,0
170,1191,71.978958,0
1332,846,45.894520,1
138,22,18.665186,0
1014,2257,95.668556,1
1104,2502,59.002071,2
937,589,19.332432,1
833,1373,29.079815,1
85,387,50.363998,2
289,2205,7.510599,0
148,137,67.484848,1
436,440,47.543163,2
1764,1763,47.959721,2
2243,369,64.121117,2
2811,1873,94.989525,0
973,2527,66.842949,0
1184,209,70.449493,0
2556,2184,19.005222,0
1726,375,8.996655,2
1093,2870,51.268581,2
2350,447,81.675697,2
2409,627,7.756855,2
1535,864,49.504135,2
2995,1239,10.181805,2
2807,2619,94.490395,0
551,2237,11.090868,2
1558,2607,73.345078,2
22,955,36.876720,1
744,2628,47.635612,2
619,2623,98.125809,0
2579,517,34.951691,2
2644,1985,28.260000,2
2326,1631,33.074036,2
268,594,72.703949,2
1270,845,20.206089,0
300,1642,34.659992,0
1255,2729,77.562630,0
1925,2263,15.682619,2
1983,356,72.882538,0
2095,762,5.708835,0
759,312,78.979660,0
793,1707,84.664001,0
145,2896,69.229462,0
1272,16,6.050002,0
1564,1516,83.063766,0
2154,55,94.088219,2
1607,2901,17.065926,0
37,1152,58.932026,0
2749,2783,15.024744,2
2237,237,4.601577,2
1000,907,19.477583,2
547,1115,88.050377,0
920,541,54.008415,2
2659,1595,23.501785,0
751,2430,3.233220,2
2642,2087,45.338902,0
2870,896,38.236183,2
1768,860,94.276695,1
2061,2849,18.691460,0
885,856,7.592315,2
1234,2103,58.764874,1
784,2677,26.827381,0
108,2327,9.320093,2
1094,1897,92.630798,1
2512,604,85.494675,2
1043,1946,72.257591,2
1864,405,61.269699,0
2133,1056,15.946817,1
396,369,73.745964,2
2121,656,2.387121,0
567,912,71.919296,0
1164,1595,56.710117,0
1037,674,88.343536,0
1316,1258,54.914677,2
161,2992,72.997238,0
2970,211,29.326097,2
900,1749,53.878613,2
1060,2984,67.991966,0
66,1227,34.249783,2
416,1048,75.014404,0
1876,890,30.704494,1
1510,934,2.760251,0
920,1087,77.358345,0
811,513,32.043449,0
1250,1908,80.412201,0
2842,2595,17.436214,2
2735,2361,69.116554,1
2628,661,34.401344,0
2449,1108,82.738708,1
1807,1270,66.406334,0
2852,1705,64.455284,1
2667,371,96.892632,0
2092,1678,52.054089,2
253,956,79.976372,2
2251,1948,30.384134,0
2726,2310,46.186619,1
2728,1496,74.221924,0
452,1842,19.231535,2
299,2060,54.461823,2
1800,1848,40.798775,2
1868,2142,65.477470,0
698,2065,10.373626,2
2551,16,46.739880,0
1407,1870,43.709221,2
207,2274,94.137085,2
1174,2423,77.064514,0
2107,131,90.272331,0
24,375,80.735802,0
1138,796,51.105259,0
2308,149,53.063744,0
941,2572,24.149826,0
2830,558,75.240479,0
2751,717,12.918033,1
1709,2089,68.966858,2
2253,1500,8.504056,2
1139,2730,30.181473,1
1365,139,45.489719,2
955,1971,83.703293,0
1422,1255,23.435987,0
2841,2857,99.536766,1
634,2660,61.513805,2
2749,2738,21.583553,0
2936,366,74.471458,2
815,1726,61.158882,0
740,2437,75.695778,2
1437,320,75.030876,1
416,2270,93.233452,0
2137,1905,12.815110,2
2424,641,43.197376,2
2167,2121,43.240833,2
1204,2822,63.888664,0
2492,2019,69.123177,0
2939,322,63.302959,0
2761,2614,87.877090,1
2832,152,97.652176,2
1037,987,59.460033,0
1331,1912,22.034519,0
1395,221,73.360329,1
2933,1697,51.858879,0
576,1233,99.618629,2
2668,906,40.740524,2
1985,47,54.178978,0
1860,1454,35.468582,0
2930,1492,64.827499,1
947,2984,59.492172,0
945,2730,63.006371,0
1306,2248,13.254907,0
101,2384,93.651962,2
267,1880,48.563679,2
1817,1439,72.859871,2
2359,1106,94.300911,0
274,1130,42.965694,0
982,213,40.338604,0
1493,697,80.966042,0
1406,1527,25.343838,1
1620,2793,95.684105,0
1608,1595,35.791656,0
351,1307,6.032439,2
1505,1957,28.215218,0
1507,2158,78.556198,0
201,944,39.266186,0
1398,2398,65.229485,2
2232,2642,38.188835,0
916,113,75.898239,2
1969,1997,46.777580,0
2978,2223,6.453186,1
210,2999,12.639052,2
2568,2858,50.652092,1
543,32,0.682596,0
1538,848,48.563637,2
931,583,57.383099,2
953,1715,27.326281,2
1444,266,28.316574,2
2371,1781,11.795280,1
229,257,82.513710,0
1350,1398,63.448929,0
1700,1791,66.762123,0
374,7,99.213882,2
2910,1369,26.280247,0
2679,1672,35.144264,1
2443,1365,69.144142,0
1468,161,29.152620,0
2946,2201,10.275372,2
2998,519,75.598991,0
1219,1865,7.502221,2
532,1618,5.565151,2
2288,2654,91.168518,0
2225,593,68.200424,2
2354,850,12.639052,0
525,220,15.959934,0
1328,1318,95.636116,0
2451,310,11.685058,1
1965,1118,17.810467,2
909,956,85.336632,2
1679,2497,88.263184,0
2960,2315,65.892960,0
862,323,82.064095,2
1929,776,65.374512,2
1974,2324,32.571671,2
1075,2882,27.703306,1
2444,2387,81.410004,0
1042,377,2.775269,0
2312,784,94.214500,0
2480,976,35.019730,0
402,1385,66.235039,0
1209,1422,42.787117,2
1734,957,40.897507,2
1547,1256,65.465408,2
2226,582,11.365808,1
2980,218,28.560690,1
1874,2746,44.003139,2
1436,1784,13.850434,0
2344,2974,17.129240,2
1924,354,12.667018,1
588,367,53.786400,0
1475,139,17.085085,2
622,1548,68.424614,0
38,327,92.085938,0
2928,2646,61.576691,0
1155,1397,75.929474,2
2052,2012,25.451616,2
604,323,54.663837,2
807,994,98.975388,0
1911,1756,40.730923,2
87,371,33.315376,0
458,487,42.893631,0
1182,966,47.357567,2
631,533,54.518227,0
37,71,93.079170,2
1890,828,13.004857,0
1017,187,45.075260,2
1760,776,41.794621,2
968,1206,10.564192,0
1459,750,4.660112,2
901,1608,7.987466,1
1510,1552,51.306938,0
2938,850,63.564644,2
2383,197,52.180138,0
847,2609,37.912453,2
1393,1823,64.290939,0
2089,2150,29.507687,2
1074,203,93.488586,0
1224,2403,18.180935,0
2586,26,88.959946,2
2873,2974,86.606865,2
788,1584,69.890648,0
1012,860,11.852733,0
2735,2853,73.251854,0
199,2103,10.842485,0
104,1349,94.189919,0
981,2506,60.764194,1
2447,1586,54.163727,1
1418,2777,91.252296,2
1222,2444,17.892986,2
2059,538,89.549484,2
2923,1660,21.728992,0
1431,2422,29.957806,0
1006,2636,81.055389,0
395,712,84.788582,0
1713,1408,85.373169,0
2429,2519,20.462093,0
1650,1416,63.834610,2
199,52,94.683228,0
333,1868,46.408031,2
2968,558,79.358025,2
2422,2581,40.602295,0
2032,305,52.702076,2
843,1922,58.625862,2
1984,859,10.204012,1
1366,993,52.224930,2
818,628,74.207359,2
1173,2217,31.570667,0
1292,2093,45.439636,0
2970,220,58.359135,1
114,2382,63.369469,1
406,185,3.583564,2
1063,2536,66.331261,1
1105,838,75.317719,2
886,139,1.995239,2
2764,2050,81.873329,1
116,1563,27.129116,0
1882,742,9.443025,0
2825,298,16.070942,0
830,2512,27.072617,0
2293,2178,58.122932,2
2554,2259,18.947050,0
1608,2255,36.097057,2
177,1186,35.522820,2
1635,1154,74.633682,2
2624,2182,29.324154,2
2184,513,29.003935,0
2949,545,3.073132,0
1471,61,49.218803,0
1764,1229,30.189672,1
436,2085,38.655136,1
2027,2720,36.917496,0
1131,430,41.591080,2
1645,308,72.395294,0
2577,715,65.324585,2
1948,2785,2.060596,0
837,1857,97.661461,0
1066,1630,98.945496,0
2511,2261,98.924225,0
1689,1984,38.046139,2
2531,135,31.619846,2
1904,175,14.794605,2
1363,2897,41.196632,2
1608,2862,70.516945,0
109,1686,98.597687,0
620,2068,10.116904,2
133,2702,25.530457,0
1942,2615,44.781757,2
8,674,74.647041,0
2810,90,66.626060,0
2789,1637,78.523399,0
1460,2925,30.882061,2
2141,857,37.842003,1
1161,1807,0.153893,2
2440,403,72.738632,1
1856,135,77.105293,2
1481,1883,68.419891,2
2710,521,50.094631,0
859,2400,51.306938,1
228,1464,75.340782,0
705,1278,31.146183,0
1003,2520,81.465195,0
487,1996,9.768960,2
2464,1569,22.698902,1
1621,1635,77.620407,0
2440,777,75.397766,2
2737,387,74.750946,2
1756,2136,81.702492,2
21,1795,30.384134,2
311,616,57.858582,0
2868,2124,84.026588,0
2055,1602,47.649220,2
2196,1765,76.572304,0
949,1829,0.161324,0
1101,1292,77.227623,1
1971,772,29.945175,0
2009,540,21.708162,2
1210,1033,26.453594,2
1306,2862,23.841377,0
1858,245,84.141556,2
1472,2338,4.412720,0
617,2396,1.530056,2
1114,1229,80.857216,0
2210,830,3.594199,2
2488,1083,81.461197,2
2937,2673,3.235302,2
920,631,60.298233,0
2389,1591,61.129921,0
2605,1263,44.642933,0
611,1053,64.184944,0
2062,963,46.243229,2
288,1315,2.446924,2
570,132,70.182129,0
684,377,35.208832,0
2933,805,14.156273,0
2156,387,63.726341,2
2053,2229,48.588501,0
1656,296,61.594467,0
168,2795,79.860268,0
1534,385,14.481391,0
276,2744,12.294795,2
169,2377,31.928909,0
2458,204,76.965485,2
2470,2144,43.052990,1
2120,1698,3.943599,2
2079,717,51.674221,0
921,650,73.421547,0
2477,1117,65.019630,0
931,2095,51.902504,2
159,230,94.407021,2
2429,780,21.833603,2
2719,194,40.750420,2
124,1747,67.937263,0
2880,1829,66.869598,0
984,2353,95.735916,0
2464,1627,61.704250,2
2213,1619,50.992107,0
2988,1267,98.705490,2
1993,1372,41.715145,0
1947,2924,70.136368,2
115,102,5.971855,0
1582,1314,33.830704,0
501,1154,40.180569,0
2839,980,26.765099,1
1192,2242,31.847168,2
2479,1720,47.755268,0
2713,2363,37.708275,2
850,1561,8.107715,2
632,973,98.149025,1
2425,1772,32.890438,0
2643,2117,42.122780,0
2879,3,96.238754,2
2976,1643,3.283612,0
2645,2787,55.811657,0
2141,2703,79.795227,0
1302,2462,29.003935,2
2418,1416,5.818025,2
1762,490,50.415352,2
128,138,73.569313,0
120,463,63.397488,0
153,122,49.553024,0
1894,128,5.552921,0
1984,149,90.921097,0
2500,2090,95.099457,2
1230,2379,77.819481,2
123,1411,39.588120,0
2846,1571,84.108818,2
209,205,19.253824,2
1026,2328,78.876335,2
2938,2638,85.351044,0
1368,1518,21.658272,0
494,1898,18.340551,0
1950,1156,84.975487,0
2020,570,91.529785,0
791,484,16.006096,0
1067,2065,58.857105,0
2564,2009,66.510498,2
1977,88,61.251461,0
744,1743,71.027008,0
2041,1383,62.390518,2
1747,247,34.968697,1
1651,1489,21.462324,0
1882,352,50.270199,0
2502,2588,37.494801,0
2641,1024,98.635460,0
2417,1208,91.744789,0
445,537,48.053024,0
27,528,31.816460,0
1264,259,45.628197,2
1159,1253,60.840942,0
461,1829,93.837715,0
621,33,54.267139,0
881,2148,44.003178,1
2979,988,65.269142,0
1570,807,96.881226,0
481,834,69.867760,0
1603,534,37.240761,0
404,1956,71.118454,0
63,2195,43.666805,2
994,1116,85.104889,2
2323,1162,40.283623,0
2662,2437,85.618172,2
771,266,75.775841,2
691,86,43.797417,0
2455,2096,37.711464,2
2456,77,39.389496,2
1586,2583,74.377548,1
1179,226,48.022964,2
1233,2235,34.908085,2
1215,2392,47.198700,2
2483,2125,39.847099,1
2956,2568,13.842268,2
1842,1018,48.058010,2
1251,2863,69.237808,0
1348,2685,24.160133,0
1722,2798,19.974453,0
2775,2538,36.031738,0
1753,131,43.497890,2
561,2121,41.501785,2
2330,2410,59.843971,0
593,809,75.853600,1
317,3,64.820755,0
705,1120,70.263916,0
2293,2802,84.115417,0
1181,1282,18.983461,2
2335,2443,34.778442,0
1578,1090,21.065405,2
898,2844,2.989987,1
2755,1937,40.186104,1
1265,1848,6.385626,2
446,236,43.409370,0
2612,2628,47.898064,2
657,1021,53.890244,2
1917,1119,53.589375,2
183,2961,47.467720,2
627,2400,37.241226,0
9,620,65.235931,0
1498,430,32.016602,2
2736,2999,25.202307,0
373,2824,78.431747,2
1573,528,71.027512,2
1432,2556,96.582031,0
2174,896,37.573090,0
1349,1748,38.943325,2
2119,28,68.196693,2
1106,2469,33.590572,0
2118,1746,2.781298,2
155,2906,57.730659,0
1252,2135,94.367302,0
2043,1055,21.949314,0
2979,973,89.421082,1
984,1492,75.731987,1
2294,1183,99.670738,1
2271,89,19.087143,0
33,442,84.376534,1
708,2815,24.197456,2
169,2673,79.277054,1
845,1878,50.828041,0
1032,2021,25.410900,2
2551,1958,68.059532,0
1140,1152,96.557816,0
1079,1747,12.639536,0
2252,1806,65.907982,2
171,244,71.513222,1
2332,329,71.310616,0
1106,1274,12.232228,0
2607,2698,18.609177,1
563,2125,12.817899,1
936,24,27.529222,1
1944,1756,93.738937,2
2586,2936,93.471474,1
2799,2821,70.454071,0
2956,2288,59.027214,2
2064,830,89.578003,1
2267,2320,81.082390,0
325,377,22.493073,0
100,1048,44.313065,0
409,180,79.879639,0
1728,2531,19.465137,0
2203,2297,83.896400,2
2962,2995,45.796974,2
2427,681,67.998764,0
1839,1994,97.880165,2
846,2956,43.168888,0
1387,1635,33.505287,0
2399,1860,67.656433,1
314,2861,43.797062,2
1295,171,35.288120,2
2226,2832,37.713875,2
857,111,14.433038,1
2972,1683,22.088369,2
875,1222,32.597420,0
2491,1387,86.550385,1
980,1639,44.953255,0
1683,563,84.505127,2
2175,1891,69.530319,0
222,1694,15.398251,2
1515,2480,96.206123,2
1402,2358,58.740128,2
44,1182,93.751724,0
1950,2418,3.364360,0
2371,1093,56.792099,0
1175,74,26.574389,0
4,2213,51.020973,2
1331,1981,58.174274,2
1390,499,56.857605,2
761,1223,96.646820,2
2333,981,22.144094,1
2640,1810,20.117813,2
2527,595,18.782026,0
2513,376,49.053226,2
1572,1261,43.545372,0
2236,1042,67.431633,2
2396,1887,36.127686,2
949,210,51.714195,2
824,2920,44.607258,0
2285,1263,92.057915,0
193,905,30.075136,2
2346,479,49.274490,2
253,2321,92.788918,0
569,1847,61.562794,2
657,2039,24.524080,2
2075,1281,98.685341,0
1994,2428,15.319355,2
464,1815,82.920532,0
2246,2674,55.575756,1
2110,1674,3.054478,2
1692,204,85.045357,2
417,2769,41.352165,1
1493,727,18.786232,0
1076,2566,59.854969,0
1040,960,16.018026,1
2936,92,45.245205,0
1421,1118,45.965950,2
2290,1572,42.267704,2
163,2004,74.562843,2
512,2272,88.488388,0
2312,1894,15.551525,0
2968,2037,42.924664,1
1464,2207,36.262287,2
2923,2356,21.928877,0
1412,606,28.755270,2
1736,603,2.950438,0
2603,327,41.713306,0
265,1174,59.235016,0
47,1470,31.825785,2
1770,875,47.316574,2
933,528,80.089096,2
2588,1608,48.646408,0
958,372,90.076973,1
2398,1273,31.801888,0
328,2641,47.210499,0
643,2687,75.660225,0
1569,2775,78.317619,0
1153,386,38.605762,0
2244,1158,90.163979,0
2911,2435,54.349079,1
2486,2016,83.097733,2
2623,2625,90.943512,0
37,172,23.269583,0
2047,2197,48.563637,0
1375,2970,97.784782,2
1708,1380,18.291002,2
1010,2393,20.124952,0
2210,995,15.059396,0
2448,2019,63.397488,2
1124,2355,39.028751,0
325,2481,61.060936,0
1560,1487,1.445745,1
2502,1999,38.825809,2
1503,888,31.551109,0
872,696,39.032177,0
1030,103,15.576845,1
2952,998,43.035820,2
741,1503,46.321674,0
1526,907,49.773884,0
136,2010,18.140442,0
2372,816,58.685753,0
1172,2100,14.351263,0
2069,888,41.419579,2
168,2620,72.052620,0
815,1167,26.995201,2
1446,176,49.567947,0
2197,1725,13.656392,0
2610,2326,88.495964,0
1805,1122,95.052650,2
1550,2825,90.426720,0
548,191,7.644156,2
1999,1368,84.423615,0
2124,853,95.045380,0
968,559,51.812248,0
2890,87,36.758266,0
1552,681,47.197346,1
2821,1001,48.428707,1
2201,712,86.487999,0
606,171,33.283230,2
2302,1728,76.386665,2
2688,1753,66.770302,2
1265,110,19.028738,2
2792,2949,11.797843,2
1964,1435,0.427477,0
1555,533,17.921612,0
1775,18,5.498603,2
2691,498,40.011650,0
1359,2231,53.818916,0
2568,1903,20.637619,0
1013,1592,85.810974,2
1400,2943,87.768982,0
293,264,19.093309,0
1487,364,40.229637,0
1020,160,26.958359,1
2231,2453,19.831465,0
1886,739,83.610420,2
1020,200,73.213646,1
1229,2910,65.889755,1
1802,2402,1.769537,1
2035,291,74.772385,2
2520,1408,25.568384,0
504,73,69.124382,0
510,484,31.023407,2
2046,2673,45.366756,1
2243,2268,58.034012,0
157,40,61.220360,1
940,2399,85.579559,0
2671,1762,86.561134,0
2749,1050,99.689384,0
2003,1366,70.412720,0
909,2827,59.476746,0
1394,1772,66.729561,1
1939,1584,82.068375,0
2167,1124,30.564642,2
1583,1444,87.699745,2
974,2035,50.302906,0
1573,2447,94.424324,2
1576,2913,78.892349,2
858,1501,41.248802,0
698,2398,19.659554,2
1367,686,36.062416,1
1591,1775,68.153954,0
2799,1165,24.718943,0
559,395,90.081444,1
2147,170,81.802826,1
971,2787,20.758972,1
274,299,47.589493,0
778,1524,77.186920,1
2045,405,74.948708,2
153,2654,18.082474,2
2645,2680,80.835373,0
563,2480,89.733192,1
1586,862,67.719856,2
1356,2888,53.243488,0
92,204,56.281620,0
2583,2708,52.394760,2
572,526,83.698509,1
1592,913,14.901348,2
1219,2756,73.637672,2
1673,2407,21.709387,2
2895,2043,23.044115,0
1510,1744,83.255928,1
2783,411,93.098419,2
2328,1468,5.780059,2
1632,656,29.800537,2
2156,624,55.072224,2
2982,125,51.054211,0
1790,518,71.726311,0
879,2492,41.035225,0
1155,1380,41.408031,2
743,2967,95.691658,2
1750,2448,13.595678,0
2013,2501,49.194912,2
2657,1270,46.075642,0
2936,794,89.811653,0
2360,158,42.769562,2
1273,1446,67.750374,2
2817,1399,34.684139,2
1318,1284,69.118492,0
648,197,12.276334,0
693,2941,58.859356,2
1417,1748,47.673428,2
88,1813,98.194534,0
1839,1131,45.611404,2
2891,1880,42.164684,0
2777,1254,72.842094,0
1979,2432,4.695092,0
1579,435,39.927822,0
5,2038,64.397324,0
2766,609,55.940151,2
1484,2869,10.665970,1
1630,1415,15.430799,1
2815,1744,43.842712,0
225,298,58.415977,0
2905,419,19.410444,2
2023,1895,4.314223,0
2124,726,98.469131,2
1914,1059,56.836723,2
2190,2778,66.442291,1
563,1124,8.238499,0
1486,2139,49.973392,0
2360,1699,54.254402,0
1309,1046,69.335152,2
2925,2454,29.230055,1
2756,107,33.582516,0
1975,2283,60.635303,0
886,660,60.897511,2
1752,1623,45.349960,2
2319,167,11.974951,0
2445,982,78.245537,2
1535,874,54.884697,2
1231,1743,12.160231,2
2004,396,38.222275,2
1814,2738,37.544792,2
1662,2782,99.680435,0
791,1251,34.393272,2
1330,1643,62.771328,2
1238,231,84.572281,1
498,2574,94.771721,0
2197,217,24.081306,0
316,2469,72.750244,0
52,1538,49.979042,2
14,1308,69.515228,1
915,2246,29.510546,0
127,500,41.710831,2
2312,2281,25.784985,2
1909,624,71.153961,2
2314,1835,36.222446,0
2312,2687,64.219780,2
528,1007,54.342346,2
2184,1175,30.384752,0
665,2754,81.756424,0
1649,154,72.023552,0
2984,1621,16.514311,0
1572,2381,86.255966,1
2014,407,70.709557,2
1014,1713,50.594948,0
646,587,27.327951,0
2761,1589,68.461746,0
52,1839,17.771904,2
738,246,62.098606,0
1250,1238,29.280760,0
2547,243,64.826416,0
2106,793,23.573051,2
444,111,56.597477,0
2628,558,5.065447,2
15,2979,7.462686,2
1650,2359,17.823071,2
2371,123,11.183233,2
154,1889,97.849861,0
140,597,9.459520,2
380,140,90.924934,2
2055,1903,30.996893,2
142,413,98.162697,2
203,1479,8.504664,0
2235,1292,88.239601,1
1475,859,6.389770,0
2764,1266,20.788263,0
2165,999,92.454529,0
2230,20,8.102771,0
2996,598,33.460720,2
694,1739,47.244534,0
349,305,72.201889,0
1093,2624,8.840434,0
1743,2228,69.702400,0
187,962,0.502767,0
2835,1192,79.977478,2
1037,2231,73.109528,0
2338,1013,1.327570,2
930,399,32.435410,0
413,2162,25.841051,0
2848,1643,13.389778,0
1353,1210,13.669414,2
47,637,61.881496,2
832,2979,92.216324,2
2255,2691,90.800568,0
2222,1878,59.498543,0
2169,2856,40.382133,2
328,2361,53.608459,0
1703,2814,43.613724,0
1770,546,6.938468,0
147,1274,13.542125,0
2702,610,83.995232,2
2962,2702,39.905766,0
520,1370,41.479267,0
2286,1994,13.265606,0
1436,2303,99.018883,0
490,1063,24.611824,2
764,2558,57.474220,2
1362,199,43.015289,2
761,1397,11.495587,2
1534,348,25.438877,0
1629,488,49.553677,2
2132,931,59.728626,2
268,1429,50.062580,2
2066,2462,46.347115,0
1764,1007,22.465424,0
1517,221,37.014622,1
2535,2878,15.473883,0
149,1849,34.614349,2
1234,480,5.827757,0
1216,1513,59.607742,1
2717,532,10.579412,0
767,1340,19.186272,2
2529,2520,52.981331,0
482,437,70.647331,2
540,142,45.562321,2
1449,2428,93.459030,2
1945,811,56.503017,2
1665,1357,34.079369,1
861,107,91.304352,0
2417,154,10.267838,2
2689,577,8.504664,2
10,1938,81.146538,0
692,904,9.394716,0
1827,1394,96.246193,0
1847,1056,28.323799,1
2187,2414,29.869633,2
326,1381,76.853584,0
919,1239,8.180367,2
959,2155,12.014014,2
382,577,49.719234,0
1535,1642,39.578400,2
2046,759,82.892731,0
1593,1453,54.427891,1
2710,974,53.614292,2
2027,681,14.093365,1
2652,2967,5.498603,0
1728,673,99.147652,0
765,918,62.979847,2
1794,1477,67.998764,2
1511,911,33.074627,2
2169,690,23.447895,0
2912,2043,63.374336,1
2454,1971,99.284004,1
2502,1856,98.648796,0
1522,326,67.697296,1
2676,862,57.865955,2
2460,619,20.650627,0
993,523,39.672459,1
2786,724,32.122189,0
2941,2217,87.592918,0
1815,2935,36.160164,0
2683,2302,18.238016,2
1107,32,8.852001,0
378,1710,53.520012,2
2828,1872,7.367848,0
831,2548,59.022167,1
1266,1435,79.882408,0
671,571,69.624741,0
2177,244,25.626480,0
944,805,65.497681,0
1337,253,75.581909,0
396,72,9.124388,2
140,2775,1.349794,0
119,1342,32.489967,2
339,969,34.902817,1
721,2371,75.575272,2
2102,1658,30.050697,0
1420,2503,93.088745,2
2208,1590,64.010521,2
747,1391,62.505001,2
111,2015,76.927399,0
1389,465,50.887302,2
2329,2768,61.300449,2
589,438,28.445129,0
2095,1139,91.436035,1
1212,163,45.638985,2
534,1752,94.642677,2
1651,1189,52.212921,2
1317,2015,24.494923,0
2029,545,29.856850,2
10,518,81.720001,0
2856,2555,56.799061,2
237,1046,74.010452,0
1421,2376,24.310184,0
180,2191,40.794586,1
985,1029,35.551147,2
2463,2969,93.869003,0
167,2485,68.577606,0
133,782,55.245766,0
2255,23,35.813873,0
2106,89,34.019955,1
2244,1488,26.140877,0
148,397,30.448471,2
113,265,84.560051,2
2958,2058,86.109406,2
2670,1109,75.799957,2
1127,540,82.205925,0
818,1071,38.016056,1
2167,1128,78.904358,2
2412,2639,63.050541,0
1993,620,97.278702,0
642,2607,14.365432,0
1481,2505,13.241755,0
2758,1451,36.041527,1
2784,2443,35.141579,0
2805,2174,65.004692,2
2423,39,30.963745,0
297,1121,35.423141,2
2482,2316,96.851433,0
2959,965,44.602379,1
1135,2766,17.983320,0
2701,301,37.205353,2
1935,2485,96.078499,0
1928,220,13.453422,0
2606,710,53.899780,0
2039,2241,87.490311,2
1271,2898,51.523254,2
1581,2720,25.326866,0
2440,1515,67.734642,2
1315,994,30.448471,0
1440,1707,3.549741,2
763,2150,16.707674,2
1734,2011,4.600621,1
1936,2954,74.736015,2
2461,2924,82.060623,0
1233,521,70.963936,0
2955,1685,87.125267,0
2945,889,75.868546,2
1863,99,91.726021,0
160,253,59.184540,0
2232,497,87.043106,1
1955,2757,13.541255,0
524,2886,29.986685,0
1912,664,62.177738,0
667,697,57.106739,2
2522,2258,40.658707,2
1567,1196,51.554932,1
2042,1031,21.198910,0
1202,938,95.100777,2
321,1610,54.345387,2
1029,627,47.964474,0
1641,543,85.788956,2
1211,2997,46.848019,2
2695,2939,56.765770,0
598,2494,64.241653,2
2126,1839,95.268486,2
229,1129,24.600056,0
2567,2506,84.165985,2
694,2695,66.196632,1
90,853,74.690079,0
1696,1968,15.051411,2
1953,1436,84.560051,2
921,2776,85.397530,2
1013,1149,54.962936,2
1221,411,94.136269,2
1526,2180,72.705948,2
2513,1116,36.788715,2
870,2431,72.812027,2
1225,81,80.568787,0
2867,1809,92.196960,2
1517,1126,51.871605,0
293,1017,30.800648,0
2101,1834,2.641764,2
1332,2627,89.182800,1
2480,1303,13.095195,0
2839,1012,48.833282,0
1731,928,76.182289,2
2847,1027,66.842949,0
2137,69,8.776247,2
388,861,79.591873,2
1895,545,31.138294,0
892,2816,37.205353,0
1513,817,99.277771,0
547,1997,61.763763,2
216,2259,96.194000,2
2705,409,57.926720,0
2124,2925,81.705902,0
1232,2812,92.877174,2
2868,2461,48.492245,0
1480,119,40.831245,0
232,2686,47.632362,2
2979,1674,52.045929,0
374,1058,96.242073,2
2864,2022,58.392277,0
2356,2680,24.645573,0
1601,1606,10.063679,2
590,1885,2.091490,2
2359,848,85.539665,2
2133,1269,26.361265,2
1730,2617,97.330376,0
446,1656,63.062023,0
1391,1574,65.657806,0
1837,357,6.614131,1
314,1390,82.979012,2
1663,764,12.896922,0
2313,784,55.514893,0
2605,1033,61.680653,2
714,1157,47.414146,0
1417,1722,46.109684,2
2483,879,61.574535,0
2640,208,46.708740,2
2386,1996,59.439857,0
2557,1970,8.255312,0
110,2722,3.835655,1
2862,2509,73.381676,2
1233,986,63.655937,2
1693,355,51.302605,0
2349,2144,75.371597,0
2145,2937,52.612907,0
585,358,66.606003,2
1338,445,27.568560,2
1324,1622,98.502991,0
2517,256,6.385626,1
215,608,93.501785,2
1171,1984,82.600372,0
1027,825,68.432381,0
2955,2483,81.548912,0
2655,2645,39.795609,0
584,193,96.381065,2
758,1458,95.168907,2
89,130,3.149360,0
2058,2894,56.362976,0
674,373,70.241173,2
65,1915,3.038106,2
1711,2087,55.219723,0
1144,2276,70.200760,0
2305,2907,12.659599,2
2637,277,18.732191,0
2332,698,7.534952,0
2107,1693,96.349724,2
1695,2563,40.720905,2
1998,2308,47.764458,2
2609,1783,75.362938,2
2058,1411,53.510342,2
1115,2861,45.674576,2
1043,1870,90.438858,2
662,2643,34.542679,0
992,2979,79.182289,2
1403,165,61.453171,0
963,1564,83.199791,1
65,1501,69.660156,0
2842,231,72.163414,2
1187,2972,23.098606,0
2994,1020,86.703056,1
18,1677,60.174259,2
2226,2738,19.651834,2
1305,2339,61.877163,0
1364,2563,18.091539,2
413,2767,32.385693,2
503,2407,6.739325,2
1891,10,71.763115,1
1195,1507,21.198910,2
1859,1793,57.852802,2
2883,2003,3.670062,0
1835,2079,99.038567,0
1808,1458,18.252211,0
1369,577,68.577606,2
2705,1887,68.531410,2
2691,575,98.983307,0
1182,2882,5.561504,1
1015,2088,84.606567,2
309,297,28.224501,1
170,1438,25.274994,2
1882,400,19.397104,0
2073,2966,20.734251,0
625,2410,51.430611,0
2525,1117,27.013336,0
1349,21,15.013083,0
1256,2243,95.903618,0
2789,2230,75.362938,0
1240,2702,91.192604,2
2932,1150,58.552380,0
2537,1643,58.446857,0
2052,2741,64.147049,2
2386,553,54.160866,2
1368,1785,17.096333,0
42,631,4.730534,0
1255,1226,57.224827,0
299,2555,6.309955,0
1724,2981,46.377964,2
1455,685,97.902611,0
2348,504,62.543468,0
1641,2242,64.376968,0
1794,2551,36.536621,2
397,2501,11.045283,2
2208,1556,63.435989,0
1733,2194,85.872368,0
2851,2235,99.042252,0
1067,114,3.447798,0
718,1588,9.734825,0
824,537,73.956161,0
786,2102,20.603975,0
2038,1725,99.608154,0
1520,1682,33.630699,0
1514,2539,62.241875,1
2225,1260,95.268822,2
1182,1637,23.637163,0
382,1045,24.067331,0
1881,891,76.646645,0
2116,1586,18.994116,0
122,1931,45.480042,0
2541,841,67.452866,0
1281,1796,90.916748,0
115,2056,43.086147,0
1922,78,22.190260,2
299,2100,79.571060,0
623,2539,11.340816,0
648,2800,35.647129,2
2409,594,80.719872,0
1728,2686,64.397324,0
1129,2810,86.177498,0
2191,1744,15.249074,0
2262,1914,91.346809,2
1884,561,8.778356,0
11,2910,13.450630,1
1614,1760,0.721235,2
788,1092,10.745620,0
2881,2649,29.029631,0
2093,748,93.385765,0
2313,633,50.067310,2
1024,441,69.319374,2
1988,59,39.588120,2
2176,493,50.701427,2
2666,380,9.795305,0
593,954,33.056385,1
1986,1964,31.066166,2
2732,203,77.508919,2
1258,1051,40.174740,2
1904,1805,39.501427,1
2043,2567,39.291599,2
1653,2470,90.348244,0
540,1629,38.920387,2
168,2275,92.940720,2
329,1193,94.993546,2
2064,2101,71.965523,2
1288,1060,70.365326,1
456,843,74.430290,2
2974,2678,96.375999,2
2258,1087,53.289291,0
1128,2418,11.461977,1
1665,2788,28.086187,1
2928,1258,18.344975,0
2300,2946,15.256264,2
2130,246,79.397011,0
157,1085,25.676931,0
2116,2884,21.469990,0
2590,25,61.690647,0
1245,1369,25.889666,1
1806,2421,39.480167,2
1773,38,44.145332,0
202,111,17.670254,0
2366,1200,33.865665,0
897,713,49.396690,2
665,2303,15.473272,2
915,2443,93.377632,0
1397,293,78.678154,0
798,738,13.814696,0
431,69,47.250366,0
481,1385,93.219467,0
2625,2424,3.310697,0
2227,785,54.914711,2
780,2546,63.052280,2
78,580,76.968216,0
2424,927,65.919365,0
861,1302,1.526692,0
2118,1041,82.749405,2
1682,405,80.077591,2
413,216,89.490189,2
536,2968,85.466782,0
1299,787,35.995613,1
1787,1111,2.596068,0
1563,363,93.835678,1
1357,5,82.597183,0
2893,2802,7.350338,0
2361,2196,13.930578,2
730,1966,10.852345,0
2731,2465,9.860949,2
2374,1889,75.653725,0
2783,1295,43.408764,2
1519,1686,66.434402,0
354,0,2.259408,0
2693,2782,71.892548,0
1228,351,87.782707,0
1320,2532,24.176983,0
884,1318,13.775068,2
1146,644,21.483074,0
894,2069,33.288635,0
998,2379,62.627037,0
203,1696,73.195450,2
1028,1834,4.601577,2
2179,2752,23.861931,0
681,2088,29.078289,2
617,183,6.458358,0
1209,2724,39.451164,0
1555,2872,8.995662,0
1843,2367,14.731091,2
602,2880,64.907303,0
2635,2239,55.136353,0
2600,2016,43.926373,2
1770,87,98.717278,0
364,2660,84.334961,0
2481,1468,99.209503,2
1589,1884,0.637746,0
2971,284,9.730488,2
1193,2150,51.730892,2
1188,1857,92.155968,0
1197,2938,85.817406,0
1916,1775,58.947857,0
523,478,15.319355,2
1903,1197,48.479557,2
2569,2066,30.265100,2
939,1027,23.032644,0
790,767,60.521008,0
348,172,17.441050,2
1730,675,72.126289,0
528,1688,74.054993,0
2128,485,15.954896,1
1144,1735,78.019348,0
2321,904,14.866564,2
2282,2881,1.700737,0
677,189,69.325974,2
2202,2258,95.061684,0
1288,1780,89.117264,0
2529,1606,54.690212,0
1207,58,16.877584,0
1756,1324,79.613136,2
1628,2335,57.853466,2
2328,848,35.054398,2
764,2050,74.711128,1
776,1961,4.224521,2
795,1618,82.596375,2
2216,2234,88.638824,0
1811,765,11.725413,0
1043,83,57.612694,2
665,839,92.948013,0
2855,1668,1.380979,1
44,2973,87.768982,0
2348,415,22.882702,0
1852,2374,79.093559,1
944,672,78.995277,2
1306,1726,75.191856,1
796,1212,47.195644,0
287,2777,23.373636,2
1110,2038,92.461006,0
2918,2619,55.325134,0
2117,1904,35.038586,2
2946,907,81.824051,2
2334,2147,39.445679,2
1203,1494,11.459401,2
2773,515,90.898819,2
1215,1996,30.034344,2
514,466,41.078480,2
2091,1404,40.657475,1
303,1404,76.209457,0
1154,1720,43.406357,0
1039,2715,24.042221,0
684,1783,16.681181,0
2900,285,21.938892,2
1674,521,76.883202,0
1479,1558,12.786433,2
2099,1217,43.200710,2
129,1352,32.355804,0
1052,2267,31.442961,0
2976,97,22.695114,1
1863,2911,95.329422,0
700,2459,56.405182,0
35,2440,83.650887,2
383,1074,94.786125,0
49,2764,72.416809,0
1001,2951,39.333256,1
1759,1906,9.692387,2
376,1770,6.827182,0
450,161,76.698990,0
2819,1168,91.848061,0
2658,1753,96.364845,0
2462,2743,55.066772,2
2305,1593,29.175714,0
2233,2347,26.396364,2
86,944,52.991100,0
2217,2174,7.111743,2
424,2800,83.665665,2
1153,1877,33.678154,2
478,2666,89.967316,0
26,383,53.475586,2
1713,2537,5.552921,2
2412,2443,30.731401,0
1590,1538,24.141233,2
1633,1860,35.507565,0
30,2410,46.742485,0
1164,1233,98.371193,0
242,659,18.413660,0
1917,560,94.094841,2
1582,968,78.980232,2
1099,1967,2.338347,0
2882,2966,68.482780,0
2890,1951,53.327545,1
2013,912,49.893986,1
1543,1164,72.610054,2
2894,2748,98.674080,0
1133,2822,6.564818,0
158,1709,55.514893,2
223,2817,40.902767,2
2577,2360,90.434418,2
2608,827,66.324051,2
2841,2190,57.022644,2
405,2896,33.470753,0
984,168,33.170475,0
2330,879,39.412449,1
2425,1860,20.708044,1
1311,2336,60.778309,2
850,2540,29.736053,0
817,822,89.455681,2
294,2753,60.940113,1
2143,2451,11.868021,2
2271,111,97.402611,0
1394,2706,63.722832,2
1111,1461,64.560379,2
583,2041,53.384468,2
2962,2174,12.563428,2
906,2278,31.954201,0
229,1730,21.880745,0
2982,792,60.067726,0
2493,922,43.569347,2
2473,1777,59.287109,0
803,1583,86.754768,0
921,1626,6.321076,2
2855,1565,22.418644,2
40,2961,98.759315,1
2027,1001,52.319485,1
206,2995,30.826656,0
2632,2492,53.140045,2
2733,695,41.606094,2
2495,367,80.336960,0
520,1433,83.875732,0
185,1662,0.541805,1
2398,1407,88.292099,2
1469,55,66.281624,0
1433,1848,69.854103,0
245,1216,74.446114,0
2611,284,64.667656,0
968,1852,87.705734,2
2555,2615,94.208694,0
1991,1095,74.727844,0
1147,1696,83.232704,0
2404,2136,78.966515,2
200,2376,11.080961,2
2792,2563,38.092541,2
348,1452,82.907372,2
1308,1187,25.926823,0
917,960,24.317965,2
2023,69,56.605469,2
1390,1545,48.137123,2
1964,2184,5.392046,0
2135,1489,30.670883,2
1241,510,35.489586,2
446,1795,59.271526,2
748,789,17.951906,2
1622,2397,81.734451,0
2323,2255,89.116188,2
1327,2056,77.561028,1
1048,2333,37.763222,0
846,916,72.830338,2
1672,637,22.877066,0
387,1262,48.132038,2
1991,1995,98.792778,2
342,406,22.202673,2
1614,1960,90.019859,0
2290,1709,65.510872,0
1328,900,12.131589,2
1394,2981,93.100258,0
1765,477,33.612152,0
532,32,32.389084,0
1711,2318,92.050453,0
2670,2216,77.694466,0
1643,73,5.354247,0
1655,1661,34.098923,1
2344,2557,30.467089,2
1550,243,56.103542,1
1942,1457,60.405048,0
1683,1366,61.603371,0
1774,443,59.574978,0
2421,181,90.459763,2
855,1774,86.008232,2
1183,358,98.163162,2
1991,156,34.342091,2
146,1986,53.661934,0
459,2937,86.703056,0
2941,178,67.900024,1
1181,1581,54.306351,2
2652,1595,18.232008,0
123,138,27.110357,0
692,2503,13.778938,0
132,1581,9.226165,2
2569,2819,84.411102,0
2837,1177,2.919970,1
6,801,24.593197,0
998,1388,46.845535,0
1364,112,5.391121,2
643,2161,31.547413,2
1690,1814,64.981171,2
224,1245,91.571396,0
2844,41,89.571907,2
996,2910,48.816704,0
861,2650,25.360039,1
2977,2271,7.123609,2
750,1721,33.389141,0
23,60,25.353958,2
1037,2481,83.103683,2
1430,1914,97.273003,2
1741,2322,31.274183,2
2628,529,64.901230,2
682,1233,55.422070,0
1580,486,16.311695,2
2054,1868,5.235398,2
1989,2216,67.653130,0
915,2670,55.740822,0
1252,2363,27.811218,2
112,1752,54.108627,2
344,77,60.594040,0
2936,428,73.716515,0
361,1710,1.858487,0
1298,651,43.865383,0
1329,1771,14.106109,0
2193,2189,9.427759,0
770,797,43.524189,2
2001,1361,93.088745,1
1049,2478,98.250694,2
2087,1782,73.212227,1
1883,1775,9.892376,0
2429,2701,88.092674,0
1592,2651,85.622765,1
2047,1171,25.048967,2
1444,2636,71.677826,0
1782,526,40.239979,0
2139,448,3.943599,2
2186,693,84.894341,0
1121,478,54.603542,2
1403,629,48.669399,2
1742,2028,48.343555,2
431,2916,31.653690,2
2239,1173,17.629084,1
2522,2984,53.531796,2
2165,2577,38.456421,0
1449,1087,84.900650,0
2527,1743,69.997620,0
2445,2860,42.388176,0
2267,2056,32.451046,0
2498,2590,48.472095,2
297,2696,12.946331,2
1806,698,93.684013,0
1852,2548,53.830845,0
1055,1731,26.213091,0
2322,2040,4.615039,0
492,1104,15.522975,2
1429,2882,94.156136,0
2140,878,20.098967,0
2511,835,55.995705,0
2548,1357,76.785088,0
1560,1997,38.364471,2
2930,1292,42.378471,0
1041,2603,80.070549,0
2618,2148,31.013222,0
1221,2759,20.890539,0
434,30,93.898872,0
1529,2950,70.672089,0
888,120,8.384116,0
141,1570,82.129921,0
465,806,17.507574,2
1379,1211,99.664185,1
2742,816,23.672752,0
2530,94,12.664668,0
407,461,59.055656,1
2460,2221,92.603165,0
2043,202,32.506302,2
533,1395,5.166226,0
2064,2071,34.525200,2
453,272,12.833639,1
2072,175,43.948002,2
1520,2001,87.775475,2
2134,962,81.023758,0
1204,1251,69.250801,0
62,296,75.808022,1
1451,2533,11.881808,1
254,1491,23.753813,0
1101,1154,35.712299,0
823,2904,84.759262,0
2873,1585,51.596840,0
2701,1833,72.241051,0
655,1145,64.212608,2
1764,1824,90.222237,0
855,1728,69.762383,0
1402,272,31.598042,1
1215,309,89.372009,2
2711,755,9.965744,2
2051,1860,91.182167,0
1627,1673,62.006813,2
2956,1733,49.819374,0
1358,536,44.260586,1
388,155,73.078835,0
1375,567,51.826744,2
559,955,94.324150,0
256,2721,17.080790,0
1565,104,84.046036,2
2974,2690,86.377403,0
63,752,84.323509,0
456,1856,41.563446,2
821,52,79.288567,2
892,1263,36.858177,0
1690,1737,50.281826,1
2180,1784,13.590103,0
655,600,18.929840,0
112,507,95.803497,0
2149,723,26.893797,0
1178,396,49.891132,2
2057,1036,55.873730,0
2723,2531,32.216080,2
1325,15,30.113874,2
39,1156,50.660965,2
2946,550,27.522022,2
944,2572,38.374939,1
1472,2978,7.430900,0
755,2083,52.798882,0
1566,2709,77.087387,2
114,869,82.205925,0
394,618,51.082706,0
1071,2505,16.202950,0
452,2161,77.793190,2
2417,15,80.740692,2
1536,1638,77.294540,0
1622,1558,99.777817,2
1206,1112,74.946152,0
1946,1515,51.786587,2
513,2472,3.894809,2
2971,1318,8.013201,2
1086,237,70.358475,2
2100,2337,70.497078,0
292,1105,75.731987,2
2571,1243,31.547413,0
1077,2769,41.695683,0
1423,430,85.449692,2
1475,197,2.921654,2
107,862,47.238056,0
1202,1414,90.026917,0
2991,2991,36.559814,2
318,647,0.913766,2
1063,1555,39.498810,2
508,281,50.750957,1
2966,2986,1.855434,1
2323,2618,35.325970,0
2496,1553,14.047308,0
2396,2573,2.482085,0
153,680,24.093113,0
1225,526,2.128170,0
1262,343,40.711346,0
397,950,75.146973,0
2569,1089,38.928417,2
2662,979,53.825401,2
2538,937,45.429379,0
492,2032,20.148706,2
1703,556,7.462686,0
965,160,76.187202,0
948,2829,87.131126,2
1746,1377,40.180569,2
2846,2925,62.625298,0
1979,1011,14.540917,0
1765,2646,23.092661,2
613,1069,64.540489,2
1477,1002,87.601639,0
1701,1557,65.327209,0
2443,270,46.582947,0
759,145,26.877682,0
2344,1567,60.986950,0
376,1441,70.516014,2
1924,607,59.841805,2
1554,1028,74.174454,2
2120,669,28.837749,0
2390,2350,53.484879,2
371,50,70.192085,2
522,2738,3.878396,2
260,1200,68.124237,2
2093,2452,89.648918,0
2068,666,21.985950,0
2006,1541,73.931267,0
1684,242,39.824596,2
1191,1105,2.152228,2
739,679,65.821198,2
138,446,41.912254,0
2096,2412,93.898872,0
333,2226,66.953888,0
523,2437,66.687180,2
527,995,14.580740,2
1004,829,85.334297,0
2620,675,26.992128,0
2935,677,27.856689,2
1549,2329,36.671429,0
182,744,15.283681,2
2539,616,54.780495,0
929,796,71.488693,0
127,952,25.163542,2
875,87,99.571922,0
2581,603,12.855747,0
1145,889,20.533064,2
2128,532,18.292749,2
2439,1738,24.213562,2
1270,884,27.156153,2
2271,2388,7.077032,0
1372,1183,2.281892,1
2083,855,68.291718,2
2549,728,44.781757,0
2721,599,52.925011,2
1870,501,80.263321,2
1799,2115,54.783463,0
2857,2581,42.012794,0
665,1298,17.777588,0
2785,2816,68.136215,0
289,1798,94.726120,2
2651,1762,35.551147,2
2857,1761,2.122657,1
2458,1370,34.260345,2
2023,2766,49.621948,2
1165,330,16.150454,0
1521,359,78.492172,0
445,941,3.512774,0
323,2623,78.397209,0
1580,104,35.303165,2
2123,1255,72.962570,2
1435,687,16.375414,2
1391,993,81.888390,0
2855,2336,55.822586,2
156,2419,58.384998,2
2752,45,77.588013,1
949,1235,63.929287,0
1175,919,76.770248,0
2016,1771,30.345558,0
324,429,45.439636,2
521,1465,71.638626,0
2099,548,71.026031,0
1140,2812,37.240761,1
1662,2099,95.892166,2
1340,1828,98.896736,0
2657,2693,3.007349,0
2919,1276,27.812353,0
829,1667,87.368996,2
659,136,44.041359,0
1200,607,22.224983,0
2634,1750,42.846718,1
2522,2491,62.014267,1
2548,1690,37.793571,2
1912,1083,8.789894,2
514,2821,57.106739,0
2165,1708,42.735001,0
2018,2266,56.881916,2
2139,2136,31.966204,2
2605,459,47.801281,2
745,1092,46.023678,2
1302,2086,99.055099,0
2505,2193,84.754936,1
315,663,34.642952,2
482,731,67.093201,2
1753,1194,83.877037,0
2410,2691,21.472269,0
1159,2498,30.355074,0
1141,1208,55.228836,0
2425,1763,8.605519,2
842,630,66.746796,0
718,121,7.621157,0
2184,2680,70.121353,0
224,1327,26.757586,0
2,1736,23.940340,2
2761,333,53.005566,0
357,2717,63.838661,0
1439,953,4.283013,0
1408,2734,50.398357,0
1671,1493,53.555347,2
2258,1317,79.103081,1
477,1048,59.824814,0
2088,876,3.473171,0
81,326,45.825695,0
62,2688,54.541290,1
984,265,81.815407,2
957,417,11.188450,2
1863,2558,25.208809,0
11,661,85.281212,1
376,2968,29.042686,1
1813,1688,68.776337,2
2882,565,7.281183,0
598,545,69.581291,0
2020,2869,55.248039,1
401,2861,18.825644,2
2906,2243,61.541904,1
30,1408,31.708614,0
1981,902,47.783550,1
2975,1631,31.665285,2
268,485,99.668007,1
2644,376,49.340626,2
585,1941,98.149025,2
120,85,87.628349,0
2818,1568,2.774003,1
1433,2210,81.850105,0
1399,1242,60.152863,0
2855,857,79.761322,0
2225,211,74.510071,2
620,296,87.969559,1
1894,1615,61.223232,0
2456,297,87.702110,0
1098,1936,51.411537,2
1318,2060,60.230286,2
607,2702,61.375679,0
1214,1729,20.896883,0
483,2724,13.803256,1
1899,578,98.598106,0
1970,1720,59.636517,2
2625,1271,64.560379,0
934,44,49.395302,0
1520,135,5.287447,2
1642,2730,75.799957,0
381,2212,91.308609,0
1853,2330,78.649910,2
2325,1922,24.552216,2
955,2662,26.660145,0
2649,131,16.974606,2
1580,91,38.049431,1
1430,206,65.813423,1
1291,2497,40.130569,1
763,2254,10.930688,0
1445,1130,97.431633,1
1868,2898,45.458660,0
2890,1513,32.550575,0
1633,681,1.829688,0
2747,2110,12.129910,0
110,2889,8.591684,1
691,216,70.358475,2
2601,872,88.422356,0
2078,1464,27.075485,0
1963,2539,59.517681,0
789,2130,34.964149,0
1250,2833,43.570492,2
2592,1384,79.993080,2
712,1237,98.102036,2
515,2700,66.235039,0
2405,850,70.043953,0
2379,1884,63.369057,2
1331,1115,96.248322,2
2208,344,99.277710,2
2937,938,70.134987,2
44,2969,67.515770,0
1898,417,80.441246,0
156,1165,28.783838,0
261,1925,95.002632,0
2674,2023,31.261639,0
2579,56,87.775475,0
2918,1615,99.786591,2
2145,1406,84.431076,1
832,2136,64.909012,2
1715,2578,12.436767,0
2619,2944,9.673337,2
54,2601,28.616596,2
1649,2612,57.191772,0
423,2301,46.685436,0
2440,800,2.572219,2
71,788,18.168610,1
1442,1689,9.838593,2
2414,2523,39.176952,1
2211,295,31.609306,0
1694,524,44.260433,0
1678,48,95.017776,0
200,43,92.866287,0
1856,1539,67.161034,2
562,1071,34.331345,1
2562,44,1.057602,0
756,1785,47.301617,0
1033,2386,96.781517,0
1158,1240,64.324127,0
2050,2957,81.705902,0
2082,372,30.522699,1
2934,2131,10.720233,2
2270,829,28.801968,1
2166,2200,17.521780,2
2700,271,51.887558,2
1343,2263,30.576004,0
36,2729,28.623796,2
57,86,83.350540,0
1542,1937,61.273071,1
1306,989,77.628265,2
1464,547,9.215193,1
2301,2088,80.440758,0
1951,1590,10.947875,0
293,1127,31.006062,0
1628,2426,81.235992,0
760,1331,70.718300,2
1887,2069,7.491234,0
1376,2453,69.395172,0
1063,1201,49.001427,0
1180,1538,17.509436,2
2268,2908,87.935463,0
1584,2015,97.525497,0
2639,2935,13.918606,0
2652,591,8.619628,0
585,231,91.252296,0
2599,1246,16.941210,2
1543,1797,10.888675,1
2375,776,8.247473,0
1310,1044,85.238663,2
2359,1596,23.120106,2
2536,1683,70.137184,0
82,1643,71.458412,2
1095,2618,36.013931,2
111,112,48.370064,0
115,2243,29.102362,2
981,639,35.038723,2
2888,2113,27.522022,0
1111,1577,37.073032,2
2651,2457,64.944283,1
1624,1434,37.697475,2
626,808,29.803745,2
363,601,70.129951,2
204,323,61.722984,2
2123,1301,24.094158,2
2865,2276,76.927399,0
1238,377,34.700596,0
1280,1810,17.419403,0
1282,1625,91.630135,0
1618,2487,60.304131,2
596,1395,12.543313,0
161,1964,18.168652,2
2026,1101,68.685707,0
2675,2286,74.174454,0
2671,1566,54.962936,0
2718,1812,90.434418,2
2589,600,65.662270,0
2578,1621,36.373894,2
576,721,32.429420,0
20,217,70.757690,0
731,1098,18.609177,2
1740,1304,14.719165,0
2577,248,39.104103,0
2838,2811,87.551163,0
2814,2657,81.720001,0
1056,520,10.227242,0
302,606,41.447651,0
368,1318,21.779415,0
457,1987,44.351574,2
2891,2596,87.073006,2
2107,2008,63.567577,1
2100,1610,37.854782,2
326,1193,80.419098,0
2070,1801,53.449406,0
2480,1133,38.493877,1
2014,1032,68.242493,2
2534,2141,82.148590,0
758,811,47.147797,2
438,1599,17.703913,0
1427,2517,7.197049,1
651,1199,84.684029,2
2104,834,10.692809,2
1990,1732,47.345245,0
121,2230,32.319386,0
1052,915,63.061264,0
165,110,99.834770,0
679,321,45.046780,2
1618,1313,89.374855,0
1230,1864,42.024654,2
2878,2145,78.212372,0
2208,2676,34.968697,2
233,1802,66.406334,2
1840,2845,4.842816,2
1012,2098,86.518181,0
1684,1816,32.642395,0
2038,1158,57.390675,2
1786,1653,34.387352,2
1719,2495,28.848211,1
2263,2418,40.037838,0
1964,179,24.213562,0
2778,455,76.990883,0
931,2567,49.873821,2
279,693,50.347370,2
2074,1286,59.077744,0
2441,653,48.886261,2
553,1042,86.419083,0
2746,722,34.700459,2
1368,2316,24.820965,0
2713,2218,70.493866,2
2749,1958,34.178921,0
1814,1668,70.888565,0
776,1685,28.816748,0
455,22,17.455347,1
1009,941,90.880981,1
342,1607,24.663641,2
2763,312,84.115417,2
1899,744,47.406628,0
2758,234,16.307226,0
1601,1401,64.449417,0
2967,2258,97.011368,2
720,457,59.639103,2
2668,2168,14.708412,1
1799,1797,40.657475,0
2765,869,8.064155,0
1412,1922,39.519127,2
1883,105,12.565080,2
2950,2587,66.492561,0
560,289,62.334724,0
2310,1570,37.708904,1
2868,1243,82.639496,0
399,2833,13.631534,2
1822,486,36.385578,2
2613,2936,34.393597,0
1121,1124,45.791866,2
1823,493,8.377393,2
1978,650,37.168980,0
1535,161,25.953411,0
2780,41,9.201289,0
2603,1285,43.245041,0
2460,313,93.724617,1
2307,2021,40.694298,0
263,1857,37.689518,2
2025,2129,60.174259,0
1455,2671,36.240078,0
2267,983,71.892548,2
2554,2577,9.370028,0
1430,2047,77.335129,0
1474,1104,50.287643,2
2387,1913,37.743267,0
378,2981,61.573051,2
329,1976,74.197372,1
696,1153,48.739929,0
1333,1229,13.278996,0
2797,408,81.502167,0
171,1004,41.392548,1
2475,1895,7.056977,0
1292,1838,48.468212,2
1631,2961,96.069908,1
1279,1734,93.116516,0
946,1860,86.821655,0
233,2557,83.820686,2
204,2446,34.296593,2
1231,572,2.477834,0
1727,1392,85.275406,0
1768,825,23.438406,2
945,2531,5.827757,1
1751,725,7.340144,0
1750,944,93.753159,2
2516,455,78.255280,0
2714,881,75.960793,2
497,147,45.628155,1
2898,1968,50.938503,2
2803,1463,10.971656,2
1321,2744,46.489838,2
90,1622,74.146172,1
1596,1083,4.046395,0
1679,1158,8.103587,0
390,388,81.459930,1
1569,353,43.405785,2
31,2566,1.344588,0
1643,974,43.024483,0
2976,1383,25.375933,2
936,2122,14.054145,0
991,2897,87.503021,2
2721,2143,56.857605,0
1423,712,84.274963,1
657,2763,47.633007,0
665,414,31.813288,2
1573,1732,80.844147,1
114,2011,50.001961,0
261,1776,1.442808,1
2812,727,69.757469,1
2784,2585,67.519379,2
2306,2203,8.835480,2
470,969,11.191909,2
848,1494,68.862053,2
1447,2090,29.236830,0
1461,1314,0.435266,0
925,2732,21.736216,2
688,2673,51.693401,0
2806,235,91.113060,0
1387,1946,7.510599,0
2060,105,11.253750,2
1762,2283,94.728516,2
279,1372,6.697402,0
258,2326,36.926350,2
1207,917,81.005943,0
421,1832,81.082390,0
1279,2471,45.322998,0
766,1407,86.711792,0
386,340,71.857948,0
2060,1786,74.217041,2
2144,789,5.982651,0
1138,2917,38.825809,0
2758,2588,56.436123,0
2586,1572,52.119049,2
547,2831,13.284966,0
2574,2266,51.695881,2
1853,2675,59.946888,0
1710,294,34.485310,2
1634,1950,91.774086,2
554,1216,79.010735,0
1284,2879,41.661442,1
2986,1960,16.105219,0
307,2125,99.755226,0
2242,1555,78.271622,2
2811,1105,53.505238,2
2786,179,49.361851,2
691,2670,48.507427,0
1999,1073,46.284863,0
2808,2154,31.273813,0
746,1275,98.315567,0
112,1383,24.232256,2
99,2387,12.646449,2
1683,2420,64.394173,0
223,2416,91.052795,2
2601,400,48.221600,0
1925,88,42.835766,1
2726,2182,88.650116,0
2312,1405,34.674763,1
1923,2571,97.585144,0
1966,1151,92.421906,0
2629,2197,68.275009,1
2151,208,57.829418,2
693,574,23.415815,0
1708,1706,68.952332,2
610,2537,78.988052,2
564,2304,17.521780,0
1276,1771,11.078686,2
1401,477,28.224501,0
1980,764,94.944160,2
2703,2257,26.705318,0
2198,2396,8.100756,2
1407,887,39.599358,2
1648,41,78.327156,2
1955,2687,17.852573,0
1091,429,86.804535,0
2634,147,86.552803,0
2663,341,37.586388,0
1703,2839,29.557980,2
1065,2256,93.035156,2
2066,70,39.383648,2
1998,1215,18.257627,2
802,658,57.946949,1
2434,715,78.324036,2
2233,1199,5.661426,2
1352,248,12.639052,0
823,1163,61.506271,0
764,728,91.681084,0
2248,803,34.045250,1
1692,2991,3.420651,2
576,563,26.063860,2
363,2543,56.001579,2
1775,457,92.745789,0
1613,2871,5.991804,0
712,743,73.859558,2
1785,778,34.418427,0
853,2264,42.959618,1
1571,853,16.094545,0
707,591,20.815594,0
1510,271,91.107162,0
467,1372,36.972557,2
549,144,33.389141,2
1915,1681,84.779472,2
915,2426,88.905121,0
13,2053,41.567169,0
1004,2453,34.056770,0
1215,1201,74.579941,0
2793,845,76.971474,2
855,1946,23.813114,0
48,883,91.402573,2
1601,2156,92.308975,2
2232,543,43.768803,0
1214,654,61.309517,2
2653,1375,0.084920,0
2740,399,2.222926,2
819,269,48.144947,1
822,1469,10.943882,0
582,834,68.124237,0
1758,651,68.560577,2
1393,2243,30.614399,0
1105,465,96.214554,2
1276,1133,61.293049,1
747,2166,69.038704,2
2585,881,68.214668,2
2000,1126,92.434532,2
77,1233,65.593025,2
420,746,94.091309,2
1687,659,64.334572,1
1754,313,57.694820,0
2195,2847,49.340866,0
1968,1131,86.924698,2
2769,229,10.384480,0
703,1345,19.144398,2
1029,1405,29.585728,2
1388,1042,89.636108,2
369,2792,15.051961,2
441,1457,81.376083,0
2256,2216,39.229851,0
762,404,21.709387,2
2705,2378,76.052673,0
1504,899,57.783638,2
2677,9,49.137600,2
2931,2700,27.850740,2
956,2980,14.908194,2
209,344,23.211046,2
249,2507,12.833075,1
2434,2368,84.487259,0
1598,1262,6.817535,2
1405,1456,58.901943,0
2907,141,90.797798,2
1723,1612,93.837715,0
386,2381,89.059540,0
396,2058,64.014893,2
2303,1993,58.237907,0
1996,2529,10.783079,0
458,950,26.412601,0
2811,1889,68.432381,2
878,1279,62.362038,0
1275,2268,49.390289,1
2025,1070,91.182167,0
2772,102,47.147797,1
1886,917,21.938892,0
1659,112,69.437531,2
1674,1233,43.500816,2
889,96,29.939787,2
2776,2429,62.844276,0
1997,1655,85.512436,2
505,2331,17.199413,2
1011,356,26.098797,1
607,2181,61.566849,1
1579,642,20.164902,0
1272,1431,74.554390,2
2033,2386,61.626484,0
2956,1527,60.275070,1
2317,2166,97.954063,2
1901,1230,23.638384,2
2888,2930,74.673813,0
1531,2702,87.662102,0
1344,1654,65.196838,0
1182,1387,45.806793,0
1501,1240,17.802185,0
1300,601,11.179553,2
1010,191,5.279558,0
2242,2608,77.793190,0
2015,1593,28.464647,1
747,2032,58.549442,2
1860,2653,45.543362,0
2345,2113,48.862568,1
2059,1424,73.305641,0
360,2679,83.365883,1
1718,2186,19.706936,0
2130,421,50.193756,0
602,2379,19.442268,0
1547,183,27.439203,0
857,2356,45.806625,0
696,2839,62.947929,1
1539,481,87.329498,2
747,1458,34.525200,2
1584,258,3.447798,1
289,45,44.642933,1
2595,2861,20.169655,0
2975,331,73.302147,2
519,2815,88.025909,2
2164,884,35.825203,2
1822,2887,55.457443,0
1495,295,89.261963,0
1920,463,90.848480,0
445,690,97.557892,0
782,1521,93.119453,0
217,2166,67.243118,0
2858,754,96.951050,1
1336,130,99.601463,1
583,2938,37.210926,0
189,736,57.959076,0
2218,1620,21.258276,0
2310,1998,90.834984,0
1058,1737,65.662270,2
1923,91,66.590698,2
2673,2483,60.607513,0
989,2607,18.754723,0
2779,188,66.678551,1
208,1965,42.963314,0
2563,2094,86.298546,1
471,2179,63.794727,0
865,1865,59.741138,2
2462,1834,29.345375,0
1433,2242,74.053268,0
1002,1762,79.366997,0
1613,414,82.289703,0
1458,1855,27.835365,2
1372,2199,83.972572,0
2005,2791,15.863757,0
285,2364,94.078339,1
226,2696,44.003139,2
1510,1183,18.782663,0
108,722,84.769394,0
1811,2980,36.164452,2
357,225,68.725929,0
2052,1877,9.386746,2
1425,2969,58.359493,1
1279,2986,49.200424,0
1503,2772,86.561134,0
552,931,22.895924,2
337,1242,0.944703,0
2779,205,18.899446,0
459,1817,68.377472,1
1465,2510,45.482235,2
2070,1765,85.642220,0
2167,1711,51.714195,1
2447,2592,44.387238,2
1019,1306,98.873375,2
1894,1257,1.192361,0
2568,2920,14.032655,2
1423,1925,18.081518,0
2401,236,62.212597,0
460,2044,78.601685,2
1310,840,41.950363,1
512,2704,45.174553,0
1956,607,52.952351,0
2111,2068,76.133278,0
1088,2964,41.194729,0
2765,1948,49.694435,1
2911,1360,21.001820,2
1690,935,38.480686,2
360,697,97.760437,0
2179,2016,52.447823,0
1732,1336,9.431539,0
350,2386,26.582481,2
1140,2741,14.721886,2
1641,1714,83.097733,2
926,2587,77.254799,2
714,864,61.811012,1
942,776,19.142452,0
1104,1270,35.375927,0
204,1249,60.816540,1
114,2821,51.026768,0
2188,2347,40.472866,0
702,136,56.180138,2
1632,1115,14.662385,0
2458,2149,81.985619,0
2355,2609,69.751503,0
1651,1543,64.535583,0
147,545,88.783966,0
2559,2386,6.294505,0
1321,412,91.646461,2
964,2388,14.794605,0
2591,1791,22.571186,0
660,215,86.626701,2
1296,145,95.537476,0
2522,2528,41.691166,0
1442,1981,51.814686,2
753,434,33.275185,2
1400,1470,67.708054,2
31,519,20.857231,0
1648,321,96.207176,2
897,637,12.674105,0
2324,1641,88.130615,0
1872,2929,69.319374,0
2189,124,72.856331,2
2718,2294,81.693062,2
1146,2542,79.147179,0
2712,1320,87.842728,0
1395,1620,35.835491,2
2269,1230,32.506302,2
2718,415,37.902424,0
2132,2247,16.732698,2
1586,1233,28.321663,0
1701,261,79.571060,1
293,2286,80.822411,0
1954,452,43.569347,2
2168,1818,92.323334,2
462,2217,46.845055,1
2405,2933,98.476143,1
329,1853,62.465462,0
852,1386,48.165264,0
1744,1927,55.616375,2
947,1948,50.016907,0
2941,124,57.902771,2
2175,2778,80.680412,1
1196,1751,95.099388,0
728,527,53.579437,0
121,2610,58.675732,2
636,1239,75.522545,2
1529,2063,40.465336,2
2573,1642,30.801374,0
621,1777,94.788971,0
1880,742,66.487854,2
2104,1243,66.954994,0
2480,1671,40.465336,2
8,771,75.006134,2
1799,2217,95.760406,0
864,2394,13.844384,0
2429,2067,52.839725,0
150,126,34.480141,0
905,1155,96.894157,0
2349,2839,23.436522,0
467,2774,22.290277,2
2867,189,72.886856,2
2362,691,0.696154,0
2436,1470,18.786232,2
2886,337,2.653009,0
1592,1802,87.201492,2
1740,410,47.463593,0
43,1355,19.468557,0
2830,2733,66.781944,2
713,2194,5.781565,0
2961,526,14.301737,0
887,610,90.301796,2
1332,1752,75.215889,0
1590,2521,86.768219,0
213,280,84.802956,2
2440,632,52.925640,2
579,362,87.276268,2
288,244,1.580585,0
1320,1758,93.175751,2
1418,2013,57.119324,2
2721,740,27.110357,0
64,1803,87.315453,1
1372,820,78.315163,2
1885,2201,81.099159,0
1287,2208,21.320354,0
1065,2796,64.480141,1
994,1721,5.577328,0
597,800,57.083874,2
1835,2423,51.351120,0
1133,2804,34.902817,2
2624,1157,46.755581,0
2160,674,19.219370,1
1124,198,95.326431,2
686,1197,29.192728,2
1527,1045,15.352747,0
1733,108,19.445169,2
1402,1474,41.591080,2
1310,1918,76.736778,0
146,605,88.444229,2
507,2229,9.343497,1
2500,2197,98.871887,1
2952,2431,79.802864,0
935,826,17.670254,0
137,2852,45.965950,0
480,1692,77.897255,2
268,2743,86.804993,2
290,690,89.439827,1
1366,2411,2.531880,0
1752,735,41.214123,2
1480,2311,10.986562,0
2810,2253,70.027534,2
2186,1675,78.114342,0
2457,1235,33.283230,1
187,2812,54.036358,0
2644,1168,25.066841,0
971,261,84.411743,0
586,611,11.041330,2
2804,495,59.831959,2
761,1918,19.065924,0
953,386,48.654396,0
128,2621,7.636360,0
1035,206,80.559464,0
328,2200,71.018517,0
1210,2959,69.237808,2
2386,1991,65.975990,0
1821,1567,41.979366,1
1468,887,89.266113,2
1381,23,99.938293,0
266,1345,27.571112,1
2309,1601,28.238768,2
1858,1425,41.993710,0
86,2798,91.726021,0
2544,1950,52.861790,0
941,2533,41.953987,2
18,1813,74.245171,0
890,2388,6.146327,0
32,2996,38.750648,0
171,2767,27.222107,2
1678,985,8.016446,2
2888,356,22.804274,1
764,2029,95.007942,1
121,2723,16.813984,2
2472,177,20.260912,2
471,1279,43.740578,2
1015,129,45.202957,0
1701,1903,58.711205,2
2794,84,78.823135,0
1633,2680,14.214550,0
1055,434,63.911720,2
87,201,88.613457,0
2612,77,36.741207,2
2704,2574,23.329916,2
1126,2849,68.064873,2
2040,1034,95.668556,1
2120,1195,98.263519,0
1242,2085,69.480896,0
159,2796,38.750648,0
1954,2314,87.446602,0
1005,258,53.049374,1
1208,1789,26.463392,1
1063,2126,38.092197,1
2098,753,69.261925,1
981,1548,73.164055,0
649,159,95.237183,1
2498,20,71.666306,2
500,1716,31.256569,2
101,494,78.189720,0
1853,1406,65.633682,0
2710,536,60.955250,0
434,2363,95.322449,2
2750,638,14.511972,2
1528,702,9.765541,0
2611,407,31.967543,0
1438,1057,10.474648,0
1018,527,11.274955,0
1511,879,30.949505,0
1116,1304,45.874687,0
1170,2802,55.873730,1
2241,2361,78.790581,0
2924,2938,52.691391,1
877,2871,51.744583,0
2656,2422,70.461472,2
2025,1639,57.539585,0
1989,2191,6.255918,2
2993,2211,20.840469,0
2080,22,83.335159,0
1412,703,58.694649,0
1718,2844,61.375679,0
1493,1888,31.456678,0
370,1348,91.000618,2
2981,2842,94.907417,0
2965,2085,91.500183,0
820,1390,23.247046,0
2525,906,38.374939,2
2975,2807,54.757145,0
2830,806,61.594082,0
1238,347,12.199750,0
1562,1700,62.947929,2
2234,2854,9.433078,1
2175,328,86.738075,2
79,470,7.390747,0
1351,2639,80.854561,0
844,839,11.506447,1
308,597,75.653725,2
1599,2048,26.937521,0
895,673,29.066652,0
481,613,18.025017,0
626,1122,38.576988,0
1223,2567,66.936127,0
391,879,47.521873,0
74,2018,96.114174,2
2291,2941,32.287769,0
404,1172,16.784004,0
2242,2826,60.259193,0
283,1140,25.046686,1
2640,2487,11.159066,2
2871,1271,36.265102,0
1459,2127,61.129921,2
910,1039,23.699690,0
1040,1179,10.966311,0
1407,2379,43.777367,0
2047,917,79.396072,0
727,1622,71.509628,1
1574,1252,99.664261,1
988,932,15.323779,1
50,356,76.189651,0
1497,2778,96.125839,0
2066,2402,79.628998,0
949,924,27.554369,0
2819,2299,18.585503,1
20,566,15.856223,0
1438,1842,86.022095,2
2389,2292,10.503936,1
2390,2721,77.953506,0
2423,642,64.463615,0
1731,1051,68.377472,2
2789,2746,70.841896,0
968,1827,82.057159,2
719,175,36.788715,2
2979,3,96.891388,0
455,2964,34.910553,0
2390,2333,42.648754,0
543,606,35.006401,2
2497,2045,62.131439,0
2767,2904,5.279558,2
2671,2673,50.650970,1
1473,998,84.160408,2
2819,745,87.326599,1
1158,845,60.185162,2
1624,1532,13.458504,0
2211,897,19.660942,2
2020,2177,96.233330,0
2394,2892,92.837006,0
415,143,52.412754,2
1061,2736,62.840134,0
2840,2461,53.761372,0
2880,810,50.868912,2
77,1545,39.688488,2
1498,1870,9.084270,0
651,583,56.388718,2
975,2214,13.321918,1
1568,641,89.206223,2
1895,2266,57.020039,2
1073,451,25.938843,2
2113,2330,49.865536,0
2873,2290,75.647888,2
2105,1945,79.474876,0
1179,340,22.301195,2
950,1074,29.211998,0
1836,2032,72.875626,2
1307,1765,98.711441,0
359,728,36.925529,0
1274,2878,25.948868,2
473,1927,52.517494,2
222,1248,13.536997,2
433,2277,72.984528,0
131,1433,39.688488,2
2997,1170,11.373522,0
434,1182,75.822594,1
2433,1938,21.469990,0
735,1653,30.654528,2
614,2249,12.803768,0
1908,2438,24.874126,1
1097,806,55.250359,2
2163,1269,11.071395,0
1133,2952,60.897511,2
850,2426,38.874958,0
332,2292,61.675358,0
35,2117,83.771019,2
2821,1792,10.384480,0
961,2733,27.651148,0
878,628,15.643967,2
889,2593,29.986685,0
2036,296,25.645636,0
2078,2369,44.637146,1
390,2440,65.639626,0
2676,2674,96.217819,1
2396,977,24.094158,2
1195,2825,3.109892,0
931,2688,9.947182,0
472,1342,54.497555,0
1456,624,7.193308,2
756,1577,46.609264,2
1587,2829,75.999550,0
2218,672,13.388701,0
1683,19,37.323025,0
137,1751,38.716660,1
442,2216,97.258568,1
2969,1594,43.744968,0
1247,2304,86.835793,2
2900,1060,66.032730,1
2336,445,72.110809,1
309,2274,14.222767,0
1216,1795,76.142029,0
1854,1461,1.307528,0
2466,1107,18.300606,1
1939,2147,52.111408,2
776,2312,22.550695,0
2847,718,79.277054,2
2337,2976,29.067373,2
130,643,62.684822,0
2742,2623,32.133507,0
139,2736,82.609718,0
1125,415,76.106491,0
1050,1554,35.401867,0
1544,447,27.674253,2
1008,229,86.485435,2
2789,2645,58.977734,0
2172,2097,78.201157,2
378,1215,85.082947,0
2797,2763,33.522221,0
2823,1849,60.883541,2
1497,1531,62.073071,0
1305,2583,44.577480,2
1051,734,22.121927,0
2662,2785,71.120331,0
2245,65,86.669189,2
673,1487,52.162075,2
1668,193,55.398788,2
1488,2731,99.512192,0
158,1587,32.513351,2
1266,1703,70.501801,0
1140,2659,6.017649,2
1524,1984,39.528656,2
2886,2453,43.202717,0
1592,2527,21.916050,2
1388,366,2.291705,0
69,1471,56.320538,0
606,1979,7.471653,1
2590,1584,37.646019,2
2570,929,14.042148,2
310,1681,51.009079,2
200,2496,21.305677,1
965,526,82.408012,0
775,2627,46.954945,0
2818,1702,99.161591,1
2029,2885,65.169403,2
1422,301,97.779030,2
1136,382,33.706326,2
129,1625,70.423668,1
2921,1876,82.747902,1
3,516,91.733414,0
1248,1904,72.544746,0
2163,1502,63.369057,0
370,1689,35.170696,0
2821,1822,25.821857,0
2637,1223,21.039045,2
1056,1536,87.846306,0
1582,2446,69.701202,2
2308,733,48.437378,2
1828,2297,4.762815,2
1940,2785,70.433067,0
2345,899,14.769630,2
1255,2243,3.861017,0
1199,161,93.118744,0
2697,1462,4.843174,0
665,2127,20.262583,2
2298,2054,17.247028,2
2902,2495,33.841957,2
86,2824,61.393856,2
2322,1176,63.013100,0
983,563,90.459763,2
1416,232,58.382912,0
651,2530,65.445724,2
1926,2978,86.745972,2
2427,213,67.324379,0
2469,2563,22.477812,2
1282,2448,17.372927,0
1391,1210,49.657211,2
943,1494,90.798477,0
109,2286,53.899780,0
447,991,12.015653,0
2875,333,17.783157,1
913,881,52.352520,2
11,26,74.661583,2
2848,1394,72.027321,1
1194,1855,39.417965,0
2587,2395,17.892986,1
1361,423,34.700115,0
450,2346,21.890518,2
1242,2221,64.765396,0
467,1186,35.275593,0
925,759,98.824791,1
2979,1408,52.621010,0
771,2713,63.845882,0
1648,1701,42.923370,0
1822,426,60.445347,2
1445,1507,62.238686,0
423,1808,81.632904,1
2174,165,14.436586,0
1288,801,41.190121,0
972,1868,84.560051,2
2218,361,95.826103,2
142,1773,9.525784,1
2379,1545,8.246504,2
2912,2294,81.858467,0
952,1853,38.437561,1
2472,2783,16.634031,2
1079,1672,36.025509,0
537,1732,23.857697,2
2017,346,31.218475,0
1046,380,80.479660,0
1311,905,94.642677,0
483,211,5.796388,2
2091,1371,76.171753,1
295,2486,81.215866,2
1682,2123,26.376154,2
2112,1319,93.030006,2
2499,785,0.404997,2
882,1722,58.222775,2
2173,2405,95.616585,2
623,381,21.538223,0
2626,1543,55.462536,0
1774,158,42.254276,2
684,752,78.385757,0
2909,2051,69.516937,1
1374,1400,99.777817,2
2772,1352,1.415973,0
2712,589,42.302952,0
2352,1739,49.416924,2
2394,2888,74.891991,0
412,2106,30.878305,0
129,774,60.207779,0
2218,1796,92.219620,2
2922,1589,40.108555,2
2081,657,72.069954,2
805,2055,98.639717,2
1870,739,93.751724,2
1415,2843,92.268776,2
2642,2168,82.860756,0
2796,2937,19.366879,0
1329,157,10.990593,2
1488,1889,64.211197,0
1809,210,64.334213,2
2792,1846,5.167929,1
2012,1753,35.255295,1
536,269,58.803520,0
1585,2339,47.357567,2
2961,1556,76.968216,2
1759,1105,68.262276,2
1377,2893,7.592315,1
728,1816,51.139969,0
1888,2308,37.241226,0
1548,2772,47.076748,0
228,2760,96.248322,0
109,710,27.599955,0
2679,613,51.424751,0
1880,2389,88.329369,0
1037,1519,55.132202,0
329,2162,41.201767,0
1943,307,74.010452,0
1662,578,6.294505,0
497,1426,15.012678,1
499,2686,72.148010,0
2239,1536,46.367626,0
119,1325,84.412056,2
1796,1763,43.481750,2
639,2255,97.992867,2
2362,923,99.474091,0
1953,1170,19.551125,2
208,2054,97.516518,0
2013,640,80.519447,2
2593,1708,49.490246,0
1226,1944,85.784096,0
1899,2319,72.995796,2
2231,2963,93.275360,2
634,1067,80.771400,0
1775,2328,75.653160,2
2675,2351,54.493229,0
828,944,87.213799,0
1565,2309,45.385540,0
1549,2338,33.991776,2
2217,2693,36.470066,0
2029,1144,6.944209,1
2151,2634,60.691761,0
1749,1326,41.409538,2
463,777,2.725796,2
429,143,99.089676,0
2233,853,9.480369,2
2154,2622,35.175533,2
1068,1094,83.890739,0
2847,1691,26.995201,0
654,1415,82.753281,2
2382,238,64.737564,2
2946,2574,31.619846,0
802,819,94.334038,1
816,618,65.968559,2
28,1573,64.601746,0
2248,2679,78.144150,0
2405,2540,29.049021,0
1460,857,16.933298,0
766,2084,90.800568,0
2516,2689,62.563835,0
406,1649,2.717332,0
24,701,20.011826,1
425,1826,25.559235,0
385,1350,35.066551,0
1149,1440,35.191578,0
2591,1010,20.451427,0
1678,2659,69.695869,0
1907,2008,39.222828,0
2935,2463,39.417965,0
2267,727,4.174591,0
2585,1341,57.779015,2
678,89,64.891685,0
1762,1556,10.856936,2
2876,2037,89.881516,1
850,2245,80.530945,2
2820,2778,51.411537,0
2260,661,82.683311,0
676,2762,21.070190,0
505,1411,77.637520,2
1443,827,24.317465,2
1037,2742,64.525230,0
2422,1484,44.154675,2
595,2902,27.439203,0
690,468,52.060661,0
123,597,65.724808,2
455,1273,13.275233,0
1895,2249,71.676949,1
1904,629,60.928329,2
887,1513,9.765541,0
2999,1460,65.062088,0
658,388,49.756786,0
144,2310,12.910478,0
1467,2551,31.788136,0
75,1728,39.822430,2
1359,2799,19.493969,0
2018,390,90.462486,2
1031,1750,44.315586,2
1841,407,75.274101,2
809,2699,54.018879,0
169,2301,11.593206,1
1232,639,46.630852,2
1049,1013,81.022346,0
1373,2952,15.292876,2
2963,2580,17.277706,0
1252,19,40.687103,2
513,1503,91.107162,0
1965,2540,99.252457,2
2320,2449,93.611099,0
2274,2418,32.505836,0
1591,2005,38.184914,0
1262,1069,32.132473,0
1261,1266,93.445572,0
2775,1657,44.186546,2
1563,853,49.346176,2
2407,1794,46.160454,2
2038,798,79.112839,0
2206,2439,19.581907,0
2478,1906,99.212456,2
1886,176,8.709457,0
1111,701,65.541222,1
2061,2798,95.480652,2
2509,1857,15.473883,0
355,1666,7.395120,2
1984,2798,30.197025,2
1781,1364,55.585995,2
950,1218,29.603996,1
2337,1367,31.005554,0
670,682,20.763958,2
1469,1808,57.990971,0
1647,37,70.357567,0
2561,1904,99.214302,0
1369,1820,40.492695,1
1347,1054,37.192421,0
2635,2811,96.872498,0
2668,198,40.627491,2
2265,2566,97.033592,0
2109,865,58.817661,2
2001,2495,69.427147,0
1958,794,36.285934,1
2819,2158,34.853344,0
1171,2514,44.645817,0
1003,825,12.901567,0
1481,2100,26.606796,0
2105,443,6.011477,2
2770,1263,61.892235,1
1562,1161,74.917740,1
1862,2672,80.958748,0
2556,2951,22.394466,0
2224,396,85.773849,2
946,2665,49.074226,0
2966,1660,85.246719,2
2991,826,89.842659,2
320,1669,31.109911,2
2000,402,62.034466,2
941,2327,69.617172,0
2854,2206,80.507484,2
1422,17,22.581728,0
2821,2657,4.348113,1
1270,1133,53.698265,1
525,354,78.346954,1
965,2339,39.061081,2
2349,237,26.371750,2
464,2579,98.759315,0
2382,136,77.187584,1
1132,561,35.945316,0
869,34,34.773438,2
1949,1995,21.880745,2
2958,2589,84.008560,2
766,1934,12.856460,0
1905,1383,30.673159,2
1881,1785,41.954277,1
194,1986,1.829688,0
1694,1993,80.587448,2
2591,2329,10.376888,2
1809,428,82.984444,2
247,523,71.288315,2
2085,2393,31.241434,0
500,210,87.278877,0
853,447,78.830742,0
2996,608,52.299984,2
2608,358,67.191971,2
2735,490,18.344975,1
2464,1698,17.145407,2
2748,123,69.516937,0
2079,2887,48.621212,2
1376,1346,68.923759,0
2894,68,80.539673,0
2639,1389,98.319542,2
2605,193,34.858379,0
2611,476,78.864929,0
2436,663,27.270550,0
802,2852,5.885234,0
2966,208,88.691399,0
2210,1011,85.643562,1
1709,701,16.514311,2
1609,2927,49.673157,2
1523,1951,98.370010,0
2110,576,82.917336,2
2996,408,0.943056,0
2394,1619,37.014622,2
2282,320,29.077618,2
1665,1511,36.925529,0
2013,1422,45.421879,0
1457,1109,91.384087,2
1468,624,67.734642,2
1051,2915,17.430752,2
1523,1561,70.007347,2
575,770,82.874123,2
2442,1800,14.452350,2
2899,777,74.377548,2
1316,1822,73.073730,2
1511,2555,21.263622,2
596,2128,34.796040,2
149,2528,29.544891,0
1289,2431,23.081251,0
1620,2006,72.241051,2
1079,2143,78.937805,2
2514,1002,4.958516,0
2219,2367,6.268985,2
855,2193,25.904749,0
1698,2282,48.917389,2
1941,128,64.946304,0
2644,2590,46.339088,2
880,2126,83.791634,0
964,508,42.463280,0
1521,788,3.014331,0
2212,2341,76.856750,0
2518,2548,97.794579,0
301,1661,63.590569,1
90,2229,52.259518,1
2489,1471,67.931122,0
674,1929,27.026129,0
745,317,52.273319,2
867,1409,96.129562,0
2461,465,72.416489,0
755,1095,18.665186,0
1277,2241,1.778076,2
2104,2179,27.255922,0
2637,1609,68.653168,2
627,2061,69.038704,0
265,1782,47.294071,0
2495,2614,54.497555,0
2382,1820,7.697392,0
974,2104,93.419601,1
803,562,76.176018,0
1976,2837,74.793571,1
1198,1487,38.498531,0
1019,2354,20.234394,0
2151,1644,33.041023,2
628,806,18.186115,0
548,1268,65.269142,2
1265,2943,36.097057,0
105,2870,29.668840,0
2123,2972,42.313805,0
2882,2047,99.094360,2
1745,2641,69.667122,1
2227,2789,43.571766,1
411,748,97.327934,0
663,697,34.927071,0
2301,1090,40.822769,2
1805,2984,93.275360,0
2105,2888,42.574287,1
595,2443,41.678093,0
1616,632,9.830420,2
2241,1106,16.032501,0
290,1425,17.844894,2
298,20,85.535591,0
2097,1462,94.105385,0
2016,426,23.174091,0
894,1343,27.443802,2
2315,1080,42.511314,2
1609,2334,1.502614,0
138,911,20.720127,0
61,2482,74.221924,0
2994,2347,77.233482,2
1347,792,64.796936,0
1076,777,58.657970,0
447,2497,62.668308,1
901,1518,2.907473,0
477,476,10.275372,2
1068,2237,99.283226,2
286,2749,58.842178,1
1339,1102,61.629128,2
196,554,73.415970,0
2449,726,29.102362,2
2206,618,61.834412,0
386,2456,90.353577,2
905,1529,20.868700,0
680,1012,23.252211,0
1499,1118,17.819918,1
1629,1414,18.753323,0
603,1311,90.361954,1
2576,905,69.695869,2
1284,2446,81.336761,2
51,698,23.225471,2
202,1414,6.411819,0
1786,2373,7.160035,2
1478,161,83.339195,0
2136,379,76.164482,2
2855,2709,34.224678,0
1010,2238,46.075504,2
531,1371,53.890244,0
1193,341,24.874279,2
2613,734,78.830452,2
1837,1121,31.803356,2
2348,2200,90.140182,0
2871,956,12.856460,2
1328,1410,92.182541,0
1265,1697,22.788826,0
975,950,41.095051,1
2721,42,38.147545,2
1690,729,27.072617,2
262,2822,56.380253,0
6,1311,19.815248,0
305,2959,46.590511,2
222,402,16.431641,2
999,1517,32.353065,0
713,941,40.224728,2
1794,309,35.350887,0
2256,792,82.008446,0
1788,2675,26.719839,0
538,599,72.109871,2
2602,2729,38.822376,2
1820,2239,44.346573,2
1682,1732,26.179453,1
838,377,91.872307,2
1377,1418,72.344528,0
2746,2678,59.983616,2
1942,413,63.191742,2
2753,1739,90.298088,2
2836,1863,63.794548,2
1355,1626,62.501587,2
1688,1920,9.680844,0
2550,1312,7.251019,2
1140,878,75.590996,0
992,157,88.650116,0
2337,1163,49.979042,0
1130,2020,98.243050,0
2414,846,35.934448,2
1969,2370,57.612694,0
971,2002,72.777199,0
274,1828,49.562267,0
976,1850,90.625732,0
1608,201,18.695652,1
136,417,8.815302,0
1635,1729,30.996893,2
1263,2126,75.317719,0
196,2780,3.147328,0
1892,2832,6.974296,0
2916,1586,93.129936,0
2683,609,16.165314,0
1631,2360,27.640007,2
2421,1448,65.377266,2
769,647,42.951164,2
1636,2388,75.789856,1
839,1164,33.752518,2
1367,2710,83.641670,0
2482,11,75.686111,0
1725,2209,85.334297,1
1722,221,68.876740,0
2282,1974,64.389923,0
334,2361,53.495655,0
119,674,16.633713,0
1786,1454,79.323669,0
358,1036,16.296751,2
815,1641,68.496246,2
974,2290,39.775940,0
2855,2263,51.017849,0
1426,1624,84.750519,0
2415,1918,89.408600,0
2369,2912,74.488800,2
66,2878,77.673225,0
1223,544,43.781212,2
1025,823,73.609749,0
2499,2145,98.503098,0
776,2451,28.260000,0
1029,385,26.391550,1
2790,1285,77.320587,2
2460,242,66.433975,0
2928,547,96.270790,0
2657,1889,72.763893,0
1507,102,26.690924,0
2441,1579,66.817787,0
2587,2938,2.556499,0
108,486,29.875191,2
898,2398,71.854027,2
2524,5,9.630284,0
140,2656,34.766869,0
2708,342,61.573135,2
579,2390,38.103760,0
12,1469,48.271408,2
2577,2523,65.074768,2
1247,2615,41.229370,2
1248,2576,56.874966,2
104,293,34.403477,2
2791,1649,1.748819,2
261,2037,72.208511,1
705,1712,90.835007,0
1312,1479,14.375330,0
225,2606,4.600621,1
1221,1525,45.611404,0
554,2390,87.513718,2
1534,808,19.298719,0
364,911,54.533791,0
2221,497,1.718533,0
739,982,55.367950,0
1220,2499,97.562424,0
2113,743,62.887249,0
1078,1505,16.969975,0
2677,2587,81.756424,0
1727,2008,76.748573,0
2470,220,55.328346,0
634,1920,91.646461,0
695,1787,39.267536,1
2914,158,54.916931,2
2763,1960,94.267563,2
1392,708,7.713146,0
1287,172,13.861723,0
727,2695,6.602074,0
334,780,22.051735,2
160,1987,20.720789,2
2224,1060,84.046036,0
2061,196,12.495774,0
581,2835,18.583906,2
181,2686,28.982183,2
420,2384,41.429356,2
2850,2561,49.014359,2
2422,2235,18.069544,0
592,2238,53.874870,0
2533,427,59.928501,0
1460,1670,90.454720,0
839,392,81.797310,2
1913,2528,95.504364,0
547,2505,56.881916,1
2489,2276,53.988567,2
1920,1992,33.428703,2
368,220,99.213882,0
2572,2789,14.794605,2
465,623,5.369948,2
642,405,0.759828,2
2025,2973,92.242340,0
1647,442,49.259846,0
2620,1901,11.659837,0
2292,959,35.388000,2
1400,741,67.704224,1
274,1489,45.427223,0
1276,1541,41.099308,0
2584,1009,36.966770,2
756,147,38.498531,0
1821,1345,40.047237,2
1576,2400,72.875626,0
252,577,66.695518,1
1426,2592,79.040169,2
1379,2857,80.647240,2
19,291,56.422634,2
2364,2150,28.452618,0
2832,1450,94.380859,0
531,499,51.413250,0
2278,1067,21.122196,0
499,1967,89.206223,2
1444,2899,82.932808,1
1979,2433,71.110588,0
102,894,86.308624,2
1657,400,67.582664,0
2408,2067,71.161362,0
2423,48,93.026741,2
5,2539,21.628054,0
2833,2321,11.927357,2
1120,2628,64.689011,2
987,1964,52.108616,0
750,1771,21.995089,0
2423,2864,4.730534,2
1916,980,23.294243,1
492,1029,27.423563,0
2529,882,67.045784,2
1906,2287,63.680130,0
2461,2976,11.593206,2
245,2117,46.367626,2
113,849,3.884596,0
2186,1056,12.747602,1
1,564,12.264513,0
2829,2091,68.952332,2
1164,759,86.419083,0
2409,2822,5.392046,0
1805,2654,39.651546,1
784,1703,42.616009,0
2666,2363,6.017649,2
2047,401,86.092735,0
2366,1292,99.114998,0
511,2031,91.744789,0
2991,2579,40.914001,0
1482,969,33.457832,0
1971,708,79.782280,0
227,1785,5.183444,0
387,2808,15.931269,2
768,1293,63.542423,1
135,1429,55.403606,2
2227,1882,63.975758,0
1272,1620,68.133476,0
224,116,61.452312,2
1236,19,51.138859,2
445,1754,50.645004,0
850,1006,77.715134,0
1435,1943,17.701324,0
1255,758,51.753944,2
1867,2718,72.301010,2
747,52,87.057213,1
89,1677,94.350380,2
596,304,42.989368,0
58,65,99.252312,2
1437,394,96.997948,1
2650,1611,11.884374,0
515,2007,40.465336,2
2360,99,48.726292,1
1481,1015,95.616585,0
1450,1774,95.397339,0
1576,1244,76.052063,0
1097,1161,59.050964,0
316,1720,30.493818,0
310,2664,66.423737,0
2846,1709,84.487259,2
992,386,67.034592,0
1867,188,83.664345,0
2183,253,49.831059,1
931,259,87.486046,2
216,2300,46.488277,2
2962,1553,2.307212,1
1875,1574,36.996044,0
1772,1693,92.763222,1
2580,2119,28.762926,2
449,104,96.538078,0
1297,1366,88.740120,1
133,334,53.109936,0
2316,1582,51.259537,2
1214,1657,2.054518,2
1960,2779,30.166904,1
2411,904,17.703081,0
2355,1688,16.948420,2
1354,1595,99.223206,2
2678,978,79.671234,1
474,306,13.848731,0
2747,473,75.745102,0
2165,176,4.893414,1
2896,375,36.239727,1
1983,1442,82.336372,2
992,232,65.400627,0
2283,1847,98.503098,2
422,1791,89.594032,1
266,2557,98.749840,2
1065,2422,15.787896,2
599,2289,81.727974,1
2969,2885,72.886856,0
2717,2879,70.449493,0
1908,958,88.401245,2
527,2265,6.258476,0
2052,18,45.102886,0
2829,2984,13.293226,0
2259,1053,8.301286,0
936,193,77.282364,0
249,1321,52.715050,0
2542,1606,25.343838,0
738,2263,68.412056,1
2501,1093,25.487757,2
2802,679,56.760021,0
152,371,82.420097,0
252,2798,17.967678,2
48,2570,30.448471,0
1407,1774,7.948069,2
2981,1009,97.496979,0
1102,1028,88.543900,2
173,2580,24.439751,2
1518,2486,85.618172,2
151,1856,44.953255,0
1457,695,95.233307,2
610,2799,50.831787,0
2478,2131,8.504056,0
2105,1868,10.325953,2
1066,2192,17.712597,2
501,602,57.806423,2
984,1328,47.447083,0
1445,598,66.882797,2
2565,1511,76.050110,0
2444,2024,96.233330,2
948,197,49.887440,0
227,1264,27.386847,2
1301,2180,43.546211,0
2012,184,67.484848,0
775,1957,73.870148,1
229,1761,49.885014,0
344,520,19.538019,0
584,2656,66.052658,0
2468,1745,66.038986,1
439,1958,3.786141,0
2859,2040,95.780869,0
381,1470,65.377266,2
1307,692,96.731140,2
2531,2264,93.673607,0
2681,1096,34.007336,0
378,557,12.601799,0
225,513,80.615883,0
461,1704,60.501793,2
820,988,9.509132,1
1944,2449,29.307051,0
2969,2637,45.154320,2
1687,2792,76.928047,2
48,1776,13.874989,2
2828,1375,98.435829,0
147,963,2.256105,2
851,1526,59.474644,0
959,440,73.260788,1
1364,1277,15.721343,2
221,1038,40.611980,2
2994,490,96.731140,0
1550,143,97.012535,1
1677,153,69.214462,2
774,2718,51.760983,0
387,394,23.871223,2
2409,1066,79.099182,0
2130,675,69.562248,0
2253,2981,89.262856,2
1133,957,40.952690,2
2249,2707,48.605705,0
262,2186,31.934706,2
1340,815,13.085843,2
1703,1976,51.524124,0
1774,1774,1.912446,0
2798,1722,7.948373,2
2000,1114,16.410236,0
2228,231,69.830620,2
454,1028,13.812733,2
58,347,14.004366,0
831,327,57.346882,0
889,1855,37.873516,2
1487,457,95.736496,0
786,1840,33.865665,2
2043,2106,61.862892,0
1058,1962,95.199341,2
1021,2603,25.870249,0
325,33,33.654842,0
168,1045,20.451427,0
2377,478,58.149883,2
510,1705,14.128839,1
1427,457,72.976303,0
2445,467,48.698975,2
654,112,75.898239,0
1060,95,3.101632,2
2573,2399,66.984276,0
2512,598,85.230042,0
710,1652,92.342209,0
105,1335,23.816034,0
2420,320,32.949024,2
783,2500,68.349632,0
368,1201,33.128086,1
1137,1936,26.169090,2
2885,1878,60.903057,1
830,2212,43.787575,0
487,1603,38.615364,2
352,667,23.970797,2
1996,731,13.536997,2
619,552,83.402313,0
2696,386,94.086372,0
1067,2095,76.939850,0
2326,903,94.049034,0
2717,977,79.925545,0
2010,2525,50.385830,0
1468,1411,54.375874,2
1614,1231,11.791613,0
1754,235,49.330620,2
2314,2546,84.018715,0
546,2327,36.704716,0
658,796,50.016575,2
941,2972,70.579506,2
1881,1347,80.369339,0
1231,365,24.980337,2
1448,2074,55.325134,0
2512,2990,58.620407,0
1526,2784,44.688251,0
1989,2499,40.687103,0
1194,2877,36.475918,0
1596,2970,81.091026,0
1595,812,31.729530,0
2201,2787,34.958099,0
2481,1875,91.773140,0
1792,357,83.612297,0
853,1455,48.021870,0
882,1915,63.888664,2
1769,1093,70.773178,2
2886,2426,5.523876,0
31,545,26.158413,0
2402,2242,58.168411,2
1026,2104,6.266024,2
2013,2192,5.066337,1
2539,2436,32.488689,0
1763,1432,90.571465,2
2144,1305,71.307785,0
2573,1267,58.625862,0
2758,2515,33.425392,1
2820,849,66.746941,2
2873,360,0.233799,0
746,2220,96.278587,2
2371,2143,28.921431,2
1501,1004,28.848211,1
1209,47,61.199299,0
967,1479,4.563998,2
266,255,44.395004,1
2424,1261,38.396740,0
603,2421,38.750648,2
946,1277,94.105385,0
2999,1299,11.539559,2
1631,1960,92.983459,0
2033,1274,81.897667,0
1729,2632,8.297207,0
1580,2082,8.626418,0
1923,1798,87.881905,2
1529,1331,9.068126,2
934,2221,12.187208,2
1552,2773,27.443802,0
2649,40,35.435555,0
1699,1061,97.285904,0
1973,2203,74.165215,2
123,188,35.285194,0
2586,2759,98.964989,0
254,2214,36.826252,1
1960,1820,77.587120,1
1680,195,68.241417,2
1910,1663,74.224068,2
2568,811,25.788193,0
2829,2842,83.082428,2
974,2368,12.797122,2
2439,856,84.636124,2
1563,1291,74.497215,2
2855,337,24.303288,0
1888,2451,57.660202,2
646,626,61.226406,0
2744,1034,71.820038,1
1910,1290,69.045441,0
1642,2450,27.386847,1
2547,334,7.410678,0
1155,1054,68.368996,2
1456,647,59.794960,0
1051,105,85.158081,2
1873,2735,87.882774,0
687,1989,1.279781,2
2164,1131,12.277389,2
2567,605,6.705942,0
2276,1070,62.267109,0
724,397,49.108006,0
492,2146,39.599358,2
424,897,78.431747,1
728,1976,71.006851,0
1772,2956,30.337357,0
2101,2267,62.465611,0
2827,2410,49.505035,0
2949,2535,58.849148,2
955,249,78.201157,0
326,896,39.698135,2
2538,1640,28.008455,2
2258,87,71.358437,0
1920,1040,60.311478,0
1541,536,37.205353,0
399,601,25.789465,2
275,638,34.084728,2
1952,2871,89.145180,0
1141,2716,40.482597,0
10,1616,44.135265,0
2409,2685,86.463249,0
2552,2549,5.369948,2
591,2793,25.708687,0
2930,1974,2.697569,0
2884,2918,18.523893,1
1017,1970,58.922192,2
1052,2106,6.120028,0
1522,2850,82.662033,0
1126,1137,81.340370,0
965,929,85.685974,2
1971,1613,58.490742,2
677,997,32.771255,2
121,2732,19.028738,0
2459,596,49.528152,0
2419,1475,75.150612,2
2311,1829,98.872154,2
1129,2763,28.516912,2
2745,1163,43.088039,1
1595,2571,52.937756,0
2989,1349,69.305122,2
1133,1955,18.429695,0
1029,2109,37.597126,2
421,719,81.372978,0
2331,2256,93.505951,2
1728,517,74.379745,2
1330,2127,99.644234,0
1394,1195,68.794586,0
2285,2173,6.937865,1
290,1684,34.712452,2
1064,2578,80.441246,2
1165,524,58.336025,0
981,2844,64.527618,0
1998,948,99.386612,0
768,2739,94.137085,0
2055,992,37.271133,0
2367,1018,50.031528,2
1129,557,44.642933,0
152,934,9.716886,0
1222,488,53.385864,2
750,2832,90.726784,0
1051,1898,81.175949,0
2302,1256,61.603371,0
2182,1105,18.337900,2
562,2738,84.705444,0
1009,2156,43.713123,0
2883,1754,51.401318,2
826,1079,32.298126,2
1810,2743,34.321201,2
427,2286,11.780978,0
2276,432,82.897301,2
637,2560,97.785271,0
2039,1165,60.469349,2
2694,2607,86.102676,0
2429,212,11.698349,0
1420,1752,6.783072,2
938,403,26.724390,1
675,1642,95.476227,2
1835,610,81.731369,2
2518,2342,30.545948,0
1686,2628,13.983840,2
1860,2072,67.194458,0
827,880,9.557085,2
965,2134,4.275798,0
2876,1775,91.322884,2
562,131,81.129051,0
2663,310,22.206255,0
572,858,26.783686,0
1613,2084,92.342209,2
812,2202,40.294849,2
1830,1577,40.202335,2
1662,987,32.928722,0
2313,2761,27.035261,2
2791,120,90.319786,0
2369,2436,38.981419,2
2620,37,66.435204,0
169,2680,68.815735,1
2799,1146,6.106068,0
1515,1300,61.199299,0
2645,2826,21.153692,1
2187,2521,38.654430,0
2567,1989,13.540298,0
1015,811,9.533949,0
2893,536,92.149391,0
1962,1520,91.201530,0
2190,1039,73.797897,0
1069,1380,39.628551,2
1551,2507,91.994781,0
1095,1506,91.100586,0
685,1240,35.284115,0
1799,2338,52.270447,0
254,270,6.067623,0
345,1674,71.901787,0
910,1338,79.288567,2
1777,327,46.270920,2
344,1755,68.201912,2
350,2407,0.761448,2
2495,341,62.130455,2
1202,2861,18.849522,2
1117,1744,24.693758,0
1135,394,34.731106,0
2679,2290,4.867371,2
713,283,39.997009,2
2733,1188,7.039906,0
2142,1605,59.531452,2
764,1152,4.410990,1
2399,2818,30.744459,1
2672,990,81.969696,2
2114,2054,40.037838,0
2436,485,16.763939,0
2102,887,80.544739,2
39,1060,72.131676,1
2729,458,54.288383,2
2377,795,68.496483,2
1137,2537,25.451616,2
2969,1924,31.854900,0
1574,2551,14.990143,2
792,1711,20.533064,0
542,2527,98.853333,2
2342,562,19.296370,0
1840,1139,49.763115,0
1863,2002,94.049034,0
2702,744,22.974171,2
1261,2703,42.297256,0
2525,2844,34.079369,0
956,2085,59.928501,0
2393,1659,6.973235,2
2878,2541,68.253960,2
1733,1464,8.032582,1
0,2536,95.649422,2
146,2182,87.297714,0
110,1244,93.461723,0
2669,1714,85.045357,2
1045,697,13.402399,1
164,402,28.642878,2
1172,1248,72.852020,0
1023,902,40.244190,0
1212,251,39.222828,1
2062,222,19.962582,0
2609,1650,91.388474,2
2500,631,43.015560,2
567,2115,98.457932,1
2664,2892,19.246071,1
2432,582,52.141525,0
1507,949,17.315559,0
1566,2312,67.607368,0
2716,1036,81.629837,0
891,1557,17.984911,1
2099,1854,86.408943,1
1767,1164,91.558342,0
883,2702,24.081306,0
928,26,4.834317,2
1179,2794,79.505760,2
2355,2557,29.833618,2
2944,147,4.383120,0
2783,2342,59.920990,0
148,348,76.698990,2
1657,2169,49.587719,2
1753,66,60.439133,2
2089,1662,80.753372,0
1163,1422,5.950010,2
1449,1028,18.366564,2
2168,2097,61.728306,0
282,2736,48.507427,0
84,116,7.784664,1
65,2204,4.505779,2
1403,2279,88.783966,2
2515,521,7.108554,0
1792,519,47.181198,2
897,2288,30.257347,0
2628,715,94.711357,2
1304,886,54.579494,2
730,525,3.883876,1
2553,217,16.131050,2
834,1573,2.717332,2
2887,444,70.570641,0
1516,2829,44.932739,0
382,2965,61.680653,0
2416,1030,7.636360,2
2235,2788,44.152641,1
1227,2828,64.690742,0
1371,2418,92.745789,2
414,113,42.755260,2
1775,2061,3.164961,0
1588,1806,19.222914,2
673,798,7.274584,0
2203,147,43.136879,0
548,1169,1.745781,2
2229,2092,39.264671,2
2265,2235,88.288200,2
919,1940,67.820251,2
2354,2029,23.504484,2
719,2121,23.223518,0
2060,555,70.809021,2
1453,1914,25.617239,2
1598,888,36.989346,0
345,485,21.644064,0
1576,497,72.984528,2
2137,2516,5.603939,1
1081,1925,56.792099,0
933,547,79.699417,2
1354,2629,37.530720,0
1727,1511,15.008974,1
438,2203,22.208277,0
1579,1540,14.004366,0
941,858,74.351273,0
694,370,34.562447,2
1830,2516,74.138527,0
1998,1259,75.229187,1
2824,1030,67.320129,2
2796,2845,72.023552,0
1216,1478,11.389260,0
2924,2159,59.931896,2
1227,966,59.713268,0
2084,1656,93.592033,2
1529,2559,82.353653,1
2943,2023,22.382492,0
1290,1593,82.670723,0
1180,944,23.631115,0
2110,2143,7.282002,2
1696,2550,45.889160,2
2332,2945,63.171925,2
258,2306,2.307212,0
2891,491,34.541897,1
1929,1437,43.289127,2
1869,583,9.533949,2
2636,2330,49.475765,0
1666,472,36.255177,2
2811,1948,53.227207,2
2563,2022,74.723206,0
2531,1365,19.857121,1
2435,97,6.569582,0
2020,623,33.075676,0
2831,1387,15.049379,2
2352,1936,60.669022,2
2392,1805,32.293861,0
2239,2120,1.215579,2
1546,2097,79.090927,0
1362,1032,22.394466,0
1817,548,10.141510,0
539,655,86.188789,2
1353,600,16.813828,0
1162,2795,72.927132,0
715,2347,73.592506,2
102,903,97.280106,0
2564,504,3.235302,0
2775,2240,72.355598,0
301,1413,2.747532,0
2395,1245,83.426308,1
2965,1393,25.274994,0
2155,880,81.459930,2
2486,874,95.807472,0
2993,2359,97.511566,2
1716,66,32.339054,2
780,2773,64.827499,2
2629,2210,54.190430,0
547,1989,39.809677,0
254,2246,89.282227,0
2275,1158,45.863602,2
1605,2554,86.563522,2
2873,1640,90.439934,2
262,1581,2.464549,2
1651,1220,59.686165,1
572,1553,97.960068,0
815,1463,76.734169,2
339,1152,69.647850,0
2262,339,45.556274,0
917,522,3.115647,0
557,1967,92.914452,0
1606,1683,55.070477,2
1112,331,2.300598,0
1275,343,1.079757,2
433,893,12.555842,1
2415,2594,65.292908,0
2036,2148,95.760811,0
2752,396,14.473763,2
2052,1891,64.883163,0
852,1761,10.075313,0
1598,1699,70.503708,0
227,2477,37.486782,2
2965,1007,92.702774,0
2873,899,4.131050,0
508,1134,76.408791,0
721,2820,6.345205,2
2588,143,34.922417,1
726,2552,13.259673,0
2590,2749,17.058123,0
1030,2867,84.679375,0
993,1888,49.934727,0
2578,1918,49.905945,2
470,2,0.103253,2
409,1267,62.875515,0
1788,645,88.357765,2
1286,1443,37.529800,2
302,2975,40.840847,2
1554,1609,22.051401,1
258,603,41.402733,2
2827,1233,56.841034,2
2622,479,21.944410,2
1048,2649,53.484879,0
2209,251,44.310402,0
1511,2539,15.713829,0
586,2133,88.095558,0
1550,1273,70.714600,0
1156,1033,84.970421,2
2174,268,42.989368,2
2511,901,89.979355,2
2674,338,81.416084,0
695,744,51.704571,2
1085,2707,32.450600,0
2125,379,90.994385,2
1321,2868,94.432800,0
826,1854,75.421043,0
1106,2779,9.610321,2
862,1489,54.306351,2
591,39,6.536838,0
85,2661,83.579781,0
2652,877,59.025112,2
2362,1260,63.473942,2
641,1956,42.598598,0
541,1557,0.082292,0
2206,1776,24.197456,0
1716,2797,58.994068,2
2832,1893,16.547853,2
1609,2178,63.613945,0
1104,2290,63.496349,0
250,2087,37.317989,2
44,2988,74.739883,2
2145,2304,27.895750,2
1150,344,29.795691,2
853,473,76.927399,0
1593,2053,93.021111,0
2107,1375,16.371799,1
2158,747,83.928841,0
1603,2854,60.635303,1
1537,2322,75.004456,2
1189,514,47.790478,0
1131,1462,93.837715,2
2096,480,22.222013,0
2984,200,87.213799,1
2116,986,56.180138,0
2560,2821,63.517712,0
239,60,3.583564,0
748,528,45.158596,2
2697,902,15.316838,2
1606,179,65.170540,0
1032,2300,83.432030,0
2030,90,73.851868,1
1657,517,34.568600,2
2498,2548,17.523640,1
1877,65,88.557312,2
687,1157,2.199683,2
2450,2260,14.085524,0
2811,1224,88.107079,0
708,2863,41.976730,0
614,808,73.023521,0
2728,558,45.522209,2
2678,1834,41.358791,2
2246,2865,24.890982,2
2872,1472,48.270657,0
2946,1244,40.654232,0
973,1937,42.298042,1
1286,442,45.612335,1
2762,1225,36.102867,0
2713,632,51.344547,2
300,2001,87.662102,2
2782,1646,64.188293,1
2232,248,61.724876,0
1349,2673,52.273319,1
2329,2581,52.676384,0
2755,1307,45.705048,2
2810,2294,97.863197,1
2576,607,7.844693,0
1184,2313,90.107224,0
723,1088,65.132729,0
162,255,8.052185,0
969,2437,71.533989,0
1829,238,41.532063,2
2156,2221,53.107357,1
2654,1517,18.899845,0
1973,1407,5.950010,2
1573,2389,63.655319,0
1526,807,48.333889,0
422,1585,78.019348,2
407,1251,71.025719,2
1082,671,59.740654,0
696,1718,54.715305,2
150,2278,15.084837,0
2476,2957,81.558334,1
2371,1806,44.103245,2
501,2992,14.820729,1
1124,2537,5.818025,2
1334,2920,21.453751,0
2497,1085,8.301286,0
785,2390,29.273024,2
1297,276,37.924026,0
3,1946,43.001842,0
1419,1531,24.335236,1
968,2442,91.536583,2
2947,20,46.614964,0
787,2855,53.795296,1
846,1952,91.645233,0
1930,2697,80.174576,2
580,492,98.168716,2
1793,1586,24.949627,0
516,200,71.513222,0
1147,2162,17.809494,0
1787,1459,11.073963,2
2043,1729,85.890694,0
979,2195,26.042446,2
2866,1073,39.588535,1
289,2998,12.376973,1
329,2402,25.880802,0
787,479,71.407188,0
1303,1111,13.143190,0
2906,2923,27.986515,2
825,1490,33.961887,2
225,902,29.732691,2
1199,1750,73.600792,0
2753,1732,86.820145,1
1195,21,56.820889,1
2860,2846,19.468557,0
1586,2733,95.586418,2
2275,2277,94.728722,0
66,332,66.596565,1
2852,1721,8.978168,0
1019,1432,82.176453,0
1772,2779,96.311424,0
63,155,71.292892,2
2120,1017,76.891739,2
2992,1265,19.221910,2
2798,1202,33.776466,0
2674,1368,87.520500,0
969,2373,86.586197,1
2982,756,72.548851,2
366,899,17.190586,2
286,1370,68.064873,2
1308,2465,39.334621,2
598,2776,9.748889,0
1442,1798,64.874153,2
1946,2142,86.307732,2
555,420,19.357500,2
1407,1207,7.251012,0
582,1466,19.939043,0
2169,131,66.299927,0
737,662,56.570122,2
676,1668,51.008503,1
2351,290,12.082018,0
1892,2991,80.476288,2
961,770,29.773239,2
1519,1756,10.334179,2
2397,644,18.796015,0
699,273,75.664551,2
16,2117,21.903578,2
2183,970,55.214645,1
2335,1710,40.766617,2
2865,1019,65.118217,0
952,458,48.471905,2
913,1308,93.416115,2
1196,619,96.715218,0
1243,1944,99.375877,1
674,2580,5.183444,2
419,2719,43.853073,2
719,2273,58.152607,1
137,1253,9.286473,2
733,2561,15.037068,0
2626,2770,96.365990,0
979,2399,40.482597,1
1712,1845,51.806957,2
1237,1637,36.903316,0
1822,1116,23.771208,2
2839,2273,66.640121,0
2315,2310,81.873329,0
2768,2296,8.859806,1
1451,857,51.552452,0
1304,231,36.287777,0
1717,122,33.447754,2
2248,1380,48.583767,2
486,2545,5.885234,2
819,1365,85.841835,0
1278,896,71.331993,0
1386,1437,39.139488,2
2211,1944,92.868500,1
2131,1622,77.958366,0
337,1306,81.896286,2
2484,1086,0.068985,1
2245,27,99.650345,2
1244,1441,23.461056,2
1754,1255,1.994490,2
1948,2168,18.818848,1
662,178,33.757961,0
2706,2094,6.852032,2
1796,625,19.311857,2
933,153,72.306610,2
2700,1292,11.484172,0
2123,1195,45.522209,0
2760,642,33.081043,1
197,276,85.392677,2
2767,2792,60.178719,2
470,2470,49.897778,0
2074,815,33.266674,2
2042,2734,65.358627,0
2656,1445,75.575272,0
134,2696,46.321674,0
2312,1887,44.815517,0
402,2892,15.564375,0
2571,2408,57.007820,2
336,1366,76.001770,0
1067,2608,17.613791,0
2001,1571,23.538969,0
2850,614,23.110804,1
1343,2771,95.832863,0
1883,2147,3.666401,0
2431,1338,51.887558,2
1607,1786,13.536997,2
892,2086,89.845848,1
2603,1943,50.594948,1
2452,1393,56.841034,1
908,1699,26.179453,1
454,2338,37.517937,0
60,2753,28.871958,1
976,685,94.979782,0
123,1180,96.368095,1
1946,1019,60.033813,0
926,235,18.145271,0
333,1230,77.372696,2
1080,1048,16.867735,1
393,2388,62.003960,0
714,2064,30.520817,2
2961,1643,67.657776,0
1484,230,60.559921,2
1357,2562,62.219818,0
1741,488,59.019138,2
135,1539,49.321117,0
256,576,33.170475,0
1943,724,15.061745,0
2403,1175,46.768333,0
2737,1553,59.841805,2
292,2978,89.295715,1
363,2074,16.707674,0
1845,2035,28.640669,2
2284,1395,15.946817,1
2569,71,94.787949,2
567,1821,5.841407,0
2134,1329,49.360203,0
969,67,37.193108,0
983,417,53.887665,0
1951,2406,91.458763,2
174,1653,98.842247,0
621,680,97.354889,0
2538,1926,74.990852,2
1228,2514,40.367275,0
581,1817,19.422968,0
24,2023,54.490784,0
1645,1840,19.826468,2
253,2065,29.322252,2
1099,969,6.108425,1
2359,1715,65.904480,2
2995,1772,33.711754,1
2885,240,42.463280,0
1816,1887,6.089298,2
1938,1463,82.815384,2
2236,1837,22.393860,2
1801,1672,40.730240,0
702,551,39.274979,2
1153,2965,20.520578,2
1156,1045,82.810287,2
2705,35,40.472866,2
881,1988,84.477203,2
2241,2865,66.402527,0
371,382,79.594238,0
1215,2606,96.495743,1
1379,2534,9.084928,1
1578,1898,59.923851,0
2675,1208,17.648926,2
1070,1187,50.460594,0
2887,2316,6.032026,2
1347,2366,70.805634,2
2415,1645,35.619717,2
2007,1506,51.963348,0
2264,2086,79.203651,1
1297,699,56.763386,0
2189,846,20.660458,0
2977,1512,88.488388,1
464,1612,77.088905,1
2082,582,32.503330,1
2869,897,88.344818,0
1420,2274,64.056725,2
2863,52,24.157427,2
430,1936,3.549741,2
536,1330,28.921431,0
1956,1391,10.367890,0
568,1551,86.228874,2
582,2587,95.760406,0
889,2781,41.563446,0
1272,1901,80.507278,2
22,1853,23.472780,1
678,2574,78.195206,0
213,267,34.133186,0
1160,1418,78.896278,2
1849,888,6.894607,0
1900,694,46.709888,2
782,1169,93.656197,2
1027,1087,37.763222,0
459,1987,54.645699,2
2213,2745,91.604195,2
1750,1499,20.997030,2
2491,1313,54.771999,0
1357,158,54.029324,2
2735,2463,51.537273,2
70,2086,47.886658,0
1835,2041,90.193703,2
316,2758,79.087372,2
27,2628,88.401245,2
2975,1463,36.627159,2
2615,2820,44.815517,2
172,2242,42.378471,2
2064,1148,1.900154,0
1625,1397,23.218334,2
1282,1684,91.086906,2
2882,1754,66.770302,0
1299,1390,69.348717,2
2656,1511,90.011368,0
1299,1801,49.316116,0
2906,1908,91.571396,0
2956,2933,69.045441,2
473,2156,63.988865,2
1895,1994,54.847057,0
1077,1652,25.216244,1
1369,269,94.868370,0
2340,171,0.820243,2
1034,2822,1.172314,0
2508,269,32.191200,2
2113,1925,35.939205,1
65,797,59.565727,2
2352,2240,56.680210,1
57,1063,2.466634,0
2306,2771,77.007401,0
107,1681,54.854965,2
907,1539,78.376495,2
1379,1233,96.248322,2
2747,61,94.424324,2
2902,1455,71.663124,0
1275,2652,92.124214,0
1154,1152,12.972458,0
2591,2116,15.801333,2
2779,464,44.391018,0
2854,1351,96.891388,1
2773,2908,31.621502,1
2036,2583,22.530201,0
2671,1634,31.380814,2
2591,2062,7.718344,0
2666,772,74.703087,0
2067,2546,33.088089,2
1430,1450,86.228516,0
2829,1244,17.190586,2
1377,928,58.788448,2
1566,503,79.404510,2
155,1190,7.566626,0
1174,1383,85.486008,0
181,2100,20.260912,0
2955,1771,96.179741,2
1940,50,59.003223,2
982,1949,7.025278,2
2325,1758,58.974136,0
122,1533,90.490685,0
1891,2516,29.825315,0
1116,2584,3.761143,0
226,583,78.313385,2
1182,883,84.262192,2
1583,2434,1.518724,0
1827,1392,69.412193,1
2733,2364,85.832253,2
831,2088,87.592918,0
615,2950,6.929216,2
2557,2253,1.865548,0
478,2897,80.824875,2
1808,728,21.956530,0
448,513,30.150984,2
1384,203,49.341713,2
726,85,56.455757,2
1437,318,74.311295,2
534,1021,42.457684,2
2690,1305,63.508179,2
776,1236,41.145657,2
1874,2035,96.680542,2
2648,789,65.104584,0
2117,2627,34.453018,2
865,388,7.060229,0
2829,749,94.728722,2
1476,814,7.145224,2
134,984,75.307816,2
621,2048,85.513878,2
2405,324,69.660156,2
1357,937,91.645523,1
394,1147,18.466208,2
1109,1848,18.835749,2
2940,581,81.442642,0
152,1809,66.492058,2
2753,147,0.452818,0
2718,2931,73.003479,0
607,1971,82.600372,2
2086,1771,50.542835,2
2787,2876,31.488602,0
2459,2062,35.622181,0
261,1670,18.869543,1
643,844,33.238132,2
2964,1750,93.818161,0
1606,1245,73.088791,2
1060,2191,68.566269,2
2062,1569,31.536184,0
449,2113,48.575443,0
1649,1544,68.170555,0
1663,1916,83.736191,0
210,1230,98.548950,2
2971,993,83.571579,2
2778,219,15.319355,2
1983,1258,26.910070,0
921,2404,49.795486,1
2252,1538,73.471451,2
1711,2865,61.082233,2
1480,2154,27.439203,2
1487,2932,70.573036,2
670,1442,71.457649,2
2918,2167,68.269920,0
1828,701,31.204889,0
625,1425,50.138836,0
2672,959,85.266891,0
600,1911,2.869105,2
824,699,51.492828,0
1827,768,30.607519,2
1019,101,71.969566,2
1180,2109,30.355074,0
2875,677,83.191299,2
483,676,17.528717,1
2550,1241,82.575134,2
2753,1074,24.663641,0
2724,2517,47.493397,2
1159,1953,57.865059,0
2818,1719,41.320202,0
1365,2826,73.109528,0
219,2961,68.033440,0
1492,206,54.668869,0
744,148,99.863914,0
2339,2398,3.825759,0
1222,536,42.397663,0
2256,1376,28.250708,0
1858,626,53.988583,2
2245,149,53.244869,0
1129,832,83.082840,0
192,1122,79.734940,2
2736,908,53.984985,2
1064,2931,35.302559,0
1755,2190,37.618584,0
2197,2929,80.070549,1
2000,1031,2.384855,0
381,231,19.694414,2
257,1624,83.635124,0
2720,1376,24.255579,1
169,77,71.805687,2
1288,1898,18.108727,0
353,1680,72.455200,2
893,1581,2.137846,2
170,2047,35.468475,0
2780,810,74.891991,2
1078,50,18.885555,0
1311,2187,58.491409,2
195,2779,95.235924,1
560,2110,39.741684,0
1697,69,99.571922,0
1387,293,58.140079,0
832,2651,37.369358,0
983,298,0.637746,1
412,537,21.539116,0
712,312,73.809654,0
2323,2127,19.974453,2
466,2558,73.876724,1
80,1819,85.644424,2
2280,49,85.241386,0
1496,997,63.408337,2
1584,660,22.948956,2
2521,434,58.767944,2
1328,784,5.058572,0
2997,2432,18.819912,1
1913,1636,53.620106,0
1827,361,60.572670,2
2854,1217,95.691437,0
2842,2357,15.649929,2
914,2447,95.326805,0
2308,1168,40.746574,2
1196,2995,83.298668,0
982,2559,20.383186,2
2443,830,39.434486,0
1276,117,22.438963,2
460,16,47.250366,2
2294,336,25.810345,0
2566,2241,54.322311,0
2140,875,34.968697,2
1169,2962,61.447987,2
788,1332,41.989059,2
285,658,99.863480,0
2672,2346,34.560669,2
3,2257,11.300332,0
1526,1252,77.323555,0
295,1981,42.511314,0
1409,1757,64.316109,0
2955,2600,41.874332,0
1597,163,84.679375,2
1985,38,70.493866,0
1150,1676,15.013083,0
2325,781,5.643958,2
504,465,27.499313,2
2364,2247,58.072552,0
2680,503,63.999714,2
64,931,41.293312,2
1589,2291,8.100756,1
346,1715,64.106392,2
1070,2576,45.435307,2
1544,2133,56.103409,0
1844,1692,59.963600,2
1431,2078,24.230949,0
1487,1981,6.458358,1
1892,679,21.050308,2
239,1105,23.520220,0
482,38,85.832253,0
2389,1598,81.347549,0
1261,2330,9.226777,0
1031,76,5.976234,0
1667,609,68.651604,0
87,300,12.469010,0
2443,2611,12.885448,1
2364,524,59.686165,1
720,82,96.111031,0
2563,848,17.613791,2
1537,2395,74.005775,2
1867,2815,64.892754,2
1464,220,24.524080,1
2256,1131,62.739170,0
2732,61,99.205093,2
2821,354,11.345932,0
2594,1345,73.695946,2
2327,2580,26.989431,2
390,1635,98.220818,0
2711,605,74.771790,0
2255,1210,45.635818,2
1915,900,51.726883,2
757,1722,60.445347,0
87,505,8.796539,2
842,1440,12.815110,0
1204,2419,42.495060,2
950,1336,79.058113,1
2540,1227,68.830093,0
1109,2145,49.997646,0
1015,293,88.523354,2
2041,239,21.451288,2
1688,2960,92.978050,0
913,2293,48.910919,0
703,1790,62.539234,0
2275,2246,8.858067,1
1348,2239,76.270798,1
961,2331,98.767723,2
736,2269,35.325970,0
2597,2527,59.934246,0
1322,1560,83.820686,2
428,1005,21.307203,0
1657,2575,42.977676,0
2204,2070,72.271744,0
1695,2884,28.905760,0
2957,359,89.007233,0
1130,2392,13.946307,0
1912,1605,55.532612,2
1845,1866,9.394716,2
560,2097,36.899479,2
2781,176,94.556580,0
2012,2155,96.935806,0
2447,2434,14.053600,2
1129,2778,85.877213,2
2578,389,35.325970,2
174,2156,73.421547,0
229,2511,9.768960,1
1126,2119,14.503657,0
1608,2241,81.366051,2
2046,592,39.599358,2
2554,2219,49.787643,0
2348,2604,20.928648,0
2231,2682,88.292099,0
1269,976,59.664360,1
1648,1707,11.397172,1
1620,2328,8.206814,0
1030,232,75.601692,0
110,2417,24.742491,2
185,2992,85.149666,0
1496,1595,84.315765,2
2107,186,27.825556,2
2831,1455,85.519341,1
1236,2608,85.325706,2
2479,360,78.201157,0
806,1015,29.595497,2
1962,409,63.905228,0
207,1245,55.250359,1
1467,2116,71.899666,2
1341,2454,39.688488,2
258,424,29.279467,1
375,1582,69.163376,2
2960,1636,68.492058,0
2239,2873,18.406155,0
2380,2214,60.607506,0
2636,1832,46.556606,2
134,1384,40.493752,2
2031,1103,83.042236,0
1905,2614,8.488604,2
415,1521,65.309990,0
2926,1750,72.419594,0
1082,1499,82.828407,0
1444,343,22.490191,2
2268,2915,62.117954,1
2163,1324,38.294205,2
1609,2009,43.853401,2
1041,1807,51.351120,0
723,2100,70.570641,2
2228,1824,79.740158,2
2709,1552,75.888390,0
1543,1007,23.252211,0
1971,280,79.134827,2
988,2519,88.320236,2
262,2514,61.711746,1
299,1917,69.516975,2
2205,2580,12.246439,0
888,180,59.061237,0
1476,683,34.418427,0
1515,1332,74.330124,2
1197,335,66.925362,0
2862,818,8.446616,1
1652,778,39.174652,2
1094,759,49.927505,1
2293,1320,74.015999,0
2182,1992,59.784767,0
1185,2163,17.093683,2
2340,2665,19.302217,0
2723,2103,99.834770,0
1247,880,88.439293,0
986,2435,14.670696,1
200,2283,37.210926,0
1144,2298,63.308842,0
1157,2097,94.257858,0
2381,2560,15.069402,1
2457,114,73.580399,1
485,2370,45.586590,2
750,2959,68.164360,2
2900,189,15.745294,2
636,1861,22.945002,2
2257,2409,97.360046,1
2904,1202,9.467001,0
2617,1103,7.249804,0
2009,198,16.366529,2
2669,166,43.110249,1
597,1454,28.086187,1
2768,1832,56.074612,2
662,1751,99.520355,0
1364,155,90.222237,0
1707,1244,50.357517,2
246,2638,25.478096,0
483,403,87.210541,0
1102,7,78.733032,2
653,2520,40.976715,0
1698,2478,28.307608,2
885,1053,83.667168,0
453,1875,81.699387,2
2914,2114,94.798744,0
2044,2088,18.828688,0
1384,694,88.972878,2
2405,2790,62.592861,0
1899,605,81.939613,2
444,514,74.140778,2
2861,2359,33.428703,0
710,105,78.639236,2
601,2762,60.542160,2
1689,1437,43.687927,0
2723,1368,68.133476,0
2313,600,6.084152,0
2059,428,7.708729,0
741,138,9.573512,0
2149,1257,82.738708,0
2870,2011,53.071815,0
443,2253,95.979286,0
1511,2270,47.956223,0
1901,696,10.614284,1
1895,813,5.721216,2
224,2818,96.684578,0
2304,2145,81.484955,0
2840,1567,56.764114,0
2006,1407,95.841469,2
2104,327,15.920642,0
2458,2223,94.989525,0
1713,1795,83.778664,0
1882,2814,97.216774,0
659,198,78.510117,2
2717,2245,31.776377,2
1569,891,53.044876,0
2714,1100,53.818916,2
2644,1710,22.792414,0
2015,1234,62.086460,0
2884,377,92.314575,0
235,1677,49.340626,0
1906,419,44.450302,0
678,1994,85.634399,0
243,1465,12.858397,0
1331,507,22.449730,0
1670,1943,18.295431,1
2083,2476,60.829842,0
2866,1192,43.740578,2
123,662,17.955225,2
961,2519,49.320236,2
120,2190,26.398180,0
1985,323,24.061947,2
934,1554,92.651550,0
928,2811,30.768423,2
859,2639,7.195175,0
1689,1761,94.216965,1
2510,2434,26.510851,2
2782,990,82.669998,1
2900,1161,93.580925,0
473,2526,90.864441,2
1349,451,8.136712,2
1065,2886,98.780228,2
2874,2371,4.744116,2
2501,766,33.152210,0
1908,1448,66.643646,2
2730,198,88.319016,2
1025,1358,15.743339,0
2090,1722,40.283424,2
1826,1274,61.101337,0
2605,1954,40.584751,2
795,2998,90.835007,0
750,619,15.850009,0
2957,1083,95.652725,2
2980,574,42.225647,2
1228,2287,29.609879,2
1278,729,19.561291,0
1029,1220,94.726120,0
211,2641,63.905228,0
1803,1593,45.679451,0
2677,1989,16.331253,0
1065,2286,15.257875,1
1552,2755,99.361626,0
66,2390,46.592976,2
818,2674,61.075237,1
2077,1031,32.868416,0
527,1192,93.092590,2
1607,1576,66.289169,0
539,2665,98.149300,0
99,2608,49.374920,2
758,1278,83.848274,2
1232,781,19.821905,2
1809,1261,78.822388,2
1638,281,42.932552,0
2935,105,80.719872,2
552,2752,92.783913,0
95,650,71.273796,0
1711,1876,97.316956,0
1778,1109,77.594627,0
2452,2693,60.848038,0
1233,2235,73.381676,2
2859,1218,69.757469,0
1179,736,67.028214,0
906,1985,70.491013,0
395,2397,52.319485,2
2620,2024,86.550385,2
2593,1800,55.593464,2
1089,2474,36.445751,0
1241,987,76.712257,0
2689,1346,59.550144,0
2943,270,14.295242,0
2144,1349,69.288124,2
1544,1427,9.639530,0
224,2671,34.032104,0
1239,2421,38.106739,2
1079,1370,87.056625,2
2141,2227,23.513063,1
1651,366,95.276726,2
1359,2221,51.812199,0
1319,1439,53.666370,2
1395,2925,61.881496,2
505,29,41.292442,2
336,1031,17.285156,2
1164,1284,8.021596,2
1666,2066,61.967258,2
91,2483,27.728119,1
1080,2011,57.326641,0
1071,1461,88.764320,1
286,1785,79.840996,0
2434,1504,93.841454,2
1884,1321,24.209667,0
1787,1102,60.925678,2
66,1334,87.639755,2
606,441,94.679169,2
2921,911,13.453422,0
1240,1693,21.394949,0
108,1121,62.699013,2
2622,2563,29.029631,2
986,1170,80.714409,0
1117,2725,69.751503,2
711,2019,65.484558,0
1766,1663,47.964474,2
464,1471,43.512070,1
1076,2169,10.119687,2
356,719,77.511528,2
1883,578,91.388474,2
865,2431,69.632156,2
894,665,40.204605,2
1405,2949,50.590000,2
1535,1233,40.716106,2
1626,2777,48.783520,2
573,2315,59.002216,2
1476,692,19.005222,1
1351,308,63.369057,0
2774,2885,80.420235,0
1665,643,96.436127,0
385,198,89.642998,2
610,208,78.075714,2
1371,2886,3.599455,0
706,833,64.941803,1
2758,1326,29.431295,0
1186,1086,43.015289,2
812,2228,11.970811,2
1243,2073,99.070236,0
1545,662,62.867374,2
2731,2477,72.938683,2
1827,36,22.338030,2
1702,2639,10.763273,0
12,203,60.079964,2
2936,2010,81.107185,0
2801,1095,15.722374,0
1810,2687,9.267014,1
2806,2909,30.991442,0
854,914,24.464602,1
1912,1604,55.197300,0
293,2722,10.430001,0
2274,35,69.918480,2
2896,2847,80.673706,2
2029,544,23.842026,0
1200,2289,60.665695,0
2318,1136,84.065895,2
224,1064,5.558538,2
778,229,4.097837,1
491,213,72.069954,2
2795,168,25.700647,2
965,2692,9.613549,2
2649,91,83.801224,0
163,2146,39.646263,1
2975,214,94.184448,0
1782,344,94.624237,0
870,597,4.178593,2
104,1568,64.591415,0
874,166,2.574933,0
1510,534,77.756821,2
1505,1554,89.630600,0
2905,2498,19.987999,2
1260,1436,25.247072,2
2309,2321,67.915733,2
1366,2440,87.066345,2
122,1323,12.084083,2
2566,2702,56.455166,0
172,2049,9.059993,0
2896,1963,80.191971,0
980,1590,14.781964,0
2099,1772,39.727356,0
2984,201,35.140507,0
918,1529,27.723362,2
786,2233,59.284168,1
793,2126,57.320469,0
1085,2400,63.774693,0
299,1520,84.510559,1
2811,2841,5.174667,0
635,2351,65.290268,1
1657,1573,45.987892,1
1877,1663,33.428703,2
1976,755,87.197998,0
2947,723,87.446602,2
1122,2963,89.089989,2
2038,2120,8.483014,2
2136,780,0.954298,2
2083,2786,31.648407,0
537,138,49.887440,0
88,1209,91.206718,1
2177,2234,64.606659,2
1321,2242,32.429535,2
1390,1216,76.837975,2
2547,2224,79.394676,0
392,1410,41.572903,0
1490,466,51.791828,1
2109,226,86.682495,0
1244,630,10.998487,1
1636,2497,62.840134,0
968,253,50.512608,2
1309,2276,57.890804,0
146,94,63.577911,2
2251,720,75.607948,1
2069,1927,62.848312,2
2636,981,73.499580,1
810,2453,8.977763,1
430,1377,92.158348,2
555,2536,49.074226,0
1780,2388,80.519447,2
2749,1845,92.974068,2
314,1326,94.608139,2
2448,2835,41.794621,0
2145,2019,26.463392,2
2698,417,80.221237,0
978,1773,40.692856,1
1726,932,53.579437,1
1941,1806,10.526547,2
325,516,19.332432,2
1083,1485,36.875591,1
2912,954,54.490784,1
2170,1113,9.431539,0
2565,908,2.410028,0
536,2017,10.325953,1
1777,1748,1.854298,2
22,186,18.741980,2
464,1900,47.140686,0
1322,443,27.161989,2
2659,2956,66.529037,0
336,550,8.693856,2
515,1154,39.334579,0
1542,2362,86.047394,0
71,1852,42.017418,1
1466,2999,22.432678,2
1587,1912,34.505215,0
2923,2168,50.415352,0
1455,1522,58.914738,0
2566,891,38.718540,0
1586,320,7.167716,0
1505,1249,39.041855,0
2135,2449,51.329189,0
24,2882,78.548294,1
1477,2098,95.498970,1
762,107,53.568546,0
2154,773,99.359009,2
1995,1127,74.078339,2
1742,1407,59.755516,0
488,1572,69.407623,2
1356,2108,42.417255,2
2467,607,49.014359,0
2297,2970,0.237028,2
2334,1486,0.308522,2
2887,1180,1.504081,0
857,1432,12.830307,0
2656,2606,84.549240,0
1637,2550,81.104431,2
1786,1321,54.541290,0
720,2747,74.579941,0
1037,621,62.297867,0
1323,2627,26.301258,0
645,1630,22.280722,0
1590,72,54.608925,2
916,2370,45.478699,0
2528,2646,68.171486,2
2234,1208,91.442841,2
2168,1731,66.542831,2
997,889,74.067108,2
858,296,53.710331,0
1184,1807,86.228516,2
2323,440,73.679100,0
1601,407,74.771790,2
685,813,15.153484,2
1243,1708,23.261072,2
1283,1509,37.303188,0
1662,1624,40.283623,0
2303,994,19.209980,0
956,1708,71.689003,1
131,2793,84.548615,0
1212,160,48.893036,2
606,1457,78.056206,2
1307,1970,52.861790,0
39,2878,42.419563,2
2784,1849,94.249588,0
2749,1629,93.278557,2
2324,2068,63.662018,2
2135,2606,73.952461,0
644,532,91.236916,2
1110,1712,22.333576,0
1638,1716,71.381126,2
2281,2223,75.133774,1
210,632,62.739170,0
330,2419,43.015560,0
1617,993,64.627129,2
306,2159,97.885498,2
1145,1284,14.197679,0
1442,1207,86.063499,0
2679,368,80.278297,0
2340,2431,56.011005,0
2364,902,5.523876,2
477,2552,95.733284,0
1480,1213,80.365074,0
835,601,22.940296,2
2501,1692,39.727356,2
1174,2443,37.207886,0
2157,762,24.596443,1
1777,1269,98.319183,2
2775,484,44.509331,0
1638,952,45.863602,2
2179,1659,31.485531,0
1656,1285,74.521675,0
1705,1054,75.761314,2
2729,1959,84.606567,0
941,1916,47.194473,0
418,798,48.563637,0
2433,2825,11.739803,0
1100,2376,21.619452,2
1323,1756,57.665897,2
495,88,20.161234,1
863,107,71.805687,0
1885,2438,71.018517,0
1239,2024,13.579716,0
205,1427,32.924973,2
904,21,94.688271,0
2621,788,89.473457,0
1086,96,43.619350,2
523,1679,48.539452,2
2117,2501,84.709663,0
960,1297,17.085085,2
1398,2290,70.501099,2
2351,2693,99.269531,0
1265,2264,55.481079,1
1743,1449,83.029922,2
635,364,28.055418,2
2209,10,37.924026,0
417,660,38.323105,2
1875,2891,49.091125,2
2287,2217,10.998487,0
2312,1132,30.329264,1
1746,1206,69.157158,1
1369,1218,40.066292,0
541,529,38.729107,0
377,2335,69.934769,0
1089,2725,95.957825,0
100,2726,75.652115,0
2808,677,93.655602,0
1285,1729,95.602898,0
2763,1521,94.275810,0
2501,1220,77.213852,0
1249,2563,65.479881,2
2108,2631,71.302544,0
2439,719,45.048180,0
2506,553,54.551743,0
527,1647,14.996608,2
2391,2385,28.637501,1
787,260,72.264061,0
597,720,63.792057,0
2623,2689,68.394737,0
2856,2394,41.877399,1
2529,2893,35.281471,0
193,238,5.781565,2
2896,1777,59.239811,0
1756,2332,82.440956,2
2725,1692,93.098419,0
1429,2805,52.711044,2
2217,1496,23.829273,0
1182,1098,68.486168,0
2667,1659,35.359318,2
1178,1067,4.243567,0
1350,1206,39.936195,0
1647,2160,18.926109,0
2572,1880,63.542423,2
1568,463,70.032349,1
720,424,1.029813,0
2129,900,31.068754,2
2613,1357,47.136868,2
2667,521,13.432425,0
2830,0,49.115330,0
2341,917,12.252897,0
1926,1961,10.018893,0
1141,2075,78.440002,0
1660,2110,86.387466,2
1441,789,46.186619,2
1325,639,31.654196,2
2868,1227,83.913765,0
2971,1438,52.421375,0
2733,487,98.873665,2
326,367,72.433098,0
1615,60,53.317966,0
1708,1491,16.018026,0
2736,1359,0.875584,1
473,1230,49.979042,0
2238,1091,65.350296,0
2849,1769,51.163460,1
1370,853,79.147964,0
736,1850,61.860683,0
275,430,72.335510,2
1057,2155,67.820251,0
2829,2312,0.622476,0
712,401,99.689384,0
1715,394,69.325974,2
2078,2435,72.678551,0
186,2726,65.593025,2
2352,2590,48.226250,0
984,7,31.485531,2
2955,2137,83.729889,2
694,1820,76.900658,0
1363,1535,21.022875,0
1754,1861,80.370308,0
246,2269,5.661426,0
616,236,60.987141,0
1775,801,19.101780,1
1612,993,53.140045,2
953,1327,86.619438,0
1811,2389,17.129240,0
2294,623,95.583023,2
901,992,25.247072,1
1668,2292,72.703949,2
2398,877,26.948631,2
1266,1961,39.997009,0
2906,1511,67.023857,2
1844,769,41.161625,0
801,241,65.531647,0
2423,279,36.729229,2
2616,2746,63.765526,2
1392,1176,68.768166,0
2563,1836,65.894272,2
1721,1673,8.226606,0
147,911,98.857613,0
1943,1213,47.126968,1
1852,1842,67.471741,2
2898,2528,41.567169,2
1336,351,29.014576,0
1986,1139,0.363906,1
1658,1000,82.669998,0
2235,1755,44.287312,0
2414,1942,39.594021,2
2242,872,77.343559,0
2927,2309,49.124882,0
1715,2527,92.889893,1
2416,2346,15.702728,2
2127,2442,79.706978,2
1125,716,44.173065,2
2340,2211,48.594040,0
509,2815,62.951073,2
1526,2552,90.571465,0
670,2844,74.510071,1
1215,483,91.364662,0
2397,1960,31.665541,1
908,2719,24.803923,2
32,330,83.635406,2
52,2439,53.484879,0
1645,349,49.421494,2
38,2368,93.807442,2
324,1717,40.650906,2
1091,2541,3.014331,0
1186,1429,91.992462,2
793,962,39.578400,1
1559,2070,53.855942,2
470,432,8.724219,0
1629,1876,73.533920,0
242,1171,28.700928,0
745,2320,83.076752,0
2215,466,27.276651,0
1905,268,97.516518,2
129,2880,15.873567,1
1571,819,5.524601,1
2322,1489,94.820343,0
2108,1453,9.389789,0
2163,2847,90.113564,2
286,33,89.571907,1
2629,1693,41.060669,2
2489,2233,0.149312,1
742,347,91.926155,0
1318,2711,96.901970,2
2135,1351,25.305014,1
1157,235,2.207610,0
1606,692,89.979355,2
554,127,54.017036,2
1709,144,69.838524,2
1414,1134,43.113262,0
687,2129,57.727890,0
2120,2956,20.758972,2
1153,17,70.335419,2
704,501,41.606682,2
969,2892,25.879948,0
2699,1368,31.839981,1
2812,975,53.466259,0
855,303,24.043818,0
667,1786,45.490833,0
489,2785,91.335464,2
2787,2126,36.087074,0
2694,1713,98.243050,0
1787,1516,28.490709,1
950,1760,44.112522,1
1,1734,62.674965,0
2832,708,55.107449,0
2080,1492,29.180048,0
1391,2024,75.780357,0
2133,1624,31.396181,0
1075,2645,89.744827,0
290,2480,12.713417,0
80,1649,20.817833,0
1904,809,90.955544,0
240,1231,24.894363,2
923,594,49.043213,2
821,708,9.589000,1
1581,1264,95.166847,2
1886,1040,8.052185,0
379,1849,12.264513,0
952,991,5.946683,2
2451,661,61.877163,1
1812,521,71.763115,0
432,2337,51.963409,0
917,1541,86.695686,2
998,1963,88.130615,1
2520,995,85.671356,2
119,2551,76.990578,2
2127,2633,34.032082,2
2207,2358,12.012029,2
299,2951,15.329931,0
2538,869,56.180138,0
2475,347,21.479813,0
2423,1541,79.618774,0
1623,1175,88.343529,0
2168,320,35.610012,2
2593,2991,71.213852,0
2197,1892,36.120388,0
1847,2232,75.362938,0
2309,1838,91.785637,1
2676,1693,5.895763,2
2843,247,13.718959,1
1300,493,0.653722,2
579,601,8.180367,2
1145,317,48.137318,2
1251,2620,68.388969,0
1237,2072,56.047050,2
1359,1882,41.544964,0
408,264,69.576302,0
929,2598,46.739880,2
651,2182,92.144699,0
1520,2526,67.582664,2
2320,1532,59.730698,0
250,2750,35.082218,0
387,2228,4.218480,2
1680,1758,91.848061,0
1989,1289,23.845961,0
1891,1492,58.104321,0
486,1448,1.497113,2
1584,2813,40.273876,0
2780,2864,27.568560,2
20,469,88.765648,0
2273,1304,86.208923,2
579,1424,70.470177,0
843,6,21.307203,0
1890,2098,73.314018,1
479,387,3.521224,0
1025,1664,19.059690,2
2101,13,91.397675,1
2199,2943,95.455841,1
545,1797,71.980782,0
546,1895,80.259888,0
1330,797,24.304857,2
869,2330,60.826923,0
502,1682,7.529155,1
457,2495,32.733738,0
957,2501,57.320469,2
550,638,26.765099,2
575,2958,3.795414,2
238,169,99.010719,0
745,945,75.786507,2
1387,1564,9.755636,0
369,2288,69.603554,2
1193,19,86.429283,1
2248,9,22.121927,2
2365,657,23.895058,2
2696,2870,67.748711,0
1431,2203,53.620106,2
153,2422,51.517654,0
905,316,89.563217,2
2056,544,3.507033,0
1524,2283,99.205093,0
41,1139,60.189583,0
1395,2694,57.374271,0
748,2953,43.686081,2
962,2194,18.025017,2
2764,618,36.174103,2
2137,211,94.409454,2
434,1188,81.524292,2
1800,2143,36.239727,2
2505,736,50.345642,0
1507,1172,66.004990,2
2882,1560,14.350398,0
701,595,3.277100,1
2685,1672,89.333717,0
2138,1522,65.193062,0
2446,880,40.346966,1
1543,2036,13.802551,2
1680,2867,35.515892,0
2037,1071,89.282227,2
740,196,31.396181,2
2986,1507,39.059917,0
1142,733,98.412323,2
1659,1571,13.867203,2
104,2727,90.898819,2
2097,1932,41.542870,2
647,2288,59.599697,2
2780,219,84.171333,1
646,2568,21.790649,2
2710,2409,34.597122,0
2981,569,63.704697,0
2436,2815,60.559921,2
1286,2407,41.943047,2
139,1541,65.662270,0
2421,1380,37.484901,0
2594,1878,18.295431,0
2384,384,63.349754,0
1043,2016,19.151848,0
2929,392,74.772385,2
1151,1404,38.498531,0
2581,1124,71.487038,2
15,5,74.192650,1
477,1073,95.314430,0
1084,626,87.864601,2
220,1863,2.091490,0
669,1041,83.184464,0
2048,2956,71.075127,0
2023,698,47.589493,2
2356,2410,5.364409,0
1877,1045,79.374893,0
2463,945,29.493849,2
848,1873,24.696602,0
1928,1840,91.852463,2
2081,551,72.674408,0
688,2866,3.318347,0
2668,2588,98.196960,0
2787,2950,80.121254,0
74,1644,40.130569,2
2969,2260,98.635460,0
2672,649,70.941223,1
2760,703,71.815132,1
385,101,0.955064,0
2760,1392,33.777153,0
2877,2508,4.985354,0
2380,984,14.463584,0
1720,2264,11.410092,0
2009,842,20.261955,0
1437,2575,85.776871,2
735,471,60.154911,2
2357,2234,17.783157,0
1715,2405,29.823128,0
2374,2843,10.643688,0
2658,2990,11.389260,1
2439,1554,74.146172,0
205,137,17.362431,0
1583,1014,14.332084,0
2807,1719,0.196909,2
430,0,50.432907,2
2609,460,11.805098,2
625,275,25.784985,2
2052,1391,32.051777,2
793,1887,90.464676,2
937,1024,1.970500,0
1408,1341,42.139889,0
1478,1285,69.784843,2
1907,2745,77.227623,2
2750,1218,47.686970,1
2720,382,17.523640,1
2256,2814,41.613449,0
1308,992,23.515406,0
2486,2734,62.361042,0
1794,1412,50.187286,2
171,2087,82.546066,0
1116,2057,60.533962,1
1101,2047,99.389587,0
1896,1649,2.960244,2
635,293,88.303543,0
1653,117,80.371628,2
2768,501,68.014305,2
1518,872,20.845388,0
2016,224,71.064583,0
2525,896,97.439613,2
130,424,16.516495,0
1470,64,94.802551,2
1787,422,97.496979,0
640,2900,8.842536,0
767,911,9.446445,0
1277,2972,43.798752,0
2782,748,75.653725,0
2156,55,89.386711,0
309,2000,48.905968,0
1145,949,87.218842,0
2407,560,11.787765,2
2116,1118,68.129486,0
258,2100,3.786141,0
1956,289,7.314619,2
2491,2935,89.084885,0
2175,1829,15.229315,0
1679,2559,6.946737,2
1985,2706,95.237183,0
1262,2490,56.746193,2
29,2154,54.915642,2
2264,2217,96.436127,1
234,1986,80.259888,2
1297,2849,43.999413,2
143,2751,57.168499,0
1726,342,87.781357,0
640,2663,35.004173,2
2509,2751,84.991119,2
779,2519,55.505680,2
885,2462,4.897454,2
857,535,38.609463,2
1819,1384,37.799133,2
1218,2877,71.782944,2
753,61,91.113060,0
2618,359,7.882353,1
1761,251,44.248405,1
2373,1208,49.825840,2
2691,2185,19.202780,1
1828,2511,33.266674,0
1476,2595,28.301590,0
590,2227,9.610321,0
82,2608,78.407639,0
1636,2124,45.913490,2
257,565,4.390001,0
1551,1713,16.779743,1
1216,1223,24.747412,0
2711,2542,15.068424,0
481,1924,79.282753,2
469,342,38.092197,2
1676,634,77.372696,1
429,1325,23.825489,2
1,1203,90.353577,2
2569,60,3.017843,2
2126,953,65.232201,2
1481,1855,12.908301,0
1817,1621,73.799950,2
1907,1671,98.749840,2
388,855,90.581490,0
2409,2125,56.390236,1
2280,726,19.564383,2
544,1897,19.974453,0
927,2853,97.016891,2
276,598,58.124580,2
2333,2811,6.783072,0
1973,331,83.858917,2
894,1949,53.535332,2
2298,1935,10.609566,0
130,861,25.498711,0
1394,957,74.430290,2
490,1074,33.520123,0
65,62,1.745449,0
998,1644,47.269001,2
2352,2607,30.038311,0
2292,1182,12.199750,2
1278,1564,87.842728,1
1390,626,8.462050,0
103,163,95.760406,0
458,542,99.887794,0
742,2954,72.997238,2
2257,472,29.901148,2
2503,2358,12.542291,2
333,1904,37.646019,0
141,628,34.954510,0
2490,677,32.432312,2
631,1460,5.074464,2
290,1803,35.423141,1
688,122,46.083790,0
2112,260,95.121986,2
1983,391,61.551952,0
881,2916,21.628904,0
1011,1477,51.674221,0
762,466,98.188820,1
649,1541,39.926769,0
1672,1423,88.521515,2
234,2741,40.277706,0
2636,2278,58.541721,2
266,2975,50.868912,2
2303,2261,52.656425,0
737,1784,35.923695,0
2466,1626,52.091427,0
217,272,91.868057,1
12,887,93.742256,2
732,2615,81.720001,0
1964,1266,19.019199,1
533,1513,74.015999,1
2869,1912,39.776413,2
1210,17,24.455959,2
2253,1521,12.993775,0
2665,723,14.728047,0
211,129,77.568253,0
2727,833,86.047615,1
302,63,34.523598,2
1526,1850,92.308243,0
2545,693,4.076983,2
1036,818,23.373636,1
2389,2920,30.246450,2
3,1914,32.112926,0
354,2877,22.682905,1
1060,1266,20.602770,0
1293,1344,30.384752,0
2293,1608,99.287109,0
150,694,87.086563,2
1942,944,98.420662,2
533,444,12.815110,1
2856,1413,91.249268,2
2755,391,50.443378,2
588,2350,18.740459,0
1054,1272,1.623362,0
889,2018,53.982418,0
1447,690,42.362965,0
1951,1303,55.481079,0
1214,367,99.963341,0
1338,2282,40.899387,0
2145,2764,42.196045,2
2552,2326,35.791656,0
2800,1760,43.249134,0
1503,1425,23.504484,2
1712,1341,29.067801,0
2154,2419,27.172977,2
2810,1296,8.255312,0
1196,2622,9.966057,2
2494,404,41.897549,2
65,380,23.871698,0
1534,104,5.768960,2
2976,381,69.484734,2
1394,977,70.715706,0
2938,1737,78.501801,1
2936,556,73.356354,2
2024,2686,19.508432,1
1050,2929,96.435326,0
2502,2423,44.200081,2
2464,72,48.810665,2
1282,1535,74.599876,1
1999,29,36.280922,2
18,2713,91.921112,1
2916,2872,6.586919,2
1780,1838,83.352936,0
457,2516,95.182014,0
454,1736,53.613979,2
2331,719,73.469894,0
467,1763,4.218480,2
2382,1462,18.180935,1
59,1813,4.949059,0
299,978,90.484657,0
831,2223,19.291525,1
850,2950,93.606071,0
600,1802,95.961411,2
2540,1588,93.041977,0
126,1070,45.439636,1
1475,1622,78.283752,0
81,2217,51.687340,0
2442,301,98.658798,2
2626,1559,27.075485,0
508,1550,16.731174,0
1396,2543,37.015259,2
2082,2270,81.553085,2
459,2559,39.767578,0
1695,2879,90.484657,1
1936,1504,43.145546,2
437,1846,84.812004,0
2396,620,67.868614,0
644,2979,3.597029,2
522,2488,34.719280,0
1857,1953,17.949123,2
2162,625,0.394208,0
924,2688,55.457443,0
1922,456,87.842728,2
2679,2636,71.216263,2
2567,142,19.907677,2
341,696,18.669609,1
1680,2381,61.761642,0
2306,2404,0.141241,2
434,2469,73.718925,2
642,2989,16.069880,0
1094,2601,13.438212,0
375,680,26.286692,0
1471,1033,40.359421,0
731,1080,84.759972,2
848,1227,35.850185,2
1177,784,92.391769,1
1764,165,17.085085,2
2645,293,22.288982,0
1408,1526,96.400024,2
1469,573,83.858917,2
1833,1461,45.660820,2
97,2807,1.865548,2
1129,2507,19.773041,0
2499,2816,87.598404,0
331,1516,54.212887,2
1479,1674,72.120071,2
1278,2494,32.645374,0
2288,1892,10.025114,1
1144,2613,38.860157,1
1872,1278,1.204300,1
1744,2785,33.202282,0
556,1337,76.540359,2
2281,1126,72.496674,0
1462,2864,4.419050,2
2962,1890,23.940340,2
1597,1418,89.548401,0
796,2748,69.198418,2
1615,2421,80.492531,2
2009,1215,52.588074,0
1238,1516,27.826141,0
1953,395,78.580261,1
104,470,75.329704,0
626,1953,68.385826,2
1565,1105,28.172836,2
1349,1459,4.389433,2
2240,2046,87.366104,1
715,1089,45.960911,0
1561,2764,42.840874,2
1979,2656,86.308327,0
2673,2416,12.435309,2
2955,454,43.061768,0
2143,1583,3.185012,1
912,2132,24.185703,2
1865,2038,90.577217,0
2062,596,27.047796,0
2087,5,50.502964,1
2206,2,38.847351,2
1981,2066,60.029350,0
2611,1694,47.870628,2
341,1869,97.273567,2
1637,74,57.749817,0
2611,1420,11.506447,2
2231,1365,73.789894,0
2884,2197,40.066292,0
1200,1017,78.200150,0
443,1795,93.353531,2
2250,983,27.012928,2
1676,969,42.247868,1
1478,2682,12.034848,2
515,2864,71.612122,2
1552,416,97.845245,2
499,77,63.009724,2
805,1472,67.937263,1
1769,384,71.186111,0
2281,636,17.372927,2
2292,278,60.897511,0
1575,1308,9.860949,0
340,2219,68.233917,2
2860,828,99.511024,0
2749,1773,40.584751,1
2171,1123,81.670250,1
867,365,34.849720,1
1781,377,71.685081,1
675,2885,98.476143,0
520,2819,95.965416,2
2395,1718,35.232388,0
483,955,26.360498,1
587,2764,86.782791,2
2388,873,48.730942,0
1975,2236,63.237728,0
837,396,30.571302,0
787,2227,91.744789,0
2258,2955,98.820328,0
858,298,10.114100,0
1183,1370,45.547421,2
1075,837,61.460197,2
2311,737,26.876549,1
2131,1040,16.162197,2
151,2391,92.155968,0
17,1740,38.213623,0
2253,756,85.449989,1
1755,500,71.042412,2
764,2145,84.125778,0
2576,1845,83.528557,2
1776,1830,57.853466,2
364,888,43.469486,0
2013,73,5.937500,0
1889,859,96.115883,0
148,1705,84.840767,1
394,2327,83.418419,0
649,194,74.879738,0
1424,2310,6.631355,1
2567,252,22.951748,2
690,664,87.280174,2
2433,1742,52.263710,2
410,849,71.513222,0
922,2733,71.474236,2
1717,1088,10.943882,0
678,96,17.399845,2
2016,2626,50.521412,0
2605,1236,98.853333,2
1501,2388,71.474236,0
2186,2387,63.130672,0
577,1493,24.185703,2
961,1380,84.573524,2
744,1452,71.342659,0
2002,2635,90.163979,2
1871,1196,99.381027,1
1679,123,7.760630,2
570,457,78.516830,1
2193,2205,85.676781,1
2068,771,98.855789,1
1277,469,50.887302,2
757,1535,16.105219,0
374,1359,58.685753,1
2388,233,0.428686,2
1489,318,85.137283,0
1891,380,17.892986,2
1830,2258,67.640526,1
646,1085,45.780594,0
2416,1856,68.185997,2
149,1472,40.290398,0
1579,926,12.088867,0
2551,1626,35.054398,2
951,2901,64.014893,2
2433,2981,75.156456,2
847,2392,99.961327,0
1965,1136,93.944565,2
376,1897,53.983948,0
388,2357,47.558945,2
2712,1861,29.211998,1
3,2551,34.642952,0
2909,2373,73.410072,0
53,1070,96.687569,0
2895,1063,45.705048,0
1079,1508,71.457649,0
1937,543,92.088249,0
494,2520,74.290245,2
392,2103,8.084721,2
1685,2192,2.270316,2
1721,111,15.600003,1
2196,2420,83.665665,0
2489,1164,6.017649,0
728,2899,25.697222,0
1950,1050,1.608255,0
1448,2261,10.668052,0
137,1026,58.490742,0
524,620,68.792686,0
197,2069,96.174469,0
960,720,30.009176,0
1688,2569,24.611824,2
1375,794,80.290771,1
792,175,1.124684,0
1729,2722,71.377373,1
2366,2471,70.960800,0
2148,786,17.642546,2
2660,825,62.777225,2
1251,2846,90.283691,0
2190,626,98.597687,0
1317,317,91.536583,0
257,910,5.336700,2
1712,1842,22.469461,2
1998,428,57.972580,0
1799,1487,97.375290,0
2489,919,56.913216,0
964,1842,15.915696,2
1613,1851,1.261000,2
2085,2178,63.042706,0
141,2758,56.396255,2
1378,645,25.488150,2
1524,2468,53.191898,0
1234,1824,21.644064,0
2409,2281,22.204594,0
106,954,11.493959,0
1656,162,57.754223,2
1335,1414,65.174919,0
2506,1182,31.011242,2
1244,104,30.027185,0
1482,1431,36.340427,0
2773,1866,43.832455,2
2910,2882,46.764931,2
120,127,47.732933,2
2217,901,80.141464,0
302,1478,92.739365,2
921,2529,95.212692,0
2254,2126,98.964462,1
2864,662,10.698709,2
1237,2484,52.517494,0
2453,2775,94.713066,0
2639,2672,5.452111,0
1876,2785,9.596900,0
2072,913,92.314964,0
1445,2125,4.522941,0
776,2386,99.180969,0
586,1392,42.254276,0
1919,1229,52.184711,2
1195,2534,92.342209,0
1358,1074,96.069443,1
1724,937,43.049088,0
2122,889,39.519127,2
1145,1667,31.609535,0
1079,714,49.001427,0
1432,1172,46.600567,2
907,207,62.605640,1
334,1116,7.799372,2
1976,2724,63.763733,0
2997,2520,62.212597,2
2474,105,90.201797,2
2154,1434,61.811687,2
2361,453,81.784813,0
1341,1225,49.576725,0
2120,817,85.482742,1
1102,2948,94.347153,0
989,593,74.879738,0
2424,376,88.980766,2
2429,2542,59.024063,0
2817,800,67.868614,2
1845,587,90.576271,2
2277,2933,28.653183,0
1558,2022,89.828293,0
183,1307,89.966232,0
1093,4,25.041611,0
736,1868,62.199677,2
753,658,87.513718,0
2186,2561,40.452900,2
1245,2196,44.834156,2
1308,244,98.891838,0
1145,458,45.081337,2
2153,487,91.148911,0
925,2984,40.925457,2
1765,843,43.603642,2
1222,1575,4.727342,2
1142,2016,12.390303,2
2472,1582,47.786137,2
2427,1337,44.906300,0
375,464,70.046860,0
1467,1051,10.750603,2
1999,60,97.973991,0
1678,2687,50.968132,0
1250,176,77.399780,0
2689,185,71.007309,2
104,244,87.011848,0
2916,2988,13.775068,0
2059,1284,73.260788,0
2045,631,81.585686,1
1178,339,24.317965,1
1154,1086,41.416489,0
1393,1946,62.646854,0
1325,1258,56.965973,0
920,2760,53.443249,0
682,2959,91.082962,2
1417,671,6.722244,0
1893,2131,63.191742,0
583,403,67.937897,0
94,2238,37.619087,0
2277,1835,94.078339,0
490,2916,65.479881,0
2224,2574,37.451153,0
1416,710,66.211304,0
944,1970,48.386261,0
2034,2173,71.120331,1
1593,2349,3.510525,2
2244,2485,1.875717,1
602,459,33.928352,2
2198,512,12.345139,2
520,1462,11.809206,0
1751,167,58.491409,1
2623,1202,65.500618,1
1887,1752,91.978111,2
1598,1908,54.655636,0
325,732,4.771073,2
2445,575,1.880662,2
656,944,65.426399,0
2363,753,84.087509,1
563,703,15.759661,0
1360,532,71.848610,0
2402,132,86.332764,0
438,1635,92.456276,0
532,771,78.896278,0
1942,1028,82.043793,2
648,246,41.921001,2
1809,442,69.084755,0
2749,2379,29.895439,1
1222,404,96.935806,2
214,161,26.476652,2
1886,1565,62.151253,2
2308,1443,11.484172,0
1666,1847,81.337952,2
944,2716,43.903206,0
570,2367,38.865158,2
476,361,11.336438,2
808,1838,53.918419,0
2012,2813,39.599358,0
2551,2268,46.700321,1
2101,1420,31.138294,0
1039,1225,51.241894,0
2340,2309,89.654099,2
2304,1487,10.720358,0
467,816,33.138523,0
846,133,12.179777,1
2282,92,76.154892,1
1874,2947,70.885956,0
115,2443,35.923695,0
1618,1577,90.856613,2
2420,72,6.281305,2
1936,86,8.200395,2
1119,1710,11.558124,0
1108,642,98.648796,0
1053,1586,7.283401,2
1156,2514,31.788221,1
1537,2565,45.361076,2
1477,272,43.948002,0
142,1901,45.069828,2
375,2099,34.703194,0
455,1267,86.491928,1
2432,843,0.200942,2
1829,188,45.932899,1
2515,2191,9.822706,0
2900,2229,86.622894,0
1864,1048,71.053345,0
271,375,27.571112,0
78,470,14.254222,0
936,2316,0.470148,2
570,2674,31.146183,1
966,2488,81.810135,0
1512,1930,78.864929,1
807,690,83.874741,0
1850,2618,89.218956,0
657,196,28.894646,1
2504,2375,79.288567,1
980,1630,57.509895,0
2199,2281,24.807047,2
1643,2412,37.745800,0
629,1969,91.723518,2
1895,2988,66.743607,0
1880,2273,19.261847,0
1320,1892,64.525230,0
2497,2993,38.074333,2
1525,2633,91.362297,2
2709,2002,74.497215,0
2076,1221,92.858055,2
1844,2229,61.368935,0
2011,2342,10.427112,1
1115,2234,72.277832,1
51,392,43.287025,2
2881,1779,52.054089,2
104,2529,34.309639,0
2223,2854,53.385864,0
2455,1065,95.504517,1
278,2441,71.663124,0
502,1065,54.171074,1
1060,1212,50.491390,0
2961,602,2.891901,2
2281,968,70.566170,2
1475,1736,71.919296,2
5,531,95.634460,0
1918,688,14.359320,2
1791,1529,50.724571,2
1091,1447,41.940910,1
1,261,85.545029,0
2709,1618,47.160374,0
2469,2577,51.085110,2
235,167,63.537792,2
2689,2809,47.279858,0
2491,2185,19.538019,0
469,209,74.727661,0
1231,2969,23.857697,0
1119,2855,14.526681,0
598,2760,84.938324,0
396,1538,18.089256,2
981,1530,13.983840,2
65,205,23.894897,2
1860,1602,41.534538,2
2933,825,9.311899,2
2450,128,97.140854,0
609,2132,27.062366,2
2964,1515,90.886604,0
2090,1610,56.954853,2
1409,2042,68.909721,2
1259,1539,79.103081,2
2338,2791,89.647491,1
2442,1386,3.796123,0
2643,2656,25.046122,1
1683,517,98.408241,0
1687,2761,99.900467,2
515,410,82.683311,2
432,157,31.847168,2
2204,2699,98.332741,0
471,1538,5.631951,0
2888,6,90.319458,2
2294,2118,66.743607,2
1136,1662,54.571377,0
1215,1489,8.311140,0
1129,1743,70.258774,0
2770,1731,65.146713,0
1481,183,94.359947,0
2496,1258,87.368118,0
2903,512,39.752640,0
2713,371,43.859760,0
2737,1643,68.798279,0
1083,1155,13.449088,2
2352,2758,7.067759,2
341,48,9.750360,0
1396,2047,80.501236,0
2723,659,14.634830,1
600,856,2.826417,2
269,354,38.394764,0
2764,2713,6.801129,0
2249,2744,79.620842,2
818,2582,79.601463,0
1562,585,96.218170,1
1698,1991,39.896751,2
70,593,74.170509,0
187,66,25.672550,2
601,1002,70.214706,1
1038,876,17.151285,0
1480,2453,17.132212,1
2311,1135,98.095200,0
1528,1891,63.726288,0
1052,2098,15.012678,0
1681,2285,12.596471,0
1785,1970,44.087620,0
1382,1911,20.462093,1
6,1815,91.528038,0
1916,1201,61.338158,1
2253,2321,67.205505,0
1409,802,88.056801,0
199,2603,36.507046,0
2785,1867,93.163124,0
2832,962,77.889694,0
196,1765,84.209854,2
1167,200,80.282822,0
1071,1898,63.489342,0
2225,128,0.671836,0
335,2607,57.612843,2
2514,394,72.763893,1
2864,1416,94.624237,2
2220,1782,28.802521,0
2857,745,2.135822,1
2581,2610,41.705124,1
357,108,71.582916,2
1768,1245,11.927357,0
2573,297,4.451184,0
233,705,60.151741,2
2277,917,24.872612,1
2371,3,14.473763,2
2600,2472,62.490513,2
674,834,17.915991,0
2202,2034,61.971863,0
1905,2547,19.961296,0
567,2631,3.402676,2
2802,1737,14.959626,0
1767,2437,23.987226,2
2013,952,22.663851,2
2947,2765,86.148109,2
1250,1929,69.247925,2
548,2560,65.973152,0
1254,715,90.081848,2
249,1081,81.416611,2
664,299,6.339121,2
456,1605,8.450205,2
1174,2544,82.851509,0
782,2183,91.113060,1
1776,2363,15.606956,0
1288,209,95.537476,2
1706,1094,80.544739,0
51,551,64.498024,2
12,1564,98.506653,0
1702,1829,17.190586,0
241,2865,31.469271,0
331,894,61.645538,0
1567,1923,22.320786,1
786,498,88.009987,1
254,1462,42.771053,2
2974,2970,48.880497,2
133,1658,33.340771,2
1251,514,3.391958,0
682,750,71.348236,2
387,1447,2.253413,0
1509,1059,18.099779,2
2866,1384,2.822201,0
74,1591,20.164902,2
1145,814,93.898872,2
1068,2082,17.273422,0
228,627,31.006062,2
1134,1820,88.093559,0
1343,2128,11.012631,0
2243,431,58.464211,2
296,78,34.485310,2
2741,1418,60.833611,0
2483,414,79.837921,0
1,1426,25.498711,0
1478,278,42.419563,0
1682,857,76.835922,1
1269,2804,0.233799,2
724,308,50.773022,0
1311,632,58.694649,2
1149,493,68.034248,2
2701,238,47.686970,2
1632,1567,38.570824,1
2717,1692,71.518646,2
2502,1515,28.357018,0
116,794,71.856049,1
2820,1528,24.317720,2
1800,2013,39.383648,2
1832,1036,92.907959,0
566,2747,84.759972,0
1352,2198,40.851048,2
1763,1402,95.598495,2
2787,276,69.124382,2
2292,2501,57.783638,2
447,1738,10.389972,2
2850,1244,61.987568,0
210,500,65.003441,2
434,2654,39.334621,2
1738,1298,80.256104,0
1321,308,46.154812,0
1435,1392,24.919313,0
90,1213,41.994312,2
227,2751,91.992462,0
62,2710,91.964661,0
1818,1989,3.583564,0
6,1037,39.274979,0
1110,2076,62.126720,2
2725,1056,28.335350,2
339,1371,22.731333,0
1949,232,21.271770,0
2250,841,61.880524,2
231,1795,87.891724,0
1262,464,89.389259,2
1673,1159,60.721840,2
543,1980,17.246334,1
2718,724,32.899014,0
895,2417,29.299223,0
1061,2889,40.448818,0
2879,1732,71.947716,2
1381,839,2.621778,0
1137,2997,57.202923,2
1184,340,94.240662,0
82,800,94.935814,2
1242,115,23.362333,0
2583,1584,53.622944,0
1950,1870,17.010674,2
1926,2860,66.052658,0
2300,814,47.588207,2
298,1357,12.177391,0
1279,1200,32.554291,2
2888,825,3.162140,2
495,1356,27.890697,0
2791,2275,33.756687,2
790,2983,4.873178,1
1228,360,72.822273,0
1676,1110,47.589493,2
2822,859,58.913059,1
1040,1684,24.755829,0
2729,424,25.028475,0
1324,1595,47.078087,0
2990,2335,41.331490,0
2203,1184,41.190121,2
2650,2488,99.356621,0
689,1032,38.304317,2
1278,320,86.208832,0
2523,2855,51.448296,0
599,1380,99.392349,2
126,2683,82.070839,0
999,1427,90.898819,2
1072,81,66.944618,0
1348,2048,97.518425,0
78,1630,7.274584,0
244,2401,94.036491,0
985,1491,89.959747,1
1006,1507,89.565880,0
726,2166,98.705490,2
2885,2579,97.064278,2
494,2603,73.003479,0
951,2894,89.967316,0
1606,41,83.995209,2
943,2655,74.245171,2
1367,2726,71.678841,2
111,2441,5.287447,0
1911,1364,17.292408,2
2819,1816,36.986465,2
1273,785,61.393856,2
470,1192,18.377415,0
1544,2436,50.287643,0
2371,2575,86.222755,0
1875,2679,2.895954,1
2311,1868,92.924011,2
2621,1068,56.954853,1
1147,1814,9.941221,1
166,2718,67.676842,2
2487,71,93.879593,2
2578,1443,38.966446,2
922,2909,62.614300,0
1537,1655,8.592947,2
1618,2485,26.935131,1
823,1813,87.589111,0
1770,2412,82.594864,0
2574,661,57.022079,0
161,2003,5.536074,0
1158,2567,72.687469,2
761,250,13.818547,2
2323,2924,72.750244,0
1672,2014,65.548180,2
600,1187,41.043045,2
2985,900,1.553078,0
2137,1537,64.296120,2
1810,1310,4.225267,2
1476,1706,25.778543,0
1240,2982,71.349747,1
348,2083,58.620407,1
1278,2342,59.305756,0
1756,1092,95.144188,2
786,2009,58.328453,2
1977,2945,47.244534,2
1071,2574,53.402878,1
1509,997,1.627436,0
692,2396,17.691385,2
527,1689,14.450729,1
362,2264,80.400284,0
2900,925,66.458214,2
116,1702,22.954756,0
764,1678,29.402008,0
1871,1730,75.240479,0
855,1642,43.840363,0
1456,2976,25.471701,2
846,2316,59.091381,0
1781,2542,22.693306,0
882,1756,39.548286,2
2047,2959,19.059690,2
1395,1473,73.122238,0
2902,2551,82.331825,2
1110,1185,70.470177,0
51,2828,85.059914,1
2980,1274,14.069352,0
463,2101,22.408726,2
2272,2037,42.257885,0
1062,2025,29.234177,2
1534,1800,36.899181,2
2138,1411,9.485250,0
548,1325,65.510872,2
1819,2244,63.390392,0
1721,2987,53.771584,0
80,129,91.939598,1
736,1311,95.750069,0
1328,2278,69.671562,0
570,199,82.319664,2
1431,2718,7.067759,1
1102,929,87.584671,2
99,2896,12.822092,0
938,45,44.192490,0
1399,2335,77.911469,1
114,2900,18.808407,0
140,195,40.323235,2
662,2608,15.451065,0
2204,1008,69.714195,2
1704,1903,10.781131,1
2192,2382,65.492577,0
2450,783,52.921368,1
2428,1462,68.529373,0
2506,2946,71.823715,2
1216,716,36.969517,2
2929,360,27.276651,0
598,2655,33.389141,2
28,2755,44.622322,2
1337,921,60.658184,0
1676,2426,47.774822,0
2669,196,96.636269,2
302,2456,80.739075,2
66,592,41.696609,2
748,339,46.805355,0
2405,1558,8.892845,2
98,1366,30.323479,1
2936,789,85.607262,0
2317,1859,69.530319,0
810,117,90.614334,2
1627,1367,46.338074,0
788,460,75.981400,2
1230,502,30.564642,0
2452,10,65.465408,1
2819,2529,58.069599,0
1230,1537,50.079937,0
2601,2712,59.554756,2
2833,1158,54.069767,2
190,2611,66.909134,2
1233,733,55.922688,0
1891,2212,82.011879,2
1979,2926,49.979965,0
516,1104,13.220125,2
2280,2426,91.102699,0
644,1126,91.992462,2
2424,2427,95.351326,0
761,564,25.216244,0
2763,2902,69.118492,0
761,1613,5.308124,2
2979,1368,17.216599,0
1957,574,12.738433,0
1341,1930,12.918033,1
210,933,43.855518,2
1647,132,2.621778,0
1636,926,11.739978,0
2614,1330,89.126915,0
766,519,75.781639,1
1873,2944,27.561733,0
575,933,25.451616,2
728,2387,76.712257,2
2387,50,46.845535,2
857,29,6.073861,2
2831,438,57.236965,0
419,451,88.843056,0
1441,2928,94.359947,0
112,484,93.835312,2
793,1383,89.485100,2
1535,2459,2.619319,2
807,408,67.625572,0
1591,1235,51.283455,0
2602,670,34.408825,2
1766,1101,19.087143,2
1514,759,12.738433,1
127,1099,33.470753,1
1010,2688,71.848610,0
2315,2480,41.060669,2
112,1388,54.042660,2
1886,559,17.213531,0
498,70,71.856049,2
2696,107,50.834080,1
1199,866,61.347496,2
108,1145,54.362328,2
617,1442,17.193794,2
79,1137,68.617111,2
1463,2609,4.792206,0
1977,1114,5.248135,1
1853,2548,74.221924,1
401,744,50.448574,2
2651,2280,22.695114,0
432,656,85.175743,2
2303,853,38.873577,1
1764,1902,14.387448,0
1411,1404,16.302649,0
2230,200,34.540924,0
558,2838,34.032082,0
1743,2553,58.464535,2
517,2933,77.855309,0
1519,2763,45.778057,0
474,1514,92.838737,0
2904,1075,4.759651,0
1647,612,31.547413,0
1288,1894,59.018383,0
1216,935,91.440285,0
1993,2057,9.611265,0
1244,2374,34.393597,0
2922,655,10.350854,2
1886,2758,46.254818,2
1806,2160,89.736908,0
1951,1670,68.685707,0
2308,1004,59.292927,0
1596,2898,17.285156,0
2513,2996,38.269707,0
534,989,45.406029,0
923,1126,93.385765,0
974,1127,21.307203,1
556,46,55.096130,2
1725,1292,27.222107,1
1198,1000,90.972527,0
1490,1422,74.909058,2
1978,2304,22.940296,0
2630,1048,24.890419,0
2015,1971,62.539234,0
2808,271,40.368122,1
2091,1043,78.830742,2
2270,1408,77.668510,1
2089,1098,78.360199,2
267,1107,16.002855,1
1748,2737,33.574257,2
2043,1005,87.128769,0
1084,1832,87.173187,2
676,2726,79.805412,2
1019,266,73.592506,0
2622,2359,68.099243,2
1682,2877,54.654507,0
842,1136,63.048153,2
685,1997,91.458763,2
191,2122,15.500976,2
267,1883,21.515884,0
250,2236,66.072174,2
2206,2635,26.514282,0
420,2525,40.692856,2
121,2199,50.373341,2
2282,2208,27.288284,1
2270,2106,40.899387,0
1970,1335,82.193947,0
1506,2276,61.447987,2
2212,2228,64.100929,2
2629,2999,41.388119,2
2858,2171,78.585777,0
934,957,58.859482,2
2182,1842,52.608257,2
124,2703,21.831858,1
623,531,67.584305,0
1738,392,33.041023,2
1771,1030,87.486046,2
2946,2269,7.761847,0
1612,667,40.860619,2
1259,1549,22.676701,2
589,2722,27.494772,0
1008,2752,11.767723,2
606,1110,83.620552,0
1777,2703,33.520123,0
675,1382,85.659668,0
123,2323,47.584911,0
2819,936,82.781921,0
2491,1318,88.812874,0
2459,1737,19.333532,0
2190,1187,28.464647,0
978,1600,7.274584,0
1944,718,2.701293,2
1726,1038,47.278175,0
1959,2435,55.557709,1
955,880,78.200172,0
1446,846,44.713531,0
991,1692,19.442268,0
427,424,69.625122,0
1061,2043,41.572903,0
2582,2734,64.477234,2
529,1420,57.779015,0
2967,556,85.654556,0
2200,1472,21.921659,0
101,1117,70.662186,0
43,482,79.747200,0
1758,2548,32.942513,1
1119,2115,7.797099,0
2355,1333,51.871792,0
655,1947,19.651834,2
2259,2783,27.265018,2
250,1481,24.324289,2
44,2468,58.024445,0
539,1280,7.224981,0
702,2867,74.898224,0
2695,2214,68.186852,2
162,2480,25.545681,0
1127,1849,86.820145,2
1384,1208,45.723099,0
1244,648,17.819918,0
1695,219,5.215560,0
831,1529,89.734894,2
2581,2921,16.095890,1
1394,504,14.091812,1
1264,2217,2.490954,0
277,2538,45.628197,0
2718,2044,88.535194,2
35,731,99.381027,0
591,756,95.025299,0
62,220,63.353222,0
1588,172,22.874071,0
133,1723,66.356644,0
2700,2753,11.560704,1
1798,629,16.516495,2
1234,2349,21.543283,2
2100,363,7.167941,0
1987,1595,81.215866,2
1678,732,9.266207,0
2189,2334,21.415663,0
2480,410,96.972572,2
1653,933,72.466370,2
2343,2515,15.072589,1
322,1542,75.609749,0
1420,272,54.409351,0
1731,2774,64.757744,2
2695,2009,23.644623,2
1033,2598,92.303131,0
1968,606,66.452774,2
2580,1154,17.795429,2
2136,473,43.235767,1
1217,2365,98.792778,2
1525,1930,12.815110,0
2170,2078,28.008451,0
1225,342,98.476425,0
2484,66,96.311424,2
454,184,61.482307,2
2289,1171,98.723389,0
1177,2281,70.716408,2
1603,95,27.640007,0
560,712,91.058006,1
333,1869,20.693483,2
2534,1159,93.588417,2
1486,309,17.619827,2
2477,915,58.783295,0
2687,494,50.095825,2
240,1087,78.200172,1
460,1865,40.914780,2
223,1496,14.183888,0
2423,1479,72.886642,2
61,1062,49.773884,2
410,803,63.281384,0
44,13,51.525249,2
1512,1888,92.295189,2
2753,194,76.513374,0
2143,1516,31.813728,1
2143,344,39.760178,2
992,641,4.757484,0
1368,1129,32.984985,0
1968,2805,89.272789,0
1233,1773,91.249268,0
187,1224,56.455757,0
2780,1125,24.793489,2
667,1430,71.002327,0
957,1471,52.436886,0
1351,1245,42.196045,0
122,2262,1.654526,0
1991,2446,57.749817,2
2818,327,38.607159,0
468,646,24.081486,0
594,2201,3.040580,2
91,1986,92.158325,2
557,2835,3.443186,0
592,2702,77.368843,0
2534,2728,64.760185,0
620,1933,60.607632,2
2880,2502,76.928047,2
2331,2024,54.553310,2
825,1325,64.286240,2
804,1694,32.909176,2
830,2675,69.251564,0
529,1046,19.188654,0
1392,628,84.412056,2
2308,2130,18.466208,0
2631,1168,4.390001,0
2459,1549,24.209667,1
147,160,3.638967,0
2850,1267,79.790886,0
2258,1805,74.012268,0
131,1063,66.953835,0
413,476,84.241844,0
395,1591,57.714737,1
2358,788,8.796539,0
2367,1326,60.254669,2
1555,802,71.099815,0
503,2396,70.357567,2
694,583,25.640200,0
1611,2873,14.106109,1
225,2508,88.308533,0
842,1197,38.803215,0
1997,2013,64.202148,2
2440,807,74.295769,0
2754,305,84.471794,0
2715,999,76.958374,0
1059,2949,2.239657,2
22,2546,74.707764,0
922,242,97.954124,0
1995,655,91.752571,2
2762,2531,19.831465,2
2812,1315,16.691895,2
1998,1867,24.701374,0
204,138,87.791580,2
2183,2712,3.533138,2
1507,778,52.472717,0
565,423,19.358082,2
2626,1077,61.924629,0
2614,258,33.505287,1
487,418,31.296408,2
2619,1697,31.570667,0
72,2084,28.758528,2
1027,1949,47.231678,2
2335,2868,82.064095,2
943,246,39.982777,2
654,143,30.276133,1
1972,845,97.638420,0
1971,348,24.572813,0
2589,2105,80.256966,2
2776,927,18.503973,0
89,678,68.412056,0
2039,851,90.447784,2
648,457,77.792000,0
619,1845,51.453098,0
634,2998,21.987148,1
2223,1673,34.467442,2
1822,2903,67.975861,0
930,1318,33.752518,2
1675,2023,11.780978,0
1802,171,34.632481,2
1679,1533,69.480896,0
2116,1783,65.477470,0
930,1187,20.363419,0
1795,520,91.848061,2
1935,2763,76.653908,2
16,113,9.266207,2
1472,712,33.630699,0
1464,302,60.425800,2
2429,2795,19.412985,0
119,1086,7.644156,0
1833,71,83.307388,2
2267,444,32.987930,1
2717,2633,0.131585,2
973,1881,43.289127,0
850,433,53.688587,0
112,1837,48.895103,0
1885,214,96.065331,2
1518,1880,9.230512,2
289,2949,56.011005,2
2564,1670,98.211700,0
1195,1803,36.577034,1
1675,290,79.254379,0
655,791,42.575920,2
2990,2858,72.548851,0
2880,1303,59.836033,0
2784,2162,21.658272,1
250,925,63.001259,2
2547,2753,3.761143,2
1795,414,95.383972,0
2907,204,54.391705,2
2561,398,66.115692,1
2304,2664,61.831638,2
1245,818,91.673164,2
476,275,78.084572,2
2863,307,29.544199,0
1329,1354,45.425293,0
598,650,97.159622,0
1332,168,36.207592,2
2219,857,69.533989,1
1139,1921,17.136986,2
1936,984,9.502447,2
2954,10,56.406963,1
2127,1445,16.131050,0
775,1587,42.769562,2
454,1648,23.223518,2
1628,783,53.831905,0
97,2816,38.213623,0
175,739,73.038750,2
525,2864,69.584923,2
822,297,66.370300,0
723,2017,31.013222,0
667,180,83.928841,0
2276,2606,1.040319,2
2874,2177,43.608059,0
188,1794,68.724861,2
1937,932,30.800896,1
1426,14,53.475586,0
392,1255,55.851109,2
1125,2000,28.022802,0
39,2018,9.431038,2
1518,2838,28.192453,2
1092,2995,21.968212,0
1880,2176,48.835434,0
1965,2620,11.604509,2
453,2950,45.414455,1
130,1684,28.933504,0
900,515,24.294464,0
145,464,8.853209,0
37,2005,25.135866,0
2826,652,58.758045,0
277,2093,35.908100,0
1100,2439,40.747715,0
2683,45,18.884106,0
2299,978,91.618698,0
1300,2433,67.289917,2
361,698,98.859024,2
252,2780,24.572813,2
2951,2908,18.081518,0
1349,586,14.731091,2
1274,2418,61.234402,1
1524,1642,16.127577,0
72,1840,52.835484,2
982,390,57.429424,0
1335,2959,40.932102,2
63,2010,1.700737,0
483,345,98.119987,0
1057,1372,20.098013,0
145,284,56.075417,2
1765,170,38.123142,0
1332,1468,38.358906,2
1892,1418,68.145699,0
2224,241,82.805069,1
2005,1132,40.851048,0
420,56,66.951561,2
407,1345,83.736191,2
2801,1625,27.948820,0
912,2507,73.592506,0
914,2628,48.313873,2
1002,318,19.477583,0
1628,1297,56.060493,2
1403,1056,11.769601,0
1668,1039,89.463463,0
2201,1392,85.486008,2
2084,441,16.567644,2
2057,881,9.762473,0
324,1773,89.341675,2
1210,1827,95.373352,2
519,1818,86.092735,2
2981,740,25.533043,2
1416,112,42.491425,0
2111,394,35.525696,0
2952,1997,98.588478,2
1415,1125,67.835838,2
1023,824,78.765083,0
2433,1421,67.873940,2
573,2660,38.576988,0
2962,352,71.552094,0
267,86,63.963726,2
1689,1388,44.641933,2
431,1793,70.812439,0
2903,674,45.202957,1
2360,1576,86.717033,0
747,2460,18.549826,0
1073,2276,45.489719,0
1390,480,55.386974,2
1400,323,44.353924,2
1404,494,68.033440,0
596,1572,14.622320,2
1053,1546,74.516953,2
1751,2153,30.882061,0
1912,1503,53.940125,0
2039,2186,90.823570,1
2044,1628,7.251012,2
2316,1697,97.586670,0
1038,1910,58.050907,0
2133,2304,57.694820,0
1506,2881,44.932739,2
2685,87,72.290497,0
1586,1721,59.392254,0
1496,426,71.709206,0
2869,169,15.606956,0
2884,2524,93.030006,0
56,526,59.983616,0
454,2271,13.438212,0
793,989,61.881496,2
133,2296,13.658332,0
2046,2409,73.909447,1
2620,2154,64.899864,2
388,435,36.178394,1
1592,1103,21.817312,1
2696,2340,55.609745,2
4,117,97.517586,2
1383,1908,71.694649,1
2201,1755,34.204407,2
1138,790,87.056625,0
301,419,98.924225,2
1765,176,75.697693,0
1778,2312,20.485668,2
397,1353,16.937618,2
2317,1213,11.846985,0
2890,1819,7.467906,0
1524,1387,74.806297,1
2573,1139,35.515892,0
2861,2802,84.606567,1
1681,615,47.139931,2
1293,2653,43.516407,0
2144,41,91.645233,0
2931,1027,85.149666,2
1769,2176,31.072329,0
341,2743,68.631119,2
1128,325,25.758430,2
791,318,74.756744,0
2063,2246,36.837265,0
966,883,31.182472,0
727,1787,84.963516,1
1961,2547,34.315666,2
2180,343,93.353531,2
946,1279,84.132172,2
2071,1434,54.847057,2
2546,1783,2.745163,2
1457,2542,41.069977,0
1606,2632,46.947903,0
1548,288,18.682940,2
1137,921,88.271942,2
2169,2927,26.711960,2
24,1423,23.131351,2
2648,1847,76.415901,0
2196,991,13.656392,0
924,2190,61.493053,0
2006,925,59.360516,2
1046,1798,34.485310,0
2775,2030,47.334400,0
2161,1534,34.358707,2
707,371,20.039598,0
1198,2791,88.975266,1
1026,1742,5.562186,2
1354,1127,41.024940,0
1236,418,72.878647,2
2013,723,40.519920,0
283,1526,61.837582,2
1904,2633,38.456421,2
2170,2512,80.956711,1
444,2809,32.315197,0
1988,2361,87.368996,0
1779,1729,14.759102,2
1313,96,8.218294,2
1606,2475,67.067390,0
1895,2462,47.006268,2
139,1624,57.797077,0
1522,548,35.047585,0
2497,706,38.155392,1
282,2381,30.411509,2
1021,574,40.426323,2
483,2492,24.512743,0
1983,1492,83.771767,0
636,2071,76.560417,2
2003,1141,13.874989,0
136,607,49.673157,2
429,141,27.911474,2
2867,1750,17.441032,0
2923,1383,90.985268,0
962,2749,76.425529,0
2715,775,27.561733,0
2780,2655,79.976372,2
2722,1781,95.812538,2
488,2802,22.451174,0
1143,1912,72.138428,0
2124,2603,38.082695,0
2577,1034,62.746651,0
1130,249,64.596207,1
2390,1446,43.024483,1
579,2236,53.688587,2
55,2340,86.690048,2
476,1797,0.995160,0
1510,2280,78.055351,1
417,522,27.646473,0
273,513,54.186001,0
1891,1464,17.441032,0
1649,618,98.975388,2
504,1337,41.454346,2
2091,231,51.487286,2
1924,1799,64.026558,2
768,1340,42.492359,2
1094,120,65.358627,0
1851,1430,89.717590,2
1769,99,23.542536,1
887,2044,40.024094,0
2043,1857,55.457443,2
406,2719,64.231430,2
2269,2840,14.725130,0
2546,921,24.506561,0
2318,1689,88.739563,2
2105,2908,67.194862,0
1235,241,39.332916,0
1625,2268,6.106068,0
199,1219,1.335174,0
1532,2998,2.078522,0
511,2203,79.882309,0
623,2610,49.246231,1
2793,2002,93.606071,0
302,26,92.585449,2
2001,2102,21.753860,0
1457,924,6.669180,0
2449,912,17.897102,0
184,1245,63.927692,0
1740,1739,86.102676,0
1808,167,27.023458,0
2386,1476,86.360619,0
1828,82,57.378078,0
1937,1314,34.502052,0
2040,2957,9.509132,0
1634,2633,10.647650,2
2026,427,33.649105,1
887,1884,62.563835,2
1992,1522,99.758896,2
1365,1590,58.044380,0
2791,952,10.930688,0
2540,373,12.856277,2
1283,93,0.955064,0
2389,2266,57.840240,2
886,27,76.069695,0
1256,1623,37.915146,2
1844,229,36.536621,0
2756,1127,37.388031,0
2341,31,39.032177,0
410,502,90.572342,0
2010,399,58.989952,2
2756,1318,36.265102,1
2242,2805,14.027920,2
1609,1132,9.281718,0
2298,1514,67.691734,0
2475,579,95.298843,2
48,2856,60.116520,0
2669,2384,51.329189,2
2172,2544,83.402313,1
2047,1790,16.058123,0
832,1782,42.505638,0
556,1286,56.597477,0
2355,2367,85.786850,2
2643,1514,15.482623,0
2147,53,78.366913,0
2812,2453,59.748100,0
1407,2412,0.874643,0
245,1726,26.877682,1
1340,49,8.136712,2
752,489,6.366037,2
2538,1958,41.137154,1
1259,914,78.351158,0
2212,1903,62.130455,0
2312,1432,15.261840,2
2510,689,22.659512,1
2107,861,4.901587,2
1501,1518,62.339817,1
2052,1891,77.812675,0
836,152,58.947857,0
2967,1260,1.645382,2
424,1443,52.480263,0
2677,1195,57.525051,1
256,2780,85.848267,2
2433,1265,42.618618,0
18,1964,77.812988,2
1952,2858,72.796272,0
1606,1959,47.181198,2
1929,1500,25.815580,2
1880,2745,50.239063,2
1916,1789,44.063309,0
2505,1571,98.901985,0
1095,1254,94.497131,2
2694,1799,21.233334,0
1862,1034,32.390839,0
1369,1613,3.081357,0
300,444,18.186115,2
1044,1779,57.583893,0
1423,961,66.665268,0
1165,503,19.101780,2
1590,2244,39.094780,1
1434,2810,21.412188,0
904,2513,56.918945,0
1312,2109,0.958872,0
1217,2647,62.554825,2
1080,8,71.982674,2
2588,312,50.407120,0
2676,836,23.223518,0
227,2397,45.152817,2
2703,1822,43.213318,0
1167,1194,58.657970,0
2128,1649,63.088055,1
1881,2176,9.331698,0
1861,1612,52.779594,0
794,1583,71.214928,0
2609,2711,69.351547,2
1948,1323,51.044247,2
1731,1675,63.834610,2
879,1195,10.720358,0
1230,1184,84.262192,2
2519,2255,30.985241,2
549,2987,39.497898,1
713,2216,48.411098,0
1955,1225,98.410568,0
226,2169,6.948329,2
2877,886,86.782341,2
928,899,26.450823,2
441,723,56.954556,1
2332,2501,73.298164,2
890,145,17.659895,2
1885,2259,92.838737,2
1444,1246,76.187202,2
1863,1899,9.353994,0
884,2166,0.874643,2
1149,441,55.947140,2
241,612,32.301212,2
2100,2549,36.062416,0
2241,631,51.786587,0
2749,2891,13.259673,2
1176,1144,46.954945,0
2022,668,74.650093,0
1560,121,17.445457,2
1140,2774,27.949926,2
157,2292,53.505238,1
2479,2554,60.409409,0
263,1388,94.959763,2
2725,1023,9.967185,0
926,1224,23.092661,1
329,2792,72.840706,2
986,2319,83.968666,2
2984,1002,19.659554,2
1863,1638,48.346340,0
2050,1094,37.256081,0
1333,256,47.749481,0
2563,787,10.852345,0
2403,930,10.376888,2
372,831,84.503616,2
2428,2613,92.712524,2
1453,1572,0.418915,2
91,765,77.198448,1
2873,1011,57.572075,0
1686,1644,89.389259,2
2254,1391,11.444212,2
1095,1323,28.657784,0
158,2603,38.615364,0
2751,1505,74.990654,0
899,2009,23.134565,0
1253,248,9.750360,0
1795,1071,68.789146,0
1927,2220,13.143190,2
875,1043,28.986338,2
2142,2981,85.211716,2
916,2266,77.999329,2
2301,1509,66.342926,2
1514,2296,76.066910,0
58,557,56.645565,0
562,696,7.276372,2
2077,537,73.941078,0
491,1576,4.843174,1
1692,2064,33.162491,2
2183,656,83.584846,2
603,2422,91.527946,0
202,2784,52.094200,0
2697,2089,72.884468,0
647,2693,23.264309,0
1445,1682,61.646950,0
582,1362,74.481041,0
2805,2343,74.131874,0
1415,597,60.794724,0
1045,2144,44.625195,1
2828,407,67.906403,2
2006,972,23.627443,1
504,1430,13.287233,0
2365,2767,72.273621,2
407,1968,60.316322,2
850,2516,79.772430,0
1380,690,41.954277,0
511,2604,36.300529,1
2655,1647,48.563679,2
2835,2411,49.564739,2
2930,2809,62.241875,1
2067,2225,45.570122,2
1521,1096,40.359421,0
2583,357,21.773592,2
2121,767,54.752224,1
1167,870,66.299927,0
2345,590,20.459888,2
281,2565,55.156635,2
2369,1951,45.336052,0
1882,2015,33.202282,1
1898,2196,95.646988,0
2199,2517,31.976530,0
2093,2660,20.825657,2
2632,1564,65.128723,0
777,2933,83.539352,2
2126,1589,70.357567,2
321,1148,64.042328,2
1277,2974,5.782850,0
1341,2765,37.116005,2
2303,987,75.819542,2
191,2156,2.204089,2
685,1436,49.988232,2
60,85,80.697609,2
1280,1818,49.507725,0
2719,244,90.222237,0
879,1284,30.654528,0
709,1980,28.950960,2
1595,1717,97.439613,2
1035,2458,9.137139,0
651,1574,99.674026,0
899,296,60.592712,0
1066,1151,55.514893,0
1232,106,88.343529,0
168,2270,62.069683,2
1920,44,6.730338,0
2378,1998,58.913059,2
2745,812,90.139755,0
764,2025,33.039196,0
1795,2711,28.508354,0
2734,920,49.900223,0
1791,2196,40.300034,0
1238,1444,56.048336,2
1451,876,27.695953,1
2255,711,11.340816,0
1669,1165,51.722336,2
1257,1079,7.390747,2
639,12,95.507980,2
1034,1256,12.005239,0
1279,1073,17.086094,0
1792,2001,80.931290,2
2226,1318,35.208832,2
2196,495,97.166252,2
1282,2232,2.725796,0
2952,2055,71.468239,2
1436,1811,4.938582,2
717,2291,1.772147,0
2323,468,25.559235,0
71,2040,64.386787,0
1432,2552,57.378078,2
1676,1956,17.172888,2
404,1891,78.936447,0
2396,986,31.298309,0
1897,2960,76.846634,0
2265,563,58.440750,2
586,1987,2.761577,1
2767,1428,32.924973,0
2393,1369,23.579134,0
2283,2635,79.274376,0
1589,2259,18.866129,2
1086,452,79.427254,2
1013,1726,89.012680,1
379,1324,71.651085,2
667,2142,70.739929,2
490,2862,60.123508,1
2867,840,13.473598,0
2193,435,46.270920,0
2825,2613,23.726412,0
1146,507,27.657845,0
1081,963,58.069599,2
149,1635,56.553612,0
916,1018,33.690186,2
1964,2797,87.618187,0
511,2330,41.276943,2
242,531,65.018173,0
2933,1596,68.798279,2
2871,1149,20.920044,2
2320,1043,28.614513,2
2199,1777,37.443905,0
1840,1415,90.756851,2
1490,1965,35.157459,2
116,2556,22.490191,0
221,1200,68.095535,0
404,1475,2.307212,0
321,1740,34.708725,2
1479,124,23.927109,0
2763,1859,44.172092,0
2968,1424,42.305458,1
660,555,71.689003,2
10,2495,28.391050,0
1251,1933,77.999329,2
1436,1603,53.787853,2
230,1974,23.349939,2
1266,2525,48.386261,0
2878,527,83.516403,2
586,1439,95.335999,2
2051,163,81.395073,2
1065,97,98.872154,0
416,969,68.718140,0
2302,2763,5.705728,2
2027,2779,55.290630,0
331,179,38.021870,0
2729,2146,34.468994,1
796,1699,30.088346,2
1808,1413,59.439857,2
2228,2386,89.386711,2
514,464,77.331017,0
2878,2100,21.498363,0
2844,260,84.065895,0
67,1585,18.372192,0
2409,427,36.333294,0
2455,308,85.094330,0
1598,2936,95.956650,0
2084,1686,86.643471,1
651,1912,81.417053,0
874,747,63.470398,2
861,2667,16.603500,2
1449,1954,63.803932,2
68,1014,71.560394,1
14,1780,90.660271,0
1977,2641,42.648754,0
1023,1778,72.952087,0
2766,745,86.870438,1
168,1190,86.600861,0
1855,1207,64.085876,0
688,481,92.996986,0
2436,2596,21.845436,2
2855,2142,21.353550,2
2160,2643,55.332340,0
545,1395,65.429024,0
529,2629,8.237742,2
920,1492,99.829002,0
1581,939,82.285011,0
750,2347,10.558682,2
1558,626,44.273106,2
2810,577,71.715660,0
51,2096,36.703751,2
1786,681,39.594021,0
335,1534,89.553139,2
1047,825,19.366465,0
401,1195,5.246556,0
9,2399,99.961327,0
2576,1054,73.936317,2
1033,2209,58.124378,0
1733,565,73.320450,0
2209,285,40.294083,2
2108,2212,54.595268,0
1626,554,32.450600,2
2864,1672,64.560379,0
878,2811,57.230186,0
1143,1160,9.215193,2
720,1115,89.126915,0
124,338,64.682739,0
1859,2770,41.148624,1
2627,98,33.202251,2
2516,382,70.064568,2
768,881,43.433254,2
2283,1332,26.451292,0
2371,1780,11.739978,1
2901,2450,60.236088,0
1896,429,5.327947,2
783,798,96.368095,0
2940,2752,90.022095,0
2674,1910,24.239477,0
1060,708,13.402399,0
1562,1285,37.525974,0
449,266,95.561508,0
857,1557,53.385864,1
769,24,97.825706,1
1081,785,9.007978,0
87,2735,50.102303,1
891,467,65.132729,2
2858,2531,12.546474,0
2104,1401,31.310450,0
879,1095,75.026634,0
798,2777,60.819080,2
337,1769,21.826296,0
1903,2274,24.588701,2
1193,405,49.250462,2
1821,947,68.661583,2
2495,1581,40.005859,2
348,2935,62.468990,0
2367,2833,52.674599,2
504,959,64.385361,0
1871,950,76.244301,2
2921,1034,53.304585,0
120,2885,47.786449,2
1701,989,94.197708,2
2591,2974,15.967510,2
544,2192,84.015099,2
2850,1770,34.663219,0
196,2215,27.979816,2
2201,1780,18.113211,0
948,2821,53.558773,1
2844,1123,60.721840,0
1850,987,54.736691,2
1194,1163,12.858397,1
2858,1445,87.108757,1
875,1857,94.019554,2
2788,2689,65.044022,0
1317,1510,58.099361,0
1086,2032,41.068485,2
1943,1655,7.335546,0
2179,2791,43.930775,0
962,648,67.002472,1
1649,2635,5.175514,2
300,2231,3.599455,0
980,873,74.760475,0
2318,2209,21.190838,1
764,321,85.076134,1
1635,2673,60.221252,0
1538,2394,64.235649,2
374,1492,39.072292,1
795,1971,0.653722,0
2937,1086,64.202148,0
1091,2997,31.531763,0
61,78,40.995327,2
7,1752,5.699836,2
807,2665,97.828178,0
2495,1276,80.123260,0
2649,2422,75.340782,2
624,2274,4.676078,2
1548,493,40.397148,2
843,583,49.077370,0
2265,1813,46.650253,0
481,2455,39.376900,0
534,2031,45.705048,0
1935,2231,23.384216,0
1131,682,84.549240,2
1967,2327,38.909901,0
2220,1903,53.728283,1
1430,943,20.720127,2
637,2514,40.840847,1
565,121,42.841057,1
2840,2991,30.041475,2
412,1274,99.833443,1
166,2127,30.009027,2
268,746,96.441696,2
666,2949,82.397415,2
2064,1702,7.431599,1
1629,1954,49.885014,2
1538,2120,28.692818,0
904,743,90.438858,2
2465,970,25.959888,0
1243,1113,18.238066,1
1721,1472,47.194473,1
2882,2370,23.558521,2
1283,56,85.841835,2
602,241,10.489868,1
2226,346,66.882797,2
2215,1623,99.303085,2
1019,1948,95.666489,1
1581,2735,1.514694,0
1296,1946,20.463121,0
1294,2771,9.888526,0
2397,614,77.074577,0
852,2481,95.100777,1
1444,768,91.988625,2
2819,142,54.535507,2
2964,696,34.341431,2
1978,82,2.697569,2
1242,24,68.937706,0
2477,1715,87.791580,2
78,263,93.498276,2
1820,1871,79.166710,0
990,658,4.695092,2
2248,1807,49.988232,0
2812,226,36.011040,2
2705,1741,83.599129,0
2210,1919,7.579541,1
1586,21,18.171513,2
2149,782,19.180008,0
2126,392,17.277706,2
2474,2374,95.611137,0
1865,2643,67.301689,0
1027,2386,46.119133,2
201,2517,62.612160,0
2594,2859,65.543724,0
1953,2804,83.097733,2
106,875,48.468212,2
412,987,27.519497,2
2690,858,64.690552,0
2776,2779,51.448296,0
1363,2006,11.739803,2
2382,946,5.243938,2
2462,1640,72.796272,2
2687,2687,10.472237,0
477,334,55.291981,2
2705,1408,88.554382,0
1338,1319,17.277706,1
705,1528,15.600003,0
1435,2148,84.535934,0
2885,2320,17.058123,1
1869,2418,52.517494,0
2094,2784,66.513580,0
761,404,5.661426,0
560,1172,21.525770,2
220,2279,43.924892,2
1456,2503,67.937263,0
1799,2418,20.034842,0
862,2867,7.604884,0
738,1349,52.256325,2
1514,2369,91.039948,0
2944,2899,13.076232,0
465,212,99.345650,0
1776,2587,90.614334,2
269,975,31.874569,0
17,1807,70.581955,1
1260,193,9.226777,2
1033,1407,81.797310,2
1812,2903,8.852001,0
2811,1992,48.437378,2
2194,709,5.474701,1
2065,2834,2.300598,0
625,2890,22.989906,2
198,1732,52.396111,0
318,2895,62.951122,2
2191,2152,98.410568,0
495,1482,18.748590,0
617,2497,54.017036,0
1244,333,58.639015,2
2193,2867,59.969532,0
2965,2211,76.245277,0
1059,2377,33.865665,0
1717,2888,13.004857,0
2352,988,3.072620,0
1604,2387,17.417782,2
2878,2144,54.008415,0
2628,2750,8.859806,0
26,535,22.290277,0
2519,2856,74.589218,2
1944,1872,74.776596,0
624,1696,57.410072,2
2548,1920,17.250288,2
1026,1512,70.891426,0
1134,220,53.605858,0
1498,27,83.801125,2
613,690,52.247036,0
1290,347,77.694466,1
1216,373,48.783520,2
523,1638,63.510937,1
71,1359,46.593002,0
894,1982,56.760021,0
2615,1549,58.139500,2
1766,201,64.765396,0
308,2656,64.719635,0
2754,2624,57.274193,1
2679,334,55.122044,0
457,507,22.423201,0
460,1995,6.587055,2
36,1946,76.641098,2
679,555,22.571186,2
605,2638,78.936447,2
2253,638,28.174547,1
1117,1890,89.736908,2
1325,310,80.605141,2
2519,722,3.329693,2
85,1640,80.256966,2
2852,1732,87.688545,0
2805,2788,29.532310,1
2599,1687,83.339195,1
2018,1239,85.446480,2
2257,2303,77.668510,2
2183,1381,43.366936,0
2373,2368,73.320351,0
2896,517,90.769897,1
108,1827,59.430927,0
894,801,24.549833,0
2347,1238,82.933723,0
2557,1282,40.493752,0
1409,2268,63.176266,0
961,139,74.511497,2
2969,2546,30.223907,2
1733,2697,54.186962,2
57,2898,67.161034,0
2663,1492,7.401713,0
1967,2590,30.472952,0
2573,1206,84.226578,0
1968,413,94.275810,2
1378,365,95.550323,0
1974,180,14.053600,0
2633,166,79.304634,0
1438,1530,60.348789,0
1168,523,32.140556,2
122,515,43.086147,0
485,1266,12.738433,2
1078,2203,67.565895,2
593,1590,91.388474,1
2572,1639,78.876335,1
2057,124,18.496962,0
2668,1303,64.106850,0
1227,572,41.303967,2
2753,1153,48.914616,1
540,1439,85.486008,2
1632,1835,52.969311,0
1144,751,98.508095,2
1286,2284,31.825785,0
1216,2398,35.007206,2
1502,311,32.513351,0
534,1859,0.084920,0
425,145,70.647629,0
139,1293,32.469616,0
1876,2142,20.174450,2
1922,279,64.106850,2
116,1511,38.618473,1
514,2670,88.083641,0
2172,1990,39.906452,0
1210,576,85.788956,2
535,57,96.529686,2
397,744,68.311150,2
1428,2904,1.775576,2
2852,2307,70.404716,0
879,650,59.828449,0
483,252,54.980461,0
9,1229,58.619816,0
2039,839,9.776563,0
2420,2118,90.205444,0
1468,2453,50.270199,2
2818,1053,38.602196,0
2897,216,99.703163,2
1157,1118,95.168907,2
1751,973,44.183372,2
2401,2533,11.191909,2
2293,1691,73.668991,0
2765,2059,93.494331,0
244,2097,59.928501,0
2978,1933,15.944839,2
2183,349,14.047308,2
1983,2391,41.474171,0
861,2344,61.562794,2
353,898,70.182129,0
451,2970,30.572960,2
2701,2361,23.834480,0
1147,1442,44.265472,2
1210,2172,88.163200,0
501,2745,92.662468,2
2980,744,8.483014,2
263,1600,13.221326,0
2991,759,21.412188,1
233,1983,83.181747,0
2147,1736,42.755260,2
166,1279,44.065571,0
1443,1899,85.514702,0
1414,2024,58.620407,2
441,1623,16.375031,2
2816,1920,8.709457,0
720,1110,61.905437,1
2901,523,60.516701,0
1110,163,72.206551,2
2092,747,8.996655,0
2041,2201,17.809494,2
362,2147,19.136267,0
1224,799,57.025391,0
2444,1028,98.538864,2
2026,104,72.752884,2
2938,2898,50.010548,0
2422,1959,58.352642,0
288,1685,4.487937,0
1671,1395,38.947514,0
734,2524,2.794294,0
567,1185,83.951462,0
1029,1818,77.975487,0
271,1658,35.255295,2
2014,662,60.445347,2
964,2381,2.254019,1
1339,1457,75.763283,2
1094,2095,10.984976,2
2578,2311,55.456528,2
516,2971,18.083412,2
2724,667,60.918816,2
945,441,8.242553,2
1881,509,65.317444,0
781,2127,74.379745,2
2591,429,98.964462,0
548,894,6.266024,1
2258,114,2.596068,0
2995,2165,22.890800,1
702,2348,76.787498,2
564,1722,48.492245,0
895,1175,74.909058,2
1513,2947,93.829414,1
1247,2654,62.114788,2
2660,1349,89.499161,0
2518,597,65.029182,2
1005,416,56.899548,1
619,623,93.681480,0
503,477,17.860153,0
1304,1899,55.967701,2
2595,1514,40.743237,0
1831,2650,54.668869,0
2774,460,6.690072,0
1807,593,25.194733,0
1844,1915,84.052948,0
2901,1899,85.940056,2
701,464,74.531326,0
1169,2732,73.529305,2
18,2028,30.243605,2
2101,793,32.862598,2
2628,1965,79.932800,0
1348,2213,32.748199,2
1237,1618,71.135414,2
2993,21,34.481606,1
352,215,49.372658,2
2714,648,52.959362,0
88,633,62.117954,0
1644,1503,61.315834,0
2631,2259,59.923851,2
2905,1017,72.623528,0
941,2958,48.395306,0
1816,773,14.840180,0
1057,2715,79.565865,0
791,1599,80.909897,2
503,2406,77.023232,2
1635,2843,31.547413,2
300,394,85.104889,1
651,1311,18.257627,0
738,65,99.650345,2
309,341,58.801861,2
1474,1116,21.121817,2
763,522,91.941269,0
714,2940,49.207336,2
1962,384,88.268021,0
1959,1562,38.603748,0
2786,1534,4.311864,2
1883,285,28.523380,0
998,53,14.508407,2
2776,1595,99.213882,2
2360,2986,25.612932,0
989,1793,38.847351,0
2097,1020,16.910721,0
1740,462,93.801498,0
1372,2254,97.861076,0
2023,409,32.355804,0
1710,1188,6.564818,2
1941,2367,67.034592,2
386,957,11.776933,2
1998,2064,6.838258,2
1343,2620,83.206802,2
902,1666,62.221302,0
783,2497,63.927692,0
1456,1730,43.924892,0
1988,317,60.714260,2
1387,345,11.144637,0
2411,1236,80.750031,2
1012,2148,20.139217,1
443,2561,58.183762,2
2107,1913,0.612777,0
476,2110,8.596507,0
2518,1483,41.637852,1
807,438,56.966827,1
319,1999,74.193825,0
707,1263,93.032623,0
2906,1387,75.211525,1
1882,2700,74.540482,0
737,2625,94.067451,0
328,1625,88.391098,0
1406,594,25.439350,0
2071,302,90.193703,2
2336,1850,92.739365,2
426,2291,0.581967,2
2289,2654,34.908085,0
1089,614,45.107479,1
1033,2086,49.576527,0
1478,1954,85.947617,2
2344,1499,83.365883,0
309,815,34.705952,2
1581,2458,70.308014,1
2976,49,66.431526,0
2034,1397,57.115238,0
2111,1732,32.763947,2
1678,1841,31.561018,2
254,1941,75.679131,2
1256,1120,29.008789,1
1921,2082,60.030663,0
1245,2121,81.599739,0
2555,1155,33.756687,2
2784,369,56.263245,0
2578,2812,71.854027,2
2088,967,21.487246,1
2,2948,94.800201,0
689,2409,30.643545,1
1510,2430,70.647331,0
502,1622,30.345558,0
1371,1391,35.565086,0
57,1628,25.819038,2
1285,2939,92.424477,0
2863,2920,78.026428,0
2183,573,98.405205,1
1778,2032,63.097740,2
1060,207,82.766777,2
779,1616,2.747532,1
2100,1606,10.256568,0
837,1134,39.218235,2
237,2464,19.730133,1
794,1575,95.759079,2
1369,947,86.129425,1
2075,447,94.934998,2
1578,1161,73.530273,2
2441,2239,80.333336,0
2811,1501,35.997845,2
1989,897,12.543313,0
2295,2929,7.098423,0
879,1633,58.152981,2
650,2700,67.971756,1
1069,2702,36.986805,1
1853,607,8.864766,0
2208,2920,56.899548,2
48,301,71.426575,0
2747,1279,90.051041,2
733,2297,3.134977,2
1044,2764,90.063538,2
672,586,69.486588,2
136,2556,86.470551,0
1043,1210,39.555424,2
262,2196,78.712273,0
1201,807,38.721569,0
1656,1576,16.046446,0
1088,707,15.862935,2
1411,2143,94.794479,2
2751,1032,49.360203,0
186,2002,81.306320,0
463,531,99.464615,0
1954,497,52.626198,0
1651,1566,1.654526,1
722,1736,55.367950,2
718,395,56.820889,0
2939,2716,73.637672,0
2919,2915,74.672813,2
2802,2320,71.237549,0
1241,2437,82.285011,0
2481,1218,44.627518,0
1643,1582,51.704571,2
2599,464,12.480170,0
2811,2159,89.483269,2
1120,1276,61.811089,0
2388,169,55.379162,0
431,2530,72.796272,0
2532,764,21.206203,2
1623,349,94.283485,2
2987,2475,72.624397,0
1740,1093,15.813104,2
738,2675,4.092109,0
200,1308,89.863716,1
1159,1239,11.698349,2
721,1829,85.810974,0
1785,1780,52.060661,0
1319,1868,56.632210,2
217,2978,72.301384,0
2861,920,13.293834,0
2404,1673,35.122086,2
118,1745,84.970421,0
2862,502,87.689926,0
1396,941,7.831413,0
2961,438,91.841225,0
1239,280,35.051617,2
714,1973,20.134205,2
1478,2046,26.450823,0
2121,1150,15.292876,2
493,1176,52.969311,0
2488,1958,49.705189,0
2997,1425,36.174103,0
1606,403,99.391754,0
2641,535,67.488235,0
2447,1091,56.476597,2
361,1734,13.180482,0
1487,371,17.014944,1
2423,1515,63.038197,0
1542,2782,69.258339,0
1270,1600,80.136597,2
94,2450,61.690357,0
2890,147,50.075569,1
75,2055,58.639015,2
1809,2214,84.191994,2
719,177,2.394429,2
1770,125,19.812372,0
1774,2074,19.209980,2
2825,2562,52.400642,1
2971,2963,74.906586,0
2179,948,71.736900,1
589,880,18.549826,0
1561,2436,18.370075,0
665,1928,49.361851,2
496,87,80.191971,0
724,2535,96.519821,2
2125,2919,70.841896,1
2128,1290,49.900223,2
1434,554,75.595718,2
1078,2279,19.444147,2
2239,333,23.097170,0
1041,357,91.420784,0
2376,1869,81.577415,2
1122,601,43.500816,2
380,1757,31.665541,0
2771,278,49.756786,2
1976,2603,94.728722,0
2797,2729,79.320107,2
1654,2415,72.945175,0
394,2769,97.779030,2
1525,1356,92.268776,2
594,2504,63.488983,0
2032,1631,12.718485,2
2749,2958,69.342178,2
625,485,2.907473,0
2476,1821,49.649948,0
2288,1135,88.770599,2
107,2929,30.893230,1
2483,889,94.156136,2
683,95,55.774384,2
1111,2165,37.570938,1
2533,95,77.953506,0
1731,537,4.205817,2
1412,1335,68.791779,0
1078,2370,33.860088,2
2626,99,23.654299,0
2653,935,8.384116,2
1294,1349,96.677956,0
2423,2869,65.696426,0
457,1441,83.319130,0
58,682,83.778664,2
203,1916,76.032013,2
597,1074,81.815407,2
384,22,2.378875,0
2009,2348,83.586563,0
733,2823,8.890023,2
980,1661,82.905975,0
797,1587,2.641764,2
1602,1560,54.642651,0
1998,2378,72.984528,0
1662,1129,35.000195,0
365,2155,3.659739,0
2238,2665,26.169100,0
1771,737,99.233833,0
943,831,11.073963,0
1080,238,8.057633,2
488,2059,99.155006,0
80,2949,95.334335,2
1873,1222,45.315395,2
2973,1195,16.851095,2
553,2972,28.307415,2
2516,366,20.603975,2
1717,1816,69.562325,2
1902,2992,55.709755,0
1595,1792,33.162491,1
2456,1520,96.683891,2
271,2470,28.695778,0
2389,2283,30.337357,0
2427,972,3.941480,0
2435,2521,39.519127,0
1359,941,26.827047,0
2199,1354,73.112396,2
1664,461,2.919970,1
27,250,99.512856,2
2958,1184,55.290630,2
1666,2378,15.850285,0
709,1873,21.728992,0
185,2745,47.906738,2
278,102,9.982676,1
261,674,9.271355,2
1563,1289,50.016739,0
2668,647,93.633751,0
1626,1596,8.311140,2
1125,2922,0.363906,2
1904,2029,41.704182,0
1628,861,73.759598,2
2168,1404,60.928329,1
883,223,12.833639,0
2975,2742,58.044380,1
11,1773,25.224888,0
481,91,47.407631,2
2396,2737,25.163542,2
1595,2015,41.105095,1
1352,626,69.261993,0
1475,1190,57.520844,2
2320,1884,17.923351,2
1313,793,85.881325,2
1854,1711,96.148743,0
2720,2248,7.566835,2
2843,2079,8.840434,0
949,1008,70.996414,2
1962,2203,62.444889,2
298,345,36.457920,2
105,860,56.127861,1
486,376,29.754936,0
1385,1065,45.304081,0
1751,1900,38.189980,0
2422,1727,70.685486,0
181,2371,86.179657,0
2211,993,35.515892,2
1632,1006,98.891838,0
2573,166,61.376198,0
1823,105,28.238264,2
1607,2506,25.451229,0
625,640,18.929840,2
175,1795,33.041023,2
71,729,42.748505,0
1814,831,98.475288,2
890,218,0.674184,0
164,288,82.241905,1
1565,1722,42.705456,0
40,1047,74.047020,2
2512,2677,48.545357,2
514,2400,37.689518,1
920,2796,49.703915,0
2116,1811,12.517978,2
397,1700,29.641212,2
1727,1107,63.726288,0
524,1454,7.642546,0
77,1491,71.134346,0
964,682,45.072041,2
717,1971,93.385765,2
432,1964,18.930088,0
1309,199,88.680977,0
2629,1339,43.322723,0
1711,1456,44.318184,2
344,1834,23.579599,2
869,918,40.340508,2
189,279,5.842181,0
2675,888,18.135578,0
853,2688,99.343628,1
2355,263,91.239082,2
2606,1208,21.070190,0
1952,2652,43.695183,0
2918,855,78.728561,2
944,1267,81.348381,0
2568,1419,6.586919,2
661,129,64.885826,1
638,942,82.319664,2
2966,1674,18.324417,0
1733,1737,83.206802,0
1698,1914,23.229568,2
460,1733,36.483540,0
2732,656,31.585741,0
1020,1825,17.590694,0
2558,494,88.585823,1
2957,2230,4.394104,0
1080,2518,69.533989,0
1902,1906,90.193703,2
2654,3,66.154976,2
1701,1716,84.205536,1
2809,1239,21.611292,2
1507,1235,24.622286,0
2931,1975,22.619974,2
2553,445,88.688217,0
284,1478,43.797062,2
1607,2056,15.767293,1
2224,2148,33.482635,0
533,1843,41.084934,0
2150,2039,79.490883,2
2661,788,71.269844,0
1677,1201,90.089470,1
2261,1414,72.839516,0
23,519,27.073471,1
2041,424,24.572813,0
2835,2264,83.669395,0
1893,471,56.746193,0
2400,1185,81.014359,0
2210,187,2.546499,0
579,1882,29.792665,1
232,2597,69.407707,0
1702,2862,54.644535,0
64,2185,44.429943,0
173,2860,78.446861,0
149,441,20.338680,2
2587,768,91.422592,0
506,1004,84.084717,1
2234,1191,3.910614,2
1230,1961,79.112839,0
205,2894,56.133236,0
319,2232,76.675056,0
638,1848,82.449959,2
2622,1092,58.675186,2
1750,2391,56.900066,1
2186,1999,25.970106,2
84,629,96.238754,2
1790,1152,7.987466,2
539,2013,82.891617,2
1190,2517,85.281212,2
2608,567,12.833075,1
1108,2022,42.117977,0
1071,855,1.689016,1
1227,1678,20.978109,0
738,311,42.923370,1
1765,2054,50.542835,2
607,216,72.201889,2
730,62,92.949249,1
2444,1157,22.438963,0
1893,191,22.337282,2
21,1849,3.502966,0
598,1679,33.162491,2
2845,1921,60.716602,0
1588,170,91.194527,2
2076,408,22.835348,0
596,2852,15.336528,0
2536,1222,67.882812,2
1557,819,48.064556,2
1085,1826,56.934032,0
740,2413,51.190937,0
1780,897,78.201157,0
700,1386,21.117561,2
1487,1216,32.198345,0
467,1999,34.393295,0
1067,2654,95.492882,2
2211,653,13.808818,1
1693,1482,71.106781,2
314,2299,52.449490,0
2689,443,18.519714,0
32,519,66.975227,0
2612,219,97.056168,2
2349,594,42.504971,2
2262,985,63.905228,1
2381,2013,54.156837,2
2615,2618,48.624310,0
166,356,27.046913,2
1610,1610,7.848392,2
2826,2666,18.218878,0
1391,1841,78.585777,2
2399,86,57.800636,0
612,476,59.806313,2
2111,1473,29.316221,2
1067,22,23.751511,0
2518,482,84.627930,0
129,2491,33.814461,0
158,2017,82.892731,0
2129,315,42.648754,2
2867,1094,69.798630,0
1532,2968,2.747532,0
1413,1008,98.997978,2
304,1983,11.892440,0
2825,1421,27.177383,2
2335,680,61.798878,1
1025,1971,96.217819,0
1294,2440,33.288635,2
2366,2003,33.043411,0
2153,1828,83.156631,0
2098,813,22.212942,2
201,1730,10.124447,0
1689,2158,85.169586,2
1517,1497,45.440693,0
326,2176,76.734169,0
2685,527,53.856567,2
2859,2490,45.960911,2
2350,2861,23.349939,0
329,2321,12.368138,0
564,179,64.498024,2
1389,1400,88.626221,2
798,1368,77.776047,0
2467,2779,10.327260,1
451,2157,69.784843,0
1700,797,97.403870,2
1164,2529,27.528055,0
865,2966,88.585823,0
1756,2058,92.448265,2
323,864,92.610886,2
2236,2508,12.179777,0
44,2777,94.282722,2
2125,1421,13.579716,0
832,1604,88.372307,0
17,460,99.774078,2
1176,1156,29.279467,0
2362,2298,94.064316,1
1426,2114,11.299337,0
2820,586,51.356529,2
1780,1108,37.178417,0
2682,2624,55.385345,2
1670,1732,94.552109,2
1666,1926,51.505821,2
950,2807,11.549262,0
1831,544,98.066063,1
2173,1807,65.169403,1
1134,1886,80.750031,2
33,90,69.581291,0
911,2738,42.247868,2
2398,2930,13.814696,0
2653,250,22.792414,2
651,2548,44.315586,0
2871,2236,95.562325,2
2773,1315,72.147293,2
1168,2430,56.422634,0
2541,2766,34.794628,0
848,2075,29.616426,0
1363,2336,32.122189,0
301,1562,24.848137,1
2571,851,86.626701,2
2173,2168,87.865067,2
2029,762,98.362427,1
1335,867,57.154575,0
1207,2398,43.182236,2
1737,1496,22.458473,0
584,37,76.787498,2
117,75,18.962725,2
1691,2037,58.110977,0
536,2847,53.326138,2
1396,1377,42.618618,0
837,2574,87.569649,0
1156,1479,16.274632,0
1959,2107,92.783913,0
2885,1990,48.849072,0
2467,2385,7.869039,0
2651,2880,64.413063,0
795,2926,33.270638,1
2856,1411,83.665665,2
16,1817,21.304783,1
620,2323,27.697006,0
2082,136,55.200104,0
2345,712,40.684776,2
790,2544,37.227562,0
1516,531,31.906208,1
848,1951,43.406357,0
380,2578,93.801498,0
1661,287,42.117992,2
1689,1406,43.136879,0
1185,2890,28.921431,0
1022,2040,17.983320,0
2125,1612,80.516457,0
1010,60,83.705276,2
568,559,38.304317,0
1211,578,31.609535,0
2539,1094,24.187590,1
2874,1114,52.437881,0
1804,2896,80.885651,2
2724,118,14.920072,1
53,1401,34.035000,2
1922,1306,45.046780,2
1191,1559,40.610252,0
2203,1549,89.932137,0
1406,1360,77.806725,2
1070,1480,32.840008,0
2457,853,65.245834,0
2118,876,57.352581,0
1696,2154,94.937431,2
2408,671,48.341850,0
2398,1803,85.521141,0
2957,1356,65.061775,0
1443,2667,94.250961,2
1029,1854,90.052422,0
1773,1113,18.754723,0
1995,791,87.881905,2
567,2637,85.554771,2
765,1791,6.654583,0
2009,2284,43.720432,0
1805,2654,40.520519,0
1036,2648,57.783638,1
1896,2711,80.260612,1
558,2580,60.567986,2
1326,510,60.910770,0
1670,1615,30.710449,2
1051,1500,67.228287,2
1221,441,26.534002,2
279,2268,32.538624,0
1143,2991,0.036564,2
2840,1830,4.914850,1
762,983,82.776421,2
1349,2431,47.284935,0
507,1726,85.788857,0
200,1762,83.363022,0
2913,2619,54.978973,0
1417,2054,34.663311,0
196,310,18.509523,0
1535,1476,18.942846,0
1079,370,14.886076,0
651,1084,48.629795,2
2818,1891,22.908512,2
1805,2533,61.636292,0
1148,656,78.745522,2
1019,1864,76.142029,0
2247,274,94.216965,0
2744,540,46.160595,2
2700,1930,11.927584,1
1932,2919,91.197762,0
1346,1296,66.452774,0
83,583,70.492393,2
1977,1461,54.199284,0
1148,184,31.286739,0
652,2909,31.813728,0
1940,1671,1.329571,2
2933,1162,34.404491,2
1734,515,31.355696,0
1130,1458,23.327423,2
2117,1341,0.755084,0
2184,2941,11.191909,0
283,2869,34.843346,0
1431,64,45.414455,2
1550,1071,82.319664,1
2287,751,39.578400,2
506,1016,11.685058,0
407,1612,52.882359,0
2689,1607,88.223709,0
474,2175,37.200634,0
1575,2111,27.691126,2
1805,2071,63.792057,2
1448,7,81.576027,2
1974,2091,19.067430,2
232,1791,88.464386,2
576,574,98.792000,2
1120,2119,80.050117,2
981,2503,26.408056,0
1450,1679,74.756744,0
2077,729,23.357512,0
181,2635,33.612610,0
2674,409,89.184723,0
1241,1292,65.823914,2
2487,1258,71.844505,0
39,2121,74.707764,2
1155,1064,74.330124,0
2655,520,85.449989,0
2096,1858,70.257553,2
367,2760,77.743874,2
1207,1396,57.989658,2
530,1406,16.381752,0
2770,1635,66.558380,0
1241,2147,98.390968,0
1978,711,28.837749,0
103,38,34.007336,0
2680,2715,43.698708,1
2948,2215,83.166985,2
2894,864,12.244630,0
980,1924,31.051815,1
2410,1041,77.814156,2
2390,498,53.620106,0
1074,525,55.911007,0
1937,2877,78.622536,0
2082,1925,95.507980,0
436,1745,5.246562,0
2412,1304,7.660851,0
1069,989,55.799789,2
1491,1136,41.292442,0
1384,1853,41.479267,0
1059,1128,13.254907,0
2194,127,67.393394,2
2165,839,6.783072,1
30,867,68.814507,0
761,1519,97.954063,1
2244,514,54.254402,1
1121,1893,22.144094,2
2199,2928,42.297256,2
613,98,69.817368,2
589,790,3.941480,2
1787,430,23.852839,2
147,1362,73.058128,0
2036,2423,9.226777,2
405,1787,13.417128,1
2121,1729,77.812210,2
514,1341,85.457466,0
1999,1308,68.858345,0
1573,1321,46.367626,0
1859,1320,60.714260,0
999,2065,42.362965,0
1789,1196,9.523717,0
1946,1296,60.275070,0
1129,2689,74.495918,0
2320,448,63.564644,0
2128,1212,40.569122,2
1161,2567,54.439644,2
2797,2133,31.411955,0
2472,1856,64.819099,0
815,2814,86.274567,1
1124,1950,65.292908,2
5,2015,23.261072,0
2751,587,54.497555,0
2624,2021,9.386746,2
2505,307,88.618301,0
974,1482,28.286520,0
1958,2154,80.914841,2
830,2649,64.144478,0
2892,1170,56.112450,2
2598,1119,70.167694,2
481,491,61.837582,0
448,2280,67.612465,0
2745,783,19.656519,2
1534,2853,44.177025,2
1366,1014,24.301228,1
428,155,33.153286,2
2815,2635,52.301884,1
555,1749,45.566490,0
1263,241,60.503658,0
1949,1291,45.168259,0
1956,2247,61.407459,0
2924,945,79.285309,2
2338,642,11.791613,0
2170,1896,71.823715,0
2376,2156,92.085938,2
2516,798,18.134613,0
276,1308,47.499981,2
2793,2506,57.129852,0
2977,2749,72.754745,0
15,1849,75.277817,0
1373,59,20.688145,2
2902,2973,29.177414,0
967,688,49.062740,0
1294,545,0.520059,0
2948,2431,32.525208,2
273,179,32.989788,2
2576,1009,71.288315,0
2624,1568,59.588158,0
227,1962,15.801333,0
1140,2292,25.526619,1
1586,2677,98.243050,0
2151,1456,51.022491,2
1508,1481,17.585888,2
1335,1482,79.794846,0
2191,649,37.767540,0
152,1277,65.543724,2
98,1802,39.387955,2
2194,1298,18.865665,0
2764,1954,69.507118,0
2967,2353,80.966042,2
1561,1704,74.311295,2
1263,862,83.531609,2
1247,520,3.283612,2
364,1703,38.074333,2
2839,1454,55.481289,2
2104,577,51.966610,1
592,1508,73.397469,0
1443,2483,84.469421,0
2803,2952,38.482174,2
2571,520,60.030701,1
631,649,41.150581,0
2964,2731,44.024986,2
2195,1544,44.801666,2
2555,2798,73.164055,0
720,2480,91.421776,0
2934,1244,54.943481,0
621,2138,37.303520,0
2663,1647,99.644234,2
576,158,71.888229,2
2469,331,23.861845,2
1786,1774,44.738949,0
2742,2351,93.334045,0
1818,742,78.004311,0
363,2671,59.140408,0
1788,1326,61.251110,2
2579,701,84.015099,1
2996,1802,10.839849,2
285,2650,60.230286,2
2492,482,46.919640,0
894,1177,69.443756,0
833,2409,19.867857,0
2739,1075,4.601577,0
854,2987,3.883876,0
2511,1821,2.780040,0
199,1615,14.663912,2
471,1968,64.694801,2
2099,2293,83.103683,2
507,1385,48.016449,1
1916,207,99.960892,2
539,1280,78.131012,0
2988,1795,29.601578,0
2894,352,63.774448,0
392,1608,95.918251,2
617,168,83.559486,2
1573,2925,54.212887,0
1765,1861,83.889610,0
757,380,64.267036,2
1940,1564,57.429424,0
1309,2415,4.231407,2
640,2404,80.958527,0
2179,1863,8.996655,0
2555,1389,90.650055,2
1877,2584,49.072392,2
2858,1861,61.680653,0
2192,1490,29.084303,2
86,246,58.402668,0
2120,242,7.056977,2
2738,2428,72.120071,2
912,2076,35.254448,2
2646,2161,0.955064,2
2513,2776,65.429024,0
883,1200,19.748552,1
677,1967,53.262005,0
2576,1886,95.282745,0
712,1736,36.207592,2
2189,1890,11.108657,0
218,2407,41.196632,2
21,62,81.282486,0
2875,2061,69.379448,2
1901,1515,67.335548,0
767,2602,58.901943,2
12,1246,53.696430,2
2025,738,41.715145,0
2038,2655,57.845242,1
721,1828,37.185101,1
2950,1870,31.860952,0
2782,1117,76.245277,0
746,639,91.424484,0
1916,34,95.289001,1
1701,1186,11.475471,0
1735,2462,10.698100,2
278,1598,5.638139,0
707,1298,77.187584,0
1636,2186,62.221840,2
2495,2764,53.669853,2
1291,185,37.087429,2
168,968,93.879593,2
351,1916,83.342865,1
677,1669,63.664284,2
103,1847,95.212692,0
138,952,27.510298,2
1769,395,10.333777,0
1237,762,17.101820,0
1408,339,51.866730,0
2203,1897,37.951935,0
2534,332,39.982777,0
386,935,43.641293,0
127,458,90.167702,2
1169,2936,3.510525,1
1335,1917,12.232228,2
355,1745,8.584739,0
1897,1643,53.622944,2
2724,521,38.597435,1
1450,759,48.139153,1
2294,1868,64.689011,2
1802,2289,14.077805,0
985,1316,91.744316,2
98,2285,5.536074,1
1371,2349,53.151150,2
1747,1309,82.686363,0
1842,1495,77.284134,1
1054,2105,16.629881,2
1422,778,93.488586,0
250,2813,58.034012,2
923,154,55.346169,0
1141,1996,75.274101,0
1171,242,77.999947,2
412,1474,8.548441,0
110,57,52.686539,2
2139,517,58.803520,2
2824,491,13.450011,1
1957,1414,22.948956,1
269,1370,72.392731,2
932,1986,26.549078,0
1656,2242,84.696594,0
272,171,54.418201,2
361,859,83.938675,0
1916,812,31.011242,0
2631,1091,59.636517,2
2127,2922,15.233584,0
603,1746,0.231865,0
417,151,17.229952,0
845,914,39.679100,2
2929,89,64.479370,0
1339,1150,88.407623,2
1591,654,48.049656,2
963,2646,71.239700,0
426,1845,83.474617,2
1310,1607,29.211998,0
2913,2733,38.867455,2
1662,2813,3.242799,0
2721,1526,8.107715,0
265,1534,57.251808,2
2122,2478,69.071449,2
1217,818,7.836885,2
1613,900,85.513779,2
2808,2479,77.930870,2
2888,2885,44.352802,1
155,2682,90.569092,2
401,1995,30.185442,2
2823,2464,66.950066,0
1980,128,31.162315,1
2740,2280,52.550282,0
1108,2909,19.987999,0
2122,564,70.885956,0
1511,1717,10.311425,0
2276,1248,94.286423,2
2627,1284,45.209442,0
854,972,33.725864,0
555,745,95.171738,0
1966,2325,69.347443,2
2545,287,9.533088,0
1982,1344,91.441818,0
560,2537,48.532948,2
2286,1347,46.906590,0
1524,561,75.952240,0
1698,1197,87.781357,2
1781,2145,7.566835,0
1156,2864,10.913453,2
1595,2174,61.368935,2
1093,1694,7.405519,2
469,1701,32.269413,0
165,2196,38.040268,2
604,1621,12.803768,0
2446,1423,88.521515,2
1108,2591,97.772041,2
92,2911,40.186104,2
2127,245,93.083237,2
567,865,0.720004,2
127,2486,96.929161,0
1989,2223,17.929897,0
2083,1086,77.819412,0
2348,2938,24.439751,2
1083,1175,33.207832,2
2894,607,61.234402,0
69,1496,20.239185,0
2918,798,31.037264,0
2361,1925,21.319010,0
1307,2411,51.726883,0
1091,272,46.186619,0
2353,2163,28.214048,2
1851,2469,42.286110,2
1228,1515,40.831245,0
1149,2418,64.056725,1
2551,1465,47.870628,2
1453,1676,3.720246,2
1356,1680,11.648053,0
2075,1583,29.553698,0
488,2892,31.041370,1
316,1580,94.680527,0
126,569,55.967976,0
2401,1190,86.974091,2
2267,331,29.555614,2
2542,2761,90.490685,2
507,818,29.084303,0
3,955,29.803061,0
1338,948,23.927109,0
1449,868,86.934563,0
1098,332,21.775373,0
2685,1755,23.634926,2
1345,452,23.120106,2
564,1646,34.558975,1
2672,418,39.695831,2
1374,80,45.109474,1
1643,1371,99.341064,0
272,2019,83.517067,0
126,394,80.331635,0
1714,522,51.482922,1
2557,1650,69.724953,2
533,1042,62.020893,2
2237,2737,60.476757,2
2945,1671,4.815238,2
279,559,52.427929,0
249,1654,83.915146,0
1223,421,84.065895,0
550,2673,71.056908,1
589,2892,49.825840,1
1367,2539,95.562546,2
1200,1222,75.731987,2
2911,2408,10.025114,0
793,1573,58.245625,0
1398,2829,12.561172,0
695,1260,36.758266,2
2931,2448,5.574680,0
2965,1649,63.972858,0
1802,1447,25.632994,2
2535,2814,11.457743,0
1064,2239,94.002975,1
1857,1868,68.531410,0
1659,690,76.189651,0
2755,648,38.896893,0
2945,2213,24.255579,2
1616,2592,29.232618,2
2261,2784,39.809677,1
1206,1656,50.234116,2
810,2021,53.858105,0
2722,1281,37.924026,2
1111,2284,58.104321,0
1996,314,4.934485,0
782,2104,95.973984,0
603,2329,99.030907,2
890,512,38.263153,0
1549,1767,15.168107,0
127,187,70.362526,0
33,1635,7.623617,0
364,2242,55.096474,2
201,2652,31.246059,2
1271,2549,20.485327,0
720,1821,42.951374,0
854,1646,6.730113,0
129,348,12.025059,1
461,256,30.458838,0
2606,914,26.202024,2
1985,704,72.631516,0
2203,1297,42.511314,0
1175,2955,76.883202,2
1564,269,90.183357,1
2365,1838,40.180569,0
1091,2739,65.399979,0
2560,2061,61.707340,0
2021,852,33.074627,0
1689,1909,10.843450,2
2472,2964,65.477470,0
662,1540,77.116455,0
252,2979,62.530884,0
1518,77,72.529037,2
2683,1019,75.598991,0
1583,2952,33.009716,2
1295,1765,17.196655,0
574,900,44.713531,2
1085,85,35.908100,2
2331,1973,29.236830,0
2673,2990,20.959766,0
1376,426,69.041100,2
1582,2918,16.692406,0
1302,914,38.071247,2
1826,2050,11.336438,0
1043,2998,98.930565,1
2530,1559,7.105248,1
2912,2387,90.351196,0
1140,845,24.324289,0
1618,1640,76.760490,2
1683,1221,3.141333,2
1396,2077,85.818375,0
1438,2363,28.352163,0
2098,653,9.196579,0
2839,1649,85.607170,0
2342,955,52.052025,0
1242,2491,2.282827,0
2771,2881,43.783195,1
1629,1118,4.380755,2
2093,687,64.498024,0
219,1385,85.151726,1
2419,2463,96.245659,0
883,461,2.921654,0
186,1540,93.483620,0
209,1369,11.144637,1
687,513,80.516457,0
1374,801,77.764313,2
1151,424,17.976595,0
1521,837,3.300240,2
2249,2080,98.597893,0
1338,2249,28.550045,1
590,2865,72.498978,2
2401,1612,3.861032,0
960,2466,68.531410,0
2352,267,74.170341,2
1679,935,77.344246,0
1409,1309,5.320644,2
836,377,73.164055,0
62,2618,23.403208,0
947,1427,60.905220,0
1012,676,97.011368,2
1223,2987,89.548508,0
2911,1638,25.998308,2
2745,667,93.604645,2
849,2533,45.836739,0
1954,804,72.855217,2
1365,1010,16.783260,2
2272,460,72.221863,2
2087,231,23.867985,0
959,2992,66.481384,1
443,2496,17.517397,0
1131,300,7.188715,2
1789,2029,94.350380,2
336,2848,88.671555,0
2479,2939,64.430290,1
2490,1496,70.685486,0
2862,1056,21.212040,0
1595,1172,67.943054,2
325,769,50.968132,0
2840,1201,1.421567,0
2934,508,49.900223,1
10,1354,88.320236,2
1252,2366,93.088745,1
1434,566,86.597900,0
1333,947,14.710795,1
2336,937,99.262810,1
2000,1078,28.379078,2
938,1289,84.963516,1
2185,1182,97.851257,2
1,1709,97.738716,2
872,2945,45.054970,2
520,1524,11.256364,0
347,2956,8.591684,0
205,2586,92.196960,0
688,2752,80.406563,2
2193,1133,77.284134,0
310,1717,19.358931,2
519,2240,10.333777,0
565,2328,56.913216,2
1059,1683,7.695845,2
2629,2007,47.584499,2
460,208,40.836819,2
327,2509,92.234184,2
1808,891,25.559235,0
2617,1150,95.404312,1
1068,1597,62.932552,1
1421,926,34.296593,1
2442,984,88.699463,2
2209,840,71.459869,1
881,1238,77.329201,2
1358,1927,96.503181,2
57,1823,15.012678,0
367,1065,25.683455,0
1686,2215,59.374477,0
1396,1643,50.121456,1
641,2004,45.057869,2
873,1126,63.603413,2
1166,1789,97.121834,1
2229,1855,26.549376,2
2826,581,42.419563,2
2800,2593,56.457241,2
107,41,29.322252,2
1556,2217,63.387722,0
2190,1271,42.396702,0
2036,528,60.515064,2
2818,805,34.260345,0
235,2759,72.994621,0
2537,1434,55.083431,2
1729,1606,51.115753,2
2218,40,69.662834,1
161,67,54.262188,0
2816,2387,81.807838,2
668,536,51.073006,0
372,1505,90.063538,1
1835,663,16.910721,0
692,2477,38.092541,2
2321,1759,32.667023,0
2653,2528,92.608055,0
2587,94,11.758002,0
72,286,20.363419,0
2733,2810,62.953735,1
1182,2453,20.187561,0
621,1359,68.631119,0
2615,1655,70.926994,0
326,1112,89.126915,1
2938,2030,93.688080,0
87,1293,78.548294,2
1591,434,12.244630,0
979,2684,44.254066,0
1810,318,45.883827,0
905,2004,40.519920,2
2137,2677,87.165001,0
273,894,33.319557,0
2799,336,88.739563,0
2081,1347,89.556534,0
1329,196,68.185997,2
2880,2501,84.253975,2
431,540,82.464325,2
287,1387,96.985809,0
48,2239,30.448471,2
505,1700,43.132736,2
1597,959,26.019262,1
1266,1237,61.684120,0
824,2942,7.675039,2
563,689,53.704967,0
1898,1767,72.283958,0
1776,1830,53.484879,2
1641,2284,6.399917,0
1166,1906,18.835749,2
1694,1525,71.058563,2
2275,2036,85.342056,0
1727,1502,55.457443,1
656,546,47.697044,2
500,2833,68.957680,2
1866,887,99.155006,2
2634,1471,5.200575,0
2722,152,95.268486,0
646,1765,87.173302,2
2493,723,28.155939,0
392,1690,23.959244,0
1564,646,69.304276,2
482,2357,1.228768,2
659,2139,10.665970,1
2028,1755,51.131763,0
1633,2444,92.924011,0
305,1559,13.160854,1
2635,32,47.057991,1
2478,1030,65.399979,2
1716,2051,76.403595,0
1638,14,70.091766,0
1685,1685,90.024986,0
1947,2659,78.556198,0
2109,1489,80.440758,2
429,1286,8.075006,0
1427,1443,2.246674,0
2286,423,69.549820,2
630,2975,51.735519,2
2981,346,34.916367,2
2652,2142,66.166336,2
1192,1118,81.303970,0
1783,2536,25.254566,0
284,616,69.354340,0
1646,368,67.465927,0
834,1595,36.523537,2
740,208,92.323334,2
2075,2433,85.806129,2
483,2956,15.456099,0
966,1462,17.495308,2
232,10,2.691461,0
831,1442,46.342010,2
2884,729,50.133411,0
1328,1569,52.141525,0
859,2920,90.806267,1
1523,29,83.114449,0
1348,43,81.372978,0
1398,710,46.043068,1
1276,1239,62.848312,2
812,1750,90.551064,2
2992,1597,20.483528,0
2052,1141,89.353455,0
905,850,16.072598,2
2798,1606,61.366390,1
1844,102,46.391209,0
1824,62,75.472641,1
337,346,92.219620,2
1145,1295,88.136543,2
1604,2969,73.421547,2
525,644,20.211763,1
1188,507,83.926941,2
1158,1959,98.136436,2
2246,922,19.662395,0
2430,2012,47.631111,0
2096,1142,30.620975,0
547,628,59.125885,2
1666,1896,53.669853,2
871,2507,33.846989,0
899,1345,8.972997,2
2478,2869,16.882658,1
475,1239,93.334045,2
2300,2155,3.296295,0
2672,420,19.864910,2
1524,1873,86.463226,0
643,737,66.858696,0
979,2126,21.583553,0
806,2242,13.669414,2
486,1203,0.653722,2
958,395,29.079815,1
663,976,7.510487,1
1092,1249,75.240479,0
1845,2119,56.675278,0
2170,1602,39.801403,2
1482,791,18.291840,2
1442,681,95.404312,0
2533,797,85.798523,2
1159,1474,95.911957,2
1,2918,42.164539,0
2704,964,32.488689,2
2979,876,83.344498,0
1606,496,84.759972,1
2121,2327,80.947906,1
678,2542,33.629772,1
895,2615,53.878613,2
1639,2785,1.777714,1
1965,269,60.027344,0
385,7,64.757744,2
1173,2340,27.142277,2
2352,891,5.234284,1
1922,1953,13.278996,0
2824,2302,89.126915,2
1536,1770,46.739880,0
24,2489,42.755260,1
2993,2877,66.235039,0
1723,105,34.224678,2
1170,1910,50.773022,0
2668,748,27.403173,2
2723,2024,52.549232,2
275,2152,34.596012,0
2097,615,50.407120,2
1829,1655,72.980637,2
362,1747,41.080868,0
1871,1943,62.138676,0
320,1923,7.964625,0
269,1583,94.023277,2
683,113,67.522911,2
2095,907,89.620392,0
1229,121,0.114776,0
585,146,65.701820,1
829,445,24.733816,0
414,2475,98.859024,2
1558,124,7.346898,2
1702,767,88.011215,0
2769,2753,0.895053,0
185,291,84.538460,0
2407,1650,28.508354,2
2807,2162,73.790649,2
627,2742,99.098640,0
1357,840,58.449574,0
527,2404,87.433235,2
2616,1517,15.801333,2
238,1588,76.536186,2
1605,2830,74.165215,2
2387,223,42.302952,0
2797,2093,78.823135,0
815,2221,99.359009,1
2463,1583,7.382766,0
777,778,39.151993,0
1362,1391,33.447754,2
1366,1448,22.822491,0
2376,1729,84.515152,2
666,2511,31.647707,0
917,2233,29.398699,0
2748,804,3.025801,2
1843,7,10.018893,0
39,1754,48.381306,2
574,2779,70.686806,0
1992,2738,18.408876,1
2607,2667,18.210754,2
2233,830,43.024483,0
2320,763,27.893097,0
370,1790,10.085663,2
2813,1565,68.495575,2
2773,294,56.481396,0
1093,1044,7.801997,2
2166,2322,13.579716,2
1499,1580,87.636169,0
1598,2609,80.539612,2
1317,40,64.359505,1
2070,1395,92.986244,2
2090,1476,94.300911,2
254,326,39.272575,0
1712,2625,42.171520,0
2767,1578,54.794907,0
2180,73,68.474396,0
1348,1100,16.406796,2
825,2576,80.568390,1
666,2928,44.353924,2
1838,28,68.725929,0
2447,2898,53.152145,0
2591,190,50.407120,2
371,2027,10.842132,2
1627,611,19.828014,2
2865,485,26.495129,2
2031,465,60.496548,0
144,1759,23.477755,0
2350,1027,5.354247,2
1249,852,83.635124,0
1570,439,67.767303,0
2831,576,74.647041,2
2346,629,27.387674,0
651,1740,52.054089,2
58,2845,45.913490,2
1955,1571,40.166069,0
520,2625,38.947514,2
890,1536,81.743927,1
126,255,79.009682,0
313,2611,70.956726,0
1654,1950,14.470876,2
77,60,83.385544,2
827,2600,49.632893,1
86,699,0.679770,1
910,2429,80.781769,2
2619,208,0.162129,2
2638,2600,53.674572,0
2956,1897,93.453262,0
2494,2058,10.391030,2
838,1937,89.988098,0
2392,1458,42.774616,2
69,1399,5.562186,2
763,626,99.054047,0
1923,296,45.990715,0
504,588,56.116909,0
1933,2188,80.399040,2
2048,2799,94.323738,0
2443,2742,57.548775,0
299,2817,49.256020,0
2110,2995,76.102722,0
1653,1936,44.831738,2
1802,2904,68.160339,2
1627,600,27.085598,2
2994,899,91.017273,2
550,220,7.160035,1
2379,1874,50.041199,0
1472,2372,49.045055,0
1479,177,89.439827,2
627,571,1.261000,0
44,2050,68.589134,1
2009,1392,27.304770,0
2386,1952,26.347710,2
2346,51,78.209137,2
2295,1583,51.009079,2
1731,365,84.908188,0
940,2319,87.395309,2
602,1478,30.129713,2
2786,48,73.524506,2
1620,1341,95.559097,0
2698,1387,65.684120,0
98,2478,28.614513,2
372,1336,66.671661,0
348,2521,56.812103,0
2108,702,26.046543,0
1836,600,64.275932,2
1960,2395,29.398699,0
2975,1564,67.452866,0
2603,138,41.542004,1
2746,2783,88.092674,2
1835,2121,51.949699,0
693,2384,29.073479,2
615,1096,25.818764,0
2545,563,66.302391,2
112,1478,2.031548,2
1159,1844,28.192453,0
434,1564,53.643578,0
1118,1595,72.027321,2
708,1472,26.198299,0
1226,216,40.347202,2
464,1848,48.826832,0
635,322,5.327947,0
1628,2184,82.867371,0
2157,1817,82.386726,0
1626,420,91.185684,2
533,1419,35.699917,2
2715,920,38.609463,0
1696,2535,9.502447,2
927,432,28.436848,2
608,871,70.956726,0
981,1872,63.631489,1
758,2691,64.449417,0
2096,1470,79.401443,2
1697,502,4.299276,0
2405,149,88.172844,2
278,2555,13.866493,0
1128,289,28.436848,1
1953,1929,54.552212,0
1247,1150,40.183456,1
1301,146,56.844654,0
1099,1763,74.471458,0
1784,2145,64.290939,0
2746,2287,89.374855,2
1326,2300,97.197693,0
657,212,30.208307,2
1509,1581,55.505680,2
1750,2455,52.779594,0
1455,2093,93.295792,2
464,295,60.214092,0
2060,1309,77.767876,0
1809,707,32.502819,0
2167,1830,22.505016,0
2440,2600,52.291275,0
1001,1589,31.542681,2
1756,656,49.927505,0
1002,985,50.571789,2
2386,542,0.023023,0
397,2476,64.176285,0
953,2577,11.006604,2
2973,2526,6.289613,2
1359,1475,53.398544,1
2271,1163,13.663468,1
2638,697,59.123081,2
1173,1451,9.196579,1
2738,295,40.488228,0
1875,655,13.544547,0
207,2125,80.073174,0
560,2511,99.359009,0
791,1191,97.768356,2
1806,2498,26.607771,2
1938,273,19.288097,2
198,842,66.712776,0
1716,856,13.918606,2
1896,1721,75.937553,0
2649,2231,82.234116,2
1330,2320,49.435604,0
1372,836,13.818547,0
724,1025,52.234993,0
2513,2551,8.256822,2
632,2648,75.647888,0
2689,126,37.488396,0
288,1719,14.515148,1
2770,2904,89.556534,2
2365,2106,85.650146,0
1131,1265,91.035294,2
2370,2577,56.110760,2
2783,2355,36.755459,2
477,2952,30.045425,0
370,1261,97.874809,2
1554,1660,49.013714,0
2465,2374,67.975861,0
2979,2327,91.129890,1
2699,1277,44.157520,2
1175,1047,76.675056,2
1403,2836,64.290939,0
2666,375,15.177188,0
168,843,18.186115,2
1538,513,91.527946,0
282,2902,89.647896,2
330,2259,51.758015,2
2765,1705,99.149017,0
358,1079,99.224258,0
974,825,80.565636,0
2249,2296,29.230055,1
122,701,25.319719,1
1067,1744,27.013336,0
1513,670,87.416168,2
2019,400,81.033951,0
1091,2447,41.153427,0
103,2016,55.455654,2
2314,513,88.107079,0
1161,1458,35.887978,0
1258,1739,15.517961,2
1466,280,46.325699,2
2572,2397,98.457932,0
2707,53,0.470148,2
792,801,14.053600,0
1393,2672,65.952003,0
1261,901,48.969910,0
905,212,52.979523,0
26,2280,62.348648,0
1897,1721,82.064095,0
872,1924,84.998001,1
2029,1946,40.598553,2
259,2214,57.257633,0
378,1786,95.026649,2
2604,281,65.178040,0
2435,236,71.474236,0
2545,1387,32.992699,0
1418,370,54.251289,2
3,2977,31.273813,0
1932,2653,69.364723,0
2759,270,38.284374,0
579,2999,89.171402,2
1112,2149,19.651241,1
1522,1406,48.058010,1
674,2772,68.138992,2
382,1250,94.739220,2
1473,411,66.843330,2
1683,2937,58.763477,0
2497,2261,89.249329,0
1777,1284,89.680397,0
1543,2770,7.157496,0
1297,2098,51.539764,1
1815,788,32.636608,0
2312,896,93.929359,2
846,2356,91.442841,0
2952,777,98.066063,2
742,1928,36.709080,2
1624,2240,20.850893,0
2912,2578,70.358475,0
2846,2667,17.226278,2
881,1389,59.628178,2
1439,1336,74.345192,2
393,1995,27.296574,2
1307,1678,42.504971,2
1201,1951,30.185442,2
2504,1329,12.753162,0
508,604,43.869068,1
415,2300,35.983555,0
2042,2567,64.355568,0
1827,331,24.777439,2
298,1292,18.013655,1
173,1628,5.200575,0
2801,2467,45.050129,0
1553,658,67.708054,0
109,792,65.862625,0
1931,1321,77.587120,1
46,2932,57.224827,0
2533,65,60.501793,2
2951,1881,21.318525,0
10,1176,27.954094,1
2494,2052,98.924225,2
2057,109,16.270132,1
933,2717,37.241226,2
2162,2320,77.719093,0
2125,2510,14.604709,2
1467,1451,15.256264,1
2681,1503,50.086391,1
365,676,45.940605,2
1489,148,93.400238,0
2591,1453,69.247925,0
954,642,37.404659,0
1294,1328,92.394089,0
2526,1972,21.772669,0
161,212,75.786736,2
455,964,65.611214,1
1879,1725,17.599848,0
460,2724,30.073065,1
393,1796,45.490833,2
2306,1329,62.183357,2
2153,590,85.087357,2
1860,2032,46.210369,2
42,1802,61.603371,2
440,2840,26.845055,0
1992,1516,45.517269,0
997,2658,63.134594,1
1355,1424,17.136986,0
418,444,2.257736,0
905,2265,69.712700,0
1253,2395,28.645599,0
2740,680,79.011993,0
2206,1115,37.695286,0
2705,355,14.087181,2
1881,1956,37.166740,0
1531,2269,2.775269,0
2259,2735,47.445320,1
2366,2470,48.830807,0
805,2022,11.614542,2
225,231,40.049732,0
1999,1587,34.031254,0
2809,2665,12.264513,0
1364,2955,67.243118,2
1241,1309,45.458660,2
1696,835,55.818558,2
410,1643,59.828449,2
2197,898,5.869435,0
413,611,19.566715,2
44,1382,30.169382,0
2604,2801,56.981552,0
1188,342,90.755005,2
1990,1464,60.931122,2
910,1484,64.267036,2
2436,941,78.288261,0
71,936,48.258045,0
2800,1404,59.934246,1
203,800,78.189720,2
2924,1364,30.421223,2
2745,2264,73.797897,0
2509,125,51.088966,1
2177,3,95.002632,0
1742,1475,99.913300,0
2545,1499,53.354324,2
2342,2481,90.408554,0
640,1043,43.783195,2
2956,894,86.799728,2
1402,1235,68.891190,2
1457,690,33.945858,1
527,2021,5.350703,0
480,2108,18.782663,0
36,1343,11.702921,2
836,1768,4.873178,0
436,1320,38.981617,2
2224,2491,67.600456,1
2848,2740,99.704315,2
1551,2138,87.705734,0
2279,2615,39.332916,2
2416,2487,99.772354,2
381,1617,0.622476,0
2922,1568,78.065712,2
1832,2847,73.173477,0
634,2718,66.804176,1
583,2502,73.641472,0
1204,2479,41.082527,0
2366,544,3.009960,0
2053,2680,6.943558,0
2706,436,28.735334,0
1717,2773,48.587730,0
2184,997,20.279688,2
1891,2422,14.435529,0
1061,407,17.212988,2
537,31,45.913490,2
2606,1066,60.470261,0
2203,1239,60.701042,2
1366,2965,80.262589,0
2615,2505,92.948013,1
2013,791,11.907364,2
763,752,6.919404,0
1665,1369,73.756546,1
450,1911,58.194366,1
267,2727,58.048302,0
281,796,73.978470,2
2642,1598,31.245287,0
1279,1888,45.490124,0
396,597,94.316177,2
1295,2418,69.363396,0
197,583,63.226631,0
1316,2743,20.329779,0
2410,735,38.603748,2
135,658,28.215218,1
2442,1059,95.061684,2
942,1311,12.407445,0
436,334,95.956650,0
1647,1681,26.854780,0
338,2658,86.254402,0
1783,1596,61.772682,2
873,2584,21.669966,2
1579,1801,44.152641,0
1772,2748,68.871742,0
834,1501,36.209816,0
2380,389,77.194099,0
1744,706,29.544891,0
882,945,0.285378,0
388,1058,3.774362,0
1981,1200,20.446201,0
2462,1299,43.778397,2
1305,2939,31.245287,0
1370,2376,92.942314,2
1040,872,98.432945,0
1454,2003,3.150853,0
1313,1379,72.102760,0
1540,481,49.396690,0
2839,468,52.833759,0
209,941,35.945316,1
1165,840,2.761439,0
738,474,93.624886,0
2292,612,27.290737,2
2158,2867,82.318474,0
291,2655,3.124380,0
2561,1837,51.705395,2
6,871,77.971107,0
2893,101,33.785225,0
910,2750,64.753189,0
1134,1616,7.471653,1
348,1042,46.898716,2
2983,1829,35.835491,1
88,989,30.307823,0
993,2629,65.019745,2
2303,879,5.849020,1
434,1127,63.192646,0
1796,2591,16.760876,2
2950,307,4.949059,1
430,2546,53.489212,2
508,2886,26.453112,0
955,1645,15.265119,2
992,1094,83.531609,1
222,2696,40.357872,2
2556,1542,36.483162,1
2233,1294,99.167770,2
2257,367,93.021111,0
1549,1700,43.988056,2
2206,2862,44.444218,0
634,766,36.409328,0
289,2707,52.981331,0
88,137,52.544575,0
1388,1144,50.016739,1
502,2388,86.084488,2
747,94,81.897667,0
1631,1922,39.651546,0
1920,1234,99.238235,0
2810,66,45.941048,2
373,1287,87.158928,0
111,531,86.571159,0
345,1156,29.077553,2
403,1392,65.178040,2
2975,2134,20.451427,0
1641,60,19.552053,2
321,2732,43.720432,0
2068,2429,37.886333,2
967,239,85.019371,2
1688,2771,43.711899,2
1465,2404,4.538372,0
1786,2513,68.074127,0
1997,1100,21.029869,2
776,2520,30.555784,0
2089,69,90.997025,0
926,508,89.328674,0
1819,1378,32.452976,0
216,516,83.399803,0
928,254,67.717987,0
2727,1714,0.716101,2
180,2002,11.457743,0
2084,2605,24.938038,2
395,2126,70.659805,1
167,1803,53.963642,0
1710,1238,7.300862,0
2718,1228,84.115417,0
2707,472,51.044247,2
1348,2366,13.143190,0
1373,1703,22.788826,2
1745,2415,24.593197,1
917,2208,74.375404,0
454,2466,23.784306,0
1887,1059,16.366529,2
1484,2364,39.824596,0
836,2263,7.786504,0
393,2125,99.808411,0
2244,473,14.875829,0
2513,2675,63.746349,2
1596,1557,11.183233,0
2136,1203,73.173477,0
1782,2601,2.169975,2
2244,857,77.284134,0
1243,2441,71.623421,2
2443,1040,45.517269,0
1384,801,86.308624,2
1756,1985,47.772583,2
2829,1495,82.241905,0
232,2787,10.076229,2
2261,1956,53.341022,2
1553,147,11.353702,0
346,1140,2.477834,0
668,1352,86.487999,0
2875,2058,24.304857,0
2981,1752,94.197289,2
2735,2961,49.062740,0
2394,2757,33.315376,0
2235,746,69.842743,0
418,1170,89.341675,2
2246,518,69.735725,2
890,2443,94.390060,1
1113,2076,40.522224,2
2915,2296,47.901512,2
1072,972,79.805412,0
1159,2252,61.027321,2
361,2191,29.874243,0
1267,1163,4.730534,1
97,1904,68.759026,0
1915,273,95.736496,0
2547,2372,81.461197,0
1940,2548,32.733738,0
242,1447,3.147328,1
2749,942,28.187729,2
1090,1121,30.276133,2
2405,638,1.349794,2
2094,2947,12.601799,0
1999,84,70.129951,2
1936,1546,7.350338,2
2271,788,93.213631,2
2717,620,67.093201,1
967,1317,79.243370,0
660,2404,30.117167,0
353,1056,81.055443,0
2115,976,75.286240,0
1225,375,42.978210,1
2305,1871,73.600792,0
196,2825,58.373032,2
2668,791,65.292908,2
1090,2168,9.095315,0
608,2009,62.894558,2
1819,739,81.471466,2
1364,1946,99.512192,0
1091,2294,48.270657,0
1279,1760,78.212372,0
2846,920,22.938345,0
312,2479,95.691963,0
670,1757,63.360703,1
537,2145,97.303246,0
648,2398,48.567383,2
1140,2255,17.701324,2
2430,536,82.662033,2
2779,71,90.705917,2
345,1602,41.724945,2
978,1737,87.945259,0
2619,737,88.289413,0
1809,1249,49.111694,0
2567,1334,72.852020,0
1688,561,77.068207,0
1071,160,93.698051,2
1651,502,65.741066,1
32,519,71.064583,0
1279,1180,66.510498,0
1828,1980,75.156601,0
1985,2936,94.683228,1
2606,2587,28.417139,1
2532,68,40.426323,1
2102,249,22.465424,0
1364,1182,27.417326,0
1553,904,53.874870,2
1763,1080,41.805779,2
2265,418,27.717857,0
342,1884,11.295395,0
698,193,86.211884,2
1183,1911,19.101780,2
118,1959,96.278587,0
1462,810,22.451174,2
2293,13,44.133701,0
139,1779,29.979252,2
1890,2427,14.295242,2
320,743,24.850704,2
475,499,49.013714,2
1142,1031,76.870232,2
771,1386,49.516449,2
1710,1998,20.337923,2
1576,942,82.130081,0
2928,2728,28.861818,1
2275,2024,72.840706,2
1329,1249,68.161095,0
668,1008,13.536997,2
885,668,92.712524,0
2154,2952,22.062059,2
1651,2076,34.335606,2
128,954,82.860573,0
921,2290,38.269707,2
560,104,71.758751,2
1773,970,17.993937,0
240,507,75.104034,0
1150,2738,13.814524,0
2145,2527,30.193901,0
1725,2926,35.971649,0
1649,2755,10.812464,2
323,2974,43.832455,0
1571,80,11.659837,2
1933,2136,80.543495,0
891,2398,29.232618,2
2232,805,60.761059,1
1360,632,19.534592,2
2828,76,45.498310,0
1900,326,61.881496,0
2826,1660,53.933830,0
1511,1442,46.845055,2
1829,1633,14.503657,0
799,10,99.432869,0
1160,2876,8.450205,0
1947,1830,45.088688,0
1416,1867,69.380104,0
2747,2684,36.830307,0
349,1424,75.819542,0
590,861,93.823051,0
1894,2393,36.027660,0
673,746,9.860949,2
160,2717,18.480030,2
2967,1203,34.335606,2
1928,315,24.914814,0
761,1297,96.284317,1
2948,819,55.818558,0
681,1433,91.404472,0
1155,1475,1.579844,0
196,1736,65.771866,2
2847,532,91.868057,2
100,2085,89.689705,0
2954,1040,48.585037,1
67,1070,89.405846,1
290,894,64.650024,0
1625,890,29.067801,0
1457,123,76.265518,0
279,688,39.572144,2
2947,255,22.554470,0
2119,1952,99.755226,2
224,378,35.420403,1
2183,2108,97.124054,1
2219,329,87.765358,0
2763,2900,80.464668,0
1954,1908,51.638718,2
1237,2406,33.091293,2
169,934,54.612125,0
2239,2519,31.380814,2
2922,1489,43.132736,0
884,1630,70.809021,0
660,1313,58.272305,0
1099,1064,35.401867,2
335,1659,68.196693,0
1245,214,9.614688,0
691,2258,3.318347,2
1252,2773,95.455841,2
2842,1666,15.963937,0
2421,752,17.155571,0
837,836,82.022453,0
183,2825,29.932821,0
31,1576,41.248802,2
866,953,2.775269,2
981,1769,56.112450,0
719,1312,95.761894,0
141,1131,28.539557,2
1221,499,12.382936,2
1883,2832,22.002605,2
794,2099,76.351830,1
1531,1645,40.277706,0
1010,1620,36.353233,0
3,1968,66.048233,2
2081,2669,14.710795,0
1159,1728,67.835838,2
167,2002,95.583023,1
2377,2540,9.765256,2
144,226,48.976677,2
681,2884,87.436348,0
1487,2795,7.495364,1
2435,1032,39.698135,2
1284,24,48.001507,2
539,1795,87.203186,0
200,2559,93.353531,0
29,2730,55.000786,0
423,2097,98.053757,0
1045,1181,86.509850,2
2663,861,55.578243,0
2172,1916,71.434532,0
2830,87,58.625862,2
545,1171,64.219780,0
1931,2072,65.118217,2
1144,1175,20.549212,2
1576,2829,66.678551,0
636,242,90.532074,2
1979,1669,60.928329,2
1870,1552,23.577860,0
427,160,0.027592,0
186,2065,71.736900,2
232,2270,32.923443,2
1513,2454,43.409370,0
2109,2563,59.636517,2
2984,1327,13.974520,0
1103,2737,58.378349,2
2860,461,80.392509,0
2274,1412,19.950598,2
810,2199,76.211449,0
2105,1233,60.543659,2
1309,628,26.494528,1
711,1934,4.243302,0
2618,2812,64.304230,2
1432,1874,42.492359,2
252,2534,75.392876,0
2456,283,36.015308,2
1764,651,0.371339,0
2804,1763,24.077860,2
2016,258,71.596184,0
1750,1792,27.940777,0
1320,2050,83.329529,0
1057,2408,51.255749,2
1007,228,16.045658,1
2095,1351,10.325163,0
2244,1180,85.554771,0
2521,342,71.778313,2
2176,1828,28.274231,0
816,324,71.582916,2
82,1502,80.822372,2
2603,18,65.229904,2
2616,826,7.889715,0
2778,2842,70.969513,2
1372,2366,46.043888,0
1796,1049,22.355688,2
454,1190,34.019955,0
1387,195,23.252211,0
2974,447,77.399780,2
2603,1097,64.469116,0
892,904,76.763062,0
1885,667,96.069908,2
2085,784,48.022964,1
2053,2595,46.718994,0
1376,247,72.079765,0
2449,2742,12.005184,1
672,1040,93.675659,0
2061,2459,85.661438,2
292,1858,72.839699,2
2327,2417,63.808949,2
2203,2300,32.011402,1
1720,1319,71.344193,0
1690,951,29.202496,2
1447,1171,32.088623,2
188,597,39.022339,2
686,1272,29.351402,2
721,1636,22.761475,1
2455,2140,59.062550,0
2878,671,85.940056,2
226,1286,75.064575,2
888,2513,3.089821,0
1082,1616,88.680977,2
2235,420,5.971855,2
651,2495,15.269873,1
2393,2074,42.099495,0
2029,2970,3.268294,2
1768,1272,11.310093,0
523,585,8.805232,2
991,1106,74.771790,1
381,2245,64.128204,2
1511,15,71.460587,2
2135,1500,37.244980,0
940,1759,22.842621,1
1432,1095,72.615700,2
212,1097,87.110107,0
373,1838,97.292076,0
2895,994,83.255928,2
1573,1942,22.100538,0
1899,53,0.968666,0
2337,369,73.646133,0
2777,153,78.200150,2
509,1354,63.879204,2
1908,468,66.716591,0
2747,1602,70.134026,2
2705,1408,2.697546,0
2318,1857,47.501213,2
1060,1570,3.274261,1
2651,1280,46.740162,0
1396,2462,9.196579,2
2827,2061,67.565895,0
920,156,6.026493,2
2765,1217,11.512177,0
1344,1491,64.627129,1
781,2988,19.565002,2
1961,143,49.825840,0
1375,2450,40.247322,2
1606,2949,6.705039,2
720,2284,13.115309,1
1546,280,51.009220,2
2086,2710,73.532616,0
1251,1536,9.443890,0
1559,1019,42.959618,0
2722,2636,67.861160,0
2368,303,98.976089,0
667,1788,36.279728,2
2382,1699,13.518703,1
1340,1234,14.959626,1
688,2356,60.077976,1
1732,2474,12.667018,2
290,1725,87.566017,2
476,1140,32.550575,2
903,619,19.246071,0
66,2903,26.701355,0
325,2573,50.016907,0
2047,515,61.963631,0
598,2988,53.962009,0
2715,2153,69.625122,1
2929,354,76.284935,2
2019,1415,28.186277,2
1972,1208,12.764274,2
2044,2417,25.352335,2
2443,671,15.051411,0
2006,206,91.422592,2
125,30,96.088844,0
1008,7,47.790478,2
2633,340,55.379108,2
196,2708,40.223637,2
900,2332,6.748654,2
651,2058,19.136267,0
2453,394,84.087509,1
1084,499,26.853825,2
1139,1698,25.155899,2
1812,702,93.801498,0
476,2443,16.927881,0
417,394,16.783260,0
2110,1392,99.570206,0
1742,1896,72.250015,1
2197,272,77.759132,0
2527,1178,18.930088,0
2509,1411,1.114768,2
225,2803,7.831413,0
401,556,17.091568,0
337,1218,61.831547,2
2830,1679,97.807724,0
2220,2113,19.656519,1
902,1156,9.645109,2
1273,2015,65.769592,0
2126,2077,81.391235,0
2035,513,71.099815,0
1617,1725,43.855518,2
1589,1448,14.059211,2
2651,1788,97.652176,0
2574,443,90.319458,2
1761,2313,97.004768,2
2288,93,89.950989,0
1281,1321,74.227325,2
1468,2761,94.520744,2
277,667,3.234726,2
2692,2212,22.222075,0
1053,857,36.616722,0
11,2810,65.992851,1
1746,515,46.929943,0
1193,1269,49.857449,0
2616,1186,60.764194,2
692,862,80.698807,2
811,55,39.300133,0
435,39,78.639236,0
1354,2636,79.373474,0
1438,2976,77.260635,2
1549,2963,82.275749,0
2868,2119,51.627716,0
669,878,31.036102,0
436,272,69.129257,1
2302,461,37.323025,1
2423,643,94.634949,0
1501,1667,41.276943,0
1512,1649,24.538233,0
2727,1264,67.194458,2
1887,1222,57.519211,2
1393,2686,13.929285,2
2494,1045,81.727608,2
1206,420,98.867744,2
2507,2521,77.347733,0
245,1868,18.208061,2
2095,1169,99.802505,2
1227,1553,95.946136,0
2277,684,83.426308,0
1033,10,72.725807,0
236,215,98.263519,2
2499,407,17.288723,2
2918,2211,64.950081,0
1617,1168,24.507132,0
1733,1452,68.876740,0
2848,1439,20.516397,2
1277,597,32.432312,2
1678,1418,68.509979,0
2088,1411,74.265038,2
902,1418,98.891838,2
1439,1245,56.075417,0
1490,1735,35.550785,1
2927,612,83.255928,0
2546,2201,4.578217,0
559,578,93.175751,1
862,1718,34.908085,0
1980,1720,61.760715,0
296,1521,24.701374,0
224,2366,24.358662,0
1818,2059,58.071934,0
239,389,52.256325,2
1098,1428,68.687965,2
2187,1578,76.641891,2
1398,319,90.408554,0
2606,1620,31.444511,0
1011,929,92.162552,2
1433,2188,33.050564,2
2841,1630,33.057671,0
1366,675,70.770119,0
2168,796,16.455351,0
1757,2115,28.657784,2
469,1361,98.273964,2
294,1751,6.268985,0
2567,2052,31.442961,2
2490,176,98.367249,0
124,186,83.995232,2
1197,1966,24.321234,1
2736,2552,81.082390,2
2886,2973,27.986515,0
1707,2627,97.658928,0
1043,112,28.238768,2
1201,2918,22.951748,2
184,2780,90.046432,0
849,1698,55.849358,2
2124,49,95.533829,1
1937,1964,96.361206,2
2397,1549,92.715157,2
1848,795,1.689016,2
2194,1955,3.068010,0
2743,103,89.556671,2
2716,604,63.159180,0
801,913,12.940215,2
1018,922,84.925102,1
2588,867,66.211304,0
1991,1819,85.334297,2
2039,1443,39.802319,1
1522,917,74.767242,0
1071,2005,10.249327,2
2307,2298,51.208290,0
1230,1265,87.210541,2
1017,217,35.637871,0
1992,1247,36.544769,0
169,1562,89.647491,0
202,2600,22.885876,0
2555,115,85.082947,1
2067,909,9.765574,2
1923,743,23.504484,2
64,2326,83.570686,1
1026,1741,36.727413,0
847,404,39.061081,2
1786,1247,24.806541,2
1371,2722,98.435829,1
2435,1807,33.570293,0
747,1894,16.681181,1
2030,415,51.520397,0
277,1443,24.209288,1
902,2903,33.485832,2
2685,2709,61.748955,0
1823,1751,7.964314,0
2054,484,85.621140,2
2000,1848,28.220663,2
689,1674,4.281059,0
1181,2203,25.488150,2
707,1249,66.602829,0
1127,964,58.694649,0
899,2417,65.051277,2
2883,6,2.479080,0
730,637,37.767540,0
2198,2131,3.849278,2
1032,2365,19.551125,0
2207,2727,11.648341,2
1745,1036,8.516448,0
1237,2665,94.053566,2
1985,550,3.054478,2
999,183,54.878841,0
1959,2576,5.204031,0
1384,1379,27.228374,0
1054,518,25.600636,0
2521,1175,16.165314,0
559,1612,16.727543,0
2455,2188,5.354247,0
2784,358,53.531796,0
2240,1656,75.307816,0
704,1157,56.820435,0
61,547,25.058693,0
191,1509,8.418989,2
2937,1417,63.543564,2
1779,1341,36.713097,1
343,2615,46.109684,2
295,1712,48.831276,1
1196,2318,41.877399,1
323,528,54.778996,2
335,656,81.541405,0
1603,2428,10.943882,2
628,14,17.005482,1
584,353,34.116425,0
783,1332,89.226997,2
2201,1415,32.980675,2
828,1237,45.168259,1
2772,1919,23.285212,2
2854,768,97.562424,2
482,106,9.210622,0
2081,2413,53.942841,0
1491,1524,89.869942,2
1742,2697,99.471100,2
2213,1858,56.094791,2
1744,2204,47.627182,2
1897,3,41.276943,2
369,1183,45.717598,1
2115,2111,93.401695,2
619,1135,98.194321,0
2053,2749,34.408825,0
2866,2349,52.202145,0
2023,2807,68.196693,0
693,1016,97.012535,2
2694,2971,29.953394,2
2432,2704,22.202673,0
701,2125,50.366501,1
193,770,52.851353,2
2810,1543,81.610229,2
691,538,44.406231,2
147,2178,68.164360,1
2937,2253,24.259968,1
174,1529,4.873178,0
1960,2533,10.500040,0
354,2366,81.929810,0
1663,2275,28.859543,2
2063,54,78.510117,2
2805,608,82.043793,2
5,1142,18.419018,2
2551,1594,2.556499,2
2186,507,16.168667,2
2330,235,54.165154,0
1969,66,67.364204,2
1008,1207,11.901034,0
2855,1151,79.134438,0
149,2109,94.495735,2
2678,637,28.155939,1
1773,2982,17.307022,0
1505,541,83.660339,2
177,1427,32.451305,0
2593,2973,48.411098,0
2222,1675,66.390831,2
2203,215,72.624397,0
2448,2813,80.421547,0
1256,2419,85.625046,0
2897,1740,45.106049,2
1590,850,67.301689,0
242,2576,4.299276,0
1201,859,61.860683,0
766,2455,0.363641,1
2157,432,88.927582,2
2123,1637,87.029030,1
2586,2363,87.309067,0
2431,1224,54.371201,0
2640,2163,54.611851,2
2587,1516,78.036819,2
1338,2364,65.805031,0
1219,2428,68.400864,2
1706,1938,19.308603,0
2639,1905,61.057774,2
1778,568,11.805098,1
2983,1164,53.326138,2
1421,1798,69.976395,0
185,2533,60.768044,2
2744,2198,50.299519,2
176,2796,58.922249,0
622,2208,64.155296,0
378,2478,19.551125,2
681,423,35.262959,1
2238,1401,13.524557,2
1895,2244,59.068127,0
1780,1597,43.570492,0
1515,2067,22.006208,2
390,318,9.704599,2
1181,590,8.708097,0
1284,2810,59.730698,0
580,325,64.768204,2
131,993,69.940483,2
1745,2515,66.729561,1
2791,2869,22.122667,2
1234,2449,89.448074,1
2359,1538,53.696571,2
2453,707,48.363667,2
131,105,70.491013,0
2704,2307,15.357250,0
1342,373,16.789127,0
1232,467,54.391705,2
701,1636,59.322853,2
1872,885,62.044373,2
1198,205,40.646999,1
2192,2615,93.048889,2
2785,1657,52.550282,2
2629,1655,35.054325,2
2946,2490,48.849716,2
1183,853,50.252422,0
2231,947,39.369514,1
2263,802,56.952885,0
2738,1648,98.194534,2
1943,1897,47.102959,2
958,2237,1.172314,2
2743,1375,48.311993,1
320,1655,95.379555,2
722,2230,45.961555,0
51,628,59.343517,0
582,65,58.375626,0
1691,1566,6.462560,1
813,1410,98.739738,0
2917,925,4.076983,0
2508,2030,60.592712,0
534,143,80.830574,0
69,1889,74.533394,0
1453,2638,51.812199,2
1542,1456,67.156342,0
1818,1225,89.405846,1
2803,1081,59.577950,0
2599,304,96.720947,0
1009,2190,4.956869,2
2141,2492,49.673157,0
923,1170,28.187729,2
1088,423,57.806858,0
1965,2856,74.204132,2
1468,2440,31.584494,2
839,631,81.055038,0
2070,520,31.241434,1
2298,943,31.531763,2
58,2464,95.619240,0
1729,1291,86.014206,2
490,1899,36.349266,2
514,1932,77.911469,2
2910,2887,63.510937,2
633,1808,69.364723,0
2210,871,7.167941,0
498,2425,20.535475,1
1303,418,4.964432,0
1734,2705,26.730242,0
672,1138,13.129784,0
1847,2365,39.709553,2
1701,2994,2.291705,0
1135,1776,13.844384,0
1073,355,73.635918,0
817,2855,19.144398,0
2220,2188,75.240479,0
1246,869,85.788956,0
440,917,19.445169,1
729,962,48.503414,0
2225,483,90.301796,0
135,906,76.660362,2
101,265,78.382187,2
2500,1646,73.799950,2
2924,1240,91.007477,1
455,1932,58.801861,0
1579,2896,41.101669,0
2175,1031,82.458763,2
2739,19,97.829422,2
2094,2549,18.635559,0
2614,914,25.815580,0
1924,1699,69.014824,0
2212,2016,11.144637,0
1601,946,31.585188,2
2646,414,19.857046,2
2040,2347,24.748060,2
1603,928,71.106781,2
127,1467,98.326530,0
2408,795,46.189301,2
1373,1673,11.739978,2
890,670,94.142204,2
311,33,6.115305,0
357,929,54.475609,2
1504,2113,29.471251,0
217,1661,84.840767,1
215,641,37.089340,0
2890,2449,65.633110,1
675,1046,67.023857,2
1595,2417,95.007942,0
1993,1096,45.192188,0
1063,2859,23.313421,0
1016,1433,21.749405,0
438,2643,30.251158,0
2153,2521,18.375061,0
2615,65,10.996510,0
2600,2053,41.420921,0
2455,1141,83.672882,0
1158,712,99.391273,0
2362,897,94.935814,0
2039,645,70.630386,0
110,2403,45.759525,0
490,1670,41.299030,0
1751,2941,11.540962,0
2688,1461,5.697693,1
910,820,56.597477,2
137,2740,5.161553,0
1436,2209,44.323502,1
2123,1233,38.966446,0
822,848,96.229858,2
2272,2212,76.981789,0
1670,1695,41.788898,0
2660,2881,90.215813,0
1736,2876,46.463581,2
2143,2128,51.301132,0
2981,1092,13.600843,2
1109,2058,43.113262,2
2270,837,22.564270,2
1419,895,72.925720,0
2520,1231,85.181252,0
2584,161,70.368118,0
36,1301,90.493057,1
2627,1054,95.061684,2
1157,1155,22.799782,2
1721,574,40.448479,2
1807,469,13.238933,0
1589,2055,85.651222,2
2267,1404,8.142410,0
2767,1481,10.526036,2
748,2480,14.858604,0
2596,2519,10.720233,0
451,2022,83.080276,2
2631,1216,59.123081,0
2362,549,80.592026,2
1800,906,4.964432,2
254,91,38.193851,0
988,2521,82.166374,0
2692,420,96.175735,2
2652,379,34.708725,2
2924,1657,17.703913,0
934,2104,9.804203,0
624,513,15.291527,0
1312,2787,14.844071,0
115,2225,33.858612,0
1264,1232,31.165785,2
2242,1851,31.961861,0
2084,1576,2.725796,1
2177,2115,42.235897,0
2861,2605,64.480141,0
1050,1506,18.860594,2
747,2481,45.517269,0
2038,1494,36.279728,2
1383,2593,93.208321,2
1367,2212,13.377831,1
1430,1630,93.944511,2
755,314,40.595028,0
2929,2612,23.921907,0
1677,1360,78.360199,2
1089,1125,29.401703,2
1008,2422,19.678490,1
1582,916,13.903890,2
927,1694,40.170425,0
33,2753,76.244301,0
1203,2468,76.363037,0
529,2929,37.912453,2
2387,1973,92.427147,2
2378,2513,59.769096,0
16,2207,49.259846,2
1123,833,43.132736,2
2724,1264,9.860949,0
2454,2260,58.657970,0
546,845,55.219685,0
2444,1487,90.140182,0
588,526,64.169289,1
2039,1758,0.995160,2
258,1371,54.584362,0
2750,1146,66.153351,0
2688,1300,55.367950,2
43,2277,93.118744,2
1740,362,42.562199,2
473,2859,92.776802,0
2132,1972,7.572841,1
211,240,14.585604,1
1582,2777,1.574794,2
836,2191,73.082520,0
2186,1586,17.993937,0
1025,2042,16.748726,0
367,945,36.246227,0
1487,1527,76.464256,0
1560,1305,38.597435,2
918,945,55.513142,0
714,1724,34.429981,2
2808,2042,67.216873,0
2692,2449,16.500759,0
2044,2704,23.179001,0
798,878,62.926075,0
794,322,14.047934,1
737,2532,32.011402,0
2489,81,76.692543,0
1629,136,10.372685,2
2015,380,74.917740,2
2474,156,60.844273,2
1720,1235,90.313339,0
1778,1501,82.962624,0
1759,1333,16.951717,0
397,1652,13.681299,1
953,101,30.768423,1
2667,651,83.271500,0
1442,1729,20.776321,2
905,2013,86.597092,2
249,1329,54.651127,0
460,1033,16.083843,2
1243,1128,86.978661,0
2915,2099,72.891953,0
1712,50,60.144554,2
740,2282,80.855530,2
387,2683,65.046883,0
2704,866,57.378078,0
2716,1808,19.836582,0
2938,986,4.112245,2
2374,410,38.263428,0
639,1483,99.054047,2
1206,1767,28.155939,0
259,2975,71.426575,2
658,164,60.866417,1
1706,130,58.614204,0
2201,478,9.511004,0
1268,2121,47.948059,0
1462,92,77.007401,0
493,1810,97.738846,2
2582,783,11.283220,0
2274,1806,90.886604,2
2898,1881,56.048805,1
1909,831,28.313845,0
2251,1548,45.168259,0
1641,1431,97.303246,2
2419,1321,53.302731,0
2845,731,81.109612,2
474,1485,85.877213,0
1253,1357,8.330022,0
795,2913,97.036522,2
2343,1212,21.366825,0
1953,1917,53.669853,0
479,611,47.955231,2
1953,2116,73.471451,2
2974,1690,63.444778,2
1959,1480,41.940910,0
2638,344,24.141233,2
1106,281,66.571297,0
148,1394,99.010719,0
730,1321,42.422356,0
470,924,25.375933,1
2147,2553,16.878485,1
912,1319,64.048325,0
2459,2009,32.469616,2
228,1567,91.868057,0
404,2562,70.516014,0
2375,2736,90.041054,1
928,936,99.858826,1
2954,1885,56.422634,2
2131,24,40.304905,0
206,1716,88.521515,0
438,535,71.457649,2
2342,1432,81.342941,1
524,605,73.662788,0
650,1905,33.633694,0
1338,267,28.642878,0
438,1812,66.559898,0
2424,986,42.947075,2
2623,2888,20.825657,2
1577,2899,97.533203,0
492,1907,89.052094,2
2891,1088,63.763733,0
2010,1346,12.806398,1
1944,1733,11.939248,2
345,431,49.979965,0
1151,2059,68.840294,0
1257,424,17.951906,0
1694,1006,73.287369,0
1843,1975,76.085007,0
2723,2259,43.741577,0
781,1947,15.851477,2
2414,2235,41.501785,2
929,476,45.207848,0
2098,754,77.430397,0
2976,566,78.375427,1
1286,172,92.391769,0
75,2914,63.697407,2
1139,632,19.945843,2
82,2013,89.834190,2
1427,918,16.230717,0
1449,2466,81.129051,1
2538,2023,76.032013,0
1832,1390,36.429798,2
1984,93,83.889610,0
1337,2964,94.036491,0
2012,1802,12.396249,2
470,277,63.310146,0
2549,2181,60.694130,1
87,2638,25.646410,2
2433,1038,28.129292,2
2156,2456,88.598465,0
38,1761,21.831858,1
2652,110,82.552315,2
2377,2938,94.174156,2
1321,542,96.161613,0
1764,1518,66.942513,2
2433,639,21.199961,2
2610,394,53.593506,2
2168,56,30.545948,0
2019,178,32.986828,0
2716,880,54.036358,0
203,2000,11.739803,0
2965,2223,24.600056,1
2588,435,96.270790,0
803,1217,58.682571,0
1316,2515,40.031300,0
725,2140,47.244534,1
1332,105,69.585846,2
2838,1996,93.032623,1
1549,2200,30.991442,0
2577,242,81.682137,2
1863,2564,70.762398,0
2660,2503,17.193794,2
2043,1326,48.264332,2
2751,573,6.361519,0
2976,1446,21.504335,1
1907,2490,59.910118,2
2613,930,50.016056,2
2227,8,20.485668,2
1737,1983,62.207394,0
2165,2794,31.019924,2
969,1934,15.928432,0
2323,749,88.572037,2
1269,313,19.610569,0
321,1833,90.951820,0
2549,578,53.539314,0
591,1069,42.397568,0
1760,1395,93.738937,1
1646,305,71.330429,2
486,1680,64.983360,0
81,1474,88.820732,0
2447,282,90.465973,0
2391,586,74.005775,2
734,2695,6.044503,1
2515,949,28.837749,0
2605,1887,82.011879,2
2995,2646,20.364122,0
445,571,19.219370,0
2316,2052,59.624462,0
40,604,58.221844,0
2994,2047,14.210493,0
2800,2405,12.068897,1
1058,1694,12.523277,0
57,2890,89.453987,0
902,2191,63.226631,1
1991,1868,31.167578,2
579,1441,67.776382,0
2885,2980,63.369469,2
799,33,25.737370,1
142,1406,80.290398,2
553,2327,68.684601,2
1883,2321,98.597893,0
695,594,60.607632,2
183,2356,36.897636,0
1319,2294,9.554916,2
2209,1276,84.790558,0
2252,1430,17.428677,0
387,680,6.852032,0
1936,787,27.689732,0
2891,287,76.688545,0
308,2359,85.970459,2
515,1959,29.633654,0
2067,1865,29.768597,0
2956,1712,70.404716,0
1777,1457,9.609085,2
980,2061,30.107042,0
2209,1183,48.333889,0
324,992,9.630235,0
133,2542,88.467567,0
762,2839,46.073555,2
452,1821,96.049858,0
1702,2006,1.326065,2
2049,2148,59.035381,0
2379,1587,68.492058,2
1149,2557,61.104374,2
2956,1966,94.964188,0
569,2323,98.261810,2
2283,743,5.603285,2
611,795,68.539993,2
898,32,37.904919,0
618,782,33.722862,0
2878,874,91.335464,0
28,2985,33.513428,0
477,740,85.351044,2
2061,689,57.869942,2
2754,929,82.805069,2
580,1001,20.439611,2
876,604,93.806717,0
1223,1792,2.323966,0
1109,1101,98.229958,0
924,2567,11.485942,2
2181,2625,51.380356,1
2448,890,34.260345,0
1461,830,23.032644,0
2583,1134,57.636806,0
2741,1458,19.087358,2
1351,1623,58.932026,2
2138,2798,78.572449,2
7,2808,16.859402,0
2239,941,33.407379,0
181,584,45.174553,2
1993,236,10.874143,0
818,836,25.821362,0
20,619,29.107328,0
1179,485,48.835434,2
2883,2780,36.420372,1
2537,692,83.579781,2
2588,1366,79.304634,0
245,308,90.997025,0
1664,1415,21.439106,2
2961,1898,60.778309,1
817,369,34.299568,0
880,2700,7.305429,2
2356,213,90.835007,0
190,1748,18.490337,2
1113,2104,83.597923,0
2701,53,55.156158,0
895,697,20.160120,0
2342,72,21.628904,2
813,2317,88.870819,0
936,1533,86.092735,2
2348,1040,12.555842,0
826,1680,75.647888,0
15,1899,35.363514,2
2163,337,56.632210,0
1281,1300,2.170130,0
1992,1294,28.379078,2
2001,1657,80.879395,2
2368,1619,47.755268,0
2777,1596,43.865383,2
2698,927,2.266662,2
2297,764,91.653008,2
2402,172,2.146047,2
72,1599,47.421261,2
883,2806,53.473381,0
1874,1952,28.218561,2
2614,2261,90.093475,0
483,1316,57.311806,2
107,2374,1.600182,1
987,485,46.088741,0
2001,2481,61.573051,0
1951,424,98.319183,0
2549,1092,23.349939,2
350,1928,19.715483,2
1228,311,79.474876,0
82,1682,28.663864,0
1061,1619,70.600433,2
985,2326,4.390097,0
867,621,96.647331,0
1406,504,3.203066,0
2529,2568,18.372221,2
1494,530,52.244263,2
2569,813,20.048594,2
2534,1586,6.939549,2
144,1631,14.185678,2
2456,71,50.232681,0
2826,575,1.236385,2
1072,18,32.723637,2
1235,2894,37.930641,0
1691,1543,30.560661,1
2545,628,40.465336,2
748,1107,37.806335,1
2180,2718,91.343552,0
80,2920,61.800331,0
147,218,84.560966,0
1342,2060,21.829767,1
1976,2366,82.576790,2
143,1636,22.803783,2
546,135,34.529175,0
2069,272,76.712257,1
2994,2677,3.074623,0
44,1694,45.168259,1
2568,2323,60.987141,2
1329,1115,44.523911,0
2884,1167,96.795174,2
1350,2561,83.377129,2
1133,756,80.213860,2
681,2393,94.688271,0
699,458,35.997845,2
1368,1475,68.419891,0
2100,521,94.421196,0
493,1788,2.070029,2
877,100,3.293521,0
1092,1089,54.222641,2
762,1682,74.224068,1
1016,746,98.495995,2
2295,2165,98.371193,2
442,623,89.116188,2
1708,590,61.902836,2
2172,2472,95.052650,2
2846,1716,3.761143,2
1368,1670,66.258148,0
2936,2839,33.056385,0
1333,1667,62.595387,1
1720,2326,92.314964,0
2963,286,50.470287,2
242,2102,14.197769,0
2010,304,97.675980,0
1510,2005,93.208321,2
6,1650,75.093178,2
4,2927,23.082670,2
2064,2419,80.516457,0
453,1524,1.823963,1
766,2262,78.779892,0
1757,2609,7.294143,2
616,1786,64.595581,2
1312,1681,2.531880,0
513,1130,16.131050,0
406,849,26.852026,2
134,1074,97.279045,0
2055,2739,44.165169,0
1680,1467,59.825333,0
1808,6,36.349266,2
1068,774,94.393242,0
772,2275,53.933830,2
1264,1299,66.175880,2
291,2626,58.867455,0
1951,2185,55.940327,1
153,2768,42.835766,0
195,1901,74.516724,0
1292,981,83.539948,1
639,168,31.214748,2
2595,1540,84.839905,2
1790,1500,21.722761,2
221,1465,14.908194,1
801,674,86.682495,1
1874,685,83.665665,0
962,1768,32.429420,1
798,69,21.928877,2
32,367,85.798523,0
2511,30,40.405487,0
1624,2397,52.675282,0
2873,996,5.166226,1
2263,1897,65.984268,0
1286,32,86.228516,2
724,93,87.108757,0
1396,2312,5.498260,0
269,2155,92.000572,0
2718,1480,48.023346,0
1813,2636,55.277859,0
999,899,9.979768,2
1237,915,90.582817,1
2384,483,26.877682,2
463,2527,15.374770,1
2964,2381,57.013935,0
1181,2183,65.629204,1
1082,405,64.903862,2
610,2462,9.210307,2
2422,596,77.796089,0
2031,1400,37.809227,2
1514,1284,81.184616,0
698,926,38.493877,1
2719,552,44.245392,0
1480,1043,74.125397,2
1823,2592,42.139889,2
617,390,69.735725,2
2023,1550,89.021599,0
1400,2020,66.281624,0
2441,2179,5.727505,0
1911,217,1.673309,0
123,1624,18.069544,0
2030,649,41.510124,0
2602,2281,11.495587,0
2384,2220,81.143715,2
1945,1621,19.602533,1
2776,1281,4.076983,0
2312,4,88.495964,2
2302,1985,57.792068,0
2933,2148,64.291000,0
1910,2327,89.096016,0
544,1356,3.014331,0
2010,934,58.487980,0
644,664,77.399780,0
1144,2191,82.662216,1
363,1658,88.344818,2
2993,2994,71.063828,0
1995,1104,72.471283,2
1348,1630,54.793434,0
2908,2245,16.596962,2
562,1217,74.548126,0
569,2296,14.450729,0
2263,2110,98.163452,2
1364,502,44.175186,0
2145,385,83.995438,0
360,245,85.672554,2
534,1303,26.246162,0
1875,288,76.386665,0
2623,2009,36.409328,2
580,2137,19.550131,2
181,2009,58.694649,2
1498,1125,29.742203,2
2832,2150,27.440578,2
218,1932,90.616890,1
1990,711,19.600546,2
9,1310,75.114342,2
1670,2316,92.085938,2
1335,782,2.641764,1
2454,2737,16.679573,2
1441,112,58.186031,0
102,1238,22.804274,2
1058,1422,78.681541,2
1725,2442,57.727890,2
2167,649,78.254250,0
1056,2924,39.561417,2
1978,120,47.134132,0
2978,2593,28.428680,2
297,107,55.066772,2
251,544,8.851089,0
2270,2344,47.575409,2
2222,1782,53.360023,2
813,1252,15.226388,0
2087,86,82.810287,2
927,2499,21.966576,2
2211,981,42.823322,2
420,636,26.962881,2
1047,287,80.667351,2
1345,1902,31.182472,0
243,2832,3.274261,0
809,756,83.729889,0
2564,954,64.819656,0
472,2758,47.610775,2
588,1178,97.661949,2
102,1542,14.970861,2
1945,1387,49.687294,0
1366,1633,77.368843,0
2274,1989,99.680435,0
626,2016,81.393333,0
1626,1878,3.512774,1
2891,448,31.013222,1
1542,1053,51.732368,1
1391,2667,95.508034,2
2122,1968,47.673428,2
173,2925,53.825401,0
1909,2171,6.339121,2
2897,1962,88.842636,2
1483,686,28.459118,2
1442,1036,1.745781,0
178,1878,25.297428,1
715,1011,25.475803,0
2854,878,20.751707,0
1560,2320,35.001831,2
830,1420,98.891731,2
1402,2170,49.062740,2
1607,610,56.770557,2
1137,2700,41.601017,2
167,2504,99.575577,0
1093,189,14.839722,0
2344,978,3.807377,2
2142,2888,6.587055,0
1911,798,30.874424,2
2171,350,19.748552,2
1942,1363,51.007114,2
751,363,51.044247,0
2042,2553,46.526237,2
122,2032,98.332741,2
1024,2860,52.779594,0
1461,1740,83.225929,2
2185,530,99.018883,0
1675,387,24.701374,2
1695,325,83.225929,0
1291,459,51.328094,2
1768,2395,14.820729,1
15,1524,45.461521,0
811,1917,64.892754,2
1670,418,59.778004,0
2274,2622,22.792414,2
2519,1411,57.261745,2
1074,2851,72.661201,0
915,711,97.375290,2
1490,2090,62.592861,2
2218,832,21.116858,0
1893,1326,96.999229,0
2047,1088,74.264328,0
998,1374,68.569664,2
1214,739,91.920906,2
508,859,91.082962,1
2864,240,5.968503,2
380,2892,28.286520,2
1625,1351,57.286530,0
332,736,61.719425,1
2803,162,70.346962,2
1325,674,24.472013,2
2660,1380,77.186920,2
668,2028,66.583107,2
2293,1791,96.846497,0
2624,240,75.009766,0
940,1226,57.344147,0
1499,366,94.222412,0
1084,2209,96.834198,0
1063,2201,15.051961,2
2284,2510,32.110535,2
508,1573,97.488815,0
1655,1415,10.812464,2
2913,1588,40.747715,2
1537,971,4.930116,1
2939,1713,44.295147,2
0,2662,23.884853,2
2662,1240,68.663963,0
2063,930,81.055038,0
2423,177,20.825657,2
1605,2000,61.971863,2
1690,2788,22.622568,0
300,2983,93.560387,0
522,1504,19.246071,0
878,2580,43.000072,2
570,697,24.795307,0
2604,1805,10.661368,2
2064,2560,89.745903,0
1286,2002,15.850009,2
1905,458,41.087746,0
921,387,50.138836,2
855,2220,66.716591,2
2968,2607,47.057991,0
1537,1556,20.907095,0
2391,235,59.742920,1
1888,143,42.247868,0
1324,282,29.625616,0
2878,2025,13.180482,0
2724,2034,8.406890,0
754,609,91.185684,2
2884,2931,91.854866,0
140,1174,98.313423,0
2320,1119,73.817787,2
1822,1740,10.719286,2
281,148,28.076405,1
2243,2066,83.697487,2
694,2717,67.335548,2
2882,1006,64.983360,0
611,1844,8.778356,2
99,58,53.505238,0
1131,1953,41.010017,0
2865,384,79.780586,1
2860,887,14.295099,2
1894,2662,48.541687,1
595,972,80.958748,0
1806,2156,89.568626,2
2818,1647,12.387246,0
540,2555,90.660271,2
391,1120,91.325317,0
2887,42,24.707911,0
1264,1135,22.769815,0
2384,1580,20.299236,0
906,2781,65.872604,1
2183,896,94.647766,2
2824,1316,43.182236,0
1086,56,20.046595,2
319,969,27.528135,0
1721,12,87.203186,2
1824,1853,91.201530,1
2890,1141,94.497131,1
2423,446,6.366037,1
2758,2948,93.421371,0
75,2679,46.436630,0
2392,659,91.645523,0
1194,958,97.184265,2
638,227,76.601799,0
466,1109,14.954125,2
844,1409,94.601776,0
581,2437,95.099770,2
2020,2385,49.356354,2
1165,1943,12.456553,0
1132,5,52.621010,0
2152,973,61.937889,0
312,2594,70.918892,0
460,2151,89.717529,2
42,1895,6.315062,0
2011,1102,94.158043,2
1638,2358,50.202656,2
2932,1581,48.587730,2
1430,2965,56.632893,0
657,1270,38.365921,1
1314,1558,55.593464,0
1186,695,11.423282,0
232,547,19.202780,0
1592,265,59.513233,2
2417,1732,65.312042,0
601,67,90.455162,1
2772,1161,42.233627,0
2684,330,75.025124,2
830,2317,62.894558,0
1733,2531,96.045692,0
2514,510,38.552967,0
2999,1532,73.801712,1
2621,1741,85.369316,0
2479,263,55.907433,0
821,2321,81.558334,0
1664,2929,50.484676,0
1395,1828,3.638967,0
836,1004,53.354324,0
1325,665,40.851048,0
1154,2822,27.723362,0
2597,420,28.020582,2
2693,251,95.503273,0
626,2253,96.061638,2
1048,595,98.872887,0
1104,2514,68.554787,0
2790,1259,60.971928,2
2733,2602,3.274261,2
325,685,24.172237,0
479,1316,71.007309,0
2544,403,79.382050,0
1,1981,56.725113,2
2637,2641,6.705942,0
1163,2178,48.937431,0
2072,396,68.377472,2
999,1374,26.056070,0
2948,468,66.665268,0
1012,739,10.727704,2
1053,2751,12.285262,0
2956,1131,86.858185,2
1189,986,9.830420,2
2568,1537,70.882065,2
1443,567,16.954847,0
1896,1691,11.032088,0
1846,2708,24.341253,2
408,2982,38.156239,0
1987,2533,78.815491,2
135,2453,67.776382,1
1875,2350,43.583004,2
2106,2839,43.334564,1
1876,2062,99.623177,0
264,41,72.820633,0
1129,180,24.928860,0
697,998,74.576088,2
1954,1533,45.381947,0
697,1164,84.876549,0
2122,2474,30.418045,2
998,469,93.323166,2
1999,549,20.693026,2
820,2364,84.551552,2
2478,1583,0.874622,1
27,1508,36.164452,0
42,1923,7.938131,0
2837,2154,11.883330,2
528,1690,72.927132,2
1610,54,67.435387,1
318,1594,52.449490,0
2023,1684,40.956741,0
2433,1907,39.198872,2
2382,2148,35.208832,0
2752,620,97.068588,2
1316,2177,45.302662,2
2548,774,48.229324,0
548,704,63.655319,0
807,455,24.077860,0
2783,2127,60.123508,2
825,917,94.728722,0
2406,1958,41.293312,0
795,2131,53.092026,2
1609,1885,12.753693,2
2404,1594,93.850258,0
2097,2749,54.346882,0
1903,903,29.474627,2
538,2508,14.520408,0
411,98,52.654469,1
1068,1326,84.998001,2
73,2885,57.059422,0
2843,2116,75.212311,2
2075,926,14.140896,0
2427,2524,58.099361,0
913,2976,66.027916,2
1808,2378,48.501240,0
1807,2664,44.460121,2
2696,1451,64.981171,1
1732,548,54.992329,0
1736,974,9.506512,0
1187,149,57.129635,0
2559,2523,68.160988,2
2678,2985,83.413902,2
2056,1908,65.964188,1
1662,750,26.208363,2
360,1780,60.567986,0
1893,396,19.742409,0
2557,2712,2.257736,2
2432,2178,44.602379,2
1429,2533,44.978657,2
2992,1955,81.340370,0
458,420,73.819832,0
2169,552,33.037941,2
1146,1375,89.847191,0
2641,57,84.171333,0
1260,602,6.465642,2
650,1512,54.108879,0
1588,1547,94.777443,0
1858,516,82.535446,2
2972,1104,80.070549,0
1241,1437,47.223679,2
1831,1192,48.343555,2
2995,276,82.130081,2
157,2891,35.359318,0
1347,2415,19.564383,0
1538,1405,6.131073,2
2050,390,79.725922,0
2600,2426,0.103639,0
1622,2259,58.224976,2
824,695,88.423714,2
208,752,20.333305,1
252,1155,24.013596,2
1537,2207,74.097504,0
2187,2068,94.169678,1
1430,2478,68.891190,2
1072,1810,37.619087,0
149,513,60.786957,0
1485,1463,30.017321,2
2330,2634,13.241755,0
876,2423,15.928107,2
594,2143,24.970570,0
2807,2023,68.653168,0
2683,2538,71.507828,2
2867,1549,82.407806,2
5,2736,84.696136,1
1088,2418,20.501637,0
1459,2311,58.402668,2
1884,942,49.435604,0
1878,1675,74.015999,0
2943,2375,88.793694,0
788,1691,26.063860,1
1490,2194,87.085487,2
43,2160,34.505215,0
817,1961,78.330109,0
2763,985,51.246784,2
1194,616,94.482597,1
1714,459,73.945763,0
2014,1731,79.381226,0
2665,1777,17.361162,1
2990,832,48.476070,0
1196,249,52.102577,0
573,636,70.770119,2
2919,1899,86.971504,0
360,2125,83.409798,2
2971,2727,2.129752,0
2199,2469,14.214550,2
2527,795,0.130371,2
609,1172,95.602371,2
773,730,2.246674,0
2396,2343,11.308006,0
2525,1025,37.141842,0
934,2026,96.311424,1
296,946,80.543495,2
30,1567,37.817608,0
2958,2501,56.455757,2
2479,946,86.755295,0
612,2445,98.722900,0
43,1860,72.131149,0
2676,1083,92.581703,0
1827,1953,59.487545,2
307,459,66.162804,2
2231,2465,35.664165,2
1616,2252,33.179035,2
2353,1180,82.440956,2
2200,2279,12.236847,2
1228,718,80.213860,2
2893,887,36.385578,2
1594,2835,25.821362,0
2613,2148,31.138294,2
2215,1148,70.271248,0
1049,559,53.096252,0
164,1988,85.461754,2
975,2414,55.532612,2
1060,814,34.335606,2
2680,2983,81.742218,1
2550,594,78.580261,2
1585,39,15.305852,1
2317,2448,87.881905,0
1600,807,76.143372,0
752,354,27.133696,0
92,857,8.977763,1
1703,591,93.874634,1
275,129,24.476463,0
1796,696,83.108078,2
777,1957,54.725849,2
31,1906,20.641083,0
1205,138,34.219536,2
795,804,4.251548,2
1771,414,32.648155,2
1420,333,99.573967,2
949,2046,46.251549,0
1321,2177,39.286053,0
1392,1191,31.488602,0
223,2592,33.141182,2
200,1808,50.415352,1
2003,617,35.622181,2
321,1200,2.826417,0
1996,2502,98.272766,2
1283,302,52.654469,2
280,2607,17.659895,0
1740,918,22.017786,2
1504,1148,79.566925,0
2167,2393,67.937897,1
1302,1922,50.768085,0
2229,431,26.554737,0
2250,2656,47.260883,1
634,808,37.089340,2
2322,1478,61.645538,2
341,1656,35.712299,2
2508,764,93.421371,0
2416,624,23.500797,2
2641,1600,55.394356,2
2500,1642,40.227409,0
1529,644,72.218857,1
1242,586,8.607885,2
2054,2870,19.719025,1
285,1453,14.545215,0
1200,2996,46.326134,1
2667,2505,45.320351,2
1963,769,58.491409,1
2950,709,20.578815,0
2885,2784,62.928722,0
2505,1544,16.784004,2
1534,1700,36.011921,0
1105,1330,89.461327,0
1859,1174,19.489191,0
460,2164,67.112358,2
1506,685,79.424446,1
576,1099,25.946951,0
2431,1877,9.977209,2
801,897,23.351967,0
2530,907,13.724157,2
1713,1446,32.316490,0
2918,684,76.707603,0
553,2767,64.301247,2
248,1992,27.640007,0
2760,1100,14.390009,2
2176,2599,65.698761,0
190,2501,27.655361,0
1519,912,20.059305,1
580,1706,91.458984,0
2116,489,71.886185,2
2772,5,7.462686,0
887,858,25.945759,0
1090,2039,78.269028,0
1101,114,60.153751,2
1413,402,14.004935,2
1485,1662,19.550873,0
2515,1624,13.045659,0
557,1983,37.799133,0
1787,1616,17.129240,0
503,770,92.314575,2
2237,1613,80.365074,0
1134,1069,87.054909,0
2740,71,14.908194,2
2672,480,62.238686,2
2419,1151,26.910070,1
1378,2465,46.295940,2
2534,831,13.999905,2
2185,1208,5.193730,0
522,1288,91.132500,0
1971,2978,30.917505,1
681,2979,72.461060,2
1482,749,68.959839,2
1546,1841,89.485100,2
2541,1698,86.626701,0
770,246,85.755318,0
1078,263,63.397911,2
1950,1458,78.904358,0
186,2869,40.320316,2
352,1881,73.397469,0
1298,223,74.012268,1
249,794,80.420235,0
68,2391,3.980307,1
1303,463,81.575089,2
2955,546,41.755947,2
1078,2803,29.815235,1
2177,2575,44.834766,2
924,161,17.263765,2
485,1399,10.986562,2
454,652,14.773735,0
145,2263,69.997620,0
1291,1240,4.510544,0
2883,1152,46.193996,0
814,707,91.276810,0
1230,381,52.647327,2
768,874,34.638271,2
961,2801,27.261003,1
2572,1986,20.842886,2
1268,2638,62.207394,0
2125,1945,93.751724,0
2245,1579,41.879311,1
2579,2799,20.363419,0
2995,812,23.124752,0
2634,1057,76.856750,0
2460,1141,19.211468,0
1846,2095,49.504135,2
24,2401,50.603100,1
889,2134,90.222237,0
1977,2210,13.135198,0
2662,1957,52.201694,0
1655,811,94.233368,0
2981,2658,23.433651,0
958,200,22.114819,0
676,2988,47.544037,0
723,2750,54.750816,0
1441,113,89.408600,0
2440,2444,44.667919,0
1012,2199,97.754517,2
2090,2051,95.247253,0
2226,2365,48.897690,2
498,2402,71.156715,0
1720,1342,95.594719,2
1905,1582,82.068375,2
1534,731,43.579212,2
1697,1865,39.127750,2
1378,2969,98.665886,2
2052,1054,35.260757,2
1592,1222,48.210155,0
2662,2868,72.873550,0
1013,795,75.937553,2
1440,1178,26.309217,0
2811,2904,28.969915,2
1849,1350,44.616383,2
2296,1448,64.694801,2
280,691,55.768837,0
2147,1695,56.441452,0
359,43,58.678421,0
2222,1153,46.247440,0
1412,506,65.442627,2
2450,2512,7.067759,0
1653,2478,58.439556,2
2225,1089,73.802940,2
524,2072,36.487762,0
1155,1410,59.588158,0
2057,1031,14.959626,0
2686,1618,60.153751,0
1351,1704,43.613724,2
1750,2210,98.125809,0
1104,1886,98.639748,2
1043,2768,39.065674,2
1072,2576,74.197372,2
1801,867,81.015205,0
1941,1988,71.488693,2
503,1968,42.898533,2
2681,2230,99.233833,1
281,1711,97.769371,0
1740,2725,0.655665,0
2058,2534,80.958527,0
1851,286,75.543770,0
1544,426,74.097504,1
9,564,58.620407,0
208,1923,20.098967,0
467,2318,16.754301,0
128,1408,15.764853,0
1911,1654,8.243992,0
1918,810,81.306320,2
2319,2486,51.592152,0
1257,557,72.136604,0
446,518,26.893797,0
934,143,10.250358,0
2457,1734,80.256088,0
137,1754,64.188293,0
661,2566,91.574234,0
1274,545,34.321236,0
1531,2705,17.399654,0
807,1056,92.735130,0
2572,517,7.224243,2
2767,929,17.592649,0
1596,1298,23.179001,1
2269,2499,20.563314,1
896,2780,21.122196,2
605,2738,84.881073,2
1111,2775,86.571159,0
1049,2592,49.786732,2
1722,1390,92.292183,0
2848,810,93.483620,2
945,2319,12.546474,2
1863,1263,14.996608,1
1418,2110,45.174553,0
2818,635,93.237480,0
1488,272,55.535751,1
2842,2555,31.536184,2
1810,314,37.902424,2
2050,2973,34.954510,0
486,2489,82.483887,0
1645,1324,67.494545,2
785,1333,25.163542,1
340,585,36.037384,2
350,1083,45.102760,2
1677,2364,96.218170,0
531,1824,89.160019,0
258,1290,3.235302,1
2315,1793,28.321774,0
777,1834,86.008232,2
2283,2391,63.212292,0
2382,581,40.170582,1
2664,927,43.531864,2
186,1888,57.660614,0
1869,573,36.300529,0
562,367,29.544891,0
2188,1075,71.269844,2
1158,1039,43.615784,0
737,1249,69.681709,0
428,146,69.363396,0
1539,2985,28.234703,2
2878,868,76.609589,0
2284,193,16.732698,2
2529,2987,81.694855,2
1243,2740,12.294795,0
1340,1413,99.618629,2
2964,2801,52.212921,0
2839,840,18.564505,1
977,173,22.511709,0
1528,382,12.855747,0
1121,1192,46.488277,0
308,1827,21.951399,2
106,348,30.350021,0
2532,1925,36.899181,0
1865,2092,47.780994,2
971,1821,41.292412,0
1704,1935,68.521278,1
2578,1543,60.236126,0
1405,1102,40.737030,2
197,961,21.722761,2
1292,763,10.665970,0
2635,1155,16.069880,2
1032,2642,13.201588,1
2278,1082,96.502495,2
2729,2601,78.977097,0
929,1525,7.299085,2
1844,1772,25.994965,1
1423,700,92.284447,2
2675,1758,80.221237,0
342,1067,88.315880,0
2257,32,10.781270,2
2235,1112,73.357079,2
530,1593,18.669609,0
2957,1158,90.231766,0
1964,1971,92.788918,2
137,2939,44.391018,0
768,1478,37.480331,0
2417,2710,97.293709,0
2510,1162,49.250462,1
2448,86,46.674221,0
1013,135,34.439178,0
1680,2546,8.693856,0
848,2830,48.852795,2
1968,2166,31.009375,2
362,859,78.246185,0
1196,2212,54.166561,0
2835,1223,72.962570,0
1715,332,45.965950,0
1540,834,91.695610,0
1856,436,96.409943,0
1081,2926,23.442430,1
2975,441,12.492377,2
2688,1022,78.379028,0
948,2481,33.830704,0
248,2848,90.563385,1
1074,1644,2.409953,2
2924,476,78.255280,0
404,2374,23.268627,0
1277,1356,56.103542,0
1340,98,35.583149,2
2490,1252,58.359398,0
271,298,49.111694,0
653,666,50.829815,0
460,2731,91.817474,2
88,66,93.633751,2
397,1413,82.920181,0
1261,1076,7.458058,2
328,2609,7.145224,0
5,1128,72.759773,0
2888,982,74.844902,2
2577,1840,29.519922,2
2323,406,87.028130,1
1049,1935,86.195427,0
1493,2668,67.483681,0
2090,2308,4.046395,0
2176,2385,75.603203,0
2634,365,45.461521,0
68,13,23.518152,0
1572,1867,10.338348,0
566,2333,55.096474,0
104,24,70.583939,0
875,1417,88.414810,2
2781,293,67.872910,2
2735,1299,9.694534,2
916,731,8.286711,2
1102,1391,73.212227,0
1719,2621,88.540230,1
1668,998,73.206467,2
2121,2091,42.595036,2
387,2711,59.629704,0
2293,1554,39.417965,0
280,1459,76.265518,2
2500,995,21.263622,0
5,32,13.076232,0
1819,359,10.087835,0
2577,1008,93.246803,2
95,701,4.674513,2
678,2867,14.941816,0
801,1240,20.959766,0
847,314,40.151188,2
996,1273,54.069767,0
1774,1060,65.849129,0
958,2252,53.310646,2
2951,1514,80.623161,1
2098,1203,54.222641,2
1105,1298,23.060804,0
1889,1608,43.086147,1
2906,91,8.751943,1
2356,2620,37.116005,2
834,2304,18.429012,0
1679,24,96.111031,1
2374,2239,26.992128,0
285,54,45.451027,2
1760,576,41.024940,0
1909,1629,82.516998,2
1711,502,27.043901,0
2228,2669,85.348480,0
674,2771,55.159081,0
1448,2305,62.924644,0
327,2625,2.441411,0
852,426,32.771255,2
2377,770,15.084981,2
2906,2530,75.653725,2
504,2518,48.683819,0
2290,1623,20.419355,2
2833,1623,12.264513,2
1936,2012,81.575089,2
40,1736,36.966770,2
795,636,71.447014,2
372,2088,59.828449,0
1626,2299,91.462280,2
623,1199,22.659512,0
471,1935,84.131462,1
2970,1828,76.351830,0
2089,2058,16.748726,0
1205,1633,61.347496,0
199,2864,25.669945,1
1331,620,83.366730,2
796,2375,57.359322,0
889,2918,17.809494,0
1309,395,43.673042,0
2548,2762,91.415817,2
2381,2914,68.025375,0
756,2715,38.192085,1
2884,669,94.421196,0
719,1914,11.648341,0
2601,1888,31.585188,0
857,2153,78.523399,0
2233,1510,57.274193,0
918,2358,54.655731,2
434,1771,10.540748,0
2994,2068,88.910652,2
2767,2137,74.960831,2
917,2503,93.720810,1
2184,2160,69.395172,2
689,1497,85.539665,2
2104,2687,22.478962,0
2508,184,64.528847,0
1496,1277,62.600040,2
2651,1514,61.881496,1
2868,2327,11.698349,2
2312,1558,26.088655,0
439,1759,9.444013,1
1404,1550,84.960541,2
2019,608,65.169403,2
1937,2002,21.851746,2
784,2680,5.937500,0
827,923,68.566925,1
989,1485,93.628372,0
186,1415,91.420784,2
991,1582,45.349960,0
1598,1532,28.238264,0
1625,1874,33.152210,0
544,461,56.421246,0
401,2240,3.995130,0
2546,2815,37.483215,0
466,1338,35.622181,2
1799,1916,54.262188,0
1637,1146,42.200489,0
952,302,68.060814,2
1695,650,16.863821,1
2250,2158,13.541255,2
2703,149,27.855745,1
1279,1328,3.162140,2
1123,104,78.021477,0
1215,2174,62.112453,2
55,869,47.366940,1
689,569,54.038319,0
2269,2449,2.410028,0
144,344,39.809677,2
1107,2298,65.662270,0
1359,1231,37.358089,1
2398,2143,88.339310,2
818,295,51.152122,0
1127,585,10.819169,2
2227,480,66.322273,0
2897,640,70.958809,2
2827,972,62.341961,1
1452,1322,79.244667,2
80,708,67.757675,2
94,1798,27.359015,2
1368,91,38.822376,1
1682,581,74.891876,0
2956,404,7.376604,2
1187,2769,28.796082,1
2159,2561,41.416489,0
1204,2551,23.009430,0
2858,446,87.628349,1
1366,2934,12.822092,0
1553,679,37.710922,2
2354,1737,45.302078,1
729,2781,46.954945,1
1040,1274,59.934048,0
127,2153,28.703524,1
2402,1988,73.716515,2
244,1347,69.249489,0
1401,707,45.655270,0
2756,673,17.669615,0
509,2734,83.298668,0
1623,70,88.815521,2
2528,2411,37.838787,0
1231,103,29.699471,2
570,509,59.492172,0
1978,1324,80.387810,2
1300,2048,9.027751,0
1965,335,53.063744,2
463,2998,6.186375,0
1208,226,64.871735,2
2965,1829,14.730274,0
774,1388,71.447014,2
486,2228,92.238655,2
1257,0,58.378349,0
1012,2120,28.517996,0
1417,250,52.851353,2
625,219,47.238056,0
2615,843,81.795090,2
249,2257,19.154339,0
740,2576,77.814156,2
764,989,12.081690,2
297,661,47.210258,0
187,786,24.166531,2
252,2382,66.527969,0
1985,226,25.478334,0
2974,1971,27.971308,0
1065,1201,57.587891,0
1407,628,41.149307,0
822,2074,20.563051,2
1927,2328,58.014389,2
1121,2166,72.461060,2
1711,2679,93.841454,2
1041,193,38.365921,2
2159,2989,11.816478,1
1970,2737,81.107185,2
474,1676,19.246071,0
2492,1141,45.057869,0
1930,2530,49.119389,0
1945,2869,50.537304,0
463,2286,27.608789,2
2433,1918,43.722492,0
2512,1492,94.323738,0
2261,2262,86.912178,1
1495,2872,42.885174,2
784,125,59.146881,1
2006,1872,27.057552,0
2919,1391,29.201052,0
584,887,61.860683,2
1279,2748,18.947050,2
61,1519,57.251808,1
1111,2249,82.738708,0
2047,2295,13.309397,0
2189,1097,43.682358,0
907,2869,81.129707,0
64,1457,67.021011,2
2193,895,93.246803,0
1551,201,46.565861,0
1470,497,29.201052,2
2452,966,78.728561,0
2371,1800,97.054131,2
1845,2094,27.670563,2
552,1529,66.770302,2
778,758,55.231983,2
2325,2095,6.426804,2
1318,622,97.768356,0
1568,2732,90.228867,0
35,2291,5.982651,2
1371,1533,91.978111,1
1982,2146,12.780407,1
1803,1121,8.477640,2
2988,2653,7.960044,0
2544,1803,3.169754,0
2104,356,9.982676,2
1359,1334,93.828636,2
1712,1813,17.960482,0
1834,311,86.978661,0
684,1878,66.150223,0
1597,539,47.964474,1
47,2840,86.669533,0
2118,2743,36.174103,0
1814,2512,92.651550,1
184,2152,31.274183,2
292,723,59.664360,0
2003,1243,66.781944,0
1191,2400,3.101632,0
472,946,91.486771,2
2250,1478,35.531410,2
2986,2291,7.171888,0
2191,2728,60.473442,0
1043,466,16.957119,0
2765,672,99.209244,2
2321,2248,72.199875,0
1138,2422,47.468140,0
690,1496,83.082840,0
1689,2300,38.909901,0
1542,2369,45.853851,0
1801,853,98.358444,0
439,1173,21.944410,0
1978,1093,52.523376,0
2352,550,31.928909,2
2580,958,7.708729,0
575,261,1.553078,0
2893,989,50.216961,2
1068,2503,88.793694,0
1149,2653,33.150524,0
1776,1664,25.441433,0
2085,2170,53.890244,0
873,1622,69.858635,1
1874,2091,34.219536,2
1424,2771,24.732821,2
759,2888,15.011444,0
437,466,79.513184,0
1584,2241,2.419366,2
1289,666,98.873665,0
2035,1247,18.082474,0
2624,1611,24.099360,0
368,901,42.694740,2
2785,341,63.897675,2
1394,948,53.040264,0
912,1328,88.767464,1
1290,292,25.795618,1
412,2035,17.298298,0
2901,1307,2.344493,2
1700,175,81.756424,0
2108,2606,75.689133,0
2459,35,83.474617,2
2901,2614,66.542831,1
302,2251,42.672798,2
2139,1729,91.052795,2
238,2124,98.324577,0
1677,864,61.877163,2
658,1055,32.315197,0
1821,963,79.663353,2
1801,1690,75.874344,2
1605,1101,93.079170,2
2794,2500,73.520676,0
493,204,52.514561,2
637,1351,77.112366,1
848,1092,12.654199,2
2544,2556,4.478179,0
556,1611,21.287939,0
1415,589,85.768875,0
2659,2536,3.861032,0
261,1319,19.397104,0
1134,2693,19.366465,2
2042,2586,41.921810,1
2871,465,19.366879,1
139,2628,82.141212,2
1680,1153,73.120956,0
1223,1539,39.008568,0
2921,306,80.822411,1
104,1462,51.317902,2
2343,595,15.564203,2
2937,155,21.959471,0
1381,2890,67.612465,0
2955,1848,7.491234,2
1025,394,61.040718,0
1898,1014,14.014956,0
351,2929,33.753872,0
2161,698,82.893829,2
1140,1134,34.361179,0
616,364,18.126600,2
683,1788,85.325706,2
1425,1760,51.044247,0
1272,2929,90.459763,2
2791,129,17.041122,0
1464,378,76.154892,2
801,2141,32.724953,0
1086,1210,48.298431,0
582,736,50.121456,0
2707,2546,96.472878,2
991,1953,37.708904,2
2608,2180,47.731785,0
1314,694,59.140408,2
1057,760,8.983449,0
1216,2348,5.827757,2
2055,479,25.833176,2
1484,2939,53.739494,0
2098,428,44.139324,0
340,538,47.126968,2
2809,2968,48.258045,2
1121,108,0.130371,2
2343,1189,98.564743,0
1474,2572,56.263245,0
2160,2216,80.723969,2
594,691,25.841051,0
2457,1825,4.732649,2
211,811,28.227684,2
988,1437,56.804554,2
264,1471,48.787273,1
1329,2145,43.302494,1
194,26,27.292957,2
1856,2878,4.997917,0
2812,2141,97.466476,0
1156,1996,27.787748,0
90,1664,96.421539,0
2686,1370,31.005554,0
2124,29,20.372738,0
1210,1169,2.612376,2
1687,756,21.156176,0
1626,1275,37.658596,0
599,399,17.888824,2
1245,264,22.767265,2
2039,593,97.696457,2
1341,2717,10.286293,2
1653,657,1.228768,0
2612,2956,32.074215,2
709,490,0.835999,1
2629,2999,72.325745,0
2101,2960,41.060669,0
2916,1476,60.430679,0
1067,2350,13.842268,0
2328,1705,81.342941,0
1836,1720,65.279533,0
1509,1517,66.083824,0
2556,41,59.920990,2
975,2388,15.748446,0
1026,1743,72.858727,0
2767,1834,69.397156,0
1382,1254,16.634031,2
2858,1915,6.971969,2
205,2027,12.896922,0
954,553,57.434258,2
2078,2597,44.776577,0
1312,1722,84.925102,2
561,1709,96.155396,0
2023,1229,75.344559,0
1260,2467,49.305981,1
82,876,98.511414,0
1697,2363,24.411669,0
1324,2218,96.229858,1
2843,2118,91.192604,0
177,1525,45.856007,2
1321,1161,50.138836,0
25,1071,13.220125,2
1578,1917,69.041100,2
132,2626,55.385345,0
504,1008,48.314838,2
388,1466,66.571297,0
429,1964,72.144920,0
923,2848,99.404572,0
2576,1255,33.124336,2
2496,2150,62.316277,0
2015,1065,1.855434,2
1040,2763,67.045784,2
2756,312,79.010735,0
2194,1817,77.819481,1
2720,2314,16.955349,0
1889,132,71.743729,0
2225,2103,1.497113,0
870,2013,25.934958,2
1304,2250,31.959091,2
289,2375,91.106590,1
265,1308,54.771999,0
1091,509,15.190801,1
2484,367,88.911697,0
1257,364,34.493595,2
2688,2750,70.295204,0
207,227,13.658332,1
1272,608,48.110783,2
2877,999,84.167023,2
1007,1768,87.963387,1
1685,753,44.593143,0
2358,419,4.795567,2
1338,1721,56.133236,0
1447,902,42.823322,0
2194,2356,61.566849,0
644,2809,86.395905,0
581,2601,94.086075,0
595,2805,44.851086,0
1631,729,7.122746,0
2743,2370,8.107715,2
1464,2468,98.792778,0
1037,1363,98.272766,2
2263,130,90.089470,1
2492,652,3.544646,0
682,461,44.260433,0
1276,948,85.267799,0
2428,2820,72.405251,2
2117,477,54.617294,2
966,1035,79.840996,1
2166,1389,2.152228,2
29,1593,5.047805,1
867,2200,19.881897,0
2009,2792,79.717888,2
1117,318,91.855247,2
247,1010,9.168264,0
2379,148,19.011774,0
2110,2076,1.261000,2
372,1764,51.017849,0
783,1256,22.663851,0
50,1089,59.984631,2
1520,2675,50.860718,0
1939,2218,48.545357,0
2687,2026,63.543564,0
1551,974,34.838142,2
878,641,68.390404,0
989,289,35.348022,1
1958,745,14.940016,1
2550,260,73.538376,0
1363,785,23.500797,2
1487,431,51.255054,0
909,2996,81.560440,0
1615,1724,33.032982,2
1336,1902,5.512557,0
1764,2980,4.025430,2
264,2329,83.773384,0
428,1024,30.740210,2
1545,2413,19.352028,0
51,2699,34.947998,0
1123,1863,40.108555,1
258,546,26.563240,0
1512,732,32.471401,2
2785,357,19.653961,0
568,82,24.663641,0
2791,1510,44.719040,1
2447,81,84.024338,0
218,531,73.264931,0
720,521,27.747124,0
1578,1387,67.504639,0
1836,288,45.172905,0
2722,1793,36.092266,0
1460,1185,71.593033,0
582,2245,83.848274,2
1698,1561,37.878830,2
1377,2985,5.796388,2
1223,2121,28.802521,2
2738,77,35.001831,2
2973,1152,21.104343,0
280,10,66.162804,1
2622,624,93.674484,2
1881,1453,12.964712,1
1669,653,40.031300,2
2366,729,60.308815,0
1360,961,89.342529,2
2790,698,67.998764,2
476,2076,17.566446,2
2072,813,15.632159,1
2875,2164,24.176983,0
80,1282,70.983337,1
154,1046,10.430001,2
628,722,66.194687,2
2185,1917,14.412530,2
548,1078,73.210327,0
233,2746,99.534187,2
2437,1527,94.219383,0
2636,950,64.322495,0
2969,1809,56.048336,2
1928,1303,34.703926,1
2626,1852,70.420990,2
2074,2668,72.842094,0
2985,1628,58.112110,0
2010,817,30.893230,0
275,669,32.585754,2
85,2342,6.902537,1
89,1626,74.131874,2
1229,2446,27.211153,2
621,990,42.422356,0
1470,183,36.285934,1
267,1816,47.231678,2
1746,2235,4.016496,2
1181,922,89.281067,1
1902,1154,38.210461,0
2086,738,9.076444,0
1289,2721,63.130981,0
46,2204,73.016899,2
1346,2291,67.129631,0
2671,2429,0.541805,2
1103,2175,43.403408,0
70,1184,24.266537,2
208,2136,29.369837,2
253,702,59.150867,2
131,2825,78.224838,0
442,946,7.606668,2
1588,2251,49.888496,0
2887,2162,48.880497,0
820,288,90.042053,0
935,7,24.478975,0
1584,897,69.884140,0
2663,1123,76.066910,0
841,2636,34.764786,0
2836,1689,74.304474,0
1540,809,77.197182,2
2130,760,58.396530,0
959,926,74.522057,0
1661,200,47.095253,1
1254,2804,70.736794,2
2195,606,17.040735,2
151,1305,46.572952,2
2186,1081,29.991035,0
1543,1004,98.924225,0
1308,631,41.293312,0
69,1440,30.337357,1
2045,2732,98.797653,2
1120,176,43.865383,0
1264,1317,48.009235,0
1378,2096,66.739105,2
1936,117,48.065388,2
2309,2704,2.989987,0
2252,451,96.291046,0
2357,1240,92.715157,0
2617,1556,73.145767,0
1298,1599,16.727543,0
649,1691,8.886728,0
542,1782,80.998184,0
1072,2852,88.578957,0
843,2860,36.519066,2
2884,1324,73.340729,2
1979,642,10.091482,0
2647,755,18.066338,0
1390,54,7.985507,0
2302,886,57.067753,2
2862,2608,51.592152,0
672,2987,72.264061,0
996,2788,89.448074,0
2916,2590,90.502060,2
533,1826,61.905437,0
2749,455,33.908146,0
408,1238,21.400057,0
2048,2152,69.735725,2
1810,788,42.694740,0
117,1945,81.807838,1
1293,2410,4.510544,0
2194,2144,90.110466,0
2713,1459,85.822861,2
2790,1024,1.608255,2
2204,2566,82.396248,0
1194,2329,29.683662,0
1899,629,58.890305,0
63,2618,77.439133,2
2777,308,93.998833,0
344,1936,84.274963,2
2321,2627,71.921669,0
1733,330,27.023458,0
1220,282,12.803768,0
462,1787,82.347626,0
2093,2921,87.689926,0
1670,1666,34.468994,0
601,330,72.674187,1
913,798,81.632904,0
753,2076,68.823349,0
967,105,98.149300,2
734,2827,92.837006,0
1027,213,60.635094,2
2854,1211,99.512856,0
2996,1579,89.272789,1
2925,1851,93.947380,0
1340,2297,23.020142,2
1101,1427,80.690590,1
1620,1732,34.249783,1
407,523,90.943512,0
2740,1926,72.572609,0
1603,75,85.716530,2
885,739,2.323966,2
1718,1948,35.995613,0
492,589,80.141464,1
1269,1430,34.976120,2
2825,2432,85.513878,0
1376,1074,32.250179,0
2074,1345,45.075260,2
1191,784,84.117935,0
943,1894,46.154812,0
2111,499,82.788414,2
2037,199,11.724883,0
2894,1812,50.309399,0
1382,2756,53.510342,2
2181,1820,47.450592,2
946,2944,77.401352,0
616,2694,60.174259,0
2937,1526,4.849882,0
1606,2262,93.295792,2
2755,521,88.655663,1
1058,1759,77.060265,0
1312,1354,42.225647,1
1247,2324,63.762619,2
821,2909,84.998001,0
2463,1035,91.090477,1
1740,2118,75.745102,2
2847,1871,65.431183,0
2071,2943,11.223765,0
2548,1258,45.796974,0
1625,306,12.427672,2
1618,1318,17.206661,0
852,437,53.008152,0
926,701,34.674763,0
2839,1936,40.558342,2
2321,2425,36.362736,0
1524,1068,69.794182,2
1417,308,35.380184,0
354,1217,67.228287,0
2961,2703,58.784950,0
2371,1836,26.143673,2
304,902,75.146973,2
2596,1138,83.561394,0
2862,117,60.949223,2
867,1538,73.340729,2
605,2395,67.547218,0
365,2052,20.996883,0
2353,1828,53.967861,1
992,2688,56.694115,1
1226,25,47.686970,0
1010,1825,31.312202,1
2066,1625,44.442673,0
2008,1786,55.250359,0
2513,1878,81.333153,0
646,1014,66.390831,0
2544,2008,35.940018,2
2128,2072,74.304474,0
1137,925,95.812538,2
2243,214,81.336678,2
2605,1944,54.616028,0
779,1123,87.965851,0
75,1554,94.811813,0
1643,979,72.381950,0
2897,677,47.610775,2
904,789,4.970701,2
2067,2308,40.822769,0
132,1133,67.169701,0
2110,430,13.241755,2
2978,247,63.475445,1
2233,52,57.926720,0
2224,657,51.358196,2
1501,1600,10.640028,0
1882,1791,98.950981,1
900,2148,23.857697,1
2030,1397,41.197567,0
901,1524,85.004333,0
2944,2935,91.136284,1
2797,759,38.458431,0
1833,1319,85.540955,2
2765,2248,34.718090,1
1396,456,2.031548,2
160,1475,20.776321,2
513,480,10.441731,0
2881,1597,66.725266,2
131,416,91.954956,0
1184,2765,75.465965,0
1879,874,41.209736,2
985,2931,82.527473,1
1783,640,83.773384,2
2980,528,44.523911,2
152,1721,59.134598,1
1874,814,55.455654,2
1692,2070,25.533043,2
545,2590,31.862993,2
1802,532,64.202583,0
1201,1930,77.583885,0
2394,2467,80.714409,0
2186,1129,99.529678,0
2973,1925,1.485494,0
2282,2790,27.010509,0
938,1181,75.664551,0
2828,2300,92.877174,0
2721,2928,14.774488,2
1689,699,40.925457,1
2726,1484,86.732559,2
265,2220,24.515749,2
1077,54,44.260586,2
520,1911,86.228874,0
2531,1488,35.734272,0
2513,176,62.899342,0
661,1612,89.552078,0
1534,457,7.102965,0
344,37,98.705490,2
1366,259,93.259727,2
1367,1096,70.324966,2
2047,2641,77.399780,2
2612,2224,99.466484,0
1121,1272,18.807863,2
1049,914,15.084981,0
382,1378,97.403870,1
2985,2140,97.217781,0
2387,232,84.117935,0
743,1822,21.736216,0
123,952,66.434402,2
95,687,90.471275,2
138,2109,54.980568,2
2108,1425,38.396690,0
595,1547,87.687469,0
1413,1589,8.038308,0
2313,981,78.835854,1
937,996,37.881653,0
778,108,68.685707,2
707,2526,47.414146,0
1375,1862,33.976788,0
405,363,45.628197,0
2766,1094,73.870148,1
1813,1672,59.055656,0
1740,2294,42.491425,0
2612,2079,10.361672,0
2973,1999,77.640625,2
2721,864,99.758896,2
401,2158,73.014870,2
122,1260,79.323669,0
2346,1843,22.696898,2
2840,329,17.673828,0
696,253,81.525993,0
627,1801,62.292599,0
1386,42,3.559389,0
2911,1153,62.540054,0
1284,641,69.823059,0
992,869,56.268692,0
1119,1991,5.531078,2
2569,721,0.146386,0
1023,1887,39.105709,2
2148,2832,73.850510,0
1820,1041,34.908085,0
802,2244,49.077370,1
197,2907,49.544201,2
1889,1670,35.610012,2
1241,1994,43.988773,0
2123,2312,48.346863,2
1439,2766,54.398319,0
2829,2179,38.340385,0
891,1687,22.301195,0
1969,579,60.316921,0
2318,641,60.764194,0
2360,2613,31.273813,1
752,570,71.113472,2
2159,1240,93.087074,0
2977,2070,48.917389,2
1420,698,82.878235,2
2914,414,16.727543,0
2524,371,0.955064,0
1864,23,31.072329,2
1597,509,16.706469,2
1164,2875,3.218633,2
2931,1705,58.168411,0
117,502,98.695168,2
1013,2360,83.720154,2
112,1911,47.345245,2
212,1513,57.008556,0
657,805,76.927399,0
1967,2534,99.900467,1
386,2423,6.759602,0
304,1359,34.544094,0
2277,1629,56.010193,2
1740,2652,39.451164,0
1892,82,60.091602,0
2811,2023,66.249481,0
2894,2003,11.932721,0
2744,1033,70.104057,2
1007,1940,78.473228,0
2585,667,5.817011,2
218,1025,50.363998,0
1995,2289,93.801498,1
2778,1005,25.368523,0
2036,988,39.435863,1
1821,1801,29.073479,0
1590,1792,80.579918,0
2398,2111,32.829914,2
891,794,84.613083,0
2608,2520,74.222542,2
133,1949,74.901596,2
953,2971,29.896952,2
1086,215,68.377472,2
2165,714,73.562187,2
151,2694,30.405693,0
2365,531,70.686806,0
2509,933,6.362318,2
1891,2174,19.363361,2
491,1628,11.456345,0
1146,307,96.579208,1
2796,1737,71.888229,0
161,2412,78.580261,2
2598,2874,41.579388,0
149,1453,90.382828,0
1132,386,49.921158,0
2763,354,67.915733,0
2457,1200,19.422951,2
719,2567,20.010098,2
847,2415,18.835749,0
103,788,91.626144,0
2426,1081,9.210622,0
2125,1777,7.791821,0
836,2929,54.533791,1
1394,1524,82.483887,0
202,2170,20.778156,0
31,299,71.457649,2
2038,2263,50.750957,0
1253,1075,65.104446,0
406,2309,26.261330,0
1851,1232,19.048780,2
1860,349,69.382896,2
1828,1304,86.911186,0
771,1150,47.153721,0
2941,594,10.966311,2
2375,2174,1.299997,2
148,106,5.072021,1
999,2839,74.167702,1
141,939,76.767197,2
159,2840,65.944351,0
559,2489,52.758915,0
2131,2565,52.006706,0
2720,222,98.905571,0
762,356,25.801430,0
1663,2946,75.517570,2
2611,34,59.718655,0
497,1321,46.347206,0
1109,2291,13.080006,2
213,264,86.211884,2
2829,2090,60.674324,0
2399,436,85.482742,0
434,620,84.138702,0
1274,1561,81.507172,2
1745,1535,26.048134,0
461,511,75.156601,0
2872,2033,12.676289,2
333,348,91.741539,0
516,335,19.660942,2
1243,1177,97.258568,0
2157,439,81.151146,0
1365,1275,32.897758,0
419,449,28.445129,2
1308,963,2.487037,0
2034,2216,25.545681,0
1234,1614,34.708725,1
662,2282,0.550443,0
324,1501,41.105095,1
2612,2478,84.698738,0
2553,2803,32.211494,0
278,285,15.991332,0
856,966,48.428753,0
1683,2053,55.706844,2
124,990,77.343559,0
1501,2469,40.823921,0
826,2107,17.783157,2
485,2762,93.768547,2
936,2781,8.584739,2
1979,2525,26.056587,1
872,2334,7.179347,0
1581,43,3.471132,0
2478,2344,89.744827,2
844,18,90.641083,0
999,2410,29.059410,0
543,1127,79.670097,2
1247,1312,47.160374,0
2059,2369,90.456581,0
2270,2688,90.556984,0
963,1422,82.686363,2
1526,1298,37.586388,0
2117,1653,78.296715,2
1404,68,74.814751,0
1907,1184,6.115968,2
1554,1132,14.054145,1
1656,1610,21.890207,0
651,1759,93.656197,0
2819,742,3.203066,2
1471,2552,51.871792,2
866,2108,6.811444,2
1990,937,97.993828,0
1875,1216,19.651241,2
2989,1340,73.195450,2
2643,1526,51.356529,2
2047,2661,98.792778,0
1804,2148,82.731972,0
1235,183,35.527832,1
1024,1595,48.621212,0
1325,1287,27.093340,0
2104,351,48.224571,2
424,2604,66.678551,0
1307,2534,97.140854,2
2680,1209,43.840519,1
2284,2802,76.146950,2
2603,1022,36.306938,2
2470,704,72.984528,1
570,442,35.610012,1
1140,2323,15.632465,0
473,18,90.502060,0
2105,1461,60.316322,0
2806,2099,10.130655,1
2007,1268,85.486008,2
1770,474,98.348343,0
2715,1997,43.299866,2
1849,2810,17.983320,1
1595,1549,41.161625,0
2273,137,91.113060,0
1507,1120,77.958366,0
1429,1941,95.268822,2
903,2445,65.452499,0
1906,202,80.056931,0
2866,2402,90.255753,0
489,2581,74.917870,1
521,2247,48.226250,0
2012,1347,97.064278,2
1950,503,26.453112,2
227,1731,68.099243,0
1630,1800,5.763576,2
281,798,84.896530,1
513,2239,49.187363,0
2855,716,79.490883,2
44,607,20.817833,0
2167,2408,10.558682,2
2714,2579,70.109726,1
94,1567,60.124901,0
1789,539,19.006491,0
1313,2465,80.592026,2
1560,1527,86.173050,0
2215,1228,33.776466,1
2268,1086,23.015432,0
1067,2999,67.975716,2
97,289,69.516975,0
1549,822,51.105789,0
1897,1447,53.136242,2
1738,2264,15.257875,1
2976,2134,86.199310,1
1937,2907,33.501122,0
1648,2353,60.378281,0
2010,1744,76.300507,0
1805,1301,28.335350,2
1584,1549,18.257627,2
2072,554,6.736066,2
1047,2978,87.791580,1
960,870,73.836014,2
2815,2571,7.592315,0
730,2673,53.856567,1
2668,888,66.929680,1
1214,2509,81.926987,2
1673,768,72.552948,0
578,1394,36.912762,1
1797,722,55.947140,2
2345,1605,68.713890,2
1778,2744,47.007420,0
2802,2439,70.365326,2
1686,969,88.783966,2
1592,413,43.049088,2
2918,1908,2.810438,0
1372,1847,77.257050,0
304,979,82.370407,0
585,570,62.182140,2
1830,997,73.894852,2
2065,2729,49.189087,2
2258,1633,56.952885,0
1802,2604,40.980968,0
275,1697,35.191578,0
462,1563,68.378761,2
965,1364,14.324985,2
1778,138,29.919924,0
488,1968,8.330625,0
1431,2124,29.901148,0
1856,995,40.041851,0
2908,2483,56.417614,0
438,527,29.396469,0
2144,871,5.096968,0
996,46,97.542900,2
1455,501,33.725864,2
2452,1768,79.206917,0
2732,2834,94.174156,0
1352,2940,81.524590,0
2474,2163,24.185703,2
812,1039,44.242184,0
1503,2114,49.516449,2
2491,2687,81.629837,1
433,2646,55.394356,2
1950,2278,34.553978,0
2593,891,88.058029,1
829,865,29.225922,0
1175,434,7.907015,2
295,2428,13.528172,2
1602,2276,60.285461,2
1355,1049,38.551899,2
1209,766,99.080528,0
1734,881,76.307800,2
1439,153,24.317720,0
718,1800,80.592026,2
1660,46,27.657845,0
895,820,47.977627,2
2436,2278,57.224827,0
2578,1905,93.334045,2
425,1019,72.994621,0
1410,894,19.202780,0
2473,2155,20.484201,1
2240,923,73.706337,1
1300,1628,90.571045,0
660,601,64.535583,2
2884,1699,38.655136,1
2128,2192,93.944511,2
197,802,27.979816,0
98,2660,50.443378,0
2744,620,66.506432,0
1284,1177,60.511032,0
605,2354,77.628517,2
1083,2416,3.474637,2
902,1271,72.325745,2
1666,2011,93.035156,0
555,1885,7.761847,2
1617,2498,7.795753,2
1296,2551,14.022491,2
1498,123,21.708162,2
1472,2435,41.794621,0
2919,2333,59.754585,0
2713,1401,85.461754,2
2491,2670,38.570824,0
1577,1551,72.763306,0
1044,378,57.182014,0
352,738,6.129125,0
1648,2231,91.377121,0
918,2647,54.728008,2
1783,2465,94.464935,2
1954,18,85.411087,2
1770,51,36.930115,2
564,1082,50.587204,0
1741,2458,79.058113,0
2537,2166,5.084627,2
2080,99,97.280106,2
1798,2417,23.753813,0
2486,1088,59.824814,0
2699,890,51.826744,0
2585,1756,92.942314,2
2588,1092,33.711754,2
2734,433,52.686539,1
161,2288,17.229952,0
1482,5,93.168655,1
1628,2091,12.639536,2
711,1948,87.433235,0
2735,856,65.912323,2
2143,1407,54.232372,0
2086,1142,91.129890,2
21,2967,66.233276,2
849,2631,87.640823,0
838,1395,6.754946,0
1858,793,34.731106,0
2757,2765,47.589493,1
471,995,5.739553,2
3,357,10.398993,1
2036,2729,38.323105,0
2000,1708,87.536118,2
2336,2491,47.660828,2
2380,569,41.454346,0
232,2195,68.084648,2
1267,654,34.764786,2
1954,918,10.692809,0
649,1652,77.227623,0
2668,1377,31.704229,2
2026,632,68.129486,2
1862,2617,34.236126,1
2948,126,13.656392,0
292,2176,27.568560,0
2410,1879,9.680280,2
131,1589,17.031506,2
784,972,29.837175,1
1054,448,10.438121,2
1733,27,81.960167,2
1562,1896,54.630898,1
27,112,68.840294,2
2584,1958,92.458397,2
368,1792,17.949123,0
1540,2078,7.592315,0
1800,259,16.699190,2
1571,854,98.939865,2
1963,1321,75.421043,0
1857,2512,61.749756,0
1867,533,52.164024,1
2871,120,76.265518,0
836,577,52.201694,0
2648,680,52.610573,0
1391,1793,81.756729,1
373,2256,55.122604,2
1674,2721,86.858185,2
1619,839,63.360703,0
2198,291,17.117876,0
337,2643,60.215508,1
1625,1756,5.167929,2
1554,2339,41.173542,0
532,1254,32.423622,2
288,1241,74.280869,2
736,1625,11.019148,1
1029,1956,33.457832,0
1111,2223,30.518074,1
59,2191,89.388412,0
1655,2027,18.794134,0
1265,2076,41.893425,2
1305,2582,29.636150,0
458,2509,72.199875,2
1542,1492,47.458382,0
1145,2465,83.108078,2
2393,2381,18.962725,0
89,1398,33.049072,0
1605,1334,24.815296,2
1701,1637,93.996979,0
926,1655,34.545090,2
2123,556,0.338923,2
2907,1841,32.899132,0
1714,1287,66.869598,0
2074,406,39.466545,0
1824,1742,52.938320,2
88,1391,72.830338,0
2021,2367,85.672554,2
749,567,50.479259,0
2341,656,7.554621,2
1760,2853,56.899548,2
1684,2023,10.698100,0
2578,2450,53.173363,1
1120,365,66.729561,0
993,2946,8.450205,2
2677,2230,18.003883,0
190,1171,94.393242,0
2950,1719,63.413235,1
1184,420,67.748711,2
2388,1536,24.061947,2
2192,331,72.433098,2
2598,1411,79.743805,2
1922,558,92.610886,0
988,2705,13.201588,0
1208,2224,39.667118,0
433,225,72.631516,0
2199,1114,47.819523,0
1926,1653,59.343582,0
331,23,22.067307,2
1723,672,70.956726,1
1880,1513,65.661484,0
1464,2106,53.205383,2
1999,105,2.128170,2
1487,899,68.992439,2
1212,807,91.978111,1
287,1285,32.928226,2
741,1485,9.010711,0
945,2386,45.471897,2
935,1135,45.705048,0
1867,2996,31.748281,0
402,2749,73.212227,0
2789,711,39.908012,0
1318,1845,24.693844,0
319,1401,56.918945,0
772,2652,8.896820,0
847,2247,33.899849,0
2630,2976,32.899132,2
1309,2464,87.988060,2
261,2191,74.150505,0
2908,2217,14.908395,0
1057,2755,94.930962,2
2246,2410,57.890804,0
865,1738,66.895309,0
2370,1760,48.291515,1
88,1770,29.803061,1
1960,2810,95.185814,0
2989,2884,81.366051,1
588,103,54.362328,0
2220,1616,85.319046,2
2631,2155,51.009220,0
2419,1102,29.402008,2
2988,2510,83.352936,2
301,45,76.363037,0
2908,2277,68.556763,0
472,2202,83.137665,0
2429,2016,24.942099,2
385,2439,49.720909,0
2542,280,22.750486,0
1296,2401,4.843174,0
1389,1998,40.239979,2
2745,2938,35.737038,0
757,2308,57.274193,2
249,1885,88.980766,2
1199,372,82.047714,1
2698,2280,53.831905,0
1803,492,2.366960,2
1517,1528,40.534664,0
342,1798,38.685261,0
2758,50,92.033928,2
2429,1041,79.795227,0
1431,902,0.958075,0
2669,150,53.368237,2
2282,559,77.530342,0
2917,2282,1.487643,0
2170,502,15.322871,1
1102,1479,46.398327,2
481,582,35.550785,2
115,655,83.676338,2
566,1991,55.295429,2
98,2768,5.360178,2
757,267,57.672119,0
2706,801,98.524757,0
2457,2436,23.553984,0
2161,1059,24.686140,2
2759,614,2.283273,0
1188,1042,30.882061,2
1912,2521,22.148954,0
2959,2731,6.600128,2
462,309,58.168411,2
484,59,49.666290,2
2929,975,67.194862,2
924,1829,4.077106,0
1130,729,70.308014,0
1576,1128,43.035820,0
2528,1965,90.816978,0
61,269,30.786123,2
912,1250,42.196495,1
369,1351,59.531452,1
61,548,34.597874,0
1908,2587,30.821079,2
1967,1379,8.789894,1
845,1910,90.825691,0
1414,2877,87.057213,1
2370,397,98.136436,2
2931,1302,48.465675,2
1974,79,68.585258,0
636,118,24.663641,2
1369,1837,31.609535,2
2253,1999,61.350254,2
2130,1860,88.422356,1
2206,2413,36.060276,0
1380,2676,0.958075,2
348,818,31.409719,0
1831,2180,98.705490,2
1769,2002,20.297428,0
187,2014,27.227880,2
2896,603,67.547218,2
1815,1361,14.304892,2
1153,1162,2.869105,2
1807,1721,14.324985,0
711,2759,30.670883,0
1894,1244,48.226250,1
1616,2718,57.335506,0
936,557,63.176697,0
1628,1680,98.695168,0
2348,811,91.035294,2
2131,1006,58.166069,0
665,865,79.424446,0
2415,1804,87.197998,1
1625,1477,23.831030,2
2198,1337,80.136597,0
2465,1337,59.599697,0
791,2901,70.900108,0
520,2461,55.178020,2
1521,559,3.993755,0
354,1080,19.552053,2
1474,1769,9.554916,0
2320,885,58.491409,2
1906,1260,42.748505,2
691,2219,54.199654,2
1064,1681,65.120605,0
698,583,86.289856,0
787,1098,11.459401,2
2606,2765,84.411743,0
1890,2828,59.387123,0
975,915,11.984338,0
2515,2909,48.922737,1
1783,2363,49.833935,2
2436,849,74.451706,2
466,1140,37.726318,0
2766,1304,23.461058,2
471,1441,44.192490,2
1474,156,63.159180,2
2431,843,23.582838,2
1025,1454,63.202599,2
1015,154,13.698103,0
1429,2564,74.197372,2
620,2309,3.089821,0
2060,2469,3.825759,0
323,2294,82.057159,2
556,941,96.776939,2
2953,1800,67.757126,2
1424,345,57.975101,0
1157,1749,66.944618,2
1079,31,79.876167,0
855,2649,83.272858,0
2726,2453,17.093683,1
2290,196,38.364471,2
178,1421,53.704967,0
1537,2790,44.713531,0
579,2978,88.793137,0
2692,2189,18.555307,0
1645,397,48.781822,2
653,1493,46.409294,1
389,2046,67.931122,1
2006,2653,5.621033,0
2938,1515,48.147533,2
466,1029,95.841469,2
1791,2793,90.089470,0
2684,6,77.112366,1
1152,179,22.835384,2
615,517,16.649399,0
1811,941,53.107357,0
1936,1384,78.969521,2
2422,2792,17.750261,2
29,341,69.887115,0
2383,797,31.236721,2
2946,2444,13.549473,2
1020,1181,92.058472,2
222,1621,39.528656,0
1160,2105,35.359318,2
993,324,48.532948,2
2469,1774,44.477234,2
242,217,41.709965,1
734,2545,80.835373,0
818,1973,32.774452,0
715,140,61.209614,0
179,1069,40.702484,0
1712,1570,38.679455,2
917,171,80.932266,0
362,1316,16.841536,0
282,1370,79.154671,0
1846,178,64.396355,0
809,328,61.963631,0
1957,857,69.325974,0
1519,928,17.193483,2
201,1351,83.298668,0
2595,421,63.303658,2
76,547,40.569122,2
761,2457,77.860550,0
488,541,42.977676,1
69,1535,90.569946,0
2070,329,88.767464,0
23,37,74.053268,2
493,678,93.372971,0
602,1099,63.738068,0
2752,1520,16.692265,0
2191,2878,94.019554,2
503,1719,71.855034,0
1334,983,60.073303,2
183,1929,36.981503,0
2142,2736,20.516397,0
2817,2291,35.177719,2
359,2850,65.132729,1
2199,923,77.335632,0
410,535,42.973419,2
1616,1705,18.665285,1
758,1658,26.453594,0
502,47,92.729637,1
1618,2171,15.325875,0
1017,2841,5.452111,0
2266,2659,20.338680,0
2883,2359,26.480186,2
2926,1711,57.946949,1
1140,2774,38.770344,2
2336,296,81.515427,0
1955,2209,54.080849,0
1044,353,96.065331,1
538,1875,34.223473,0
2097,2127,71.931526,2
2684,2395,20.501637,0
885,856,13.778938,2
1235,1494,62.899342,0
1568,1122,52.291275,0
824,1789,72.430206,0
1827,2734,86.983940,1
2356,2629,52.225597,0
893,1446,77.389725,0
2639,2929,86.669533,0
1122,160,47.645466,2
301,2698,63.052280,0
2073,762,73.907387,0
1457,2603,98.163452,0
953,2533,25.064884,0
908,316,97.789284,0
2438,2786,2.697546,0
2385,2545,97.472801,2
2339,1673,91.041847,2
2794,1473,37.900063,0
2144,110,5.523876,0
232,286,48.428707,2
2498,2381,26.039400,1
1341,475,53.982491,0
1111,2586,75.712631,1
1183,575,3.599455,2
2541,1170,6.918567,2
2104,1812,43.702194,0
2661,319,12.440508,0
1483,2598,85.643196,2
1502,2750,57.191772,0
931,1000,47.210499,2
988,1871,30.757624,0
1047,840,2.257736,0
835,173,78.960869,2
1922,2942,16.069880,2
2276,1850,54.166561,2
264,986,21.104343,2
1443,2559,30.715204,1
1960,2481,14.996608,0
1296,896,82.465942,2
1135,2825,67.435387,0
1709,1588,86.524994,2
2471,1201,47.269001,0
2022,1188,63.871815,0
164,2111,69.221657,0
486,1751,16.375414,0
1193,31,31.256569,1
2657,2411,8.592947,0
1518,270,96.864426,0
2426,1080,79.670097,2
1098,2676,42.207550,2
2341,1677,56.405182,0
2445,689,30.137856,2
2728,1370,48.822662,2
2951,1314,56.161125,0
2897,447,73.602280,2
65,2622,90.473747,2
1297,277,23.558521,0
353,2698,82.070839,0
1891,1836,50.393089,0
935,2192,56.108368,0
568,389,64.270569,2
2668,2716,65.602615,0
2907,1344,85.246719,0
2297,2480,47.327129,1
661,930,64.472794,2
2528,1389,41.181087,2
2586,2177,40.730240,1
790,987,42.698643,0
569,2480,24.891823,0
2504,2399,10.063679,0
227,1748,31.813728,2
2432,1191,40.256756,0
825,2860,47.694248,0
2688,2664,74.048645,2
2075,867,26.928375,1
416,1817,94.993546,1
1010,2446,14.436586,2
669,2866,91.107162,0
1485,2100,14.222767,0
135,2535,17.669615,0
1053,54,58.237907,2
2147,1438,33.389820,2
2297,1977,59.120178,1
608,347,19.493969,2
1527,2982,61.862892,0
170,2587,38.716286,2
2121,231,45.843819,2
506,877,36.412685,2
2729,703,35.255295,2
487,1347,81.340805,1
229,2031,92.306511,0
157,2833,40.323235,0
1320,42,87.882690,0
2209,654,19.142452,2
1306,396,64.550308,0
819,1288,82.669998,0
1304,102,14.940016,2
620,2994,5.693356,1
245,1048,44.697880,0
2613,1942,81.670250,2
1969,2403,39.599358,2
2330,1124,23.694054,2
1957,1720,13.946307,0
2192,1290,59.188618,1
629,1005,27.443802,0
481,2273,74.015999,0
1341,2863,73.597809,1
854,1666,71.018517,0
1690,1300,49.927505,2
2483,1687,31.856537,0
1090,280,56.065643,2
2646,2963,81.720596,0
1065,240,94.988625,2
2791,2690,13.022848,0
2570,610,71.556297,0
147,1492,58.961422,0
465,1929,89.389259,0
1745,326,37.217266,1
2214,1362,54.092564,0
645,1816,56.698345,2
1614,2994,4.092109,0
2042,482,9.660213,0
2696,60,18.922329,2
847,2773,39.859657,1
1315,207,39.897594,1
2759,1420,59.639103,0
2955,2957,59.213745,0
1432,1859,61.493053,0
1453,1988,41.504292,2
661,836,43.756264,0
780,2459,56.309074,2
119,801,51.674347,0
2126,2400,84.125221,0
304,297,23.384216,0
201,658,75.267746,0
2261,583,40.380318,2
2333,2805,62.112453,0
195,1276,68.768166,2
789,2302,83.426308,0
212,2135,17.417782,0
1774,1142,19.061886,0
526,1598,75.790436,0
1004,2441,76.990883,0
2961,1154,78.078888,0
38,2600,66.596565,2
1515,1481,14.622320,2
789,661,68.200424,0
2191,2950,84.984673,0
1833,331,51.246784,0
1186,2953,21.896824,2
2984,1668,37.931198,1
2847,364,61.430416,0
2930,876,45.961555,2
2996,1693,19.903496,0
2641,1840,73.635918,2
1495,1863,33.696152,0
323,1629,1.570358,0
2735,1603,76.300507,2
1833,2157,62.578930,0
2967,113,10.720233,2
2337,1192,70.362526,0
2629,2059,11.512177,0
891,1579,23.351967,0
2934,2125,44.036068,0
1963,1328,60.431313,0
2877,2644,63.282990,2
945,1981,87.998856,0
1796,1528,16.855431,0
1829,45,16.058195,0
2496,1549,45.322998,2
432,987,58.315868,0
1222,185,25.478334,0
832,2253,27.524939,0
1886,2489,81.184616,1
2965,1903,95.493797,2
1839,1415,93.611099,2
2208,1335,73.266907,0
1326,1251,71.694649,2
224,2332,96.855675,2
2116,2174,16.439537,2
77,2207,21.773592,2
254,2813,80.829926,0
879,959,6.145253,1
1973,503,54.475609,2
2993,1883,26.042953,0
1767,1371,2.705573,2
2748,1936,60.227497,0
2382,1717,16.292299,0
2655,2890,90.708794,0
461,183,15.683311,1
1649,2683,83.449768,1
1895,863,82.679802,2
2499,1736,88.098572,2
544,2516,16.037863,0
903,169,39.564083,0
2997,358,62.746651,2
191,37,90.581490,2
931,481,27.339245,2
366,1779,50.565170,2
88,211,92.068764,2
2350,1370,71.820038,2
1345,340,46.761875,2
2044,24,19.857121,1
2220,1963,11.868021,1
648,2770,26.331892,0
2677,383,36.580841,0
1663,1071,23.297653,1
2816,383,18.422100,2
2267,2921,84.016991,1
2992,2538,33.510284,0
2557,27,48.742733,2
102,419,25.758430,2
1126,1211,83.705276,0
871,2313,83.573647,0
1043,2553,49.189976,2
482,225,12.385372,1
557,1809,71.458412,0
1469,492,44.563877,2
2405,329,30.180737,1
1831,1900,11.439836,0
2154,2261,65.750526,0
1732,877,66.342926,2
594,2981,55.214645,2
356,1223,48.425064,0
2060,2259,34.920738,2
1596,1811,12.378028,2
1333,1341,61.300449,1
615,263,90.315018,2
443,2983,19.961296,0
697,421,29.874243,0
2199,1914,74.738426,2
565,1014,67.600456,1
262,2378,83.199730,0
1699,836,85.158081,0
2677,583,96.377960,2
1889,881,86.586853,2
715,1057,22.222013,2
2697,1271,15.257875,0
1872,2811,42.549347,0
2900,564,64.606659,2
1670,858,19.797337,0
1110,1257,35.375927,0
2928,1622,31.310450,2
1341,2443,9.325909,0
2550,216,4.016496,2
1542,2881,44.318184,2
1280,312,89.145180,0
31,1571,96.687569,1
2651,2308,20.525690,1
1263,490,85.624496,0
1859,2205,92.474983,2
1794,1531,92.474983,1
894,874,75.960793,2
2325,1115,85.569130,0
2583,876,29.423565,2
312,2250,88.107079,2
2495,2368,74.791054,1
874,2747,25.676445,0
979,1767,18.268213,0
2308,2073,75.071007,2
2407,1890,26.230173,2
1103,538,96.074997,2
2725,2238,80.947906,0
1669,1044,23.490997,0
1783,1674,54.862747,2
1640,85,45.421669,2
161,1059,86.854660,2
2542,438,57.754223,0
2079,1556,35.232388,0
2184,1951,17.951906,0
2480,2264,89.717529,0
2601,208,88.865349,2
2802,2965,61.583633,0
940,714,1.261000,2
2267,734,34.133186,0
100,288,26.989431,1
1590,2334,69.509598,0
999,2817,60.944389,1
2964,1332,74.707764,2
87,2880,42.598598,0
971,984,93.807442,2
334,116,89.030983,2
2257,1374,12.068897,2
2280,77,58.110977,2
234,2618,33.759109,2
394,124,63.510937,0
127,1306,4.188316,2
954,2828,40.122169,0
2802,79,13.867203,0
1936,573,75.306664,0
1568,1992,72.230743,2
2263,2788,16.668478,1
506,33,93.349586,0
45,1079,81.582748,1
2385,1662,16.963984,0
942,2661,27.809080,1
2953,1736,10.087835,2
466,1821,20.402430,0
2273,2921,9.010600,0
198,1258,1.204300,1
999,932,68.394737,0
2913,735,86.552803,2
2112,2417,76.971474,2
162,951,82.379112,2
1491,2598,90.283691,2
1664,852,52.797798,0
209,672,70.781868,1
1497,2442,36.323563,2
1522,1844,97.938011,2
265,841,70.129951,0
1202,1157,16.713301,2
287,2829,4.275817,0
1995,2287,74.278603,0
944,524,88.154640,1
2199,1189,73.344246,1
227,1529,39.852070,0
2583,873,56.133236,0
2823,2150,2.950438,2
1793,589,70.163574,2
1636,2777,90.921097,2
51,1786,53.484879,2
1142,2796,93.459030,1
1729,295,60.317032,0
1254,1757,40.410946,0
1361,2049,90.881538,2
2479,1393,95.691437,0
2299,1393,25.778543,1
1484,1581,51.221741,0
740,1866,2.254019,0
802,506,34.480141,2
2176,2175,31.047417,0
2706,1315,61.480839,2
749,1383,55.070477,2
1241,1353,94.652145,0
155,2066,91.107162,2
157,1686,29.557980,2
1501,2993,10.474886,0
695,742,72.944984,0
993,1247,92.879181,2
440,2570,18.213905,0
1757,813,62.334724,1
467,2737,58.721115,0
2263,1202,70.417519,0
2034,228,30.701853,0
2127,2377,81.057281,0
1919,1274,89.295715,0
694,336,82.176453,2
1303,2969,98.220818,0
134,2686,76.017670,2
600,927,82.397858,0
648,1780,99.504547,0
1067,652,57.048290,0
1286,937,23.495298,0
616,1923,90.046432,0
1662,556,85.004333,0
2303,327,15.548450,1
2254,2897,33.556580,0
1896,2171,78.642647,0
2201,2714,89.561867,1
1070,221,68.529373,0
789,423,72.301010,0
2059,630,61.096405,0
837,2713,58.594093,0
1141,1745,58.491409,0
1637,1403,35.603924,0
1033,1647,50.597843,0
1196,2012,26.937521,0
2124,2336,18.884106,1
166,201,19.560213,0
2132,581,62.540054,2
1063,179,95.197128,2
1231,919,11.047736,2
1258,2367,3.296295,2
292,429,61.178692,2
1185,995,31.665541,2
2632,681,12.795547,0
479,1413,62.829380,2
1888,2394,58.266403,0
949,2645,89.428551,0
204,2650,22.698902,0
1346,2671,91.074135,0
1688,2048,11.614542,1
711,2423,28.692818,0
2658,2011,60.918816,1
2675,424,2.210465,0
515,233,13.244728,2
759,698,49.756786,2
2932,325,83.384911,0
937,1340,63.517712,2
979,2042,96.472878,1
1658,39,19.301849,0
1870,2575,71.888229,2
494,710,64.985207,0
1086,1771,34.916367,0
483,2866,77.668510,2
1335,2409,37.713875,2
1152,197,68.950706,1
702,1424,0.944703,0
54,469,60.285404,2
786,2145,54.364815,0
1497,1222,51.871792,2
2827,236,33.252502,1
716,419,32.923443,2
1910,1471,52.314743,0
272,2915,87.368996,0
592,2415,44.527264,0
2772,1857,13.874989,2
39,2133,7.145418,0
1196,2903,64.744026,2
1047,1553,77.792000,0
2969,2952,44.344204,2
286,1620,88.816444,1
1571,2020,19.186272,0
2831,2441,41.644394,0
930,704,52.937756,2
2995,34,85.716530,2
2053,1896,59.162857,0
148,205,93.929359,1
2606,2446,34.684078,0
80,228,49.773884,1
275,130,57.236965,0
665,1483,9.822706,0
671,2709,20.420359,2
1518,1435,41.051777,0
2158,1595,26.412601,0
2413,996,81.525993,2
2511,840,27.949926,0
101,1655,29.319464,2
307,2285,16.789127,1
96,1468,56.914608,2
2967,2962,30.800648,2
2901,1758,60.067726,0
1354,294,17.102522,2
1355,2926,5.320644,0
1027,2413,26.042446,1
347,2028,9.608039,2
389,903,76.636681,2
1131,2298,29.869633,2
1320,221,52.493401,1
1942,2001,33.202251,2
2952,1139,71.025719,0
1579,2779,96.474854,0
2510,2982,93.628372,0
2549,1331,43.245041,0
2200,357,30.189672,0
1597,648,56.933414,0
1595,2392,23.472780,0
1511,1017,7.592315,0
2319,1276,88.985352,2
411,1840,16.296751,2
2682,1677,66.342926,0
902,2447,46.066753,0
2965,1317,81.585098,0
2441,219,60.380138,0
1441,2598,94.249588,2
771,651,43.231422,0
477,1463,33.141182,0
938,1084,57.915783,2
544,2092,24.166531,2
2118,962,83.442574,1
368,92,30.878305,1
480,1725,75.424370,1
1291,540,71.809021,2
973,274,1.079761,1
1832,190,65.598724,0
1888,2335,57.326641,2
2917,2653,99.979904,0
1748,1916,29.636150,2
1270,738,90.442123,0
50,1706,68.909721,0
2733,1210,57.007820,2
71,55,65.576698,1
1262,945,32.503326,2
1925,537,44.273106,0
706,1365,85.451096,0
2977,2326,93.851479,2
758,2882,22.477812,0
2977,720,45.229954,2
2420,548,17.701324,0
1923,2506,17.777588,0
592,9,90.531380,0
1970,1288,52.395504,1
1616,1926,39.561417,0
544,1566,44.003139,1
1448,2596,33.080044,2
1444,2889,30.673231,0
2082,1850,56.449680,0
2709,1886,68.419891,2
53,1779,45.455784,0
2907,769,86.325760,2
402,1705,46.919640,2
250,380,21.055410,2
1984,2798,78.604813,2
1339,652,3.318347,0
120,1212,61.509171,0
2877,1367,62.867374,0
1563,380,82.766777,0
1107,459,57.797077,2
2110,165,86.745567,1
285,202,58.232750,0
1638,1120,96.894157,0
1185,2335,56.405182,2
1645,2986,27.379320,1
2103,1604,52.952759,1
1530,2521,30.272743,0
942,692,87.800232,2
2577,2462,29.612329,2
2355,2927,55.219723,0
580,119,61.269699,0
852,764,63.972618,0
1345,1931,16.816383,0
1259,2484,27.423563,2
2071,210,22.581795,0
1234,2197,23.124107,2
1124,1756,38.361824,2
2508,1274,36.671429,0
2622,2565,69.209694,2
1630,2749,37.522690,0
2784,337,75.888657,0
461,1281,60.708637,0
1583,227,31.003874,0
1,402,52.623047,2
1047,376,84.908188,0
2360,113,66.832336,0
2788,2760,97.407776,2
343,2396,99.346947,2
2694,1872,17.213531,1
2158,2838,33.137749,2
282,978,95.759079,0
257,2805,60.816540,2
206,1882,43.117481,0
2728,2425,71.598190,0
1945,1103,38.909901,2
590,2357,56.829296,2
66,2568,11.739978,2
1742,2095,11.427541,0
208,1944,54.212887,0
379,238,33.504276,2
2178,685,4.264450,0
2402,754,96.547264,1
2333,2381,92.309448,0
2091,1672,18.899446,1
2320,1751,35.141571,0
2318,2554,44.489014,2
1806,1629,2.791770,2
1021,1791,31.036102,0
1690,1949,66.743607,2
126,497,71.447014,0
2920,1530,96.129890,0
917,1848,35.114712,2
2293,1471,68.368996,2
2264,1112,61.618011,0
1926,1312,29.474627,2
2390,364,27.843624,2
1322,89,48.644138,1
1105,1908,77.930870,1
442,998,69.625496,2
729,734,68.776337,0
208,2456,2.697569,2
1345,1763,17.459425,2
548,1950,85.792297,2
1826,2694,92.715157,0
1597,816,66.322273,0
954,1599,2.715411,0
1624,2305,78.068451,0
2398,1595,65.922951,0
616,575,87.983444,2
2700,1144,73.850510,0
1741,1465,45.889160,0
226,1384,4.955324,0
1308,1371,91.058838,0
2558,1519,69.939972,0
2809,494,62.595142,1
2716,1167,34.236126,2
378,1673,52.322807,2
2093,2782,74.054993,0
2132,2610,96.867104,0
1379,2519,49.561249,2
2584,1251,44.080555,0
109,2373,77.001968,2
923,1145,20.059305,2
2572,1599,29.782156,1
1248,561,51.901939,0
2727,2618,81.904099,2
191,1736,65.399979,2
1599,1133,83.597923,0
2507,2247,97.658928,0
92,829,52.389580,0
2229,180,4.902729,1
196,681,24.209667,0
2249,1466,24.081486,0
1404,2950,16.867735,0
1392,2269,86.011276,0
1943,1115,95.757607,0
1449,997,65.484558,2
1181,2739,19.246071,2
544,134,13.818547,2
238,1239,12.368138,2
313,974,49.516449,2
107,1572,54.206146,2
1449,1500,27.338161,2
1148,1275,32.381004,0
2972,1856,90.972046,0
1469,1252,4.236278,0
2587,799,45.096470,2
1960,1379,20.008327,0
785,2178,35.737038,0
2172,2069,55.902760,0
1473,1528,68.788162,0
2003,1833,8.105869,0
2956,1390,71.833893,2
2355,2001,92.974068,0
2089,1417,87.507973,0
598,1331,63.331543,1
1451,2395,62.020893,0
419,1184,92.391769,2
2793,1688,93.996201,0
937,1148,70.012405,2
2707,1951,9.614688,2
207,724,35.359318,0
2507,2951,75.517570,1
1171,2780,69.724953,2
2215,2747,6.274359,0
1612,2057,40.646999,0
1264,613,59.140408,0
2445,1286,30.620975,0
2335,234,84.545738,2
1919,2826,4.077106,2
359,1414,36.590820,0
2401,313,89.132751,1
2309,974,68.275009,0
1121,341,0.464737,2
676,2753,73.190483,0
2586,2180,57.289146,2
694,2358,34.577385,0
251,1711,20.965549,0
1029,1566,65.403625,2
275,2086,51.963409,0
527,1648,97.376450,2
2286,2447,67.628334,2
717,1402,29.066652,2
726,391,69.319374,2
2771,2084,2.394429,0
2773,1658,75.712631,0
1542,241,69.509598,1
306,660,72.566872,2
414,530,19.560213,2
1471,2745,17.852573,2
197,57,29.902660,0
2467,1719,36.875591,0
575,2474,89.736908,0
2559,1998,94.270363,0
1159,1795,10.526036,2
2880,720,39.532364,1
1080,929,79.134827,2
949,988,98.619194,0
2693,817,80.565735,2
1733,2393,83.890739,0
1134,205,27.837532,0
685,2372,2.890486,0
1626,1311,7.718344,0
1223,431,75.752495,2
763,258,28.321205,1
335,2074,40.908215,2
1274,2319,30.217779,0
2811,404,70.007347,2
950,2290,78.203598,0
1399,1336,27.228374,0
1964,994,98.872154,0
2231,1680,85.937523,0
660,1704,56.147408,2
368,2657,74.760475,1
1717,1207,66.797852,1
2281,2244,25.135866,0
104,619,44.295067,0
1188,1093,67.093201,0
553,2878,36.513451,2
1727,1314,63.268761,2
372,2286,43.466599,0
2644,81,63.358452,0
1941,2598,63.613945,0
2202,2624,66.510818,2
2653,2460,49.777008,1
2937,2344,78.197815,2
726,1728,73.382790,2
500,44,30.826656,0
1337,2061,80.857216,2
307,686,27.258690,1
2755,1775,49.286114,1
1850,2097,70.241173,2
347,1276,84.008560,2
924,2530,13.358294,2
305,1222,26.358528,2
1773,1861,45.009892,1
227,150,30.027185,2
205,1540,62.967361,1
2267,125,71.638626,0
2143,1246,94.842796,2
2373,1340,7.057940,2
2031,1395,19.087143,0
658,395,84.477203,0
1146,2148,65.351822,0
2621,749,94.094841,0
2082,2923,85.494675,0
661,2191,23.032644,2
1166,2975,42.495060,0
498,2039,29.179003,0
1214,590,12.199750,2
117,1275,1.797336,2
398,1619,57.612843,1
1418,789,81.875671,2
1502,2812,12.435309,0
1174,1526,91.346809,2
400,1523,0.103253,2
1787,250,77.001968,2
2381,2187,19.397104,1
2406,1137,56.917282,2
2132,1628,98.340759,2
2291,153,68.814507,2
907,1418,40.226810,0
1444,2712,94.634949,2
2286,638,57.779015,2
710,584,80.256088,2
1387,557,39.243736,2
1525,1306,75.185211,2
2625,2134,39.255394,0
818,206,48.915779,0
631,552,93.711815,0
1592,2350,47.468140,2
1602,815,93.720810,2
1405,2917,38.176994,0
1267,2170,57.572075,0
2190,1681,79.690170,2
2868,1539,21.197906,2
1658,506,98.178703,2
2214,2372,91.421776,0
1846,1306,35.880363,2
942,1337,74.389290,0
1311,1115,72.837029,0
2493,651,68.668716,0
276,20,41.229370,0
1586,531,89.881516,2
2425,1586,11.422032,2
2819,1552,81.577415,2
27,2856,70.240845,2
1985,2188,29.627199,2
546,2659,45.660820,0
2135,1542,3.727766,0
203,735,68.058830,2
2495,1198,8.179836,0
728,1466,67.900024,0
893,774,27.576714,0
1493,793,30.701853,2
1268,1757,96.603821,0
348,2831,49.900223,1
1315,2925,50.887302,2
2730,2272,93.376266,0
2620,2552,15.069070,0
1759,1592,23.362333,2
2018,357,42.575920,1
678,2765,91.711426,0
72,2901,73.666061,2
44,893,65.245834,2
153,640,27.528055,2
1242,2498,24.213562,2
566,2019,53.727345,0
2651,2232,63.738068,0
2496,1079,41.384384,0
188,2716,35.394402,0
248,2320,82.575966,0
1814,1926,24.499594,0
178,1073,75.194954,2
1439,457,30.890633,0
1284,1575,54.427891,2
637,108,81.929810,2
2530,2297,93.886475,2
903,1461,36.680000,0
2746,609,14.442528,0
1118,1041,91.569252,0
1001,2983,26.924042,0
2543,2878,41.539356,2
2603,236,57.176609,0
1544,2910,39.897594,0
180,1686,33.213272,0
1295,1468,78.544014,0
589,60,23.433378,0
1261,2061,7.526497,0
490,1814,95.750214,0
2449,2539,36.236629,0
2598,885,34.958099,2
2906,681,11.073963,1
2133,2910,48.221600,0
387,797,90.797798,2
337,132,6.405454,1
1627,4,6.385626,2
524,722,48.093800,2
1010,2195,60.840942,2
482,1345,65.527702,2
2430,924,69.534859,0
2633,1840,76.363037,2
619,2408,46.729473,1
261,1186,32.937840,2
222,2058,1.786750,0
2597,841,50.460594,0
2017,909,75.808022,0
173,2847,9.345916,2
53,2530,72.825699,2
491,2892,95.645134,0
1104,2310,14.070342,0
396,1554,81.273300,2
1413,2589,66.506432,2
2093,1101,18.586246,0
2425,2488,49.806217,2
1468,274,88.807571,1
1496,2061,59.963600,2
2906,1325,82.600372,0
814,599,64.267036,2
412,1390,68.687965,0
198,1995,65.007744,2
1041,1209,79.602676,0
2241,83,99.252945,2
219,2994,48.579380,1
1747,2466,92.730484,2
2136,362,84.286438,2
1589,1381,72.333084,1
1279,2244,77.636574,2
2569,2993,53.049374,0
293,2195,71.823715,0
305,310,74.207359,2
2,2790,3.919896,2
2338,416,86.571159,0
1164,1895,33.759109,2
2506,2723,38.659237,0
2852,895,19.903496,2
2076,1135,24.820965,1
1502,2861,83.051727,2
1281,2483,78.833473,0
569,384,60.669022,0
2804,2530,68.725929,2
2872,2643,5.072021,1
1591,1974,36.986465,2
1989,784,50.193367,1
1475,1394,98.478325,1
386,1788,39.696598,2
2025,1823,31.386229,0
2053,438,14.545215,1
711,2979,50.927158,0
1906,1050,84.084717,1
2256,2362,99.382591,1
2462,226,7.118077,2
1363,2989,49.934727,0
1485,2165,72.727211,0
555,2076,56.775208,2
1299,224,15.702216,0
2373,1284,93.898872,0
2487,1688,45.074314,2
2397,2672,52.935997,0
2120,72,21.080568,0
1939,1177,94.706154,0
1354,2411,61.453171,0
1413,1847,10.913453,0
919,23,13.432566,2
38,2999,68.145699,2
2703,1567,22.301195,1
950,1104,91.923157,2
4,1241,1.726523,2
1322,1174,23.501926,1
2881,2049,60.533436,2
2106,2936,42.947075,1
846,1143,7.591311,0
1054,1260,1.970500,2
2507,1197,85.675217,2
2415,2371,99.430794,2
2368,52,27.156153,2
1740,2276,35.177719,2
784,347,67.872910,2
1953,905,2.210465,0
2200,2739,85.716530,0
2950,2813,15.853826,0
1042,2315,98.836288,0
2543,2282,75.788147,1
600,1293,52.807060,0
1544,2572,57.050549,0
1770,2808,66.435204,2
1971,823,36.151505,1
2081,159,63.176697,0
275,1601,9.998628,0
2378,838,81.416611,0
1379,1418,77.065865,0
2563,2350,2.441411,2
2503,2860,42.340797,2
272,2606,35.989559,0
2391,839,69.957573,0
2259,430,44.340870,2
898,331,74.461098,2
1610,1315,94.647766,2
2075,2598,74.461220,2
2379,2709,17.399654,2
1993,2920,97.992867,1
1200,1081,73.052513,0
861,2592,87.085487,2
121,2770,70.138847,0
504,2965,77.367073,0
1156,1084,92.776802,0
840,1587,4.174591,2
308,49,66.379501,2
2158,161,19.032448,2
1743,707,26.453554,0
2730,201,71.110588,0
2590,112,87.796982,0
2609,2889,97.930450,2
2097,2776,82.058937,2
1013,1916,33.073776,0
1594,2113,95.562546,0
1333,2103,50.415352,0
1211,2287,64.389923,2
2131,1508,97.472481,0
1567,224,29.389259,0
2885,660,51.007114,2
1940,1533,6.453186,0
2606,1052,53.940327,1
2524,996,71.354057,2
1759,295,85.755318,0
435,2656,13.088286,1
2394,936,78.351288,0
1098,789,45.543362,2
1797,1921,37.366600,0
1867,270,18.238016,0
375,1540,83.141243,0
123,2913,25.751705,2
1650,1561,43.772209,0
512,138,78.887985,1
1204,1197,55.967976,1
1474,1610,14.436586,2
2796,1719,57.236965,2
712,1104,71.805687,2
972,1330,31.932255,2
2708,1577,25.970106,0
734,569,59.901451,2
2737,2804,8.246504,2
2230,1934,21.205118,0
88,2179,22.583557,1
1084,1168,56.966827,2
2993,1443,62.330143,2
1110,129,20.459888,0
2627,887,40.174740,2
650,215,91.726303,2
2074,1441,41.977230,2
1209,893,68.931381,2
2950,79,16.273819,2
1156,2813,43.110249,0
1195,628,91.080597,0
1364,2419,15.343431,2
2783,2719,10.981976,2
1330,1290,25.970106,0
2527,684,30.912174,0
2990,1878,8.450205,1
1474,1969,91.657242,2
877,1379,34.282074,0
1447,1618,96.684578,2
2744,549,51.820480,2
2393,697,25.801430,0
536,760,80.100609,0
2893,1341,49.459400,0
1955,1380,59.862949,2
1516,1170,6.411819,1
1390,1664,17.960482,2
1667,233,96.421539,2
2237,282,63.792057,1
1385,2782,12.784860,0
2556,2713,33.679672,0
2699,907,50.465137,2
1609,1592,57.539585,0
2762,946,45.322998,2
1201,1924,40.094997,0
1017,2282,67.457687,0
1935,2128,34.439178,0
1473,1465,12.667212,0
2741,1435,61.490131,1
2905,2395,23.124107,0
203,1300,88.553558,0
959,2723,66.259323,1
1180,1885,35.956749,2
2474,1388,58.302814,2
1084,2810,23.281361,0
2314,2218,97.550865,1
1300,1311,11.871016,0
2790,1571,29.286125,2
334,209,60.583263,0
319,1008,61.407459,0
87,73,11.109017,1
1025,265,9.166105,2
35,622,34.706673,1
168,741,62.920303,1
2961,393,0.981470,2
1755,1047,18.258646,2
1389,602,17.117876,2
1286,2049,90.455162,0
706,480,17.571087,2
547,30,71.900101,1
95,1740,46.750134,0
607,412,71.671028,0
2393,1625,95.911957,0
2265,897,33.214317,0
2174,1643,43.926373,2
1119,1905,71.389061,2
1546,1285,8.565321,0
2401,2403,5.326793,2
67,2997,83.771019,2
157,16,52.610573,0
2991,12,64.010521,2
480,926,82.632790,0
27,891,54.262688,0
766,1551,51.530853,0
2327,1136,76.448326,0
265,411,38.016056,2
2309,864,20.761187,0
2232,954,69.934769,0
1268,944,20.211418,0
1799,620,2.697569,2
924,1467,30.518074,2
2422,1563,23.098606,0
673,278,90.484657,0
1687,1879,68.417854,2
976,2982,18.008329,1
1278,1963,86.613731,0
598,1156,4.046395,0
1949,1043,18.908901,2
1390,1434,34.796040,2
1413,142,17.041122,2
2074,437,39.692902,0
2021,2813,57.180111,0
2595,2553,52.091427,2
782,2846,43.713123,0
1141,763,94.624237,0
1386,521,35.900196,1
481,573,95.583931,1
1520,2611,76.480133,0
2199,2633,72.138428,2
2767,1729,69.821869,2
1639,1378,5.121545,0
91,236,18.248110,0
1682,990,11.932721,0
282,1864,44.160664,0
457,2844,76.149002,1
1842,716,7.899470,2
2995,879,15.299516,0
2599,2202,34.719280,0
344,796,91.335464,0
2393,1039,50.110523,0
2980,2019,99.040115,0
1164,653,97.585144,1
1671,1767,65.989029,0
2724,176,96.206123,1
1351,2968,75.026634,0
1633,616,95.246552,0
2060,1698,26.808731,2
1431,1814,55.462536,0
2514,2787,86.622894,1
2828,996,10.030147,1
120,869,38.361824,0
979,1072,74.265038,0
128,1892,72.264061,1
89,2872,85.514702,1
144,1634,84.759262,2
1791,2400,54.928169,0
2183,143,50.495708,0
764,1797,40.957497,2
2081,2509,71.327492,0
2275,639,19.958488,0
2290,656,91.346809,2
2276,1029,87.085487,0
1866,2299,9.942386,0
552,458,49.474476,2
2796,1908,84.132690,0
2208,85,61.594082,2
6,1286,19.006491,2
2826,2435,4.732649,0
2294,364,75.745102,0
682,921,87.681488,0
402,1863,44.281170,0
190,993,49.013714,2
583,1784,12.321728,0
1479,2984,46.761875,0
836,1660,17.651691,0
1860,1549,4.983302,0
124,2087,25.220259,1
2669,845,41.661442,2
2183,1094,58.814762,0
2287,1435,86.254402,2
167,50,86.503700,2
1073,1995,65.536255,2
2269,1313,27.161989,0
2823,1398,76.734802,0
232,1103,65.598763,2
1197,2497,60.793293,0
1070,1652,7.405519,0
231,2655,40.769485,0
194,1918,14.463584,2
2504,1207,84.619492,0
2098,553,21.352743,2
1097,520,79.565865,0
2131,2680,9.660213,0
807,2686,25.180817,0
362,1246,87.513718,2
1873,1571,69.105347,2
1479,116,48.226250,0
1842,1366,29.519922,2
438,1768,49.459694,0
150,670,88.698128,2
375,979,38.999859,0
1338,864,30.050697,0
2123,2180,16.646658,2
2404,2614,43.573540,2
1652,348,72.451935,0
431,2989,98.245354,1
1360,1839,99.644211,2
2270,1886,11.696058,0
1072,1004,1.236385,1
1222,908,97.918793,0
575,1802,93.487442,2
762,1480,58.050907,2
1102,1127,86.685646,2
1385,1801,7.644156,1
488,1947,25.597799,2
2188,215,52.556168,2
2294,2285,30.472952,0
1791,697,49.703915,0
1468,2152,44.145332,0
384,688,90.985268,0
1234,1696,63.991554,2
1015,975,19.352028,0
2187,2838,17.339016,2
2238,2776,39.498810,2
2649,2210,21.592196,0
664,2573,44.558254,2
1301,544,96.549690,0
2615,2880,57.792068,0
862,2589,97.835854,2
1520,1322,88.098572,2
2226,603,94.216965,2
428,2668,30.205952,0
1162,48,47.401958,2
307,1939,21.696978,1
2179,1278,44.405006,0
2457,1299,50.054485,2
1255,2275,68.050797,2
2635,697,55.178020,0
1954,2444,16.883554,2
1148,2078,98.106544,0
2613,1519,33.590160,0
602,982,45.955994,2
1919,1811,10.899067,2
2160,1781,48.677345,0
1335,2829,70.032349,0
213,2169,83.042236,0
911,624,60.303459,0
689,2933,78.466812,1
597,457,71.507828,0
1387,837,67.216873,2
2276,1771,65.101517,0
1929,1474,52.271683,2
2550,2173,4.006070,0
450,156,37.200634,2
1245,2178,13.528172,0
651,816,83.721146,0
1020,2053,2.530215,0
2555,882,35.417854,2
2613,2673,53.273109,0
2675,1928,64.900688,2
2012,2665,96.608948,0
2695,2228,56.275578,2
2458,2671,12.137786,0
2076,106,8.767031,0
479,1199,83.271500,2
525,2489,67.678520,0
1005,295,99.674309,1
1014,1366,10.327260,0
1200,166,95.309250,0
1564,194,35.302559,2
1151,1394,73.671982,0
1645,1076,49.390289,2
145,1578,7.614413,0
650,2882,94.389450,0
669,514,65.755524,2
1457,210,90.835007,2
294,1798,51.643242,0
134,73,60.594040,0
1501,2707,43.000072,0
2241,2623,82.234116,0
274,1170,99.704315,2
2637,2401,55.532612,0
728,724,2.075186,0
1746,1597,64.188293,0
2249,2220,6.469612,2
2683,1833,50.652500,0
1027,4,77.260551,2
1874,813,36.151505,0
862,1269,56.320538,2
1426,2603,75.009766,1
836,2467,16.910721,0
1360,193,24.274485,2
1097,1805,27.948820,2
2364,2632,28.986338,1
160,1719,29.773109,0
2955,901,84.531578,1
980,2271,47.244534,0
2060,162,80.260612,2
599,1732,83.738602,0
118,1309,14.774074,0
1728,1353,51.564541,2
370,1261,6.537434,0
2543,269,68.377815,0
570,2093,50.460594,1
358,476,90.008034,2
1597,1505,49.573132,0
1735,527,1.110298,2
140,1380,48.916443,2
2664,1555,36.507046,0
1490,1337,79.623482,0
360,756,67.868614,0
2067,1628,69.662834,0
1855,2039,58.516983,0
1941,1426,23.865551,0
184,874,61.334255,2
671,688,45.478699,0
100,1250,70.626305,1
908,1189,76.171753,1
816,1720,68.474396,0
1598,2109,70.263916,0
174,2823,93.492043,0
1088,1424,62.102951,0
2763,1854,99.575867,0
547,2043,85.466782,0
2482,1650,45.370506,0
2310,2383,49.890953,1
1845,458,26.690924,2
248,2724,16.015816,0
2392,789,65.992851,0
101,737,6.878775,0
1345,567,39.501427,0
2719,1,41.150581,0
121,2618,21.356527,0
1531,1421,12.659599,2
2243,2995,67.129631,0
1633,2492,61.862892,0
1447,2703,37.765846,0
1309,1247,82.141212,2
2615,1148,74.351273,0
1465,2558,29.205597,0
1808,1064,18.385260,2
2153,2733,0.543245,2
954,91,61.836544,0
453,1838,24.929640,2
2686,2260,81.577415,1
2132,1996,42.595036,0
1790,940,65.074768,0
2857,2841,24.585201,0
2980,2524,81.063042,2
1966,1946,27.394236,2
2261,710,18.370075,1
2109,1785,41.695683,0
1651,1702,41.601627,0
374,802,72.449631,1
1026,2333,48.826832,0
1703,2015,70.719582,0
209,2824,91.598015,0
538,203,81.797310,2
1535,2875,91.773140,0
2208,201,69.351547,0
13,1643,74.902107,2
1481,745,38.558487,1
893,1482,37.342865,0
145,1492,10.687842,0
781,2894,79.988159,0
2757,2101,6.067623,0
2259,2274,25.048967,2
2529,600,34.440800,0
1168,2341,53.558773,0
2311,435,13.678792,2
1323,380,88.690498,2
205,2495,13.432566,0
2355,479,31.020821,2
1980,974,28.563040,0
1371,2667,81.184616,2
2304,293,35.110111,2
2333,850,51.954708,0
1007,192,89.104317,0
1828,2880,90.245880,2
1852,499,99.216141,2
747,1954,13.720786,2
1533,1593,43.038521,1
308,2389,71.575905,0
1253,764,82.015099,2
1335,2375,11.706672,0
2452,478,32.298126,2
2847,198,50.052185,0
390,2907,49.885014,2
997,168,32.802277,2
537,1284,94.308167,2
27,2287,6.274832,2
1850,2757,71.581345,1
2584,361,79.961823,2
1997,1405,48.336655,0
514,626,81.005943,0
896,1307,7.604590,0
380,2596,30.217779,2
2251,1487,30.031538,2
591,500,87.882690,0
2859,522,18.385260,1
1318,1775,5.899310,0
2735,2056,77.294701,2
1199,2825,93.529594,2
1757,513,12.181321,2
2551,1671,32.179932,2
448,1258,14.959044,0
177,348,27.510298,0
494,1657,71.552094,2
2150,192,34.849720,1
2773,439,68.986214,0
1346,1978,19.612141,1
2864,2871,66.522575,0
963,498,74.806297,0
694,239,6.838356,0
2175,2603,60.880234,0
1316,1071,70.180458,0
316,1042,86.487579,2
861,2798,25.621500,2
2576,293,48.889721,2
162,2708,17.247028,2
1876,817,96.883102,0
670,470,88.050377,0
1276,1146,28.463228,0
2240,97,65.417618,2
1118,129,45.439636,0
2470,689,81.337952,2
1111,581,67.673935,1
1501,2946,64.101730,2
33,2871,58.675186,2
1483,1069,80.098969,0
1095,1479,94.276695,1
757,1667,74.594231,0
359,97,97.248436,0
2548,1699,60.545864,0
10,2799,27.443802,0
2788,394,71.965523,2
2777,225,94.818466,0
1478,854,87.662102,1
774,128,16.187454,1
1214,1976,15.785475,2
991,2348,16.852631,0
96,551,44.391018,2
2241,887,57.968575,2
516,82,40.361355,0
234,2786,2.148063,0
25,1032,29.326029,0
1534,2346,81.247986,2
994,1658,4.996082,0
270,1184,42.928226,0
2004,37,68.913704,2
1819,1154,33.582516,0
210,2056,98.476143,0
627,1963,92.745789,0
2099,713,19.812372,2
2449,1204,30.443403,0
2290,912,76.734047,2
1425,1794,2.282827,2
967,1490,23.965096,2
1421,1529,5.841477,0
566,708,87.192657,2
2201,2279,72.852020,2
2093,853,39.631229,0
1368,1296,69.084755,2
2428,2516,39.770920,2
2716,1867,58.174274,1
2202,2457,32.733376,0
1235,353,63.191742,0
836,272,40.130569,0
802,649,4.417180,0
346,917,39.009296,0
49,2113,84.634499,0
1202,2571,63.631489,2
882,1327,98.518799,1
1045,1137,46.639668,2
1996,110,60.505165,2
43,95,80.854561,0
2328,1284,89.391106,2
1912,823,76.423698,0
2744,2239,79.908958,0
481,1852,11.191909,0
1841,1043,3.340096,2
2009,2681,86.329590,2
2510,2091,60.949223,2
82,2289,34.403477,0
2093,1239,64.977524,2
1148,398,78.946388,2
412,2571,86.308327,2
1883,1923,38.263428,0
1604,753,30.078722,0
2343,1535,39.434486,2
2965,802,69.875343,2
2189,1612,7.310566,1
264,2198,28.810802,2
135,2139,14.839722,1
2602,2635,42.582932,0
1702,2247,62.047588,0
686,509,68.585350,1
1120,1468,3.268294,2
188,2107,80.565735,0
645,1269,44.112522,2
1147,1591,73.946007,2
969,2454,26.338097,0
228,1754,60.511032,1
513,1119,41.713306,0
1262,2774,68.913704,2
1520,1192,2.565155,0
1087,2352,86.208832,2
2647,1127,89.435974,0
1728,126,41.153706,1
876,2242,16.102444,1
1869,2406,43.386780,2
682,2430,17.148960,0
2040,215,15.233584,2
829,276,85.818375,0
439,1607,65.350296,0
1072,199,89.331848,0
314,772,34.299568,2
2394,1387,66.522575,0
383,1076,10.719286,0
2660,2573,95.611137,0
1110,2177,40.346966,1
539,806,92.308838,2
1680,1550,82.634010,0
2728,1119,74.542648,2
2545,136,92.266815,2
1800,460,60.897511,2
338,972,10.757358,0
2877,1782,67.052345,1
1399,1857,53.473381,2
182,845,89.372009,2
1445,1375,27.443802,0
2625,1595,51.189678,2
1503,1976,22.493031,2
895,2721,21.817312,2
2634,551,82.557526,2
1185,1959,72.471283,0
689,2582,16.479498,1
365,2352,71.188034,2
235,715,53.458862,2
688,2655,20.419355,2
1262,2774,98.509064,0
711,731,2.556499,2
2152,228,60.469349,1
424,2255,89.059540,2
1359,758,75.333656,0
2440,1598,20.532530,0
2659,2459,34.513325,2
887,194,88.884499,2
1458,485,28.517996,0
1178,958,49.330620,0
671,2084,11.751733,2
932,887,27.440990,0
2862,512,11.108657,0
540,1714,78.717712,2
1129,2349,10.842890,0
326,1084,24.259968,2
936,2395,52.856407,0
1783,2620,96.646820,2
15,1131,51.879433,2
1755,726,87.322006,2
448,2461,55.808708,2
1631,1893,93.182503,2
890,727,54.479889,0
426,1229,79.203651,1
258,1609,37.407570,0
2058,2787,37.089340,1
2378,2581,35.146580,0
1295,1344,50.432907,0
1193,1246,9.691980,0
1875,1341,33.612152,0
2304,2866,61.348869,0
1264,1103,37.368500,2
804,214,81.897667,0
654,2758,79.746964,0
1328,826,39.047752,0
1039,1053,84.138702,1
747,2972,58.552380,0
1747,378,88.842636,1
5,507,74.840080,0
493,2770,40.717003,0
1108,2104,43.231422,0
2087,731,80.592026,2
743,1601,78.068451,0
2902,1394,53.008152,0
1557,2103,91.536583,1
685,50,5.145842,2
1967,1106,9.892376,0
333,1373,80.780800,0
435,685,18.252211,0
165,34,91.341896,2
1603,55,31.113596,0
2323,1361,9.067689,0
2333,1170,4.352370,0
68,273,86.561134,0
2317,303,98.873665,1
2249,1366,22.362103,2
827,810,14.986700,0
659,2209,72.369965,1
66,757,63.251373,0
1915,2965,90.464813,0
2110,2886,9.067689,0
1323,1093,73.797897,2
841,778,94.818466,2
2306,2739,53.109936,0
1279,1280,74.193825,0
1565,843,42.685062,2
1242,74,48.383663,2
292,1347,42.063046,0
1896,206,15.779062,0
1818,2624,9.068126,2
1229,2209,87.657959,0
1229,563,60.833611,2
1108,2305,93.624886,0
1577,2953,2.419366,1
2184,148,37.285877,0
1279,55,32.256332,0
2888,1716,6.753983,2
1836,1815,5.980051,0
94,101,66.762123,0
2754,2868,97.612289,2
1841,1589,23.373636,0
2738,1779,41.419579,1
1877,1732,8.894356,0
2161,454,86.360405,0
2674,1154,22.258163,0
1802,1750,45.193748,1
230,2740,63.452591,2
341,1255,41.406654,0
2147,2494,94.053566,1
2957,809,0.979921,0
745,2108,82.609718,0
2802,1993,11.974951,0
1185,985,11.789868,0
745,123,3.242799,2
1479,2875,72.110855,2
1812,1461,38.943325,0
928,1524,40.606213,0
2186,2342,77.380867,2
2129,1710,90.563385,2
148,335,19.759302,2
1877,1499,80.117401,0
1035,1600,50.016056,0
735,809,71.306854,1
2939,1890,14.164450,2
201,1537,40.500610,2
2825,1896,38.558487,0
2950,1391,23.579134,0
414,2757,49.074226,1
614,2481,98.018364,1
915,642,13.943012,1
1246,1503,10.372685,0
99,818,81.484955,0
2360,540,30.768423,2
756,78,7.697392,2
2689,800,43.339024,2
278,610,59.820629,2
1081,2187,68.475403,0
1212,1497,84.960541,2
2758,360,24.663641,2
2345,1396,94.873260,0
2563,326,78.330109,0
2144,1113,42.575920,0
1269,553,17.509436,0
2028,1992,97.496979,2
2140,1642,9.892376,0
31,1858,51.105789,2
1218,1961,69.562325,0
1888,857,20.297428,0
469,69,70.915848,0
383,543,5.611220,0
2166,2380,79.382050,2
518,983,12.390303,2
885,1667,93.583961,0
1817,2395,25.098072,0
668,2196,95.889191,2
333,2316,71.552094,0
2139,2832,11.389260,0
1626,1024,39.787373,2
2104,987,42.257828,0
713,2664,15.928432,0
1952,1918,85.228249,1
2537,2680,70.983337,1
726,579,46.822197,2
1048,2980,51.246784,0
2557,157,88.193886,2
1032,2041,95.197128,2
2059,740,75.194954,2
246,2802,96.074997,0
2381,730,84.026588,0
83,2637,44.645817,2
2362,2989,43.797062,1
1057,1193,59.599697,2
1176,1169,51.523254,0
2033,436,82.750801,0
2958,846,33.395462,0
2909,2506,7.347263,0
471,1759,81.928207,0
1529,871,97.253288,2
962,2686,94.911285,2
918,1779,96.084648,2
2635,2517,36.543327,2
337,113,65.620743,2
2725,1385,44.079330,2
393,2465,2.789658,2
1742,108,6.073861,0
241,624,64.042328,2
1101,993,44.818275,0
215,834,25.678465,0
1412,452,81.897667,2
2965,1488,24.185703,2
268,1720,21.800861,1
2074,2958,46.319527,2
58,1865,61.393856,0
767,1876,78.980232,0
1475,444,50.015621,1
613,1926,84.818657,0
2158,858,98.489281,1
2702,2232,94.873260,0
892,2476,37.210926,0
879,328,58.144993,0
1235,220,32.308437,0
665,2298,42.371548,2
1735,2125,74.225525,0
1273,730,79.702133,1
1627,1701,21.119644,0
1225,1052,44.032928,0
2067,2908,29.507687,0
1272,2582,78.835854,0
2747,1767,10.998385,0
2114,1191,20.857231,0
2055,2213,52.309334,2
2566,306,17.915991,0
2601,1253,42.235897,1
2799,2814,60.311478,0
2156,2661,15.190801,1
698,472,93.030006,2
1529,1192,4.236278,0
1728,1309,35.911144,1
2753,1451,77.404938,0
2400,2310,38.284374,0
2744,2620,34.453018,2
1519,993,67.105469,2
147,2084,12.345139,2
1594,1087,38.174046,0
295,625,69.051735,2
2819,340,65.229485,0
156,1737,68.513985,0
706,646,85.792297,0
1455,129,83.184464,1
486,1895,90.255753,2
1678,880,45.229954,0
1558,2099,31.571659,0
1167,2679,81.610229,1
653,2861,8.890023,2
2760,238,17.517397,2
2658,1358,99.829002,1
901,2183,69.212311,0
553,2313,48.605705,0
328,211,65.431183,2
1667,972,64.398460,1
1228,2837,30.205952,0
2257,142,46.725399,2
2334,2224,19.046490,2
79,2308,97.812241,2
2349,1037,18.091539,0
2677,1000,51.316391,0
147,207,94.053566,0
2313,2927,45.913490,0
573,2555,81.807838,2
2651,851,17.527807,1
2300,965,52.684055,0
2097,1158,24.384504,2
376,1389,24.645573,2
1997,1936,98.462738,2
950,856,8.311140,2
2770,1101,45.185856,0
366,979,6.867064,0
2820,1181,51.180023,0
1966,2669,2.869105,2
1070,1314,37.285877,0
1175,206,50.357517,0
393,936,68.388969,0
1824,1771,21.451288,0
1590,721,74.097504,0
40,2498,48.897690,0
2939,1863,96.647331,2
1815,2948,1.195593,1
2688,932,79.993080,0
855,2376,27.288284,2
2837,2130,2.146047,0
131,291,77.341927,2
2368,1407,84.235069,0
2688,2343,34.143276,0
121,1992,24.464602,0
2023,1231,71.743729,0
439,515,72.472137,2
954,917,12.133693,0
2470,602,70.454071,2
692,1181,1.698619,0
975,672,92.245377,2
831,1669,30.521643,2
270,707,60.380138,2
2690,1339,87.746368,0
2469,234,92.659523,2
2195,1699,22.989494,1
1650,2398,51.415825,2
1290,2882,99.070236,0
627,2969,80.822372,0
1199,2470,60.221252,0
1829,1346,54.409351,0
201,1564,1.900154,0
1235,2806,31.874569,2
693,2279,23.097170,0
780,2637,73.398689,0
536,2480,3.474637,0
529,2431,70.902290,0
2481,1682,15.292876,0
1857,349,21.833847,2
1829,2051,83.801224,1
2061,2411,94.873260,0
2436,1067,3.123236,0
2890,1535,18.782026,2
1766,2517,61.430416,0
2035,1984,13.903439,2
1691,1075,31.788136,2
2538,1034,57.769939,1
1599,2659,35.764996,0
502,1695,40.520519,2
797,2332,97.121239,2
2122,1480,67.194458,0
2312,305,70.378990,2
61,2582,70.136307,0
330,1130,30.916512,1
1486,2066,62.729073,2
1524,304,71.820038,2
320,1936,71.330429,2
57,527,76.162781,2
1482,2376,77.530342,2
492,1795,98.249657,0
1496,487,29.108709,2
2331,1995,55.157719,2
208,797,67.434845,2
1164,719,37.657177,0
278,1427,87.973541,0
2480,329,27.035261,1
942,2111,84.376854,2
2251,1492,68.516541,1
724,972,43.443420,0
2669,2796,28.459835,0
1216,173,10.603974,0
1801,1690,84.876549,2
2544,978,86.563522,1
2638,763,28.197937,2
2609,923,24.335636,1
653,777,25.108080,2
2596,2307,87.489761,0
2168,266,50.086391,2
2632,1876,92.227348,0
2359,1278,56.033253,0
605,648,48.726292,0
2349,2472,2.135822,2
610,2101,39.853161,0
1935,1068,40.372253,0
553,1706,88.910652,0
1319,2707,68.368996,1
333,956,41.681416,2
2876,30,71.324394,0
2289,91,71.892296,0
2480,167,65.245834,0
366,1745,54.980568,0
1546,1195,14.183888,0
568,2668,39.519127,0
48,1933,7.274584,0
2860,1656,14.610034,2
1114,2980,36.396465,0
2215,871,12.811997,2
1319,1701,35.773712,0
562,1000,65.561920,0
842,1812,13.638245,0
1660,1281,11.892440,0
860,831,15.927303,2
2467,1876,13.468308,0
504,964,90.962341,0
487,811,4.522941,0
50,2283,52.839725,2
1784,348,75.421043,0
1070,1682,14.754168,0
881,175,77.335129,2
1751,2281,89.272804,2
417,1194,74.286530,0
283,2694,44.312359,0
1280,799,7.431599,0
2426,191,35.262959,2
2780,2507,7.636360,0
2520,764,10.720233,0
2629,1138,77.301315,0
703,2946,7.335546,2
2627,2575,29.327152,2
2005,203,96.070358,2
401,2516,10.620882,0
2103,2924,95.906769,0
2382,706,74.375404,0
1721,1720,12.901567,0
2460,1350,85.659668,0
2140,2069,83.995209,0
1124,1440,62.887657,0
2484,2380,27.931803,2
2903,1709,64.587814,2
471,795,55.219685,2
1214,2534,75.399139,0
2124,2219,39.852070,2
726,2044,99.863914,2
2004,763,5.066337,2
231,374,89.072693,0
2846,757,83.549858,2
1986,1805,79.923500,2
831,280,7.636322,0
2048,2754,52.465160,2
2024,2959,6.617064,2
649,2850,73.697098,2
2596,17,44.856823,2
196,2337,27.694036,2
1454,633,89.429199,2
2696,192,90.157837,0
1210,65,17.222929,0
1440,2508,83.311935,0
601,262,73.082520,2
2778,1337,91.413040,0
1910,2194,51.866730,0
383,1519,79.741364,0
829,159,88.191566,1
2978,2601,39.933777,2
270,2899,58.183762,0
2713,1492,39.462463,1
1081,1967,76.085007,0
1721,1815,7.555535,1
1752,1264,18.443645,2
904,1749,8.858067,2
2564,794,64.189301,1
1066,1080,14.219439,2
2416,2731,49.222023,2
959,2772,71.518646,0
2623,1560,44.632610,1
472,313,68.556763,0
277,1173,87.761955,0
958,2946,39.579437,2
2434,2934,18.609177,0
2457,1002,8.026535,2
807,1276,26.169100,0
2177,891,61.319298,0
36,593,55.010685,2
8,205,99.038567,0
1006,1217,21.632771,1
2655,2787,40.544254,2
973,2304,4.757484,2
802,2971,50.182789,2
1291,456,75.833755,2
2662,2261,87.489761,0
1703,1797,67.228287,0
653,2181,98.275604,0
2726,564,59.633286,2
1204,1989,66.406494,0
2677,2271,34.577385,2
1819,994,69.820480,2
1944,2584,65.260582,2
2359,2883,85.716530,0
2937,2293,40.135899,0
1007,331,72.063934,2
1238,81,82.781921,1
1122,904,46.586658,2
2691,622,64.906059,1
1877,1884,42.618618,0
168,2125,13.658332,0
2592,995,73.410072,2
1490,1249,95.025299,0
2173,1596,26.828382,0
924,485,26.549376,0
1112,580,50.406013,2
1582,1258,10.644791,2
2457,1828,38.679455,1
426,1024,61.292870,0
723,2005,62.831844,2
2427,1996,20.845388,0
1633,2758,92.634224,2
2906,1921,94.400192,0
2391,2187,73.209114,0
412,682,36.300529,2
1892,2927,7.849808,0
151,39,13.658332,1
361,764,10.250358,1
1725,872,20.959766,2
312,2010,8.103587,1
693,1072,68.133476,2
1877,697,3.074623,1
28,1849,41.542004,0
2059,2613,31.954201,1
1382,2533,13.544547,0
1265,1816,85.839043,0
2975,1811,70.585747,2
914,2975,71.457649,2
1047,310,75.560616,0
987,1539,39.667118,0
1190,1930,83.687088,1
14,183,86.145805,0
680,754,86.463226,0
389,684,96.162506,0
1763,2648,25.057928,0
2187,2850,6.587055,2
1724,71,67.067390,2
1197,662,79.421127,2
2884,160,93.835678,0
2725,2811,42.248901,0
2742,25,54.914711,1
2823,2391,11.791738,0
900,2440,8.414321,0
1504,1022,45.865433,0
1078,1214,52.299984,2
2418,1823,15.233584,1
2750,96,13.858148,2
599,2033,88.870247,2
2016,2320,43.481750,0
1425,1920,96.901970,0
2083,2852,36.479877,0
2099,141,46.342010,2
2398,2640,24.963245,2
2862,1642,76.973320,0
1501,396,59.109821,2
591,531,20.338774,0
660,2616,36.819992,0
939,912,34.331345,0
1596,141,78.100250,2
642,1358,60.796646,0
2283,1784,13.848731,0
2223,1080,51.963348,0
2781,767,90.572029,0
2812,659,28.859543,0
358,1261,25.090128,2
2869,1899,26.043310,0
1864,2743,55.723602,2
2489,2781,90.191444,1
1952,2117,72.392548,2
2500,1925,53.862820,1
1686,1949,68.145699,2
1995,1810,69.735725,2
1967,679,41.943249,2
1396,1952,39.688488,2
179,2750,70.106575,2
980,1070,49.195534,0
2396,238,54.556252,2
102,932,98.315567,0
2801,2267,97.944794,0
107,62,61.082233,0
1921,2092,21.669966,2
2077,396,17.188444,0
821,2694,91.152626,0
341,114,22.147169,0
2783,1999,24.686140,0
502,114,60.316921,1
85,2125,98.598106,0
751,550,28.653183,2
744,2608,26.730242,0
2865,79,47.588207,2
37,2751,26.122669,0
440,820,77.174538,0
2816,243,10.856931,0
1846,47,54.369213,0
90,134,50.045101,2
1576,130,25.291201,0
2768,2124,22.554470,0
2284,2500,61.475540,0
2280,2334,99.392349,0
37,870,58.586761,2
2232,922,17.912706,0
837,780,50.052185,2
1263,2460,81.342941,1
835,1909,19.748552,2
2263,2607,7.948069,2
2083,604,17.586567,0
2046,1551,12.691182,0
492,2903,2.256163,0
166,1585,57.568588,0
2863,2992,60.221252,2
2674,510,88.002098,0
1567,2497,44.801884,0
1415,2884,2.056007,0
1740,2109,60.878887,0
1522,2233,76.912514,2
1240,213,22.451174,0
2771,997,8.103587,2
169,1625,50.095825,1
1087,2569,74.757454,2
550,640,46.399326,0
979,1675,50.297276,2
1950,2316,54.156837,2
696,964,7.985507,0
1046,1082,49.466660,2
814,1050,7.695845,0
1082,2492,8.331203,0
2707,2641,84.815575,0
265,1728,13.656392,2
180,2208,47.758072,0
2346,2661,96.589394,1
442,496,96.597946,0
881,1270,27.777943,0
80,2645,16.836393,0
755,2035,16.292299,2
1543,2981,71.323029,2
2267,110,71.901787,0
2717,449,84.908188,2
2446,580,40.893299,2
565,116,69.413872,2
1400,2935,76.998512,0
2955,410,25.194733,0
137,1899,52.486740,2
108,613,96.365990,2
231,2201,24.015219,2
2819,2058,2.824304,0
2342,2933,70.963432,2
2380,434,86.222755,0
483,195,68.587456,0
1645,755,59.741138,0
819,653,56.108368,1
2660,2525,77.838264,0
736,824,27.929239,1
2475,2135,5.248135,0
2373,534,86.377403,2
1298,2848,91.194527,0
884,1343,13.098130,2
613,1569,75.220055,0
118,793,72.684898,2
2648,2507,45.791866,1
1204,1108,62.668308,0
804,1402,67.390198,2
411,443,92.771591,0
2550,748,98.420662,2
2901,1185,60.274193,0
2307,2762,71.075127,1
726,2105,74.760475,2
2578,812,46.866611,2
1165,1500,10.046277,2
447,2175,23.193172,1
1655,2717,10.350854,2
921,2092,42.973419,0
1525,392,23.538969,2
433,2207,91.670555,2
405,2594,3.340768,0
2044,173,44.160664,0
1612,68,55.808498,0
371,1668,46.130245,0
1529,2661,48.237076,0
2734,83,46.978580,0
1423,1640,55.907433,2
2045,73,68.334724,2
2894,566,40.697952,0
1297,1300,21.210413,0
2852,949,34.540924,1
2560,1321,82.617104,2
2371,2586,21.090235,0
265,772,69.842743,2
469,2083,99.191101,2
1799,1820,0.027592,0
724,2397,79.032349,1
2625,699,6.362318,1
937,2514,27.835365,1
2236,2450,2.240564,0
1096,580,28.550045,0
2796,1256,18.232008,1
1478,1880,31.976530,0
778,1151,41.490955,0
1980,2852,23.461056,0
710,1178,31.647707,0
1631,487,4.778034,2
1853,2689,53.390488,0
664,996,65.741066,0
453,125,74.687309,1
1018,1982,68.523819,1
2941,2101,91.249268,2
1049,252,29.448757,0
9,1118,52.439171,2
2112,2113,8.504664,1
1765,560,30.467089,2
2755,2598,19.311857,2
109,628,1.526692,0
1292,791,17.750261,2
2471,2313,96.441696,2
2127,1906,7.756855,0
290,1703,83.848274,0
1731,2208,56.264889,0
2444,208,17.928005,2
2296,1891,69.114555,2
196,184,32.503857,0
2566,1180,48.394444,2
1207,2431,49.825840,0
1372,2330,12.387246,2
1347,2851,74.594231,0
839,365,83.705276,0
2387,807,1.190261,0
2894,2401,55.706844,2
2644,2984,14.359320,2
76,1170,19.769184,0
2911,453,78.330048,0
2455,201,65.389191,1
2952,2934,4.996178,0
340,64,22.163961,2
1688,2072,89.238945,2
1459,1467,44.180595,2
778,2473,82.337761,0
1387,92,78.283752,1
2681,1571,16.292299,0
647,2974,0.233799,2
2954,350,99.161591,2
2081,2872,39.065674,2
1839,172,18.849522,0
1775,1432,45.615204,0
1059,2406,93.349190,2
1289,2046,40.031300,0
2185,1892,44.313065,0
1978,2402,4.554477,2
2713,728,9.734825,0
2604,326,36.457920,2
2661,2244,44.782875,0
2174,1842,81.896286,2
369,2724,81.251694,1
1713,477,7.423937,2
358,864,58.000835,2
1171,1007,10.781131,0
1773,850,27.095825,0
2408,881,38.458431,2
2966,2938,90.577217,2
1887,2207,66.057594,2
1472,403,36.912762,0
2451,516,72.040825,0
1978,343,74.204636,2
2939,120,13.644060,0
875,2187,29.106266,0
148,1524,34.880054,1
1559,542,50.172268,0
1390,1063,43.782196,0
1097,2462,35.423141,2
1117,1660,17.846493,0
762,2445,83.778664,0
1951,2367,57.115238,2
421,2386,93.681480,0
483,109,24.499594,1
605,2291,36.279728,2
2806,2964,36.060974,0
385,2538,74.727661,0
751,1128,7.269814,0
2236,1200,90.886604,2
2511,2389,99.539490,1
789,1636,35.995613,0
2254,1835,7.059086,1
506,349,59.570324,2
937,1717,48.009235,2
358,1715,52.601006,2
460,2764,78.514290,2
1365,198,47.037380,2
733,2880,23.387693,0
872,1067,42.554497,1
2676,1841,93.954231,2
513,1095,37.420391,0
852,785,97.782089,0
2495,1595,3.543164,2
1379,1178,11.648053,1
1450,1368,66.481384,0
445,584,6.600128,2
107,1969,77.598030,2
2238,2424,54.190430,1
1631,2049,79.093559,2
2281,2719,17.586567,0
823,2939,43.153458,0
2895,2104,0.846349,2
996,2322,56.048336,2
2229,440,84.988068,0
2809,2147,40.290398,0
56,2187,19.087143,0
2211,2574,38.377876,0
2878,2945,68.185997,2
1701,114,45.836357,2
787,2316,88.801857,2
1416,2370,13.496945,2
2535,266,69.662834,2
248,750,18.490337,2
472,203,17.625883,2
1223,2324,53.166531,2
809,275,25.970106,0
2283,1941,57.806858,2
2063,1238,41.907799,0
892,653,62.315193,1
2276,2090,54.654507,0
2291,2254,70.969513,2
820,1578,56.605469,0
891,2345,35.090725,0
1133,1120,11.019148,1
1764,1825,18.248110,0
863,682,85.279221,2
2490,253,59.390125,1
1987,2,69.261925,0
2466,2963,9.491934,2
2503,2857,35.006401,0
2893,2691,70.043343,0
1605,340,57.959076,2
1269,837,3.813342,0
2701,1446,99.852242,0
2151,298,52.212921,0
2194,1569,17.004549,0
1643,75,12.178648,2
2071,1776,4.744116,0
260,2809,13.238933,2
1423,1692,57.048271,2
1971,1071,20.596642,2
1731,2878,7.591311,2
1563,332,5.994717,1
88,2612,4.773127,0
2506,2053,31.928909,0
2521,2986,11.353702,1
1265,2964,1.727507,0
1445,1879,79.636414,1
306,1790,68.496246,1
2458,129,22.251333,0
1069,990,31.298309,1
1330,2595,45.705048,0
2923,2175,48.501240,1
33,789,43.466587,2
905,2596,93.372971,2
1367,1767,17.507574,1
1634,2672,55.322933,1
153,1403,54.541290,2
1642,288,12.795547,0
1768,2552,90.650055,2
964,1904,23.986853,0
2582,1488,48.976677,0
2947,666,25.559235,1
2749,512,95.286034,0
409,2685,37.618584,0
778,298,7.083104,1
832,2551,68.262276,2
2343,2817,35.281700,0
1012,2604,8.656390,0
2508,2905,97.248436,1
1464,929,15.059396,2
165,714,71.747345,2
2590,269,36.428822,0
2790,771,73.970612,0
2975,2742,48.899174,0
1315,607,33.340771,0
2579,452,35.218113,2
714,254,92.983459,0
1110,2258,90.582817,2
2966,2816,41.258476,2
1133,154,24.476463,0
2022,158,22.006208,2
2430,1908,44.274864,0
2707,1687,57.894875,0
1484,1487,29.585640,0
2381,1339,83.707932,1
1510,1287,24.209667,2
2316,2920,16.439537,0
366,730,35.525696,1
1520,2026,72.341209,0
2968,1835,73.801094,0
1104,2362,67.617180,0
2608,1666,92.983459,2
2328,1300,77.987938,2
254,32,58.000835,0
1237,2961,97.273567,0
892,1503,40.578388,0
1944,442,30.467089,0
1676,965,92.944542,0
1226,1708,55.803398,2
1906,2099,66.390831,0
1475,2079,27.440578,1
2817,531,98.356697,0
2871,2493,59.033028,2
1386,83,61.096405,2
1625,706,76.981789,1
2217,2257,46.898716,0
346,766,21.598249,1
652,548,72.980637,0
2851,328,22.954756,0
986,1804,73.567535,2
566,530,64.394173,2
136,1473,72.523209,0
1251,310,7.439579,2
2363,1050,43.466587,2
294,2865,14.481391,2
1749,1576,51.891922,0
2045,436,90.972527,1
318,2506,31.011242,0
373,1127,99.298241,0
13,2445,97.130722,1
1181,1277,88.650116,2
271,1845,29.077618,2
1743,1447,47.994839,0
1176,2735,35.120029,0
2061,1861,22.698902,1
947,1158,71.595924,2
741,1268,12.469010,2
2163,2967,34.922417,2
1152,648,76.143372,0
1598,1931,54.803795,0
2843,505,56.881916,0
1804,2380,73.071686,2
1384,1519,95.952209,0
2070,1503,82.922218,0
2506,2280,57.358734,1
490,2787,85.685974,0
2676,2352,78.492172,2
1319,511,38.878490,0
2492,2603,57.730659,0
2863,1799,55.398788,0
1661,358,40.930622,2
2225,268,14.891375,2
1800,1710,33.041023,2
1881,1408,77.645546,1
2190,887,63.444778,2
1834,670,73.745964,0
1803,2685,70.032349,0
1052,2298,98.348343,1
2171,2994,31.365318,1
1138,1785,55.696884,0
2573,1250,53.962009,2
806,2940,0.660709,2
1879,971,70.603867,0
428,1732,86.685188,0
932,446,43.587566,2
190,2611,45.723099,0
2057,281,84.709663,2
291,1323,32.672607,2
2551,413,7.344404,2
905,2767,7.987466,2
1113,754,49.035183,0
1464,562,98.938156,1
2934,965,86.046494,0
891,1866,72.886642,1
1595,54,19.428770,0
1421,755,76.323898,2
2236,2394,48.982616,0
676,556,10.389972,0
661,502,69.360779,2
2190,1107,28.174183,1
1428,1482,18.400885,0
2325,238,55.822586,2
825,143,60.501793,0
1492,1087,95.476227,0
411,2529,67.050636,0
960,1456,99.512856,0
2742,1384,64.330856,2
2034,2848,41.156532,0
2651,197,37.486572,0
2078,1804,1.139981,0
2710,1489,39.817398,2
737,401,42.574287,0
476,324,93.488586,2
1476,2546,83.891457,0
1600,2772,41.149788,0
1656,86,21.059126,2
322,646,61.309517,2
2637,442,97.038376,2
1630,86,31.380814,2
121,110,70.918892,2
1194,2085,59.002071,0
852,2776,3.084084,0
2835,809,31.865351,0
2178,100,69.534859,0
815,944,35.840107,0
2331,2834,7.554621,0
2764,1057,31.168242,2
878,1126,46.884834,2
1185,1476,85.535591,1
848,2496,58.857105,0
53,1249,40.294083,1
2255,2979,18.942846,2
1697,118,60.141144,1
2058,69,36.300529,0
1898,2800,58.063732,2
1461,685,78.763802,1
1664,2120,37.276012,2
156,551,27.589865,0
2393,2617,25.894415,1
871,2820,25.626480,2
1767,604,71.817299,0
1901,1070,6.011420,0
1800,420,50.521412,2
1350,1596,36.719620,2
843,1992,42.069550,0
2193,506,14.390009,0
347,251,7.507765,0
694,953,40.836819,2
984,1704,87.255753,2
2473,2326,80.445580,0
1103,2094,9.645109,1
2014,2591,89.689148,2
1962,2622,88.905121,2
2081,2943,5.991220,2
1293,895,74.748917,0
2774,516,35.254448,2
1027,1953,91.604195,2
1620,1030,88.339310,2
223,817,67.748711,0
2274,788,94.276695,0
1415,2557,68.060219,2
2052,1663,32.122189,2
772,2315,49.166443,0
2229,2570,45.560673,2
1665,2780,6.810464,0
1047,2109,6.114077,2
1954,417,23.577860,0
2701,2095,79.049736,2
323,1242,42.171520,0
1578,2007,86.092247,2
237,407,20.448484,0
1442,964,45.129742,2
1742,2466,30.600468,0
1988,2548,58.625332,0
2911,2817,72.333084,0
1026,1839,79.915047,2
1502,2978,19.298719,2
2176,1745,50.573547,0
686,1229,24.515749,2
72,1683,31.731117,1
1881,920,8.301286,0
2640,2322,55.816795,2
2056,1524,47.691513,1
2694,2008,35.243031,0
664,1822,61.694004,0
2981,2810,34.757690,0
697,2908,47.774822,0
2374,1351,32.823818,0
1753,722,47.872654,2
1152,2303,10.252612,0
2686,254,46.283756,0
2572,1296,51.255749,0
1918,808,68.566925,0
22,1929,87.694771,2
2904,172,5.072021,2
1353,2940,56.775208,0
737,1248,23.878109,2
1417,2379,62.595387,0
2441,2587,7.277008,0
27,1238,64.317871,2
229,357,59.247852,1
940,657,57.077736,2
550,2616,96.559021,1
1410,2964,46.585373,0
749,2005,28.321205,2
1643,462,31.704229,2
517,2938,69.051735,2
1112,1345,5.072021,2
2054,1993,7.057323,1
406,1178,25.664398,0
1677,789,63.542423,0
455,2941,68.877342,1
1756,1886,15.166108,2
1252,412,77.999329,0
1058,253,89.548401,2
2670,1649,2.441411,0
256,2043,20.790871,1
1284,1375,97.499664,0
933,2575,1.530056,2
1034,2651,29.585640,0
1518,570,7.092078,0
550,2902,48.894169,0
1874,1694,21.304783,2
477,2655,67.014191,2
1900,1951,33.057671,0
2988,1159,26.494528,2
688,2553,49.865536,0
51,1290,17.422264,1
22,1711,33.050564,0
2599,1288,38.210461,0
45,2704,98.665886,0
1489,1455,68.923759,0
112,1695,25.191519,0
1959,590,24.755829,0
1908,37,66.912964,0
847,2303,60.708637,2
1439,549,34.850773,2
1238,2483,58.940853,0
2818,2401,35.453297,2
656,669,27.326281,0
401,1472,61.862892,0
624,1897,82.682220,0
2262,1457,92.975761,0
365,975,48.765198,0
2290,2827,11.381681,2
1124,286,38.294205,2
1406,2375,5.320644,1
524,1316,98.340759,2
792,2197,10.416384,0
2987,551,0.235117,2
2570,1106,35.375927,0
534,127,80.947906,2
1320,1385,57.833439,1
352,2368,4.889835,0
1921,560,8.321556,2
1303,1338,2.824304,2
2131,1589,80.399040,2
2053,1537,98.916290,2
593,1155,93.738937,2
1619,30,60.289288,2
1831,783,61.104374,0
260,963,53.028297,2
2387,1198,25.628922,0
1044,94,88.566887,1
398,213,50.235817,2
806,2368,14.754168,0
957,2633,78.688423,2
2835,1826,20.994539,0
1098,1978,32.503857,0
908,2989,49.045055,0
159,1777,70.770119,0
223,206,33.723705,0
931,2252,64.564262,2
121,1350,45.864468,1
2313,2020,19.996351,0
2721,2963,6.465642,1
2210,1291,37.145275,0
1530,1744,90.994385,1
1969,239,17.710209,2
1786,1546,2.216469,0
985,286,49.256020,2
1847,1378,23.208401,1
2485,1843,62.355679,2
460,2804,51.953144,2
978,2349,36.727413,0
1752,953,33.405270,2
154,874,61.583633,0
2679,285,43.633423,0
1570,2718,56.717278,2
1177,1541,74.516724,0
1063,1677,69.249489,0
1972,1574,71.919296,2
1952,9,3.502379,0
944,699,29.401703,0
2941,2673,88.054298,0
510,1701,42.200489,0
1518,142,1.366580,0
2278,1606,48.193180,2
1597,1350,45.468285,1
2728,1440,71.172264,0
332,2221,54.219631,1
2863,1557,95.691963,0
101,2753,51.317902,0
1681,1851,60.249847,0
454,1460,42.772675,0
338,2602,75.014404,2
2337,2614,69.902016,1
534,507,61.798878,1
669,1079,33.062874,2
1177,951,20.263514,2
2874,1266,9.594995,1
2122,1764,32.211494,0
2901,927,57.129547,2
1819,1768,9.273386,0
2011,1930,54.160866,0
1214,1917,94.299286,0
1292,159,14.639216,1
2315,2507,51.426189,0
47,52,80.729767,2
743,2682,72.624397,0
118,2498,34.703194,2
1707,1960,4.552348,2
168,756,10.785030,1
1939,333,31.813288,2
2388,1502,17.372927,0
2653,1480,82.058937,0
323,2379,7.555535,2
2966,2042,14.442528,0
2986,727,90.998329,0
1943,30,26.480186,0
621,1378,66.342926,0
654,2332,5.188900,2
2837,873,8.180967,2
680,61,32.382690,1
640,180,50.016739,0
1638,2574,83.554314,0
821,1951,89.126877,2
1214,2129,66.011856,0
619,480,23.433378,2
2493,2146,45.706764,0
1757,2369,32.132473,0
1238,515,40.798775,0
199,833,22.672367,0
1051,1183,8.850671,2
2802,2932,60.721840,2
1943,878,61.013760,0
810,1336,51.724915,0
652,2858,19.299509,0
2044,302,38.729107,2
644,1712,32.868416,0
1040,953,20.010098,2
2959,1509,75.009766,2
1493,2471,0.394208,0
1104,1896,74.674667,1
2656,2888,63.627266,0
2457,2347,62.018593,2
1536,635,7.433785,0
317,2206,2.467850,2
1222,2535,74.741264,2
2495,2798,15.632465,0
2258,1961,94.680260,0
620,2398,56.799061,0
1676,1283,46.095966,0
1962,141,95.216728,2
2430,2034,59.190945,0
1896,2689,2.495967,2
2223,2314,29.255295,2
267,1240,39.727356,2
81,572,86.747887,0
1999,1400,72.277832,2
2358,2517,29.180534,0
1757,2691,93.475822,1
1389,1936,42.058559,2
2777,2783,69.175392,2
2978,1927,3.883876,0
2949,2817,30.639828,0
256,2557,37.524094,2
1415,1031,63.954678,0
153,2753,49.787643,1
651,1547,9.427759,0
2498,2386,21.610895,0
665,852,76.916801,2
292,1992,30.470945,2
2441,2374,85.446480,0
749,598,41.940910,0
1229,945,99.511024,0
1191,36,66.233276,2
2231,1322,35.004173,2
1241,2817,11.787765,0
1223,848,4.439229,0
2393,2015,35.468475,0
2862,354,36.875710,0
243,1052,2.548164,0
2898,772,86.872559,2
1405,1755,46.283756,2
2354,1831,19.923092,1
1728,1688,61.708588,0
1752,1601,35.077122,0
203,1026,17.417782,0
2907,1259,44.645817,0
579,455,4.938582,2
1714,2650,6.981071,2
64,1334,20.060961,2
1429,1976,39.497898,0
2016,2726,96.381065,0
1470,1501,53.509396,0
2958,2595,15.705924,0
2454,1262,24.172237,2
820,2127,35.840107,2
1757,2274,30.744459,2
2474,123,7.367848,0
115,1853,77.717545,0
2353,2002,74.133057,1
534,982,17.160330,2
1033,2416,46.954945,2
2770,2516,91.398178,0
2215,346,48.772732,1
