node,label,f0,f1,f2,f3,f4,f5,f6,f7,f8,f9,f10,f11,f12,f13,f14,f15,f16,f17,f18,f19,f20,f21,f22,f23,f24,f25,f26,f27,f28,f29,f30,f31
0,3,-0.183660,0.534450,0.814469,1.180080,-1.749909,-0.455405,0.705655,0.515397,0.679811,0.314351,-0.853537,1.222565,-1.359589,0.985758,-0.016375,-1.472654,-0.396159,1.203752,-0.588402,-1.210602,-0.288790,-0.818075,-1.250600,0.437538,0.798172,-0.551731,0.523623,-0.387027,-0.099714,0.123402,1.493284,0.507559
1,2,-0.999113,0.515829,0.278812,-0.466360,-0.839761,-0.026260,-0.060132,-0.402182,-1.391147,-1.707172,0.127984,0.178205,2.183129,-0.178663,1.021424,1.195204,-0.061067,0.076801,-0.429844,1.775159,-1.508432,-0.039646,1.384123,-0.107680,-0.570938,0.232883,0.526988,0.567443,0.281643,0.750091,0.945701,-1.106883
2,2,-0.378892,0.869691,0.988620,0.234600,0.672479,0.952154,-0.858047,-1.226944,-1.153682,1.858674,-1.054433,-0.234587,-0.185478,1.031060,-1.738321,-0.039268,1.214388,1.114900,0.409312,-0.260939,1.757683,-1.671947,0.980985,0.508178,0.591037,0.265809,0.205180,0.930788,-1.153045,-1.246552,0.162453,0.052151
3,1,0.163660,2.090433,-0.579309,0.751319,0.384448,2.366562,-1.402187,-0.546007,-0.456790,1.320603,-0.819919,1.657943,1.598108,0.865613,0.437376,-1.556178,0.182149,-1.430672,-0.362626,0.203101,-0.308871,0.950806,-0.129176,-1.548582,-1.060057,-1.273908,-0.316430,1.247585,0.505746,0.339509,-1.285381,2.369164
4,1,-0.028263,2.916913,-0.867421,-0.567846,2.599662,-1.074994,0.418706,-0.338205,-0.813412,2.161080,-1.004131,0.897435,1.104313,-1.011801,-1.897225,-1.780640,-0.799583,0.222665,0.335442,-0.189047,-0.105307,0.974047,0.768153,0.378754,-0.616967,0.777573,0.181210,-0.747835,-0.576896,1.228648,1.845382,-0.529727
5,0,-1.578068,0.587464,-0.903263,0.732498,-0.375957,2.229599,0.112245,0.902851,-1.215054,-2.819291,0.135331,0.261963,0.720300,-0.553811,-1.291839,-1.600495,0.553141,0.710291,-0.875758,-0.528035,-0.728185,-1.895208,0.199116,0.846016,-0.223350,-1.422472,-0.198322,1.364423,2.129906,0.269097,-0.788941,-1.985575
6,0,-1.045936,-0.088888,0.225765,0.256640,-0.262977,-1.543222,-1.576456,0.147324,-0.824568,1.304836,-1.458913,1.687098,-0.666496,0.223189,0.223162,-0.344008,-2.013483,-0.482395,1.522460,-1.280793,-1.842109,-0.218874,-0.412387,-1.292842,-0.752573,-0.481079,-0.412874,0.162774,0.706663,0.387075,0.341749,1.680143
7,0,1.595303,-2.912840,-0.363162,-1.576550,-0.689136,0.771074,-0.201186,-0.428389,1.316972,-1.503778,-0.093814,0.548759,0.024135,-1.163275,-0.022568,0.807512,0.357250,0.317691,0.307448,0.135192,-1.241261,-0.309102,0.430838,-3.114509,0.757178,0.337424,-1.084180,-0.746350,-0.203841,0.413435,-0.374027,1.167003
8,0,0.913126,-0.786571,-0.471182,0.227580,0.728374,0.680016,-0.097594,0.149495,-0.025101,0.821990,-0.986244,0.602843,-1.852403,0.451033,0.256213,-0.000374,-2.132609,1.566724,0.898411,0.025448,0.458707,-0.939382,0.512273,1.560087,-1.178086,2.692757,-0.436929,0.827408,-0.826111,0.390406,-1.273939,-0.658994
9,3,-0.228577,-0.655822,-0.241430,1.475953,-1.277085,-1.195753,0.047059,-0.564190,-1.003749,0.132033,-0.564367,0.336140,-0.039760,-0.201215,-0.068240,1.023240,1.314104,-0.159604,-1.029968,-1.511292,-2.233578,-1.175956,-0.852320,-0.052536,-1.880539,1.429691,1.063556,1.245170,-0.512890,0.244001,-0.947364,1.549810
10,2,-1.213025,-0.513625,1.923416,2.489812,-0.091726,-0.414234,-2.507132,1.710452,0.308182,-1.883941,0.871357,0.613881,-0.354400,-0.557836,0.730125,0.233945,0.486834,1.226495,1.193190,0.760513,0.585285,-1.278185,-1.115459,0.818523,0.647203,0.518182,0.840347,-0.554003,0.564923,-0.988881,0.062380,0.929326
11,3,-0.676864,1.952908,1.134079,1.872107,-0.211156,-1.388949,-0.698590,0.551667,-0.279003,0.721365,0.150455,-0.589754,0.934215,1.351745,-0.732149,0.511908,0.156594,0.280880,-0.104107,-1.252681,1.409524,-1.043592,-0.870626,0.656271,0.179875,-0.796037,-0.657547,-0.158697,-0.436082,0.646526,-1.164219,0.363321
12,2,1.530535,0.201362,-0.388293,-0.723038,0.043664,-0.624214,1.234602,-1.840384,1.638963,-2.024990,-0.041009,-1.082972,0.820183,-0.774034,-1.133068,-0.340025,-0.411009,-1.935030,0.454516,-2.392626,1.176337,-0.330065,0.953007,-0.600558,-0.793107,0.651748,-0.584140,-1.547606,-0.087077,-1.377070,-0.012907,1.378940
13,2,0.962668,0.001852,0.334281,-0.316785,-0.637545,0.355074,-0.157885,-0.381699,0.270048,-2.018377,1.956480,0.630134,-1.393763,0.115047,-1.129085,-0.539268,-0.895109,1.091861,-1.920733,-0.354393,-1.649063,-0.020450,-0.317708,-1.406720,1.439734,1.563443,-0.564183,0.521928,-0.148807,0.243441,1.532131,-0.268641
14,3,1.792167,-0.288195,-0.093554,2.389318,0.275217,-2.031942,0.224803,-1.281853,-1.662603,-0.942643,0.326080,-1.113368,-1.401258,-0.379762,0.404611,-0.696378,-1.306436,-2.172693,-0.776202,0.844308,1.002090,0.789811,-0.175291,0.129351,1.267703,-0.868677,0.364076,-1.870896,0.682298,-0.451043,-1.155631,0.772834
15,2,-1.111235,-0.867282,2.036819,-1.046025,-0.656005,-0.683254,0.784801,-1.835912,1.250396,-0.243354,-0.316866,-0.896681,-0.145451,1.470394,0.212852,-0.932540,-0.347355,0.534453,0.085325,-0.257311,0.604573,0.361087,-1.077716,-1.914916,0.500488,1.857444,-0.820731,-0.141012,1.354081,1.739634,0.065236,1.249725
16,2,0.750634,-0.555816,-1.518812,-0.909428,0.369229,0.419255,-0.502245,-0.857700,-1.600305,-1.680334,-0.122120,-1.574734,-0.015106,-0.797981,-0.426165,2.125368,0.048263,-0.343553,-0.173336,-1.473657,1.339149,0.847816,-0.531995,0.229288,-0.671578,0.396281,-1.342973,0.267471,1.501270,0.446281,-0.590089,0.949770
17,2,1.950543,0.730934,0.597234,-0.802218,0.435639,1.922267,-2.016880,0.977289,0.147792,1.513357,-0.127935,-2.163723,1.991437,-1.159383,0.800320,-0.127570,-0.039586,0.137624,-0.545866,0.186584,0.307675,0.801601,0.125022,0.318692,1.328184,-0.902022,0.070144,0.478313,1.035436,-0.063582,0.099349,-0.344947
18,2,1.240256,-0.321172,1.185293,-0.101875,0.030845,-1.223058,0.056712,-0.029646,-1.483600,-0.740440,-0.453852,-1.528705,-1.217164,1.469563,-1.029982,-0.856678,-1.395761,1.227382,0.918208,0.318217,0.084241,-0.491874,-0.284409,-0.674155,0.658267,0.692194,0.912628,2.048895,0.707169,0.634528,1.003698,-1.542010
19,3,0.004732,-1.512503,1.577252,0.006990,1.773121,1.061523,-0.552236,-1.659766,-1.124017,1.038721,-0.321303,-1.481285,-0.224712,1.692706,1.609237,-0.473086,0.308115,0.612746,-1.479165,-0.532923,-0.405413,0.404052,-0.510301,-1.397387,0.324207,-0.642007,-1.227896,-1.225397,-0.222978,1.451057,-0.174546,1.073125
20,1,-2.246132,-0.338661,-1.257990,-0.274555,0.770195,-0.546467,-1.244492,0.947739,-0.762133,0.272558,-0.664997,0.517127,-0.383547,0.795158,0.621004,2.221269,-0.080174,-0.975331,-1.161117,-0.597317,0.375314,-0.713825,1.518968,0.200318,-0.977019,-0.462953,-0.638380,0.178267,-1.025374,1.281964,-0.356309,-0.237280
21,3,0.923150,-0.748472,-0.001371,2.292214,0.411143,0.293823,-0.476395,-0.994240,1.748809,-0.160108,1.897991,-0.683895,1.254953,-0.205317,0.416782,1.216709,0.441535,0.802577,-1.562930,-0.460702,2.044689,-0.229136,0.318630,-0.163090,-0.621578,-1.494059,-1.141742,1.682570,-0.079061,-1.188809,-0.904065,0.873429
22,2,-0.947150,-0.625352,-0.616634,-1.259130,1.649061,-0.140890,-0.321507,-0.601450,0.712453,0.061471,0.292342,0.136866,-0.357322,-0.480888,-1.734902,-0.491778,2.163558,-1.239437,0.004372,0.335725,1.194025,2.658277,-0.396796,-0.877103,1.060172,0.213009,2.006378,0.725337,-0.668797,-0.196635,0.423039,0.500689
23,0,-0.634115,-1.924207,-1.603777,0.617160,-0.153238,-1.834841,-0.550840,-1.937015,-0.263179,-0.865360,-0.557966,-0.084355,0.182630,0.059555,1.291678,2.401028,0.851964,-0.189632,0.751968,-0.727266,-0.825837,-0.871245,0.292359,1.238506,2.224136,1.324272,0.697687,-0.688327,0.076648,0.543459,-0.122253,1.862862
24,1,-0.819951,-0.214138,0.380045,2.006800,-1.812742,-0.846040,1.287903,-0.678951,2.059095,-0.821520,1.072326,-0.088177,0.459559,-1.035885,-1.606207,0.775550,-0.529308,-0.918693,-1.105293,-1.045036,1.353227,-0.922643,-0.542473,1.966684,-0.432316,-0.005656,0.367651,-0.295999,-0.688127,1.278885,0.319831,-0.629494
25,3,-1.385298,-1.157672,-1.024545,-1.655984,1.173938,0.102101,0.536654,-1.418874,-0.485108,-0.240100,0.075590,-0.206286,-1.244924,1.091849,0.710284,0.074860,1.032234,1.208103,1.393906,0.163025,-0.314795,-0.479812,0.891233,-0.701465,-0.913526,0.554397,0.523004,0.636550,-0.849218,0.300737,0.915297,-0.479831
26,2,-0.268138,-0.297954,2.019218,0.900809,-1.340570,-1.520751,0.650111,-0.213103,0.532572,0.265695,1.009601,-1.625715,-0.547863,0.250994,0.234470,-0.948139,-0.527159,-0.585843,0.044679,0.700564,-0.275468,-0.153054,-2.094177,-1.061103,1.852980,-1.714708,1.364392,-0.297892,-1.963202,1.457685,1.284069,-0.503248
27,0,1.367277,-0.355895,0.050926,0.166269,-0.231011,0.524373,0.385749,-0.522885,0.295993,-0.520588,0.133819,-0.496870,0.097291,1.600646,-0.653891,-1.463127,1.594145,0.292444,-0.650614,-0.249650,-0.913751,0.937844,0.713339,0.628572,0.220203,-2.050042,-1.186978,0.284400,-2.654949,-0.079256,-1.025312,0.633294
28,3,-0.196601,1.058918,0.337655,0.613749,-0.973340,0.627709,2.379283,-1.710444,-1.023734,1.664093,0.511791,-0.295930,0.781978,0.332492,-0.652622,-0.668291,0.855275,0.343305,1.077682,0.653781,-0.613995,1.524116,-0.923163,-0.453295,-0.782782,-1.401180,0.622594,-1.052853,-0.684225,0.942773,0.865213,-0.621424
29,2,-1.308039,-0.104254,-1.097866,-1.010424,-0.387776,-0.158130,-0.555230,-0.145345,1.382040,0.627126,1.379226,0.896029,0.231982,-1.213840,-1.336087,-0.020585,-0.408608,-0.934543,0.409705,1.224079,-0.068087,0.085836,-0.546965,-0.687941,1.973653,-1.256411,-0.161225,-0.447140,-0.109892,1.046333,0.993763,-0.140112
30,3,1.123496,-0.766547,0.355677,2.279512,-0.577588,0.205117,1.498580,-0.842478,0.064325,-0.314800,-1.116943,0.404261,-0.844129,1.655754,0.020661,-0.210150,0.040872,0.102787,-0.199224,0.057229,-0.574812,-0.499440,0.527044,-2.136350,-0.799483,0.008555,0.342380,-0.390541,0.136224,-0.349465,-1.860714,0.940471
31,0,0.767996,-0.957357,1.474975,0.677494,-0.625504,1.106567,0.539028,0.828875,-0.601794,-0.556633,-0.822464,-0.541058,-2.313088,1.083766,-1.180448,0.569712,-1.298219,0.116807,-1.192352,-0.019879,-1.599696,-0.591921,0.659641,0.213896,0.171046,-0.858436,-2.196532,-0.893026,-0.510951,1.479249,0.569524,0.316462
32,0,-0.081863,-0.729260,0.640622,-0.372051,-0.336894,1.917855,-0.981819,-0.281606,-0.249690,-0.651333,-1.411567,1.272351,-1.412446,-0.907614,0.256265,-1.243736,-0.155800,-0.256595,-0.236750,-0.140067,-1.408421,-0.549503,1.284513,1.163944,-0.580778,1.084896,-0.939865,-1.363958,-2.017263,-1.112998,0.459878,-0.325548
33,3,1.661634,0.839436,-0.354215,0.276719,-0.215912,0.999106,-0.384190,-0.014502,-0.735444,1.298754,-0.349110,-0.646797,-1.520141,0.966247,-0.591702,-0.070388,-0.410447,-0.186518,-1.982548,-0.784579,-1.083611,2.178395,1.346866,0.438077,2.486764,1.277322,-1.344723,-1.285225,0.267865,-0.069375,0.211477,-0.824931
34,0,2.345504,-0.351113,1.120230,1.459392,-0.585235,0.576381,1.592978,1.458245,0.751769,0.439705,0.078850,1.268767,0.583061,0.124291,-0.472707,-1.352657,-0.173524,1.864457,-0.483612,-0.641223,-0.240662,-0.212869,-0.559175,0.643238,0.325793,1.182871,0.601510,0.186484,-2.103066,0.197147,-0.653130,1.077728
35,2,0.073440,-0.762618,-0.043241,-1.201487,-0.547547,0.315187,1.178824,0.519856,0.809696,0.891105,-0.323627,1.453146,-1.351707,0.123382,-0.525755,-1.965445,1.658995,-1.997691,0.689350,1.793175,-0.203123,-0.115372,-1.898783,-0.249807,1.450918,-0.522119,-0.974399,-2.315750,1.285679,0.411788,-0.302020,1.042784
36,0,-0.030681,-0.334019,2.124021,-0.896266,0.290332,0.223523,0.097442,0.006274,-1.306661,-0.137501,-0.242471,-0.668924,-0.833540,-1.001722,-0.809427,0.409096,0.036456,1.655498,0.603333,-0.595059,-0.539116,-0.172972,-0.350021,0.003694,1.941197,-0.151979,0.131997,-1.191637,-1.500547,-0.135642,-0.417286,0.201704
37,1,1.356988,-0.010464,-0.684588,0.978498,-0.435679,0.057515,-0.105680,1.879185,-1.683136,-0.820906,0.650793,1.160096,-1.029068,1.178841,-0.471036,-0.726261,-0.630125,0.353830,0.484606,-0.874780,0.205964,-0.382092,-1.192777,1.691786,-0.967519,0.102541,-1.164864,-0.431394,0.090872,0.161395,-1.023757,-0.119873
38,1,0.349946,1.984178,0.798152,1.072882,0.633024,-0.667115,-0.328367,0.906530,-0.687426,-1.121350,-0.043777,-1.817995,-0.782421,-1.139548,-0.412496,1.312342,2.319185,0.593051,-0.960629,0.731101,0.420492,-0.602368,0.881077,-0.483564,-0.579445,0.057371,0.685462,-0.368318,0.355220,-1.829423,0.292279,-0.478440
39,1,-0.522920,-2.025790,-1.449202,-1.745546,0.605454,-0.921931,0.273319,0.658909,-0.546416,-1.027459,1.210510,0.261941,-1.232684,0.480415,-0.663819,0.464892,0.826175,-0.816939,0.491640,-3.011450,0.547128,-1.960057,2.525555,0.354162,-0.613548,1.133280,-0.784445,0.119175,-0.284907,0.001178,-0.559545,0.438140
40,1,-0.739850,0.612521,0.628493,-0.595504,0.835625,0.485723,-0.295523,-0.513995,-0.048795,-0.452848,-0.513831,-0.132691,-0.212238,0.106777,1.419787,0.911772,0.849560,0.517316,-0.603788,-1.060662,-0.227564,1.186159,1.199197,-1.458022,-1.774146,1.674860,1.425014,-0.626562,-0.077218,0.049989,1.103185,-0.487976
41,0,1.091790,0.273778,0.300631,1.054017,0.146659,-1.281322,0.902405,-0.487048,0.897812,0.264749,-0.978027,0.255050,-0.635035,0.270217,-0.404293,1.010051,-0.711727,-0.367633,-0.699882,-0.793898,-0.269753,0.214208,0.560722,0.051039,-0.455082,-1.559084,0.942128,-0.507619,0.400733,-1.065107,1.514222,0.691555
42,0,-0.388653,0.348065,1.342736,-0.176621,-1.701301,0.456813,1.847409,-1.597230,1.024827,-0.232856,-0.091167,0.191735,0.012319,0.862788,-1.164567,-0.086040,-0.935585,-0.510712,2.972574,-0.845953,0.448855,0.306322,-1.919951,-1.147217,-1.816211,-0.152878,-1.314652,-0.897253,-1.535129,0.673195,0.596865,1.486356
43,0,0.324126,0.738088,1.129600,2.092040,-1.249552,-0.810342,-0.980957,-1.386628,0.714441,0.728133,-1.397814,-1.085725,0.313699,-0.491705,0.229012,-0.169076,1.060016,1.126709,-1.829849,1.356285,-0.481812,-1.134032,0.602907,-0.979698,-1.257239,-0.344971,1.361196,-1.817913,-1.041323,-1.691547,-1.204730,-0.148561
44,0,-0.819789,0.310378,0.105820,0.722205,1.920035,-0.988474,-0.480937,-0.604305,-0.452166,0.403362,0.599838,-0.505961,1.331704,-0.271637,-0.115888,-0.889912,0.667975,0.745712,0.002803,-2.153010,-0.243851,0.593274,-0.417285,-0.096728,0.512556,-1.819392,0.794706,-1.893698,0.095540,0.574960,-0.501948,0.467149
45,2,0.493860,-0.531732,0.075621,0.803893,0.306473,0.600489,0.410836,-0.569329,-1.056970,-1.021384,-1.335950,-2.008814,-0.590025,-0.900814,0.064333,-0.228284,0.373149,1.125830,-0.980931,-0.250243,-0.380736,-0.873569,-1.193009,0.059649,0.263560,-0.277278,0.562357,0.311809,1.011663,0.043263,0.153192,1.120796
46,2,-0.431616,0.462048,1.495345,0.902661,0.831844,0.625078,-0.282109,0.984440,-0.502870,-0.420159,-0.212331,0.542059,1.609507,1.321287,1.274391,0.691828,0.155599,-0.867496,-0.583160,0.139861,1.707180,0.578614,0.372895,0.581597,-1.340221,-0.660179,0.516495,1.023622,-0.593074,0.558979,-1.882386,0.504442
47,2,1.427666,-0.200042,-0.115012,2.675446,0.049645,1.383561,-0.649446,-1.188295,-1.529466,0.996083,-1.657595,-1.995527,-0.613344,-0.388478,-0.275367,-1.240111,-0.807251,0.057137,-1.932693,0.097997,0.605941,1.373270,0.455694,1.157427,0.301231,1.494511,0.127681,2.087352,0.599844,-0.557283,0.184728,-1.741699
48,1,1.211083,0.226658,1.232824,2.209360,0.010438,0.038255,-0.150995,0.373090,2.216439,1.284051,0.241433,1.060469,-2.057963,0.123922,-2.829537,1.124317,-2.168770,0.547652,-0.902832,2.559123,-1.264555,-0.328824,1.692597,0.443673,0.207343,-0.229828,0.094533,-0.749554,-0.165582,-0.043687,0.730899,0.081238
49,2,0.846711,-1.486944,1.910684,0.457791,1.639544,0.532177,-0.101513,0.141167,-1.153516,-0.226130,0.186332,0.134694,-1.636371,0.490810,-1.003321,-0.214681,0.851277,-0.706305,-0.125119,-0.440148,0.540321,-1.152220,-1.551187,-2.074257,2.175956,0.677885,1.618237,-0.374037,1.122518,-0.445169,-1.262779,0.846960
50,3,-0.294449,0.259905,0.418944,1.091480,-0.212751,-2.309464,-1.188046,0.565494,1.946916,-0.035177,1.379756,-2.376693,1.490096,-1.135585,-1.013488,-0.299782,0.296684,-1.197749,0.996105,-1.442199,0.136032,-0.883816,0.213387,-2.017569,-0.979303,-1.249056,0.909679,-2.239688,1.730914,-0.513252,0.189818,-2.547516
51,1,-0.796982,1.337620,1.500359,-0.990955,1.132739,0.175003,0.641995,-0.212498,1.514980,-1.707560,0.642419,1.537675,0.769137,-0.286651,0.517545,0.261413,-0.275331,1.069628,1.342790,-1.360687,1.858461,0.051741,-0.170731,0.926430,-0.767201,0.468177,-0.327467,-0.034936,0.387422,0.021143,-0.328195,1.205180
52,1,0.573683,0.999274,0.884944,-2.089312,0.909275,2.306983,-1.034284,2.518068,-1.790074,-0.697459,0.674296,-0.597733,-0.890077,0.153044,0.437280,0.874436,-0.272152,-2.028613,0.572603,1.295428,-0.461259,0.786732,-1.363227,-0.722372,-1.186430,0.096041,-1.171491,1.656276,0.512399,0.043589,0.715818,1.277471
53,3,0.388756,-0.836557,0.087292,0.063668,0.538558,-0.387106,0.070862,1.050131,-0.798612,-0.147684,-0.233388,-0.609543,2.558887,1.169378,-0.658712,-0.642187,0.341348,1.266508,-0.102454,0.852500,-1.747082,0.404360,1.325323,0.162369,-0.635446,1.111252,-0.983388,-0.282192,0.614010,-0.907900,2.651202,-0.189527
54,3,-2.012428,1.104022,0.362418,0.463271,0.492825,0.643199,-0.101123,0.694691,0.398065,0.960758,-0.475750,-0.377173,0.636276,0.709192,-0.015835,0.103886,0.961361,-0.844372,-1.194122,0.801151,0.392303,-0.698248,-0.280683,-0.754540,-0.517673,1.326638,0.053813,-1.108816,0.527352,0.529862,-0.059780,-0.067354
55,3,0.505699,0.771215,-0.096621,-0.063985,-0.227155,0.980593,0.773778,-0.420685,2.841158,2.511278,-1.052226,1.029935,-0.996275,0.044165,1.553814,0.774034,-1.193769,0.517868,-2.452941,-1.586134,0.035278,-0.825639,1.577340,0.133497,1.277593,0.117581,0.169499,0.172832,1.966517,1.617600,-1.118623,-0.259870
56,1,1.686020,-1.005894,1.838976,0.634450,-1.020595,-2.221879,0.059970,1.743152,0.234500,0.554272,0.486785,-0.245719,0.397214,-0.627743,-0.573211,-0.923732,-0.373979,-0.374597,0.186650,-0.345572,-1.657418,-1.105504,-0.267988,0.529140,-0.289489,0.390777,-1.538622,1.189284,-0.461253,-0.805881,0.038757,0.450715
57,2,-0.226007,0.660040,-1.266098,-0.100062,0.861031,0.479559,-0.283624,0.325463,1.756724,-1.129331,0.261961,0.126205,0.698014,-1.141204,1.601800,0.871608,2.318837,0.080634,-0.601913,-1.796829,-0.472042,-1.268917,-2.011179,-0.866168,-0.261609,-0.166913,2.584859,1.559288,0.196086,0.720574,-0.376968,-0.413734
58,3,0.498522,-0.111354,1.601131,1.252331,-1.034835,-1.490218,0.159120,1.204378,-1.045476,-0.929397,2.402646,0.030077,-0.331359,2.488481,-0.293731,-1.128936,0.083723,-1.248605,-1.585092,0.965359,-0.556953,0.491082,-1.107346,-0.240248,-1.229428,-0.943462,1.751437,0.750500,0.682451,-0.020576,-0.347073,-0.025879
59,2,-0.429876,0.516168,0.406695,0.198339,2.677434,-0.002208,-1.087074,1.594172,-1.030511,-1.034742,1.812575,0.446993,-1.008510,0.101237,1.418020,-0.904103,0.216643,2.445167,-0.125802,-1.667071,-0.378240,-0.278265,-0.518385,1.753403,0.212926,0.042285,0.561785,0.160355,-1.926222,0.681456,0.553664,0.394948
60,3,0.740109,1.121010,1.393143,-1.096462,-0.755664,-1.016687,-0.454978,0.368570,-1.785440,0.669003,-1.514159,-0.993586,-1.219769,-0.493162,0.321132,-2.057600,1.561452,-0.965279,2.163851,-1.539006,0.863651,0.569539,-0.232980,-1.431875,-0.468280,1.289610,0.858157,0.860220,1.492318,0.486701,-0.061864,0.872919
61,2,0.697366,1.377717,0.977681,0.611409,1.012375,0.000268,-1.084291,-0.034966,0.099454,1.127666,0.653201,-0.500412,0.231258,-0.298146,-0.493849,0.814245,-1.044521,1.063871,-0.342921,0.432170,-0.399882,-0.662306,-0.629963,0.845159,-1.697688,0.117788,-0.643580,-0.506967,1.823370,-0.701058,-0.737133,-1.546774
62,2,-1.870155,-0.241409,-0.185394,0.690894,0.202552,-0.910176,1.468490,1.099495,0.019003,0.783586,1.712908,0.393642,-0.547053,0.117194,0.173701,0.277573,1.145831,0.317679,-1.652064,-0.800517,-1.066527,0.354517,-0.268623,0.352677,-0.494367,-0.728346,1.017323,0.403002,-0.239339,-1.662912,-1.286589,-1.184374
63,1,-0.061188,-0.458606,1.070036,0.742419,-0.164937,-0.851746,-0.502610,0.291073,0.021038,-0.212322,1.172923,-0.349602,-0.138048,0.553962,0.270785,1.080826,-0.492322,-0.778697,0.657864,0.127478,0.791918,0.721766,0.707012,-0.975080,-0.096775,-0.539553,-0.466966,0.123340,1.515902,2.088504,-0.822857,-0.040768
64,3,-0.804931,-0.779799,-0.270318,-1.121740,0.359531,-1.127579,-0.174896,-0.798463,0.679475,0.800265,0.604539,-0.060209,-1.609531,-1.059748,0.442283,-0.610005,-0.320834,0.514071,2.112892,-0.745451,0.431611,-0.571037,-1.126197,-0.344800,-0.252952,-0.435966,0.508502,-0.289642,-2.062317,0.527464,0.480647,-1.435335
65,0,-0.176241,-0.482201,0.677755,-0.250794,0.950624,-0.757663,0.852141,0.001649,-0.371171,0.833251,0.796068,0.575346,-0.128338,1.046602,1.193735,-0.311110,0.107511,-1.516276,-0.681775,0.973582,-0.955439,0.333991,-0.038130,1.643577,0.139409,-1.877124,-0.422663,0.422342,0.607450,0.464360,1.270401,0.252669
66,2,-1.893730,-0.639574,0.711368,-0.684208,0.347977,0.283707,1.612666,-0.705577,-1.202023,-1.254704,-0.475795,0.500362,-0.156503,-0.689282,-1.108461,-0.235261,0.620012,1.115318,1.248536,0.710304,0.304035,-0.623707,0.311141,1.483770,0.108021,0.745343,0.002449,0.473623,-0.925984,-1.280778,-0.983397,-1.947731
67,2,0.859828,2.383632,0.291300,-0.793944,0.355732,1.594570,0.090486,1.284185,-0.009526,0.232759,-1.516356,0.349678,-0.930376,-1.047422,-1.566646,0.600733,2.285335,-0.720827,-0.269604,-0.360603,0.441126,0.983468,-0.036708,-0.400177,-1.797365,0.632732,0.079252,-1.807752,-1.174056,-0.986181,-0.445948,-0.897570
68,3,0.777638,-0.951260,-0.505142,-0.546541,0.690848,-0.431053,0.005319,0.552653,-0.010271,-0.141870,0.752082,0.374654,0.115869,-0.384820,0.163089,-0.719156,1.495637,0.283765,0.450323,-0.641318,-0.223182,0.690264,-1.949178,-0.270561,-0.641787,-1.133988,0.680409,-0.767939,-1.039413,1.001143,-1.878907,1.033543
69,2,1.066141,-2.044468,0.272027,0.286821,1.017798,-0.530557,-0.165807,0.744603,-0.901742,0.582120,1.105097,-1.048719,0.299382,0.078015,-1.050434,0.151750,-0.257678,-0.793772,-0.361195,-0.976983,0.398167,0.409551,0.756550,0.100385,0.210983,-0.559065,0.651558,-0.624958,0.564640,-0.457756,-0.774318,0.389684
70,1,1.634551,1.356049,-0.449363,-1.389525,-1.502851,0.280289,0.163785,-1.930014,-0.158915,1.076991,-0.025588,-0.032362,-1.160192,0.689624,-0.706709,-0.570315,1.146167,-1.013228,-0.202526,-0.010104,0.385187,1.537844,-0.018340,0.522124,-0.092306,-1.674067,1.112338,0.732428,1.201351,-1.052063,0.141922,1.901277
71,1,2.204702,0.575372,0.296088,-0.959986,-0.205890,-0.765458,1.045765,-0.403318,-0.091360,0.794436,-0.132000,1.039678,-0.168374,0.748782,-1.011526,-0.017136,-1.475529,-0.862870,-0.738065,1.932905,-1.058689,1.938247,0.660312,0.461882,-0.729187,0.814060,1.887158,0.978912,0.397766,0.076236,0.690786,0.159168
72,1,-0.207250,1.370315,-0.331449,0.887440,2.104220,0.960199,-0.482336,-0.187017,1.060599,-0.823669,1.868337,-0.195081,0.138580,0.422020,3.257199,-0.087465,-0.572329,-0.403706,0.657471,1.696379,-1.017244,-0.352538,-0.219294,-0.386069,1.501048,0.885658,1.416426,-0.479743,-1.096793,-0.051116,-0.747574,0.215046
73,1,1.059702,-1.686584,0.738458,2.141828,-1.226002,0.321496,-1.177851,-0.872917,0.114181,1.824578,1.608989,0.113822,1.026807,-2.765578,-0.352208,-0.250910,0.573610,-0.783724,-0.885120,-0.922938,0.569504,0.374766,-0.366437,0.936742,-0.140970,-0.627444,-0.694194,-2.094080,0.164251,0.694520,0.498158,2.661206
74,2,-0.351815,-1.289778,2.287702,1.565949,-0.784235,-0.058974,-0.489866,0.541139,-0.336873,0.770053,0.983356,1.983027,-0.412383,0.774580,1.042602,0.242193,1.623054,0.442784,0.143405,2.127212,-0.769750,1.194752,-0.734440,0.598460,0.817066,0.956494,1.452862,-0.664815,-1.245981,0.212565,0.325668,-0.078756
75,3,2.495013,0.128748,-1.278049,-0.213285,0.474137,-0.090725,1.188088,0.892341,0.922260,0.863528,0.820188,-0.116741,1.565354,1.130215,-0.695875,0.448069,1.043146,1.451351,0.479324,0.866275,-1.947280,-0.250317,0.009050,-1.016250,-0.001428,-0.260422,-1.159967,0.564369,-0.659971,-0.389459,0.969948,-0.645421
76,0,1.900663,0.471422,-0.832140,-1.451935,0.081330,-0.732099,-1.180526,-1.271278,-0.518514,-0.475792,0.161566,-1.250990,-0.529085,-0.622759,-0.754245,1.301907,0.271557,2.146666,0.791703,0.370951,1.255922,1.171458,-1.620135,-0.803980,-0.225749,0.285453,0.281358,-1.543394,0.377521,0.447512,-0.899252,-1.168370
77,3,0.570335,-0.442704,0.849870,1.512532,0.376176,-1.434140,-0.890767,-1.829798,-0.509387,-0.889850,1.563536,0.644934,-0.248595,-1.220252,1.805649,-0.876900,-2.015495,-0.752149,-1.440762,0.816729,-1.026643,0.512300,1.505464,-0.919955,-0.117928,1.909018,-0.267967,-0.256604,-0.311474,-0.750054,-0.793794,1.045545
78,2,1.240139,-0.901723,2.506682,1.647815,-0.308943,-1.655068,-1.021828,-0.202692,-0.241776,1.718484,-1.278050,-0.114599,-0.192866,0.822007,-0.233902,-0.280295,-0.018905,-0.462589,0.550296,0.551048,-0.870524,0.852029,0.328885,-0.116862,0.978230,1.285382,-0.765942,-0.360454,0.107083,1.662029,0.399543,0.236042
79,1,2.004359,0.262364,0.978501,-0.676338,0.097072,0.915012,-0.716409,-0.658213,-0.131531,1.499624,-1.650992,-0.593946,0.991313,-2.195491,1.891714,0.164171,2.004880,-0.947854,0.827647,-0.651190,0.284925,-0.739794,-0.635274,-1.716905,-2.834646,-0.055963,2.363050,-0.292828,-0.486533,0.489493,-0.670068,-0.514450
80,2,-1.261981,-0.928650,1.577703,-0.851758,0.202262,-0.369516,-0.869182,0.310546,0.826601,-1.222503,0.348876,0.786215,-0.306238,-0.079770,0.004951,0.203579,-1.127948,-0.515849,0.413545,-0.758690,-0.086539,-0.072711,-0.779569,0.133104,1.307694,-0.793045,-0.615546,-0.160395,-1.207215,-0.601853,-1.483502,-1.866580
81,2,0.334897,0.837454,2.236839,-0.160961,0.955566,-0.294726,-0.734603,0.645089,-0.251299,0.658422,0.292499,-0.975900,-1.100992,-1.036010,-0.659405,0.907528,-0.112548,1.422668,0.545602,-0.177780,-0.856275,-1.964767,1.084934,1.304478,-0.233435,1.748779,-0.064528,-0.023915,1.140467,0.012435,-0.454274,-0.358667
82,1,-1.718513,0.421889,-0.019985,1.218845,0.644009,-0.745702,0.806266,0.293170,1.566125,0.903620,-0.103650,1.043734,-0.373055,-0.959148,0.242103,0.556854,1.045524,-0.029091,0.058055,0.725146,-0.072485,1.610346,-1.485868,-1.266218,-0.275797,1.108018,-0.091860,-1.354752,0.776574,-1.124419,1.283083,0.904628
83,1,1.505366,1.753993,1.095283,0.715625,-0.309606,-0.101107,0.014108,0.197843,-0.537626,-0.730589,1.419967,-1.170955,1.079887,2.036081,-1.016742,1.390830,-0.114008,1.466123,-0.561563,1.295707,-0.687062,-1.307991,1.769805,-0.833162,-1.270741,0.034991,-0.313732,1.191083,-0.865048,-0.435860,0.791265,-0.719161
84,2,1.034633,1.075263,2.486133,2.100981,-0.722796,-0.715594,-0.913288,-0.016728,-0.125752,-0.216657,-1.148415,1.300553,-1.482302,-0.537630,0.800347,0.627298,-0.207009,0.951837,-0.330145,1.982033,1.048395,-0.748712,0.857986,-0.218952,0.385161,1.223585,-0.825311,1.405502,-0.266631,1.094123,0.442829,-0.551219
85,2,-1.358856,-1.224185,0.797289,-1.087277,-0.494554,-0.246396,-0.641152,-0.447012,0.607170,1.118968,0.466821,0.645244,0.534370,-0.438663,0.185432,-1.690496,0.081083,-0.427630,1.237545,-1.857959,-1.070018,2.279256,0.734947,1.382799,-0.788694,-1.453807,0.482434,0.160249,0.544303,1.546659,0.854306,-1.547410
86,2,-0.510182,-2.206513,1.047008,-0.465248,-1.270793,0.359488,-1.105429,1.008260,0.717097,2.234641,-0.752725,0.954515,-0.450991,-1.203866,1.858243,-1.061408,1.650648,-0.355404,0.724518,-0.426981,-0.773164,-0.900322,-0.417345,0.246076,1.401437,-0.793654,0.028488,-0.269375,-0.084305,-1.023060,-1.380528,-0.468857
87,1,-0.032255,2.904995,1.498397,-0.404997,-1.294912,-1.709617,0.943295,1.203859,2.076781,-0.262620,0.389406,-0.342706,1.424782,0.928586,-0.774513,0.169107,-0.999243,0.111219,-1.415500,0.196278,1.192659,1.263996,-1.239153,0.051081,-1.335206,1.091777,0.407132,-1.134841,-0.913467,0.559258,-1.698674,0.068795
88,3,0.361890,-0.659992,-0.265488,0.590393,0.577828,-1.248724,-0.561816,0.800919,-2.611064,0.980429,1.337458,1.896902,-2.359741,-0.459143,-0.647485,1.451267,0.667357,1.024393,0.735097,-1.523957,0.420051,-2.177826,0.441899,0.201226,-0.180412,0.238526,0.714888,-0.781623,0.358536,1.456147,0.395736,0.230691
89,1,-0.014511,-0.797831,1.428524,-0.412382,0.040242,-0.298292,-0.355596,-0.589811,-0.704268,0.932324,1.365790,0.242119,-1.155188,-0.066181,2.220554,0.312358,-0.195881,-0.819135,0.530186,-0.239273,1.284075,1.086719,0.514140,0.075273,0.538743,0.315648,-0.233763,1.329856,-0.092703,-0.534759,-1.677663,-0.214864
90,1,-1.533700,1.262721,-0.806080,-0.915238,-2.264389,0.276136,-0.302917,0.699958,-0.928006,1.022882,0.738581,1.639582,-0.454885,1.129208,-0.815972,0.105495,-0.235864,1.389685,0.436778,1.960425,0.400138,0.179622,-0.065100,0.275004,-0.715874,-1.065063,-0.530223,-0.358002,-0.509260,2.188044,-0.174560,-0.290010
91,3,1.263978,0.907340,-0.722367,1.361031,1.020416,-0.824860,-0.130953,0.720103,0.912516,-0.736033,1.205223,0.554260,-0.907132,-0.234397,1.841946,0.398938,-1.885411,-1.236527,1.516467,-0.049057,0.173675,-1.162699,1.543861,-0.111148,-0.600080,-0.120009,3.013728,0.032566,0.376798,-1.430451,-0.627012,-1.859279
92,1,0.958809,-0.178848,-0.446608,0.127288,0.365362,2.062511,0.025508,1.058247,-0.711934,-0.991924,-0.711743,-0.057017,0.259676,1.057550,0.922391,-0.562527,0.296816,1.081476,-1.335325,-0.673650,-1.270667,0.608789,-0.022818,-0.870390,0.509876,-0.356207,0.986954,-0.195368,0.330785,-1.388716,0.453140,-0.378607
93,0,-1.191772,-1.811110,-0.973573,0.783615,-2.118806,1.175875,-0.173931,0.234027,0.753878,-0.791043,-0.028479,-0.145276,-0.589035,0.855778,0.122649,0.755724,0.859725,0.400838,0.773316,-1.123838,-1.309063,1.452866,-0.378183,0.651416,1.097569,0.367628,0.807703,-1.213617,-1.314149,-1.157524,-0.608045,-2.604759
94,2,-0.403430,-1.851956,1.496594,0.432504,0.486139,-1.937040,-0.392297,1.454766,-0.713091,0.857746,-0.887398,-0.153318,2.646974,0.670438,1.315586,-0.048654,-1.534632,-1.452150,0.829665,0.300428,1.455503,-0.476131,0.355879,-0.695427,0.664848,-2.082138,0.037543,-0.886858,-0.129489,1.014617,0.387341,0.626891
95,2,-0.793674,-2.671890,-0.625897,0.261742,-1.169188,0.371037,-1.841744,-0.156814,1.332168,0.502709,-0.849536,0.679091,-0.133153,-0.624051,1.124853,0.379832,-1.959697,-0.641034,1.542762,-0.115249,1.979883,0.753582,0.948625,-1.665302,-0.477360,1.508435,1.373116,0.196220,-0.663647,-0.897760,-0.272258,-0.106872
96,0,-0.480673,-0.973605,0.566764,1.267487,0.414758,0.116677,1.365958,-1.201712,-0.162593,-0.397232,-0.523713,-0.959546,1.000303,0.591434,-0.231795,1.531705,-1.493935,-0.187442,-0.936443,1.676901,-0.179656,0.311703,-0.353603,1.099225,0.547969,0.486288,0.157145,0.859254,0.513428,0.621324,-1.427687,1.220705
97,0,1.591246,0.694703,-0.280707,0.044123,-1.068686,-0.477615,2.004208,-0.112875,-0.547161,0.298399,-0.115498,-1.056782,0.498437,-0.424604,0.064958,1.197067,0.276463,1.352929,0.548315,-0.657413,-0.752765,0.096329,-1.023372,0.460961,1.507611,-0.209332,-0.110973,1.918363,0.892925,0.577216,0.973532,0.179993
98,1,1.577919,1.445533,-2.344494,0.764520,0.412023,-1.507541,1.145467,-0.045816,-0.550981,-2.065344,-0.013291,0.011378,0.627776,0.250853,-0.018117,-0.762344,-0.308247,0.563793,-1.680646,-0.505745,-0.000779,-0.037686,0.680202,1.820247,-0.315817,-0.231969,-0.390070,-2.128952,1.208085,0.337749,0.708591,0.039376
99,3,0.858887,-0.228644,0.709386,-0.112127,1.221671,-1.147613,0.706670,0.270218,0.833818,-0.255336,-0.695496,-0.525101,-0.270851,-0.132542,-0.945923,-0.293789,-1.842718,-0.383078,-0.176462,1.956577,1.587587,1.229175,0.767862,-0.029705,-1.688892,-0.332282,-0.408997,-0.727114,0.902200,-0.249528,-0.782380,-1.638082
100,1,1.380457,1.477840,-0.043237,0.436366,-0.099223,0.746411,0.337758,-0.432627,-0.607316,-1.260890,-0.338096,1.152243,-1.769137,0.465723,0.458955,-0.608103,-1.574842,-0.604259,-0.599100,0.566833,0.501650,-0.279140,0.586009,-0.818048,0.039946,1.116165,-0.319957,-0.075847,-1.350835,-0.188010,0.482876,-0.474620
101,3,1.459659,0.653574,0.079119,1.449481,1.232845,1.248944,-0.985633,-0.695135,0.025339,-0.731401,1.970038,-1.876676,0.202874,-1.469046,-1.080130,1.294698,-0.115786,0.121352,0.473672,-0.471253,0.594253,0.608056,0.010091,-0.359769,0.214843,0.958591,-0.154681,-0.079179,-1.327016,0.877876,-0.624074,0.929076
102,1,0.526569,1.773736,0.428876,-0.881763,2.349195,1.246199,0.020960,-0.660323,-1.051381,1.559037,-0.224010,0.341687,0.860796,0.321910,0.544307,-0.117600,0.733192,1.038339,-0.086244,0.356671,-0.329689,0.281357,1.357442,0.391148,-0.350693,-0.048561,-1.057812,-0.255754,1.295155,1.571710,-1.727126,0.731544
103,0,0.724891,-1.682638,0.431118,0.389584,0.655702,-1.251245,-0.476142,0.438246,-1.596488,1.494302,0.360732,-0.463777,1.349612,1.211566,-0.373617,-0.926929,0.787064,2.730634,0.254385,-0.352223,-1.106572,0.788291,-1.260395,0.634422,0.522437,0.252751,-0.252369,2.089262,0.080002,1.844409,0.624380,1.374999
104,3,-0.452072,0.523169,0.063315,0.306685,-1.202459,0.120174,2.233573,1.819110,-0.125839,1.953850,0.195505,-0.794087,-0.050096,0.518871,0.770248,0.209467,0.037652,0.632662,0.138659,-1.003810,-0.122301,0.014074,-0.441036,0.456568,0.154234,-0.633862,1.293749,-0.376411,0.253094,-0.108911,-0.733757,0.560536
105,3,0.247826,0.735395,1.916926,0.576416,-0.198152,-2.861616,0.537950,-0.655667,-0.741156,-0.565610,0.458443,-0.268538,-0.251448,-0.306282,-0.027192,-0.317445,-0.717966,-1.070173,0.943053,0.486780,-0.036742,-0.660405,1.718975,-0.403727,0.670883,-1.200952,1.079773,0.697053,-0.877682,0.083176,-1.026442,-0.318099
106,0,-0.782342,0.190445,1.014299,-0.651878,-0.389221,0.312763,-1.781403,0.123747,-0.474200,0.028369,-2.733098,-1.076377,-0.335272,0.757231,-1.328736,-1.344424,-0.324576,-0.524952,0.231004,-0.779979,0.050867,-1.039179,0.039524,0.885669,-0.604283,-0.510923,1.386077,-0.869201,-1.088118,-1.632941,-0.869498,-0.140774
107,0,0.012800,2.150024,-0.844454,-0.970419,-0.148167,1.138384,-0.476250,0.134584,0.163251,-0.456794,-0.074860,-1.203418,-2.557132,-0.470059,0.851850,-0.080971,-1.070964,-0.307302,1.258390,-1.011237,0.037106,0.068853,0.872937,-0.664481,1.149841,-0.478189,0.693247,1.037815,1.702137,1.754630,-0.983042,1.436293
108,2,-1.526116,-0.532092,0.764822,-1.323312,0.061587,0.491378,0.868660,-0.174231,1.244596,0.048670,0.837798,1.010884,1.850220,-0.101461,0.564445,-0.095144,-0.179003,-0.838598,0.998508,-0.946863,-1.216704,-0.163417,-0.549220,2.285515,0.260751,2.205388,-1.409359,-0.716099,1.355571,-0.632473,-0.676349,0.530977
109,1,-0.701013,-0.203517,0.773457,-0.284009,0.138526,1.146654,1.245798,0.858481,1.994878,-0.363397,-0.921931,1.819288,0.379967,-0.263947,-2.130749,1.062212,0.850025,-0.722121,0.398082,0.928529,-1.333916,0.753836,0.223817,-0.905394,-0.399328,-0.410941,-0.693400,-0.350383,-1.889835,-0.179974,1.808723,0.344974
110,2,-0.696425,0.476839,1.156823,0.497481,1.088483,-0.996656,1.016242,-1.180483,0.164398,-1.595680,0.254489,-1.722325,0.188752,2.858598,-1.771945,0.107268,0.204238,-0.045433,0.605327,-1.396852,1.607897,0.503835,0.691007,-0.074649,0.830833,-1.362459,0.914717,-0.603929,0.357728,0.721175,0.721106,0.876455
111,0,0.938131,-1.330525,1.078074,0.323099,0.291553,-1.382925,-0.030702,0.490878,0.439678,0.179963,1.125181,-1.049071,-1.296643,-1.917281,0.253399,0.529953,0.198298,0.141497,-2.041748,0.477049,-0.311228,1.740081,-1.244373,-1.101964,0.351744,-1.856919,-0.791456,1.404472,0.440375,-0.403935,1.785058,0.411878
112,3,0.271816,-0.538287,1.301489,-1.170104,1.257645,0.958490,0.042208,2.025627,0.277130,0.349733,-0.850748,-0.466554,0.616368,0.606430,0.326699,0.298591,1.283112,-0.230639,0.379260,-1.533997,0.851898,-0.269712,1.615470,0.615694,0.466684,-1.799059,-1.497676,-0.109447,-0.654612,-0.531555,-0.368269,-0.854028
113,1,0.870120,0.916278,1.580065,-1.009239,2.118181,-0.552386,0.194352,1.951574,1.088705,-1.542657,0.858613,1.536286,0.442559,0.663651,-0.961986,-0.032429,-0.491914,-1.337260,-0.805365,-0.444411,-0.840041,-0.767456,-0.696237,1.385869,1.454975,2.415317,-0.766313,0.355676,0.120620,-0.559291,-0.793434,0.914573
114,3,0.966355,2.049537,-1.122291,1.922422,-0.518622,-1.039102,0.892888,-0.058518,1.629174,-1.808248,1.155756,-0.962330,-0.732395,-2.060389,0.602801,-0.398754,1.250301,0.276469,-0.974998,-1.037005,-1.121614,-1.325967,0.500305,-1.101646,-0.610616,0.003073,-0.275400,0.070894,0.701073,0.486332,-1.104553,-0.013926
115,3,-1.486348,-0.300136,0.431297,0.147283,0.437273,1.397463,1.403491,-2.197127,-0.685209,-0.128280,1.061874,-0.389376,1.733203,0.611870,-0.886930,-0.876233,-0.773839,-1.652749,-0.277277,1.397809,0.421157,1.210223,-0.610778,-0.827105,-0.416357,-0.906057,1.964553,-0.283546,1.016570,0.322205,-0.562157,1.016389
116,2,0.573676,0.379928,0.484607,0.275853,0.564329,1.733524,-0.276087,-0.450094,-1.144995,-0.118318,0.357549,1.802052,-1.094195,-2.080830,-0.541027,-0.266892,-0.723990,2.277892,-2.866510,-1.122539,-0.539219,0.448426,0.783928,0.050473,0.587197,-0.325497,-1.683203,0.003576,-1.101980,-2.286367,-0.862174,-0.416256
117,0,0.472347,0.002579,0.111204,1.569651,0.274134,0.260634,1.446720,1.159820,-0.833623,0.393721,-0.791872,0.044241,1.526861,0.127382,-0.351583,-1.324731,0.390476,-0.090115,0.830416,0.739281,0.774014,1.178397,-0.142737,1.372233,-1.662757,1.154895,-1.073833,-1.765014,-0.220981,-0.286269,0.911972,-0.775095
118,3,-1.205432,0.128953,0.480530,-0.335268,0.125538,-1.195823,0.126301,-0.030673,-2.495621,0.475497,-0.190797,-0.984243,1.879305,0.468173,-0.445354,-0.615677,0.260055,0.858096,0.127877,0.563341,-0.951696,-0.214331,1.032907,0.116928,0.605101,-0.284012,1.303031,-0.652918,-0.804198,-1.317148,0.296954,-0.135618
119,0,1.341694,-0.473682,-1.576557,0.042437,-0.895239,-0.654423,1.056022,0.452374,-0.461273,-0.039045,-1.195389,-1.370346,0.550262,1.149447,0.398456,-1.051947,-0.127503,-0.096984,-0.062179,-1.333446,0.462962,-0.199421,-1.123961,-1.852643,-1.220057,-0.785757,0.226074,0.770912,-1.561615,0.665773,0.792855,-0.760064
120,2,-0.769864,1.860660,0.257985,0.595779,-0.354167,-0.296432,-1.484269,-0.225838,-1.182499,-0.961816,0.484597,-0.554300,2.156358,-0.264575,0.808409,0.368098,-1.464185,-2.249107,-1.682537,-0.202151,1.072855,-0.650038,0.152298,0.165111,2.645325,-0.552304,-0.524128,-0.061097,0.128213,-2.310717,-0.023357,-0.606623
121,1,-0.154402,-0.486238,0.802966,1.058103,0.547146,0.872571,-0.891188,-0.871632,-0.616894,0.700533,0.941296,0.904501,0.167254,0.283408,0.824806,-0.695541,-0.358894,0.394592,1.568202,0.626396,-0.032182,-0.496852,0.142220,-2.733953,0.715633,0.486534,-0.852788,0.336766,0.061989,-1.030804,1.370385,0.174376
122,3,-1.041814,2.170396,-0.045214,-0.172140,0.747585,0.891258,0.314582,-2.907135,-0.054818,-0.074103,-0.106706,0.623012,0.249459,-0.242326,-1.462386,0.676312,-0.250318,0.161195,1.160113,0.850507,0.190543,-0.896496,-0.848687,-1.299276,-0.554851,1.778095,-0.095741,-0.031267,0.068295,0.576617,1.190581,-0.208983
123,0,1.305856,3.104108,-2.515073,-0.305221,-0.072763,0.034275,0.196328,-0.656744,3.145034,-0.302105,0.225222,-0.221459,0.533670,0.531020,0.309751,1.414678,-0.140009,1.009904,-1.472276,1.019198,0.540365,0.577215,0.140440,-0.326430,-2.344421,-0.566568,-0.251290,-0.768216,0.416079,-0.370853,0.538418,-0.591591
124,3,0.459746,0.085874,-0.159813,-0.620842,1.300594,-0.373897,-1.230158,1.338253,-0.845669,-0.890267,0.161540,-1.432655,-0.664099,-1.800498,-1.899104,-0.012368,-0.210540,1.254112,1.804374,0.273339,0.411711,-1.188321,-0.454675,0.098473,0.982456,0.610698,-0.168910,-0.187066,-0.819219,-1.411216,-0.906954,-0.065808
125,0,0.721516,-0.219445,0.288929,1.808021,0.215667,-0.306620,-0.111289,-2.015518,0.556798,0.229482,0.244136,-0.889805,-0.807865,-1.411005,0.041904,2.842053,0.445657,2.041249,-0.804475,0.150023,1.024658,1.207052,-1.763527,-0.481885,0.979483,1.645785,-0.688945,-0.804228,-1.435495,-0.161368,-0.746842,1.701677
126,2,1.408795,0.189274,1.842955,0.749937,0.051718,0.729236,0.738985,0.025006,-0.628381,-0.223020,0.214076,1.343938,-0.627840,-0.158633,1.196842,-0.500943,0.945038,-1.028283,-0.346639,-0.240916,1.441017,0.089067,-1.252053,-1.252609,1.967653,0.539629,-0.453432,0.839616,-0.678360,0.382460,-0.633348,0.129483
127,2,-1.186494,0.386205,1.551556,-0.180999,0.590545,-0.760505,-0.257132,0.198257,0.834856,0.068657,-0.497410,-1.147040,-0.137695,-1.160446,0.803360,-1.784566,0.230091,-0.248090,-0.290752,-0.028225,0.635173,0.309637,-1.342793,1.052752,-1.026101,-0.236037,0.577255,-0.121085,-0.915460,-0.740231,-0.481878,1.457577
128,3,-1.337704,1.049151,-1.332466,-0.028548,0.488682,-0.785299,-0.095982,-0.300520,-0.958360,1.643511,-0.174155,1.538291,-2.123068,1.082000,-0.018797,-0.131500,1.116088,0.910315,1.244507,0.826490,-0.250757,-0.446449,-0.518152,-1.164721,1.009736,0.800250,0.326743,-0.407675,-0.792225,-0.407191,-0.222857,0.514402
129,1,0.643745,-1.070758,0.085889,0.154117,0.305550,-1.055499,0.240103,-0.325690,0.508090,0.359211,0.692570,1.485152,0.479780,0.574442,0.937445,-0.827254,-0.503317,-0.029141,-0.322975,1.609855,0.049525,-1.221929,-1.653942,2.659127,-0.011431,1.002075,0.666264,1.773585,-0.054773,-2.378505,-1.253660,-0.209784
130,3,-0.581962,0.619624,-0.479905,2.386215,-0.626481,0.407844,-1.508205,1.001873,-1.584908,0.108183,-0.166444,-1.286327,-0.876207,0.415602,-0.671973,0.570035,-0.478633,0.278817,-0.617598,0.794736,-0.435654,-1.218148,0.283161,1.004478,-0.675963,-0.106333,-0.359773,0.966396,-0.669480,-0.824693,-0.705328,0.806037
131,2,-0.184566,0.875885,0.283835,0.011926,-0.905563,-0.119731,-1.550474,0.123572,-1.011200,0.032273,0.137515,0.561018,-0.097150,-0.458102,2.217722,1.320221,0.382545,-1.022484,0.487809,-0.901265,0.928809,-0.293867,-0.128338,1.727548,1.293408,0.478698,-0.236154,-1.195026,0.961985,-0.046558,-0.044841,-2.042243
132,3,-1.096470,-1.995366,0.067290,0.381268,-1.830090,-0.058983,-0.895360,-2.439816,0.518080,1.908154,-0.650439,0.623277,-0.033550,-0.408823,2.132077,-1.179303,0.662812,-1.298526,-1.102636,0.715841,-0.994991,-0.016976,-0.542726,0.217620,-0.725284,0.481236,-0.926718,-0.034418,-0.356608,-1.133030,-1.372732,-0.625100
133,0,-1.876712,2.310228,0.913927,0.427316,1.710213,-2.216017,0.700738,-1.576973,0.332090,-0.062875,-1.628342,0.663599,1.131074,0.271518,0.178001,0.164048,-1.335551,-0.055994,0.708455,0.301683,1.560563,0.194125,-0.905736,0.412451,0.651746,-0.469093,0.600754,0.818905,-0.585502,0.806743,1.014770,-1.186477
134,3,-0.027854,0.774168,0.099813,1.284611,-0.448905,-1.247111,0.127499,-1.972040,0.275047,1.493694,0.387623,-0.413877,-0.613900,-0.035340,2.066394,0.788704,-0.112946,-0.357374,0.203762,1.852290,-1.010669,-0.691444,-0.531943,-0.062621,0.330708,1.945433,0.695045,-1.644349,-1.384299,-0.244564,0.052789,0.383514
135,3,-0.664217,-0.254535,-1.156081,-0.519605,-0.074115,0.990292,-1.292284,1.074276,-0.258908,-0.870117,0.720664,-0.291734,0.183178,-0.191515,-0.176267,-0.188912,0.527829,-0.828144,1.276065,0.898995,0.716061,0.399104,0.221083,1.248243,0.861568,0.263798,0.397007,1.584944,1.637055,1.458763,-0.162595,1.476753
136,0,0.263192,0.898691,0.613127,-0.033316,0.686234,0.804721,-0.239980,0.149775,-0.937673,2.546891,-0.764470,0.475226,0.130956,1.040324,-0.493391,1.006244,1.384265,0.344599,-0.324125,0.625754,-1.150043,0.165807,1.317977,0.213732,-2.236976,-0.717831,-0.040422,-0.409521,-1.903740,-1.233868,0.793405,0.048728
137,1,-2.634675,1.484833,-0.231470,-0.113067,-1.299909,0.467648,-0.723550,-0.328476,-1.154655,-2.178469,1.312246,-1.094106,-0.788547,-0.066300,0.704539,-0.582689,0.491136,1.823621,0.400448,-0.656603,1.151079,-0.873444,-0.429896,0.550951,0.427447,-1.557993,2.043961,0.615711,1.320370,0.007048,1.489529,-0.578302
138,2,-0.056071,-0.038156,1.257290,-1.369384,0.872223,-0.347185,-0.578450,0.289707,-1.960133,0.597184,-0.838883,0.411096,0.517893,3.138220,-2.664115,-0.907005,1.952086,-0.977637,-0.196591,-0.262288,-0.631850,1.961936,-0.000290,-0.437790,1.375497,-0.480864,-0.120476,-0.193516,1.834202,-0.443355,-1.328148,0.656552
139,0,-0.510105,-0.689818,0.296579,-0.344262,-1.252323,-0.025415,-1.137492,0.130315,-1.174894,-0.369703,1.786933,-0.863902,0.018756,1.055912,1.104160,0.652374,-0.042513,1.169994,-0.404320,2.059295,0.210565,-1.565521,2.464418,-0.458526,0.443580,0.923613,1.035782,-0.739370,-0.529231,0.086036,2.983389,0.470626
140,2,-0.040946,0.245857,1.457647,1.786686,-0.120233,-0.615006,-0.593430,-0.583369,0.890726,0.497755,0.713040,1.751887,-0.223204,1.098850,0.463944,-0.451817,-0.485594,-0.315542,0.096269,0.949438,1.029228,0.318868,1.057735,0.268385,0.350553,-0.122949,2.002522,1.633920,-0.491295,0.870951,0.240260,-0.226812
141,2,0.740164,0.180547,0.659845,-0.226334,-0.093559,-1.351865,-0.662572,-0.081800,0.879421,1.604094,0.359691,-1.186166,-0.730010,0.428601,-0.493900,-1.100178,-0.307524,-0.014596,0.410632,-0.925117,-0.141399,0.634761,0.690171,1.135677,0.526662,0.112200,2.141922,-0.047884,1.646548,-0.520275,1.159006,-1.451103
142,3,0.752349,-0.649776,-0.315911,0.240702,-0.606599,-2.760469,1.960004,-0.384411,-1.382036,1.211215,1.666082,-0.066381,-0.208789,-1.227868,0.395909,-1.008533,1.918977,-0.161599,0.533427,-0.875017,-0.589553,0.384670,-1.078430,0.847263,-0.804524,0.308031,-0.917033,0.906584,-1.447063,-0.070994,-0.114759,-1.905897
143,3,-0.793985,0.124548,-1.095025,0.214654,-2.720282,0.060456,-0.954500,-1.179523,-0.800491,-0.406125,-0.559796,0.308942,0.886753,0.441397,-0.242477,1.217121,-0.953593,-0.431172,-2.991118,-0.024383,-0.518715,1.132595,-0.480036,-0.613170,2.294390,0.418041,-0.788736,-1.575899,-1.343283,1.120047,0.011670,0.515626
144,1,0.327626,-0.170933,-0.589692,0.778351,-0.282922,-0.359653,-0.285352,0.065640,1.335360,0.367467,0.905026,-1.055693,-0.981420,1.246472,0.455020,0.301729,-0.199397,1.568839,0.368131,-0.389496,-0.395506,-0.278876,0.886786,0.641835,0.556039,1.908622,0.466121,0.091230,0.703027,0.608882,-1.655840,-1.016526
145,1,0.773234,1.374700,-0.243309,-0.436253,-1.306897,0.151746,0.331706,0.672452,-0.390246,-0.566289,0.991659,-0.111690,0.114579,-1.624889,-0.474942,1.315076,1.338042,-0.251204,0.473927,0.069511,2.080941,-2.553270,-0.075582,-3.272193,0.748442,1.572456,-0.107342,0.153149,0.512485,1.200271,-2.131530,-0.345583
146,1,0.315714,0.116688,-0.659806,-0.899135,-0.289148,0.237854,1.162867,0.100835,-0.907962,0.129107,1.061800,-0.541273,-0.084986,0.774524,-0.615726,-0.149167,0.025866,0.509834,-1.950779,0.244663,-0.416655,-0.088100,0.998723,0.548695,2.246000,0.511810,-1.954132,-0.607828,0.379139,0.097873,1.259214,-1.847439
147,3,0.427796,0.129241,0.214703,0.309066,-0.259482,-1.435059,1.804823,-0.970778,0.997612,-0.213360,-0.165485,1.872100,-0.195357,1.146897,-0.115498,0.586838,-0.392504,-1.018675,-0.718016,0.803226,0.460240,0.346639,-0.197636,0.226781,0.894841,0.189346,0.208878,-1.397809,-0.618058,-0.682946,-0.877231,0.250414
148,0,2.310871,1.348196,0.543687,-0.979320,0.605723,1.638599,-1.083386,-0.794112,-2.620507,-1.541281,1.945400,1.951301,0.805688,0.412011,-0.547478,0.850563,-0.180753,1.995056,0.991392,1.050187,0.179037,-0.615804,1.213537,-0.389762,-1.314651,1.249681,0.836254,0.011547,0.494830,2.584817,-2.342661,-0.070381
149,1,0.450564,0.227904,-0.819409,1.531914,2.317046,1.006998,1.323773,-0.685899,-0.251929,0.378793,0.858590,-0.251988,1.370023,0.387611,0.919277,1.611426,0.637669,-0.872645,-1.216856,-0.596655,-0.081911,-0.046024,-0.423502,0.295402,0.107361,0.567260,-0.436993,1.138983,-2.282663,0.345138,0.087421,0.600743
150,0,2.288104,0.924345,0.220422,-0.412512,0.675421,-0.215849,-0.427958,1.171471,0.282044,0.418041,0.026487,-0.831030,-2.035601,0.504926,0.685423,0.228871,-1.071311,-0.467229,-0.057868,-1.440046,-0.145388,0.201800,-0.011791,-1.181021,-0.328095,-0.696880,-1.260977,-1.350039,-0.079316,-0.749487,2.030989,0.116832
151,1,0.284022,0.455622,-0.654088,0.803344,0.524920,0.605730,0.419865,-1.792128,0.571544,-0.224712,0.025778,0.976800,-0.284040,-1.261059,0.464829,2.069106,-1.275596,0.335249,-0.364248,1.236948,0.004689,-1.297822,-2.031402,1.446962,-0.021145,-0.747503,-0.182914,-0.001692,-0.806136,-0.223418,0.724120,-1.254944
152,3,1.080981,-0.632710,0.247684,1.982328,-1.018595,-0.031948,0.443195,0.925871,-0.812261,1.448469,-1.939197,0.234235,-1.075626,-0.165053,0.790672,-0.261453,1.017700,0.196644,0.644600,0.520374,-2.122201,1.627559,-1.525669,0.220776,0.326773,-1.660877,-0.250020,-0.571689,-0.872434,0.306656,0.230207,0.081848
153,2,0.209532,-1.357769,0.914417,-1.185177,-0.422422,-0.552767,-1.390063,0.574130,1.582068,-0.323192,0.694582,-0.780402,0.553448,1.652049,0.756835,-1.062797,0.103590,-0.360413,-0.273765,1.903933,-0.556815,-0.773240,0.680740,-0.854513,-1.091389,-2.069700,-1.315608,-0.644176,-0.674467,0.454859,0.177926,1.487131
154,1,0.527563,0.203100,0.108568,2.221231,0.207144,0.820928,1.421465,-0.513207,0.816292,0.478844,-0.314012,1.485991,-0.851951,-0.263189,-0.314512,-1.322959,1.094043,-0.215687,-1.236755,-0.623929,-0.772030,1.404020,0.636257,1.214810,0.210388,0.457219,-0.915507,0.686720,-0.359691,0.494673,-0.132646,-1.067888
155,3,1.535990,-0.384032,2.158586,0.671520,0.114551,0.616071,0.714100,0.701017,0.064439,0.550580,-0.713597,-1.178690,1.792181,0.597146,0.102189,-1.477194,1.315422,0.022828,-1.293460,-0.321624,0.796571,0.261226,1.194749,-3.371585,1.144824,-0.530168,0.383900,-0.311718,0.574078,0.744169,1.108897,0.209419
156,2,0.763633,0.511471,-0.134481,-0.024515,1.189027,-2.064401,1.509342,-0.125050,1.007472,-0.173280,-1.432172,-1.553711,-0.644096,-1.408700,0.810001,-1.511212,-1.849092,0.865010,-0.236961,-1.018847,-0.713092,-0.219092,-0.112826,-0.434526,-2.606336,-0.925173,-1.429493,-0.262805,0.317723,-0.102826,-0.307661,-0.235688
157,3,-1.972244,0.735266,0.684407,1.134675,0.194083,-0.931393,-0.378210,-0.305477,-0.900716,1.487280,0.379978,1.614309,0.966892,0.254084,-0.292766,0.109475,-0.496423,-0.933906,-0.977851,0.306134,-1.265551,-0.178768,-1.425580,1.220600,-0.125235,-0.220683,0.252252,-0.409898,-1.358160,-0.469905,1.467593,0.299329
158,0,1.632825,2.507433,0.257879,-0.177341,1.283470,0.074720,-1.032313,-1.326742,-0.699310,0.260264,-0.340987,-0.383715,-1.172108,-0.483968,0.072806,-1.827642,-0.837831,2.159636,1.102291,1.293305,-2.054546,-0.131501,0.480101,-0.053952,0.865991,0.396222,0.577549,1.032699,-1.733152,0.344794,-1.170145,0.438906
159,1,1.313232,0.419985,-1.593681,-1.370638,-0.046381,-0.629750,1.604693,-0.292159,1.844697,-0.011215,-1.108302,2.230310,-0.296617,1.496546,1.481067,-0.148109,0.696736,0.987612,1.390250,-0.261394,-1.076212,1.167826,0.594962,-1.859752,1.071599,-1.374594,-0.352494,-0.587027,-0.275604,-0.028627,-0.929435,1.031134
160,3,0.563358,0.646152,1.279143,1.766752,0.209791,0.200489,-0.560879,0.414390,-0.291372,-1.733449,0.457652,-1.024297,1.488250,1.858423,0.761286,-1.033494,0.096250,-1.011717,-0.747359,-0.896248,-0.118269,0.104936,-0.072348,0.311704,-1.015910,1.127913,1.057520,-0.612512,0.430142,-0.643754,-0.833040,-0.053612
161,3,0.946425,-0.241871,0.282842,0.790981,-1.335027,-2.844944,-1.429406,-0.607704,-0.806743,-0.953240,-1.815347,0.221663,1.044578,1.364595,0.561397,-0.764465,0.523006,-1.851729,0.881649,0.872530,-0.865887,0.288951,0.310715,0.139289,1.802013,0.142471,-1.205431,-1.188320,1.122634,-1.596325,0.195324,-1.559994
162,1,0.571101,0.371382,1.004906,-1.484213,-1.496219,-0.297266,-0.562345,1.203649,-0.115388,0.041948,-0.307802,1.337143,-2.213379,-0.192867,-1.378899,-1.647277,1.883587,1.279115,0.987339,-0.837864,0.499151,0.479864,0.033977,0.669285,1.137736,0.745058,1.289620,1.102194,-0.258176,0.600684,-1.160806,-1.606656
163,1,1.080387,-0.393318,0.309585,-0.698869,0.037052,1.319088,1.252620,-0.137867,0.518099,-0.229656,0.505457,-0.985994,0.923299,0.405258,-0.749971,1.178354,-0.382134,-1.302186,-0.021732,0.258997,0.780592,-0.140550,1.111823,0.416300,-0.721523,-0.179010,1.458460,-1.803528,1.264221,-0.674049,0.860633,-0.458193
164,1,0.877394,1.199363,-1.838531,-1.759762,-0.429064,-1.142528,-1.051782,0.796097,-0.552316,-0.690757,-0.534912,-1.114420,-0.558761,-0.893107,1.678021,1.349222,0.075914,1.199312,0.678078,-0.175941,-0.028285,-0.148960,1.696527,1.006581,-0.388964,-0.999953,-0.915669,0.129611,0.535368,0.334320,-0.871154,0.225546
165,2,0.808324,-2.043999,-0.566549,-1.083347,-0.519781,-0.218190,-0.767994,0.006613,-2.796836,0.115374,-0.859903,1.667478,-1.613151,-1.331651,-0.924886,1.198286,-1.436203,0.118909,1.073683,0.229237,-1.402463,-0.074672,-0.129574,-0.368252,-0.799663,0.656211,0.208865,0.971949,0.869451,-0.801480,-0.602935,1.772189
166,0,-1.697807,1.290337,1.596893,0.019567,0.588885,3.067705,-0.835190,1.143679,0.615890,-0.497906,1.049155,0.771722,-0.516625,1.279825,-0.451700,-0.012120,0.316762,1.811773,1.386462,0.975904,-0.243716,1.129221,-1.730478,-0.830303,1.068676,0.815072,1.548499,1.572116,-0.148336,-1.101467,-1.472844,0.519533
167,3,0.519869,2.320148,-0.199656,1.461393,2.316548,0.886132,2.365302,1.283699,-0.670421,-1.220782,0.189802,0.977905,-0.310643,1.275278,0.403224,-0.108774,-0.091240,-0.233646,-0.091484,-0.132671,0.525998,-1.298075,-0.526910,-1.055952,-1.794092,-0.090955,-2.706598,-1.443732,-0.654175,-1.679240,-0.055139,0.959697
168,0,0.298577,-1.214405,0.931723,0.574711,-1.275679,0.762861,-0.009028,0.045515,-0.363342,-0.583369,-0.853297,-0.011325,-0.651353,-0.469481,0.486059,-0.304348,-1.372190,-0.966322,0.894886,1.611642,-0.070679,-0.393574,-0.402819,0.291439,0.018953,2.443799,-0.144962,-0.122933,0.558563,1.114099,-0.409092,-0.741071
169,1,0.044561,0.699227,-0.052713,1.856946,0.629190,1.323648,1.168910,-1.520431,-0.663973,-0.180019,0.081207,0.243518,-0.878596,0.494543,-0.976002,0.625038,1.366339,0.273294,0.307628,2.271164,0.136887,-0.663062,-0.900618,-0.504780,0.401626,-0.653786,0.942372,-0.591473,-1.135719,-0.572819,0.401268,-0.241140
170,1,0.519054,1.014462,2.000588,1.879672,0.412740,0.957472,0.244022,-0.644547,0.941189,-1.518736,3.131706,-0.506450,-0.528796,-0.228681,-0.475555,-2.115113,1.605065,-0.888044,-1.093293,-0.688630,0.396422,1.248919,0.283252,1.842964,1.278399,-0.081639,-1.003523,0.954252,0.093936,0.377870,0.625899,0.218809
171,2,-0.309358,-0.920289,1.964504,0.619672,0.668416,-0.627082,0.689653,-0.945399,-0.724423,1.528662,2.013370,0.858893,-1.877856,0.582731,-1.045361,0.706555,1.450047,-0.111611,-1.776484,-0.292182,-1.074027,-0.088322,-0.452652,1.509646,-2.280676,-0.681420,-0.419898,-0.699784,-0.127158,0.378239,1.847039,-0.020204
172,2,-1.921634,-0.161317,0.075198,0.951443,-0.256753,1.258114,-1.428700,-2.301885,0.548177,1.210585,-0.642940,0.503930,-0.263252,2.050735,1.000031,0.291816,0.185668,1.597365,0.183583,0.221913,0.109677,0.502042,2.409647,-0.268300,0.784133,-0.926679,0.329436,-1.664997,1.574380,0.987576,0.103487,-1.211994
173,2,2.189078,1.873254,-0.608824,-0.696658,-0.654508,-0.576088,-0.363514,0.236567,-1.198884,0.989208,-0.081058,-0.029111,1.404435,1.225483,0.078619,-0.409628,0.417391,-0.286779,1.088326,-1.288346,-0.455541,-0.440208,-0.244185,0.036698,-0.440475,-1.273314,-0.017730,0.912577,-2.195868,0.129101,0.181561,1.001215
174,3,-0.576984,0.016059,0.612897,0.068973,-0.279472,-0.315132,-1.335801,0.583820,0.417121,0.072336,-0.869770,0.366004,0.210241,-0.547667,-1.455986,0.451407,-0.002230,0.705300,-1.191686,-2.508558,0.336000,-0.199949,-1.215435,-0.524017,-0.401964,-0.810035,0.673921,-1.735423,-1.950069,-2.238451,0.341429,-3.184525
175,3,0.201759,0.320812,-0.131959,0.587818,0.780763,-0.505388,-0.008071,1.913536,-0.359519,-0.282888,0.747135,0.298679,-0.043920,0.206930,-0.643742,0.052400,1.001575,0.230549,-1.161613,-0.947236,-1.559469,0.269838,1.049538,-0.624209,1.466878,-0.512437,-1.586735,-0.631569,0.278209,0.095897,-0.036250,-1.430573
176,0,0.914621,-0.587442,-1.349671,0.209899,0.160544,0.888479,-0.329189,2.428390,1.064628,0.799727,-1.555182,-2.160655,-0.005941,0.844832,1.249191,-0.950940,1.731441,-1.286726,-0.758776,-0.747099,0.698292,-0.410376,1.234625,-0.733315,1.573809,0.121263,-0.568156,-0.038328,0.795891,-0.575934,-0.808033,0.976100
177,0,1.725845,1.341909,-1.273046,0.366836,0.633765,-1.558704,0.453364,0.642879,1.874347,-1.115128,-0.067008,2.585917,-0.879466,-0.519997,-0.494295,-1.498047,0.861108,2.429503,0.646363,0.923692,-1.388785,-0.253953,-0.787521,-1.226063,-1.665614,0.663613,-1.036830,0.676660,0.564388,0.318429,-1.089457,1.428624
178,0,1.286160,1.619320,1.335197,0.434206,1.440581,0.313758,-0.269396,-0.667256,0.105388,0.111787,-1.722520,0.258727,1.286839,-0.529116,2.341908,-0.782660,0.453079,1.233534,1.220694,0.574424,0.210139,0.587681,-1.287053,-0.339557,-0.954560,0.560143,1.626863,-0.483220,0.078625,1.887940,-0.085278,0.315260
179,2,0.237017,0.334729,-1.153046,0.883915,0.612375,-1.865835,1.949439,-0.102179,-1.356343,-0.112480,0.766119,-0.667236,0.616960,-0.163951,0.870521,-0.060794,0.491943,0.818007,0.284815,0.683295,0.035074,0.352206,1.462191,-0.471382,0.480835,-2.254278,-0.075130,0.796885,0.457297,-0.829293,0.101434,-0.183014
180,3,0.695169,0.580976,-0.776452,2.730385,-1.016801,0.969271,-0.324734,0.933549,1.661275,1.048660,0.231072,0.346005,-0.322369,-0.328130,1.081848,-0.200769,0.444753,1.470765,0.513554,-1.000309,-0.979783,-1.309437,-0.991039,-0.811938,0.475640,-0.909408,-0.513391,-1.833132,-0.983405,-0.219707,0.093449,1.190585
181,3,-0.112110,1.550565,-1.908656,1.547374,-0.309441,1.048005,1.244008,0.571963,-0.845705,0.279469,0.906673,-0.676620,0.647475,0.968341,0.163417,-1.050076,-0.671053,-0.189725,0.908773,-0.150408,-0.840698,1.226175,0.700352,1.116062,-1.346926,-1.243492,0.580972,0.197984,-2.423415,0.216843,-0.805460,0.962129
182,2,0.771662,0.466991,-0.656505,0.908489,-2.075636,-0.991791,-1.772411,-2.757905,-0.955323,0.188419,-0.429817,1.089576,-1.977746,-0.738312,-0.930160,0.278270,-0.702882,0.503364,0.075167,0.614984,-2.486353,0.007217,-0.888243,-0.034006,-0.868581,0.800529,-0.698055,0.946149,0.303174,-0.218603,0.124593,-0.818176
183,3,-1.411099,-1.394527,0.906442,-0.372006,0.229574,-0.505810,0.237187,0.466578,0.298812,1.390081,-1.313808,-1.567720,1.195614,-0.963986,-0.512407,2.445050,0.907500,-2.761022,0.777865,0.292865,-2.103763,1.029409,1.058548,-1.016811,0.364251,0.665637,-0.949992,-0.371817,0.772179,0.671608,-0.210735,-1.300378
184,3,-0.932865,0.378560,-0.805071,1.891169,-0.135579,-1.415619,-3.261725,0.030420,0.631841,-0.255585,-0.298180,-0.787846,-0.684943,-1.048681,0.994655,-0.446858,0.279505,0.381474,2.316960,-0.247374,-0.046540,1.182672,1.119097,1.257293,-0.091037,-1.518084,-0.653965,-2.611198,-1.650631,2.110467,0.875593,-0.537055
185,0,-0.171320,-0.971906,-0.942127,0.330240,0.817987,-0.166593,1.229789,-2.517893,0.955576,1.864968,0.648324,-0.748675,-0.456491,-1.317668,-0.959995,-1.810526,0.235162,-0.444849,0.382940,0.609934,0.213470,-0.891390,-0.944830,0.160741,-1.043674,0.431438,0.609710,-0.059683,0.117188,-0.249896,0.610970,-0.445860
186,0,0.369393,2.279165,-0.952725,-0.255006,0.588998,-0.480685,0.274868,0.166465,0.428924,0.662150,1.957350,0.833399,0.778025,1.043579,0.261639,1.833771,-0.642029,-0.129536,0.674305,0.025944,-0.579009,-0.475912,-0.065089,-1.140266,-0.684814,-0.315413,-0.750088,0.834648,-0.584667,0.631882,-1.541721,0.097520
187,3,1.605171,-0.649460,1.694742,2.207703,0.397142,-0.164900,0.732798,-2.135405,0.182798,1.006331,0.366266,-0.264452,0.392790,-0.421302,-0.439389,0.477739,-0.149576,-0.318917,-1.518485,1.286749,-1.089598,-0.775236,0.168473,-0.106545,-1.374317,-0.536441,-0.245063,1.192889,-0.797108,-0.955028,0.203528,-0.543367
188,0,-0.441422,0.484846,-0.160873,-0.037075,1.091507,0.052426,-0.448359,-1.559371,-1.241960,-0.471161,-0.492316,-1.305477,-0.415639,-0.363659,-1.647025,-0.626131,-1.572413,-1.641852,1.074075,0.566537,-2.085841,-1.176467,-0.136990,-0.503506,-0.051807,-0.053664,0.378222,-1.596290,-0.100816,0.289012,-1.316311,0.175791
189,3,1.151855,-0.547409,0.277797,0.421246,2.709228,0.982809,-0.295955,-1.861014,0.473027,-0.276757,1.762160,1.795339,1.465562,0.399128,-1.251691,1.054371,-0.014515,1.367903,-0.302815,-1.621545,-1.801717,-1.111766,0.957406,-1.478373,-0.034235,-0.713126,1.353493,0.057629,-0.970719,0.131972,1.276249,0.352135
190,3,0.262000,-1.547906,0.985822,0.664851,0.957310,-0.275673,-0.575663,1.411620,-1.146898,-0.801146,0.203956,-2.281189,-0.105124,1.329520,-1.134667,-1.549467,-0.426010,1.225778,-0.553049,-1.673605,0.919736,-0.177279,0.182433,2.738055,-0.277165,-1.783424,0.876201,1.366094,0.116211,0.599282,0.409622,0.601126
191,3,1.833302,-1.647347,-0.191667,0.985745,1.138523,-1.629731,0.104863,-0.294548,-0.974516,1.387250,0.727211,1.248392,1.072425,0.302422,-1.043652,-1.580207,0.205770,0.003076,-0.982655,0.027629,-0.522861,0.380729,2.271559,0.145896,0.594719,0.576231,1.783170,-0.357961,-1.039418,-0.405711,-1.042332,0.840172
192,1,0.093157,-0.994884,0.560966,-1.593234,-0.854133,0.538037,-1.640099,0.771616,-1.057793,-2.110932,0.524797,0.702114,-0.394303,0.325654,-1.201134,0.670105,1.929416,-1.096901,-1.062906,-0.530500,1.383493,-0.848421,-0.071995,-0.532212,-0.698823,-0.694133,0.629772,-0.439859,1.985010,-0.600193,1.591528,0.974809
193,0,-0.455882,1.086643,0.793355,-0.288667,-0.232477,0.839164,0.062434,0.666465,0.579863,1.323539,-0.434848,-0.903208,1.354229,-0.666259,1.349795,-0.117901,-0.696330,0.741732,0.675308,1.482504,-1.015259,2.144048,-0.225043,-0.206387,0.044028,0.471575,-0.405728,-0.276220,-0.389394,1.443013,-1.482635,-0.994005
194,2,-0.243412,-0.155902,-0.774108,-0.771232,-0.538383,0.731861,0.421736,0.981290,-0.596063,-1.165477,0.753548,-0.600449,-1.267604,-0.691978,0.015775,-1.961619,-0.431280,1.091105,-0.512934,0.699512,1.400538,0.325565,0.026828,-0.007726,2.204608,0.307066,0.602591,0.962996,-0.396499,0.886563,-1.973992,0.434622
195,3,0.611511,0.160216,-0.652373,0.324116,1.373256,0.605589,0.448517,-0.126892,-1.150494,-0.770430,-0.329041,0.415841,1.173768,-2.269477,-0.929957,0.146588,1.863159,-1.393691,-0.443063,1.290520,0.598497,-2.083402,-2.030338,-0.738413,-1.599158,-0.106712,1.115434,-0.088362,0.208158,-1.281408,-0.819620,0.642665
196,1,0.523163,1.497580,0.529022,1.283648,-1.596957,1.196491,-2.526766,0.581624,2.168442,-0.394307,0.445648,-0.150773,-1.090383,-0.152619,0.395937,0.133108,0.557017,-0.208195,-1.639243,1.411595,-0.067885,-1.251187,-0.853583,-0.816376,-0.328041,0.063293,-0.717535,-1.909720,-0.620563,1.630877,0.124251,1.151720
197,3,-1.159057,0.092497,-0.183062,2.843144,1.633025,-1.704356,-0.477958,1.202065,-1.120361,-2.304201,-0.155454,0.684740,0.047868,-0.285276,1.292669,0.283589,-0.716640,-0.420420,-0.425373,0.857292,0.352992,-1.630398,0.517070,-1.281034,-0.434768,1.394526,-1.672422,-0.737167,-0.462370,-1.224261,1.178488,-0.561575
198,1,0.018090,0.311374,0.861419,0.405503,1.130211,-1.066744,-0.332381,0.900376,0.569880,0.645202,0.181591,-0.772523,0.223683,-0.205530,0.409302,-0.726989,-0.937301,-0.266585,0.959437,1.249153,-0.811047,0.558591,0.388173,-1.845227,-0.583433,0.840429,0.906056,-0.985379,-0.136223,-1.011745,-1.333326,-0.564744
199,3,0.652907,-0.904585,-0.248798,-1.078405,-0.284808,-2.127703,-0.016984,2.049124,-0.084044,-0.518352,1.113262,-0.715617,1.263282,0.066775,-0.304748,1.262734,-0.783648,0.425463,-0.684726,-0.883840,1.598260,-0.148384,-0.354060,2.068300,0.676319,2.046515,1.229964,0.895340,-0.812593,1.335608,-0.618994,0.923321
200,0,0.689008,1.293576,0.980305,-1.046566,0.961351,-0.419604,0.633564,0.279889,-0.206590,-0.112346,0.587304,0.877608,1.046321,-1.060523,0.199392,0.932121,2.682557,-0.290385,-0.099997,1.528147,-0.513878,-0.407979,1.545895,0.840944,0.746565,0.072233,-1.148120,0.055889,-0.093303,-1.748523,-0.172596,-0.136572
201,1,0.552284,0.223112,0.749433,-0.443203,1.469365,2.389737,-0.809538,1.231470,0.846447,1.000875,-0.180024,0.151077,0.408422,0.226370,1.499213,2.308544,-0.518660,-1.206506,-0.935408,1.479366,0.496363,0.121809,-1.444423,-0.267574,-0.300533,1.724440,0.061403,1.129960,-0.412159,0.776652,-0.193297,0.764872
202,1,0.986258,-0.891228,1.333964,1.885460,1.674067,0.205498,1.016050,0.313601,-0.274202,-0.805678,-0.648911,0.244951,0.027584,1.109276,-0.599630,0.865996,-1.620714,-0.388415,-0.253442,0.834250,1.777507,-1.153116,-0.936724,-0.385419,-3.351346,1.033730,-0.049302,1.859759,-0.968422,-0.151519,-1.569368,-2.375588
203,0,-0.230912,1.253464,-1.255565,2.263834,0.796659,-0.400029,-0.513153,1.199501,-0.569712,-0.285582,1.714486,1.041214,0.109011,-0.051881,1.618303,1.003004,1.173508,-1.454427,0.669878,0.945825,0.439509,0.583847,-1.396029,-0.035657,-2.632243,0.786378,-0.489566,0.200798,1.012844,1.001389,-0.094496,0.752558
204,3,-0.815317,0.949647,0.728306,0.463767,-1.086153,-0.508524,0.074934,-0.027237,-0.774279,-0.023697,0.633907,-0.924386,-1.012501,-0.987364,0.046579,0.803094,1.277879,0.342671,-0.457624,-1.199518,0.546059,0.200414,-0.268893,1.615428,-0.782578,0.616487,-1.103841,0.372353,0.536412,-1.169216,2.412828,1.249385
205,3,-1.597598,0.225530,0.614634,1.554219,-0.454141,-0.761316,-0.721564,-0.616221,-0.215727,-0.464081,0.302072,-0.920751,-0.237819,0.220489,0.763245,0.887749,1.232072,0.000125,-0.216473,-0.070764,-1.045778,-0.854292,-1.666354,-1.044723,0.049024,1.596612,0.880760,0.100897,-0.771122,1.064032,0.528511,-0.192532
206,0,1.419091,-1.121804,0.194148,0.766268,-1.641202,-0.280835,-0.228422,-1.619312,0.055806,-0.252951,-0.774131,-0.774114,1.250319,-1.040735,1.178193,-0.190627,0.558865,-0.519253,1.013604,-0.630356,0.904706,1.147613,-0.980434,0.701325,-0.669978,1.113822,0.736771,-0.568217,0.132150,0.278929,-1.297220,1.863272
207,3,-0.068708,0.825062,1.306508,-0.547114,-1.229043,-1.175305,0.753395,-0.192600,1.013428,0.958695,-0.028956,1.562597,0.375065,-0.788356,0.860469,-0.406581,0.590522,-0.573203,0.954436,0.000997,-0.049473,-0.442553,1.960014,-0.020553,1.620577,-2.917479,0.130665,-0.166337,0.428884,0.949142,-1.029935,2.385428
208,3,1.088831,0.361284,0.046846,0.808931,-0.884609,-0.270551,-0.321938,-0.527226,0.819146,-0.318441,0.482523,1.076834,0.781183,1.387606,-0.136423,0.494996,-0.628562,-0.990363,0.310766,0.306741,-0.224741,0.658443,-0.607987,-1.336756,-1.195882,-0.003101,0.542150,1.194214,0.469223,-0.538161,-0.781244,-1.894494
209,1,-0.194484,2.076387,-0.157632,0.710527,0.557211,0.783947,1.135938,1.332892,0.027986,-1.985828,1.081104,0.322841,0.289453,0.340879,-0.385873,-1.371425,-0.470960,1.335601,0.091984,0.254452,-0.025891,1.090964,-0.753179,0.411449,-0.323581,1.090143,-0.853009,1.950361,0.695619,1.455436,0.757904,-1.209489
210,1,0.438815,1.235061,0.908805,0.147003,1.431657,-0.517559,-0.016769,0.985291,-0.483492,-1.277840,2.321261,0.725904,-1.346217,0.731087,0.094831,-0.170699,-0.260048,0.244527,0.990923,-0.137952,0.314024,0.725424,0.734351,-0.712231,-0.884477,-0.289900,-0.948050,-1.621392,0.372742,1.112947,0.292363,-0.903082
211,2,-2.843781,0.082398,0.607849,-1.551102,1.480389,0.870367,0.260019,1.367331,-0.495419,0.602409,-0.019819,0.160498,2.681356,0.833087,-1.373485,-0.341519,0.956019,-1.476008,-1.011096,-0.914487,-0.259897,1.105299,0.767056,0.255155,0.448631,1.288660,-1.387753,0.078485,0.419143,-0.228580,-0.569045,1.238391
212,2,0.015521,1.218018,1.681782,-0.671068,-0.032374,-0.338106,-0.160335,-0.484547,-1.259754,-2.205752,-1.543064,-0.304385,0.743182,-1.155667,-0.124966,0.324572,-0.332160,-1.508855,-0.569252,0.351219,-0.020228,1.434214,2.072783,1.764738,-0.142513,1.972847,-1.037005,0.398624,0.565418,-0.131172,-0.209202,-0.078886
213,1,0.782054,0.745653,0.400558,1.106906,-1.661078,0.012962,-0.100573,-1.770684,-0.241469,-0.311847,-0.972021,-0.141618,-0.888424,-0.618240,0.675991,-0.924139,-1.380324,0.704638,0.872086,-0.105922,-0.999983,-2.031941,-0.809945,0.973278,-0.095919,1.415992,-0.682100,-1.059175,-1.950664,-2.384418,-2.793077,-1.873363
214,0,1.928199,0.700218,-0.149911,-0.042531,1.038887,0.912433,-0.920421,-0.463084,-1.041347,-0.423648,1.095893,-0.087414,-0.446150,-1.049367,-1.627689,1.456027,-0.891730,-0.543728,1.067892,1.565616,-0.431981,1.092380,2.573387,1.697200,-0.468747,1.125798,-0.731668,-0.155288,0.345769,-0.783381,-1.427317,-0.522464
215,3,1.016282,0.705497,0.470455,0.286531,0.382232,-0.095547,-0.240124,-0.968653,-0.927355,-0.680257,0.764765,0.625180,0.966643,-2.939869,0.023014,-0.614975,-2.980180,-0.736735,0.487604,-0.148683,-0.285205,-0.151307,0.329152,-0.522490,-0.506550,-0.908513,1.281911,0.457396,-1.201558,-1.338147,0.659909,0.176688
216,2,-1.352648,-1.680172,-1.350730,1.141917,1.177599,0.882551,-0.613785,-0.833667,-0.744010,-2.516259,0.953085,0.923640,-0.583350,-0.930163,0.776280,-0.512258,0.333543,-1.377006,1.747758,-0.533136,-2.617341,0.705090,1.293155,-0.515904,1.923653,1.534260,0.623913,-0.060968,0.979472,0.130312,0.783027,-0.335736
217,0,0.345059,0.031806,1.040712,-0.371767,-0.886064,1.281597,-0.742445,1.710460,-0.176408,-0.638054,-0.802817,0.326984,-0.039911,-0.680114,1.031650,0.205802,0.234709,0.784585,1.215011,1.085304,-0.013058,0.170191,1.594331,-1.414124,1.089118,1.010303,-0.611358,-1.609968,0.343021,-0.307384,0.575796,-2.019644
218,3,0.997810,1.655090,-0.911662,-0.493471,1.752711,0.751890,0.159658,1.058966,-0.321401,-0.593002,1.595451,-0.362707,0.575225,-0.594814,-1.950862,0.900279,1.009151,-0.872532,2.247186,1.768698,-0.603592,-0.159281,0.640399,0.408191,-0.781565,0.218066,0.307899,-2.396188,0.015404,0.182101,-0.941081,-0.242515
219,2,0.798870,-0.765954,-1.294109,-1.557718,-0.167738,1.313310,1.543349,-1.508697,-0.693477,-0.172460,0.549789,-0.560240,0.420039,-1.161856,-1.416924,-0.956092,0.200026,0.189393,-0.655299,-0.803577,0.574566,-0.651115,-0.757078,0.923421,-0.449263,-1.756549,0.465741,1.361013,-0.182829,0.541798,0.267134,1.731977
220,0,-1.299863,-0.470701,0.733233,0.242318,0.879252,-0.054186,0.450314,0.423641,0.747676,0.601352,0.285690,0.560510,1.067176,-0.301593,-0.855661,1.248366,-0.851863,0.513738,2.234868,0.493057,0.573418,2.279018,-0.475613,0.222286,1.070199,0.737995,0.314488,-2.176520,-0.433497,0.431114,0.305246,-0.367704
221,2,0.405621,-0.508401,2.595673,0.302317,-0.549748,-0.793100,0.468168,0.651192,0.443295,0.870271,-2.559585,0.171105,1.160195,1.241719,0.246526,-0.645127,-0.601956,1.431486,-0.351971,-0.410456,-2.617023,-1.318757,-0.590275,-0.328478,0.185402,0.329891,0.774387,0.302675,-0.068948,-0.035365,1.190786,0.554166
222,2,-1.692169,-0.080435,0.883305,0.551458,-1.583396,-0.177142,0.532239,-0.704175,-0.436200,-0.543006,0.799744,-1.014559,-0.911488,-1.221592,2.126733,0.675684,0.065401,0.356278,2.468539,0.238065,1.754620,-0.726787,-1.164772,-0.330418,0.273217,0.615721,-0.079387,1.169763,1.180595,1.941943,-0.350771,-1.159172
223,0,0.876445,-0.393804,0.298066,-0.770907,0.657231,0.998708,0.791710,0.859613,0.638992,-0.034760,-1.779230,-0.730710,0.296118,0.884886,-1.720316,1.835931,0.103390,1.158545,-0.759025,1.345171,-0.845589,2.075246,-0.524267,1.482619,-0.133353,0.653609,1.060825,0.713372,0.257332,-0.520347,0.753363,0.666535
224,3,-0.874816,-0.104847,-1.264228,0.674926,-0.478343,-1.000838,-1.190628,0.933529,-0.737097,0.350814,-2.287253,0.640208,-0.571483,1.301824,-0.730481,1.219040,-0.151241,-0.716767,0.876835,0.754156,-0.547472,0.386215,-1.094589,-0.691420,0.061861,1.424797,-2.081594,-1.606310,-1.837860,-2.086733,0.827990,-0.641210
225,2,-0.900242,0.465854,1.059733,0.635276,1.683676,-0.750329,-0.294520,-0.628036,1.068307,-0.236952,-0.503068,0.229072,0.104695,0.839418,0.923026,-0.168203,-0.317535,-0.660845,-0.327652,2.261590,0.169413,-0.640133,1.231695,-0.228698,-2.562132,-0.349684,-0.202827,1.286613,1.490202,0.713142,1.352662,-0.525361
226,1,-0.779972,0.375226,0.032996,0.242258,-0.133811,0.220738,0.468980,-0.563452,0.705665,-0.161952,-0.345667,-0.055612,1.366197,0.990669,0.696812,0.040379,-1.705492,0.329985,-0.925152,-0.136485,-0.105789,-0.190617,-0.292068,-0.541523,1.056578,0.191458,0.133511,0.478811,0.419674,-0.066986,-0.659333,0.516153
227,0,1.178228,-0.266335,1.243312,-0.968584,0.679213,-2.585161,0.363014,0.675307,-1.066703,-0.863609,-0.530134,-1.197787,0.711798,1.787891,-0.690827,0.514185,-0.778633,-2.819416,-0.667421,0.213276,-0.778803,-0.146719,0.752669,-1.088864,0.524681,-0.186408,0.073178,1.237509,0.160599,-1.000508,0.205526,0.022191
228,0,0.494559,-0.730868,0.542309,1.837190,-2.189024,0.945289,1.676719,0.968383,0.538896,-0.861285,-0.385032,0.912708,-1.163246,0.243037,0.924456,0.088622,0.077369,-0.297276,-0.634430,1.944897,1.241676,0.922263,-0.191613,-0.069783,1.027452,0.814134,-1.008002,0.046417,-0.112858,-1.400035,0.108577,0.248179
229,3,-0.467749,-0.746355,1.837135,0.233288,-0.037359,-0.449347,-0.882505,0.932111,0.740104,-0.758763,-0.143248,-0.649447,-0.598281,0.699800,-0.646122,-0.412257,0.248131,-0.234477,0.339043,0.789527,0.356518,1.605506,-0.003003,0.354476,1.234823,-1.541849,-1.077769,-0.268590,0.412995,0.823872,-1.006699,0.247122
230,0,0.117549,-1.060593,-0.327871,0.016578,-0.984267,0.584918,-2.403988,0.112387,0.872916,0.216124,-0.547801,-1.420666,-0.498346,-0.450267,-1.647110,0.280198,0.690754,-0.605339,0.120383,0.831685,1.218303,-1.109029,0.955974,0.289677,0.121439,2.136792,-0.076565,-2.208413,0.792525,-0.239554,-0.051520,-1.025875
231,2,0.141283,1.453552,1.564043,-0.045435,-0.155310,1.113978,0.859781,1.599054,-0.202891,0.377672,0.159722,0.203801,-0.131608,0.554776,1.326195,-0.404881,1.013194,-0.606309,1.493761,0.520948,-0.834504,-1.888927,-0.317132,1.274265,-1.098357,0.180317,-0.339117,-0.039067,0.437263,-0.298265,0.779183,0.535516
232,3,-0.594348,1.628957,0.069025,-0.471116,1.500847,1.540483,0.618969,2.320969,-0.769248,1.010165,-1.266756,1.609622,0.669057,0.976917,-0.849143,-0.037759,0.072371,-0.082560,0.092977,0.897780,1.635899,1.426227,0.838495,-1.041776,-0.089303,-1.481257,0.455372,1.795191,0.736724,0.594448,0.217250,-0.481153
233,3,2.087269,1.309341,-0.374550,0.192981,-0.559577,0.973126,-0.211368,-0.437259,2.154622,-0.286616,1.234107,-1.043155,-0.227612,-0.165445,1.074003,-0.365650,1.376027,-0.416892,-0.207442,1.035745,-1.040882,0.058160,-0.427243,0.069144,0.651938,0.316946,1.242621,0.861657,-0.512902,0.345247,-0.242144,-1.029335
234,1,-0.422013,1.039593,-1.929112,0.422217,1.245641,0.378853,-0.973636,1.359520,0.299281,1.388392,-0.505700,1.474468,-0.771177,1.199116,-1.467167,0.692699,0.769318,-0.575466,0.984495,-0.177471,-0.476816,0.112415,0.227239,2.080046,1.914502,1.255706,-0.698225,-0.286899,-1.397206,-1.231858,0.683673,0.190737
235,0,-1.611607,0.985942,0.731486,1.005227,0.387314,-1.646453,0.907133,0.603652,1.115394,0.272611,-0.850777,0.727236,0.588411,0.485387,-0.124048,-0.237125,-1.921976,-1.108967,-0.012238,-2.428568,-1.530189,-0.209697,0.787009,1.057139,0.391967,0.627491,1.423346,2.449443,0.363757,-0.501550,0.196510,-1.283076
236,1,-0.159384,1.411479,1.205079,0.948772,0.264650,1.230930,1.433459,0.650910,-0.563591,-0.417836,0.138859,-0.678925,0.734815,2.373276,-0.461595,2.311362,-0.924525,0.192735,0.041066,0.218153,0.520573,-0.903822,-0.204917,2.373780,-0.994407,0.778347,0.155126,0.926001,0.332729,-1.122889,-0.780634,1.042403
237,3,1.326403,1.029493,-0.035877,0.824419,0.689993,-0.880482,0.933248,-1.530908,1.531298,-0.309624,0.906198,0.719822,-1.442457,0.086035,-0.625970,0.345846,-1.299842,0.982404,1.089389,-0.254712,2.835569,-1.178181,-0.592545,0.046478,-0.184378,-0.622505,1.194719,0.157397,-0.676173,-0.422630,-2.594093,1.823248
238,2,-0.970157,0.150352,0.759685,-0.425754,-0.639240,-1.145838,-2.336294,0.895221,0.492241,-0.721375,0.179548,-0.330605,-0.463840,-0.228263,1.115438,0.277685,-1.087348,0.829174,-0.733288,0.630656,0.605314,-3.108149,0.266016,-0.722428,-0.168340,1.903416,0.492465,-0.007357,-2.038547,1.636895,-0.091088,1.037483
239,0,0.542620,-0.407928,-1.552572,0.453523,-0.973296,1.175864,1.491626,-1.024142,-1.255790,-1.186454,-0.744561,-0.103532,-0.863754,-2.034485,0.144499,-1.488649,-1.179835,-0.197223,-1.397679,0.183470,0.631781,0.519170,0.902578,1.158902,-0.103928,-0.539282,-1.112872,1.015779,-1.499997,0.931202,-0.828563,-0.023707
240,2,0.322790,-1.676579,1.253431,-0.666500,-0.958066,-0.464212,0.073826,0.849338,1.058097,0.329105,-0.441345,-0.178638,0.044057,-1.023324,-0.498214,-0.112304,-3.407790,-0.214566,-0.753562,1.270219,0.581286,-1.731806,0.336228,-2.224324,1.529088,-0.966415,-0.143481,1.058303,-0.662472,-0.416591,-1.095106,1.198009
241,1,1.931802,0.530089,-0.613243,0.129403,-0.196037,0.431582,0.226006,0.538392,0.307569,-0.609629,-1.599545,-0.913154,-0.055028,0.968291,-0.537809,0.548380,-0.811676,-0.498038,-0.119616,1.438246,-0.190073,0.520060,-0.209545,-0.242324,1.381812,0.831042,-2.277187,1.054116,0.070587,-1.144294,-0.135380,-0.316229
242,0,0.305967,0.900453,-0.848537,0.159148,0.408516,-0.338399,-0.661396,1.098709,0.754951,0.972050,-0.003119,1.168061,1.673720,-0.438001,-0.476520,1.286327,0.458657,1.289401,0.624438,0.209065,0.158746,-0.198352,0.445083,-0.114916,-0.659736,1.489728,-0.306181,0.626346,-1.277671,-0.272860,-0.519451,-0.784793
243,1,0.067015,1.386785,0.074836,1.438030,0.176727,-0.352784,0.709073,-0.555381,-1.248500,0.552779,-1.202932,-0.504205,-1.452764,0.516630,-1.317271,0.760761,0.018411,-1.191157,-1.332949,-0.365229,0.610133,0.600030,2.395313,2.264900,-0.288665,0.075323,-1.338111,-0.744080,-1.315544,0.243619,-0.106371,1.062011
244,3,0.421409,-0.990234,-0.088005,-1.062966,0.218108,0.089106,-1.258765,0.496778,0.528554,1.820060,-0.655915,0.496790,0.067552,1.860240,1.230066,0.726794,0.453643,-0.471644,-0.628185,-1.469068,-0.710365,-0.019621,0.075955,-0.193924,1.837040,0.952581,-1.643582,-0.381005,0.822167,0.348254,0.466896,-0.814038
245,3,0.038258,2.852893,-0.199997,0.026938,-0.330008,-0.296402,1.436210,-0.528360,0.915556,0.382985,-0.579268,-1.007699,-0.652242,0.736133,-1.021704,3.481837,0.921689,0.804464,1.149099,0.307930,0.985856,0.048387,1.390266,-1.903123,0.127947,-1.300644,-0.753726,1.018341,0.744795,-0.534497,-0.546289,-0.735724
246,0,0.594489,-0.248084,-1.374306,-0.390222,0.653471,0.064992,0.406880,-0.148786,0.552568,-1.280885,-1.020122,-0.660447,1.135160,0.983711,0.338913,0.667727,0.371620,2.721845,-0.204938,1.829175,0.182701,0.252640,-0.813562,-0.270667,0.703348,-1.131163,-0.348485,-0.086504,-0.591237,0.816526,0.792962,-0.115239
247,2,0.598362,0.717454,0.368722,-1.402519,1.870970,-1.075007,1.028337,2.246885,0.731761,1.758455,-0.334997,0.171183,1.537986,-0.617221,-0.978654,0.010495,0.319588,0.191225,-0.620036,0.820909,-0.042925,-1.396301,-0.417903,0.292248,0.518187,1.284897,-0.875674,-1.156435,0.385361,-1.415848,-0.146585,-0.288282
248,3,1.001696,0.533380,0.775217,-0.358177,-1.652205,0.365418,0.417102,1.964050,-0.229824,-1.458070,-0.290717,1.065986,-0.302239,-0.779485,-0.260428,0.836573,-1.234213,-1.222151,0.623554,1.925327,-0.215790,1.263308,-0.980093,-0.603115,-1.593497,0.519166,-0.671757,0.597343,0.914679,-0.180650,0.954871,-1.188341
249,1,1.687086,-0.337947,-0.341777,-0.552602,0.076111,-0.885604,0.801775,0.245622,3.008773,0.576306,0.468746,1.229634,-0.688483,-0.709146,-0.325619,-2.526476,0.437324,-0.989869,1.435301,-1.441627,0.027620,-2.858526,-2.553453,0.771892,0.702725,-0.855186,0.664963,0.359074,2.023901,-0.747995,-0.163637,0.602352
250,1,0.040402,2.918127,1.175488,-0.191877,1.704061,-0.344776,-1.491537,0.811510,0.574108,-0.086614,0.631972,-1.577647,-0.640755,0.036463,0.670166,0.420866,0.647414,0.191950,-1.113850,-0.355501,-0.466593,0.444212,1.022123,-0.778607,-0.539135,-0.080355,1.384613,0.488596,-0.670485,0.151790,-1.164516,1.291502
251,0,1.719262,0.894921,-0.560121,-0.046928,-0.810249,1.701913,-0.211761,0.310625,0.557195,-0.524832,0.538780,0.607484,-0.423065,-0.284746,-0.560236,0.959956,0.906404,0.627620,0.792143,0.779462,0.463277,-0.162023,0.853655,0.595922,0.547903,1.072441,-0.503486,-1.679479,0.120007,0.650520,0.177059,0.878845
252,0,0.236468,0.593945,-0.179673,-0.111128,-0.438059,1.457160,1.681968,-0.563696,-2.470830,-1.514902,0.394352,0.696741,-0.378191,-0.483929,0.296624,0.884351,-0.224855,-0.538741,0.422135,0.549390,0.309220,-1.089207,1.115919,-0.080257,-0.815473,0.180115,-0.811162,0.541541,0.932434,-0.377728,2.607100,-0.206177
253,3,0.705990,-0.562400,0.487291,-0.314818,0.316816,1.630062,-1.294238,-1.400990,-0.787197,0.139592,0.820788,0.271256,0.977516,-0.151368,-0.756208,0.221836,-1.112821,-0.403515,-0.192825,-1.265292,1.100494,0.548039,-1.619367,0.797605,-0.340004,-0.411215,0.077889,-0.341127,1.364491,-0.796385,-1.310547,-0.825753
254,0,0.643775,-2.231160,-1.163651,-1.259023,-2.262741,-0.312652,-0.452180,0.296588,-0.166176,-1.090025,-0.935276,0.881563,-0.999868,0.749513,0.201581,-0.583214,0.098138,-0.822636,1.087455,-1.650518,-0.181232,-0.871986,0.376286,-0.534816,-0.550638,0.412424,-0.778197,1.300971,-0.272579,-0.074348,-0.209304,-1.992478
255,0,0.122108,-1.767895,0.651122,-2.510222,-1.058386,0.323943,1.660396,0.812563,-0.235492,-0.397425,0.539089,0.331062,-1.561017,1.646874,0.856871,0.581236,0.013042,-0.437451,0.780382,-0.255436,0.052569,0.695526,0.684791,0.480976,0.396963,-1.071724,-2.148394,2.420465,-0.122221,-1.306863,0.639864,-0.486084
256,0,1.042008,0.311536,-1.081468,-0.957141,-1.207097,0.769262,-1.069639,0.042731,0.802472,-0.069458,-0.244457,0.626183,0.127752,-1.728462,0.661835,-1.129218,1.177494,0.638300,-0.496224,0.935395,-1.166805,1.589657,-1.667494,0.222284,0.123840,-1.753819,1.725116,0.277646,-1.480123,-0.088238,0.458399,0.650456
257,0,1.263496,-1.548226,-0.173932,1.775245,0.579524,-0.163641,0.363767,-0.775399,-0.289806,0.005418,-0.340784,1.156240,-0.598392,1.056943,0.777999,1.203063,-1.320047,0.045006,0.621130,0.939753,-0.188034,-1.584923,1.554832,0.134410,0.413595,1.044071,-0.717413,1.782443,-0.971569,1.090454,-0.465709,-0.162689
258,3,-1.200526,-0.283311,0.987318,-0.429039,0.304394,0.041835,-1.299187,-0.954392,0.120907,-1.002618,-1.386890,1.555255,-2.072556,-0.159024,-0.944697,-0.038384,1.673135,0.067751,0.230348,0.765758,-0.007168,1.438886,0.650286,0.646818,-1.442657,0.877512,-0.857821,-0.648453,-0.463137,1.195176,0.616149,0.744981
259,1,0.289356,1.712211,-0.025844,0.787412,0.577594,0.491221,0.436392,0.471001,0.818237,-0.106002,-1.464066,-0.289445,0.154180,0.349693,0.107412,0.648329,-0.522295,-0.219317,0.469710,0.504922,0.272801,0.544942,-0.698330,-0.893875,-1.273268,2.022738,1.138728,-0.563303,0.358803,0.571582,-1.181582,0.179039
260,3,1.030125,-1.070970,1.153993,0.587687,-0.241555,-1.674799,1.605550,-0.750221,-1.298276,-0.808498,0.582838,-2.514893,1.178228,-2.565687,-0.258048,-0.608337,1.690729,0.977277,0.038428,0.602459,-0.500216,1.224969,0.203455,0.590163,0.161776,0.843409,0.173538,0.099670,1.828206,-0.025686,1.554101,-0.556751
261,2,-0.481760,0.508420,-0.142272,-0.241034,-2.651995,-0.608987,-0.576140,2.140200,0.195367,-0.099507,0.095576,-1.023051,0.287515,0.458928,0.852189,-0.729413,0.473592,-0.430611,0.858633,0.288840,-1.257399,0.812792,-1.624459,-0.025422,0.755388,-0.053638,-1.007916,-0.481959,-0.498876,0.867255,0.610300,-1.233247
262,3,0.859997,0.827437,0.179572,-1.556564,0.891704,0.392069,0.849245,-2.303668,-0.671220,0.147674,-0.854376,2.543249,-1.320216,0.575869,1.298496,1.807384,0.752045,0.587082,-0.588963,-0.270143,-2.166961,-1.029082,-0.276318,-0.130325,0.949967,0.540407,-1.001350,1.034183,0.365840,-1.893312,-2.060823,-0.412335
263,2,1.110859,0.236598,1.106823,-0.869182,0.010520,-0.786940,0.241508,0.512080,-1.537768,-1.818401,-2.193497,0.044999,0.976899,0.165268,0.160686,0.077574,-0.800955,0.941726,0.591865,1.326626,1.736225,0.176955,-1.010743,0.039937,0.019002,-0.881885,-1.396471,0.502820,-0.167582,0.086421,-0.864170,-0.563911
264,3,-0.096541,-0.703637,-0.627118,-1.932553,0.971099,0.031781,0.366615,0.104237,-0.702699,1.272023,0.570197,0.509013,-0.074970,0.169537,0.609708,-0.158897,-0.021587,-1.591867,0.460954,0.399964,0.727421,-1.684303,0.239918,-0.073056,-0.824778,-0.452112,-0.478222,-0.501199,0.747507,0.203500,0.633650,0.645066
265,3,-0.353112,-0.357970,-0.891243,0.939566,-1.114286,0.732450,0.895649,0.126942,-0.960332,0.423047,-0.181580,0.907145,-0.703544,0.433351,-1.199857,0.659305,0.346436,0.734320,-0.562784,0.642383,-0.328101,-0.704787,-0.880797,-0.497476,-0.464837,1.577698,0.045559,0.104677,0.479883,0.611798,-0.459391,-0.176573
266,0,1.838043,-0.443767,-0.416367,-1.266301,1.031231,0.489408,-1.336546,-1.113831,-0.452952,1.679824,-1.030009,2.426590,0.036486,-0.918634,-1.138299,0.888993,-1.485568,-0.281534,0.633412,-1.359207,0.100844,-1.184069,0.914236,-0.861279,0.546574,1.369543,0.606574,-0.097423,-0.038149,-0.867095,-0.084839,1.000241
267,2,0.706715,-1.042616,1.897915,-0.927724,-1.165487,0.040878,0.914246,0.352853,-2.190113,0.523739,-0.828490,0.029891,0.685207,1.507511,-0.176058,-0.126944,0.014483,0.764185,-1.495085,-0.772505,-2.097532,1.344446,0.028816,-0.403888,1.079394,-0.584946,-0.063990,0.873365,-0.449498,1.039090,1.020505,-0.220111
268,1,0.004573,1.018918,-0.577565,-1.331876,0.241941,-0.601570,-0.651903,-0.383995,-0.990704,-0.497725,-2.043401,0.970867,-0.100564,-0.723431,-0.704115,0.519936,-0.080703,0.107622,-1.648345,-1.123124,0.517337,0.093252,2.019902,-0.573056,0.582455,-1.419521,-1.621193,-0.585755,-0.857694,-0.858443,0.187415,-0.099548
269,1,-0.127153,1.721428,0.222095,-1.406551,0.850095,0.661239,-0.621640,0.745689,0.644631,-0.585598,-0.336323,0.877506,-1.514889,-0.307373,-1.342287,-1.500878,0.308728,2.707670,2.650557,2.226427,-0.138663,-1.680726,1.854280,-0.855588,1.699958,-0.189334,-0.095439,0.194720,0.242497,0.385970,-1.983592,0.765623
270,1,-0.194243,0.948588,-0.074764,-0.449212,0.821928,0.540227,0.522456,0.262587,-0.878512,0.089114,-1.141389,0.885304,-1.655425,-0.680721,-3.238935,-1.293568,-0.113547,-0.537275,-0.572988,1.537461,-0.097683,-0.796169,-0.621290,0.599166,-0.475659,-0.624081,0.604129,-0.055632,-0.968628,0.653281,0.264483,0.034305
271,1,0.905290,1.923842,0.822931,0.598632,-0.260570,-0.805869,1.607031,-0.347239,-0.263022,0.768784,0.886846,0.329174,0.699537,0.671738,0.026802,0.289415,1.212107,0.684862,0.653864,-1.378282,0.025866,0.500263,-1.536072,0.755912,-0.047666,0.300205,-0.534992,-1.901168,-0.863382,0.423556,-1.331753,0.616550
272,1,-0.544785,-0.166392,0.211396,1.041267,0.068940,0.861984,-1.451456,1.635504,0.185635,1.304267,0.874970,-0.138663,1.688423,-0.618999,0.596574,2.142787,-1.422161,0.052817,1.754412,2.069480,-1.493970,-0.353413,0.083278,-0.495862,-1.004877,0.918567,1.484547,-0.452444,0.732367,1.003513,1.176515,-0.350758
273,3,-0.692457,-0.319342,1.745254,0.402775,-0.771661,-1.143513,0.628250,0.433742,-0.861704,0.579541,-0.668186,-0.461852,-0.195754,-1.616140,-0.669974,-1.348103,0.192810,1.233967,1.618194,1.119669,1.320977,-0.210599,0.962840,1.328357,-1.986813,-0.553354,0.048002,2.793550,0.436986,-2.229152,-0.762278,1.306595
274,3,0.747326,0.647616,0.671639,1.592664,-1.202774,-0.300335,-1.319226,-0.110510,-2.319421,0.792313,0.318171,1.226085,2.914422,0.299014,-0.899320,0.238124,1.216561,0.714747,0.272351,-2.163566,0.863850,-0.785858,-1.550353,0.296405,1.075119,-0.694666,-0.666056,-1.197008,0.631675,-1.419844,-1.188805,-0.879478
275,2,0.346227,1.374801,-0.192686,-0.955243,-0.347752,0.303341,0.810112,0.270293,-1.417884,-1.252069,-0.866981,-0.077261,0.474802,1.365488,-0.294195,0.379957,1.052192,-1.267944,-0.583350,0.559924,0.010497,-2.928864,-1.426169,-0.257858,-0.142271,-0.933509,0.997379,-0.332042,1.413454,-0.494625,-1.436630,-0.456795
276,2,0.373013,-1.294037,3.427727,-1.882536,0.277865,1.954291,0.416269,-0.664481,-2.133147,-0.139933,1.418076,-1.274570,0.633466,1.471407,0.851891,0.962439,-0.009577,0.579371,-0.973630,0.406028,-0.169233,-1.548977,0.155318,-2.347867,-0.292781,-0.744425,-0.165724,-0.899898,0.900218,0.020232,0.036646,-0.441913
277,3,0.585892,1.032200,-0.015897,-0.310760,-0.428351,0.350661,-1.702494,-0.081656,-0.073535,-0.237562,1.398708,-0.176346,-0.521808,-0.303642,-0.253842,-1.661140,2.049457,0.842529,-0.046900,-0.793361,-1.156498,-0.095542,-0.810860,-0.493805,1.142815,-0.367628,-0.050667,1.064176,-0.533973,0.066537,-0.372319,1.737615
278,2,-1.674896,-0.069181,0.387679,-1.650339,0.301364,1.425575,1.089069,0.995057,0.028911,-1.510399,0.423075,-1.313288,-0.102144,0.938261,-0.669540,-0.695016,-1.349080,-0.806050,-1.216050,0.481515,0.814060,-2.938027,0.328973,-1.632517,1.189442,0.138503,0.588342,0.449419,0.271686,-0.006128,0.900872,0.596698
279,1,0.580973,2.226625,-1.276237,0.261896,-0.746226,-0.882474,0.032321,1.111342,-1.174439,-0.306793,-1.141697,-1.584604,0.134574,0.443687,1.898474,-0.946420,-0.642654,-0.838785,1.143506,-1.096552,-0.742742,-0.256304,0.279582,0.471719,-0.218460,-0.558824,0.774335,0.395073,-0.789082,1.685590,1.533042,-0.077742
280,0,-0.424555,1.423068,1.413123,0.142618,-0.634969,1.445074,-0.906884,1.317364,-0.434031,-0.298149,0.217396,0.419352,-2.604218,0.327423,-0.294662,-0.981180,-0.407286,-1.860568,-0.221870,-0.917317,1.087472,-0.323587,1.050058,-0.424905,-1.094590,2.361874,-0.710420,-1.710029,-1.649378,-0.296187,0.800331,-1.590357
281,2,1.496510,1.614533,4.445550,1.704140,0.843446,0.417087,2.037361,-0.377248,0.166118,0.865809,-2.227561,-0.817159,-0.063572,-0.601506,0.691399,1.712662,0.734110,-0.015399,0.591345,-0.928563,0.363982,-1.872596,1.016077,-0.976502,0.555745,0.045246,1.362953,-1.218064,-0.252951,0.831220,0.738771,-0.992784
282,0,1.157864,1.327834,-0.677972,1.007275,-1.348267,-0.497320,2.171206,0.017926,-1.153591,0.873334,0.486789,1.047464,-0.411266,-0.019335,-0.969029,0.347525,-0.050297,0.585871,-1.087770,0.879135,0.296933,-0.375882,0.652386,-0.239682,0.781828,-0.622894,-0.340278,-0.412320,-0.743496,0.419999,0.720388,-0.875151
283,2,2.450105,-0.089926,-1.284585,-1.298735,-1.184824,0.180234,-0.751047,-0.448244,0.612425,0.574891,-0.710113,-0.882115,1.148706,-0.317099,-1.868752,1.428511,-0.167552,0.057125,-0.865504,-0.452090,0.173313,-0.204225,1.242173,1.062606,-1.758555,-0.944342,-0.160215,-0.377268,1.064653,1.814334,-1.090130,-0.092402
284,0,-0.840037,-0.236794,0.924428,1.801960,0.716898,0.117357,-0.391681,0.003796,0.016596,0.596610,1.292107,-0.627245,-1.905285,0.505348,0.856629,-0.878238,-0.260449,0.974958,-0.448277,0.410225,1.065403,0.945948,-0.516702,2.034903,-0.057109,0.501508,-0.456246,1.442447,1.955659,0.348868,2.070954,-0.306851
285,3,-0.197532,-1.430039,1.534821,-0.168152,2.086658,-0.311181,1.539444,1.058375,-1.018721,-0.370676,0.692624,1.042360,1.033823,-0.230142,-1.129624,0.191387,-0.852119,-1.959831,-0.867525,0.437776,-0.323908,-0.885701,-0.198085,-0.027486,1.297707,-0.524222,1.098846,0.675901,-0.545022,-0.921283,-0.055451,-0.120870
286,3,-0.206734,-1.462286,-0.789606,-0.416717,-0.028456,-0.274705,-0.393793,0.496170,0.226337,-1.386083,0.090960,0.398705,1.080179,-0.290650,0.152758,0.891217,-0.945652,-0.849762,-1.102048,0.439538,0.918959,0.591740,0.028644,-1.518595,1.135475,1.168353,-0.202016,-0.645372,-0.197884,-0.718720,0.108005,0.012425
287,0,0.725434,0.210229,-0.905525,-1.135615,-0.178448,0.198514,-0.537795,-2.485671,-0.153021,0.028468,1.109385,0.452157,0.454884,-0.071295,0.060581,-0.669773,0.758127,0.939514,3.060774,-0.627327,3.194103,-0.721843,0.125799,-0.583684,0.637715,0.700051,-0.476539,-1.048355,-0.649831,0.526166,-2.892174,-1.505393
288,3,0.156339,1.330118,0.472841,0.386628,0.485934,0.092392,0.206019,-1.271023,-1.089357,-0.931245,0.311637,-0.763604,0.226340,-0.622920,-0.839686,0.237644,-0.872364,0.371961,0.140736,0.650046,0.438933,-0.507754,0.799919,-0.077510,1.586363,-0.258203,-0.370285,-0.442971,1.428740,-1.290570,0.160756,2.357870
289,1,1.759108,0.608650,0.180642,1.182596,0.642455,1.196809,-0.167602,1.064545,-0.678775,-1.475131,0.122554,0.365532,-0.305625,1.040065,1.230226,-0.208675,0.006064,-1.299347,-0.566067,-1.137050,-0.161965,-0.652753,-0.428768,1.146400,-0.207768,0.952140,1.553188,-0.578378,0.656715,0.557928,-0.683170,-1.816517
290,0,2.277934,2.185587,-0.461802,1.430038,-2.371307,1.109157,0.270349,-1.335239,-1.143103,-0.155933,0.918379,0.884385,0.062305,1.113541,-0.316489,-0.653318,0.217693,1.065238,-0.135898,-0.152247,-0.313645,0.251978,-1.761547,1.788806,0.343786,0.504773,1.843308,1.200950,1.732354,-0.076636,-0.026172,0.445962
291,3,-1.498654,-0.947894,-0.287713,-0.499680,0.912380,-1.371306,0.473640,-0.780845,-0.457468,1.244452,-0.296428,0.996379,-0.494057,0.328989,-0.830486,-1.856990,-0.869364,-0.514084,0.088345,0.148929,0.687281,-0.664834,-0.025958,-0.441612,0.924203,0.335477,0.963600,-1.281694,0.849666,-0.299567,0.662553,-0.782467
292,3,0.443196,-0.209519,-0.740658,-0.679857,1.559633,0.185799,0.429715,-2.402168,-0.759575,0.516112,-0.677213,-0.747708,0.103544,-0.865155,-0.736114,-0.891341,0.257666,-0.708990,1.128749,-1.496148,0.404455,0.574663,-1.700737,-0.221675,-0.851770,-0.929449,1.218896,0.310690,-0.759929,-1.056746,0.511253,-0.540670
293,0,0.929193,1.014405,0.120381,-0.455751,-1.259864,0.297816,0.787588,-2.770834,-0.042243,0.332983,-2.630463,0.263120,-1.307701,0.502393,1.605836,-1.313396,-1.012900,-0.299682,-0.573665,-1.546602,0.066719,-1.158256,0.221982,-1.374840,1.030549,-0.164388,-1.546643,-0.784737,0.573470,-0.192323,1.217077,0.590672
294,2,-0.651517,1.317080,-0.468454,-0.615866,0.587932,1.384732,-0.436057,-0.674117,0.598051,-0.262705,0.050881,0.772298,-1.034529,-0.590129,0.052037,0.997835,-0.097060,-1.178343,-0.133685,-0.113073,-1.516834,0.505324,-2.254078,0.660164,-0.779090,-1.939007,0.897117,-0.367231,-1.060803,-0.206131,-0.635891,-1.092262
295,3,0.805643,-0.658470,0.420159,0.777015,-0.270564,-0.264508,-1.470636,-0.599774,-0.423735,0.882659,0.732686,0.773868,-0.561725,-0.212029,0.102068,1.098413,-0.455871,0.755059,2.123744,-1.726571,0.594680,0.778438,-0.864689,-0.068690,-0.895568,0.181993,-0.095790,-0.457932,0.218589,0.950649,0.364349,0.326900
296,3,0.995934,-1.408566,0.311770,-0.231057,-0.256023,0.267037,1.297850,-3.075758,0.595166,-1.172712,0.152763,0.953176,-1.451647,-0.530842,0.430531,-0.509938,-1.329395,0.017803,-1.078516,0.221355,0.199701,-0.946759,0.341189,-0.443707,0.627550,-0.372131,-0.374883,0.347627,1.625144,0.235307,1.535708,-0.368322
297,1,0.783660,1.364582,0.290678,1.062225,0.275328,0.787324,0.179636,-1.035590,-0.019407,-0.740344,-1.932177,1.158660,-0.395259,-0.283591,-0.510625,-1.487425,-0.597264,1.244419,-0.872046,0.111996,-0.591878,0.242410,0.514458,1.833574,-0.239310,0.841794,-1.305482,0.277323,0.755986,1.719709,-0.565677,-0.874354
298,3,-1.240699,-1.422216,-0.594801,-0.564782,-0.427070,-1.453054,1.273341,0.416069,1.150385,0.025708,0.138010,-1.804742,-0.585338,-1.779009,-1.339835,0.165478,-0.267415,0.240297,0.329256,-0.185096,3.117480,-0.418411,1.030253,-0.061566,-0.107917,1.067802,1.149548,-0.661797,-0.202696,0.777838,0.203823,-1.361877
299,3,-0.251800,-0.173624,-0.566629,1.096954,-1.155927,0.153332,2.073379,0.717893,-1.154546,-0.928480,-0.172142,0.187393,0.529249,0.499923,0.195529,-0.316920,-1.470839,0.484780,1.058718,0.536835,2.025696,1.747940,0.858561,-1.701756,-0.216960,1.044662,-0.441763,0.968923,0.445889,0.402144,-0.313493,0.399758
300,0,2.412375,0.861867,0.632261,1.308255,-0.352763,0.142112,0.484813,-0.279978,0.713647,-1.805518,-1.554050,-0.103060,-0.293940,-0.187196,0.575956,0.823393,0.745244,0.388022,0.335254,-1.485294,-0.794890,0.246206,0.769946,-0.741978,0.206682,1.642588,2.122754,0.738251,-0.968286,0.598750,-1.002400,1.303876
301,0,0.531630,0.586656,0.094841,0.092558,1.567003,-1.017277,0.114864,1.123405,1.315528,0.013189,-0.906329,-0.761791,0.289361,0.153830,-0.116621,1.054347,-0.137605,-1.082001,-0.858290,-0.919442,-0.600564,0.164075,-0.721474,-0.676849,-0.081754,-0.999727,2.539699,0.470907,1.504417,-0.979899,0.334951,0.378888
302,0,1.612168,-0.034079,-1.886549,-0.033906,-0.334441,-0.852847,-1.545793,1.225466,0.398974,0.141764,-0.616239,0.060093,1.740172,1.803941,-0.065761,-1.217694,-0.988938,0.222202,0.579131,0.611670,1.455114,0.140861,0.732063,-0.485956,0.678910,0.246978,1.335959,-0.274653,-1.204165,0.854542,-2.562495,-0.001105
303,1,0.943285,-0.819005,-0.621815,2.722752,-0.365600,0.547350,0.601234,-0.487115,0.008226,0.230168,1.467225,-1.499123,0.537224,-0.593805,1.099987,-0.424609,-0.631567,-0.250088,-0.224672,0.936945,-0.197796,-0.298559,-0.885668,0.300031,-0.465593,0.715192,-0.346217,-0.060523,-0.048124,1.209165,-2.530228,0.644065
304,0,1.401441,0.186619,-0.627158,-0.393319,-0.317776,-0.802377,-0.396449,-0.716762,-0.003860,0.381393,-1.054892,-1.909824,0.959765,-0.444314,0.571398,-0.278728,-1.009818,0.386844,-0.660638,-0.456099,-1.993191,-1.991571,1.189383,-0.779043,-0.645124,-0.417201,0.286957,-2.869179,3.156134,0.216935,1.734470,-2.110308
305,0,0.267972,-0.914661,0.483854,0.455252,-0.752548,-0.215606,-0.460423,1.519895,0.717720,1.093934,-0.282192,0.898955,1.164109,-0.887773,0.890678,0.256876,1.934842,0.042053,-0.148206,-0.837293,1.040251,-1.160151,-0.227921,-0.900087,-2.100100,0.285718,0.444294,-0.448581,1.122530,-0.649119,1.763961,1.070396
306,1,-0.604613,-2.095550,-0.292439,0.920208,1.186231,2.163393,0.595321,1.274264,-0.177348,-1.560535,-0.282716,0.612996,-0.215401,-1.262148,0.268734,0.512723,-0.246988,0.600401,-0.300848,-0.706074,1.105695,0.788958,-0.280105,0.160434,1.806811,1.082272,-2.048337,-0.021026,-0.541291,-1.827117,-1.821398,-0.353117
307,2,-1.221464,-0.943535,1.165770,-0.109310,-0.312614,0.662166,-0.679325,0.060133,1.103392,0.502283,-0.745295,-0.780636,-0.701109,-0.505829,1.720600,1.339545,0.582554,0.627592,1.314346,0.415137,-1.357490,0.787884,-0.875520,0.706880,0.746151,1.445457,-0.332296,-0.839451,0.274116,1.443672,-1.856789,-0.549357
308,2,0.645750,0.439278,0.733709,0.062835,0.409802,-0.491219,0.480622,-0.717219,0.123253,-1.467100,-1.010581,-0.067345,-0.324320,-0.820322,0.142517,0.722264,-0.711420,0.928848,0.368009,1.309307,0.162178,-0.513688,0.511181,0.322945,-1.154228,-0.679772,0.695404,-1.489517,-1.627117,1.278851,-1.136406,-0.352623
309,1,-0.384847,0.326684,-1.538383,-1.027646,0.778819,-0.121842,-1.010692,-0.059886,-0.082810,0.923201,0.265968,-0.064422,-0.669318,0.628371,0.045735,0.706976,-0.523256,0.704803,1.418127,-0.095563,-1.210319,0.989414,0.016848,-0.516571,-0.000229,-0.652126,-2.835517,1.931740,1.929579,1.457323,0.798685,0.066922
310,3,0.863793,-0.011672,0.495190,0.395335,-1.558253,-0.135687,-3.204465,1.663173,1.002117,0.073459,-1.404583,0.128149,-0.662665,-0.739154,-2.287848,1.198071,-0.131789,0.237017,-0.117034,0.013128,0.854714,0.864416,-1.724585,0.602878,0.398770,-0.961734,-0.566384,-0.052969,0.716465,0.143360,2.226246,-0.848453
311,2,0.380472,0.619677,1.190747,1.330307,-1.571526,2.259325,-1.464541,-1.559774,0.153057,-0.346857,1.793303,-1.155256,0.949321,0.384218,0.565414,-1.348322,-0.579249,-1.458148,-1.669916,0.264848,0.744668,-0.303081,-1.566609,-0.686550,1.127967,0.140290,0.560444,-0.130468,1.178048,0.275252,-0.638256,1.353295
312,2,0.712589,1.242925,-0.276168,-0.659297,-0.047888,-0.524627,-0.678866,0.488342,0.154002,-0.007694,-0.805141,0.655653,0.787252,-1.410239,-0.527852,0.448193,1.053071,0.313729,2.914215,-1.390202,-0.323555,-1.325424,-0.630908,-1.914728,-0.741378,-0.872795,1.113457,-0.912429,0.657309,-0.048847,-0.381165,-1.908284
313,3,-1.057737,0.593365,1.736324,1.324900,2.073280,1.341729,-0.458993,1.334382,2.012054,0.731268,-0.841184,0.504791,1.660210,-0.440554,0.664044,1.122841,0.954376,0.217045,0.379591,0.865068,0.362220,-0.812075,0.959151,-2.211769,-0.774324,1.702637,-0.961408,-0.903025,-0.215723,-0.284634,1.678771,-0.469257
314,3,-0.151101,0.335255,1.884279,1.697898,1.007676,-0.619520,-0.732008,-1.150378,0.733247,-0.639117,-0.205020,0.296152,1.902099,1.713710,0.205688,1.030755,-1.784005,0.502365,-0.989684,-0.703947,-1.228596,0.723600,1.624766,1.176740,-1.340997,-0.673066,0.232687,0.127865,0.100501,-0.231794,-0.879570,1.148641
315,0,-0.379769,1.163422,0.337135,0.102611,1.001565,1.576035,0.749976,-0.734394,-0.033072,-0.111211,-0.570121,0.049286,-0.196771,0.869060,-0.980572,-1.366644,0.246350,0.382095,1.218081,-0.439664,1.242616,0.438586,0.372329,-0.536628,-0.918397,0.573217,-0.907978,1.402277,-1.264999,-0.979449,0.101740,-0.073855
316,0,1.046229,1.007789,2.151288,1.630351,-0.717901,-0.314559,-0.542815,0.171631,-1.170397,-1.160169,0.048785,-0.184274,0.360740,0.555407,-1.773546,0.112551,-0.071036,0.807156,0.097455,-0.714546,-0.569332,-0.206016,-0.037302,-0.326965,-0.333566,0.048948,-0.169520,-0.364187,2.239728,0.908753,-0.065572,0.108702
317,3,0.229193,-0.836872,-0.563032,-1.002761,-0.906908,0.441390,-1.765309,0.140719,-0.192003,-0.918443,0.999693,0.196086,-0.393360,0.990837,0.612923,-0.441421,-1.674276,-0.298538,-1.167178,0.404602,1.131178,1.590576,-0.414226,0.873111,-0.512374,0.045407,1.115935,0.111033,0.553392,1.122193,-0.286227,0.724786
318,1,2.533234,0.658260,-0.056439,0.815598,-0.218901,0.772079,0.613997,-0.380119,-0.071664,0.932682,-0.530065,-1.688242,-1.912188,0.264750,-0.844091,-1.318630,-1.546443,-0.200088,-0.087225,0.530520,0.251660,1.814976,1.017770,0.005032,1.099194,0.381642,-1.293230,0.637050,1.224412,-0.395280,0.387691,-0.083277
319,0,1.319180,0.404232,1.571608,-1.325981,1.928508,0.079728,-0.179943,-0.666879,0.386597,0.817725,0.617984,-0.112187,-1.767673,-0.080433,-0.479195,-0.043534,-1.102545,0.019979,-1.196123,-0.255505,0.052830,0.370620,0.679611,-0.182777,-2.957829,-0.263354,-0.817922,-0.600875,0.468701,1.119868,1.739820,0.274312
320,1,0.239302,2.601582,-0.665514,0.415556,1.495229,-0.358470,-0.096374,-0.873770,-0.680889,1.348064,1.343616,-0.983069,0.258788,-0.639395,-1.605027,0.199526,-0.777082,1.377182,0.381531,0.522020,1.448898,-0.563909,1.293173,-2.948057,0.210990,1.114207,0.771174,1.765019,-1.255841,-0.787842,0.796155,0.000843
321,1,-3.165499,-0.319366,0.915782,-1.628140,2.529727,-1.023415,0.497484,0.411450,-0.322335,-0.625265,0.011985,-1.676983,0.396117,-0.444062,-1.584207,1.203907,0.201502,1.063002,-0.452447,-1.955009,1.092548,-0.435384,-0.385368,-0.788350,1.815198,-0.138995,0.059251,2.800557,0.034935,-0.021201,-0.585981,-2.139041
322,1,-0.048633,2.268370,-0.360103,1.842620,-0.122067,0.094065,-0.707441,0.724181,1.334260,0.560866,0.545640,0.026630,0.445998,-0.902180,0.784909,0.110541,-0.624250,-1.594727,0.335981,0.546785,0.073362,-0.393102,-0.276336,0.643732,-1.145567,-1.015648,0.796554,-0.266062,-0.055555,1.444586,1.039433,-0.554395
323,1,-0.324304,1.470963,-0.224259,-0.544015,1.304993,-0.910223,0.898848,-2.153185,-0.387114,0.106908,0.500563,-1.807270,-1.056080,0.644266,-0.110850,-1.148658,-0.075197,1.319368,0.373047,-1.291931,1.406548,0.592689,0.521308,0.365893,0.086642,0.239948,0.014388,-0.975169,0.153495,-1.515878,1.325315,2.053844
324,1,0.151661,1.527961,-0.657329,1.190026,0.202058,-2.555736,-1.969319,-0.387687,-1.006405,1.334306,0.121108,0.300672,-2.103085,0.885882,-0.798449,-0.434708,-1.159308,-0.201491,0.695776,-1.678232,0.478607,-0.424660,0.318579,-0.019400,1.096795,0.638649,0.094093,-1.955576,-0.009215,-0.446420,1.515525,2.138428
325,1,0.503608,-0.277038,-1.715368,-0.037576,-1.155323,-0.298333,-0.003322,-0.415171,-0.309981,-1.160146,0.123817,-0.253811,0.683782,1.888064,-0.814346,-2.857911,-0.329312,-0.129877,0.712170,0.096329,-0.184181,-0.467359,1.933627,-0.320631,0.879958,1.517935,-0.304490,-0.021256,-0.870361,1.117050,0.884073,0.343411
326,1,0.177392,2.436676,1.391575,-1.124246,0.093110,0.951960,0.587979,0.804371,0.522514,0.944597,1.105293,1.212168,-0.377883,1.182484,-0.346775,-0.900661,-1.980260,0.270115,-1.146539,-0.484048,0.626770,0.818353,-1.772022,0.851619,-0.295701,0.828127,1.202032,-0.532443,0.585572,-0.186160,-1.063000,-0.264428
327,3,0.922029,0.800309,0.770273,0.205344,-1.754798,0.759351,-0.299106,0.030504,0.063730,0.268813,-0.041873,0.306889,-0.180526,-1.033760,-0.453193,1.074537,2.041470,1.173442,-1.322414,-0.922259,-0.611559,-0.315883,-1.127903,0.595932,-0.545887,-0.354044,0.919651,-0.255088,-1.484396,0.927380,0.485306,-0.639323
328,2,-0.599655,0.185711,-1.476660,1.422019,1.874574,-0.832199,-1.769199,-1.625237,0.928926,0.738809,1.397355,-0.421426,0.788316,-0.845359,-1.005362,-1.038033,-1.269921,0.208538,0.291748,1.648912,0.406298,0.321473,-0.811584,0.448092,-1.567155,-1.089273,-1.696175,1.238273,-0.113864,0.233575,0.848895,0.386336
329,3,-0.365075,-1.785072,-0.199232,0.810490,1.244501,0.751628,-1.131134,0.656199,0.597960,-1.229505,-0.169835,-0.464401,-0.391284,0.704447,1.007626,-0.830314,-0.519834,-1.045334,-1.567780,0.594375,-0.105751,-2.121295,0.585614,-1.351353,1.069684,-1.085623,0.394508,-0.349380,-1.036986,-0.296394,0.463458,-0.307408
330,0,-0.651110,0.190477,-0.132220,-0.736289,0.450749,-0.599991,-0.656485,0.513526,0.973252,1.216692,0.394026,-0.317925,-0.207710,0.714276,-0.969659,0.750464,-0.202048,0.696695,0.753051,-0.055586,0.760095,-0.106249,-0.413744,1.813895,1.788527,-0.771507,-0.140354,1.574684,0.364273,-0.357145,-0.895983,0.333886
331,1,0.476885,1.005095,-0.186037,0.171126,-0.166340,-0.778192,-0.117266,-0.046423,0.523107,-1.151893,-1.564867,-0.367109,-0.203596,-0.167049,1.953313,1.196705,-0.818220,-0.350641,-0.502804,2.294473,-0.518407,0.472899,0.085090,-1.245399,0.749687,0.591426,0.431607,0.391890,-1.905614,0.967117,-0.961480,1.711750
332,3,-0.506765,-0.305377,-0.114691,-0.175024,-1.206071,0.361331,-1.183320,0.841777,-0.949177,0.655590,0.091144,1.377037,1.247174,1.258968,-1.419068,0.911685,0.443959,1.986541,-0.010034,0.546205,-0.366213,-0.044708,0.282304,0.792259,-1.228835,1.043142,-1.442172,1.282748,0.340052,1.413646,-2.752864,1.604739
333,1,-0.129645,0.990529,-0.098526,0.628873,-0.395015,-1.036571,0.395995,-0.809992,-0.906236,-0.969514,1.439415,-0.660465,1.600331,-0.400215,-0.859486,-0.549671,-1.047737,-0.995860,-0.370108,-2.628172,1.428283,-0.551958,1.103765,-1.544998,-0.444161,-1.412080,0.039129,0.068547,1.561778,0.351437,1.126354,0.207451
334,2,2.073031,-0.890419,2.338253,-0.034834,0.723497,-0.018952,1.211159,-0.535435,0.100330,1.880667,0.747613,0.382902,0.038549,-1.128259,0.889062,0.980475,1.043596,0.050683,0.921389,0.013076,-0.496917,0.659557,0.107407,0.202961,1.476274,0.298730,1.187143,1.077544,-1.106376,0.757694,0.015677,0.470290
335,3,-0.734597,0.556041,1.323450,-0.030449,0.497685,0.658900,-0.470386,0.642993,0.590068,-0.240840,-0.485001,0.811087,-0.707109,-0.890651,0.753778,-0.590772,-0.183416,0.438211,0.572317,1.344776,0.289423,-0.252456,-0.673783,-1.359738,1.114486,-0.070673,0.782412,0.350065,-0.086883,-2.117568,-0.685409,0.184681
336,2,1.207740,0.932042,1.321007,0.110293,-0.369776,-0.772124,0.609843,0.431893,-0.384401,0.554265,-1.808098,0.353935,-1.053786,0.507538,-0.863893,-0.585548,-0.878565,0.055477,1.003935,-0.201438,0.286093,0.812906,-1.067641,1.280153,1.181685,-0.127229,0.091643,-1.076757,-0.491228,-0.734170,1.368069,-0.235686
337,3,-0.701363,0.009998,-0.899697,-1.829473,-0.611026,1.727072,1.865464,-0.082677,0.937075,0.031331,-1.283771,0.537011,1.796832,0.014807,-1.567472,1.245285,-0.881434,-1.278505,-0.594300,-1.065987,0.710212,1.174030,-1.574088,-0.341391,0.980126,-0.175054,1.743276,0.480371,-0.118157,0.229825,0.877432,0.085624
338,0,-0.640241,-0.540217,-0.459457,1.658477,-0.594828,-1.356212,0.159461,-0.012763,-0.261278,0.281071,-0.317241,-0.171528,0.807206,1.486271,0.255309,-0.056376,-0.077434,-0.660096,-0.329413,-1.409661,0.118621,-0.106690,1.209829,-2.011239,1.621543,0.507674,0.365692,-0.288275,-0.797148,-1.576109,0.294682,-1.498220
339,2,2.220739,0.577087,-0.657706,0.314170,-0.720827,-1.035586,-0.031358,-1.450414,0.422625,1.204122,0.663518,-0.717179,-0.455997,0.162113,0.498221,0.839921,0.850860,-0.088216,-0.061922,1.056148,-0.808822,-0.372789,-0.922518,-1.128555,-0.061796,-0.157435,-1.102257,1.037589,-0.513304,-0.597746,-0.533654,-0.846033
340,2,-0.531978,0.800026,1.731504,1.115329,0.676892,0.318064,0.249689,0.781539,0.236437,0.583809,-0.069020,-0.133093,0.677792,-0.678917,2.079485,-2.132207,-2.198589,-0.844777,0.462954,-1.119815,1.108722,0.320404,-0.272184,-1.450166,1.664531,0.869443,-0.238953,1.260458,-0.759997,-0.546584,-0.653254,1.523193
341,1,1.450073,0.105525,0.512853,0.651738,-0.495268,0.161177,0.936382,-0.718552,0.432516,-1.103405,-0.385774,0.662932,-0.924681,0.800388,0.194185,-0.322397,-0.462002,0.575760,1.002442,0.498751,-0.592043,0.121859,2.162337,-0.920478,-0.042346,1.533764,-0.702531,-2.423295,-0.198423,0.408981,0.243285,-0.582481
342,2,-0.140320,0.855497,0.452577,-0.047341,-0.424951,0.278559,0.462863,-0.253890,-0.895841,-0.185494,-1.044613,0.445869,0.480906,-0.428448,0.096734,-0.582594,-1.340038,0.242627,2.298907,-1.106971,0.059469,0.967663,0.084721,2.485687,0.719611,-0.387943,2.724951,-0.371426,-0.522940,1.222694,0.685149,0.529340
343,3,-0.779693,1.126272,-0.171294,1.483219,-0.498089,-0.417682,0.797839,0.194285,0.077448,0.064650,-0.548458,0.049695,1.378343,1.515319,0.582620,-0.092943,0.075671,-0.654471,0.762279,0.844471,1.092339,0.451301,0.571570,-0.177638,1.685966,-0.341170,1.644840,-1.492010,-0.617886,0.577880,1.122625,0.625482
344,2,-0.030824,-0.376595,-0.089134,-0.238655,0.211280,-0.568797,-0.646591,-0.458692,0.632389,0.087522,-1.393667,-1.869203,-1.670085,0.817000,-1.032902,-0.476143,-0.541382,1.850399,-0.050126,-1.564624,-0.962915,-0.549321,-0.548561,1.020220,1.150937,-0.499837,-0.468689,-1.196580,1.218000,0.820351,-0.052626,-1.355556
345,1,-0.442650,-2.342256,0.098092,0.575674,0.906549,0.121664,1.057751,1.451452,-1.716534,0.828716,1.792469,-2.028056,1.516884,-1.447760,-0.675060,-1.009897,-1.791785,-0.625248,0.600156,1.322902,-1.030676,2.240302,0.729510,0.539462,-0.736765,-0.784140,-1.202013,-0.490353,-1.030221,-2.243855,0.562942,-0.027465
346,0,0.267172,-0.007970,0.105845,-0.825912,1.449400,0.564383,0.091438,-0.161271,-1.209021,0.283220,1.060476,1.577828,-0.030005,0.958999,-0.735022,-0.359109,-0.380185,0.807314,1.081494,-0.285569,-0.043688,2.272234,-0.538151,-1.367816,-0.017969,-0.299006,0.429316,0.436213,-0.191938,0.387478,0.578590,-0.458950
347,0,-0.714955,-1.063773,1.683486,2.084557,0.509812,1.703976,-0.624288,-0.540256,0.682473,-0.468620,-0.777855,-0.794865,-0.433078,-0.454785,0.915391,-1.858771,-1.273296,-3.038964,-0.344493,-0.562354,0.291306,-0.154989,0.672205,-0.219665,-0.902269,-0.335701,0.569498,0.961468,-2.236262,-0.947096,0.540914,0.671129
348,1,0.056957,0.233505,0.643375,-0.349965,-0.601266,0.253346,1.358160,1.550700,1.472401,0.335676,-2.106269,0.063213,0.554573,-1.449805,-1.101636,1.281086,-0.414006,0.656429,1.000768,-0.220017,1.348140,-0.473467,-0.508231,-1.169940,-0.154589,-0.225573,-0.112814,0.343746,-0.387355,0.906616,-0.463788,-1.645895
349,3,1.029999,0.789153,-1.408459,-0.790664,1.449864,0.066247,-0.788287,-1.415792,-0.005390,-0.304567,0.701535,-0.178473,-0.323376,-1.438309,-1.807767,0.412542,-0.346496,1.509368,-0.024125,-1.570366,-1.139672,0.603184,-1.054789,-0.109255,-0.282358,1.019093,-0.596270,-0.222804,-1.515752,-0.034951,0.631541,-0.155940
350,1,-0.230941,0.150924,0.590367,-0.613862,-1.286912,-2.151859,-0.958957,-1.601404,0.647573,-1.350626,-0.454452,0.238345,-0.765751,0.292362,0.109200,-0.119086,-0.528891,-1.241633,-2.537992,-1.001816,0.360281,-1.937369,-0.567957,-0.304894,-0.034708,-0.093677,0.366812,-1.324427,1.413715,1.164657,1.023906,0.212281
351,3,0.310452,-1.907156,-0.884482,-1.326005,-0.005711,-0.868880,-0.499385,0.971597,-0.213918,0.614454,-0.395819,1.468721,-0.464066,-0.615619,-0.876975,0.539916,0.577654,1.393489,-1.353539,-0.081621,-0.634630,0.849172,0.582046,-0.838478,0.205947,-0.428075,-1.580805,0.222755,-1.194031,1.195893,0.918919,0.053464
352,1,-0.058472,1.508298,0.466636,-0.985350,-0.365211,0.175077,-0.462959,0.219521,-0.252290,0.607208,1.059609,-0.650882,0.628633,-0.911973,0.710016,-0.865276,0.345807,-0.727799,-1.018552,0.391065,-0.230564,1.048030,-1.632946,-0.617592,-0.671451,0.308360,-2.154191,-0.353960,1.358961,-0.122283,-0.141243,0.096485
353,2,-0.184077,0.468183,-0.839224,-0.622606,0.188948,-0.302407,-1.462911,1.842838,0.843566,-0.283441,0.677210,-0.580132,1.312158,-0.767573,-0.812251,-1.790281,0.727916,0.406078,0.639446,-0.542708,-1.353726,1.896954,-0.041605,-0.547220,0.603723,-0.140382,-0.423525,-1.258362,1.564122,0.952642,1.051641,-0.888886
354,2,0.024157,0.186693,-0.798967,1.223403,1.202622,0.050538,0.320170,-1.201731,-1.779565,0.993729,0.901811,-0.362810,-0.623009,0.647330,-0.494852,-0.912106,-1.371233,0.815435,-0.517782,-0.519166,-0.318432,-2.272045,-2.658393,0.467023,0.204023,1.227075,1.898394,0.843074,-0.667738,0.196287,0.624260,1.481692
355,3,0.736818,0.295658,-0.118378,0.615926,0.703759,0.014314,0.515418,0.291076,0.714040,0.648365,-0.248745,-0.599231,0.287944,1.012971,0.027647,1.527041,0.792940,1.617907,0.997566,-0.472873,-1.492785,0.679015,1.453414,-1.063406,-1.889353,0.933492,-1.615217,1.166223,0.290385,-0.328251,-0.936779,0.539952
356,2,-0.377047,2.529649,1.883354,-0.759468,-1.291705,-0.773106,1.013922,0.820613,0.233304,0.711165,-0.341880,0.007872,1.270104,1.468372,-1.723587,-1.436746,-1.208672,-0.273283,0.035367,1.461067,1.611139,0.645237,0.842155,0.988176,-1.254779,0.447291,0.092902,1.533227,1.530296,-1.208733,0.173168,-0.604760
357,3,0.013705,0.036966,0.169632,-0.490288,0.782007,0.994431,1.899544,0.009592,0.503537,-1.697715,0.838413,0.803906,-1.813303,0.481395,1.096027,-0.305482,-0.613582,-0.432868,-0.030512,-1.680565,1.546023,1.468660,0.794793,-0.816912,1.786805,0.444168,0.712209,1.522935,0.361470,0.771686,0.239484,0.785406
358,3,-1.240878,-0.732275,1.344966,2.510024,-0.597167,0.649244,1.051577,-0.710265,-0.660807,0.262751,-1.329120,-1.861388,-0.034011,1.076536,-0.945921,-0.244895,-3.146220,-1.177352,-0.293924,0.907285,-1.917579,0.625073,0.651847,1.063813,-1.538100,-0.140295,1.013646,0.185285,0.022617,0.117719,0.087778,-0.507872
359,2,-1.737169,-1.028542,0.668944,-0.762395,-2.260236,0.891515,-0.833756,1.583017,0.976718,-0.353482,-1.054561,-1.151107,1.169690,0.335671,-0.384231,2.305056,-0.959496,-1.836090,0.960033,-0.217592,1.187820,-0.175934,2.311022,-0.292093,0.213121,0.858571,0.978582,0.518305,-1.147010,0.699129,-0.977262,0.709542
360,2,-0.807304,-0.115302,-0.451748,-1.148217,1.275666,-0.907732,0.252972,-1.608148,0.273466,0.759148,-0.412164,-0.382237,0.747335,-0.011099,0.680654,-0.894356,1.020743,-0.349088,-0.011764,0.083803,-0.328674,-0.280047,0.612907,-1.629012,0.479901,-1.224259,0.391153,1.079438,0.441211,-0.382678,-0.347093,-0.531279
361,3,-0.216394,-0.637737,-0.726071,1.054693,-0.641733,-1.989701,1.628281,0.878558,1.334358,0.457447,-0.577077,-0.428154,-0.472685,0.140527,0.389038,0.456259,0.674899,-1.092300,0.324429,-0.151243,0.697891,-2.576449,1.039411,-0.738172,0.389489,-1.302069,0.913501,1.881541,0.226598,0.710072,-0.985645,0.399277
362,3,0.860790,0.192059,-0.134387,-0.421093,0.074301,0.491255,0.917191,-1.398858,-0.547455,0.228169,0.242760,2.047677,0.721921,1.077395,2.444662,-0.784779,-0.120207,-0.285831,1.225912,-0.408879,1.485617,-0.449737,-0.448230,-0.503307,0.575495,1.367540,-0.498290,1.019898,0.287311,0.383241,1.190580,-1.632432
363,0,0.659782,-1.888398,0.938246,-1.514859,-0.319871,-1.267443,0.860470,1.064730,-1.899939,0.628150,-1.260809,-1.304947,0.784570,-0.038515,0.289904,2.020726,-0.249097,0.768713,-1.723446,-0.697443,0.513512,-1.895580,0.238200,-0.122410,-0.660579,-1.065422,0.475179,0.445815,1.285203,-0.983060,1.888874,1.084748
364,2,-0.306528,-0.620096,-1.166882,0.776904,1.151958,-0.794810,-0.086484,-1.212215,0.219582,-0.143849,-0.124891,1.260492,-1.717339,0.314133,-1.947476,-0.504372,-1.627055,0.156888,-1.277848,-1.074681,2.414673,1.023902,-1.387659,-1.759749,-0.514917,-0.814300,1.764258,-0.470265,1.370901,-0.480619,-0.266725,0.203745
365,0,-0.668035,-0.343302,0.198823,-0.969416,-0.750726,0.132853,0.033572,-0.371058,0.039828,-0.936816,-1.179735,-1.408890,-1.318405,-0.968438,-0.845673,-0.183321,0.135283,-0.438123,1.128845,0.228002,0.898458,1.204975,-0.261228,-0.497898,-0.027503,-1.061471,0.765578,-0.360705,-1.254499,-1.203722,0.246373,-0.226882
366,0,1.373808,0.742569,1.495668,-0.255858,0.909722,-0.680833,0.485617,-0.828730,1.054280,-0.214129,0.379760,-0.637471,1.177114,-0.272888,-0.064899,-1.093710,-0.904956,-1.340730,0.646664,-0.831434,-0.496311,0.793738,-0.993767,-0.780057,-0.277991,1.460663,0.076545,0.412037,-0.390201,0.913354,-0.960996,0.108156
367,2,0.525101,-0.210929,1.372918,0.177750,0.737030,-0.411052,0.889004,0.279344,0.976032,0.748826,-0.584332,-0.947153,0.862085,-0.412666,1.143707,0.024493,0.720529,-0.608222,-2.632452,-0.083747,-0.876546,-1.206234,-1.097475,-0.246193,2.066989,-3.106240,-0.298550,2.229254,-1.009184,0.907009,-1.889799,-0.072057
368,0,-0.075934,0.268468,0.539477,2.148205,-0.011975,-0.700786,0.312915,-0.010362,0.541712,-1.072900,-0.208379,0.169945,-0.733530,-0.210655,0.676404,-1.317823,0.291030,1.486836,1.933169,-0.273288,-0.107019,-0.902691,0.937404,0.956067,0.648349,0.389606,0.220317,2.404335,1.373719,0.348710,0.100107,1.460603
369,2,-0.291042,0.984663,1.465887,-0.863815,-0.217219,-1.844046,1.118174,-0.154200,0.025418,0.262713,0.224920,0.086362,1.093298,1.651958,-0.499781,0.114962,0.689112,1.028001,-0.094257,-0.605136,0.371024,-1.365949,-0.612338,-0.135494,0.935729,1.500793,0.442118,0.969862,-1.112414,-0.735111,-0.593192,0.113753
370,3,-0.364004,-1.032618,-3.919356,0.432570,-0.789845,1.259847,0.756047,1.324483,-2.479147,0.410720,0.062179,-0.055241,0.337930,0.286970,-0.700357,-0.490969,-1.485811,0.162363,-0.487760,-0.006037,0.368147,-2.110527,-0.178016,-0.533829,-1.348891,-0.824902,1.312340,-1.487404,-1.465125,-0.512220,-0.764994,-0.650081
371,0,0.743418,0.511744,-1.361695,-2.237204,-1.078997,0.965403,0.366247,1.477082,1.102608,-0.714113,0.831087,-1.429569,0.330028,-1.103407,0.771251,-0.395868,-1.424096,-1.286565,0.560121,0.370099,-0.109733,0.698613,1.304844,-0.553987,-1.793748,0.873482,-0.605275,-1.051923,-0.107798,1.041160,-1.841131,1.292837
372,2,1.017685,0.177663,0.240807,-0.830770,0.646066,-1.348242,-2.085143,0.515724,1.058636,-1.056848,-0.434623,0.539298,0.887630,-0.503865,0.213294,1.132274,-1.821020,0.634193,-0.617467,-0.027113,0.556072,-0.485964,-1.404528,-0.304196,0.828962,0.138382,-0.395720,-1.030699,0.366544,-0.202734,0.535080,-0.405765
373,1,0.524140,1.702455,-0.920529,0.946908,-1.009883,0.646680,-1.604049,-0.899500,-1.691012,0.380283,-0.291680,-1.945383,0.072267,-0.695204,1.148122,-0.621144,-0.746089,0.063513,-0.853627,0.886320,-1.994013,2.380520,-1.128200,-0.183100,1.390151,0.360408,1.983087,0.851992,-1.446554,0.214413,1.632574,1.360779
374,3,2.329432,0.419093,-2.049717,0.055354,-0.243474,-1.002478,0.741060,-0.528477,0.026545,0.707340,0.276021,-0.759427,0.452005,0.730328,-0.771277,0.461122,-0.452390,-1.093812,0.448378,0.481305,0.004595,-1.558907,0.143498,-2.480429,1.147416,1.848521,2.478371,-0.071326,-0.079711,-0.519716,0.974083,0.437496
375,3,0.169779,1.204423,0.652235,0.862256,-2.101981,1.518773,0.196007,0.250617,-1.230006,-0.376355,-0.689938,-0.141071,-1.319740,-1.764926,-0.358277,1.171554,1.570575,-0.300520,1.279929,-0.705452,-0.555490,-0.279429,-0.893574,-0.244732,-0.795068,-1.735703,-0.862854,-0.068851,-0.948825,0.116985,1.554724,-0.813575
376,2,-0.373066,-1.462994,1.060581,0.870934,-1.147474,1.794744,-0.657180,-1.582606,-1.848898,-0.738162,-0.402424,-0.943290,-0.061061,1.851071,0.308569,0.232217,0.133384,-1.052863,-1.141739,-0.813902,-1.251823,1.477058,0.470263,0.305760,0.085410,-2.243307,-0.480716,-1.474619,-1.477187,1.451184,-0.192495,-0.230781
377,2,-0.314304,1.164372,-0.714224,-0.150368,0.263917,-0.115222,0.182610,-0.175462,0.795712,1.065386,0.354446,0.165695,1.024921,-0.598463,0.079542,2.777562,1.174987,1.544784,0.292333,0.708727,-0.880394,-0.440803,-0.298583,-0.165691,-1.427417,1.665179,0.405315,-1.591670,0.609473,0.867364,1.328320,-0.208285
378,2,0.677425,-0.650412,0.376832,0.877786,0.112991,0.083841,-1.161031,0.713215,-0.647866,1.110406,-0.236576,0.557240,0.404271,-0.967106,-1.807731,1.134190,-1.947632,1.134007,-1.462408,1.854239,-0.355877,-0.783363,0.913904,-0.654936,-0.915763,-0.284961,-0.034535,1.070553,-0.700539,-0.063013,0.908191,0.175312
379,2,-3.598273,-1.642718,-0.710883,-0.398157,-0.601901,0.828074,0.981183,0.172842,-0.703743,0.993941,0.455197,1.548495,-0.890432,0.243982,-1.619023,-0.307757,-1.007387,1.041093,-1.021999,0.197070,0.125598,0.664963,-0.304664,-1.222063,0.106254,0.913235,0.282746,-1.248998,2.539223,0.172925,-1.835898,0.990868
380,2,-1.391164,0.349672,-0.421216,2.262173,1.468201,0.610889,-0.061554,-0.262158,1.082395,-0.685265,1.310632,0.642337,0.953122,-0.613673,-1.640609,0.141792,0.848526,2.944644,-0.226951,-0.621346,0.539188,1.751235,-0.652859,0.933687,0.896207,-0.978909,-1.246976,1.524819,-0.223506,2.305196,-2.764889,0.666633
381,0,1.111002,-0.716961,1.707757,1.223997,2.682725,-0.262537,1.308144,0.848081,0.082450,0.171130,-0.965158,-0.321029,-1.085264,-0.389540,0.276009,1.094748,0.415192,-0.019000,-0.642289,0.537733,2.018378,-0.995121,-1.312541,-1.168701,1.605175,-0.824040,-0.889929,1.820899,-1.477153,0.393859,0.931604,-0.008208
382,3,-1.006221,0.262548,-0.638563,-0.700815,-1.109769,-0.905058,-0.628865,-0.000064,0.116165,1.472277,-0.843580,-0.290880,-0.559304,-0.778613,-1.400394,0.544106,1.310370,1.129257,0.279104,-0.338671,-0.330147,-2.162830,-0.305482,1.071811,-0.277646,-0.592800,-1.400284,0.168234,-1.056915,0.840698,-1.544118,-0.284529
383,2,-0.162797,1.487416,2.971149,-0.712458,-0.240139,0.145355,-0.045535,0.033192,-1.416982,0.631151,-0.491650,-0.915179,-0.800047,1.206031,-0.147758,-1.194863,0.208506,-1.434071,0.550500,-0.188164,0.894877,2.309806,-0.388039,-1.606927,0.536621,0.285356,-0.372944,-1.188679,-0.483753,0.403922,-1.714198,0.258431
384,3,-0.946237,1.048318,0.032401,1.331754,1.419958,-0.348688,0.365120,1.347170,-0.562479,2.039064,1.393038,1.218398,-0.745930,-1.338580,1.969774,-0.714237,0.481570,-0.224134,0.746188,0.617282,0.269873,0.716954,0.409948,-0.458417,1.583234,-0.115881,-0.168638,-0.229267,0.393871,0.745596,0.629542,-0.080301
385,2,0.219262,1.456003,2.144978,-1.129440,-1.429389,-0.933006,1.083710,-0.783167,-1.497132,-1.173912,0.763366,-0.506561,1.012743,-0.425577,-1.506526,-0.924670,0.151807,-1.136741,0.240084,-0.144060,-0.571799,0.925687,-0.942775,0.829838,1.595954,2.451282,1.164904,-0.134235,0.733623,-1.161657,-0.416448,-0.558273
386,1,-1.040512,1.436267,1.100613,-0.361650,0.069455,-1.255172,-1.409233,2.155261,0.861603,-1.448317,0.397889,-0.388611,-0.032469,-0.964264,0.617193,0.595854,-2.098134,0.022805,-0.879341,2.408714,1.770255,0.095750,-1.747720,0.269418,0.799524,-0.978792,-0.246024,-0.327926,-0.240530,-0.467521,0.656128,0.640671
387,0,0.827987,0.054190,-0.101879,-0.560207,-2.257152,1.026453,-0.764247,1.149811,1.063324,0.341796,-1.012591,0.153069,-0.307678,-1.216856,-1.358013,0.802909,0.281218,-0.673389,-0.909942,0.704402,-0.712642,0.456260,1.066124,0.029259,0.202873,0.320838,0.578718,0.841913,-2.135154,1.245794,0.456021,0.099752
388,2,-0.411040,0.832812,-0.786030,-0.852880,0.622635,-0.324676,1.285316,-0.730214,0.607178,1.098181,-0.750571,-0.576576,2.125437,-1.215616,1.666792,1.501663,1.041268,0.536473,-0.382959,0.897087,-0.157766,-0.269106,1.209612,2.430848,1.936031,1.517123,0.060656,-0.356208,0.792580,-1.080795,0.017822,0.548845
389,3,-1.056971,1.289700,0.767260,1.482310,-0.289230,0.016727,0.462114,0.260817,-0.174595,0.375963,0.456838,0.154806,0.295863,0.517348,1.119569,0.298897,-0.540651,0.808456,1.166951,0.203554,-0.417340,-1.304373,0.759739,-1.930909,2.235406,0.314618,-1.454146,0.697393,-1.052619,0.041532,0.440171,1.249807
390,0,1.449827,-0.093688,-0.660389,0.224549,-1.987851,-0.651118,-0.665415,-0.305535,0.779287,0.513954,1.365100,1.756825,-0.016707,0.185036,-0.491470,-0.006134,0.423406,0.680709,-0.511289,-0.708972,-0.539750,0.228705,0.487693,1.024733,-0.345770,0.603926,-0.790260,0.774096,-0.907980,-1.207088,-0.872129,1.458801
391,2,0.367672,-0.116018,0.364087,-0.949703,0.017725,-0.028848,-0.473470,1.030793,-0.976435,1.079577,1.662999,0.099254,-0.538914,0.387126,-0.958784,-0.605280,0.920871,-1.123017,-0.043265,1.176679,0.311166,-1.794139,3.064312,1.892513,0.210044,-0.424929,0.809590,2.484177,1.144059,-0.461121,0.073756,0.541983
392,1,-2.314042,0.111803,0.197487,0.719418,-0.387073,-0.421467,0.527390,-0.415274,-0.318063,0.806176,0.652886,-1.102482,-0.463112,0.684667,0.017662,0.651778,-0.220695,-0.805016,0.125687,-1.742742,-0.715520,0.279689,0.551922,0.385689,1.364168,0.745630,1.370670,-0.518746,-0.883773,-1.167415,0.529386,-0.992268
393,0,1.974546,-0.267894,-0.916712,0.497289,1.023439,-1.771296,-0.089710,1.592772,-0.253246,0.086836,0.577563,-0.118518,1.022647,-0.050582,-0.225146,-0.245050,-0.378040,-2.541753,-1.284196,-1.309172,-0.232637,-0.599263,0.753573,-0.048859,0.203010,-0.305341,1.781896,0.010366,0.794974,0.090701,0.475063,1.266022
394,2,2.594090,-0.832170,0.597264,-0.731649,1.037066,-0.551009,1.663933,-0.609076,2.458453,0.635314,0.003689,0.005452,-1.571938,-1.564052,-0.106918,0.704647,-0.235041,0.562159,0.203696,-1.168593,-1.655321,-0.659873,-1.991999,1.529034,-0.085706,0.648656,0.581714,1.147181,1.327801,1.183999,0.642506,0.556359
395,3,-0.356745,-0.594230,0.752438,1.407505,-2.038488,0.098784,0.606243,-0.272725,-1.223359,1.672068,-1.103224,2.878408,-0.935750,-0.333896,1.316294,0.891699,0.334747,0.529973,1.948281,-0.055411,0.004865,1.301848,2.187344,-0.061665,0.034660,-0.381112,-0.351995,-1.066531,-0.754436,-0.777915,1.049183,0.811207
396,2,0.104024,-1.382760,1.139787,-0.953281,0.402286,0.680788,-1.077267,-0.153156,0.780087,1.598957,-0.329649,-0.767780,-0.777373,-0.989270,0.835247,-1.026873,-0.424463,0.485591,-1.073940,-0.065645,-0.152617,0.273516,-0.095194,0.620830,1.110707,0.807995,-0.340743,0.070922,0.256188,0.689686,-0.877003,0.027829
397,3,0.560789,2.113762,0.611507,-0.393150,0.983763,1.842843,-1.493843,-0.468531,-1.605638,0.219316,0.609641,0.646832,0.365733,-0.690207,1.739705,0.008546,1.082821,1.567694,0.332905,-1.376533,0.990519,0.398058,0.853783,-0.071342,-1.332666,-0.479338,0.517031,-0.408171,-0.192406,-1.212377,1.505333,0.677526
398,2,-1.037205,-0.036932,0.961231,0.658725,-0.898019,0.313889,0.378412,-1.022961,-0.556033,-0.469909,-0.610894,-0.268600,0.593756,-0.641128,-1.964374,2.039833,0.151626,-2.054289,0.406134,-0.531045,0.145251,-0.272592,-0.954624,-0.422413,0.403649,0.767168,-0.614188,0.005377,0.464308,1.629613,0.541166,-0.762895
399,2,0.490611,1.579628,-0.604168,1.575202,-0.540775,-0.805472,-0.054299,-0.896862,-0.033317,-0.679900,0.523869,2.117751,-0.164991,0.613075,-0.767288,1.655920,-1.104777,0.438479,1.048922,-0.692710,-1.724853,0.405888,1.089066,-0.576523,0.821703,0.647900,1.252491,-0.624522,-0.958079,0.201077,0.447518,-0.582508
400,3,-1.631337,0.987860,-0.240177,-0.151250,0.734785,1.276505,0.141716,-0.037453,-0.779288,-1.293377,-0.730385,0.396559,0.595715,-0.205172,1.086803,2.029350,-0.633521,1.133092,-0.601495,-0.883136,0.233756,0.752335,-0.844876,-0.204676,1.705353,0.430133,0.791916,0.100192,0.634245,0.484084,0.570864,0.666774
401,1,0.592071,-0.689991,-0.305087,1.071624,-0.560775,0.269644,-1.762596,0.954215,0.779556,-1.014791,0.643779,1.115917,-1.513842,1.805833,-1.886187,1.147573,-1.439638,0.846126,-0.355038,-0.607026,1.220008,0.683493,-0.836278,1.145833,-0.979503,-0.114653,0.978119,-0.643379,2.185089,-0.390971,0.385553,0.661115
402,3,0.372529,-0.312668,-0.218877,1.264352,-0.452218,0.814543,-0.126687,1.048661,-0.369512,-1.063744,0.126614,-1.000665,-1.321469,-0.259299,0.843421,0.177984,-0.051251,0.034362,1.108513,1.815335,0.474916,1.604555,0.726522,0.295951,0.429667,-0.102011,-0.005542,0.441173,-1.351203,0.866424,-0.582285,1.257763
403,0,0.781458,-0.094290,-1.364056,-0.495905,0.289326,-0.302371,-0.995687,-0.334382,0.911551,0.174712,1.471914,0.457206,-1.668677,0.843568,0.233206,1.350713,-0.152224,2.432218,1.716088,-1.749968,0.672483,0.116605,-0.785613,-1.316601,-0.330280,-0.115578,-0.010670,0.050357,-0.771324,-1.756316,2.022370,-1.432389
404,1,0.345361,1.833580,-0.248404,0.271449,-0.314038,1.673597,-0.685606,0.066923,0.623212,1.948245,1.270043,-1.390077,0.046714,1.231120,0.922484,-0.759322,0.845906,-0.872110,-1.073629,-1.671292,-0.772630,-3.041492,-1.600326,2.025053,-0.378886,0.939095,-1.658144,-0.224828,0.250751,-0.026428,0.282843,0.150068
405,2,-0.454053,-0.852946,0.707308,-0.916475,-1.819003,0.750705,0.195124,0.013914,1.120781,1.986646,-0.109696,-0.275418,0.304991,-1.095010,1.723025,0.398211,-0.283021,-0.687931,-0.825483,0.605161,-0.679033,-0.609456,-0.960240,0.877056,1.506834,-0.065047,-1.096359,-1.285106,-0.554961,-0.045746,-1.674873,-0.948824
406,2,2.680045,0.071991,0.247574,-0.346956,1.115305,0.722654,1.406542,-0.040272,0.613374,-0.485082,-0.426972,0.499951,1.269821,-0.020323,0.803199,-0.449401,-1.213511,-1.776750,-1.094993,1.884159,1.054511,2.944432,-0.934056,0.371214,1.209959,0.800517,-0.255336,-0.293036,-0.709550,1.639978,2.286603,-1.239878
407,0,-0.067268,0.830983,0.386045,1.042473,-0.955411,-1.539157,-1.829720,1.532168,-0.145163,0.210739,2.057354,1.469159,1.667204,-1.008094,-1.677058,-0.803132,-0.508721,0.130752,-0.530408,0.344768,1.387967,-1.761975,0.171622,1.253510,0.456086,-0.219427,1.082436,0.364998,-0.258399,0.074204,-0.138753,0.437855
408,2,0.840017,-0.693821,1.591117,-1.508647,-1.233891,1.353384,0.077973,0.656640,0.066196,-0.193484,-1.553310,0.759347,0.470849,-1.324945,-0.757827,-0.748458,-0.152526,-0.678521,-0.566791,-2.807360,0.399222,1.401634,-1.794221,2.103871,0.274142,0.562065,-1.436219,-0.854175,0.081165,-1.349055,0.412370,0.077569
409,2,0.236984,-1.028690,1.191938,0.283446,0.705800,0.134549,1.750911,1.200532,-1.667977,-0.283037,-2.034220,0.062977,0.505905,1.003983,0.538021,-0.365922,-1.581220,1.249525,1.480901,1.064761,-0.042111,1.116661,-0.742966,-1.428522,-0.233641,-0.612791,-0.682440,-0.173625,-0.715043,0.053634,-0.678605,-1.278679
410,3,-0.668940,2.136322,-0.165207,1.551736,-2.130075,1.110947,1.293744,0.714890,-0.599203,0.073740,-0.888606,-0.196268,-0.939444,-0.025910,0.631801,0.728310,0.940945,0.078860,1.373732,0.525161,0.740104,-0.345039,-0.295447,-0.910943,-0.120854,-1.065322,-0.387390,2.476341,1.327060,-0.850723,-0.802480,-0.590176
411,2,0.542873,-0.755602,1.987324,0.213400,-0.206153,-0.822563,-0.057184,-0.367632,-0.348460,-1.121457,0.305896,0.613090,0.375870,-0.846929,1.622959,-0.267790,-1.258874,-1.218569,-0.252593,0.323602,0.579931,-0.334433,0.431201,0.995755,0.532577,0.552897,-1.675119,-1.474000,-1.222627,-0.466350,0.288011,-0.266334
412,3,0.149493,0.343564,-0.984996,2.107570,2.152932,1.038304,1.016348,-1.141232,-0.817236,0.846336,1.289680,0.694253,1.514158,-0.363124,1.568919,-0.611689,-1.034843,0.834437,-0.013502,-0.672662,-1.013876,0.919520,-0.514459,0.506097,-0.093173,-0.974830,0.304666,-0.014945,-0.452353,0.674861,-0.468020,0.803061
413,3,0.287541,-1.101504,1.297375,0.542587,0.509172,1.696973,-0.328850,-1.068059,-0.326348,-0.666750,-0.441535,1.276550,1.047596,0.553917,-2.432251,-0.594590,1.993977,0.307714,1.570922,1.470096,-0.807288,0.473285,1.369178,0.953542,1.854422,-1.348275,0.214623,0.870639,2.007290,-0.491744,-0.410718,-1.255239
414,0,-0.653211,0.090658,1.483404,-0.903632,2.351163,0.219238,1.659501,-0.422814,-0.615576,-1.014586,1.861080,-0.724565,-0.547536,1.094248,-1.115787,0.693182,1.687369,0.470304,0.403680,-1.070975,1.153824,-0.525972,0.685690,1.894869,0.678887,0.520102,0.146927,0.876630,-0.425591,-1.588865,0.814276,1.056728
415,0,1.046102,-0.357723,1.067000,-1.467455,-0.297194,2.044301,1.146815,0.434575,0.086820,0.797330,1.615267,1.016788,-2.352326,0.927248,-0.273761,1.078880,0.487342,0.479327,-0.257034,-0.950477,0.466481,1.127531,-0.949174,-0.425711,1.468100,-0.196704,-1.044227,-0.509004,0.271482,1.554847,-1.341937,2.536323
416,2,-0.215746,-0.215676,-0.302338,-0.072580,0.274618,0.703225,-0.478512,-0.607440,0.258067,-0.240036,-2.385041,-1.268905,-0.131085,-0.435924,-1.756047,1.816639,0.923778,0.850320,-0.661384,1.032735,-0.200688,0.359038,-0.213490,1.078783,0.651860,0.117358,0.202232,-0.280083,-0.348143,0.362185,-0.557567,-0.864498
417,1,0.598338,0.309138,0.142298,-1.868711,-0.099263,0.562171,-2.080892,1.819373,1.204727,-0.358941,1.830999,0.276633,-1.025613,-0.331817,0.510742,0.567703,-0.854750,-1.241131,-0.950911,2.222423,1.356345,-0.128167,-0.186904,-0.723780,0.895857,-1.344831,1.093407,0.563047,-0.353351,-0.260170,0.219255,-0.079437
418,2,2.035371,0.270126,3.858605,-1.773360,-1.727929,0.182202,-0.240605,0.096198,-0.217815,-0.643011,0.271207,2.209060,1.690119,0.135483,-0.648130,-0.039262,-2.633713,0.544247,-0.208818,-2.089022,0.796260,-0.707862,-0.566864,0.989203,0.340110,0.416483,0.949615,-0.776647,-1.025044,-0.167980,1.349644,-0.424719
419,2,0.881240,0.070120,0.351931,-0.377049,-1.146624,-0.137771,-1.037219,0.044442,1.622202,1.949808,0.202636,0.412038,1.126561,-1.069164,-0.663286,-1.029685,-0.630396,-1.486430,-1.061919,-0.589885,0.781588,-1.594312,-1.174132,-0.954827,0.047046,0.631853,0.352765,1.224693,0.980253,-4.023159,-0.698170,-1.431701
420,1,-0.983099,0.392014,0.858524,-0.737653,-0.677913,1.548361,1.051470,-1.692408,-0.257811,-0.171184,-0.007737,1.585386,-0.465649,-0.258986,0.043457,0.003948,0.470419,-1.179268,0.232751,0.038958,0.707045,-0.795781,-0.476623,-0.982888,-0.675620,0.265616,0.069144,0.967360,-0.876273,-0.564572,-1.353917,-1.274069
421,0,0.926714,-0.749701,0.003521,-1.398028,1.391685,-1.236092,-0.333209,0.340544,-0.023589,-0.171599,0.155533,0.152582,-0.098902,1.256617,-1.300178,0.616480,-0.116088,-2.796533,1.457023,0.146256,0.587295,-0.554938,-0.616536,0.794097,-1.161496,1.705405,-0.111632,-0.384102,-0.145684,1.628004,-2.010216,-1.162660
422,2,1.699238,1.096418,0.224417,-1.768868,1.357913,-0.006976,1.538190,-0.228738,0.237179,-0.423256,0.207967,0.170887,-2.079046,0.169740,-1.065018,-0.001891,0.048420,0.419377,-1.304073,2.252891,0.479139,-0.051549,-0.245183,-0.512835,0.021267,-0.662596,-0.385636,-0.241139,1.063094,0.465807,0.536451,0.325006
423,1,-1.166800,-2.779847,0.558502,-1.646694,-0.224171,0.677045,-1.290385,0.192408,0.989016,0.082280,0.015349,0.800153,-0.683959,-0.567256,0.623147,0.725385,-0.877061,0.019402,-0.620910,0.831173,0.236129,2.526032,-1.831824,-0.606246,-0.222149,-0.586445,-0.320233,0.893389,-2.771320,-0.406171,1.589055,-0.534262
424,3,-2.373780,-0.176604,-0.827915,-0.034846,0.931642,-0.632871,0.268644,0.429463,0.890805,-0.805662,-0.118194,-0.084326,-0.925159,-0.707106,-0.749709,-0.329478,-0.406468,2.307521,-0.486807,-1.457572,0.107736,0.361884,-0.499320,1.442960,1.072938,-2.323296,1.397261,-0.789034,-0.757626,-1.164154,0.180953,0.246875
425,0,-0.577326,0.029013,-0.199330,-1.374351,-0.205720,1.371899,1.528816,0.523504,-0.020605,0.002260,-0.654301,0.447305,-0.125684,0.643822,0.534152,-1.428805,-0.437835,-0.863335,0.232678,0.487639,0.644939,1.096279,-0.181316,-0.056636,0.243003,0.285971,-0.150007,-0.540325,1.038480,-2.015905,-1.418932,-0.641198
426,2,0.326821,-0.371102,2.305817,0.278607,-0.100929,-0.487215,1.433777,-0.113993,-1.568573,-0.224685,0.294471,0.176841,0.173296,-0.057798,-1.692564,0.343316,0.186017,-0.189291,-1.110148,1.200533,-0.435013,-0.673292,0.768582,-0.505350,0.081741,0.018200,0.302997,2.291904,-0.302861,1.111837,-0.172987,-2.001539
427,2,0.473065,-1.122914,0.849472,-0.680380,-0.640814,-2.069691,0.144150,0.570557,-0.127235,1.070316,-1.419965,0.871255,1.456391,-0.252737,1.252353,1.200734,0.322087,0.175373,0.289398,-0.841986,0.320919,-0.358034,0.704900,-1.262703,1.331798,-2.857494,0.210860,-1.135186,0.240485,-0.569352,-0.364638,0.208903
428,1,-0.211279,0.538861,0.563659,0.697132,0.869351,0.656945,-0.624485,-1.133211,0.316849,0.098722,0.589685,0.634748,-2.602349,1.206643,0.251676,1.044977,-0.626076,1.529531,-1.259899,0.351787,-0.099943,-1.045073,-0.568454,1.154289,0.767588,-0.659619,-0.069625,1.192413,1.227422,-2.092525,-1.024613,-1.888523
429,0,0.447396,1.440558,-0.124965,-0.361088,0.375345,0.032144,-0.594103,-0.746152,-0.676640,1.407032,-1.629099,0.629003,1.664472,-0.107852,-0.784360,0.739066,-0.892204,1.451289,-1.256455,0.633749,0.548168,-0.182314,-0.112097,-0.783392,-0.309150,-2.108666,-0.748299,0.650774,0.069181,0.831966,1.995965,0.339308
430,1,0.131870,1.357891,1.088189,0.546124,-1.329904,-0.503165,0.380812,-0.403209,0.386567,-0.758953,0.264361,-0.060196,0.479390,0.427510,1.271885,-0.050509,-0.350836,0.949991,-0.567918,0.854432,0.852971,0.784181,0.630986,2.081761,-0.457375,0.247170,1.667029,-0.760115,-0.790130,-0.529063,0.320329,-0.597136
431,1,-0.739830,1.428894,-1.654818,0.486860,0.684827,0.044262,-0.248092,0.040484,1.489414,2.021903,-1.378137,-0.497859,-1.338974,-0.250486,-0.139676,0.681431,0.364589,0.375917,0.992209,1.411295,-0.237743,0.214886,-1.694198,1.511979,-0.390615,0.307950,0.595638,-0.500821,0.102601,0.552756,-0.069914,-1.680843
432,3,0.359209,0.361839,1.121270,-0.450977,-0.961822,0.379920,1.215246,1.946962,1.220900,0.375465,-0.687376,0.536828,0.038317,0.187444,-0.192094,0.648620,-0.583174,0.736599,-0.155342,-1.186397,1.115885,-0.656270,1.128974,0.306383,-0.173441,1.644117,-1.044232,-0.018242,-2.197345,-0.672243,0.018853,-1.805635
433,3,0.851347,1.512587,0.318371,0.312356,2.138512,-0.312230,1.588178,-0.583825,1.746199,-0.607310,1.094222,0.639780,-0.752003,-1.163496,-0.142447,1.075709,-0.889264,0.043961,-0.892372,-0.502716,-0.038987,0.962626,-1.430770,-0.529655,0.198580,-2.308953,0.874321,0.179193,-2.040057,0.205299,-1.340852,-0.010175
434,0,1.754223,-0.345221,0.019082,-0.092394,-0.985856,-1.580986,-1.724542,0.197757,-0.322434,-0.624430,-1.005275,0.069053,-0.763635,0.003081,-0.639456,1.272429,-0.396443,-1.188361,-0.066158,-1.214938,-0.173286,-1.495510,-0.070424,-0.428886,-0.981791,-0.430919,1.454515,-1.736032,-1.072968,-1.360286,0.858208,-0.858197
435,1,-0.823454,1.601687,-0.806364,1.399279,-0.327275,0.333338,0.832340,0.520380,0.214979,-2.390026,0.181457,-0.260920,0.789600,0.832342,-2.090310,-1.021835,0.183620,1.599358,-0.967837,-0.017190,-1.433780,-0.125212,-0.162670,-0.003383,-0.512160,0.448657,-0.779442,1.319466,1.073543,1.267122,0.240177,-0.567727
436,2,-1.495250,-0.327924,-0.978401,-1.163643,2.169223,-0.085213,-0.567926,-0.430455,-1.036447,0.862348,0.251816,-0.892010,0.540819,0.987840,0.641617,-0.438285,0.188580,0.734620,0.692515,-0.154629,0.707581,-0.847930,0.568358,-0.800188,0.500229,2.132883,-0.496612,1.575160,-1.844616,0.331360,-0.142160,0.230714
437,3,0.687806,1.603396,0.028861,0.823220,0.843160,-1.243985,-0.106381,-0.326638,-1.154733,0.361010,-1.549985,0.598927,0.211984,0.106485,-0.729112,0.134826,0.336226,0.514400,-0.924546,0.158649,1.540184,1.547469,-0.262010,0.218802,-0.071240,-0.427676,-1.049438,0.513615,2.040522,1.186099,-0.113498,0.353186
438,0,0.036086,-3.357541,-0.726992,0.856966,1.363996,-1.398011,0.801553,0.048413,0.050066,-1.072030,-2.049658,-2.000095,-0.180126,-0.602798,0.817024,0.877154,-0.468515,0.504160,0.203340,1.584006,-0.644321,-0.935415,1.351168,0.273763,-1.112930,-1.948856,-0.403053,0.204220,0.166982,1.018481,-0.973109,-0.530541
439,3,0.336476,-0.460063,-0.660570,1.402077,-0.910253,-1.992485,0.729690,-0.143281,-0.284365,-1.077633,-0.608495,-0.490222,1.260566,0.970592,1.613781,-0.154204,-0.092579,0.187856,-1.001789,1.028949,-1.542023,-1.532681,-0.774064,-2.023039,-1.023351,1.529012,-1.603156,0.349165,1.464527,0.088757,0.173174,0.397025
440,3,0.364827,-0.452173,0.964278,0.610129,-0.534932,-0.693310,0.273256,-1.643279,0.595826,0.289238,0.473345,-2.235691,0.612451,1.542035,0.467279,0.386232,-0.574322,0.206639,-1.651591,0.362314,1.682844,0.027618,-0.220627,-1.308464,-0.304088,-2.447529,-0.845800,0.856263,-1.266633,-0.324174,1.795900,0.246139
441,3,2.200000,-0.374922,-1.024696,-0.317483,-0.367853,0.300519,-0.282830,0.032039,-0.012562,0.940131,0.679934,1.760998,0.148008,1.330721,-1.554525,0.335997,0.310024,-0.006526,-0.615088,0.435572,0.302323,-0.453650,1.383040,-0.491543,-0.156250,-0.911611,0.186680,0.646236,0.700639,0.279209,0.466035,-0.138344
442,1,-0.468686,0.282652,-0.519945,-0.455658,0.030555,-0.341240,-1.443504,0.322250,0.347018,-0.229785,0.872249,-0.158169,-0.673748,0.394579,1.383929,1.225490,1.312969,-0.889090,0.345210,-1.423520,-1.731881,1.425615,-0.804836,0.689563,-0.532422,-0.614252,-0.807627,1.329311,-1.383755,-0.084515,-1.025210,-1.411664
443,0,2.726157,-0.409305,0.126830,-0.894150,-1.244686,0.795807,-0.661354,0.064737,1.003795,-0.477966,-0.085035,-0.503063,0.220490,-0.296655,0.161661,-1.555027,-0.521660,-0.958814,-0.247674,-1.387653,0.446398,-0.610996,2.834042,0.006558,-0.029291,0.939300,0.360888,0.181864,-0.181843,1.702819,-0.865707,-1.173085
444,2,0.137308,0.561636,-0.214609,0.075131,-0.603130,-1.451185,0.214554,0.723796,0.345181,-1.208407,0.015739,-0.001512,-0.353631,-1.076624,0.819341,-0.630534,0.743062,-1.770246,0.643007,0.961130,-0.351871,0.166312,-1.075540,0.583191,0.281123,0.762408,1.355663,-0.950920,0.711524,-1.089352,-1.924906,-1.008742
445,0,-0.820322,0.419636,1.920600,0.091197,0.987502,0.846605,0.465019,0.685246,1.748300,-1.280787,0.047022,-0.865346,-1.007568,0.744231,-1.014456,0.800738,0.048749,0.670640,1.310444,1.457751,0.473477,0.698862,0.950215,0.515265,-1.126581,-0.057203,1.862065,-1.066885,-0.104034,-0.357341,-0.889525,-0.263124
446,0,0.025684,-1.213777,0.283963,0.260779,1.280211,0.485796,-0.695818,-0.187145,-2.405420,-1.102717,-0.600178,-0.112533,-1.787768,1.206156,1.466659,2.340317,0.547393,0.322641,0.954272,1.092951,-1.331262,-0.932252,-1.056937,-0.147276,1.148119,0.303318,1.756730,-0.632768,-1.050854,-0.407029,-0.097216,-1.820410
447,0,0.465027,0.528571,1.249983,-0.374333,0.107960,-0.934202,-0.573251,-0.412655,-1.527990,-1.292234,1.160019,1.968650,0.292760,0.232080,-1.487530,-0.130561,1.739802,-0.399339,-0.774291,-0.273009,-0.923330,-1.622662,1.379554,-1.703572,-0.293272,0.099856,0.108722,0.781532,-1.029229,-0.481841,1.581221,-0.710058
448,0,2.266472,-0.270397,-2.092305,0.025556,0.191661,-0.275290,0.398750,-0.274579,0.019924,0.085894,0.921542,0.720469,-0.310453,1.463718,-1.263947,0.970393,1.076420,2.099881,-0.157212,0.351933,-0.664636,1.555328,-1.488084,0.596358,-0.028179,0.638346,1.129671,0.741149,0.764449,0.622478,-0.735611,-0.322781
449,3,-1.277573,-0.079254,0.217346,0.922461,-0.160568,-1.045334,-0.418707,-2.827129,-0.187481,0.454821,1.300531,1.108975,0.404160,1.848508,-1.000408,1.109082,1.289952,-0.572761,-0.259681,-0.968132,-0.733991,-0.915012,-1.603499,0.151012,-1.884888,-0.329814,0.168116,1.422389,0.012032,-2.566529,1.208501,-1.195743
450,2,-0.674780,0.444929,0.130929,-0.647032,0.524940,-0.034992,0.300869,-0.370401,0.074566,0.063035,-1.796516,0.022756,-0.754502,2.717183,-0.450447,-0.087080,1.220826,-0.805965,-0.025538,0.986869,0.254977,-0.128484,0.226704,-0.640799,-0.094317,1.440171,-1.578826,0.114704,-0.324099,-0.493440,0.484528,-0.107266
451,2,-0.610142,1.229428,0.695602,-0.654008,-0.222375,-0.343498,-0.313042,0.849573,-0.474247,-0.029010,1.489856,-0.499963,2.405210,1.845558,0.261850,0.871161,-0.885233,0.897576,0.377013,0.184896,0.090181,0.508479,-0.168394,-0.144296,0.982956,-0.751170,-2.237867,1.735570,-1.438158,-0.140870,-1.386960,0.232490
452,3,-0.133049,1.079589,1.086583,0.444346,-0.505843,0.001838,-0.413797,-0.355685,-0.975211,0.481132,0.538484,-0.499785,-0.236159,-0.891150,-0.456833,0.928035,-0.681447,0.589084,-0.722567,0.118857,0.117339,-2.078864,-0.983600,-0.595636,1.650177,-0.574214,-1.447258,-1.862910,0.853903,-0.313686,0.635086,1.253872
453,1,0.837808,-0.308410,-0.362250,1.052297,0.385531,0.776923,-0.811060,-1.135641,-0.479228,0.670727,0.352727,-1.109628,-0.092483,0.514809,0.121350,-0.113724,0.131615,-0.112353,-0.612390,1.442581,1.135458,0.745978,0.107990,0.966401,0.154597,-0.526375,1.294067,0.154406,-0.168372,-1.259247,-0.290441,-1.685575
454,0,-0.510363,-0.054228,-0.908942,-0.831500,-1.185305,-0.022592,-0.272097,0.478209,1.589681,-0.265812,-0.307881,-0.118618,0.583460,0.137418,-1.762462,-1.404569,0.057833,-0.268049,1.054966,-0.178778,-0.760510,2.038711,0.392810,-0.259915,0.103914,-0.944944,0.757524,0.120285,0.395507,-0.714449,1.988103,-2.118525
455,0,0.074163,0.851992,1.053655,0.053992,-0.648371,0.466424,-0.327159,-1.603295,-0.021592,-0.430637,-0.205417,0.251747,-0.461683,0.683325,0.764794,0.175112,0.591378,-1.227802,1.892710,-0.678562,0.039021,-0.575657,0.470940,-0.493761,0.050907,-0.227164,-0.881136,2.097669,-0.866614,0.571146,1.274999,0.548620
456,1,-0.373553,1.693046,1.434934,-0.330286,0.081471,0.506500,1.774583,0.346161,-0.197896,-0.442058,0.186011,1.423237,0.242083,0.390993,-0.847337,0.411781,-2.136772,1.461002,0.106316,-0.141569,0.718096,-1.590549,-1.210687,-1.067411,-0.968381,0.769321,0.505706,-0.680243,1.182563,1.461732,-0.522498,0.114338
457,2,-0.222635,0.596648,0.343233,1.505524,1.163803,-0.847805,0.117203,-0.770733,0.165536,1.104620,1.806610,-0.538138,0.055945,-1.489523,0.454852,0.681080,0.758859,0.673164,0.440960,-0.627209,-0.978023,0.083533,-0.644970,2.131979,0.123873,1.235872,0.176159,0.673850,-0.736987,1.771831,0.864957,0.886317
458,1,1.778849,1.696777,0.533296,-0.312472,-0.070055,-0.240516,-0.113357,-0.011384,1.686170,-0.971570,0.456749,0.760615,-0.026652,0.880573,-0.717543,0.850047,0.535611,-0.221625,-0.788862,-1.418035,0.290015,1.685711,0.753935,-0.378274,0.753306,-0.470269,0.221325,1.380473,0.025383,-0.061178,-0.253789,-0.514463
459,1,-1.554638,0.843750,0.512047,-0.532048,-1.014266,1.006513,-0.191167,0.656104,1.145932,1.564231,0.481499,-0.786384,0.541289,0.299667,-0.894921,0.741773,0.937451,-0.226221,0.800205,0.577133,-0.001028,1.230869,-2.916761,-0.729977,-0.212023,-0.006956,-1.284294,-0.108793,-0.508989,0.515449,0.369176,-1.050675
460,0,0.431039,0.557625,0.797485,0.103894,0.745213,-0.795839,-1.355806,-0.005410,-0.344602,0.339892,0.051347,0.049975,-0.777148,-0.704018,-2.491535,-0.005804,3.497273,-0.369069,0.326379,-0.880058,-0.567886,0.511422,1.974808,-0.183127,0.115314,1.644021,0.471296,-0.736598,0.948878,0.812239,-1.681531,0.168897
461,2,-0.362501,-0.408044,0.530050,0.822661,-0.631079,-0.018859,0.017381,-0.280598,-0.911174,0.868436,-1.465402,-1.016160,-0.559996,0.674051,-0.574238,1.302286,-0.223026,-0.862001,0.922160,0.079714,0.419564,0.342373,0.521756,-1.525628,-1.489476,0.085526,1.328644,1.295613,-0.427650,-0.686731,-0.849688,-0.923197
462,0,0.670718,-0.994783,0.800240,-0.081590,0.939800,-0.439754,-0.361299,0.163519,1.370553,0.157744,0.283268,1.264296,0.862442,-1.277975,0.573672,2.070756,0.178914,0.512966,0.394249,-2.062557,-0.062040,-0.993256,-1.134072,2.123551,0.687794,-0.654579,0.964320,-1.663450,-1.287251,0.964067,-0.703960,0.334762
463,1,-0.264897,0.328148,0.806242,0.075691,-0.626094,1.191566,0.845879,-0.435638,0.641389,1.686898,-1.522943,-0.103554,-2.172269,1.147676,0.878110,-0.976498,-1.941126,-0.544434,-1.264095,1.611179,1.166050,-0.607868,0.169903,-1.482353,0.262936,-0.204271,0.516669,-0.260096,0.155333,-1.209966,-0.545240,-0.632719
464,2,1.219181,2.258457,0.395474,0.299467,-1.040662,0.039136,-0.243453,-0.103897,-2.289676,1.063092,0.941368,1.212613,-1.233584,-2.150554,-0.539885,0.508839,-0.580669,0.265049,1.137833,0.343910,0.803024,0.224825,-0.796249,-0.084863,-0.491928,-0.489653,0.536794,0.997404,0.123450,0.241001,-1.553213,0.221099
465,2,0.117414,0.040295,0.860577,1.167781,-1.143083,-0.186182,-0.095123,2.127394,-0.123828,-0.691352,1.657273,1.251471,-1.469429,0.169203,1.537494,-1.185741,-0.240179,-1.243220,-0.216301,-1.343846,-1.605777,0.426473,0.064853,-0.713263,-0.201112,-1.459099,-0.525136,-0.720772,0.864858,1.294177,-2.085596,-0.493022
466,2,-0.572865,1.268629,0.266520,-0.904486,-1.076865,-1.017551,-0.799753,-1.061684,0.091965,0.017644,-0.662059,0.524949,-0.795531,-0.655639,-1.408356,0.792833,0.009296,0.791098,1.108009,-1.209131,0.280083,-0.766801,-0.372150,-0.576929,1.449918,-0.304717,-1.286866,0.353924,1.627887,0.088222,1.373428,-1.362320
467,3,0.838019,2.952564,0.195008,-0.951291,0.375534,-0.831005,0.092207,0.607138,-0.399917,-0.121008,-0.873322,0.637436,-0.067966,1.329911,-1.773492,0.182708,-0.888489,-0.021509,1.500806,1.445512,0.227783,-0.999854,0.567685,0.027510,-0.232473,-0.569188,0.814604,-0.951172,-0.897565,-0.052693,-1.063360,-0.170108
468,0,-1.386937,-0.013773,-0.418077,0.299806,1.081737,1.631720,0.772004,1.469261,0.443392,-0.180381,-0.243856,-0.236218,0.381561,0.183682,1.718200,-0.828223,0.710576,-0.908096,-1.472313,-0.213724,-0.413034,-0.114831,1.228830,0.469649,-0.775142,1.385666,1.390322,0.700246,-2.005914,1.192157,0.018623,1.362983
469,0,0.454872,0.158478,-0.236951,-1.227516,-0.837411,0.512903,0.047632,0.449278,0.465149,-0.913267,2.579071,-0.004869,-0.831735,-0.151578,0.058104,0.687999,-1.411510,1.513235,-1.711730,0.453988,-0.566763,0.636175,0.764814,1.932730,1.131372,-0.981136,-0.231221,2.852437,-0.169737,1.520621,0.313680,0.904490
470,0,-0.454490,-1.821754,-1.952515,-0.708694,1.134371,0.674119,0.687271,-1.091901,1.597855,1.488094,-0.271346,2.031279,-0.573470,-0.161066,1.286947,-0.340806,-0.462321,0.798457,-0.922332,-0.115123,-1.062575,-0.547835,-0.527806,1.676693,-0.263434,-1.909434,-1.740450,-2.285241,-0.094941,-0.731838,-0.897632,0.786784
471,2,0.277997,0.835911,1.218299,0.800405,-0.981402,-1.539376,0.183359,0.945677,-0.689580,0.386020,-0.790774,-0.130300,-1.295586,-0.262890,-1.607821,0.234597,0.526677,-0.974490,-0.429800,1.161144,1.853702,-0.338781,-3.002256,-1.032247,-2.402225,-1.581801,-0.937734,2.199377,-1.337179,0.635607,0.838675,-0.570125
472,1,0.362279,1.151373,1.465538,-1.176680,-1.077448,-0.867152,0.382768,2.275321,-0.887520,0.661082,-0.101016,-1.488177,1.314436,1.759573,-0.716206,-0.035857,-0.499005,1.004259,1.415887,0.016314,0.601763,0.620713,0.925474,0.826977,-0.596870,0.152439,1.370455,0.765795,-0.743126,-0.199383,0.184065,0.127528
473,0,0.374020,0.938575,0.711525,0.001401,-0.026524,1.421934,0.141530,0.165057,-0.146991,-0.352438,0.155002,-1.022468,0.774832,0.221632,1.326201,-0.445157,1.799902,-0.411000,-0.520407,0.184963,1.078787,-0.424153,0.652425,-0.366624,0.433187,-0.654666,0.006598,1.132685,-0.182589,-0.049399,-1.498505,-1.997003
474,2,-0.222148,0.516429,-0.096037,1.440250,0.324722,-0.246339,1.008578,-0.842149,-0.344329,-1.138190,-0.303079,-0.515988,0.302819,-0.717235,0.221141,-1.097344,0.955213,-0.621621,1.087320,0.849211,-0.639712,-0.501819,-1.399514,-0.948511,1.588224,0.295457,0.965093,0.454070,2.463234,1.518036,0.285249,1.583344
475,3,-0.439022,0.788750,1.102314,-0.660256,-1.062644,0.040726,1.046443,1.422433,-0.612777,0.127703,0.615494,-0.134952,-0.760925,-1.504059,-2.340564,0.086885,-0.045489,-0.819232,1.212398,-0.063050,0.082988,0.679477,-0.215936,-0.266427,-0.965210,0.507408,-0.789679,0.080779,0.912752,0.043676,0.564440,0.968810
476,3,-0.610269,0.922048,-0.599443,0.449558,1.169450,0.054530,0.549600,-0.056708,0.978462,0.911330,1.846638,0.430785,0.864851,3.116985,0.004003,-1.047141,0.368479,0.150756,-0.168329,0.320966,1.016673,-0.463709,-0.461247,-1.073937,1.304285,1.971569,-1.145858,-2.942233,-0.658652,0.265838,0.592931,1.238482
477,1,-1.144393,-0.343663,-1.143433,0.152765,0.409437,1.535488,0.755413,0.143735,0.422249,-0.023110,0.189347,-1.860639,0.413223,-0.274185,1.000981,1.196270,-1.075354,-1.812114,-0.170206,-0.377915,-0.605505,-0.239882,-0.505739,1.253007,-0.587962,-0.278538,-0.757793,0.386492,-1.136342,-0.435833,0.340421,-1.235351
478,2,-0.466484,-0.473585,-0.121106,-1.579851,-0.493076,0.712131,1.241321,0.887993,0.579499,-0.041148,-1.236203,0.936144,-1.127700,-0.560461,-0.132903,-1.021410,-0.263308,1.166973,-0.651016,-0.097352,-0.019092,1.354316,0.490493,-0.405765,0.891457,0.560238,-0.969787,-0.900907,-0.966799,-0.952486,1.243488,0.135213
479,3,-0.109031,0.121045,-0.091466,0.558782,0.897704,1.937984,-0.024004,-0.457098,-2.295080,0.128628,-0.938748,1.307187,0.678630,0.215991,-0.342222,0.699522,-0.552171,0.249308,-1.237461,0.900502,0.281690,0.549291,-1.776049,-0.337746,0.518537,-2.611307,0.209842,-0.742638,-0.457387,-0.236225,0.145989,-0.231939
480,2,0.317153,0.771527,-0.481189,-1.379342,-0.090856,-1.074559,-0.727725,-1.550237,1.074789,1.163128,0.248401,2.084382,0.364289,-1.004335,1.671434,-0.015738,0.440081,0.591748,-1.322034,0.113805,-0.930083,-1.013846,-0.489730,-0.838727,-1.307220,-1.398260,0.486167,-0.754834,-0.229576,-0.802563,-0.299370,0.799206
481,0,-0.044213,-0.420959,-0.245511,-0.728737,-0.196541,0.491018,0.959738,-0.636095,0.319594,-0.189215,2.469706,-1.376038,1.477664,-0.486978,-2.322951,-1.678097,-1.727393,-1.382454,1.534240,1.445448,1.259685,-1.445313,-0.124295,-0.546479,0.831107,-0.380934,0.241118,1.017877,-0.309777,-1.614699,1.563755,-2.289991
482,1,-0.399752,-0.047427,0.428187,1.925971,-0.241663,1.738290,0.067399,1.898196,1.308711,0.077710,0.468058,-0.550881,-1.810655,1.812107,0.134292,1.497474,0.304144,1.752476,0.912304,0.090482,-0.454017,-0.532422,0.346593,0.331663,-0.178880,0.148656,1.317586,-0.389162,-1.125680,-0.757116,1.118567,1.630619
483,3,-1.015139,-2.315390,-0.324891,0.896635,0.137572,-0.236403,0.607664,0.593602,1.051872,0.562469,-1.822829,-0.219400,-1.155681,0.801847,-0.313515,-0.247282,0.123757,-0.067886,0.473165,-0.572306,-0.592514,-2.518250,-0.870234,-0.087396,0.279098,-0.805033,0.342401,1.412520,1.353156,0.403278,-0.096758,-0.362038
484,0,-0.037856,0.516635,-0.592448,-0.640946,0.250058,-1.245229,-0.001695,0.193432,-0.108480,-1.017587,0.009788,1.293012,-0.362945,-1.520439,0.022694,0.442441,-1.021827,0.647835,-0.436090,0.676826,-0.438238,-1.179445,-0.376472,0.191525,-0.167465,-0.123789,-0.794114,0.557746,0.916174,-0.836838,-0.022121,-0.107260
485,3,-0.894285,0.108929,-0.329111,1.887848,1.019655,0.415184,-0.605490,1.282907,1.536775,-0.583074,-0.123243,0.633878,0.283286,0.338920,-0.556663,-0.136354,0.796867,0.882968,-0.282773,2.086262,-1.772747,1.250777,-0.134794,0.192707,0.107044,-1.495896,1.196592,1.964750,1.825618,-0.517109,0.848626,1.125231
486,2,-2.346067,-0.276692,0.871329,0.855222,0.561312,-0.017882,-0.206537,-1.819421,0.160106,-0.421273,3.450143,0.027320,0.433413,1.354366,-0.419221,-0.827453,1.256609,-0.623423,1.019200,0.724038,1.445569,-1.056299,1.770183,-0.665793,0.716317,-1.991027,1.596501,0.898412,0.109113,-2.467131,0.905615,0.492975
487,1,0.422311,0.967618,-0.713763,-1.045599,1.964457,1.049839,-0.253147,0.115390,0.771115,-1.078927,3.822608,0.303841,0.129964,-0.999991,0.640149,0.035501,-0.628099,0.430028,-0.207228,-1.388250,1.028197,1.832182,-1.363258,-0.319152,-0.538159,-2.021237,-0.348149,0.286149,0.321947,0.116791,1.282707,-1.274033
488,3,-1.193158,2.346480,0.460128,-0.174834,-0.697210,1.265878,1.413113,-0.154658,-0.914240,2.195282,-0.722705,-0.086304,-0.617132,0.245253,0.952948,-0.016407,0.829325,-1.890316,-0.917665,0.782086,-0.077329,0.182378,-1.124042,1.787411,-0.495216,1.790174,-1.045014,-1.295564,0.767060,-0.382794,-0.065591,1.332622
489,3,-1.192817,2.079775,0.536602,0.387667,-1.173894,-0.914804,0.824873,0.985018,-0.066247,1.460418,0.277558,-0.263705,-0.697500,2.198452,-0.541765,-1.464422,-1.318193,1.210794,1.883704,0.520923,-0.714369,-0.657435,0.257388,0.170993,-3.045928,-0.477503,-0.500277,-1.165869,0.250069,-0.795315,-1.235474,1.000852
490,1,0.755002,-1.234237,0.356228,1.145250,0.615605,-0.562919,0.197783,-0.639180,0.230479,-0.063068,-1.347625,-0.489133,1.073779,-0.534505,-0.287604,-0.992397,-1.836257,-1.102373,0.401801,1.558897,0.566958,-0.301102,-0.312216,-0.441315,-0.902423,0.552384,-0.043146,-1.346907,0.604155,1.041534,0.173369,-1.123624
491,2,1.108542,-1.008163,-0.011680,-0.567017,-0.916210,-0.918423,-0.902514,-1.688904,-0.149262,-0.025506,1.201537,-0.064922,-0.632050,0.373104,-0.185742,-1.734089,-0.408683,1.095916,-0.433176,1.059554,0.028076,-0.568048,1.800755,-0.626442,-0.216234,1.410774,-1.281319,-0.336677,0.689975,-0.393567,1.513675,-1.226203
492,3,-0.858293,0.216645,0.293306,0.360731,-0.618700,-0.015425,-1.377170,0.428817,-1.053294,-0.590454,-1.664919,1.592217,-0.488053,1.277781,-0.743809,1.000122,2.208571,0.824335,1.219106,0.164313,-0.570839,-0.130313,-1.941737,-0.968172,-0.263166,-3.123695,0.340168,0.331044,-1.724943,0.673699,-0.505865,0.146644
493,2,-0.948555,1.201688,1.273965,-0.975020,-0.064633,-0.140635,0.733455,0.372506,0.380761,0.456416,1.441656,-0.718114,-0.156451,0.705084,0.195991,1.257878,2.265624,-1.948060,-1.436033,-0.093663,0.940532,-1.180493,0.026222,-0.502804,0.115440,-0.422245,0.080949,0.996570,-0.306504,-2.076364,0.548058,-1.698024
494,1,2.286022,-0.092315,-0.775501,-0.902260,-0.253750,-0.895185,0.892412,-1.180455,-0.414396,1.091426,-0.212912,1.523759,0.775702,0.222727,-1.907470,-0.325208,0.384549,-0.384913,-0.221852,0.249249,1.387713,-1.038758,-0.755306,0.722766,-1.219826,-0.807288,0.145329,0.750242,-1.035165,1.606247,-1.291068,-1.438305
495,3,1.422516,1.018473,-0.513965,0.580728,-0.922171,1.312178,-0.447269,-0.726063,1.044837,0.879449,0.599187,-1.190433,0.122771,-0.744685,-0.508207,-0.344051,0.185402,0.846605,0.680763,0.224708,1.518528,-0.843161,-0.168982,-0.897470,0.688727,-1.327091,-1.176422,-3.054512,0.186877,-0.799136,0.013372,0.211518
496,3,0.916290,1.174791,0.910625,-0.018129,-0.870224,1.394543,0.529457,0.376575,0.536564,-0.814821,0.522714,-0.229293,-2.188601,-0.350025,1.237249,1.703083,1.011098,-0.593651,-0.534701,0.014645,-0.199758,0.983534,-0.492074,-0.526612,-0.998394,-0.037605,-1.152273,-0.650825,-1.610397,0.860318,-1.195479,-0.170218
497,0,-1.298036,1.365474,-0.905914,-1.762055,-0.798651,-0.408522,2.128202,-0.842657,1.336265,-0.022421,0.119396,0.393590,1.245183,0.437335,-1.744917,0.025131,-0.984191,1.252062,-0.747886,0.279506,0.125270,-0.738761,-0.762119,1.168820,-0.886258,1.190891,1.274498,-0.487520,0.112890,0.066215,-0.931567,-1.594270
498,2,0.420942,-0.558348,0.776085,1.310897,-0.744112,-0.432516,-0.738571,-0.071384,0.883776,1.134555,0.686230,-0.813269,0.558180,1.054541,2.674264,1.010019,0.403067,0.879964,0.285714,0.402135,-1.027020,-0.420504,-1.275566,-0.733024,0.143155,-0.950994,0.342643,0.286938,-1.190948,0.229759,-0.570432,-0.414868
499,3,1.675575,0.510115,-0.396420,-0.282000,-1.097433,-1.314997,-0.742641,0.597128,0.058102,0.032588,0.715427,-1.074075,0.229238,-1.205927,-1.408370,-1.801128,0.684718,-0.787149,-0.857272,-1.459748,-1.374889,-0.578668,-0.206734,0.096399,-0.773246,-0.228365,0.932187,0.857154,0.797242,-1.309027,-0.224304,-1.093661
500,0,-2.496539,-1.162308,-0.040484,-1.410058,-0.478041,-0.149263,-1.174325,0.187892,-0.570625,-0.768534,1.887361,-1.300026,1.695455,-0.663253,2.071010,0.554191,-1.405979,0.496641,0.771145,-0.539923,-0.020609,-1.586662,-1.541080,1.339328,1.084659,0.937956,-1.175901,1.404065,0.431696,2.123939,1.118569,1.820984
501,1,-0.993787,-0.680305,-0.192705,0.174115,-1.008935,-0.220562,-1.272032,-0.232387,-1.130453,0.572859,1.360247,-0.244662,-1.846698,-1.285304,-0.747038,-1.247222,0.363005,0.769457,0.775869,0.333098,-1.185172,0.309549,-0.479726,1.176360,0.448598,0.793024,1.346203,-0.177078,1.420820,-1.706543,0.429674,-0.454600
502,2,0.282982,0.505364,-1.055265,0.929237,0.268663,-0.762484,0.451185,0.341747,1.938517,0.399122,0.240403,0.269503,1.432901,-1.840692,-0.612736,0.512642,-0.520157,-1.446700,2.027910,-0.046926,0.326206,-0.417106,1.003421,-1.041283,-0.886769,0.470220,1.912575,1.844055,0.195952,0.977632,-1.670617,-0.291723
503,1,0.570324,1.461870,-0.869937,-0.097551,0.759019,1.147690,1.141060,-0.038558,0.313740,-1.678929,0.200644,0.146000,-0.111419,0.667290,-0.552390,0.948071,1.363096,-0.930914,-0.044245,-0.321225,-2.290999,-0.291830,-0.121567,1.246027,-0.356843,0.865399,-0.244753,1.409621,-0.458853,-0.993781,-1.956507,-0.111091
504,2,0.549702,0.835513,-0.275283,1.130414,-1.228833,0.399437,1.138948,-1.457440,0.083936,0.058662,-1.120472,0.168709,-0.141856,1.115047,0.931312,0.349082,-0.475896,-0.895722,0.085468,-0.141186,-0.193382,-1.334231,0.243718,-1.475039,-0.419961,0.860302,1.200570,1.021442,0.433556,-0.644225,0.309400,-1.066779
505,3,-0.012440,-1.191629,-0.243491,-0.601271,-0.158328,0.867687,0.636952,0.402382,-1.580016,0.688996,-1.608624,-0.602640,0.369272,-1.430785,-0.692378,0.244011,0.479438,-0.639475,0.322070,0.145683,-1.273201,1.103860,1.511667,0.428103,-0.137744,-0.996251,-0.557963,0.734964,0.411978,0.009183,-0.470357,-1.262519
506,1,0.144678,1.568536,0.501805,1.621454,0.149326,-0.367245,-0.533365,0.419591,0.334644,1.644755,1.870009,1.232892,-0.484606,-0.053694,0.567455,-0.298702,-0.051623,0.808559,2.553571,-1.236632,2.182556,-0.355937,1.226907,-0.193719,-2.305584,-1.020568,0.610498,1.470302,0.744688,1.119003,0.035866,-1.188455
507,3,0.430743,-0.450855,0.854619,0.524088,0.997530,-1.652768,-0.080085,0.262066,-0.618990,0.457795,0.361444,0.074362,-0.969529,0.375728,1.111553,-1.285966,1.163311,-0.330932,-1.124126,1.964767,0.089919,0.364473,2.196748,1.808236,0.139588,1.002152,0.898425,-0.496276,-0.928591,0.205135,-0.452676,0.825453
508,0,-0.362611,0.297373,-2.576382,0.077565,-0.147743,0.432460,-1.131732,0.868639,-1.121958,1.619119,0.519331,-1.066630,-0.214574,0.328840,1.519800,1.226239,-0.447923,0.037862,0.529594,0.410670,-0.887447,0.999228,-0.583111,-0.280146,-0.634878,-0.492423,0.076684,-0.787886,-0.676114,0.480829,0.514504,0.907242
509,1,-0.010329,-0.700412,-0.479721,0.204535,-0.114044,0.023108,0.224280,-0.326973,0.116687,-1.797495,1.213675,-1.057703,0.941097,2.702941,1.111925,-0.665815,0.601657,-0.282862,-0.742150,0.969258,1.726169,0.252910,1.312153,-0.797251,-0.037328,1.038951,-0.867222,-0.801575,-0.897265,-0.228958,-1.419792,1.221919
510,0,-1.596048,-0.705033,1.251982,-0.808568,1.798878,-0.571970,0.417414,-0.013939,1.221807,0.022477,-0.168990,0.672107,0.952094,-1.304329,-0.121148,1.974105,0.192126,0.883401,0.160451,0.979228,-1.252743,-0.024279,0.256177,1.287228,-1.422431,-1.098559,0.939837,0.737431,0.074339,0.272359,1.844490,-0.353190
511,1,-0.873517,2.012329,0.043512,0.157348,-0.407594,-0.685179,-0.512158,-0.716465,0.745558,0.355172,-0.219090,-1.335760,0.902857,-1.052549,0.686920,0.738914,1.454132,-2.185984,-1.473570,0.162682,-0.261004,0.894582,-0.469548,0.238284,-0.628826,-0.111432,-3.027961,0.383046,0.534045,1.556503,-0.881749,-0.336024
512,0,0.713737,-0.230071,-1.508775,1.374129,-1.797128,-1.357546,-0.552019,-0.453210,0.663898,-0.225493,0.632096,0.137777,-0.840943,0.989297,0.848551,-1.690130,0.806672,-0.485107,0.941827,2.295875,2.139166,0.270856,0.705610,-1.183419,0.778285,-0.422461,-0.282991,-1.585003,-2.292554,0.648599,-0.228000,1.421791
513,3,0.299176,-0.165951,-0.054261,2.980712,-0.231380,1.056441,0.416925,-0.342186,-0.121139,-1.132646,2.366212,0.102342,-1.134469,0.504642,0.367459,0.252937,0.686586,1.192910,0.596911,1.101939,0.038080,-2.074061,-0.363726,-1.284062,-1.093158,-0.161867,0.076321,0.123468,-0.408695,0.396517,1.070310,0.093664
514,3,-0.351213,0.767992,0.696570,1.666634,-1.173349,0.129029,-0.061754,-0.956100,0.264767,-0.027303,0.505876,-1.220480,0.872948,1.093350,2.387305,0.604497,0.485629,0.814775,-1.106988,0.133823,-0.513206,-1.105388,-0.123161,-0.980025,-1.408334,-0.704624,0.399576,-0.459404,-0.115080,0.912126,-0.469581,1.141635
515,0,1.274605,-0.904649,1.150887,-0.782708,-1.254515,0.559329,1.332770,0.167582,2.516814,-0.306378,0.967210,-1.156349,-0.821486,0.355671,-0.794318,-1.351901,0.859089,0.544283,0.118340,-0.271409,2.599022,-0.365452,-1.569180,0.512901,1.644926,0.563346,-0.824308,-0.109211,0.791746,-0.064799,1.326861,-0.659150
516,3,1.029561,0.564647,0.921387,0.456271,-0.088257,0.092109,0.209112,-2.688346,0.476259,-0.923330,1.803824,0.017774,-1.145542,1.875566,0.732021,0.869794,1.106911,0.590194,-0.587044,-1.245434,0.663428,-1.195917,-0.053310,0.205675,-0.105678,-2.797678,-0.718023,-1.196043,-0.250968,-0.237474,0.309369,-1.177614
517,2,0.665439,0.368548,1.711997,0.746206,2.188617,-1.383647,0.417696,0.425022,-0.722264,-0.114658,0.427895,0.256476,-0.489498,0.024288,-0.227815,0.458713,1.588072,-1.131472,0.474711,1.394673,1.536181,-0.757986,-0.876203,0.551200,0.932356,-0.599371,1.343047,-1.280180,-1.241887,-1.195045,0.684074,-0.309483
518,1,-0.510783,-0.007177,-1.693243,-2.078771,-0.817419,0.141010,-1.549781,-1.645218,0.450690,1.114516,-0.597709,-0.965754,0.690929,-0.931295,-0.424784,-1.276264,0.560261,-0.054092,2.023412,-1.377374,-0.350962,0.700176,-0.274857,1.366552,-0.919514,-1.167525,0.666369,1.273168,0.508467,-0.645647,-0.954075,-0.075001
519,3,-2.185556,1.521974,1.669006,0.979243,-1.574093,-0.894300,0.794425,-0.059736,1.539444,0.203786,-0.285981,1.824696,2.075690,0.622229,-0.066190,-0.983421,1.811322,-1.180532,0.150374,2.010286,-0.345649,-0.118124,0.697530,-1.667325,0.754047,-0.831384,-1.436706,-0.752436,1.815832,-0.773789,-1.537481,0.577122
520,3,-0.114355,0.643528,0.488856,-1.096522,0.765543,-0.538570,-0.064465,-0.340143,1.180644,-0.759168,-0.309715,-0.709120,-0.106828,-0.319939,0.600846,-0.703081,0.856237,-0.796444,-2.441532,0.616181,-0.700467,0.557399,1.192641,0.259624,1.251885,-0.687732,1.027510,-1.831447,-0.404339,0.701362,0.796171,0.347312
521,3,0.982552,0.840763,0.611115,0.462401,-0.777585,0.835335,0.510000,0.112089,-1.084777,1.479025,-0.854727,-1.724456,1.407340,-0.115994,-0.100648,0.096297,-0.119514,1.035172,-0.111122,0.300099,0.033013,-0.065038,-0.681265,0.684163,-1.180404,-1.354045,-1.177138,-0.019778,0.520519,-0.345389,2.052517,0.238025
522,2,0.347912,0.496785,1.691018,0.424613,1.291680,0.818456,1.329766,-0.808574,-1.866751,1.556563,-0.637823,0.575701,1.047120,-0.634072,0.500160,0.711933,1.225236,0.212015,-1.542310,1.304013,-0.896725,-1.061559,-1.164699,0.215264,-0.993223,-0.929028,0.212296,0.447822,0.992684,0.117193,0.919061,0.172327
523,1,-0.949842,-0.926392,-0.819743,-0.180888,1.469454,-1.270731,-0.331832,-0.550980,-0.316984,-0.186277,0.721943,-0.642868,0.737342,0.635546,1.956186,-0.231390,1.073081,1.233611,1.014453,0.208364,-1.886720,-0.347374,-0.559753,-0.456845,-0.762736,-1.340756,-0.215431,1.791111,-0.213993,0.437568,1.485632,-0.442759
524,2,0.074957,-0.865107,-0.852952,1.120202,-1.463225,-1.416070,-0.669520,-1.418040,-1.572985,-1.196809,0.681645,1.527058,-0.571069,1.254441,-0.506271,0.415997,-1.081175,0.997414,-0.371294,0.385840,0.087754,-0.726288,0.828082,2.137272,-0.683451,2.541399,0.416195,3.098896,-0.664558,-0.488980,1.285584,0.755514
525,3,-1.071292,0.452053,-0.415095,1.234953,-0.578249,-0.693261,0.493181,-0.704044,-0.119884,0.079073,1.015431,-0.841806,-1.997221,-0.772951,0.493648,-0.481285,0.409640,-0.254696,0.846429,-1.495020,0.582150,1.350680,-0.527888,1.179627,2.039585,1.753965,1.349155,0.818350,2.429512,-1.591176,0.794545,-0.190793
526,2,0.522669,0.552383,0.053331,-0.024666,1.655423,-0.113174,0.700022,-0.390947,-1.549990,1.158483,0.282099,-0.018594,0.594857,0.053769,-0.057913,-0.646707,0.781899,0.439656,1.019778,-1.741792,-0.053285,-0.977424,0.587179,0.462354,-0.824971,0.828687,0.381142,0.026483,-0.860300,-0.118225,0.190126,0.072818
527,0,0.115978,2.026133,-0.820611,-0.380044,0.312439,0.782571,0.711223,0.825733,0.141556,-2.255663,-0.740002,0.184856,-0.972223,0.058551,2.191995,-0.304779,-0.722764,0.204742,0.153140,-0.172290,-0.909616,-0.107213,-0.158922,1.079230,-2.164805,-2.016892,1.368241,-0.358056,0.317483,-1.787422,0.024962,-0.493996
528,1,1.464582,1.777984,0.914474,-0.649859,1.180407,-1.059528,-0.243498,0.835273,-1.082281,0.943566,1.238749,0.310695,0.878660,0.968081,1.768046,0.335730,0.021624,0.043157,1.249429,-0.923308,0.191218,-0.856595,1.145278,-0.178781,0.161356,0.363680,-1.185211,-1.094645,0.925171,2.372982,-0.912705,-0.894671
529,1,1.595928,-0.666241,1.433812,0.619805,0.542396,0.770497,-1.280616,3.174781,1.481309,-1.228959,1.652546,0.989203,-0.587867,-1.085951,-0.531594,-0.850776,0.699268,-0.039934,-0.186742,0.413875,0.685103,1.012472,-0.687900,0.617144,-1.570545,0.612538,1.052115,1.938406,-0.542716,0.489628,0.913611,-0.464338
530,2,0.307241,-0.218470,0.059567,-0.112290,-0.171392,-0.062182,-0.479233,0.078011,-0.392113,0.297958,-0.275033,-0.710086,-0.670838,2.730680,-0.302206,1.325920,-0.815597,-0.190857,-0.241268,0.254760,-0.795427,0.076573,0.590800,1.254929,-0.782094,0.133993,-2.389935,0.124808,-0.341111,0.728805,-0.531966,1.176066
531,1,0.017583,-0.672644,0.729874,0.636838,0.627351,0.463359,-1.370582,-0.109495,1.591132,0.679210,0.238025,1.359907,0.603333,-0.322402,0.092120,-0.925602,1.078308,-0.127292,0.470053,1.683680,-0.560741,1.189668,0.959060,1.122717,0.856188,1.475028,0.063349,-0.863600,0.294633,1.675334,-1.260980,0.899180
532,1,-2.081383,2.166228,0.748559,0.150743,1.739903,0.816040,1.969937,-0.294364,-0.650836,0.534065,0.415447,0.179338,-0.696839,0.524785,-0.094131,-1.717579,0.191845,-0.073722,0.683620,-1.665431,1.372148,0.294480,0.565788,0.341765,-0.678217,-0.545322,0.814291,-0.386233,-1.960074,0.080820,0.222806,0.249501
533,2,0.779136,0.777735,-0.612877,-1.096248,-0.165664,1.290626,-2.288404,-1.388923,0.858525,1.253607,0.091746,2.039753,-0.575876,0.580489,1.088017,-0.862245,0.423118,0.511969,-0.627035,-0.040721,-0.020598,-1.097867,-0.137682,-1.153076,-1.453810,-1.129166,-0.898304,0.117844,-0.952437,-1.002701,1.434426,-0.492008
534,2,1.333717,0.108578,0.518820,-0.109791,1.764826,-0.481243,-2.291620,-0.927381,0.780828,0.549265,0.683708,-0.973261,-0.589226,-1.169418,0.352560,0.394146,1.476149,0.396876,0.483833,-0.134715,-2.287910,-0.025316,0.371538,0.359360,0.677624,-0.526642,1.497959,-0.005609,0.236957,1.349326,0.105683,-0.799339
535,0,0.052747,-0.834614,0.912964,-0.850482,-0.740655,-1.222422,0.126578,0.914665,0.977562,-0.432650,1.565270,-1.249438,-0.080798,0.502336,0.175409,-0.550861,1.019240,0.055905,0.925898,-1.080213,0.785571,1.748554,-0.656183,0.645025,0.346050,-0.867002,0.356848,-0.679442,-1.485294,0.512968,0.512298,-1.366206
536,3,-0.339050,-1.650436,-0.161770,0.540621,0.381189,1.809807,-1.348974,-1.494524,-0.894161,-0.784422,-0.564962,-0.326846,-0.593273,0.832531,-1.953706,-0.499234,-2.114553,-1.260067,1.005906,1.001468,0.040555,0.077029,-1.087969,-0.106722,0.254073,-0.464804,0.727080,1.093101,-0.431726,0.863378,0.158681,-1.314727
537,1,0.282306,0.593763,2.111487,-0.401872,-0.773789,-0.207152,-0.742178,2.588834,-0.849394,1.129300,-1.271837,-0.007867,1.792217,2.347161,-1.417809,-0.156119,0.966900,0.279861,-0.257983,-0.753078,-0.070355,-0.513410,1.420310,-0.025594,0.232595,-0.875463,1.142286,-0.661892,0.834661,-0.755313,-0.552967,0.895780
538,0,-0.920157,-0.542138,0.637774,0.382326,-0.774006,-0.419320,-0.874397,1.890427,-0.365463,-0.415353,-0.369849,-0.086010,1.640845,0.607387,1.255072,0.326073,0.475879,0.510848,-0.657945,1.162616,-0.393239,0.764106,-0.942865,-1.375540,-0.026514,-0.883167,2.469936,-1.477705,0.059676,-0.224450,-2.166745,-0.091721
539,0,-0.230083,0.475143,-0.998579,1.826041,0.234549,-1.071936,-1.128797,0.448252,-1.555868,0.768862,-0.307812,0.218459,-1.453696,-0.041303,2.172638,1.766191,1.204105,-0.263016,0.895945,0.338040,-1.260735,-0.117025,-2.862819,0.483751,0.875403,1.513890,0.700274,0.797085,-1.107400,1.047310,0.656942,0.852821
540,1,0.871774,-0.101144,-0.003493,0.168953,-0.199319,0.784039,0.681349,-0.658888,1.034068,-0.140919,0.133062,-0.150111,-0.238925,-1.255010,-0.447013,-0.128129,1.974625,1.080439,-0.336538,0.184730,1.013174,1.754866,1.852845,0.669217,-0.996826,0.955837,-0.846875,1.616771,0.122880,-0.613770,-0.747304,0.481234
541,2,0.226124,1.142234,-0.922245,0.372056,1.156035,-1.174615,-0.334285,-0.111901,0.671127,-0.214922,-0.616835,1.286539,-0.156000,1.933934,0.682169,0.664005,0.147633,0.941302,1.417147,0.685353,0.620528,-0.298748,0.409412,2.417952,1.309153,0.305447,0.341606,-0.082875,-0.370293,0.047057,0.018305,0.202835
542,1,0.461110,1.484650,-0.310130,0.308236,-0.370786,-0.891888,-0.242198,0.013549,0.607224,-0.919609,1.307072,-0.011961,0.477898,-0.354732,0.090166,-1.219296,0.074649,-0.367589,0.262882,0.290156,1.913196,0.696049,-0.839276,-0.364108,-0.463085,2.042854,-1.313403,0.262383,-1.655517,-2.461245,0.451423,-1.026413
543,3,-1.086740,-0.203866,-0.231045,0.176341,-0.147937,-1.496465,-0.457620,0.133659,0.378195,-1.517188,0.665059,-0.306024,-1.816038,-0.759364,0.154721,-0.539130,-0.882534,-0.778497,0.648711,-0.260393,-0.962166,0.795379,-0.847126,0.629797,-0.126742,0.768575,0.162057,0.455809,0.988948,2.028902,0.038418,0.022441
544,0,0.134522,1.623303,0.420559,0.137847,-1.871441,1.769988,0.899589,-0.479638,1.001202,-0.149952,-0.867825,-0.232305,1.231845,-0.417559,1.126027,1.111577,0.252387,-0.605937,0.674270,0.430208,1.146071,0.225211,-0.059451,0.450902,0.232700,-0.799332,0.308745,-0.011443,-0.841224,0.246604,0.991471,-0.181665
545,0,0.191733,0.531829,1.137826,-0.623715,-0.499202,0.559890,-1.837285,-0.156063,-1.295224,-0.780620,0.672676,-1.684047,-1.352787,0.362282,0.928481,-1.135184,0.614166,-1.021296,0.437904,0.857289,-0.409083,-0.773593,-0.207892,-0.473695,0.818323,-1.716106,0.462554,0.011715,0.626838,-0.366248,-0.090344,0.438148
546,1,-0.063613,0.088027,0.143791,0.684182,0.564594,-1.908834,1.622037,-0.162058,-0.722397,-0.667731,-0.370868,0.990520,1.641347,0.373304,0.834768,0.397803,2.667020,-0.387575,1.245151,-0.115706,0.013141,1.228325,-0.054788,-0.569584,-0.400613,-0.445458,-0.513553,-0.849273,-0.666499,2.707151,-0.651229,0.828609
547,2,0.107419,0.880845,-1.186310,-0.933809,0.042748,0.261017,-0.980798,0.151314,0.709776,1.051766,-0.367718,-0.991084,-0.957061,-0.470877,1.213243,-0.285731,-0.723087,-2.191054,-2.272577,-0.784109,-2.664244,1.192498,-0.613074,-0.750655,0.914227,-0.084297,1.144484,0.452805,0.230154,-0.644392,0.480305,-0.744701
548,1,-0.656179,-0.353103,-0.721008,0.801302,0.342085,0.577388,-0.975155,-2.075022,2.484804,1.598079,-0.609840,-0.752694,-0.631062,0.897343,-0.169174,-0.553421,-1.368252,-0.880089,0.073927,-0.191284,-0.509962,1.610020,-1.349408,-0.619038,0.760019,0.535701,0.927635,-0.118794,-0.642147,0.444796,0.193273,0.005664
549,3,-0.620002,0.426995,0.528682,-0.748145,1.130727,-0.752268,-0.130320,-1.161271,1.923786,-1.242563,-0.154649,0.064899,-0.879211,0.765428,-1.308792,0.020571,0.857774,-1.826460,0.919906,-0.278417,-0.350532,-0.333959,2.387463,-0.659909,-0.866042,-1.379156,1.047108,-1.639363,-0.794229,0.171437,0.082211,1.319799
550,0,0.518646,0.353836,-0.199260,0.558199,0.241348,-0.834436,0.106143,-1.412971,1.116651,0.811198,-0.864514,0.069508,0.857197,0.468842,1.997981,-1.168858,-1.058828,-0.341773,-2.467502,0.732191,-1.233026,-0.943930,0.510166,0.039908,1.044945,-0.367358,-1.049743,2.946149,-1.481408,-0.652444,1.687835,-0.534679
551,3,-1.101962,0.116894,-0.272814,0.785539,1.094297,-0.378810,0.531981,0.234795,1.350642,0.152346,1.514339,-1.137939,-1.199992,-0.296850,0.492700,-0.426557,1.137682,0.814390,0.355899,-0.397735,0.404583,-1.257484,1.851849,0.533415,-0.879520,1.811771,0.417320,0.095242,0.724485,-1.131612,1.370460,-0.885133
552,0,-1.356947,-0.176808,-1.029670,-0.519931,-0.679852,-0.402353,0.915299,0.195690,0.232974,-1.733916,-0.189532,-0.469969,-1.731980,2.420232,-0.076125,-0.646605,-0.610824,0.776723,0.758751,-0.252286,1.041844,-1.096702,-0.319995,-0.939327,0.105342,-0.033102,-0.255371,-0.066817,0.608949,-0.604085,-1.256340,-0.429951
553,3,0.662548,-0.486267,-0.665533,-0.640388,-0.496999,0.905314,0.785768,0.036215,2.326795,-0.078193,0.619978,-0.613265,-0.055725,-0.825561,0.711696,-0.618836,0.346308,0.325900,-1.112154,1.075812,0.482165,-0.080675,0.561085,1.472343,-1.254325,-1.816551,-0.725683,0.179898,1.014263,0.053975,1.188125,-0.177597
554,0,-0.655101,-1.361075,0.265411,0.976617,0.951958,-0.587513,-1.930251,-0.242946,0.147371,-0.650555,0.143758,0.256529,-0.687579,0.482754,-1.139575,0.560302,-0.632428,1.471701,0.511094,0.173387,-1.352892,0.136544,-0.743257,0.609522,-0.008275,1.464424,-1.124331,-1.899977,1.116579,0.358571,-0.422350,2.621268
555,1,0.667033,-1.845318,-0.478598,0.739529,0.973499,-1.443297,-0.848273,-0.452198,-0.494110,1.135173,1.477556,-1.493828,0.354530,-0.828518,1.615269,-0.405209,0.141232,-0.926686,-1.281740,-1.012199,0.530010,0.822304,1.735956,0.701482,1.478755,0.097399,-1.674033,-0.837775,-1.127626,-0.224701,-1.128546,1.031392
556,1,1.449170,1.960990,-1.219806,0.849387,1.007074,-0.418876,2.016974,-0.480053,0.520175,1.155251,0.744554,-0.836198,-1.134082,-1.174520,1.330701,1.048675,-0.417494,-0.486451,1.505446,-1.298156,-1.075904,-1.137480,1.067045,-0.191561,-1.417109,-0.098390,-0.642771,-1.293179,-0.460381,0.619144,-2.501334,-0.957541
557,3,2.325067,0.212160,0.924342,0.815894,-1.521776,0.185495,0.013594,-1.799152,-0.231823,0.164100,0.612573,0.059036,-0.634650,0.845802,0.949543,-0.180719,0.758060,1.405492,-0.782914,0.642855,-1.471443,-0.135787,-1.757128,1.518286,-1.351017,-1.185539,0.444723,0.427847,0.532286,-1.979291,0.525657,0.641737
558,2,0.237849,-0.594717,-1.009649,-0.280868,1.035982,1.141868,0.633867,0.177535,0.345197,1.270579,-1.713645,-0.066994,0.291119,1.106742,-0.392439,-0.970460,0.045306,0.132296,-0.051797,-0.479348,-0.928529,0.395002,1.250288,-0.061078,-1.892466,-0.687158,0.207861,-0.638006,1.166923,0.425317,0.516144,-0.036786
559,3,0.034706,0.056943,0.949869,1.907484,0.491453,-2.711294,-0.549524,0.244347,0.858189,0.172135,-0.598754,-1.351573,0.716247,-2.480073,0.570215,1.977335,-0.988472,-0.831074,0.614011,0.242828,0.861140,-0.782905,-0.244516,-0.041046,-1.254379,1.344654,-0.037494,-1.549967,-0.672620,-1.414092,-0.165892,-0.542521
560,1,-0.833530,0.835320,0.321566,0.116405,-0.486503,0.733986,-1.246792,-0.963318,-0.408241,1.810037,1.712947,-0.482121,1.010525,-0.603788,0.175311,0.415554,-0.089041,0.017584,1.872177,1.615237,1.099417,0.911758,-1.455062,0.299214,0.528480,0.642448,-0.490721,1.748484,0.913408,-0.082499,0.406642,0.036335
561,2,0.580342,-1.723737,0.700753,0.609900,0.613820,0.800777,0.250620,1.501300,0.180272,0.600499,-0.805404,-0.286050,-0.750421,0.638671,-0.686024,-0.534060,-2.379404,-0.619151,0.130627,-0.372616,-1.040329,0.845382,-0.236714,0.052577,-0.607947,0.384656,-0.105401,0.644204,-1.398142,0.221335,1.822016,-0.385489
562,2,0.904575,1.598781,1.288887,-1.066465,0.828604,-0.929039,-1.086764,0.756030,0.150350,0.339968,-1.138976,-0.331072,-0.478098,1.487358,-0.743935,-0.477268,-0.509704,-0.016783,-0.280409,-0.370737,1.275197,-0.780631,0.215995,-0.834301,1.144738,-0.630946,0.510203,1.521338,-0.973576,1.970796,0.024785,-0.929259
563,3,-0.246607,0.539296,-0.166018,2.423099,-0.293194,0.021432,0.814682,0.519430,-0.435092,0.980501,1.691288,0.025445,-0.421721,0.576603,0.277560,-1.383556,1.710040,-1.439719,-0.477950,-2.018260,0.392753,0.130354,0.120876,-0.978636,0.285630,-0.528043,0.314395,-0.546126,0.003013,-0.481093,1.538339,-0.174028
564,2,-0.843420,-0.389544,1.424537,0.590309,1.082448,0.434325,0.735900,0.328597,0.467596,-0.815861,0.398985,-0.500039,-0.001925,-0.092173,-0.455678,0.989312,-0.563151,-0.819291,0.905351,-0.284343,-0.013944,-0.952267,0.594287,-0.059335,0.201021,-0.257471,-0.122036,-0.770755,0.574248,-0.288111,0.988242,1.011890
565,3,-0.231919,1.337459,-1.610851,0.322090,-0.704962,1.153610,-0.218011,0.047429,1.300288,0.160448,-0.986670,-0.219421,-0.214770,-0.325154,-0.929308,-0.355655,-0.260337,0.081213,-1.525187,-0.047592,1.627136,-2.255448,-1.305004,1.837160,0.653906,0.395072,0.076199,-2.604416,-0.396499,-0.530452,1.212342,-1.640564
566,0,1.762697,1.033311,1.178258,-2.235672,1.012502,0.878168,0.538719,-2.597522,0.245944,-0.620197,-1.284696,-0.066491,0.793039,-0.332211,-0.514777,-0.276533,-0.773925,-1.413021,-0.134981,-1.675669,0.977374,-0.543311,-0.526469,-0.006229,2.286690,0.542475,-1.041038,-0.632177,-1.088777,0.837829,-0.096278,-0.264420
567,1,0.686346,0.332029,0.673313,1.205878,1.284285,0.031073,-0.072032,0.366798,-0.909658,2.236269,-1.222416,0.134537,-0.014198,-0.424732,-0.124031,-0.795914,1.031082,0.620113,0.290596,0.398330,-0.660224,-1.018326,-0.432324,-0.204313,-0.330168,0.309276,-0.470358,-0.080473,0.705532,1.225753,0.623311,0.356803
568,0,1.709253,-2.310383,0.267762,0.241788,-0.363257,-0.562911,1.013937,-1.126342,-2.703851,-0.433018,-0.067196,-2.735280,-0.397300,-0.769084,-0.052862,1.463091,0.745307,-1.453671,-2.876830,-1.624792,-1.088425,0.019650,0.193685,-0.192821,-1.414155,0.019662,1.460703,-0.599185,1.165400,-0.459753,-1.055287,-0.141232
569,3,1.506788,0.932361,-0.430177,0.956235,-0.158468,-0.420179,1.146284,-1.819166,-0.200353,0.068950,0.429346,-0.552010,0.762592,0.161439,-1.932062,-1.036742,-1.590603,0.735985,-0.506740,-0.725331,-0.551944,-0.871355,-0.889219,0.069507,-1.376597,0.058863,0.158016,1.657797,-0.772972,1.876448,2.796311,0.678254
570,0,-0.082180,-0.337948,-0.131877,0.352138,-0.933812,-0.004046,-0.577462,-1.241712,-0.710241,0.916184,0.819987,0.328848,-1.349141,-1.774390,0.474963,1.644562,-0.296058,0.756378,0.344066,-0.988375,-0.268428,-1.163919,-0.239870,0.727140,-0.393983,0.399464,0.813475,-0.900944,0.678488,-1.078843,3.137140,0.634473
571,2,0.068228,0.366584,-1.040566,2.324260,-1.296949,-0.301205,0.746992,-1.966006,0.583487,-0.161887,0.622689,0.222057,1.672383,1.568603,0.255197,-0.085612,0.671890,0.534019,-0.196547,-0.084910,-1.930315,0.558794,-0.100191,-1.605825,-0.904221,-1.918876,-1.676799,0.276760,-0.800115,0.062246,-0.661784,-0.416314
572,3,0.324683,-0.803584,0.951674,-0.050412,1.032216,-0.007691,-1.119714,-0.882368,1.102366,0.656671,-2.672551,-1.985182,-0.259731,0.687303,-1.870228,-1.955502,-0.422068,-1.147324,-0.539285,0.118068,0.008061,0.079949,-0.407292,-1.557266,1.761637,0.087103,-1.732806,-0.370658,0.997768,0.596005,-0.612491,-0.551267
573,1,-0.445440,0.170142,0.513775,1.026486,0.041930,-2.134861,1.490561,0.209993,0.550234,-0.232856,-1.185124,-0.167779,0.740835,-0.600053,1.567331,-1.697622,-0.261134,0.530712,-1.236564,-1.649041,-1.304170,0.628295,-0.389764,-0.064279,2.750952,0.197314,0.805728,-0.625954,-0.647062,0.936450,2.104837,-0.504859
574,1,-1.736677,1.554078,0.738774,0.371446,-1.451578,0.360485,-0.663107,2.599546,-0.646358,1.254555,0.498585,-0.872419,-0.882585,1.524020,-1.444200,-0.482023,-0.624017,0.719378,0.487723,-2.529871,0.850963,0.153068,-2.807939,-1.720049,1.092907,1.396082,1.546003,0.194869,1.642699,-0.631264,0.134219,-1.549696
575,3,-0.890001,0.448083,1.552134,1.077736,0.216812,-0.916025,-0.255831,-0.507742,1.486978,-1.534037,-0.502671,0.307446,0.121664,-0.594584,-0.140706,-0.550183,-0.847003,-0.137911,-1.747835,0.304782,0.660469,-1.110985,-0.691647,-1.006016,-0.652423,-1.809312,-0.001761,-0.262128,-0.150069,-0.557807,-1.366832,-0.143952
576,2,0.308978,-0.683741,1.020609,-1.190560,0.971723,0.792180,-2.520169,-0.325509,0.929735,-1.362325,0.219851,0.489106,0.021332,0.430452,-0.257042,0.241821,-0.169695,-0.349926,0.212319,-0.452146,-1.087511,0.716671,0.823342,0.808723,0.032198,0.405948,0.841175,-0.563509,0.860720,0.859776,1.624268,0.412665
577,2,0.025252,-1.537046,-0.996227,0.223045,-0.971007,-1.665089,-1.307392,1.005091,-1.033016,-0.273200,0.788830,0.315728,0.476620,-0.602529,0.558987,-0.961782,1.166443,0.118638,-0.752869,1.654884,-0.417649,0.393936,-0.843156,-0.564815,-0.807421,-0.109174,-0.340468,0.435838,-0.305843,-0.848585,-0.803618,1.099293
578,3,-1.815681,1.168912,-1.318661,1.591168,-2.143723,0.488407,0.020998,0.628106,0.139993,0.769254,-0.915391,1.407841,-1.451648,2.510612,-0.763616,0.002414,-0.898652,-0.116077,-1.318347,0.407408,0.155407,0.323595,1.126465,0.137013,0.576463,0.250488,-0.730331,1.530683,1.317995,0.938303,-1.347700,0.031444
579,0,-0.154844,0.083848,-0.332065,-0.394861,0.226910,0.341312,0.574445,1.218973,2.782669,-0.170679,1.639752,-0.577364,-1.171120,-0.026908,0.708118,-0.628036,-1.056141,0.578014,0.220831,-1.188746,0.362984,0.570412,0.205916,0.350664,0.349284,0.357429,0.824312,0.689163,1.252908,-0.491461,-0.300140,-1.209539
580,1,-0.552066,0.100258,-1.070517,0.555651,-0.533431,1.681210,0.409636,-0.084233,0.175790,-0.504844,1.405172,1.509863,0.945926,0.547555,-0.487213,-1.313980,-0.469439,2.142616,-0.792187,-0.248426,0.383352,1.343971,0.760157,0.055823,1.684557,0.415400,-0.779348,-1.362591,-0.986367,0.705783,2.102279,1.183300
581,1,-0.326499,0.904352,-2.622556,-1.048888,1.562661,1.522501,-0.685488,0.426806,2.538986,0.310845,0.281845,0.962861,-0.833260,-1.997219,-1.860157,0.159804,-1.189309,-1.028601,1.054378,-0.340055,-0.576016,0.757546,1.103288,-1.463386,1.645544,-0.569401,0.199385,0.248016,0.041294,0.430945,-0.882414,-1.076522
582,3,-0.176668,-0.411943,-0.672245,1.024866,-0.189114,0.689850,0.693207,0.907964,0.295989,-0.199815,-1.260582,0.749229,0.244764,-0.336879,-1.567256,-0.333873,-0.006580,-0.491538,0.399741,-0.786481,-0.318066,-0.430897,0.807368,0.607124,-1.399450,-1.187066,0.094137,0.000341,-0.444488,-0.028640,1.683660,-2.233057
583,0,-0.182501,-0.496487,-0.279104,-0.950388,-0.801556,0.337922,-0.394521,-0.164496,0.558667,0.205098,0.913625,-0.033340,-2.212857,1.118618,-1.597973,-1.822015,0.951961,-0.602936,0.249262,0.860466,1.024680,-1.297941,1.511346,0.391323,-1.520584,-0.272688,-1.876515,-0.353137,0.487566,0.198557,-1.057882,-0.896291
584,1,0.633701,0.839398,-0.648119,0.547360,-0.271504,-0.433383,0.465349,-0.418084,0.772620,0.321609,1.194627,-1.122195,-1.392547,0.140827,-1.860119,1.235427,0.058661,-0.694702,0.749075,-1.288182,0.589540,1.096854,0.313508,0.103665,0.743577,-0.359167,-0.383592,1.092442,0.965252,0.376141,-0.061874,0.611174
585,1,0.577908,-1.587928,-0.620913,0.839032,-1.106532,-0.396229,1.237407,-0.438432,2.080104,-0.590416,1.540813,-1.138704,-0.286027,-0.047328,-0.142674,-0.075007,-0.266184,-0.723903,-0.654479,-0.709802,0.005253,-0.481093,-1.081460,0.279523,1.466028,0.577603,-1.204543,-1.005777,-0.095843,0.344395,1.093839,1.013096
586,0,-0.691230,-0.966879,0.814000,0.014888,-0.222794,-0.365995,-0.165423,-0.739937,-0.525982,1.606350,0.907601,-1.268611,0.220805,-0.363985,0.509885,-1.224987,0.998366,0.404070,-0.673063,-0.004888,0.461136,-1.152499,0.865103,-0.362473,-0.529962,-1.356586,1.361845,-0.267805,-0.366655,0.322519,0.120536,1.009316
587,1,-1.386352,0.768948,0.329809,1.104537,-0.419174,0.069878,-1.067981,-0.038620,0.683574,0.773333,0.677913,2.013347,-0.159593,1.353326,0.229142,-0.435030,1.638674,0.760344,0.941723,-0.770296,-1.128478,-0.983927,-1.025698,-0.631726,0.340278,1.871630,1.612176,1.208962,-0.085921,-0.053627,0.287421,1.235497
588,2,-2.039436,0.293009,0.900263,0.488491,-0.496472,-1.309567,0.236490,1.381320,-1.212387,-0.366284,-1.024986,1.569829,-0.806811,0.530430,-1.987429,-0.190092,1.529119,1.271773,-1.196660,1.774810,-0.324916,-0.319347,0.344972,-2.117918,0.041620,0.242748,0.829474,-0.693738,-0.494608,-1.455350,0.062547,1.022567
589,1,1.369034,1.203595,0.793390,0.387515,0.270599,0.741508,-0.906214,2.302641,-0.996568,2.207058,1.050686,1.350441,0.317514,0.650377,-0.380311,-0.634763,-0.866069,1.345919,1.009392,-0.231686,-0.176747,0.769384,-0.545100,-0.812112,0.031419,1.474465,0.431426,1.455540,-0.444474,0.972201,0.126451,0.212960
590,1,-0.371212,2.644894,-1.482120,0.041760,-1.440119,-0.455232,1.020495,-0.435650,0.157546,-1.432733,0.925598,0.529912,1.285949,-0.685344,1.085478,0.394682,-0.588494,-0.340783,1.485672,0.806313,-0.488361,-1.648820,0.256800,0.990247,-0.941664,2.116057,2.793269,0.563479,-0.958852,-0.355435,-1.557127,-0.234774
591,2,-0.166654,-1.287130,-1.666252,-0.556067,-0.612776,0.844822,-0.365144,0.522475,-1.660729,0.142535,0.698877,0.091406,0.060875,-0.575708,0.481954,0.303204,-1.262402,-0.458676,-0.150690,0.023045,-0.352465,-0.152533,-0.124079,-0.436678,0.230502,-1.891402,-1.072526,0.289052,-0.892276,-1.362900,0.213611,0.357409
592,3,-0.015969,-0.987168,-2.181990,0.267965,0.769044,0.161249,0.155475,1.730599,-0.803418,-0.332966,-0.092407,-0.175868,-1.375081,-1.978537,1.659483,-0.285125,-1.321932,-0.121462,1.088349,-0.059913,-0.314141,0.401659,-2.424539,-0.098075,-1.168868,-0.260589,-1.119998,-0.091751,-1.229457,1.132207,-0.904330,1.236974
593,0,1.000207,-2.008458,-0.984174,1.813251,0.286081,-0.740215,0.292425,-0.727587,-1.635050,-0.181877,2.321327,-0.607424,-0.614593,-1.703254,-0.519302,0.550209,-0.234108,-0.505000,0.703279,-0.610774,1.215050,-0.345317,-0.419419,-0.447939,-0.298228,-0.812110,-1.911000,-1.794729,2.147834,-0.023380,0.706903,-0.666691
594,1,-0.406759,2.410990,0.276533,1.011989,0.078638,1.138660,1.173728,0.479680,-1.495240,1.099806,-0.794931,-1.039916,0.316708,1.970978,-0.937871,-2.147084,0.866281,-0.062741,-0.721452,-1.955200,-0.426544,1.609315,1.360290,1.830196,-0.289976,-1.027285,1.172251,-0.221165,-0.949010,2.255628,-0.023608,-1.227289
595,3,1.223197,-0.445286,0.686407,0.330734,0.074073,-0.352168,1.331524,0.476433,-0.076648,1.720625,1.619514,-1.137422,-1.344075,0.265171,-0.418393,-0.562762,-0.940532,1.556317,1.529092,0.238567,-0.312851,0.265732,-0.001152,0.157490,-1.527803,-1.027527,-0.395016,-0.087806,1.208285,-0.089755,-0.172766,1.103176
596,1,0.243013,0.519537,-1.010004,1.239037,-1.176243,-0.181288,-0.288899,-1.777296,-0.027956,-0.713329,0.528477,-0.272625,0.610583,0.618190,-0.500792,0.317415,-0.877156,0.344847,0.522291,0.858224,0.955261,1.286965,-0.282091,1.072086,-0.644919,-0.733351,0.510049,-0.136095,0.710022,1.061749,0.289849,-1.571486
597,2,-1.374894,-1.463766,0.659160,0.613906,1.494880,-0.473826,-0.709712,0.854631,0.840251,-1.311826,0.201459,0.056840,-1.249123,0.471185,0.025682,-0.915354,0.027656,-0.628283,1.895502,-0.100764,-2.612966,1.458129,-0.903398,-0.003612,0.272740,0.166776,2.020567,-0.100953,-0.962698,0.071350,-0.190862,0.941445
598,1,-0.252570,-0.314081,0.122280,-2.464246,2.620525,0.034924,-0.642245,-0.382373,0.505472,-0.701927,1.147820,0.215428,1.209565,-0.193497,2.254250,-0.215073,-1.098651,-0.062582,-0.704874,-0.450737,0.439012,0.440233,-1.185557,-0.477414,0.904985,-0.893238,-0.136142,0.547955,0.724094,1.247595,0.817304,-0.295043
599,3,-1.032358,-0.474862,1.302775,0.009386,0.098470,0.833585,0.169775,0.425124,0.077602,-0.361156,-0.926014,-1.158089,-0.114277,-0.686384,-1.744615,1.014730,-0.549531,0.196825,-1.451159,-0.017652,0.793897,-1.358993,-1.254515,-0.417938,1.389854,0.500087,-0.847493,-1.039863,-0.227705,-0.514660,-0.420202,-0.566384
600,2,-0.179207,-0.584735,0.667192,-0.204636,-0.174711,1.184259,0.072628,0.502662,-0.445139,-1.082221,-2.433095,-0.516262,-0.090774,0.505474,0.148881,-0.731126,-0.507746,0.512137,0.568448,-1.779566,-2.592865,-0.167056,0.987745,1.266716,-0.238255,0.284535,-1.907138,2.766842,-0.030596,-0.280505,0.454685,1.612308
601,3,0.161842,-0.595919,0.883709,-0.915395,1.788919,-1.203334,1.599212,1.596302,0.850144,-0.429562,-0.358521,-1.384433,-0.089648,0.512758,-0.310880,0.182354,0.142623,-0.782345,-3.501753,1.296353,-0.218804,-0.889564,0.018011,0.257181,0.404877,0.983214,1.464371,0.087051,-0.627075,-0.951989,-2.036132,-0.008085
602,2,-0.026789,-0.828762,1.406928,1.197654,0.933330,0.640060,0.773777,0.043093,0.690215,-0.546786,0.181419,0.302152,-0.966514,-0.426250,-1.046411,0.167124,-0.409353,-0.543163,-0.508858,1.133587,0.788576,-0.567179,-0.298168,0.778767,1.114333,-1.046445,-1.035797,-1.495718,1.215113,0.612689,-0.787902,0.046147
603,2,-1.479786,1.529940,0.981853,-0.582573,0.998845,-2.113390,0.105734,0.285366,-1.354760,0.618705,0.251028,-1.073179,0.023801,1.109299,-0.415310,0.046740,-1.177898,-0.770896,-2.167879,-0.373577,0.903759,-0.436752,0.043409,0.314353,-0.041658,-1.490425,0.769872,-0.568264,-0.030695,0.223618,1.406288,-1.091878
604,1,-1.071413,-0.359769,-1.203513,-1.858466,1.405659,0.617226,-0.208502,0.260008,1.032696,2.443347,-0.567152,-0.561592,0.243148,-0.298771,-0.883288,0.042757,-0.926916,0.144018,-0.165135,0.767278,0.483474,1.952695,0.907021,-0.922224,0.129384,0.214329,0.278224,-0.492800,-0.949962,0.962757,-1.490988,-1.017603
605,0,0.632444,-1.850325,-0.310033,-0.210304,0.365791,0.219170,0.864142,-0.025714,-0.049124,0.398330,-0.920403,-0.021317,-1.716118,1.067476,0.442954,-0.402361,1.221624,-0.253163,0.615886,2.713715,0.330508,-0.376068,1.837874,-0.073188,0.221557,2.855890,-1.636908,-1.703472,0.696673,0.597547,-1.925951,-1.137997
606,0,1.910801,-0.170847,1.021455,0.656409,-0.847245,0.292605,1.321726,0.679719,1.080622,0.046530,-0.308680,1.403961,0.008898,-0.563042,0.205369,0.448325,0.722048,0.064712,0.056360,-1.944270,0.765228,-1.351586,0.304897,-1.157569,-0.244886,-0.563599,0.162328,0.772075,0.147058,-0.549620,-0.514964,0.417978
607,2,0.128116,0.712426,0.474754,0.285097,-0.499651,-0.771705,1.141842,-1.571155,0.469642,0.532150,0.821093,0.338415,-0.268707,-1.047850,0.073128,-1.204542,0.160375,-0.966197,1.126151,-0.683614,-0.129625,1.197202,-0.521486,1.378860,-0.481480,-0.153486,-0.114903,0.452188,-0.395694,-1.503048,-0.889621,1.735934
608,2,-0.852947,-1.250094,1.591055,-0.696353,0.112887,-0.169050,-0.206176,-0.117366,-0.631557,0.444124,0.533477,-0.845664,-1.690454,0.131040,0.170604,-0.058454,-1.113653,0.471526,0.362721,-1.508812,-0.286706,-0.113503,-0.414660,0.333946,0.685681,0.256538,-0.938046,0.591084,-1.115535,1.761275,0.403214,0.129092
609,2,-0.253683,0.549562,-0.071435,-0.325749,-1.852121,0.163386,-0.222754,1.782614,-1.212452,0.278038,1.033741,-0.440067,-0.155126,0.233318,1.759085,1.396589,-0.498661,0.441114,-1.093256,0.509319,-0.242413,0.038021,0.396144,2.381220,-1.420293,0.188283,0.303458,-0.696203,0.516736,0.645539,-0.631643,-0.268238
610,0,-0.893893,0.344683,-1.939967,-1.059337,0.066320,-0.229914,-1.861948,1.085562,0.499581,1.129637,-0.292368,1.588167,-1.023113,-1.228664,-0.968747,-1.935631,-0.599144,2.103094,0.517931,0.844583,-0.489045,-0.426023,0.672309,0.515789,1.373628,-0.588516,1.156592,-0.288861,-1.589754,-0.833404,-0.811474,-0.032622
611,3,-0.556207,3.098864,0.149774,0.988268,0.588573,-0.608550,2.372134,0.036077,0.738316,1.616371,0.259894,-0.276788,0.508428,0.470699,-0.758508,-0.937521,0.292431,-0.411082,-0.151136,0.321266,1.171782,0.117891,1.734815,0.796556,1.142190,1.462931,-2.681278,0.731705,0.263557,-1.267904,1.197511,-0.851672
612,3,0.522412,-0.962968,-0.637542,-0.511960,-0.520158,-0.401503,-0.868031,-0.334100,-0.426440,-0.416726,-0.195966,-0.562546,-0.577492,0.216249,-0.107255,-0.194388,0.861268,0.709809,-1.170262,0.548406,-0.023491,0.247352,-1.487147,-0.320014,-0.501209,0.242312,0.540359,-1.704805,-1.935126,-1.523504,0.761073,-1.061991
613,2,1.427652,1.607373,1.690836,0.706399,-0.089696,-2.384283,-1.501913,3.902246,-0.111315,-0.544310,-1.126899,-0.845173,-1.025057,2.111527,1.102746,-0.137871,1.043926,-0.582971,-0.443177,0.105269,-0.877905,-0.763760,0.063437,-0.836859,-0.064860,1.108621,-1.606567,0.321331,-1.031919,2.988234,0.705858,0.331447
614,1,0.904673,1.079587,-0.838698,1.078762,0.222607,1.035886,-0.738831,1.184958,0.542018,-2.176116,-0.220462,-1.348574,-0.801274,-0.240738,1.184002,-1.217175,0.607879,0.354392,0.129975,1.602444,-0.282193,-1.854197,0.766735,0.511127,0.651608,-1.448345,0.514461,-1.651194,-1.851636,0.951979,-0.424571,0.277069
615,3,0.946838,-0.837215,0.400624,0.286157,0.449765,-1.461164,-1.179669,-1.361365,0.909283,0.323916,-0.376279,-1.773482,0.168995,-0.426882,-0.108649,-1.762602,-1.614293,0.522124,-0.207613,-0.118799,0.662030,-0.621854,-1.187761,0.252780,-1.209680,1.052672,-1.005973,0.000105,0.698003,0.101118,-0.519153,-2.163397
616,2,0.421623,-0.956664,0.538607,0.862777,0.838408,2.189756,1.105821,0.731845,-0.188874,0.116316,-0.570059,-1.851152,-2.382071,-0.987016,1.204850,0.746289,0.258948,1.145265,0.267931,-1.151522,1.709665,0.114008,0.282286,0.613982,0.081044,-1.213360,-0.816870,-1.114466,-1.352789,0.612779,-0.021472,1.819488
617,3,1.213478,1.138063,0.338914,0.229428,1.076827,-0.282531,0.658730,0.195521,-1.074055,-1.921169,1.389948,-1.562668,-1.499025,1.574434,-0.657761,0.627803,1.767675,-0.196941,0.015915,1.432949,-1.217292,-2.039776,-0.949867,2.458972,0.376192,-1.073048,1.231913,1.989736,-0.240661,-1.370013,0.495898,-1.060501
618,1,-0.786031,2.140901,0.531576,2.994104,-1.660743,-1.485892,-0.579300,-0.191960,0.222280,-1.455668,-0.747973,0.121559,-0.049961,-1.286342,-0.468980,-0.469965,0.791259,0.851452,0.317144,-2.084078,-1.207709,-0.706537,0.410360,-0.418209,-0.057330,-1.032055,-0.174035,0.687799,-0.872942,0.384696,-1.562320,0.084586
619,1,-0.243328,2.089958,2.074149,0.301472,-0.404490,-0.076252,-0.535972,1.675318,-0.337288,-0.121784,-0.533473,-0.173676,-0.724562,-1.691365,0.847378,-0.417144,-0.359958,-0.638338,0.786883,-0.622530,-0.069703,0.965057,-0.528449,0.153471,-0.827516,0.602677,1.151245,-0.086387,-0.024176,-1.331191,0.049962,-1.588495
620,3,1.303300,-1.619726,1.531434,1.399015,0.821598,0.776917,0.365443,1.765082,0.621135,-1.199717,-0.140630,1.289892,-0.864383,0.169468,-0.736295,0.039225,-1.070206,0.208166,0.338772,-0.686523,-0.073963,0.150696,1.938467,-1.110074,-0.882732,1.860643,0.384762,0.127939,0.833982,0.388074,0.845149,1.616001
621,0,-0.654850,0.931129,-0.876121,1.070171,0.451518,0.133388,-0.938777,1.022431,-0.591186,0.295061,0.460029,0.084806,-0.220359,1.123203,-1.363266,0.096007,-0.567264,0.418163,-0.844330,1.269652,0.794926,0.799209,-1.478498,0.322362,-0.353964,-1.327194,1.695087,0.209543,-2.306170,0.373605,0.916228,-0.775294
622,1,0.067854,1.001625,-0.131763,-0.296256,0.438540,-0.503467,0.416830,0.145151,-0.415869,0.371924,-0.126971,0.314785,1.014163,0.371396,-0.660513,-0.384337,0.124073,0.340650,-0.426695,0.739854,-1.184220,0.921072,-0.531301,-1.574718,-0.696833,-1.492924,-0.864686,1.490066,0.430217,0.149604,-0.528912,0.806927
623,1,-0.914907,0.118661,0.473078,-1.462243,0.357044,1.160191,1.140067,0.463796,0.914183,-0.985320,0.155280,-0.872360,-0.078036,0.238397,1.154229,0.180383,-0.578052,0.112624,0.196957,-1.513090,-0.981670,1.060869,-0.502783,-0.275836,-0.840675,2.660706,-0.894989,-1.449093,0.402127,0.027635,-1.027024,-0.060744
624,2,0.580778,1.141614,1.312513,-0.515831,-0.500654,1.854530,-1.104455,-1.930838,0.182624,-0.250019,0.016384,-1.014490,-0.924083,-0.968893,0.008654,0.583233,0.760624,-0.248701,-1.136725,-0.135823,0.949637,0.745653,-2.678218,-0.502457,-0.256886,1.699408,-1.537991,-0.062998,1.572340,-1.133630,0.019942,-0.290556
625,3,-0.612736,0.423057,-0.530031,2.289611,1.980129,0.809762,0.563311,-0.112389,-1.368155,0.795276,0.284638,1.006242,0.085320,-0.212456,0.609725,0.050923,-0.130473,0.614469,0.823678,0.057693,1.197834,0.939544,0.240835,0.811491,-1.555660,0.504635,2.230248,-0.671622,-0.453536,1.623656,-0.281881,-0.732389
626,3,0.036250,0.593588,-1.038364,0.491011,-0.301507,0.569725,0.974434,-0.080118,0.307851,0.958554,0.144909,2.076132,-1.514639,-1.083465,-0.078928,-0.670246,1.161583,-0.191214,0.865453,1.396068,-0.969875,-0.871747,1.185680,-0.673773,-0.082912,-1.104575,0.886158,-1.346843,-2.537361,0.756637,-0.936366,1.860533
627,1,0.295080,0.202793,-1.620384,0.253943,-1.081582,-0.059730,-1.462679,1.121983,-1.512449,-0.704374,-0.130961,-1.605641,-0.173373,0.933854,-0.292550,0.899826,-0.830231,-1.122827,-0.634967,-0.002828,0.636689,-1.110293,0.300140,0.116100,-0.648014,-0.636453,0.485925,-1.248265,0.299833,1.294145,0.054327,-0.439504
628,2,2.158940,0.727252,0.648420,0.232382,0.102260,0.474653,-0.221961,0.809088,-0.318328,2.618361,-0.683058,-0.736824,0.009683,-1.715947,-1.072164,0.356557,-1.028059,1.998652,-0.513243,-1.111574,-0.021889,-0.398566,-0.540974,1.288852,-0.381648,0.326403,-0.098911,0.613133,2.046001,-0.268090,-0.081365,-0.279259
629,2,0.294033,-1.825591,-0.415279,-2.219823,0.811537,-0.055573,-0.500832,0.947472,-0.161333,1.231759,-0.967554,-1.302683,-0.575942,0.249634,-0.777746,0.033081,1.110584,0.010581,1.971506,0.262073,1.651049,0.237363,-2.684959,-0.269998,-2.496950,-0.939207,-0.004682,0.458294,0.803370,1.617686,0.061349,-1.367550
630,3,1.223868,0.136569,-0.546841,0.848051,0.987050,0.210785,-1.543771,-0.103360,1.606876,1.314359,1.255730,0.111786,-4.494117,0.310406,-0.331443,0.792184,0.485859,0.429665,0.079394,0.216402,-0.104468,-0.952755,-2.033864,-1.043638,0.366423,0.315406,0.250495,0.236619,1.419463,1.134156,-2.308994,-0.997370
631,0,0.846959,1.031655,0.428002,-0.134288,0.109897,0.034724,-0.603785,-0.913239,0.159595,2.727698,-0.003305,0.019763,2.341288,1.187796,-1.415585,0.071530,-1.658832,-0.166020,-0.385817,-1.050103,1.725193,0.835053,-0.539278,-0.963690,-0.098272,-1.156632,-0.358686,0.666994,0.103202,-0.007620,0.757703,-1.706986
632,1,0.407194,0.334837,0.172831,-1.854177,-1.235680,-0.116661,2.590341,-1.497802,-0.485620,3.264347,0.205882,1.008230,-0.224429,1.779270,0.469946,0.473958,1.175536,-0.503478,-0.120370,-1.107351,1.380313,-2.337746,-0.185068,-0.926100,-0.232815,0.553780,0.639082,0.914678,-1.604932,-1.351435,0.829530,-0.382574
633,2,0.482066,-0.081148,2.329681,-0.660723,1.084933,-0.785685,0.481165,0.935394,0.020719,-0.915205,-0.740140,-0.256791,-1.228712,0.007623,0.047656,-0.386433,0.996104,-1.441970,-0.189733,0.409661,-1.720246,1.289046,-1.373292,0.551879,-0.479128,-0.310548,0.657483,-2.055333,0.112065,1.516351,-3.185741,-0.662759
634,0,1.834729,-0.543111,-0.094059,0.043603,-0.116324,1.430374,1.250853,2.093775,-0.461149,-0.781901,-0.563376,-0.518901,2.424800,0.488079,-0.512725,-1.505337,0.641920,-1.383936,1.200390,-0.421075,1.145490,0.078463,0.557920,1.689144,-0.275412,-0.252379,-0.208645,-0.818678,0.235603,-0.148372,-1.164781,-1.424668
635,1,-0.434277,1.459549,1.479686,0.523806,1.248326,1.593513,-1.649198,0.507207,0.736049,-0.737726,-0.044488,2.568938,0.272594,-1.351553,-0.143138,-1.826914,0.627924,2.379709,0.200919,0.580530,-0.394713,-0.251181,0.833932,-0.247170,-0.535071,-0.357293,-0.625875,1.070227,-0.529933,-0.258922,0.906573,0.922418
636,3,0.926021,-0.521769,0.396965,-0.593384,-1.121133,-1.068410,2.031373,-1.379658,-0.197554,-0.280906,0.654277,-0.335323,-0.249301,0.912287,1.326337,1.263896,1.097076,0.585367,-0.776254,-0.704569,-1.485710,-0.269989,-1.334912,-0.114572,0.583948,0.201210,1.218633,-0.950688,-0.105671,-0.445572,-0.017773,0.867953
637,0,0.584449,0.970218,0.537411,1.197273,0.346401,-0.417425,-1.065068,1.943274,0.600095,-1.463187,-1.401822,-0.103640,-0.334559,0.648039,-0.543143,0.877160,-0.096842,-2.286523,-1.448624,0.581661,-0.094768,-1.471954,1.063399,1.281608,1.168973,1.058366,0.297617,0.551623,0.108623,-1.268881,-0.881618,-0.365208
638,3,-0.863585,-0.541307,-0.263621,0.726490,-1.184630,-0.527892,1.046626,-1.312660,-0.205856,0.013586,-0.891974,-0.749660,-0.865204,-0.085452,0.162772,0.724544,-1.557937,1.307337,0.902576,0.646070,-0.448341,-0.210219,1.208144,-0.104502,-0.631016,-1.690212,-0.604470,-1.949024,-0.935436,0.293369,0.919829,0.225186
639,3,-1.236432,1.178986,-1.331587,0.907660,-0.815639,0.394160,1.853483,-0.584575,-0.209416,0.580846,-0.326374,-0.789146,1.192621,-0.710944,-0.173646,0.205015,-0.464580,-0.196034,0.517469,-0.956613,-0.319206,-1.462328,1.542845,-0.349462,1.365783,1.399007,-1.626174,-0.307048,0.572215,2.298080,1.360541,0.068082
640,0,1.972002,-1.269705,0.346808,-1.183347,-1.049054,1.255294,-0.302566,0.266284,-0.732733,-0.475461,-0.884650,-0.559036,0.405701,1.276544,0.224518,-1.047732,-1.181825,1.490165,1.246400,0.804926,-1.045735,1.087658,-0.274897,2.266796,1.418411,1.962573,0.228032,-0.422956,0.986067,2.373058,-0.710593,0.350536
641,2,0.106324,-1.780465,0.075837,0.150385,-0.271108,0.566619,-0.041777,-0.514162,-1.077895,-0.863513,-1.072482,1.351872,0.704644,0.589857,-1.221606,0.691767,-1.726766,0.327126,-1.356299,-1.199515,0.818124,0.709737,0.268058,1.566297,-0.616886,0.911355,-0.065713,-0.466172,0.607538,0.836313,-0.857010,2.482745
642,1,0.733772,0.498565,-0.835334,-0.412822,0.621279,-1.358924,-2.202212,-1.144376,3.118372,0.004522,0.813032,-0.366061,1.691755,-1.981075,-1.284544,-0.438304,-0.846709,0.094710,-0.235310,-1.900260,0.108091,1.110382,-1.028379,-0.999218,1.294232,-0.957457,-0.429800,-2.270257,0.493882,-0.539239,0.621666,-0.067542
643,1,-1.246790,0.601962,-1.077908,0.745133,1.301224,-0.616959,-0.163463,-0.803411,0.409135,0.348169,-0.219321,-0.591154,1.274663,0.415177,0.118044,0.194870,0.203991,-0.049380,-0.572095,1.667053,-1.021980,-1.166435,-0.681390,0.245412,0.630645,-0.445353,0.018830,-0.333865,0.388439,-1.749272,1.882570,0.277822
644,2,-0.263332,-1.143009,1.568416,0.355320,-0.741927,0.623374,0.941802,1.802118,0.528240,-0.615174,0.996303,0.138604,0.719732,-0.855456,-0.011105,-1.599418,1.275995,-0.992528,-0.046896,-1.011199,1.414639,-0.876103,1.120432,1.443905,1.335356,-0.653425,0.233870,1.780007,0.237854,0.609273,-0.667088,-0.285453
645,3,0.166380,-1.037352,-0.194287,-0.210260,0.150564,-1.894539,0.725340,2.097332,1.586808,0.544678,-0.662656,1.012795,-0.777483,0.583122,1.646248,-1.358595,-0.282551,-1.853841,-0.935281,1.116533,0.412556,0.469349,-1.877191,-0.948589,-0.252755,0.431388,0.256073,-0.218653,0.905667,-0.106947,0.932597,-0.271774
646,3,-1.909765,2.003356,-0.588235,1.084493,0.593918,-0.056104,-0.592722,-1.310196,0.605207,-0.455960,0.463075,0.616744,0.511365,-0.724005,-0.880603,-0.033226,0.669982,0.467183,-0.370029,-0.505591,-0.602794,0.263304,0.916560,1.129474,-1.731477,0.633219,-1.458458,0.621263,-1.300733,0.627665,1.657991,-2.311789
647,0,1.319322,1.779628,-1.110271,0.767929,0.277132,1.583048,0.309577,-1.254976,-0.355651,0.523901,-0.634014,0.000337,-0.750382,0.441229,-0.851278,-0.761481,-0.624944,-0.092911,1.849224,1.300110,-0.445536,0.159002,-1.531822,0.535512,1.557109,-0.551928,1.605510,-0.488879,-0.295256,-1.312235,-0.777859,0.123967
648,0,1.110214,-0.815275,1.552394,0.001143,1.260421,0.656195,0.986731,1.328925,0.768815,1.276260,0.455148,1.155439,0.446449,-1.719918,0.614067,0.601811,-0.950567,-0.768735,0.161615,1.121102,-1.497206,0.194805,1.075890,0.960318,0.445406,-0.003523,-1.512898,-0.891003,0.474292,-0.437084,1.398490,0.724985
649,2,-0.398376,0.075659,-0.528034,0.335589,-0.417169,1.345141,-2.583091,-0.050570,-0.904712,2.546559,0.393315,-2.450177,-0.267588,0.386808,-0.121843,0.236378,0.407539,-0.746221,-1.201493,0.727645,1.914744,0.055136,-0.151770,-0.035746,1.091069,-1.755550,0.605217,-3.250958,1.138906,-0.897998,0.922222,-0.119341
650,0,0.721519,0.575092,-0.816311,-1.396735,0.951344,-0.442041,2.259396,-0.496503,-0.270303,-0.969898,0.724426,1.625664,-0.495189,-1.534837,-0.952064,-2.261699,2.842680,0.416988,0.742218,-2.007607,0.823533,0.244979,-0.583990,1.304794,-0.199819,0.806485,2.157180,-1.269185,3.389239,1.378858,0.303866,-0.589753
651,1,-1.089111,-1.272291,-0.592344,-1.995195,-0.368925,2.423562,-0.608870,-0.864236,-0.544864,0.294126,2.169985,1.785860,-0.404362,1.557871,1.493703,0.215238,-0.197149,1.088178,-0.284238,1.289903,0.897871,0.191613,0.684199,-0.904521,-1.001464,-0.197535,0.742253,-1.183147,-1.632373,-1.888963,-1.796192,-0.175429
652,2,-0.576351,0.552437,1.810711,1.667009,-0.702033,1.353720,0.602576,0.080777,0.465801,-2.220488,-0.005065,-1.284551,-0.199920,0.208700,1.338364,1.235577,-0.018999,-0.119672,-1.232752,0.192834,-0.479302,1.008463,1.694527,-0.407853,0.757551,-2.994889,1.142058,-0.246590,1.623931,0.460413,-0.346559,-1.081730
653,0,0.474940,-1.324175,0.750277,0.572489,-0.276251,1.572311,-0.206389,-0.191075,-2.381417,0.564354,0.064440,-0.413925,-0.328958,0.142055,-0.301513,-1.533494,-0.689980,0.312394,0.742829,-0.459698,0.138626,-0.888212,1.220425,0.883822,-0.083223,0.452442,-2.921370,0.504282,0.269819,-0.387232,-2.018698,0.890953
654,3,-0.426785,1.038161,1.267712,1.079197,0.032800,-0.602370,-1.146379,-0.200052,-1.815362,-0.415901,-0.272735,0.477937,0.727033,0.685640,-2.584522,-0.626403,-1.400999,0.033229,-1.892410,0.705689,2.414618,-0.078383,1.688198,0.556945,1.553715,0.067573,1.023401,-1.196930,-0.155386,0.975901,0.785671,-0.150574
655,2,-0.817938,-1.136071,0.057820,0.227534,0.062248,-0.154015,0.189579,0.031747,0.095408,-0.916937,0.208920,-0.925700,-0.905038,-0.139134,1.263136,0.409530,-1.153658,-0.953270,0.238925,0.250275,-0.743552,2.108889,0.045400,-0.238323,-2.389025,-1.337803,0.122585,0.597622,0.612464,-0.403504,-1.224927,0.454452
656,0,1.046191,-0.742132,0.872533,-1.236403,0.396259,-0.887221,-0.504498,-1.046216,-0.599317,-1.101305,-0.422132,-1.322503,1.651369,1.329390,-0.058970,-0.130007,-1.127150,-1.309321,0.783638,-1.297689,-0.612085,0.579879,-1.086036,-0.643601,-1.246538,0.443855,-0.881337,-0.653952,1.297364,1.759932,-0.810403,-1.139963
657,1,0.111729,0.689746,-0.197534,0.808243,0.397869,1.769871,1.145291,-0.131387,0.331302,1.593996,-0.417909,2.170581,0.289381,-0.076499,0.608809,0.751216,0.571355,1.149004,-0.135266,0.413370,-0.810001,0.522558,0.499962,1.219238,0.013269,2.561100,-0.237913,-0.124912,-1.126762,1.235221,-0.091667,-0.082172
658,2,0.118761,-0.202768,-0.088204,0.035800,-1.067041,0.416917,-0.064351,-0.612417,0.279667,0.411489,-0.203540,0.765670,1.333603,0.779763,0.518312,-1.992392,-0.275311,1.504116,0.076747,-0.452584,0.135609,-0.410418,0.480899,-0.178114,1.339994,-0.680665,-1.207292,1.468257,-0.994265,0.542591,-1.160002,-0.561261
659,1,-1.198302,-0.221745,-1.422776,0.256568,0.238134,0.630613,0.702016,1.740702,-0.314103,-0.273659,0.467257,-0.200941,1.029037,-0.498045,-0.247130,1.124809,-1.541377,0.091618,1.455740,-1.509139,0.875526,-0.844492,0.466287,1.035197,1.313947,-1.695956,-1.964573,-1.397962,0.238509,-0.965574,0.279028,-0.097313
660,2,0.053786,-0.331290,-0.040022,0.780722,-0.471979,-0.840850,1.867143,0.359210,0.251602,0.336633,-0.675253,-0.632656,0.378877,1.009568,0.336308,-0.080574,-0.443791,-0.144519,0.251381,0.563177,-0.129974,-0.539918,0.011570,-0.957786,0.249992,1.611131,0.622114,0.932733,0.182292,0.089942,0.150421,0.549595
661,3,-0.127112,0.097071,-0.115000,0.130011,0.527018,-0.424282,-0.878170,1.100605,-0.143644,-1.791112,-0.030902,-0.439135,0.810562,-0.671017,0.167055,2.174948,0.685625,-0.373737,-1.023704,0.376624,2.176358,-0.789615,0.253312,-1.594078,0.541440,-1.611033,0.556581,0.827136,1.153505,-0.307411,-1.636335,1.027095
662,1,2.396852,-0.263990,0.525664,-1.234818,0.062645,-2.461238,0.098359,-0.266514,-1.307826,0.243311,0.988154,-1.030141,0.063618,-1.290899,-0.041737,-0.960018,0.141243,-0.478881,1.710079,0.693448,-1.170085,0.953356,-0.840393,0.648948,-0.938822,1.371749,1.379226,-0.546362,0.908183,-0.591218,-1.166848,1.367247
663,0,0.389866,0.621134,1.114112,0.631926,0.889229,-0.824000,0.379867,-1.306862,1.169234,-0.632579,0.024924,-0.233450,-0.283656,-1.014347,0.969837,1.454738,0.790889,0.768827,-0.347035,1.788297,-0.599647,-1.908143,0.376866,-1.361562,-0.170810,-0.178792,0.277119,1.041451,-1.217663,-0.877923,1.478165,0.713121
664,1,0.515862,0.304906,0.540460,-1.562247,-0.088861,-0.175127,0.602895,0.717792,-0.774371,-0.602879,0.251276,-1.213022,-1.999076,-0.080725,0.935464,0.296937,0.049426,1.952298,0.390251,1.782543,0.981751,1.571020,-0.914486,0.826402,-1.657353,-0.421155,-1.875389,-1.033887,-1.080397,0.861979,-0.119613,-0.068276
665,2,1.131706,-1.071087,-0.205862,-0.027239,-0.544055,-0.220671,0.360560,0.710026,0.673067,-1.451520,0.003489,-0.765473,-1.042527,3.105179,-1.154180,-0.429768,1.462919,-0.586132,1.925353,1.427648,1.146981,1.027133,1.155899,-1.582504,-0.376116,0.200205,1.728866,0.013577,-0.380922,-0.902002,0.165786,-0.502105
666,2,-0.670196,-0.242822,0.660667,0.155029,-0.101012,-0.297010,2.057210,0.056428,0.307534,1.237475,-2.315459,-0.563661,-0.299253,0.378378,-0.799586,0.106283,0.421551,-1.209098,-0.521307,1.510557,-0.465797,-0.229529,-0.550890,0.370563,-0.840574,0.944463,0.015332,-0.725449,-0.813117,-0.474089,-1.682926,-0.572481
667,0,0.525981,-0.307394,-0.644719,-0.980832,0.223020,0.660711,-0.460520,0.441764,1.153271,-0.668720,-0.061228,0.731013,-1.380049,-0.306506,0.685141,-0.727321,1.201922,-0.410487,0.182259,-1.048108,0.288756,-1.010928,-0.539198,0.277831,1.962976,-1.010099,-0.485142,-0.085859,-1.532688,0.862983,0.608235,-2.165503
668,2,0.451543,-1.790483,0.850444,0.985770,-1.225113,-0.293865,-0.746261,-2.158276,-1.666923,0.218124,-0.962065,0.477374,0.948289,-0.788764,-0.055506,1.665229,-0.489720,-0.134217,0.556613,-0.054073,2.533045,-0.157100,1.187916,-1.541347,-0.675544,-0.046423,1.004783,-0.273852,0.407470,0.170374,0.139806,-0.776375
669,0,1.331182,2.087078,-0.636655,0.121499,-2.208611,-0.878145,0.969646,-0.470995,-0.960157,1.139318,-0.221865,-0.400207,0.769621,0.593904,-1.347348,0.649292,-2.486409,1.233650,-1.512657,0.878877,0.105164,0.606223,1.006726,0.826348,-0.775825,-1.086115,-0.023357,2.045313,-0.905001,0.041775,0.599324,1.016798
670,2,-1.969795,1.257459,-0.652563,0.316785,-1.544726,-1.407858,0.583263,-1.489835,0.443680,-0.148830,0.719646,1.233098,-0.253618,0.832864,-2.354593,-0.663921,0.821502,0.815679,0.341442,-0.167015,1.121405,0.105073,0.230926,0.304674,0.249388,0.335188,-1.559223,0.719627,0.106796,-1.896293,-0.436383,0.913350
671,3,1.746984,0.075435,-1.396523,1.488203,1.277745,0.076135,-0.421077,-0.208248,0.418504,0.513376,-0.593956,-1.034145,0.814824,0.688644,0.405854,-0.737438,1.600495,0.377741,0.121432,-0.687849,0.864385,-0.409869,-0.877294,1.806464,-2.536775,-0.087961,0.294677,0.855176,1.515573,0.318462,0.614567,0.338034
672,0,0.894325,1.423723,-0.329383,-0.225750,-0.226069,0.259137,-0.399806,-0.653345,0.339126,-0.440342,-0.237178,-0.415503,1.469351,-0.862825,-0.481352,0.244360,-0.334828,1.328842,-0.280478,0.115018,-1.359312,-0.343004,-0.042073,0.169499,-0.291287,1.837798,0.894763,1.247005,-0.144045,1.163144,-1.569639,-0.565143
673,3,0.256079,-0.472882,-0.223718,1.280351,0.346364,0.255322,0.724898,0.424099,-0.135635,-0.345339,-0.862892,-0.685789,0.209366,0.878579,-2.028275,1.380120,1.084715,1.151601,0.413229,-1.238679,-1.496595,1.873257,-1.483152,-0.348316,1.865189,-0.477632,0.571464,-0.929228,0.529044,0.953706,-1.390304,-0.583547
674,0,0.570612,1.642674,-0.278143,0.270221,0.400889,0.876876,-0.467001,-1.404175,-0.554175,-1.156465,-0.382323,-0.273076,-0.804763,-0.357413,0.358399,0.620016,0.007601,1.037811,0.222256,-0.884394,-1.158903,1.405188,-2.439000,-0.402180,-0.569658,-0.117651,0.274593,-0.245090,-0.047873,0.878013,0.928088,0.321458
675,2,-0.030264,-0.674882,0.311592,0.033656,0.619951,0.180575,-2.216031,0.155467,-0.398290,1.490639,0.281064,1.524172,-3.420060,1.510976,0.273019,0.784750,1.149768,0.241870,-1.425449,0.369506,-1.169106,-0.695738,0.410748,-0.456533,-0.189452,-0.417588,0.338428,-0.164598,0.586828,-1.618367,1.431432,0.537635
676,2,-0.859119,1.511798,-0.148511,0.583985,-0.718875,0.058511,1.723041,0.190255,-0.534765,-1.783074,-0.114245,-1.436544,-1.023166,0.274671,2.296321,1.203851,-0.258385,0.913778,-0.612183,-0.710424,1.040987,0.507050,0.858211,0.618583,0.621909,0.116697,-0.099174,-0.463477,0.542529,-1.226384,0.907425,0.046089
677,0,0.922204,-0.358525,0.691721,-0.445210,0.107026,0.598155,-1.729119,-0.446191,-0.389036,0.111808,0.884508,1.416899,0.130176,2.166560,0.873398,0.046057,-1.588084,-1.135252,1.247445,0.046630,-0.212189,-0.208303,-0.405764,-0.116876,-0.348632,1.528331,-0.980939,-0.501067,-0.121019,-0.329937,1.078597,-1.380250
678,3,0.623352,0.563050,1.272917,-0.242971,-0.969717,0.370992,0.924195,-0.012587,-0.230720,0.969275,-0.013716,-0.180463,-0.692225,-0.301674,0.864055,-0.612756,0.170971,-0.433647,-1.219137,-0.060681,-0.993749,1.252726,-0.336284,-0.376685,0.651762,-0.317182,0.047380,1.368778,1.961229,-1.359300,0.810638,-0.532713
679,2,0.004973,-0.038400,1.806577,-0.856006,0.367567,-0.908290,1.358284,0.751129,-0.570131,-0.117220,-0.487092,0.467290,-0.651653,1.118623,-0.569248,-0.352729,-0.304010,-0.318209,-1.508387,1.711103,-0.926898,0.336451,-0.590633,-1.726717,-0.121220,-0.921074,-1.202417,-0.094782,-0.241008,-0.201314,1.088100,0.759983
680,1,-1.368288,0.796496,0.840134,0.101215,2.344627,0.318255,0.851815,-0.771279,1.776103,1.201114,-1.129888,-2.185194,0.686034,-0.721662,-0.617768,-0.358380,0.715974,-0.194110,-0.446309,-0.147819,0.558369,-0.472414,0.723909,-0.624414,-1.415072,-1.183640,1.219069,-0.381498,0.276259,0.450619,0.979674,-0.098527
681,0,1.291006,-0.138489,0.669919,0.272697,0.498818,1.138567,-0.959286,-0.558824,-0.421599,1.344724,-0.570034,-1.325838,0.847049,-0.188077,-0.293962,-0.895264,-1.018933,-1.247994,1.889753,1.039336,-0.992541,1.198168,-0.502067,0.891414,0.157011,-0.108926,-0.005828,-1.564714,-0.024588,0.255553,0.325282,0.169350
682,0,1.265988,-0.678226,-0.472676,-0.393251,0.817265,0.194406,-0.291753,0.914559,2.148722,1.289232,-0.408353,0.730829,-0.764561,-0.130878,-0.478374,0.118047,-0.077623,-1.032387,0.684046,1.608224,0.753436,0.521273,-0.200447,0.035628,0.045810,0.554188,2.115153,-0.221601,-1.479563,0.621563,1.917586,0.229042
683,2,0.273799,-1.102683,-0.116696,0.698265,-1.787056,-0.033127,0.180573,-1.274883,-0.027532,0.072496,-0.349082,0.073952,-0.151528,-1.639983,-0.542523,0.273732,1.337798,0.842938,-0.597687,2.922368,-0.379943,-1.116268,-1.120984,1.250996,-1.865112,0.668134,-0.872336,1.282650,-1.242707,-1.711681,0.593069,-0.685402
684,1,-1.039761,0.481493,-1.040163,0.843313,-0.691574,-1.033416,-1.886489,0.505957,0.442329,0.564659,-1.376333,-0.607085,0.848318,0.039459,1.286700,-0.045251,0.407775,-0.729232,-0.173477,0.419124,-0.361481,-1.339782,0.202732,-0.268448,-0.196841,-1.043899,-2.344380,1.543242,-0.328487,0.122905,0.566882,-0.355640
685,2,-1.024923,-0.906190,1.799812,-0.303244,0.309895,-0.772006,1.119379,0.910146,-1.474599,-0.376650,1.461327,0.132916,0.275283,0.765815,-0.315918,-0.600069,1.504295,-1.440603,0.086169,-0.099518,-0.035997,-0.049794,1.284563,1.031806,-0.676819,0.580845,1.276619,0.761398,0.973662,-0.600831,-0.432572,0.721251
686,3,1.062837,-0.449632,-0.066846,0.827597,-0.932810,-0.102600,-0.089099,-0.462903,-0.248362,0.205280,0.538744,1.178570,0.889092,-0.294009,-0.428489,0.355490,0.280097,0.568883,-0.947591,0.278956,0.416797,0.453883,-1.053474,0.001084,-0.282325,1.046771,1.341194,-2.171551,-1.063246,-0.115046,0.583392,0.886895
687,2,-1.733824,0.175535,-0.361295,0.191685,0.678829,0.625510,1.184042,1.252199,-0.420202,-2.352520,-0.541786,0.255309,0.732835,-1.725626,-0.893461,-0.309115,-0.617897,-0.833094,-0.168160,0.816244,0.687218,-0.597144,-0.520341,0.377978,0.119914,-0.191871,0.587749,0.403690,1.973861,0.844676,-0.112786,-0.261549
688,2,1.594615,-0.707968,1.165501,1.724050,0.361696,-0.099088,-1.006100,-0.128302,1.045087,0.147417,0.746660,1.816988,-0.578780,0.455159,2.535728,-0.592056,0.966706,0.559294,-0.199946,-0.055545,-0.944889,1.320077,1.285567,-0.424766,0.652195,0.972282,-0.981021,-2.040662,-0.457766,1.042470,0.843408,-0.382948
689,2,-0.538433,0.554221,1.263861,-0.212685,0.850941,0.344163,0.165874,-1.595979,1.299293,0.456374,-0.648331,0.444055,-0.180202,1.123801,-0.572674,-0.591541,-0.496415,-0.454600,1.104342,-1.600744,-0.500719,0.037319,-0.074383,1.749612,0.294175,-2.106665,-1.051116,-0.505107,-0.227793,-0.385042,0.197645,0.619451
690,1,-0.386053,-0.426495,-0.052394,0.022542,0.158418,-0.047868,3.564759,0.727941,-2.079139,-1.195411,-0.537066,0.476225,-0.587756,-0.130093,0.287838,0.158832,0.689242,-0.129432,0.775169,-0.443872,0.207080,-0.772494,1.256400,1.651848,-0.252080,-0.016074,-1.519726,-0.307112,0.217404,-0.143934,-1.235938,1.079624
691,0,0.607119,-2.039692,-0.986050,-1.322234,-1.484168,-0.303984,-1.080877,-1.359708,0.073217,-0.503938,-0.635390,-0.891521,-0.220991,-0.758138,0.493377,-0.369852,-0.129787,1.558204,-1.647346,0.950738,-0.046851,0.893470,0.554292,0.598688,2.059829,0.319302,-2.145814,1.753597,-0.950689,0.090368,0.218536,0.411023
692,2,0.207594,-1.169396,0.712763,-1.923018,1.542700,0.114113,-2.157948,-0.450716,-0.083821,0.148753,-0.189740,0.270363,-1.610329,-0.389129,-0.479404,-0.115126,-1.186712,0.534470,0.903882,0.542831,-0.945614,0.097035,-0.783949,-1.528216,1.345179,-2.073652,0.321683,0.441144,-1.019591,0.151562,-1.282194,-0.278851
693,0,0.176623,-0.263569,-0.884653,-3.501184,1.307655,0.036768,1.345137,0.516100,0.819203,0.257610,-0.731241,-0.296099,-1.817151,-0.203186,-0.049487,-0.329957,2.905150,0.521686,0.040225,0.736844,0.655185,-0.209373,-0.504449,0.620750,-0.678369,0.246442,0.078616,-1.098852,0.770527,0.670661,0.708189,0.130443
694,0,0.155978,-0.332666,-0.126306,0.070452,1.186910,-1.137080,0.867403,-1.156997,1.736153,-0.324931,1.016453,1.583781,-0.735182,0.059982,-0.607780,2.408991,-0.984298,-1.719634,1.029978,-0.261641,0.224418,-0.713293,0.183375,0.386001,0.552978,1.401341,1.320025,0.819630,0.053492,-0.291745,0.654653,0.299716
695,2,0.379089,1.067377,-0.198519,-0.380642,-1.157037,-0.009484,0.309186,0.377246,-0.921022,-0.505349,1.451385,0.673197,-1.440909,0.424633,1.132962,1.173973,0.673082,0.008748,0.023873,-0.783292,-0.867698,0.095581,0.853714,-0.366109,2.050345,0.391372,0.307634,-0.156532,-2.048025,0.693498,0.693719,-1.795759
696,2,1.406049,-0.863698,0.095361,0.434272,-1.220052,0.791051,1.377380,0.259017,0.401318,1.984633,0.355072,0.572870,2.686525,-0.810605,0.236319,1.266526,-0.583021,-3.011460,-0.925553,0.405180,0.970300,0.324868,-0.079200,0.956990,-0.105556,0.978891,-0.151869,-0.540656,0.690000,1.945945,0.754321,-0.730314
697,1,-0.081600,-0.789377,-0.382721,0.047072,-0.394960,-1.064590,0.198740,-0.026383,1.772137,-0.709298,-1.609171,-1.228305,1.701766,-1.027729,0.081784,-0.402882,-0.921587,0.631541,-0.821636,-1.593912,0.028539,-1.436816,-1.080673,1.027618,0.934561,-0.648517,1.591513,0.453881,-2.204816,0.595460,-0.466014,-1.039673
698,2,-0.254453,0.245485,1.813019,2.325354,0.478118,1.286644,0.488559,0.259321,0.379382,-0.748085,0.190925,-0.107248,-0.658491,1.265122,-0.244984,-0.327659,1.913846,-0.767162,-0.513981,-0.546496,1.832066,-0.920143,-0.403673,-0.199110,-1.002658,0.774331,0.069846,1.993932,-0.195150,1.080382,-0.219763,-0.797842
699,3,-0.806277,-0.951333,1.095859,0.420265,-1.541933,-0.138368,-0.347051,0.121736,-0.855059,2.513624,0.963848,-2.467455,1.063696,0.020559,0.606446,-1.265936,-1.586401,-0.227730,-0.950779,1.846651,0.274007,0.536033,0.503458,0.612357,-0.073635,-1.253960,-0.509112,-0.271820,-0.814228,-2.239599,-0.666676,0.417071
700,3,-0.003128,-0.046186,0.934363,1.081364,-1.076784,-0.534017,0.887924,-0.111033,0.093365,-0.891850,1.144130,1.503633,-0.729372,1.734656,1.083198,0.696382,-1.639942,1.017833,1.035057,0.063310,2.013284,0.179893,1.607016,0.897681,0.986215,-1.292171,0.475586,-0.890825,-1.294851,-2.716162,0.148440,-2.205879
701,3,0.538190,1.433308,-1.210972,2.283860,1.046364,-1.182784,-1.295107,0.657566,-0.791375,1.054011,0.558497,-0.491862,-0.113502,-0.166996,0.684059,1.821207,-0.881671,-1.258187,0.460950,-0.412811,-1.900233,0.347217,-0.681362,-1.052999,-1.293863,0.239185,-1.163498,-1.048967,-0.301920,1.532636,0.252919,-0.232487
702,0,1.448425,1.600355,-1.381988,0.375393,1.039936,-2.085769,0.590198,0.239599,0.527157,-1.508667,-1.151497,0.115509,-3.266380,0.691191,0.590196,-1.021736,1.495374,-0.189138,-0.748198,-2.409369,0.492864,-1.998991,-0.402514,-0.413806,2.059282,-0.159000,0.306622,1.676386,0.016013,-0.242128,-0.494763,-1.996214
703,0,-0.209607,1.046733,0.468861,-0.601202,-0.423517,-1.758835,1.301327,-0.149035,0.913962,1.539708,1.598902,1.736395,0.376253,-1.303444,0.481939,1.386421,-1.486069,0.116160,-0.431245,0.350775,0.246620,-0.743501,1.347441,0.657870,-0.523931,-1.477153,-0.176919,-1.355966,0.273852,-1.149487,-0.986694,0.418110
704,1,0.597725,1.223787,1.236459,-0.456727,0.376527,1.303657,0.891900,-0.560705,0.481325,2.546738,0.374976,0.309703,-0.168026,-0.325498,-0.413120,-1.034805,0.921293,-0.079750,-0.265043,-1.952597,-1.175614,1.292148,1.226022,-2.194534,1.028295,0.240032,-1.812064,0.857635,0.218181,-0.179731,-0.773339,1.148753
705,2,-2.513619,-1.185851,2.899626,-0.757912,-0.953409,-0.288195,-0.062755,1.019669,-1.464411,-0.744479,-0.830301,1.918622,0.912779,1.263137,-1.913917,-0.867695,0.852046,-1.236192,-0.398650,-0.129796,0.093198,-1.316808,-0.313391,-1.132779,0.478752,1.225711,1.419921,1.953903,-0.368441,0.341687,1.814363,-2.816783
706,2,0.196990,-1.154949,0.704275,-0.356253,-0.131215,-0.146697,0.831600,-0.103789,0.717465,-0.063317,-0.318802,0.654833,0.677842,-0.536807,0.519247,0.741094,0.280121,-0.667668,-1.525337,1.017357,-0.466223,-0.367986,-0.378978,-1.421960,0.211731,-0.298122,2.012244,0.119725,-0.367500,0.310768,-0.791691,-0.321490
707,2,-0.436697,1.362711,-0.562814,1.054827,2.607621,-0.098857,0.046904,-0.498406,0.483059,0.456563,-0.590328,0.682594,0.532263,-0.326641,0.612803,-0.051229,0.529994,-0.456706,0.038898,-0.088974,0.150900,-0.873740,-0.668258,-0.360141,2.846762,1.130548,0.114316,0.665057,-0.692906,0.148903,-1.507773,-0.840867
708,3,-0.043220,-0.258859,0.148390,0.924498,-0.982975,0.222621,0.538343,0.841163,-1.654187,1.094100,-0.560799,1.302287,1.403555,-0.563711,0.948988,0.658879,0.095998,-1.252173,-0.246577,-0.326283,-0.679266,-0.070303,1.039118,0.890553,-1.216822,-0.585156,-0.297266,-0.061445,-2.697961,1.915522,-0.155642,-0.028645
709,0,1.985067,0.356410,-1.443376,-1.811478,2.275891,-0.766552,-0.165841,-0.165072,1.720688,0.983826,0.084232,1.220810,0.701906,-0.603319,-0.559583,1.191330,1.467996,1.825059,0.425175,0.843289,-0.565359,0.563205,0.387208,0.128192,0.037508,0.095076,0.530773,-0.527334,0.387488,-0.713945,1.963214,0.001806
710,0,1.012669,0.221423,2.245470,-0.486548,-1.738493,-0.637047,0.181403,0.213916,-2.126256,1.003552,-0.841799,-0.655255,0.364160,0.830546,-0.317176,-0.098456,-0.970294,-1.266013,-0.731498,2.066639,-0.106026,0.837512,-0.330874,-0.180062,-1.415132,0.245417,-0.386544,-1.419402,0.870477,-0.307806,-1.175945,-0.920200
711,1,0.476756,-0.190549,-2.273415,1.704835,-1.509064,0.522759,0.593657,1.415832,-0.538063,-0.383070,1.211999,1.084139,1.141706,0.248843,0.114459,0.252839,1.478930,-0.879242,-0.999153,1.110236,0.143191,-0.489145,0.343548,0.441769,0.985576,0.398655,0.285028,3.060047,-0.144519,-1.669565,-0.165615,0.062106
712,0,0.885497,0.166004,0.825262,0.403877,0.622074,-0.373753,0.613480,0.345156,-0.332874,-0.168222,1.482093,0.464308,-0.191103,-0.660918,0.075905,-1.380510,0.645584,-1.516911,-0.806866,-1.612517,1.095485,-2.822436,-1.954955,-0.142853,0.156910,-0.506964,1.023947,0.755627,0.630463,0.748329,-0.281994,0.023870
713,2,1.529435,1.173960,1.063761,-0.480075,1.190518,-0.245804,-1.075458,0.378475,2.236079,2.702712,-0.054694,0.679146,-1.229262,1.252695,1.000514,-1.387547,0.081868,0.567045,0.655120,-0.133281,0.061354,1.991464,-0.178757,0.857391,0.687898,-0.400923,-0.505175,-0.693694,0.100984,1.508799,-0.532789,-0.642657
714,1,-0.068303,0.180060,-0.399631,1.668048,1.381562,-0.711234,1.808367,1.894828,-1.345192,1.117089,0.526986,0.624083,-0.410462,-1.283320,-0.047924,1.184254,-1.246805,0.477725,0.243267,-1.861869,0.893647,-0.993573,-2.228358,1.433342,0.135651,1.818885,-0.991629,-0.689817,-1.103052,-1.452966,0.189041,-0.375790
715,3,0.944955,0.284639,1.026267,2.064109,0.670943,0.619511,-0.015395,-0.418686,-0.775774,0.949952,1.208943,-0.496641,1.619822,0.626821,-1.207644,1.137549,-0.393401,1.923430,0.379602,0.341135,-1.610766,1.243103,1.672534,-0.724586,0.576149,0.694689,-0.399055,-0.433553,-0.593139,0.286971,0.037772,0.977661
716,1,1.061959,-1.501692,-0.292151,-0.127268,0.922633,-0.108798,1.061146,-0.528255,-0.786007,0.455318,-1.329801,0.165838,-0.190411,-0.929805,-0.376623,1.069345,-1.281019,3.060182,-0.279678,0.009567,1.249722,1.200818,-0.822307,1.832299,0.846867,0.323147,-1.467743,-0.761418,-0.001331,-0.705508,-0.595212,0.511754
717,1,-1.668660,0.599678,0.243343,-0.432185,-0.428850,-0.993766,0.729318,0.116114,-0.720889,-0.504635,-0.176378,0.621708,-1.201386,0.849474,0.971045,0.310577,0.768758,0.030928,-0.706693,-0.922199,-1.428906,0.706481,0.575715,-0.062013,-0.837743,-0.140121,-0.679387,-0.996496,-0.029913,0.125947,-1.138026,1.277395
718,1,1.248421,-0.484168,-1.534712,-1.879976,1.099454,-0.464482,0.214509,0.551155,-1.120330,0.369062,0.693365,0.936019,0.289684,1.386344,0.508762,-0.167765,0.076499,0.117727,-0.100769,-1.109850,0.247803,-1.544172,0.391214,-0.735068,-0.401085,-0.968673,0.425180,-0.572530,-0.017612,-0.395900,-2.441999,0.378599
719,0,0.609881,-1.004881,-0.302757,-0.377752,0.182135,1.843918,0.844855,-1.174631,-0.634553,-1.388294,-2.152390,0.588349,-0.092168,1.601851,1.101456,0.712782,0.749294,1.251442,-1.102913,0.682747,-0.321212,-2.051967,0.114800,0.097142,-0.337457,0.854106,0.690890,0.458901,-1.112911,1.432220,-0.100884,-3.506113
720,3,-1.483983,0.436660,0.786276,0.726559,-0.082813,1.200136,0.335577,-0.555646,1.782178,1.322409,0.427350,0.278414,0.032614,0.537307,-0.701007,-2.679678,0.471865,-0.039299,0.097188,0.645754,-0.435866,-0.018600,0.720045,-1.108192,-2.201001,-0.533436,-0.645409,-1.498517,-0.846211,0.135017,-0.883884,-1.067800
721,3,0.728145,1.362376,0.902293,-0.806837,1.011023,-1.119036,0.169692,-0.820923,1.199192,2.719361,-0.313966,0.509438,-0.901960,-0.609468,-1.624780,0.192819,0.985198,0.491758,1.065270,0.489445,-0.766727,-0.881715,-0.887560,-0.585982,-1.161029,0.052024,0.261799,1.020191,-2.126133,-1.610359,-0.642011,1.020915
722,1,-0.607641,-0.828691,1.001690,0.749168,1.399783,1.293595,0.215957,1.115544,0.977238,0.448431,0.057428,0.531985,1.292961,-0.748349,1.132674,-1.442016,-0.477201,0.992401,-0.285176,0.029533,-1.104712,-1.958341,0.354141,0.562866,-1.073513,1.638667,0.769292,-0.014052,0.043841,-0.964988,-1.327918,1.019078
723,2,-1.056754,1.309067,2.648832,-0.584070,0.982701,-0.252110,0.450517,-1.767266,-0.375629,0.505661,0.398641,-1.419301,-0.865468,0.409624,-0.290143,-0.905309,-0.573734,-0.786235,0.454402,0.207986,0.547423,0.442995,1.531170,0.348248,-0.441319,2.106435,0.163747,0.994252,-2.214044,0.143572,0.540482,-1.806494
724,3,0.097189,0.537337,0.329589,-1.845490,0.240917,0.675283,1.131957,-0.704794,0.150772,0.844638,0.994162,1.339769,0.312046,0.620329,-0.934703,0.294839,-0.629398,0.746198,0.051063,-0.017980,0.262704,-0.471142,0.395023,1.431393,-0.165366,1.175835,-0.286560,-0.809424,-0.131518,1.798609,-1.156773,-0.377992
725,1,2.133417,-1.094582,0.589199,-0.008498,0.916837,-1.103876,1.726786,-0.557850,-2.592906,-0.240305,0.096771,-0.169827,1.491835,-0.045590,0.027924,-2.066653,-0.284963,0.219103,-0.146789,-0.948659,-0.869858,0.264348,1.789519,0.079051,0.333292,0.458436,-0.074513,0.086167,-0.806347,-0.788590,0.586477,-0.290817
726,3,0.089297,-1.768669,0.033611,1.921388,0.946672,-0.893324,0.678231,0.380060,0.810549,-0.863017,-1.058622,0.464609,1.032755,0.368588,-1.729930,1.121990,1.530722,1.203031,-1.224396,-0.730858,-1.319941,0.533538,0.038206,0.142974,0.577268,0.386618,0.328763,1.461030,0.448257,1.232767,-0.162647,0.461596
727,1,-0.234092,1.240886,1.025843,0.615740,0.605489,-0.564334,0.418207,1.538718,-1.259840,0.657911,0.092805,1.179624,0.534906,0.382821,0.691740,0.014947,-0.098928,0.941380,0.868626,-0.533665,2.276142,0.612173,-1.576057,-1.080534,-0.257724,0.010724,1.550768,-0.178108,2.059928,0.142500,2.090344,-0.321727
728,0,1.183259,-2.593801,-1.106729,-0.694834,0.361947,0.582704,0.185297,1.104828,-0.114708,-0.187720,1.844301,-0.259274,0.246585,-0.914802,-0.392471,-1.194272,0.585422,-1.772964,-1.496097,-0.113993,1.364395,-0.409991,-0.306920,0.772370,-1.221176,1.227446,0.487105,-1.387439,-0.648010,0.109475,2.409928,-0.748755
729,0,0.819415,-0.884421,-1.066450,-0.605828,-0.281731,-1.267771,0.098914,0.922474,0.786115,0.503306,2.939300,1.203025,1.147768,0.384450,-1.144932,0.188773,-2.776060,1.634314,1.086093,-0.717176,1.664973,0.085399,-0.816261,0.185264,-0.208320,-1.018967,1.320506,2.372192,-1.780196,0.223464,1.396467,-0.290893
730,2,-0.397017,-0.141994,-1.302716,-1.656028,1.659896,-0.783363,1.411478,-1.944073,0.576067,-0.338431,0.013368,0.154859,0.225558,0.400626,-0.128543,-0.463890,0.033882,0.339342,-1.148139,-1.002290,-0.214781,0.584665,1.529251,2.433214,0.214156,-0.898318,-1.799380,0.103297,0.487565,-1.530937,-0.516338,-0.857730
731,0,0.632765,-0.969707,1.100024,-0.935088,-0.051936,-0.412510,1.113901,-0.684907,0.998618,0.671158,-0.246923,0.408236,0.355311,1.243829,-0.502394,-0.317933,0.185460,-0.675961,0.105274,-1.058829,0.688036,-0.537115,1.621584,-0.015779,0.167600,0.222043,-1.173015,-0.762863,-0.519987,0.291744,0.193219,0.403050
732,0,-0.289416,-0.911700,-0.239921,0.989186,0.172354,0.392181,-0.114552,0.047771,-1.596464,0.597382,-0.540800,0.328867,0.889344,0.388909,-0.186453,0.455898,0.383807,0.999687,-0.368485,-1.195592,0.623596,-2.394026,1.264850,-1.444974,-1.136026,1.259292,0.829396,-0.451160,0.665837,0.830397,0.619428,1.507030
733,2,-0.101832,-1.237393,1.518833,-1.695568,1.695205,-0.850042,0.728734,0.384601,-0.206378,0.158759,2.022721,-0.797600,-0.127401,-0.753429,-1.052642,0.313734,-0.239515,-0.623931,0.752927,-2.268072,0.266324,0.339915,-1.146739,-0.083523,-0.920177,-1.252702,-0.594920,1.698576,1.640301,0.339326,0.534279,0.249907
734,1,0.143287,1.895628,0.431031,0.772108,0.371323,-0.767289,1.121580,-0.345083,-2.314914,-0.335254,0.733501,-0.624603,1.535017,1.259065,1.312600,-1.794927,1.914942,0.391679,-1.595282,0.170264,1.784012,0.765079,0.732240,-0.302185,-2.011335,1.413351,-0.650201,-1.114268,-0.788102,0.560755,-0.518248,0.012831
735,0,0.051871,0.362288,-0.488870,1.291605,-0.947089,-0.724114,-0.685860,-0.706922,1.168581,-0.534088,0.390720,0.391589,0.679061,0.310280,-0.866457,0.603608,1.008891,0.843566,-0.826353,1.621362,-0.191245,-0.743392,-0.116885,0.238743,-0.000163,0.345804,0.265574,1.852178,-0.363130,-0.992215,0.449942,-1.105961
736,2,-2.608743,1.277498,-1.649267,-0.299916,0.414930,-0.415121,-0.548155,0.877648,-1.334025,0.009618,-0.650661,0.996616,-0.125228,1.274748,0.019181,1.679446,0.985493,-0.742012,-0.927581,-0.454164,2.056782,0.285509,-0.644295,-1.035953,-0.037567,1.643395,-0.437708,0.304825,-0.363704,1.765488,-0.523126,0.509051
737,3,-0.472500,-1.210335,0.013870,-0.757727,2.087176,0.166345,-0.767040,-0.104150,-0.289888,1.157306,-1.073395,1.728755,-2.153499,-1.044420,2.358801,0.833683,0.604606,0.728803,-0.624716,0.980493,0.128586,0.887672,1.328268,2.327894,-0.586501,0.206235,0.657914,0.387002,-0.721409,-0.678689,0.344221,-0.879828
738,3,-0.691581,0.015762,2.217955,1.649103,-0.449438,2.221569,0.933171,-0.417621,0.804972,-1.237047,0.270917,0.548587,0.208476,-0.070077,1.518635,-0.572499,1.218856,-0.187952,0.657262,-0.166629,0.571725,0.312421,-0.262276,-0.543357,-0.396768,0.571137,0.198447,0.781955,-0.766869,1.619942,-0.495732,-1.293002
739,0,1.464142,0.775178,-0.177140,0.899256,-1.495071,-0.126392,-0.321393,-1.264910,1.200670,-0.286451,-1.242366,-0.254448,0.789447,0.735784,0.255728,-1.236293,-1.428594,1.266496,-0.388139,-0.323898,0.000900,0.476050,-0.876224,-0.285149,-0.060832,2.206774,-0.200411,-1.779348,0.113260,2.052203,1.256945,0.262987
740,3,-1.012848,-0.320519,-0.321606,-0.991521,-1.245254,1.500137,-1.941070,-0.361389,-0.704233,0.457016,1.333226,-0.431114,1.099763,-0.116964,-1.518834,0.029546,0.639705,-0.054261,0.099197,0.702497,-1.540555,0.944351,0.122363,-0.099266,-1.016827,-0.617264,-0.224618,0.583931,0.540005,-0.602677,-1.222984,-0.028484
741,1,-1.431445,-0.617307,0.819415,-0.711361,0.697853,-0.532575,-0.159379,-2.073992,-0.339741,0.768697,0.957331,-1.365709,1.655456,0.045728,-0.114697,0.292876,-0.533638,-1.167563,0.685916,-0.465915,-0.118915,-0.909921,1.472511,-1.458951,-0.891803,-1.682464,-0.399018,-0.421929,-0.849166,-0.283566,1.749430,-0.378455
742,1,0.361141,-0.470873,0.011690,2.474541,1.440577,0.165285,-0.269606,0.582898,0.225149,1.406207,0.093768,-0.794170,-0.923107,-0.551727,-0.547298,-1.384768,0.767379,-0.295662,-1.950806,-0.499161,-0.415481,0.029066,-0.215572,-0.510689,-1.151734,1.160407,0.301866,-0.191658,-0.192513,-0.144247,-1.322339,0.695669
743,1,-0.378802,0.846331,0.340606,1.845183,-0.220950,1.701249,-0.783341,1.736406,-0.114775,1.581926,0.038064,0.165789,1.421550,-1.478206,-0.546331,-1.006785,-0.108000,-0.159782,0.079854,0.858334,-1.507099,0.142860,-0.777313,-0.996451,-0.184907,0.282438,-0.057295,-0.985438,-1.237502,0.469045,-0.562084,1.002891
744,3,-0.692773,0.973717,0.007736,0.099852,-0.204205,-0.087318,2.026342,0.176020,-1.584647,-1.724108,-0.498505,0.458652,0.549756,1.287643,0.222027,-0.118968,0.505563,1.626893,-0.608637,1.791929,-2.379194,-2.421062,1.501020,0.060089,0.722064,-0.513261,0.745901,-0.192319,0.913048,-1.407962,0.987281,0.870101
745,0,1.200408,-0.125987,1.280961,0.619751,0.205167,0.451683,-1.660401,0.510633,-0.142536,-1.252347,0.470430,-0.251376,-0.377925,-0.871349,-0.657329,-1.161556,0.356604,-1.241326,1.924089,0.249709,-0.172676,-0.129420,-1.181633,-0.763832,1.638829,-0.399507,-2.315150,-0.581269,0.760501,-0.057585,0.726082,-1.270025
746,2,-1.073827,0.516521,1.012712,1.590117,-0.034331,0.727567,-0.236672,-0.480702,1.010942,0.546657,0.507726,0.617050,-0.160226,-0.267566,-0.710296,-0.280696,0.064997,-0.811904,-0.296393,1.983722,0.862870,2.423808,-1.816226,-0.653609,0.947423,-0.057575,-1.294447,-0.104260,0.328455,-1.350289,0.201860,0.771994
747,2,0.346381,-0.373861,1.321225,0.133320,-1.553970,-1.653517,-0.504068,0.093821,0.967027,0.186041,0.699279,-0.042154,-0.107217,1.280762,0.521763,-1.491934,1.524703,0.000932,0.814295,-0.060355,0.036482,-0.468113,-0.906015,1.001743,-1.142254,-1.023166,-0.129828,-0.166457,-1.171212,-0.795608,-0.375432,0.299603
748,1,0.402396,0.373559,1.066204,0.307232,0.634346,-0.283965,0.576200,-0.288065,1.287914,1.505144,-0.720765,-0.477761,1.499933,0.031614,0.213990,-0.402773,-0.275436,1.453468,-0.113793,-0.304086,0.348897,-2.035705,-0.068735,1.087407,0.317830,-0.117451,1.527961,-0.672002,-1.938812,-0.856503,0.167791,0.344458
749,2,0.421464,0.138995,0.203920,-2.055603,0.067278,-1.479367,-0.519878,0.355492,-0.263561,-0.629905,-2.545485,0.935050,0.635991,-0.490697,0.230025,-0.395955,-1.035780,0.173781,-1.026371,0.909915,1.204517,-2.473774,0.523914,-2.099674,-0.098713,-0.695631,-0.224277,-0.626999,0.503927,0.113577,1.202731,0.556977
750,0,0.448014,-0.815716,0.451534,-0.172209,-0.735754,-0.835401,-1.743312,1.061036,0.770800,0.813095,-0.681960,-0.943072,-1.123445,-1.214411,-0.370779,-0.949380,1.400634,1.734559,0.586921,-1.042084,0.241568,0.767994,-0.539597,-0.172004,2.220984,-0.693214,-0.446549,0.626874,-0.833590,1.975555,0.428699,-0.379049
751,2,0.039681,-0.630297,0.608421,1.497869,0.062844,-0.870217,0.793786,-1.062241,-0.210149,1.071888,-0.454988,-0.955704,1.555794,0.929700,0.457987,0.134472,0.272518,0.790034,-0.032278,-1.142670,0.892994,0.415356,-0.875074,0.821514,-0.397995,-0.041643,-0.516164,-0.668744,-0.676232,1.523760,-0.537459,2.248593
752,1,-0.095546,1.048216,-0.936095,-0.737853,0.099352,-0.801470,-1.000877,0.856459,-1.271051,0.013535,1.120952,-1.259782,-0.044185,-0.903398,1.146684,-0.118224,-0.681406,-0.248601,0.259158,0.888231,1.317089,1.241490,0.230224,1.808879,-0.309526,-0.406057,-1.619166,1.509514,-1.448389,-0.933180,1.390274,-0.698081
753,0,2.078923,-0.727411,-0.241897,-0.777997,0.744933,0.318111,-1.776751,-0.377744,0.509406,1.120584,0.094286,0.806226,-0.802514,-1.022606,-1.807408,0.768351,-1.087026,-0.237879,-0.034350,0.940295,0.828471,1.970194,0.884326,-0.441768,-0.083804,-0.815981,0.856799,0.192719,-1.175961,1.494236,-0.690805,0.303130
754,1,0.463300,0.653475,0.685355,0.075973,1.307405,-0.239931,0.244463,0.013718,-0.423750,-0.888815,0.470104,-0.477491,-0.900049,-0.149395,-1.374477,-2.387247,-0.989108,-2.100310,-1.307420,1.304688,0.426483,-1.462169,-0.833917,-1.546126,0.390389,1.807436,-1.078296,0.413193,1.201431,0.655074,0.243872,-0.196747
755,1,0.892783,1.262706,-2.315146,-1.544094,0.629846,0.159280,0.296252,1.369531,-0.215198,1.189784,0.118229,1.902055,-0.882350,0.999112,0.168727,-0.671140,-1.407931,3.632877,-0.265750,0.264216,0.071015,1.077376,-0.135852,0.764505,-0.351747,-0.339449,-1.528356,-0.602600,-0.318190,1.209964,-0.108646,0.243571
756,2,2.066134,-1.458015,1.338178,-1.145040,-0.448084,1.213522,2.286426,-0.445387,-0.012365,-0.451866,-2.435614,2.013519,0.417535,1.480057,-0.200081,0.104788,-0.547285,0.134543,-0.696856,-2.162230,-0.424021,-1.320024,-1.398735,-0.880094,-0.650165,1.477719,-1.058278,0.651294,-0.249675,0.285947,0.770778,-0.963498
757,2,0.394441,1.154728,0.349633,0.839979,0.347054,-0.264840,0.679820,-2.558455,-0.783154,-0.563496,-1.276402,-0.940766,-0.388122,-0.346015,0.038115,0.512716,-0.029524,-0.575280,1.671319,1.381832,0.339231,-0.519829,-0.310390,1.037998,2.200120,1.235728,-0.027307,-0.215853,0.340642,-1.120559,-0.213883,-0.588802
758,3,0.363808,-0.387156,0.367681,0.820764,-0.673216,0.811908,0.226002,0.109305,-2.440475,0.365616,1.301964,0.559524,-0.156494,0.141553,1.044432,0.052414,-0.467718,0.663735,-1.165406,0.579954,0.180838,-0.329974,0.465232,1.432860,-0.690483,-0.450852,0.667837,2.503340,0.122560,0.541118,1.833347,-0.767210
759,1,-1.730101,0.435263,-0.467953,-1.421260,-2.155035,-0.353422,0.491618,-1.502053,0.123178,0.582569,-1.208151,-0.793215,0.840161,-0.496835,-1.194193,-0.048754,-0.181230,0.513103,-0.725189,0.419606,-1.047369,1.889663,-0.598400,-2.330337,-0.384948,-0.843957,0.518771,-0.357249,-0.601493,-0.132616,0.758942,-0.137642
760,3,-0.658785,0.591700,-1.045412,-0.697603,-1.189483,0.838866,-0.639854,-1.010144,0.894971,0.654334,-0.495769,0.586806,0.387458,0.514408,-0.656884,1.068856,0.059936,-1.053484,-0.175401,-0.581512,0.735268,-0.173362,-0.311317,-0.598358,1.178915,-0.358062,0.067777,-0.915843,0.036476,0.146560,0.603952,0.748234
761,0,-1.487338,-0.530346,-0.718726,0.251588,0.265529,0.287432,-1.864322,0.351200,-0.349666,-0.375937,0.576966,-1.049562,-0.886085,-2.042202,2.005939,-0.758330,0.277798,-0.652730,-1.426995,0.283807,-1.043631,-1.423588,-1.084928,-0.828281,-1.410090,0.256447,-1.162287,0.294205,-0.634440,0.839714,2.363576,-0.486441
762,1,0.445023,-0.501791,1.056395,-1.930828,-0.762165,-0.432171,0.799606,0.845736,0.330801,-1.706643,-0.519946,-1.537567,-1.391175,0.719832,-1.333657,-0.956090,-0.154614,1.013898,0.969958,0.682713,-0.046981,0.051847,2.777078,1.881131,1.793275,-0.670828,0.767335,2.874622,0.164304,0.308542,0.221521,-0.090658
763,0,-1.010290,-1.607660,1.548241,-0.035041,-1.847440,-0.473857,-0.203400,0.416542,-0.454792,1.051267,-0.633113,-0.521806,0.251760,-0.581147,-0.220069,-0.426081,-2.877640,-1.120723,0.754215,-2.379449,-0.831007,2.077809,0.454490,0.003014,0.063339,-0.983474,-0.113851,0.189232,0.175584,0.605295,-0.644308,0.633321
764,1,0.648121,-1.083689,1.170024,2.244144,0.375200,0.302264,-0.613438,1.174641,0.410389,-1.328888,-0.710581,0.109816,0.796223,0.063205,1.413216,1.471860,0.267459,0.037294,-0.788852,0.335943,-1.458613,-0.941117,0.450343,0.922338,-0.954093,-0.534894,-1.156663,-0.635613,0.928856,-0.630601,0.323916,-0.688700
765,3,-1.962709,0.989777,-1.216732,-0.025290,0.310096,-0.729043,0.749014,0.456334,-0.523646,-0.124712,-0.672015,0.337003,-0.966197,2.234750,2.521627,2.065708,-1.431258,0.083764,0.072836,1.017851,0.114621,1.879132,-0.121913,0.615154,0.529081,0.228174,-1.592652,0.759005,-0.370730,-1.083120,1.134844,0.096451
766,0,2.929412,0.142552,0.024129,0.011708,1.652805,-1.612731,-0.950119,-2.488889,-0.064211,-1.036795,-0.263386,0.511644,-0.814822,-0.286075,-0.664636,0.156420,-0.631959,1.834431,-0.659659,-0.208961,0.237125,-0.418530,-0.190119,1.297857,-0.967349,-0.615535,2.661474,0.512992,-0.935409,0.598449,-1.540791,-1.291873
767,0,0.909798,-0.494047,0.878116,0.001300,0.624410,0.915635,-0.109073,0.146705,-0.529792,0.744569,-0.049117,0.038428,0.207459,1.412372,0.356774,1.738534,-1.727470,1.893914,-0.966290,-0.603532,-0.610331,-0.853112,-0.652788,-1.205641,-1.432846,0.023987,-0.390293,0.058804,0.039091,0.995576,-0.978194,-1.230929
768,1,-2.458709,-0.242248,-0.397061,1.741281,-0.241832,0.472088,1.343886,1.019678,0.337661,1.545095,0.120093,2.174527,0.049213,-1.036283,0.706406,-0.980754,-0.619889,-0.339667,0.490879,1.846035,-0.601871,0.835145,0.047466,1.375333,-0.589966,0.555079,1.522735,-0.610991,-1.201264,-1.359504,-0.494184,-1.642340
769,3,-0.571628,0.491367,-0.234895,1.479852,-1.545516,0.716305,-1.713046,-1.127797,1.115160,0.474662,-1.556159,-1.373475,-0.169765,0.329865,1.919050,-0.268321,-2.350411,-0.032281,-0.339327,-1.049889,-0.881007,-0.047822,0.733717,-0.012149,0.201089,0.157520,-1.056564,0.213487,-0.804058,2.805062,1.477861,0.430760
770,0,0.269086,2.044186,0.584000,1.483801,0.521929,0.533628,0.404791,-0.820783,-1.010946,-0.341267,1.658460,-1.267433,0.755574,0.448717,-0.485527,1.210344,1.137746,0.155749,-1.028307,-0.014898,0.169302,-0.833497,-0.552740,-0.857338,0.755421,-0.618210,-0.103997,-1.394591,-0.415454,2.772733,-1.077340,1.762115
771,3,0.031588,1.366301,1.234764,0.089628,-0.575344,0.650540,1.242142,-0.809796,0.661554,-0.121601,1.386083,0.100952,1.127567,-0.108238,-1.043638,0.658912,-0.140118,-1.059880,-0.264649,-1.659556,2.054466,-1.751153,-0.867556,1.075895,-0.267115,0.416060,-1.383647,1.677613,1.069612,1.813195,0.340908,-1.044654
772,3,-0.720799,-0.628260,0.572179,0.115763,-0.596744,0.841072,-1.097101,-0.335323,-0.379032,-0.617731,-1.005801,-0.192009,0.110361,-0.211803,-0.099290,-0.075801,0.136264,-0.708700,-0.545627,1.045242,0.711347,-0.312492,-1.583382,0.655686,0.085747,-2.310752,-0.162406,0.863105,2.030958,-0.132007,-0.019177,-0.627507
773,1,0.608909,1.077594,-1.383727,-0.419724,-0.535177,1.311080,0.771436,-0.350492,0.428196,1.060880,-0.694240,-0.510172,0.914023,0.803581,-0.360117,0.123114,-0.308066,-0.619154,0.901405,-1.013928,1.493500,0.224135,0.273544,-0.531628,-0.159725,-1.308898,-0.909827,0.372752,1.232145,-0.139650,-0.636199,-0.251381
774,0,0.972406,-0.534268,0.812655,0.602002,-0.088023,0.921573,-0.665898,-2.495735,-0.581122,0.327387,-0.727822,-1.294835,0.300431,-1.324476,0.344234,0.619713,0.530991,-0.296743,-0.323253,-0.891616,-0.670306,-0.362515,0.268053,-1.068847,0.757034,1.640959,-0.464370,1.127597,-0.082054,0.629645,1.414454,-0.679626
775,1,-0.675934,1.685981,-1.078095,-0.129342,-1.014019,-2.518715,-0.184791,0.822329,0.506882,-0.470887,0.344174,-0.000903,-1.526384,-1.664095,1.477956,-1.065316,0.569977,0.411301,-2.545437,0.316899,0.360308,-0.034458,1.020357,-1.088146,0.875443,0.430711,0.101247,0.157790,1.087083,-1.782275,0.078570,-1.315473
776,2,0.128404,0.271912,1.234933,0.043971,-1.039823,-0.380356,0.804074,0.417358,-0.136174,-1.670180,-0.923798,0.401368,-0.947106,0.322721,0.847808,0.586578,0.296551,0.421523,-1.242499,-0.859010,-2.059908,-0.780359,0.943873,-1.329450,0.416661,-0.295480,1.852441,-0.323069,-1.242603,1.495396,0.253088,0.813634
777,3,-0.149340,-0.998969,1.091623,-0.610791,1.118615,0.335291,1.788384,-0.220821,-0.689764,-0.666294,-0.646478,0.124395,0.055045,-1.300346,-0.616990,-0.039787,-1.310650,-1.382537,0.371808,-0.727476,0.019792,-0.678802,0.111298,-2.486423,-0.592404,0.856864,1.100463,-0.020258,-0.463728,-0.205364,0.660049,-1.769830
778,0,0.458464,1.578253,-1.769829,-0.463622,-0.174602,-0.421314,0.560450,-1.190350,0.441674,-0.113725,-0.260422,-1.049451,-0.024085,-0.136248,0.543678,-0.347593,-1.347803,-2.367341,2.620912,0.264330,0.013126,-1.010400,0.311518,-0.481481,0.435615,0.921391,0.429625,-0.055868,-1.124457,-1.615523,1.026936,-1.150160
779,2,-2.416193,1.450277,0.672187,0.231523,0.785732,1.080543,1.342549,-1.977511,2.131158,-0.677218,-0.434918,1.541792,0.408650,0.500050,1.576779,-0.608680,0.488896,0.566847,1.536055,0.813321,0.206899,0.422561,0.114541,-0.326280,0.813117,-1.212521,-0.092783,-0.735751,-0.580151,-0.085192,1.121753,0.116648
780,2,-0.509577,1.440241,-0.433715,0.459167,2.015751,1.672368,0.877999,0.226439,0.224713,-1.096906,1.119405,-1.187070,-0.921918,1.089762,-0.355206,-0.452004,-0.975517,-0.048496,0.922882,0.887534,1.023158,-0.215727,0.121795,-2.507459,0.567479,0.950387,-1.283067,0.075386,0.933939,1.203062,-1.787432,1.501370
781,3,0.118792,-0.126611,0.829089,0.904628,1.499733,-0.705159,-0.415608,-1.518371,-0.505687,-0.334269,1.168019,1.406372,0.270593,0.218133,0.539928,0.222171,-1.681291,-0.660791,0.976362,-0.687206,0.195640,0.478119,0.050289,-1.548381,0.220415,-0.140521,0.876997,-1.127985,-1.040058,-0.397227,0.438463,0.038397
782,2,-0.275734,1.705025,0.169967,0.191415,-0.723731,-1.336456,-2.618615,-0.115445,0.506894,-1.468582,0.013903,-0.381243,0.855626,1.024048,-0.971934,-0.543729,1.183852,0.070896,-0.690587,-1.681796,-0.616430,-1.515623,1.240809,1.415327,0.345625,-2.066431,-1.372134,-1.464530,0.388874,0.353332,-0.085955,0.061908
783,3,-0.196455,0.197536,0.104503,1.128019,1.471469,1.704647,1.016920,0.113758,-0.842484,1.002005,0.375661,-0.058546,-0.420523,-0.009335,-0.193941,-2.072074,-0.114909,-1.433271,1.077431,-1.185534,-0.009057,-0.149929,-0.888623,-1.954269,0.669813,-0.022044,-0.144940,0.340975,-1.410806,1.771425,0.174495,0.542063
784,3,-1.103686,-0.745185,0.259169,-0.372752,0.647885,0.952945,-2.539104,0.204631,-1.197343,0.933419,-0.503721,-0.114873,1.038773,1.929818,-0.891956,0.744685,-0.917343,-0.203415,-0.939287,-0.117805,-1.816430,-0.679507,0.386539,0.031446,-0.989794,1.054935,-0.682510,-1.115824,-0.104698,-1.474992,0.834497,0.474677
785,2,-2.549495,-0.695441,-1.198250,-0.075313,-1.540844,0.351237,0.826084,-1.795562,-3.064675,0.785777,-2.231035,-1.338410,-0.308654,-0.945889,0.976122,1.824717,1.183520,1.902503,0.612485,-0.622146,-0.866971,0.353149,0.322018,0.717955,-1.759674,-0.272420,0.706007,1.156957,-1.596054,-0.904071,-0.471011,-1.449191
786,1,0.347557,0.272624,0.693874,-0.048641,0.347006,-2.021962,0.143476,0.644396,0.309813,-0.572179,-3.141783,0.635885,0.088822,0.748011,1.369472,0.152812,0.149390,-1.241330,-1.072092,-0.705882,0.507301,-0.849458,0.806264,0.454483,0.018957,-0.127222,0.292116,0.105536,0.198930,0.292470,-0.500965,0.428219
787,3,-0.600135,-0.005771,-0.842642,1.020878,-1.822006,-0.830019,0.527473,0.527568,0.623602,-0.677244,-0.898507,-0.511264,1.221085,0.347387,1.771805,0.536332,1.037160,0.350071,1.040835,-1.202886,-1.203865,-1.066482,-0.732518,0.532721,-0.146265,0.099184,-1.167442,-1.475551,0.711004,0.700699,-0.722588,0.911555
788,2,0.189598,-0.172327,1.000057,-0.211610,1.415628,-1.185919,1.204215,-0.680710,1.148509,-1.788290,-0.671418,0.166615,-0.465196,-1.958607,0.014440,-0.328006,1.730067,-1.392532,-0.455278,-0.264299,-0.052039,0.518280,-0.615150,-0.411402,-0.923290,0.034641,1.585422,-0.264005,-0.289730,0.618830,-0.967943,1.655733
789,3,1.100652,1.270335,0.426551,2.026074,0.543617,0.941687,-0.033003,-1.763152,0.654842,-0.016555,0.158881,0.647891,-0.171722,1.375232,-0.251864,-0.765070,-0.465445,-0.977522,0.070216,2.075346,0.027292,0.381082,0.641621,0.685142,-0.272868,2.116627,0.695569,-1.642783,0.617917,0.109376,0.674240,0.740506
790,0,-0.143777,0.751272,0.877717,-0.357728,-0.130130,-0.755868,-0.831709,0.795059,0.021646,0.164082,-0.830012,1.028456,-0.125278,0.740834,-2.189007,-1.644396,0.986792,0.376538,-0.504564,-1.072823,2.091057,-0.820616,0.337378,-1.140217,-1.357037,-1.729988,0.084414,1.231513,-0.523880,0.515490,0.849303,1.004624
791,0,0.800972,-1.367859,-0.911520,-1.412906,-1.598258,-0.170903,0.283976,0.980470,-1.865097,3.222897,-0.344180,0.245565,0.903589,-0.067086,-1.378028,-0.364677,-0.973678,0.348175,-0.237072,1.106484,-1.624799,0.191171,-1.604417,-1.803595,1.406207,1.041699,-0.071330,-0.834827,-0.970902,-1.005659,-1.329751,-2.199905
792,2,-1.103892,1.296283,0.491156,-0.704633,0.942729,0.437300,-1.200614,-0.723379,-1.075229,-0.705596,-0.000022,1.079653,1.547084,0.167347,-1.086848,-0.799607,0.144106,-0.526340,-0.031757,-0.608365,1.664350,1.164206,-0.340505,-1.639400,0.056361,0.171082,-0.571190,-0.563761,0.931919,-1.852845,0.270066,0.298626
793,2,-0.527044,1.210163,-0.472119,0.030798,-0.518392,-1.486646,1.396202,0.704175,0.443766,-0.502814,-0.257089,-0.994723,-1.158745,-0.848968,-0.950568,0.744986,0.603275,-0.660103,-0.412911,-0.932911,0.183505,-0.059135,0.228778,-1.297776,-0.508099,0.206161,-1.165165,-0.532885,1.049834,-0.457996,-1.448968,1.969982
794,3,-0.474752,-0.025901,-1.214165,-1.534420,-0.032537,0.896192,0.658567,-0.300505,1.173124,1.600413,-0.273082,0.191087,-0.290472,0.638847,-0.620932,0.826590,0.144137,-0.480174,-1.831194,1.517826,0.644738,-2.148886,0.574533,-2.641615,-0.599566,-0.245456,1.084767,1.650410,-1.547255,0.926887,-0.267323,0.196128
795,0,2.008594,0.667731,0.526197,-0.959406,-1.179678,-0.382579,0.794746,1.351534,-1.037960,1.164508,-0.199249,0.200707,-0.643825,-0.005132,-0.808037,0.719803,-0.649749,-0.483464,0.336104,1.099557,-0.943828,1.052466,0.980079,1.107223,0.113816,-0.320843,0.070504,-0.267346,1.888697,-2.144121,0.583233,2.534672
796,3,-0.281490,-0.267327,0.766419,0.956560,0.022521,-1.134950,0.909263,-0.068483,0.483820,0.626640,-0.910669,1.013970,-0.197070,-0.963835,0.058260,-1.127657,0.592639,-0.757056,0.404626,0.043553,0.368014,-0.007006,-1.004487,1.557487,-0.838604,1.169596,1.734055,0.625627,1.091222,1.600270,1.293350,-0.980672
797,1,-1.203316,0.767465,0.174747,0.401926,-0.171836,0.391293,-0.748593,0.248571,0.283730,0.581237,0.038086,1.106254,-0.024113,0.817424,-1.488598,0.740584,0.435200,0.003959,0.455781,-0.019345,0.532592,-0.425576,-0.238739,-0.496017,-0.977105,0.874815,-0.289387,-0.263148,1.347286,0.190081,0.515155,-0.255765
798,3,0.416679,1.843802,0.468756,2.401348,0.514993,0.851828,-0.964216,0.469926,0.508747,0.921692,-2.025152,-1.091068,0.334427,0.868712,0.311044,-3.010593,-0.421624,0.351868,1.017302,0.013772,0.289491,-0.755365,-0.439931,0.643286,0.355621,0.638715,0.478703,-0.530359,0.912317,-0.226508,0.481688,-0.467351
799,1,1.268118,-0.177030,0.076814,0.853237,1.254091,0.565796,1.183689,0.762172,-0.331383,0.798370,0.105903,-1.133991,-0.661566,0.426898,-0.800614,1.512517,-0.757500,-1.150692,0.612341,-0.606661,2.721510,-0.329750,1.187879,0.802100,-0.295563,-0.890890,0.253233,-0.809128,-0.021577,-0.698823,0.049007,-0.344653
800,3,2.889706,-0.394541,-0.254414,0.681111,-0.141745,-0.548783,-1.506839,-0.052874,-0.278239,-0.280029,-0.725321,0.712836,-1.159540,1.862053,0.089886,2.338615,1.614417,2.284231,-0.583478,-0.124124,0.672227,0.378847,-1.482707,0.639609,0.866478,-0.598966,-0.714189,0.217630,-0.395130,-0.270275,-0.519246,-0.589932
801,0,-1.390082,-1.626385,0.730856,1.818972,-0.091005,-2.307261,-0.381920,0.419397,-1.040924,0.280191,1.502888,-0.493431,-1.602460,-1.825532,0.027310,0.194288,-1.398476,-0.265351,0.621563,0.639356,0.472610,0.260080,-0.391522,2.351976,-0.726397,0.344876,0.405194,-1.116675,-0.383037,0.564723,-1.112822,-0.612950
802,1,-1.100643,0.145790,0.134837,1.940176,-1.890958,0.087471,0.531369,-1.572921,-0.067135,-1.115374,0.659137,-0.788980,1.643201,1.200678,-0.396940,1.049115,1.499727,-0.498816,0.112749,0.180820,-0.712677,2.026811,-0.724857,-0.909786,1.431772,-0.430230,-0.716986,-0.092163,0.394645,-0.164488,1.542628,1.299738
803,3,0.050560,-0.117127,-1.727008,-0.408765,-1.283375,0.737677,-1.096699,-2.437685,0.504300,1.731656,1.061327,1.146419,0.456635,-0.976061,-0.788222,1.068520,-0.847059,-0.238824,1.023927,-0.475045,-1.323791,-0.686946,-1.092862,2.340529,0.434481,1.441268,1.127259,0.975019,0.129081,-1.071595,0.120420,-0.062284
804,3,1.408313,0.574174,0.473735,0.363669,1.736113,0.213021,-1.680521,0.509066,0.162506,-1.002932,-0.546758,-0.443945,0.036235,1.524165,1.544708,0.549482,-1.245544,-0.448276,-0.057005,-2.026759,-0.190732,-1.040668,0.679969,0.885465,1.020427,1.372436,2.263131,-0.135193,-0.455427,-0.189549,0.169660,-0.930178
805,0,0.539655,-0.716859,-0.831517,0.770832,0.898852,-0.379591,0.828680,-0.514394,1.702300,0.371667,-0.802707,0.923590,0.870953,-0.803555,0.458543,0.091526,1.381074,-0.807860,1.406145,0.614464,-0.699776,-0.708194,0.267377,-0.026888,-0.155322,1.905044,0.207200,-0.125891,-2.553074,0.780541,1.522101,-0.257505
806,0,-0.453686,1.605256,1.314149,0.535957,-2.124048,-0.457091,-1.302487,0.694955,-1.048528,0.240665,0.981557,-0.221960,0.889786,-0.493347,-1.298974,1.519418,1.780876,0.379692,-1.601487,-1.585017,1.384129,0.529594,-0.171942,0.371911,2.038292,-0.621851,-0.145829,-0.808652,1.454049,0.470755,1.041006,0.183493
807,0,-1.530780,-0.757165,-0.920252,-0.787525,0.215136,-0.359205,1.021997,0.045374,-0.206548,1.480828,-0.736400,-1.097917,1.667255,1.156870,-0.710418,-0.112855,-0.836215,-0.087224,-1.234596,-0.259492,1.556421,-1.304883,0.243407,0.837062,-0.491231,0.948700,-0.523801,1.194753,0.819581,-0.899280,1.113085,0.258538
808,3,-0.747981,-0.853288,0.082904,0.971584,-1.529448,-1.313851,-1.609031,-0.172825,-1.094529,-1.269137,0.504378,0.946015,-0.294861,-0.689992,-1.344207,0.733160,0.099714,-1.151298,-1.185157,-1.073063,1.317373,-1.106879,-1.186207,1.087364,-0.056442,-1.666758,1.029195,0.601680,-1.430106,0.447563,-0.792513,0.586666
809,1,0.842330,0.880768,-0.252514,-0.218225,-0.463860,2.090085,0.668898,0.399620,2.233099,-0.157289,-0.667307,0.583271,-1.426701,-0.541336,0.925817,0.373373,1.072197,1.387830,0.675344,-1.025778,-2.008347,-0.446082,-1.604277,-0.289657,-0.654163,-2.051730,-0.603665,0.193142,0.349485,-0.685523,0.608692,-0.069529
810,2,0.253444,0.961721,-0.567646,0.020706,0.441604,-1.236466,-0.124895,1.537266,0.182968,-0.168769,-0.216624,-0.087848,0.209142,-1.552011,-0.050758,-0.393396,-0.408496,-0.495009,0.660484,2.523029,1.051764,-0.049153,0.629376,-0.693704,0.238375,0.801759,0.962713,-0.652679,-1.121673,0.240416,-0.049576,1.017141
811,3,0.217814,0.067553,1.286441,1.242418,-1.697801,0.570638,1.002362,-1.158656,-0.071674,0.129787,-0.938594,-1.552444,-0.331881,0.364089,0.151316,0.618232,-0.028460,0.678143,-0.241925,1.238721,1.012863,0.661722,1.135446,-0.877345,0.084130,-1.158891,0.274895,0.152642,0.152909,0.809797,-0.449346,0.511827
812,3,-0.221721,-0.487573,-0.698889,0.867338,0.527604,1.401005,-0.833845,0.227805,-0.291917,-1.483549,0.938925,-0.715221,0.560575,-2.081352,-0.008760,-0.230751,1.585123,-0.521015,1.038803,0.206958,1.422898,-0.348174,0.151736,0.601512,-0.680395,0.589894,-0.947727,-2.040626,0.350714,0.875746,-1.108069,1.387396
813,1,0.153700,2.013127,1.034559,1.309136,0.643203,1.005675,-1.507979,-1.387432,0.159353,1.086447,-1.312902,0.938969,-0.298215,1.452000,0.427659,-0.153889,-0.195572,-0.725942,0.870982,-0.299712,0.654779,-0.229410,0.121947,1.069202,1.499407,1.590600,0.783743,-0.140580,0.308623,-0.682973,-0.554246,0.240073
814,1,-0.469317,2.340489,0.605907,0.456748,-1.717526,-1.586699,0.514056,-0.187300,2.019751,-0.007745,0.797975,0.073183,0.072013,0.185133,0.739849,0.146499,0.216398,0.506517,-0.002906,-2.574079,1.010948,-1.825432,-0.221171,-1.157854,0.372758,-0.352070,-0.252021,-0.000954,-0.667093,0.848069,-0.172604,0.922580
815,3,-1.061913,2.007065,-0.415418,1.497206,0.405723,0.227911,0.446089,0.263399,-1.671306,0.684730,-0.199801,0.461741,1.601110,-0.562766,-0.455386,-0.444942,1.545597,-0.600729,1.014300,-0.472647,0.792492,-0.070383,0.615792,-1.056681,0.937229,1.012554,-1.040996,-1.357564,0.093972,-0.168370,1.511367,0.872136
816,1,0.763420,-0.781968,-0.845041,0.902715,0.383467,0.163688,-0.674543,-0.143845,0.361058,1.075013,-0.614504,-1.204107,-0.070085,-0.345241,-0.506803,-0.040317,1.509613,0.389785,-1.163118,0.436525,1.696791,-0.147243,0.919677,0.327335,0.722286,0.518574,1.896177,2.664779,-0.316686,0.633324,0.016179,1.506539
817,0,0.610791,-0.333952,2.593346,0.782904,-1.006462,-1.170082,0.719142,-0.930789,0.034549,0.467183,-3.430971,0.966139,0.608451,-0.895355,0.731973,-0.485035,0.811226,-1.450085,-0.814429,0.059749,-1.719855,0.286154,-0.465965,0.736384,-0.058500,0.606768,-2.593425,0.159821,-0.205370,1.048407,-0.574401,0.286437
818,3,-0.878920,0.319031,2.123799,1.448219,0.441680,1.683347,-0.149495,-0.414865,0.764558,0.767434,1.551727,-0.710057,0.078735,0.688379,0.041434,-0.394218,1.110051,-0.588613,-1.012796,0.706462,0.036154,1.161103,0.517243,-0.883673,1.484511,-1.246290,0.130826,0.420878,1.735038,-0.125072,0.924074,-0.819420
819,2,-0.139099,1.315414,-0.418512,-0.297463,0.071217,-0.066602,-1.212336,0.873008,-0.984023,0.027007,0.557437,0.709602,0.529081,0.557800,1.259396,-1.282797,0.713739,1.139470,-0.356045,1.106198,0.177885,0.111188,0.902191,-1.430069,-1.429807,-0.435028,-0.545343,-0.584794,1.024503,-0.592592,0.756748,-0.422665
820,3,1.716195,0.033078,0.732958,3.648434,-0.274700,1.128627,-1.050674,0.016679,1.077447,-0.064105,1.021393,0.422877,0.732256,0.232946,-0.130908,-0.008428,-0.144835,-0.675803,1.273658,-0.158385,-0.574831,-0.274330,-0.310376,1.486568,1.259161,0.349981,0.040073,0.438351,-1.874778,0.093888,0.164197,-0.579925
821,3,0.605340,1.310114,0.657440,0.975296,-0.183762,-0.120229,-0.501637,-1.196461,0.740398,-0.949252,0.561761,1.248829,0.859585,1.616880,-0.643200,0.463949,1.178105,1.553066,-1.328655,-0.932696,0.176498,-0.818984,-0.156558,0.005985,0.073020,0.057882,-0.507197,-0.547205,-0.664201,-0.574240,2.154538,0.071714
822,2,0.162576,1.776963,0.992075,0.952612,0.117694,0.553675,0.466340,0.446581,2.503632,0.127350,-0.654389,-0.197188,0.934489,0.594836,1.580474,-1.383700,0.139640,1.270026,-0.049999,-0.470665,1.015219,0.754240,0.178376,-0.156909,0.797339,-0.959665,-1.021554,-0.743253,0.446417,-1.083285,-0.122433,0.221500
823,2,0.523582,-0.712683,0.615563,0.323604,1.516387,-0.443275,1.323103,-0.357004,2.996771,-1.048171,0.171758,-0.076056,-0.425588,0.692452,0.291925,-0.813748,1.337694,-0.375388,0.467862,2.005849,-2.161319,1.824079,0.714090,-1.333468,1.493213,-0.283527,0.251146,-0.920189,0.652813,-0.419325,0.256977,0.806440
824,3,-0.182987,0.487415,-0.182879,-1.143505,0.375674,0.376839,-1.599020,-1.163997,0.551673,0.139538,-1.094703,1.132811,1.159812,2.309498,0.506607,0.298412,-0.004297,-2.053920,0.171367,1.437592,0.134669,0.013964,0.586082,1.232814,-1.004668,1.161580,0.477313,-0.847026,-0.590245,-0.332076,-0.618539,-0.935953
825,3,-0.899259,-0.363586,-0.712285,0.326321,1.272320,0.391436,-0.174505,0.277228,-0.902741,-0.175493,0.715498,-1.437299,-1.083140,-1.786355,-0.292760,0.224838,-0.755924,0.879389,-0.495786,-2.253221,0.720454,1.363943,-1.672461,0.459869,-1.104947,0.323336,-0.555933,-0.440834,-1.270183,-0.573532,0.838905,0.940889
826,2,0.870799,0.602629,0.145086,1.085282,-0.692108,0.760198,0.587350,0.736249,0.453644,0.546823,1.100036,0.294860,-0.455083,-1.712985,-0.627788,1.674096,-0.676556,0.040858,-0.460689,1.667047,1.246348,1.074636,0.456209,-1.871292,-0.926788,0.634011,-0.784216,0.617962,-0.161195,0.501948,0.398491,0.871684
827,2,0.145669,0.486079,0.131092,0.448206,-1.295646,-0.628099,0.064882,-0.493340,2.512416,-0.084665,1.355254,-0.702834,1.584409,-1.033085,-0.595167,0.273117,-0.484791,1.320809,-1.210186,-0.915963,-1.379892,-1.117744,0.921018,-1.329107,0.561165,-0.196369,-2.163840,0.395401,-1.594242,-0.170011,0.901683,0.240455
828,2,1.696628,-1.169121,-0.878996,-0.389237,-0.467656,0.612370,1.368875,0.126224,-0.874045,2.002743,0.574121,0.956513,-3.319926,0.464646,-0.362094,0.222642,1.072537,-0.641760,-1.194870,-0.346253,0.243659,0.509257,0.461632,1.123145,0.396866,1.191501,0.124760,1.830720,1.265827,1.063181,-0.496020,-0.534727
829,3,0.653296,0.879309,0.287490,1.307809,-0.892779,0.582935,-1.671453,-0.704377,1.462714,-0.343468,-0.694499,1.911190,0.140372,0.193505,0.586034,0.809736,1.924955,-0.921771,-0.354916,-0.616880,-0.179226,-0.543455,0.701187,0.537687,-0.006629,0.452861,0.169456,0.780778,0.112167,-0.800462,-0.316426,-0.772855
830,1,0.634752,-0.939161,-0.718232,-0.116861,-0.059747,-0.218559,0.191122,0.399170,0.284601,-2.152412,-0.508037,-2.647163,-0.889897,-1.068247,-0.687842,0.309500,0.551933,0.191692,-0.615487,-0.491998,-1.620013,-1.079778,0.356854,0.284216,-0.033300,0.869571,0.042926,-1.621025,-0.042329,-0.146179,0.805467,0.689393
831,3,0.563513,0.604677,-0.546689,-1.130173,1.355863,-0.657091,1.337498,1.045187,-0.866914,-0.929702,3.141629,-0.805230,-1.497055,0.161370,0.670229,1.744629,1.122037,-0.630255,-1.447301,-0.506664,0.442354,0.366637,-0.194613,1.616273,-0.300665,-1.196546,0.175908,-1.105419,0.592959,-0.709909,-0.787509,-1.704713
832,1,0.027725,1.882941,-1.341988,1.451872,0.352236,2.166484,0.312252,-0.409626,0.172509,-0.792032,-0.444695,-0.029641,0.333894,-1.557450,0.906173,0.287244,-0.280096,-0.234242,0.058767,1.378245,-0.241833,-0.185913,0.844085,-1.052544,-0.341369,1.321007,0.760903,-0.002272,1.332308,1.184437,0.231062,-0.133385
833,3,2.037567,0.909491,-0.027668,-0.636944,-0.701729,0.996263,-0.577818,-0.729948,-0.455689,-0.284998,0.687566,1.092622,-0.298515,0.031297,0.886415,0.020354,0.528334,1.430660,2.541761,2.398185,-0.362512,0.671986,-0.382888,-1.193661,0.723234,1.098482,0.495109,0.191918,0.456980,0.991325,0.761689,-0.345377
834,0,-0.507091,0.541551,0.942547,-1.158004,1.758099,-1.681090,-0.718840,0.342004,-0.026051,0.106638,-0.742101,-0.653600,0.626325,-0.889207,1.133666,-0.252377,-0.229682,-1.043938,-0.080109,0.060051,-0.199121,0.979644,-0.030037,1.781625,1.074981,0.621773,1.679868,-0.725212,-0.462717,0.451710,-0.617965,0.760681
835,3,1.380489,-1.730401,-0.446051,-0.372810,0.803767,-1.293747,1.257516,0.551997,0.417797,1.963901,0.598606,-0.202609,1.865359,1.618860,-2.223361,-0.471238,0.589400,-1.021701,0.623979,-0.099228,1.263134,0.405998,-1.027545,-0.182125,-0.442835,0.140435,-0.070590,0.316387,-1.393116,-0.644469,-0.360405,0.665671
836,1,-1.047061,0.925284,0.190934,-0.367939,0.479459,-0.088446,-1.023720,0.971964,0.189696,-0.072035,-0.708735,-0.329490,1.019883,-0.293382,-0.113721,1.329309,1.118869,-1.171286,-0.881693,-0.488219,0.416095,1.516266,1.079828,0.121184,0.623690,-0.725051,-0.450897,1.260807,-1.020856,-1.424135,2.893000,0.806773
837,2,-0.688885,1.461600,1.456582,-0.325601,0.940368,0.436189,-1.017429,-0.880959,-0.153215,-0.768468,-0.583408,1.589397,-2.115513,-1.187531,-0.577662,1.137598,1.804509,-0.226442,-1.120665,-0.570257,1.529624,-0.529549,-0.062942,-0.938622,0.334196,-0.467525,0.591825,-0.649464,-1.353078,2.130059,-0.291901,-2.388777
838,0,-1.818593,0.458928,1.885898,0.916056,-0.268119,-0.440859,-0.301339,-0.444934,0.718434,0.560800,0.708266,-0.309382,0.265875,-0.406422,0.650499,-1.393157,0.130171,0.863115,0.108802,0.926006,-0.329850,-1.060582,2.878501,1.235779,-1.341857,1.898122,0.765491,-0.347252,-0.944943,1.976518,-0.210799,-1.457472
839,1,-0.469658,0.692776,0.281311,-1.029058,-0.303512,0.851500,0.806765,1.558314,-0.173661,0.136912,-1.184791,-0.998266,-0.197227,-0.217204,-1.106661,1.357600,1.498538,-1.244684,0.155824,-0.894045,1.582774,0.754609,-0.225408,-1.582725,-2.023162,0.992703,0.783146,-0.218543,0.644993,0.789447,-0.701306,-0.340635
840,0,0.833677,1.749192,0.977621,0.000388,-2.117095,-2.286194,-1.397502,1.221323,2.809559,1.637850,-1.322070,1.118195,-1.062804,0.358911,-0.831535,0.196502,0.758620,-1.483578,-0.015105,0.373399,0.733949,0.659249,0.826208,-0.974086,-0.089472,0.354506,0.790823,-0.792805,0.570681,0.838230,0.856358,0.451227
841,2,-1.449450,0.075948,-0.580286,-0.858830,-0.026596,0.459714,-1.552484,1.764063,0.238843,0.887147,0.897883,-0.234315,0.843101,0.007383,0.102041,-0.965234,-1.169091,0.574817,-0.396620,-1.254078,0.917590,1.968590,0.764639,-1.907380,0.031043,0.604895,0.864273,-0.522808,-0.792110,-0.238141,0.821037,1.186550
842,3,-0.045328,-0.877876,-0.576733,3.115396,-0.025605,0.613418,0.351018,-0.485825,-0.010813,-1.731229,-1.324165,-0.382785,-2.174599,-0.229924,-0.496597,0.879338,0.611002,0.918200,2.532401,1.262459,1.688116,-0.013720,-0.904867,0.005880,-0.492128,1.622441,-2.442794,0.670927,-0.544109,0.793399,-0.566701,0.743106
843,0,1.055713,-1.395105,-1.342415,-1.154823,-1.466264,-0.152957,0.622630,0.224455,0.041177,-0.478501,0.888820,-0.599071,0.833593,0.056154,-0.644630,1.434776,-0.016886,-0.427477,-0.160152,0.185516,-0.440548,0.964202,0.544395,1.396193,-1.180915,0.001639,-0.855603,1.263891,-0.647397,0.395865,-0.006563,-0.604280
844,1,-0.725245,1.886639,-0.538609,-0.670767,-0.150489,0.716106,-0.829691,-1.562902,-1.099852,-0.226267,0.156779,-0.429217,0.641579,1.119322,1.765600,0.469416,-2.309952,0.179446,1.104437,0.668572,-0.376460,0.144839,-0.410492,-0.488039,0.457429,-0.238778,-1.277088,-0.154011,-1.193767,-0.576626,-0.113609,0.460650
845,3,0.132094,-0.106350,-0.745820,0.439522,0.347323,0.463649,-2.936980,-0.842442,1.956310,0.161951,-0.228458,1.110880,0.432870,-0.925547,0.507913,-1.031826,1.164239,-0.469798,-0.251667,0.498623,1.320731,-0.290627,0.887705,0.582420,0.112533,0.100939,0.985420,-0.203469,1.017719,1.078213,0.186050,0.925826
846,0,0.200901,0.515006,0.710980,-0.613207,-2.204066,0.354486,-0.794198,0.176425,0.197236,-0.414863,1.668337,-1.838950,-0.028067,0.582690,-0.351480,0.798139,0.653825,-0.587603,0.501937,-0.752755,0.181757,0.219200,0.154706,-1.786901,-1.678808,-0.108702,0.471784,-1.121237,0.519650,-0.729061,-0.615202,0.359567
847,0,0.424435,-1.363852,1.445085,0.056792,-0.560974,0.824694,1.378931,-0.198509,-1.285939,0.817263,-0.079004,-0.441153,0.950687,-2.445825,-1.660577,-1.164234,0.249686,-3.335631,-0.790736,-0.313165,-1.043114,0.003275,-0.427353,-0.578049,-1.081781,-0.514672,0.385734,2.068372,-0.101403,1.679087,-2.011033,0.620821
848,0,2.005613,-0.022112,0.197504,-1.198503,0.044800,-0.578716,1.614249,2.747954,-0.927385,-1.044765,0.718745,-0.101611,0.612883,1.361486,-1.635450,0.543312,0.894117,1.104334,-0.891392,-1.424417,-0.050167,0.362473,-0.316016,-1.740518,-1.123340,2.537088,0.882536,-1.622094,-1.498941,-0.065449,0.863806,-0.252385
849,2,0.877460,1.692803,1.276420,0.023773,-1.557307,-0.258014,-1.071000,-0.498838,-0.312401,2.034467,-0.333277,0.117364,-1.160762,0.810396,0.543195,-1.622367,0.417250,0.566261,-1.129447,0.764125,0.143324,-0.210199,0.715432,-0.658730,0.142622,-0.954079,-0.691349,0.025025,0.091282,-0.783019,0.174079,-0.046240
850,2,-0.887602,1.261103,1.126355,-1.081646,0.128919,-2.355725,-1.189399,-1.059427,0.736574,2.010312,0.908187,-0.193540,0.326090,-0.740854,-0.706129,-0.093352,1.263543,-1.215725,-1.854391,0.865822,-0.874456,-0.010601,0.640583,-0.873642,-0.282228,-2.558403,1.017673,-0.401875,-1.015079,-1.699434,-1.006895,-1.359999
851,2,1.229227,0.018959,0.051263,-2.314513,-0.135706,1.192924,-0.288757,0.995311,1.166949,-2.209024,-0.560091,0.614520,1.413879,0.247910,2.336061,-1.997127,-0.452782,0.647181,-1.194775,1.360329,-0.644023,-1.086368,-0.714611,1.750714,-1.523157,0.279773,1.510509,1.315164,-0.823415,-0.507583,0.147444,0.677416
852,0,1.519288,-1.101811,-1.696859,1.107336,0.261207,0.213735,2.224590,-0.911575,-0.622277,0.540130,-0.318442,0.459785,0.657255,-1.531053,-0.121546,-0.246286,1.110316,-0.330176,0.812549,1.253033,0.718504,-1.517203,1.009704,-0.283755,0.055848,-1.891946,0.834632,-0.589427,-0.413142,0.482341,-0.908692,0.131634
853,2,-1.427220,1.084533,0.865396,0.246182,1.475829,1.606582,-1.363888,1.600583,-0.639413,1.507595,0.483878,-0.330701,0.594514,-1.383088,0.211008,1.670430,0.325544,1.270684,0.370117,-0.268873,0.319888,1.184553,0.237631,-0.866786,-0.390428,1.401806,-1.142923,0.757881,1.451443,-0.476503,1.039986,0.521497
854,1,-0.347614,-0.460300,-0.618179,-1.068777,1.406574,3.368290,-1.043724,0.598641,1.329377,-3.045038,0.785317,0.578058,-1.341105,0.130433,0.132822,1.292872,0.441968,-0.456184,0.688847,-1.065228,-1.902920,-1.824669,-0.209726,-1.254806,-2.102710,-0.257043,-0.503958,0.836588,0.902030,-0.284219,-0.537773,0.925869
855,3,-1.207797,0.834459,-1.748235,1.131305,1.661835,-0.157148,-0.369403,-0.109048,-1.474419,0.424127,-0.725603,0.520106,-0.233433,-0.968811,-0.309450,-0.367329,-0.117124,-0.012405,-0.028821,-0.498337,-0.333569,-2.210039,0.105752,0.327990,0.852546,0.366022,0.358094,-0.653047,0.658445,0.869493,-0.450696,-0.536411
856,3,0.974901,-2.270663,-0.323960,-0.092864,-2.313430,-1.614399,1.537850,-0.378763,0.383259,0.174537,1.730156,0.417072,-0.422770,0.232961,-0.324280,-0.836526,-1.008308,2.241953,-1.047668,0.585698,-0.675404,-0.822848,-1.381240,-0.601082,-2.010115,-0.782097,0.541097,1.637092,0.890059,2.838063,0.064820,-0.508203
857,0,0.045443,0.009890,-2.376150,0.011883,-0.402377,0.678254,1.118826,-0.410296,0.083891,1.175615,-1.356209,-0.105803,-0.501357,0.324322,-0.449274,0.837421,1.042649,-0.336005,0.700909,-1.212567,1.712399,0.518053,0.910764,0.935506,0.129030,-1.028073,1.483308,-0.374238,-0.417466,0.694160,1.170613,0.893302
858,1,1.418628,1.452211,0.509008,0.547898,-1.730008,0.273810,1.018909,-0.387489,-0.836151,-0.347646,1.488646,-2.351784,0.607797,0.517693,-0.846492,-0.611206,-0.409423,0.052030,1.006843,0.995722,-1.435963,0.257590,0.370917,0.098933,0.617358,-1.321925,-1.272320,0.279019,1.546471,-1.793332,-0.838915,-0.481539
859,2,-2.331377,-0.344752,1.195981,1.881697,0.948099,1.408059,0.364895,-1.478129,-0.434650,1.073049,-0.774725,1.586249,0.687331,-0.628952,0.066224,0.479993,-0.419760,-0.097165,-0.874856,-2.070101,-0.469386,0.915087,2.086933,-1.111278,0.840863,-0.946545,-0.382467,1.431890,0.269269,0.094633,-0.950409,-0.691043
860,0,0.328108,-1.042089,0.668248,-1.675543,0.142142,-2.393685,-0.067887,-0.460998,-0.084668,-0.417229,0.319538,-0.277961,-1.667780,0.686602,0.300567,1.343415,0.355019,0.005874,-1.775252,-1.589701,2.588120,-0.875906,1.205693,-0.612699,-0.606545,1.398997,-0.315143,-0.909967,0.188527,1.193260,-0.662557,-0.618215
861,1,-1.146047,0.355963,2.227192,0.316351,-0.894629,-0.033023,-0.039029,0.023176,-0.103460,-0.666933,-0.835796,1.386474,-0.583831,1.239232,2.327331,-1.381918,-1.048900,0.722190,-0.804969,-0.405225,0.417738,0.356114,0.796209,-1.660294,-1.229753,0.909744,1.886123,0.548713,-1.869589,1.637273,-0.750066,0.057259
862,1,-2.560198,-0.585918,-1.881778,-0.142362,0.972313,0.642532,-0.129010,-1.398881,0.291246,-0.940582,-1.290488,0.368999,-0.225826,0.228041,-0.365542,0.929492,0.576830,-0.389746,0.196114,1.380459,1.949273,1.541092,0.520553,0.948296,0.379084,-2.487096,0.237468,-0.928405,0.006296,1.765860,-0.275735,-0.242066
863,2,-0.209589,-1.642930,0.067998,-0.103385,-0.676113,-0.110800,-0.963059,0.915753,1.019773,-0.229778,-1.441682,1.107195,0.780605,0.089196,-0.295369,0.415446,-0.050520,-0.186787,0.075477,0.457413,0.682790,1.419603,2.507795,1.024400,-0.284068,-1.058893,0.567876,-1.441483,0.632271,0.954972,0.028019,0.161438
864,2,0.045239,0.415639,0.123507,1.173575,-0.840107,-0.011693,1.789263,0.609727,0.520570,0.561267,0.626689,-0.277380,-2.262126,1.518178,0.599366,-0.227666,-0.180052,-1.441905,1.655468,0.025260,2.687984,-2.118725,-2.181452,0.384497,0.982020,-0.242461,-1.520704,0.062720,-0.651763,-0.035779,-1.060681,0.302879
865,2,0.493940,-0.805584,1.062490,0.965967,-1.400261,-0.914794,0.595252,0.949347,0.532608,0.172431,1.885145,-0.225957,0.389765,1.767798,1.665731,0.275696,1.674585,1.196889,-0.309771,0.831349,-1.218340,0.614851,-1.695667,-0.122552,0.019780,-0.700826,-0.692442,0.615818,0.853193,-0.550282,1.106761,1.885565
866,1,-0.230941,0.435085,0.525289,1.765699,0.112215,-0.008510,-0.448721,0.566768,0.334139,-0.611145,-1.233146,0.701066,-0.423037,0.260146,0.482284,0.083658,1.102522,-0.283054,-0.253118,-0.040594,0.235130,-0.195111,-1.115605,-1.313006,-2.266553,-1.540008,-0.386194,-0.276188,-0.442741,0.452158,-0.930430,-0.297518
867,2,-0.493304,0.540677,-1.222714,1.390923,-0.352520,-1.621578,0.402564,1.349505,-0.409498,0.854211,1.727662,-0.999996,-1.837447,-0.043209,0.326445,0.218383,0.619981,3.133726,0.828474,0.764725,0.838880,-1.248330,0.268394,-1.102445,-1.263931,-0.043366,-1.026817,0.961879,1.480349,1.241437,-0.565792,0.045885
868,3,-0.314279,-1.178697,0.556755,0.369435,-0.022919,-0.499784,-0.024076,-1.793491,0.298634,0.031446,-0.323090,-0.313853,-2.030627,-0.504682,-0.850441,0.635407,1.648427,1.304700,-0.154622,0.136943,-0.083449,-0.091205,1.163319,-0.820336,-1.316794,0.442683,-0.668685,-0.372223,0.931855,-0.857449,0.974052,0.944546
869,2,-1.194251,0.128427,0.975830,-0.625145,-0.266097,-1.233119,0.052861,0.618556,0.187614,3.217165,-0.447842,0.568254,0.348791,0.690811,-0.488307,-1.301632,1.548161,-1.355624,1.224740,-1.294765,-0.464651,-1.412640,0.572617,0.531628,0.846529,1.874055,0.779703,-0.257791,-0.222496,-0.405993,-0.040394,0.894875
870,3,0.677907,2.015206,2.395442,0.274430,1.176905,0.366365,0.964113,-1.115059,-1.572741,0.517908,-1.454333,-0.652768,0.527330,1.910800,2.073484,1.563383,2.381869,-0.974550,-0.944359,1.260716,-0.874212,0.901850,-1.711121,-1.080064,-0.050615,0.724579,1.642596,-2.092008,0.115843,1.208226,-0.719614,-1.501129
871,2,-0.339607,1.388527,-0.027914,0.748342,0.609948,0.242876,-0.947347,-0.693017,-1.125732,-1.576060,0.268188,-0.727178,-0.445004,-0.393544,-1.559518,-0.499313,-1.533330,-0.284319,-0.155426,0.788688,-1.123848,-0.375498,-1.430145,-0.711787,-1.097273,0.472708,2.651399,0.656543,-0.309964,0.610657,0.338933,0.186803
872,2,-1.021191,-1.380926,1.916926,-0.088997,0.754288,-0.699410,-0.457442,-0.157632,-1.782972,-0.435717,-0.064334,1.143953,-0.632834,0.410609,2.137060,-0.748459,-0.479042,-0.694823,-1.665466,-0.950318,-2.707513,0.479433,0.716151,-0.046253,0.110588,0.744190,1.831474,0.453372,-0.651307,-0.664285,1.549572,-1.166290
873,1,-2.322006,3.190990,1.086139,-1.869926,-1.216062,-0.019411,-0.742218,0.292878,-2.599662,0.070183,0.152993,-0.091361,1.161501,0.734900,1.978137,1.039673,1.155835,-0.628878,0.111209,-1.468168,-1.489659,0.329528,0.160691,0.874464,-0.021168,-0.555937,-0.410807,-0.196190,-0.810760,-1.080850,-1.859033,-0.453503
874,2,2.250768,-0.342943,0.863886,-1.310321,0.264548,-1.478356,-0.047922,0.241465,-3.479088,1.763695,-1.775581,-0.154441,-0.643534,0.392673,1.180362,-1.175501,0.741347,-2.477327,1.295766,-1.171615,0.054456,0.949177,0.050133,1.006247,-0.508377,-0.008902,-0.406576,-0.072465,1.940942,-0.584540,-1.390699,1.235605
875,1,0.201471,0.141360,-1.535195,-1.548450,0.911616,-1.162835,-0.231955,1.402398,-0.480944,0.467632,0.550576,0.150962,-0.463287,-1.005923,0.719166,-0.364204,0.893199,-0.308935,-0.922007,0.171004,0.358087,-0.681469,-1.553616,-1.174851,-1.194857,0.116387,-0.868509,0.838087,2.167785,0.354327,-1.958953,0.237419
876,1,-0.416689,0.709819,-1.088279,0.818599,0.331660,-0.481587,0.135214,2.248474,0.481724,-0.110963,0.084701,0.690583,0.739138,-1.370414,-0.450010,0.581146,-0.319091,0.404164,1.090525,-0.291941,0.350312,-0.301107,-0.144190,1.333863,1.617089,-1.102737,-0.577044,0.546315,0.677151,1.193669,-1.312569,-0.725443
877,0,1.141586,-0.974331,0.273795,0.896303,-0.716929,-0.508066,-0.753700,-1.944101,1.373494,-1.617211,0.918923,0.947176,-0.363274,0.887866,0.096301,0.389262,0.669366,-1.040494,0.959991,0.961542,-1.175338,-0.893332,-1.740108,0.441743,1.450963,0.814217,1.212618,0.089958,0.898596,-0.196574,0.387922,-0.671014
878,2,-0.438591,-0.448107,1.271379,1.356098,0.200976,0.921557,0.676292,-0.402263,-0.279823,-1.593526,-1.316154,-1.760929,0.990493,0.730512,-1.679325,0.987542,-1.139692,-0.685843,1.050522,-0.286410,0.724406,1.601924,-0.665922,0.596205,0.272880,1.179529,-0.148793,1.122543,0.992953,0.021885,1.925884,-0.267519
879,2,0.408709,-1.524526,-0.112682,-0.008647,0.314118,0.269891,-0.897538,0.273769,0.147262,-0.774696,1.109978,-0.670844,-1.966026,0.681550,-1.385799,-0.307932,-0.792621,-0.884378,-0.895281,-0.810237,-1.418406,0.507989,-1.141354,-1.086414,0.661876,-0.908443,-1.994203,-0.819109,1.210947,0.279398,-0.340543,-1.890222
880,3,0.736311,0.137675,2.350392,-0.415988,-0.495282,-1.373614,-0.315565,-0.248439,-0.151608,1.379891,0.840532,-0.428035,-0.210601,-0.139477,-1.464972,-1.458459,-1.367450,-0.356326,0.300871,-0.726359,-0.552068,-0.917960,0.353965,-0.249161,1.848528,-0.327906,-0.547109,0.807719,2.117045,0.257119,0.280410,1.586793
881,2,-0.738327,0.872148,-0.029723,0.511188,-0.147728,0.382726,-0.553693,-0.404692,1.133289,-1.209077,-1.134164,0.301338,0.748314,-2.050966,-0.760434,-1.369722,0.306344,1.092239,-1.269850,0.122429,2.447515,0.104674,-0.342842,0.312181,0.179057,-0.541809,-0.563325,0.217925,1.228779,-1.219422,-0.043962,-1.808934
882,0,-0.360225,-0.871505,-0.563600,-0.229297,-0.525667,0.911388,-0.209631,-0.682823,-0.654071,-1.335880,-0.196248,-0.400566,-1.705091,0.873138,0.118874,0.239338,-0.094787,0.066898,0.496720,0.103074,0.643920,-1.071764,0.114280,1.216662,-0.402687,-1.509657,-0.241681,0.468546,0.950792,0.680105,-0.454596,-0.425639
883,0,1.419191,-1.150818,1.297206,-0.828417,-0.125069,0.739367,1.039878,0.366208,-0.848316,-0.037444,1.305832,0.394631,0.189221,1.179309,1.116604,0.161819,-1.167442,1.091291,1.069203,-2.461420,0.874787,0.738794,-1.068295,0.991602,-0.469054,-1.741934,1.177377,-0.467729,-1.030495,0.265877,1.948408,-0.618077
884,1,0.842250,0.909279,0.679968,-0.650219,1.401254,1.008150,-0.488318,-0.334968,-1.045355,-2.102540,-0.613870,0.348186,1.180018,0.056357,-0.515251,-0.547471,1.431677,0.021681,-1.494449,0.479778,-1.464211,-0.493723,0.213647,-0.290116,-0.256307,0.234773,1.073882,-1.175709,-0.097173,-0.460351,0.177508,1.065630
885,3,-0.818740,0.922576,-0.499736,0.893261,2.252829,0.720264,0.714387,-0.058058,-0.078406,-0.955988,-1.222030,0.807423,-0.528548,0.014611,-2.036214,0.356963,0.855387,-0.404979,-0.393119,0.962486,1.375342,-0.194159,-0.754644,0.408376,-0.549597,-2.176564,-0.241626,-0.410544,0.585237,-1.886153,0.567767,1.089746
886,0,-0.184435,-1.614973,-0.757288,-0.687561,1.760978,0.123420,-0.490186,1.843925,0.899470,-0.483638,-0.081170,-1.008893,0.207119,1.195740,0.140743,-0.227545,0.046986,-0.060810,2.616693,-0.377451,0.705486,-1.500703,-1.911365,-2.193063,-0.805488,-1.611213,0.301070,1.297139,0.481354,-0.802981,1.233401,1.513917
887,2,0.483506,-0.500780,0.359970,1.078753,-0.062603,1.138128,1.270918,-0.878606,-1.238555,-0.338515,-0.124100,1.621796,-1.544770,0.379635,0.263283,-0.821979,0.535556,-0.520940,-1.123210,0.872192,1.388397,1.919559,0.561078,0.296566,1.324726,0.161293,-1.258551,-1.054029,0.897145,0.411031,-1.606844,-0.100432
888,1,0.635450,-0.384272,1.655523,1.050240,1.342166,3.020935,0.711904,-0.756773,0.001451,-0.486294,1.326973,-0.289799,-0.167534,-1.163955,-1.427088,1.769310,2.059314,-1.472546,-1.786201,-0.148751,-0.838632,1.437793,-0.467946,0.069718,-0.754169,-0.438502,0.534995,-1.019983,-1.227383,1.850553,-0.986640,-2.183389
889,2,0.326792,0.143012,1.770080,0.988911,0.113680,0.297014,-1.143728,-0.129498,-0.361556,0.825828,-0.796188,-1.025223,0.255514,-0.608865,-0.846322,1.166111,1.819544,-1.168628,0.564797,-0.568782,1.613273,0.664968,-0.905270,-0.515610,0.312406,-0.207813,-0.279489,-0.842277,0.457740,0.984807,-1.548202,0.013557
890,0,0.102035,-1.163102,0.227325,1.230010,0.386230,-0.234077,-1.655196,0.056808,0.244882,0.146586,0.431203,-0.609220,-1.607799,0.127259,-0.039825,0.209292,1.411835,1.281718,0.347082,-0.493202,0.915935,-0.252967,0.234885,-1.019746,-0.473133,-0.297050,-1.095215,0.497580,-1.035179,-0.902464,0.195508,-0.418982
891,3,-0.712431,0.243235,-0.229278,-0.696558,-0.533702,-1.105638,1.914639,-1.640162,1.498951,1.065517,0.143424,-0.979406,-0.373758,0.187429,2.776062,0.167141,-1.891650,0.162592,0.362982,-0.393325,0.067173,0.903311,-2.748232,-0.632092,-0.425062,1.847571,-0.093973,0.466824,0.168441,1.776206,1.508561,-0.254193
892,3,-0.730816,0.112313,1.091530,-1.518135,1.079338,-0.147665,-0.065267,0.104776,-0.002584,0.050012,1.475133,0.073165,0.591616,1.424831,0.329808,-0.532732,-0.108900,-0.096091,1.146819,1.491399,-1.266965,1.157692,1.345910,-2.125261,0.106585,1.259597,0.863179,0.523199,-2.217741,-0.704401,0.667798,-1.154653
893,1,-1.018196,0.434636,1.141799,-0.557456,-0.542788,-0.130745,0.500811,1.510163,0.760218,-0.081813,0.825906,0.117667,0.523858,-0.348175,-1.801485,0.584553,1.661976,-1.221938,2.693065,1.032674,-1.341168,-0.994763,-0.315453,-0.440387,0.375080,-1.106840,-0.864224,-0.226847,-1.138318,1.182933,0.034764,-0.981115
894,3,-0.904645,-2.074699,1.161887,-0.245019,-0.612306,1.219013,-0.236157,0.759201,-1.198730,-0.207399,-0.448782,-0.723904,-1.541689,-0.588175,-1.139368,-1.932857,0.768920,-0.075114,-0.316064,-0.562673,0.139401,-1.499151,-0.429205,0.837029,-0.195869,-0.406441,0.098379,0.470969,0.218005,0.501413,-0.923300,0.418464
895,1,1.700795,-0.046913,0.082180,0.345667,1.421804,-0.282881,-0.086781,0.652726,1.050887,-0.342687,0.897593,0.565056,-0.165763,-0.752801,0.155681,2.206797,-0.402825,1.542043,0.602012,-0.352231,-0.261840,0.262181,-0.652422,1.783158,-0.523219,2.419849,-0.170036,-0.986592,-1.387346,0.388693,0.361314,0.107054
896,2,0.880074,0.484346,0.585357,-1.065522,1.238023,-0.331031,-0.748073,0.363694,-0.291702,-0.774905,-0.673312,-1.364835,-1.744766,0.155011,-1.745084,0.695269,2.568974,0.061539,-0.482326,-0.828322,-0.665119,-0.319088,-0.736596,1.110520,-0.105407,0.320111,-0.468643,-0.679065,0.931087,0.292314,-1.319308,-1.512690
897,1,-0.598215,-0.562083,0.435419,-0.873617,0.766729,-0.530558,0.342681,-1.178804,-0.837063,-0.508084,0.884130,0.267348,-0.037518,0.673483,0.630536,-0.116367,1.379884,-0.056580,-0.301787,1.374822,-0.363475,-0.323650,0.523235,-0.691729,1.280865,0.102154,0.625211,0.131349,-0.032038,0.423225,-0.376482,2.132992
898,1,0.418271,1.410105,1.749677,-0.737598,-0.824247,-0.539126,-0.460096,0.120265,0.468482,-2.201586,0.186855,-0.235277,-0.292276,0.024756,-0.108346,-0.661860,0.561233,-1.991116,-0.514392,0.604606,1.057706,-1.534923,0.852288,-1.637698,1.389283,0.332600,-0.204157,0.701497,-0.024954,-0.935521,-0.978282,0.205333
899,0,3.147398,1.537421,-1.008949,-0.655857,-1.833079,-1.481055,-0.111142,-1.111595,-0.104305,-0.717120,-1.486055,-2.243583,1.573848,1.108678,2.792193,-0.390708,1.829700,-0.651724,1.485328,0.195718,0.395762,0.076143,-1.219163,1.302692,-0.245833,0.105898,2.287283,0.503827,-0.096442,0.236607,-0.198096,1.505690
900,1,0.814949,1.282597,1.784259,-0.855775,0.180061,-0.961226,2.034453,-2.966492,0.253380,1.392012,0.106275,0.185839,-0.175388,1.015959,-1.363505,-0.641372,1.535172,-0.591270,0.941083,-0.508008,2.033396,-2.384652,0.670363,-1.288069,-0.907907,-0.081960,0.379141,0.150878,-1.140764,-0.555360,-0.598107,-1.827263
901,2,0.196820,-1.424705,0.951152,-0.450355,-1.896034,1.531779,-1.076894,-1.686658,-1.430756,0.339080,-1.076689,0.833803,1.472612,-1.335378,-1.327161,1.096098,0.251897,-1.654365,-0.531559,1.007751,2.757169,-0.238883,-0.828794,0.185006,-0.284096,-1.277414,0.420463,0.017461,1.723886,1.631078,0.159547,1.142296
902,3,-0.723785,-1.834610,0.675736,1.472868,2.811149,-2.326469,0.143193,2.276793,-1.407668,0.586182,-0.318555,-0.818085,-0.273122,0.494806,1.725894,-0.783124,1.661652,-0.013595,0.410760,-0.246422,-0.003433,-1.244135,2.050351,0.461832,0.195433,-0.193840,-0.634144,2.036610,1.032217,-0.251420,0.180793,-0.248394
903,3,0.904841,1.927156,0.945578,1.302125,1.332031,1.147931,-0.256936,-0.157187,-0.460215,-0.824091,0.082657,-1.233526,-0.045443,2.493203,-0.066285,-0.092862,-1.286982,0.146290,0.008707,2.163258,0.401115,-1.342810,-0.931889,-0.367912,-0.276502,1.660676,0.970210,-0.518198,-1.095653,-0.865208,-1.891658,-0.364729
904,0,1.077142,-1.106600,1.706316,-0.542729,-1.166205,-0.330947,-0.497525,-1.444273,-0.081606,-0.518450,1.455213,0.200659,-1.507085,0.123700,0.264279,-1.367357,2.165613,0.756824,0.276762,0.543191,-0.819881,0.243302,0.161923,0.974701,-0.097624,-0.027355,-0.813621,-0.064070,-0.969867,-0.685167,0.773406,-0.856125
905,2,-0.098162,0.207858,0.217454,-1.088028,-0.438235,1.296427,1.113744,-0.354044,-0.990801,-1.664710,-0.058333,-0.312966,-0.158332,-0.410734,1.465271,0.868790,0.779683,1.717254,-0.199452,-1.266019,-0.196200,-0.929101,-0.607748,0.421635,0.800816,0.145671,-1.000747,0.446323,-3.157888,1.118337,1.471875,0.223174
906,1,0.195011,0.445630,-0.538613,0.714146,-0.632541,-2.524227,0.077957,1.756646,0.590784,-0.221275,0.913102,-0.818028,-0.104298,0.419934,0.589785,-1.577969,1.242655,-0.868204,-0.093368,0.686028,0.180821,-1.264380,-0.118721,-1.728456,-0.792111,0.009198,-1.833420,0.035229,-0.356639,-0.290449,0.270747,1.667128
907,1,-0.554570,1.026995,-0.504394,1.241974,0.821444,0.483283,-1.381953,-1.729268,0.421877,-0.705233,-0.299471,-0.114204,-0.147083,-0.628523,0.868494,-1.707525,-1.473055,0.763890,0.268862,1.183846,-0.257609,-0.478399,0.949284,-0.789470,2.117177,-0.794938,-0.065434,-1.211887,-0.270136,-0.801425,0.468690,-0.024415
908,1,-2.004582,-1.349026,-0.654020,-2.153706,-1.246242,-0.553180,0.580391,-0.788833,-0.265446,-1.187184,-0.177744,-0.416875,1.486647,0.734165,-0.477629,0.469505,0.399529,-0.052672,1.477580,-0.144256,3.016959,1.400974,-0.358222,-2.267322,-0.395428,-0.801649,-0.743896,0.534720,0.663484,-0.727103,0.320379,0.194527
909,2,0.717977,0.103496,1.026280,-0.344004,-0.959010,-1.280230,-0.184089,0.871653,0.850235,0.093031,0.175085,-0.065987,0.707259,0.390872,0.385407,0.820286,0.735230,0.701646,0.363839,0.116296,1.350448,-0.536617,-1.302975,0.420814,-1.073198,0.658667,-0.218030,-0.200716,0.760985,-0.630635,0.257362,-0.173671
910,2,0.397773,0.606235,-0.598756,0.076451,-0.292714,-2.218185,-0.315293,1.245894,-1.843903,-0.116582,0.971950,0.213561,0.369926,-0.072347,1.306250,0.319390,0.779455,-0.207487,0.347747,-1.781479,0.276803,0.813861,-0.720606,-0.613661,-0.273113,0.066678,-1.314926,-0.246714,-0.326207,1.947135,0.785512,-1.783661
911,2,0.248451,-0.390077,1.954032,1.193772,-1.274076,0.972428,0.792631,0.750473,0.088214,-1.207049,-1.023084,-1.360744,-1.119301,-1.320794,-0.014704,1.924131,-0.381202,-0.703114,-0.725376,1.371693,0.117972,0.306621,-0.248785,-1.268260,0.295433,-1.801077,0.191234,1.075283,0.459923,-0.064559,-0.255717,1.383283
912,0,0.812588,1.703816,0.000641,0.921728,0.111125,2.120925,0.325177,1.721030,-1.033527,-0.556321,-0.937501,1.115922,-0.459844,0.487825,0.639201,1.264976,0.367814,0.194078,0.572259,-0.462374,-1.982477,0.147010,-0.302035,-0.025886,-1.603274,-2.460545,2.227731,-0.927161,-0.229108,1.138043,-1.769194,0.188278
913,3,-0.118190,-0.098663,-0.574795,1.161171,0.850640,1.334325,-0.186187,-2.425752,-1.217784,-0.112468,-1.848041,0.784111,-1.649222,0.057273,-1.046397,-0.194593,1.738708,0.858411,0.783674,-0.026658,0.679993,-0.140512,0.152487,-0.533284,-1.215447,-1.332923,-0.055925,-0.297379,0.071118,0.083059,0.618153,-1.524999
914,3,-0.324300,-0.304371,-0.135822,-0.271034,-0.648155,1.289128,-0.898806,-0.104185,0.407395,-0.630392,-1.693682,0.554813,1.117217,0.710226,0.368907,-0.083729,-0.332344,-0.523248,-0.370616,0.595456,-0.715554,1.029727,0.390000,2.309629,-1.981653,1.360841,1.066365,-0.116739,-1.031802,1.653556,0.457893,-0.517122
915,1,-1.137329,1.511624,-0.757823,-1.427267,0.163858,-0.349601,-0.096325,-1.838373,0.676093,0.224874,-0.695411,-2.082584,-0.373483,-0.902469,-0.815809,-0.901284,0.684773,-0.890750,0.702077,0.401794,2.261383,0.452096,-0.337439,-0.140955,0.849657,0.233372,-1.188705,-0.065475,0.860354,0.514812,0.250429,0.726259
916,2,0.113461,-0.779381,1.314657,0.317816,-0.718388,0.124718,-0.655780,-0.043084,0.585846,2.231741,1.414657,-0.947233,-0.527432,-0.536857,-0.936888,0.590849,0.772244,-0.439321,0.579030,1.336370,1.657493,1.004302,-0.075479,-0.813415,0.068706,0.659370,-0.246066,-0.826302,0.808304,1.392830,-0.097713,-0.055303
917,0,-0.154743,0.057722,0.109948,-0.575212,-1.048218,-0.610480,-0.908412,0.092687,-0.274829,0.420012,-0.039984,-0.391386,-2.122111,0.765329,-0.014502,-0.151918,0.811003,-1.409281,-1.102136,1.042642,-0.547344,0.626670,0.001491,0.030489,1.251742,-0.206140,0.922251,0.714054,-0.863854,-0.926721,-0.408740,-0.654640
918,2,-0.346033,1.440172,0.334190,0.452749,0.669023,-0.866837,-0.416545,-1.136381,1.327457,-0.573429,-0.577029,0.115172,-0.035915,-0.197539,-0.432748,-0.573159,0.353846,0.078326,-0.197317,1.220961,-0.279823,-0.473132,0.117049,0.281586,1.720506,-0.304354,-1.224091,-0.994587,0.959708,-1.355298,0.782573,-0.313013
919,3,-0.715955,-0.173883,0.937913,0.967424,-0.487072,0.732463,-0.998137,0.925879,0.580311,1.548779,0.437359,-0.263408,-0.025511,-0.259590,0.732207,0.918118,0.082360,-0.168820,0.452296,0.644203,-0.561032,0.489904,0.362371,1.186577,-0.247944,1.376202,-1.325333,0.688831,2.177873,-0.587281,-0.044895,-1.936375
920,3,-0.229753,1.022636,0.360999,0.864880,-0.008253,-0.721525,0.386023,1.019750,0.370396,-1.359057,1.214903,-0.782789,0.427067,-0.838077,-1.009805,-0.474101,1.591568,-2.068267,-0.054856,0.042053,0.900497,0.287541,0.907020,1.499751,0.156261,-0.576989,-0.249758,-0.120984,1.712239,-0.152535,-1.180961,1.394293
921,3,0.006551,1.872055,-1.145339,0.501298,-0.604134,-0.992206,-0.629016,1.299643,0.207407,0.020784,-0.449557,1.430411,-0.603989,0.802662,-2.255283,1.131391,-1.976331,0.658981,1.006313,-0.247504,0.334285,-0.368854,-0.618922,-0.448276,1.076843,0.531306,-1.275991,0.428533,1.251952,1.676297,-1.097736,-3.176265
922,0,0.814296,-0.372357,-0.183297,-0.601702,-0.123709,-0.257924,-0.092759,1.143364,-1.120368,-2.327920,0.050241,-0.772184,1.121811,-0.309104,-1.413575,0.803664,1.097960,0.254400,-0.311906,-0.372362,0.692157,1.539389,0.880228,2.229966,1.793774,-2.024068,-1.826164,1.006103,0.900157,0.105257,-0.035264,-1.488384
923,0,0.710015,-0.914183,0.704509,0.519318,0.480108,-0.426022,-0.188112,0.097096,-0.555677,1.785718,-1.573587,0.259310,1.258137,-1.059915,0.908037,-0.140364,-0.044072,-0.041783,0.722185,0.671684,-1.087949,1.505731,0.518453,-1.126149,-1.798928,-0.902165,-1.162327,-0.706513,-0.013703,-2.109605,-0.724691,-0.523219
924,2,-0.193922,-0.010108,-0.014896,0.401320,-0.809225,0.997322,0.518316,1.433115,-1.956276,-1.771246,1.432423,-1.249111,-0.174270,-0.140577,-1.388437,0.105790,-0.189125,0.012791,0.322981,0.325565,-1.100107,1.030985,0.711466,-1.314132,-0.105008,0.093171,0.036369,-1.047931,1.309494,0.342156,0.034765,-0.444159
925,0,1.129847,-0.205369,1.178685,0.771425,1.449581,-1.216097,-1.181779,-1.507107,-0.392450,-0.828444,1.501460,0.494051,0.714411,-1.545011,1.588497,-0.338983,-1.559283,-1.266335,-0.094376,0.759065,1.155500,2.513065,-0.436584,1.749270,0.553327,-0.810745,-2.196774,1.048692,-1.186231,-0.215099,-1.613385,0.735970
926,0,-0.573777,0.210500,-1.254493,-0.095995,1.683216,-0.654297,-1.145999,-0.726569,-1.320303,-0.294400,0.281299,-0.315230,1.416152,0.596886,0.633321,3.081068,-0.313312,-0.985463,-1.240308,-0.978336,0.711438,1.037182,-1.539500,0.132582,0.333112,-0.853717,-0.077231,-0.935318,0.042084,-0.575588,-0.305552,-0.555980
927,2,1.372610,-0.156259,2.753198,-0.360462,0.475848,0.692387,0.249001,2.290659,-0.017989,-0.614768,-0.726179,-1.661519,0.155671,0.690691,-0.045413,-0.109426,-0.038794,0.441645,1.045290,-0.845769,1.178087,-1.140880,0.412952,0.210960,-1.199115,-0.555333,2.276734,0.937781,0.973958,1.370129,-1.147004,-0.405957
928,0,1.014744,0.769520,-0.535763,-1.429242,-0.821238,-0.162582,0.245582,0.032118,2.354212,-0.781271,-0.266099,-0.936424,0.323592,-1.243784,-0.706612,-0.509231,0.982977,0.465779,-0.763245,-2.097823,0.606739,0.892698,0.239385,1.288480,-0.632026,-0.032027,0.470645,-1.511930,-0.623250,1.102979,-1.101167,-0.699825
929,3,-1.694991,0.194415,0.121989,0.899536,-0.507542,-0.071962,1.475766,-0.216496,1.940893,0.783687,-0.323876,-1.225518,1.096594,-1.144273,0.247810,0.250105,-0.075899,-0.386252,-0.221064,-0.458218,-2.187803,0.342306,-1.090269,-1.249326,0.647390,0.495999,0.082362,0.876164,-0.480341,0.236059,1.230616,-0.029800
930,0,0.689958,0.354801,0.308868,-1.595912,1.674918,0.623918,-0.785918,0.312496,-1.301605,-0.559325,0.438804,0.448921,-1.214597,2.044792,-0.834354,-1.922924,-1.518156,0.497023,1.525978,-0.522004,1.620832,0.408871,0.689085,-0.212706,-0.296982,-0.553155,1.130924,-0.963731,-1.475713,-0.139374,0.303127,-0.007787
931,2,0.406072,0.711746,1.219475,0.615881,0.626052,1.729396,-1.206772,-2.652233,-0.562519,-0.399596,-1.140572,0.474286,0.947147,-0.241319,-1.350453,0.584486,-0.271386,-1.078064,-1.718276,0.030757,0.797330,-1.407243,-1.019602,0.509564,-0.282840,-1.275297,-1.209527,0.227414,0.228815,-1.324840,0.495727,0.598539
932,2,1.493290,1.176898,-0.075599,0.365208,2.193829,0.278070,-0.497522,-2.259287,-0.276235,0.705940,-0.534293,0.848155,-0.162067,-1.733403,0.283247,-2.649570,-0.267835,0.024071,0.011920,-0.278675,-0.945785,0.057067,0.337222,0.433090,-0.710520,0.950743,-0.187192,0.990042,-0.444477,-0.347965,0.602673,1.243779
933,0,0.150418,-0.851872,-1.206455,1.082172,-0.576830,-1.115047,-0.647688,-1.060936,0.875482,-0.056456,-1.304710,-1.832842,1.835704,-2.227930,1.536057,0.637821,-1.167214,0.479787,-1.312555,-0.047952,-0.429174,1.715219,-0.869534,-0.477435,-1.059576,-0.273770,-1.452368,0.322046,-0.634918,-0.599705,-0.845038,0.077299
934,1,1.158829,-0.699209,-1.383507,0.473603,0.420870,-2.587601,1.602409,-1.039233,0.114895,0.554016,-1.661821,-1.130913,-1.341582,0.129965,0.416625,-0.033982,1.061266,0.724939,-1.215557,0.630703,-0.377852,0.287644,-0.310247,-0.441599,0.418803,-0.056093,-1.106740,-0.442817,-0.039119,-0.573406,-0.298493,0.460807
935,0,0.858690,0.707918,0.100657,-0.820572,0.164014,-1.601062,0.592579,-0.619216,-1.222510,0.097917,-2.214510,-0.256681,0.864375,-0.273873,1.230227,-0.251357,0.454624,1.572394,-0.057243,-1.339955,1.626206,0.467195,0.150703,-0.359901,1.990091,0.636448,-0.603252,2.082278,0.232082,-0.065542,-1.308262,2.258442
936,3,-0.667132,-1.393365,1.347739,-1.412128,-0.015034,-0.304467,1.954091,0.194039,-1.332721,0.945102,-1.662281,-0.512713,-1.615242,-1.364876,-2.272974,-0.026103,0.736016,0.656838,-0.519403,-1.566827,-0.034199,-1.230293,1.489732,0.853981,-0.776963,0.238826,-0.912891,-2.028536,1.210017,0.076701,-0.736098,0.139863
937,2,-0.369673,2.170508,0.346874,-2.196291,0.021971,-1.270224,-0.172972,-1.143702,-0.658179,0.416657,0.622549,-0.440327,-0.406694,-0.690907,1.186756,1.639343,1.461236,-1.720083,-0.647909,0.489578,-1.350281,0.898331,-1.349926,-0.377476,-1.209862,-1.002162,1.821548,0.107840,0.643331,1.263433,0.277857,0.613659
938,0,0.225246,-0.526996,0.402027,0.374828,0.692043,-0.529784,-1.426465,0.863181,0.863019,-0.498583,-1.542947,0.396835,0.003736,0.614192,-0.751026,0.299454,-0.504304,0.336423,-0.701869,0.959780,-0.862395,-2.036478,-0.159010,2.109314,1.011927,-0.456799,-0.730486,-1.441724,-0.137925,-1.423794,-0.831541,0.114482
939,3,-0.602781,0.412640,-0.608635,0.105709,0.896892,0.145527,-0.854582,-0.784360,-1.450848,0.102073,-1.067381,0.916694,-0.879468,1.527744,1.884649,-0.946783,-0.946117,0.169265,-0.065541,-0.162764,-2.164552,-0.154090,-0.193428,0.737618,1.095538,0.320255,1.166596,-1.350692,0.221748,-0.096818,0.132110,1.380979
940,2,2.243260,1.268471,1.746391,-0.575279,0.308566,1.446095,-0.426639,1.527651,-0.622294,-1.137920,-0.347287,-0.680072,-0.228986,-0.571925,-0.621968,0.465298,-0.245236,-0.590109,-1.119291,-0.160883,-0.078331,0.617949,-0.986159,-0.329832,0.601667,-1.608577,0.321829,0.123451,0.507920,-0.630784,1.010634,0.235810
941,0,0.927238,0.347484,-0.526893,-0.552000,0.243141,-0.430021,-1.001247,0.048596,-0.589392,-2.581858,1.293670,1.273555,-1.238499,0.087305,-1.283596,0.407753,-0.057935,-0.241616,0.341317,-1.460327,-0.861560,-0.037460,0.257624,-1.437606,2.236551,0.582071,-1.012767,0.989598,-0.995784,0.244484,-0.087184,0.337101
942,1,-0.325115,0.504621,-2.546323,-1.099528,-0.222707,-0.127363,-1.893161,1.618820,1.097424,1.352744,0.330921,-0.864152,1.557196,-1.853268,0.523049,-0.675059,0.093282,-0.398241,-1.301569,0.668907,0.614556,-0.964757,-0.985455,0.587806,2.361731,-0.693034,1.359072,-1.671450,-0.530627,0.487265,0.816002,0.233759
943,0,-1.010559,-1.597034,0.271504,1.236227,0.567656,0.189270,-1.425384,1.056286,-0.828535,0.351167,-0.012788,-0.052158,0.171513,-0.686892,0.149034,-0.279975,1.583579,0.230133,0.410547,1.581647,-0.575662,-0.371108,0.747004,-0.710001,0.837330,1.746145,0.744868,1.160932,1.269465,-0.107308,1.198777,-0.901537
944,2,-0.045581,0.262692,0.381967,-1.836506,0.884770,-0.335948,-0.402613,0.304498,0.134190,1.424502,1.424834,1.621566,-1.625711,-0.931362,0.642265,1.309151,1.138412,0.340441,0.321850,0.289813,0.646093,-0.228668,0.649493,-0.963798,0.704179,0.517924,1.277611,-0.203396,-1.877685,-0.083798,1.056751,0.217396
945,2,0.154170,-0.724577,-1.368041,-1.771997,-0.587455,0.360278,0.181680,-0.534070,0.818537,0.095739,-0.227081,-0.884111,-0.010070,-0.862063,-0.801236,-1.576124,-0.178640,0.296261,0.695867,-1.254527,0.149629,-0.596492,-0.501477,1.313295,1.025957,0.296746,1.678940,-0.209542,0.272534,-0.361845,-0.600483,1.155663
946,0,1.043344,-0.332907,0.608512,-0.199520,2.167525,0.590113,-0.184295,-0.344393,-0.599139,-0.885794,-0.882100,-0.641082,0.436353,0.627359,0.415088,1.258631,0.994657,-0.512259,-0.273341,-0.136681,-0.790864,2.521474,0.402501,-1.314041,-0.870570,0.895729,-0.362420,-0.464104,0.318035,0.259249,1.619976,0.455575
947,0,0.282019,1.774326,-0.732623,-0.139896,0.454838,0.974269,0.531257,0.423160,0.283863,0.873860,0.002460,-0.234311,-1.490416,0.902413,-0.558395,0.294119,0.379341,-0.057257,1.023214,2.673058,0.973306,1.866626,0.506383,1.125677,0.315532,-0.078335,-0.599350,0.665389,-0.683239,0.746842,-2.001363,-1.942771
948,1,0.188623,-1.175417,-0.194671,1.417369,0.271396,-0.912290,0.991378,-0.021590,-0.449457,-1.539956,1.075012,-0.430084,0.940552,-0.111283,0.176241,-1.998827,-1.058020,1.044457,-0.194361,-0.731932,0.786814,-0.392251,0.738653,1.326436,1.147816,-0.428698,2.843311,-0.283710,0.726473,0.913594,-2.057319,0.046908
949,0,1.285422,-0.338772,-1.029838,-0.568026,0.595871,-0.960827,-0.080460,-1.501315,0.744409,0.798765,-1.094833,-0.521488,0.835542,-1.021641,0.758182,-0.920838,-0.800064,-1.191169,-0.458329,-0.466927,-0.314974,0.902885,-0.040107,-0.748053,-0.506963,0.212360,0.425562,1.548205,1.792372,0.766469,1.585105,0.793305
950,2,-0.046623,-1.681264,1.453078,1.878200,0.582190,-0.446043,1.181093,-3.284745,2.579804,-0.242745,0.160078,0.629601,0.402782,-0.210289,0.418690,-0.956909,-0.956651,-0.604131,1.356867,1.009206,1.285823,-0.271729,-0.289744,-0.570099,-0.034532,-1.594864,-1.182587,-0.002313,-1.472825,0.632837,1.264382,-0.720265
951,3,-0.327297,0.848593,0.026729,1.200996,-0.724099,0.619343,-0.974400,-0.466187,-0.100666,-1.680377,-0.431723,-0.168378,-0.877141,-0.126889,0.270129,1.460931,0.819219,-0.504957,-0.195786,2.281178,0.094852,2.323708,-1.275694,-0.226975,-1.310686,-1.083853,-1.194212,-0.572442,0.038447,0.354039,1.485945,-0.102251
952,2,-0.905324,-1.220859,0.383288,0.687909,0.226795,0.661009,-0.366100,0.586863,0.233217,-0.137145,-1.361444,1.590692,-0.730294,0.948686,0.445119,0.627333,0.504478,1.023775,0.294775,-0.556321,-0.975196,-0.545938,1.346423,1.104926,0.140182,-1.126503,-0.275474,0.956296,0.678202,0.566396,-0.005619,0.363232
953,3,0.347557,-0.497724,-0.063202,1.441213,1.747652,-1.457755,0.073878,0.487602,1.197219,0.579620,-1.079039,0.286008,-1.093915,-0.438580,0.252028,-0.641967,0.679957,-0.626129,1.008433,-0.330893,0.119472,-0.991098,-0.480737,-0.007026,0.207641,-0.001338,0.622431,1.245540,1.111413,0.857923,0.167294,0.237719
954,3,1.807280,0.444891,0.154107,0.343927,-1.381288,-2.128492,0.626139,-0.302807,1.273994,0.516481,-1.917511,-0.683947,-0.002058,-0.068390,0.795563,-0.626095,-0.074368,-0.475036,1.467519,0.020936,1.129283,1.674752,-0.515833,0.364903,1.125404,0.250821,1.579110,1.347649,2.819639,0.098356,0.019595,0.509341
955,1,-0.012875,0.810875,-2.050359,1.084541,-0.474650,0.315706,0.923598,-0.254054,2.123386,0.295114,0.304426,1.211009,-0.414925,0.890849,0.512086,-1.947593,-1.310581,-0.789652,-0.991077,-1.330387,0.603679,-1.506371,-0.072699,-0.234211,-0.760834,0.742384,0.229666,0.996380,0.024656,1.212713,0.967401,-0.656258
956,1,0.136590,0.871338,0.561561,-0.032614,1.037335,2.115901,-0.588248,1.627315,1.489585,0.093234,-1.514197,-0.274622,-0.287180,-0.585688,0.801789,0.357813,-0.115912,0.057509,2.078502,0.193522,-0.508053,1.742417,-0.409697,-1.212219,0.759895,-0.729223,-1.116836,-1.337073,-1.871338,-1.078345,-0.638101,0.916843
957,1,0.921272,1.173370,2.832206,0.227372,0.951126,1.031677,1.202893,1.461799,-0.278240,-1.237829,-1.361205,-0.105691,-1.213576,0.231188,-0.268165,-1.481400,1.733089,-1.896411,1.647498,1.399513,-0.023904,1.277425,0.366563,0.674501,-1.713836,-0.028046,-0.562686,-0.585990,0.267387,0.953128,-0.611598,-1.019878
958,0,0.229189,0.320548,-0.942389,1.160599,0.305711,0.862535,0.189870,1.625132,0.127616,-2.359269,-1.010709,-0.288635,1.887878,-0.796791,2.105809,0.262547,1.738322,0.184170,-0.122566,-1.336089,-0.234682,-0.413106,-0.547711,1.376665,0.296701,-0.281245,0.243270,1.260427,-0.245595,0.199747,-0.287062,-1.261910
959,1,-0.280430,0.126775,0.221021,0.812140,-2.511823,-2.573483,1.091896,2.199689,0.024210,0.219822,-0.077167,-1.965646,-1.262946,-0.862607,1.150236,2.372182,-1.804847,-1.012700,-0.714584,0.497668,-0.316078,0.881383,0.847256,1.004493,0.394443,0.483706,0.588292,0.894305,1.543637,-0.621214,-1.197475,0.690368
960,2,-0.330809,1.179497,1.266873,-0.291267,-1.890293,0.010558,0.181126,-1.093806,1.987194,0.163472,-0.055712,-0.435589,0.398152,2.153883,0.914636,-1.112787,0.248825,0.586365,0.203362,-0.308334,0.183364,-0.062518,1.201701,0.116198,-0.945518,0.987650,-0.825044,1.491238,-1.938992,0.832137,0.678501,2.014285
961,1,0.400832,1.218311,0.156061,1.766215,1.317275,-0.967467,0.777152,-0.756117,0.115561,-1.359577,0.610329,0.809563,-0.825789,0.498910,1.136492,1.634293,-0.482818,-0.846907,-0.018739,0.331306,3.298751,-0.186780,-0.937267,0.274481,-2.223224,-0.849274,1.401159,-1.964594,0.377374,-2.087046,0.982562,2.245437
962,3,0.100721,-0.632749,-1.067254,-0.235805,-1.601907,-1.555714,0.338542,0.814705,-0.318510,-1.325758,-0.916166,0.349530,1.312062,-0.157394,-0.285368,0.361521,0.568379,0.678426,1.277563,0.076356,-0.159044,-1.312093,0.752736,-0.542498,-0.215683,-0.504979,-0.436364,-1.217260,1.354958,0.238407,-0.193521,-0.345588
963,2,-0.188769,-0.505568,-0.245080,-0.000552,0.677586,-2.753887,-0.187728,-0.139679,0.949886,-2.128584,0.800515,-1.672057,1.271238,-0.656920,0.117138,0.427749,-0.347387,0.232934,-0.219856,2.119871,0.602148,0.376671,-1.443080,1.560382,0.555864,0.183742,-0.781484,-1.806064,0.426930,0.348748,0.073555,-1.121296
964,2,0.019653,-1.257638,0.732878,0.596373,2.174497,-0.694207,1.249926,0.932858,0.911848,0.614676,1.146086,0.009503,0.376259,0.834502,-0.832453,1.340427,1.409650,-0.624438,1.622450,-0.460060,-0.029605,1.488231,-0.801014,1.159233,0.179355,-0.171745,2.000975,0.251337,1.325808,0.315716,-0.682561,-0.908210
965,2,0.172862,-0.298918,0.319873,0.418958,-0.294123,0.224060,2.125108,2.040780,0.187759,-0.662787,0.556472,2.663084,-0.932119,-1.411070,-0.591723,0.290685,0.173775,-0.272205,-0.861322,1.034027,0.835600,-1.303816,-1.062856,1.838372,-1.258285,-1.139762,2.072027,2.308802,-0.247685,0.038697,-0.130846,0.188001
966,3,-1.291610,0.781455,0.350480,1.551370,-0.384829,-1.256748,-0.018341,-0.732467,1.007676,0.540177,0.335953,-0.601828,-1.825394,0.039374,0.388922,-2.390522,1.367511,-2.490670,-0.343792,-1.218745,-1.360700,-0.515553,0.450003,0.154671,-1.469288,-1.455971,0.383363,0.889739,-1.732041,3.224960,0.021479,0.731454
967,1,1.169152,1.350292,-2.654385,0.007376,0.567245,1.352722,1.025565,-1.200500,-0.268918,-1.351830,0.344382,-1.989881,-0.076402,-0.171877,0.718061,0.409029,1.230476,0.943823,-2.871789,-0.622490,1.210504,-1.344671,0.865338,-0.761497,-0.507518,0.515855,-0.056846,0.366230,0.988156,-0.717282,0.381832,-0.171558
968,2,-0.449402,1.540962,-0.401144,-0.846767,0.246512,0.116052,0.640813,1.397121,0.933245,0.606450,0.571881,-1.761221,-0.036133,1.195637,-0.425619,-0.084926,-1.214658,0.890652,-0.600608,-0.214834,-0.164134,0.336478,-0.587728,0.970192,0.688168,-0.402568,-0.512813,0.172648,0.247063,-0.202071,-1.010048,1.355113
969,2,0.122599,0.006481,-0.003143,0.123524,-1.333426,0.277041,0.484490,0.252155,0.028166,0.289935,-0.486716,-0.570395,-0.479170,1.407453,0.849607,0.985029,-1.063062,-1.145970,0.720235,-0.877559,0.769160,-3.277210,0.654147,-0.345671,-1.645660,-1.183317,-0.396397,0.443537,-0.166552,-0.071804,-1.417332,1.181215
970,3,0.110715,0.413296,-2.185603,-1.699310,0.190042,-0.426091,0.117667,-0.790026,0.329349,-1.892452,0.677200,-0.470968,0.900065,-0.389939,0.428709,-1.287488,1.013613,-0.899180,0.590234,-0.640665,0.682429,-0.062861,-0.934361,1.102869,0.961988,-0.293522,0.909900,1.424889,0.681679,1.799429,0.041440,0.939916
971,2,-0.029538,-0.742876,-0.821360,0.581108,-0.795722,-1.329495,-2.412116,2.135459,0.982738,-0.587540,0.911028,-0.998013,0.492463,1.213922,-1.135012,1.092288,-1.294821,-0.055847,-0.341436,-0.154906,0.375825,0.789141,-0.031188,-0.045648,-0.039345,1.301334,0.974455,-1.430682,-0.102908,-0.845252,0.551421,1.676637
972,2,-0.974229,0.252327,1.355451,-0.782521,-0.087297,-0.300243,0.640235,2.127187,-0.544596,-1.105731,0.490890,-0.031146,0.999637,-1.374391,0.301624,-0.468147,-0.223684,-0.574963,-0.106896,-0.418739,0.415023,0.962936,-1.953514,0.498183,-0.266854,1.744793,-0.768264,-0.576020,-1.201976,-0.145397,-0.431980,0.311415
973,2,-0.439653,-0.094605,-0.528651,0.976161,-2.600276,0.539776,-0.036173,1.052210,1.812098,0.394586,-1.262814,0.223597,-1.383829,0.534264,0.594542,0.520720,-0.951716,0.823493,-0.698905,-0.869656,-0.806614,-0.214264,0.098465,-0.040188,1.342485,1.114316,0.234197,-1.090572,-1.342328,1.130825,0.978043,-0.282069
974,0,0.470217,-1.095030,0.474216,-2.521290,3.122874,0.759215,0.434153,1.122700,-0.517115,0.148641,0.581976,0.233185,0.041286,-1.084531,1.167648,-0.112367,-1.177935,0.269925,0.195403,-0.122157,-0.261247,-0.994589,0.303658,-0.936852,1.514839,0.671517,0.082978,0.948256,0.065274,-0.663330,-0.055561,1.643306
975,1,-1.225043,-0.798500,-1.044605,-0.767892,-0.609049,-0.094850,-0.456113,-0.466091,2.182063,0.064289,-1.840467,-0.948360,1.134134,0.315473,0.087944,0.649742,-1.512510,0.050325,-0.641648,-0.772958,-0.933524,0.848783,0.987800,0.330887,0.851143,-1.543618,-0.266900,1.009164,0.828828,-0.375524,-0.319285,0.083815
976,1,2.317981,-0.462233,0.358171,-0.857102,-1.465430,0.244309,-0.589958,-0.815465,-0.658705,1.429012,-0.113422,1.297890,2.124796,-0.708485,0.078309,-0.113514,0.832010,1.339331,0.470799,-0.646129,-0.084027,0.559288,-0.446402,-0.275805,-0.732432,-0.468533,-1.584145,-0.227015,1.418566,0.646622,0.536208,0.899547
977,2,-1.208958,1.547969,-0.253258,0.593587,1.403800,-1.165998,-0.536129,-0.991797,-0.116922,2.370557,-0.957572,1.659582,-1.061248,0.298963,0.830474,-2.223029,-0.367073,0.414305,0.545122,0.729955,-1.244956,0.124163,-1.240234,2.326673,0.516644,0.633804,-1.019302,-0.713576,-1.066560,-2.289171,-0.323169,-0.126347
978,1,2.483972,0.735254,0.336474,0.181731,1.864166,-0.535156,-0.608301,-1.512472,0.704938,0.230763,-1.420555,-0.267515,-1.919995,0.453525,0.433394,-0.577629,-0.045083,0.971238,-0.893467,-0.364859,-0.406593,0.646656,-0.691775,0.872043,0.540576,1.328298,0.566816,-0.559915,0.473026,-0.384226,-0.897900,0.641234
979,2,-0.294674,1.439313,-1.011566,-0.635076,0.855592,-0.162218,-0.256304,-0.878018,1.396717,0.529389,-0.639752,0.011450,0.155925,-1.291882,0.682737,-0.070579,0.341181,-2.643406,1.410597,-1.842374,0.089858,0.714466,0.596525,-1.562441,1.096346,0.126205,2.191295,-0.867214,0.255130,-0.576903,0.053483,-0.034685
980,1,0.768887,-0.805552,0.215951,1.359573,-1.023650,-0.039796,0.423400,-1.259617,1.856068,-0.798478,1.120788,0.873577,-0.940113,0.874702,0.213678,1.581215,-0.600649,-0.221960,0.598406,0.813384,-1.654620,-0.671085,0.660051,-0.432386,-0.160852,1.984705,-1.582353,-1.901329,0.843711,-1.067154,-0.717775,1.142183
981,1,-0.237452,-1.301734,1.981334,-0.222437,-1.280182,0.604566,1.836941,0.068677,0.237145,-0.383522,-0.252982,0.716856,-1.703465,0.107748,-0.668651,-0.429962,0.655283,1.561291,-1.180889,-1.340804,0.417213,-0.473277,-0.254275,-0.367914,0.678773,2.011798,0.866584,-0.134262,0.168996,-0.631425,1.271087,0.073147
982,2,1.006638,-1.092399,-0.186272,-0.539181,0.512077,-1.646702,0.799011,2.303784,0.959712,1.313796,0.760730,0.736012,0.902796,-0.341096,-0.912321,-0.140420,-1.026259,1.139058,1.441559,1.027735,-1.082450,0.989834,0.707064,0.904308,-0.090241,0.439649,-0.176881,0.599745,-2.361217,0.407611,-0.868028,0.839234
983,1,0.388897,0.687615,-0.036443,-0.320654,-0.006179,0.957493,0.336449,1.549671,-0.042025,1.692134,-1.680681,2.075247,1.988875,-1.222532,-0.052724,1.399671,0.624684,0.309485,-0.510488,-0.265266,-1.026523,-0.016719,-0.738956,1.244820,0.623506,-0.136985,-0.139113,-0.068016,-1.393632,1.348645,1.524742,0.336920
984,0,0.747084,1.051967,0.476298,0.769729,-1.452138,-2.930587,0.129893,-0.529714,-0.361042,-0.401207,0.157544,-0.379695,1.481936,0.107150,1.641464,-0.844788,1.189344,-1.143908,-1.214931,1.065324,0.443618,-1.831147,-0.560500,-0.821767,0.192974,2.350883,0.539432,-0.605573,0.578181,0.524316,-0.544076,2.071380
985,2,-0.691175,0.673638,0.133392,-0.826167,1.743463,0.304236,1.186584,1.306475,-0.585531,0.566554,-0.641719,-1.589037,0.862395,-0.155963,1.473011,0.450916,0.444881,0.830575,-1.618594,-0.397929,-0.274402,0.595532,0.696266,1.071189,-0.333494,0.053134,-0.244193,-1.226762,0.438073,-1.630076,-0.154757,0.423699
986,3,2.493365,-1.224122,1.227098,1.181553,0.153545,2.146357,-1.815599,0.226303,1.401780,-0.674184,0.217181,0.209339,-0.986019,0.325698,-0.663339,-0.820822,-0.962641,0.872710,0.370069,0.972272,0.414900,-0.621868,0.739263,2.710136,-1.114043,-2.224674,-0.002912,0.220605,1.322075,0.292746,-0.116063,0.135607
987,2,1.042223,0.032602,1.839499,2.002538,0.272650,-0.457642,0.424427,-0.023238,-1.420429,1.268548,0.440698,1.001641,-0.235201,-2.100260,-1.760765,-1.197477,-1.022176,1.065423,0.708487,-0.197331,-1.579130,0.565355,-0.452991,-1.287982,0.536049,0.841323,-0.398877,0.110509,-0.304417,0.879754,-1.348930,-0.372327
988,2,-1.170205,-1.234867,-0.092320,-0.709205,-0.760997,-0.208705,1.033731,-1.567152,2.278641,0.040650,-1.258613,-0.065298,1.900834,-1.855718,-1.525317,-0.927941,-0.509823,1.353850,-0.522062,1.006090,0.077108,1.572009,0.781223,-1.065232,-1.857161,-0.470110,-1.033853,-0.416124,0.056210,-0.264991,-2.318610,-0.031126
989,2,-0.402134,-0.481239,-0.701138,-1.500524,-2.349976,-1.081188,-1.772844,-0.626388,-0.105649,0.810405,0.992278,1.436808,0.575158,0.300728,-0.180122,-1.648428,-0.689643,-0.959419,0.423801,0.273508,0.264474,-1.410387,-1.144175,-0.097324,1.375885,-0.852744,0.987243,0.923860,0.957582,-0.099671,0.390166,-0.945722
990,3,-0.495217,1.503476,-1.021072,1.422187,-0.373491,-0.946970,-0.855277,-0.663298,-0.108923,-1.297069,-0.520035,1.114088,0.381116,-1.348802,-0.845220,-0.332285,1.230583,0.971241,0.854309,0.784820,-0.947422,-1.318491,-2.274286,-0.424919,0.226376,0.749988,-0.902463,-1.091455,1.522845,-0.372349,-1.187875,0.823907
991,1,-1.009719,-0.126325,0.489989,2.572401,-0.448696,0.375887,0.124076,0.397508,-1.052649,0.208466,1.246104,0.124604,0.264548,0.309511,0.250401,-2.379822,-1.754444,-1.194347,0.988131,0.449265,0.434672,-2.656080,0.165883,0.655860,0.058719,0.056690,-0.737307,0.810820,-0.134247,0.103431,-0.967382,1.334244
992,1,-0.022935,-0.105990,1.714818,0.560390,-1.249660,-0.158977,-1.382084,1.036984,0.388288,-0.600924,-0.297219,-0.924009,-0.842197,1.040984,-0.531737,-0.876808,-0.563715,0.081198,1.038695,0.725878,0.821542,-0.583218,0.348153,-0.676281,-2.094895,1.016371,-0.720391,-2.038089,-0.614511,-1.518387,0.267728,-0.298408
993,2,-0.616825,1.218390,-0.624628,-0.069082,0.659759,-0.252233,0.190299,-0.933440,1.807605,0.167570,0.390459,-0.523124,0.476223,-0.387326,0.748301,-0.068892,-1.037074,-0.121973,1.676143,-0.187503,0.282698,0.249550,0.341005,-0.808760,0.404852,-0.645118,0.178502,-1.716682,1.448732,-0.269845,0.589717,-1.172701
994,2,-0.102938,-0.438853,1.266180,0.230030,0.290630,-0.237684,0.338666,0.676982,0.594199,-1.366959,-1.552553,1.509062,-0.488771,-0.732059,-0.106944,-0.468288,-1.008150,0.289798,1.447189,-0.208858,1.068886,-0.301213,-1.443567,-0.366599,-1.231562,0.173045,-1.279631,0.931299,1.343391,0.598342,-0.467123,-0.258225
995,3,2.728582,-1.176512,1.223359,1.783620,0.582521,1.469973,0.765539,0.755055,-1.171489,-1.979884,-0.521500,-0.808765,0.096016,1.603899,-0.060900,-1.978666,-0.327217,-1.576985,-0.006348,0.785919,2.081460,1.970995,-1.245197,0.362646,0.248998,-0.867183,-1.576081,1.837499,0.628347,0.909114,-0.855603,2.526885
996,0,1.376669,-0.934186,-2.304229,1.464055,-1.257354,0.422615,0.907948,-0.841113,1.532433,-0.541222,0.524356,-1.885815,1.966422,-1.998698,1.258675,-1.443459,0.376301,-1.116549,-0.039940,0.591818,-0.266127,1.849156,0.536951,-0.005146,0.175469,1.967292,-0.827324,0.417211,0.153680,0.470397,1.108033,-1.199669
997,1,-0.808904,0.760008,1.785487,-0.133229,0.362408,-1.496371,1.374407,1.244573,-0.656157,0.832349,1.293675,1.297013,-1.043031,-0.969735,-1.681005,-1.761310,0.552078,0.522780,-0.319729,1.482289,-0.249122,0.099144,1.027038,1.186711,-0.677899,0.730572,-1.365022,0.258011,2.360531,-0.482835,0.337510,-0.159588
998,0,0.568679,-1.513508,-0.691377,0.529916,1.234827,-1.632288,0.295444,-0.860197,0.185925,-0.438664,-1.107533,-1.000937,0.858451,0.510447,-0.910028,-0.938950,0.772485,3.696452,0.618590,-0.146345,-0.588620,-0.911193,-0.811346,0.962718,-0.338110,-1.007464,0.461206,0.201370,-1.557939,0.263163,-0.215552,2.471912
999,3,-0.428827,0.394622,0.900248,2.382361,-0.282737,0.051217,-0.490663,-0.561640,0.563117,-0.484452,-0.104204,1.266785,2.586437,0.089831,-0.395696,-0.452451,0.952087,-0.434425,0.251106,-0.667159,-0.855683,-0.302569,0.279000,-0.466864,-0.765631,0.530713,1.115619,0.491435,0.273588,-0.773730,1.024081,-0.474741
1000,2,-0.064226,0.575932,0.436429,0.558181,-0.037793,0.002367,1.979611,-0.849415,0.107610,1.522419,0.144593,0.482196,-0.255398,0.807814,1.218272,0.579551,-0.074443,0.141847,-0.267905,-1.011570,0.082564,-0.282308,1.291961,-1.021404,-0.729805,-0.229028,-1.573750,1.416841,-0.324924,1.030969,0.500935,0.916591
1001,0,0.927743,1.330218,-0.285943,0.128168,0.589797,0.990514,1.624247,1.378530,1.621891,0.376463,-0.407758,1.103246,0.935354,2.775593,1.031806,-0.764706,0.293064,-0.380961,-1.547682,0.140817,1.297999,1.471623,0.393489,0.583718,0.634613,-0.580012,-0.614994,0.507354,-0.000726,0.601893,-1.116914,-0.494169
1002,0,-0.033046,-0.956993,0.538691,0.042226,1.086189,-2.120279,-0.793435,0.620660,-1.488523,-0.789991,0.652655,0.045841,0.243394,0.777313,-0.549684,0.271003,0.190811,-0.622553,-1.657621,0.559802,0.772474,0.284051,1.309959,1.111437,-0.592131,-0.919203,2.446378,-1.592833,0.866962,-1.034069,1.287554,1.452006
1003,3,2.032387,-0.652154,-0.610923,0.554581,0.213797,0.462100,-0.621671,0.014367,0.494308,0.244781,0.280395,0.076095,-2.348768,1.534994,1.023718,-0.702800,-0.384521,0.513595,-0.314881,0.453500,0.641928,-1.652965,-0.615274,1.769460,-0.195960,-1.539898,2.067517,1.595081,1.455248,-0.281312,-0.437446,-0.388532
1004,1,1.880888,1.364538,1.845803,-1.801565,-0.659230,-0.651398,0.123806,0.269060,-0.967017,-1.458285,0.376712,0.552651,-1.195016,-0.436212,0.340725,1.054362,0.446969,0.137047,-1.204014,-1.146378,0.348655,-1.179265,-0.469488,-0.664989,1.160007,-0.888015,-2.184832,-0.675741,-0.242126,0.764500,-1.237551,0.391460
1005,3,-1.137840,-2.370171,0.626543,-0.823354,0.309941,-1.243701,-1.303097,-1.553512,-1.371420,0.302326,-1.296122,0.517593,0.504163,-0.603732,1.426951,-0.576181,0.049393,-1.112445,-0.780983,0.395526,-0.664231,0.708955,0.673678,1.156466,-1.080239,0.638090,0.736941,-0.847273,-1.940123,0.028638,-0.086254,1.327311
1006,0,1.503874,0.598289,-0.875532,-0.353455,-0.073961,0.843042,1.311483,1.059942,-0.276259,0.114006,-0.425847,0.606124,1.027193,-0.382005,1.507747,-0.101545,0.814142,-1.107068,0.484036,-0.889431,-1.115366,-1.119057,0.886302,-0.385021,-1.862288,0.334229,2.117327,-1.224329,0.183584,-0.514476,0.484459,0.494458
1007,1,0.530124,1.356121,-0.655217,-0.533654,-0.635391,-0.605336,-0.883934,-0.559625,-1.391780,-0.577520,-1.601895,0.549404,-0.969745,0.694659,-2.190634,-0.059174,-0.292234,0.990776,-0.584166,-0.109463,2.620570,2.050607,0.330789,0.898785,0.649716,-0.008022,0.317016,0.849961,-0.039008,0.573035,1.564496,0.156666
1008,2,-0.407766,0.676787,-0.391805,-0.451689,-0.278180,0.546531,0.320651,-0.530427,-1.224661,-0.162064,-1.486230,-1.136328,-0.262218,-0.030966,1.145222,1.673021,0.619093,0.194589,1.521444,0.618649,1.467579,-0.680411,-0.542441,0.211198,0.094990,1.001395,0.033546,2.890990,-0.200068,1.025491,-1.633325,-0.471552
1009,0,0.040078,-0.014184,0.686141,-2.556221,1.167259,0.185292,0.549481,1.773100,0.088833,-0.816512,0.627280,0.740831,0.138944,-0.776495,-0.009994,0.441567,-1.301307,0.028217,0.075785,0.087430,-1.244014,1.228286,-1.018995,0.280765,-0.669788,-2.226253,0.122317,-0.806484,1.854666,-0.739443,-0.733949,-1.130381
1010,1,0.879217,0.178307,-2.089787,0.777558,-0.966801,1.802954,1.128341,0.756367,-0.797632,1.040253,-1.549374,-1.084951,0.101437,0.602773,0.785524,0.222688,-0.454592,-0.197832,1.592402,-1.085044,-1.529842,-0.218892,1.923927,0.334880,0.085490,1.044248,-0.329123,-0.459147,0.026819,-0.294260,-0.832747,2.155224
1011,1,0.954388,1.670841,-2.029090,0.605980,1.334253,1.969821,-1.143494,1.028400,-0.114672,0.099269,-0.181916,1.020248,-2.327390,0.431578,0.507769,0.268699,-1.152647,0.362321,-0.768500,0.199698,-0.023956,-0.585904,-0.279107,-0.588858,1.278387,-1.452904,-1.654707,0.538004,0.147412,-1.377058,-0.299707,-0.364732
1012,0,-1.984441,1.141251,-1.477759,0.023761,0.489565,2.228003,0.850298,0.204457,0.173918,1.485396,1.093682,-0.317448,-0.473286,2.018384,-1.427800,0.280170,0.757265,-1.185174,0.912209,-1.765037,-0.293421,-0.303424,-0.859431,-0.413506,0.300004,0.500079,0.381340,-0.000955,-1.094376,0.427692,-0.122441,0.253956
1013,0,1.572719,-0.662068,-0.086168,1.634313,-0.553182,-0.001768,-1.526990,-0.179487,0.688266,-1.337086,1.630942,0.247943,-1.297446,0.203990,0.027731,0.469495,-1.451166,2.089329,0.742211,-2.137885,0.515797,-0.057303,-0.252888,-1.662604,0.161196,-1.366666,0.113393,-1.160805,1.190905,1.276505,0.254477,0.329709
1014,3,-0.549282,-0.399496,0.612098,1.031298,-0.760600,0.910289,-0.803892,0.775251,-0.611185,1.233157,0.775987,-0.688072,0.765070,1.883756,0.280315,-1.213184,-0.339190,1.796797,0.293920,-0.001234,-1.778708,-0.459362,0.569263,0.030016,0.012358,-1.028662,-0.629146,0.874255,1.899164,-1.523793,0.219654,1.757930
1015,3,-0.589715,0.609751,0.172912,1.882641,0.629380,-0.522357,-0.711250,-1.461632,0.308901,-0.074875,-0.316300,0.358242,0.895729,-0.209876,-1.467373,1.094753,-0.368490,-0.550024,-0.391869,-0.005768,-0.025109,0.925448,0.194900,0.626689,-1.081332,0.242316,-1.039726,-0.594392,0.295948,-0.515569,0.876126,-0.668263
1016,2,-1.318792,0.864232,0.136677,0.146834,0.199602,-0.336777,2.572250,1.505607,-0.743314,-0.165307,-0.467696,0.138058,0.740511,-0.181353,-0.048472,1.202067,-0.464805,-0.176585,1.265493,-0.746110,-1.037342,0.159833,0.592400,-0.449802,1.480979,-1.056739,-0.286112,0.459551,1.277877,0.200293,1.382900,0.183738
1017,3,-1.239332,0.259221,0.270237,1.520150,-0.497841,-0.504715,-0.593887,0.871551,0.881793,0.010539,-0.839953,-0.621426,0.537299,-1.097124,-0.128043,-0.275933,-1.164074,-0.554918,-1.089979,0.271592,-0.056831,1.313757,0.212094,1.304123,0.968153,-1.580236,0.728122,0.586941,-0.748566,0.614067,0.446297,2.058553
1018,1,-0.959600,-0.094210,1.230680,-0.966073,0.283238,1.496739,0.886144,1.247478,0.635241,0.568692,0.937607,0.633574,0.417936,-0.855267,-1.178495,-0.705991,-0.923661,-1.267691,-0.418935,0.352389,-0.972122,-0.473231,0.523692,-1.198029,-1.062152,0.263436,-1.418548,-2.066141,-1.115479,-0.335982,-0.728614,0.783468
1019,3,1.090291,0.969659,-3.150610,1.407143,0.769975,-1.042065,-0.354630,-1.953197,-0.847590,-1.178617,-2.020339,0.737082,0.779407,0.505002,0.144945,-0.247902,-1.929852,0.747203,-1.137817,0.444942,-1.040574,-0.525804,0.813082,-1.389391,-3.004805,-0.916755,-0.400790,-0.017150,0.176585,-0.718105,-0.625006,-0.077582
1020,0,-0.865991,-0.721695,0.362044,0.275396,0.789875,0.493602,0.616923,0.654200,-0.897977,-0.082979,-0.096929,-0.038625,1.321831,-0.522457,-2.684445,0.304620,0.124786,-0.124480,-0.400608,0.948945,-1.574109,1.707864,2.044789,-0.871474,-0.014106,1.628495,-0.291264,0.426002,-0.295811,-0.266721,0.559344,-1.020287
1021,2,0.029189,1.014877,0.839695,0.779148,-0.600410,2.642340,0.399743,1.905372,-0.092253,-0.833867,0.447316,1.260193,1.008529,-0.685218,-0.435219,-0.143511,0.067195,1.676473,1.260771,-0.057473,0.041683,0.799055,-0.082060,-1.279055,-0.071206,2.453023,1.693330,2.112547,0.813542,-0.502729,0.291036,-1.151515
1022,0,-0.376994,-0.716688,1.843944,-0.592101,1.199354,-0.589303,-0.027467,0.486741,0.462422,-0.028164,0.740420,-0.535786,-0.201784,1.883274,-1.927305,0.515657,0.573546,-0.267345,0.040717,0.164056,0.464912,1.516929,0.648821,1.287058,0.500313,-1.358695,-1.194875,0.913105,1.130767,-2.280885,-0.926777,-1.059292
1023,2,0.234400,0.705250,0.459445,0.529299,-1.165540,0.305939,1.742167,0.360252,1.102079,-0.003297,-2.440283,-2.075846,-0.174320,1.073787,0.236045,-1.059310,0.367626,0.992746,-0.993268,-1.555754,-0.620332,0.827611,0.834805,-0.662929,0.179426,-0.355905,1.200333,-1.928186,0.093548,-0.271129,1.347130,1.258708
1024,3,-0.075754,-0.983276,-1.311446,-0.836782,-0.460932,-0.411323,-0.821199,1.076585,-1.516607,0.766525,0.139164,-0.536688,0.818539,1.096044,-0.251108,-0.217983,0.716555,0.042556,0.026573,-0.162871,0.743323,-1.699488,-0.558602,1.078319,0.722501,-1.452450,-0.730978,-1.407783,-0.867607,1.159743,-0.044939,-0.590826
1025,3,0.096528,-0.694672,-0.157762,2.265853,-2.125110,0.779555,-0.775873,-2.174993,0.768709,-0.132646,0.146463,0.338833,-0.545825,1.084850,-0.072194,0.816347,1.474516,0.350803,1.526306,-0.227392,-0.554117,0.039787,-0.874429,0.947224,-0.903434,2.094162,-0.596014,-2.053825,-0.142649,1.315850,1.333336,-0.476531
1026,0,0.569811,-0.438372,0.433407,-0.437752,0.639145,1.758491,-0.135965,0.307665,0.045318,0.309736,-0.625589,0.260525,-0.489808,-1.010386,1.026451,-1.722074,1.520726,1.629881,0.337511,-0.511600,0.621424,-0.774175,1.180876,0.034989,-2.561601,-0.255537,-0.319419,-1.812209,1.467667,0.314613,0.125378,-0.055480
1027,2,0.689100,0.976175,1.693893,0.414779,2.401151,2.451787,0.557216,-0.607442,1.061901,2.269716,0.338459,-1.169417,0.603914,1.125522,0.454721,-0.785033,0.449757,0.340301,2.136689,0.867721,0.817994,0.467020,1.689033,-0.706939,1.964837,0.666449,0.294692,-0.659373,0.334838,-0.545614,-0.988594,-0.273974
1028,0,-1.137773,0.133087,0.717252,0.361496,-0.984912,0.730163,1.394237,1.259593,-0.815934,0.428626,1.086445,-1.030115,0.202654,-0.532927,0.881173,0.173166,1.707244,-0.643437,0.716663,0.590372,0.063569,-2.191465,0.307580,1.144025,1.112659,-1.036492,-1.410906,-0.071492,-0.975756,-0.973044,-0.598005,0.528328
1029,0,-0.579685,-0.245572,0.793955,0.282907,2.829350,-0.530293,0.615885,0.963882,-0.587293,-0.036455,-2.162371,1.252922,-0.485854,0.438412,-0.050762,1.181118,0.537289,1.569637,0.004160,1.092663,0.632916,-1.282244,0.631790,-2.089917,0.184954,0.179347,-1.535847,0.456954,-0.400296,-0.226377,-0.992655,2.036887
1030,1,-1.057333,0.047479,0.883050,-0.519468,2.083948,-0.028324,-1.617917,0.948351,0.647024,-0.670658,-0.830228,0.531856,2.088215,-0.391395,-0.174677,-0.067527,0.229020,-1.271128,-0.578937,1.272143,2.420337,0.657418,-1.980791,0.446125,-0.455301,0.742582,-0.581683,1.604307,-1.228085,-0.573342,-0.036346,2.836904
1031,3,-0.519369,0.419842,-0.116503,2.447729,-0.255406,2.253013,-1.500024,0.107005,0.176757,0.342047,0.738883,-1.206136,-3.175763,-0.740172,0.171652,0.062352,-0.923430,-1.569770,-0.026952,0.075889,0.440988,0.061384,-0.695174,0.328048,-1.432703,-2.354370,0.522777,-0.951776,-1.093684,-0.970952,0.707067,1.256196
1032,2,-0.063880,1.938193,1.017267,-0.901690,-0.428421,-0.186583,0.821547,1.016214,-0.634974,1.938193,-0.742868,0.348073,1.685950,-0.742819,0.611200,-1.902977,0.015166,-0.046285,1.381806,-0.290252,-0.894833,-1.344753,-1.073706,-1.475557,-1.001095,-0.415979,-2.283628,-1.311018,0.530072,-0.690587,1.747853,-1.568815
1033,1,0.003886,0.167521,0.089123,-0.536043,-1.330772,-0.544562,-0.280935,-0.508164,-0.684084,-0.193271,0.440759,-1.141620,0.099078,1.044367,-0.563005,0.489711,-0.397156,0.050034,-0.002890,-0.787318,-0.769003,0.300518,1.670788,0.955266,-0.525810,-1.093060,0.454494,1.057626,-0.408890,1.095283,0.178703,0.365100
1034,0,2.312297,0.187442,-1.299867,1.171373,0.687296,0.836413,0.518826,0.097576,-1.439205,-0.135608,0.066979,1.503949,0.967374,1.026709,0.453184,1.698883,-0.132251,1.747846,0.928678,-0.644655,-1.137542,-0.603591,0.244256,-0.569966,-0.215340,0.603699,-0.711858,1.155305,-0.583452,-1.704690,-1.029053,1.038004
1035,3,1.096580,0.482446,-1.372356,-0.586153,0.187438,0.631314,-1.711971,-1.551134,-1.118020,0.955104,0.466501,1.012188,-0.129089,0.400383,-0.861540,-0.873692,-0.540552,-0.297069,2.213645,0.620133,-1.097258,-0.536286,-0.205395,1.120721,-0.659656,-0.054448,-1.042453,-1.285323,1.090098,0.232475,-0.092641,0.650916
1036,2,0.712097,-1.547493,1.552992,-0.075284,0.001378,0.932010,0.973054,0.802091,-1.069561,-0.405946,-0.337573,-0.559936,-0.239572,-0.720318,0.573681,0.495993,-1.567598,0.434471,-0.866904,0.347279,-0.331298,-2.017863,-1.891376,0.558820,-1.516465,0.780609,0.119866,-1.186721,0.082004,1.640785,0.535843,0.747293
1037,2,-0.337191,-0.981948,1.298955,0.021974,-0.567823,-0.372048,1.714402,0.014946,0.109639,0.550202,-0.320225,0.469778,0.617572,-1.241315,-1.334019,0.418593,-0.252446,-0.009360,0.348294,-0.240624,-0.927966,2.795765,0.666473,0.221129,-0.121974,-0.527555,-1.688264,-0.297210,1.103814,1.400221,0.939696,0.428058
1038,2,1.410700,0.224675,0.563233,0.575143,-0.307213,0.491239,1.499271,-0.146971,0.482312,-0.023508,-0.064328,0.415024,-0.973072,0.571840,-0.755416,0.146239,0.942963,1.558064,-0.451932,0.131454,0.113541,-0.019302,0.324417,0.950683,-1.024512,-0.254684,-0.505083,0.379691,-0.023240,-0.628227,0.441190,-0.907178
1039,0,1.277344,-0.566907,-0.390961,0.406671,-0.439929,-0.899081,0.754980,1.077939,-1.320318,0.643405,-1.987975,0.508669,-0.128647,1.461491,-2.116589,0.163301,-1.306002,-0.177896,-1.249634,1.589335,0.353859,-0.139397,-0.311452,-0.712161,1.136385,0.356795,-0.856876,-1.834796,-0.132599,1.206098,-0.579253,-0.317151
1040,3,0.631449,-1.612222,-1.420306,-0.805735,0.432909,1.219205,1.044375,-0.619335,-0.195713,-1.149785,-1.771380,0.454990,-0.759394,-0.049435,0.505527,0.985049,0.951497,0.934239,-0.117658,-0.877328,0.938485,1.451910,0.663094,0.632265,0.437850,0.970128,0.016419,1.827976,0.850751,-0.538447,2.605118,0.315223
1041,1,0.272547,1.289880,0.722177,1.415809,-1.625562,-1.333290,-0.787710,2.076594,0.639631,1.336760,-3.100008,-1.220405,-0.709232,0.725365,-0.720931,0.957996,1.359604,0.159193,-0.787317,-0.375864,-1.428564,0.721906,-0.619972,-0.280062,-0.243491,-1.109592,-0.308783,-1.216846,-0.286317,1.246204,-0.210550,-0.530178
1042,1,-1.514471,2.774606,1.470708,-0.524566,0.352655,-0.215012,2.392306,-1.085483,-1.299953,-0.272944,0.526091,0.216348,-0.057677,0.424751,0.710808,1.593906,0.511126,2.017708,0.886442,-0.322047,-2.173948,1.132224,-1.587961,1.922051,0.232129,-0.800879,-0.488422,0.840504,-0.143911,1.309669,-1.188930,-0.159080
1043,2,2.093684,-1.360663,-0.769694,-1.205376,2.515261,0.595175,2.918780,-1.774358,0.723629,-0.570325,0.320039,0.375670,-0.768345,0.507294,0.464414,0.728160,-0.471814,1.428876,1.234511,0.941074,-1.624473,0.870239,0.141946,-1.497163,1.598005,0.083696,-0.105651,0.875429,1.512894,-0.516047,-0.586345,0.422246
1044,0,0.821133,0.071477,-0.298607,1.247200,1.309639,-0.296081,0.874225,-0.210097,1.263314,-0.087711,0.375019,1.028152,0.266040,-0.207771,2.012280,-0.253167,0.086512,-0.793496,-0.524327,0.360888,-0.128675,0.317425,-0.051113,-0.033847,-0.786792,-2.084195,0.323197,-1.782168,1.142743,-0.810811,1.545902,1.911687
1045,0,-0.933129,-1.096722,-0.700442,-1.252879,-1.432928,1.514125,0.275815,0.731813,1.356801,-0.771075,0.079401,-0.126787,0.251980,2.094712,-0.138667,-0.694188,0.794062,1.812663,-0.313753,-1.531592,0.949214,-0.542170,0.639263,1.289442,0.100874,1.630978,-0.482597,0.108838,-1.961948,-0.158701,1.435689,0.355061
1046,1,1.125563,1.493484,-1.867362,0.449773,-0.340172,-0.277685,-0.113220,1.178743,-0.303463,-1.784887,-1.168377,1.678494,-1.292442,0.240003,-0.045977,0.111276,-0.333079,0.295426,-0.274228,-0.272134,-1.035353,0.439665,0.329710,-0.972906,0.976818,0.348863,-0.687974,0.593634,-1.017425,-1.315523,-0.059392,-0.223591
1047,0,1.527132,-0.254966,2.500241,-0.661108,-0.163144,-0.177862,0.662002,-0.227130,-0.293073,1.466460,-0.156706,-0.587849,-0.259992,0.463582,1.232915,-2.982972,-1.028612,-0.782584,-2.092685,-0.713803,-0.347638,0.357874,-0.241064,0.064663,-0.439707,0.586205,-1.522925,0.789539,1.511088,-0.916546,2.388750,0.923029
1048,2,-0.464859,-0.298362,0.049178,-0.581005,-0.209080,-0.846643,1.070833,1.067753,0.398495,-1.016810,1.715880,-0.912250,0.698312,-2.652537,0.979577,-3.692276,-1.415413,0.321545,0.259652,-0.161070,0.511132,-0.068347,0.648776,-0.259056,0.237313,-0.894828,0.387058,-0.733699,0.587459,0.209995,-0.512793,-0.799260
1049,1,0.671517,0.314950,-0.413829,1.093014,-1.050932,-0.729153,0.030422,0.894441,-0.686561,-0.855308,-0.400635,-0.391544,-0.077161,-0.612568,-0.950215,2.012978,0.064035,-0.337603,-0.820805,-0.138213,-0.389709,0.688962,0.443342,0.721515,-0.885657,-0.574080,0.439023,0.447049,0.122665,0.375531,0.857511,-1.316602
1050,0,2.123554,0.131740,-1.105073,-0.122212,-0.079078,0.140823,0.742613,-1.156154,1.266456,0.211481,0.843123,0.551967,0.474622,0.402500,1.520140,2.183660,-1.170777,-1.608496,1.130731,-1.511865,0.064688,1.533573,0.115247,-0.149404,1.050146,1.175232,1.841502,0.150566,-0.501291,-0.509245,-0.091825,0.686670
1051,3,-0.473488,0.896721,1.495637,2.165360,0.670664,-2.419172,0.168238,-0.349128,-0.369664,0.361092,-0.651536,1.192525,0.792236,0.636463,-0.641400,-1.173961,0.539531,0.554394,-0.309254,-1.748473,0.952032,1.658600,-0.334991,-0.606698,0.757096,0.593542,-0.904634,-1.054829,-0.580513,0.635194,-0.795636,1.459594
1052,1,-0.685242,-0.051811,0.432322,1.429401,-1.245624,0.353391,1.072929,-1.057816,-0.576434,0.979038,-0.499314,-0.318787,0.300662,-2.010491,-0.903056,0.052620,1.467899,0.240652,2.420836,-0.872480,-1.020763,0.683197,-0.329564,0.992555,1.470605,0.354171,1.070668,0.418716,-1.756117,-1.720908,0.387694,0.445272
1053,2,0.942559,-1.088556,1.617888,-0.763088,0.486637,-0.229601,1.390350,1.210239,0.328486,-1.665778,1.673913,-0.768948,0.018171,-1.211679,0.607923,0.728256,-0.944037,-0.618401,0.157359,-2.123830,-1.768680,0.248007,1.390716,0.626817,-0.316750,-0.010282,-1.738123,0.926255,-0.259541,-1.129873,0.168358,-0.498490
1054,0,0.211210,0.828999,-0.894588,-1.575271,-0.428772,-0.836949,0.653639,-0.605937,-1.708662,0.375150,2.240457,-0.237423,1.812106,0.002694,-1.157254,0.418083,-1.024987,0.538832,0.658745,-1.548043,1.344761,-1.640549,0.944521,0.026795,-2.033329,-0.563604,1.114883,-0.072011,-0.434643,-0.969685,1.454048,-0.542819
1055,1,-2.180741,0.802931,1.163219,0.229210,1.318328,0.239180,-0.178807,0.803833,1.546347,1.657697,-0.032091,-0.746058,1.179043,-0.380099,1.804722,-0.307539,0.167672,-1.262128,-1.018358,-0.700832,-1.159470,-0.220135,-0.127094,-0.639717,0.259327,-1.557525,-1.226598,0.399409,-0.381045,-0.106708,0.094666,-1.132645
1056,2,-0.521701,-1.616971,0.410964,0.053633,-0.159225,0.207427,1.598584,0.489500,1.181698,-0.887176,-1.821727,-0.490989,0.921747,0.487839,-3.868317,0.514597,-0.058616,-0.226768,-0.482256,0.189474,0.362991,-0.197372,0.098650,-0.352686,-1.099333,-0.386470,0.411968,-0.297281,-2.009149,1.555321,2.187186,-0.111895
1057,2,0.381586,0.591927,-0.631430,-0.627535,-0.329776,-1.492852,-0.089163,-0.441077,1.053771,-0.538603,-2.265889,-0.194355,-0.488637,-0.563844,0.242360,-1.287955,0.576397,0.070252,0.472462,-0.743879,0.629843,0.160855,0.179882,-0.299026,-1.082466,0.287376,1.637517,0.415885,0.607104,-1.631615,-0.126554,1.694614
1058,2,-1.265888,-0.510059,-0.234829,-0.237957,-2.395908,-1.176484,0.292325,-1.246843,-1.995465,-0.545256,-0.470803,0.284940,1.636876,0.355198,-2.019897,0.804978,-0.075294,-0.065549,-0.123023,-2.203374,1.421553,-1.662418,1.295683,-0.833853,0.226974,-1.130141,-1.875588,0.851604,0.336882,-1.162515,-0.153349,-1.489715
1059,1,0.091462,1.085692,-2.104676,1.650377,-1.193407,-1.795692,-0.976507,-1.955609,-0.376662,0.680294,0.096903,0.128663,-0.273298,-0.162166,-0.100713,1.146884,-1.382449,-0.795178,1.849145,0.771284,1.267570,-0.618989,0.075099,-0.989816,-0.384557,0.488320,-0.526084,-0.156198,0.327080,0.502904,-0.777856,1.402190
1060,1,-2.339111,1.620281,-0.002394,0.223679,-1.013352,0.274255,-0.687025,1.954567,2.398893,0.987621,-0.117602,0.631954,-0.489985,-0.803410,-0.585167,-1.655848,-1.804854,0.424894,1.346860,-1.072228,-0.511154,0.414203,0.526756,-1.450601,-0.839509,-0.001392,-0.715076,-0.501750,1.142882,-0.426357,0.178255,1.061994
1061,3,-1.153663,0.517716,-0.656832,-1.617455,-0.147165,-0.336276,0.186390,1.018551,-1.015416,0.358176,0.120064,0.234500,-0.309395,0.350845,-1.076692,-0.093948,-1.352469,0.071487,-0.703828,0.181427,0.002669,0.457369,0.167887,-0.619914,-0.502816,0.399965,2.691215,-0.575280,-0.795854,-1.014895,-0.335524,0.362693
1062,3,0.334196,-1.325842,-0.908288,1.301339,-0.566919,-0.078266,-1.332632,0.067084,0.015879,-1.741681,0.113529,-1.989231,-0.696510,-0.137988,0.161358,1.901623,2.232494,-0.481828,1.729059,-0.076896,0.846406,0.033536,0.477512,-0.725917,0.096939,1.230171,-0.991091,1.360137,-1.926994,0.262618,-0.911459,1.093172
1063,3,1.571689,-1.995279,-1.456771,2.194717,0.667942,-0.825848,-1.347491,1.268923,-1.424158,-0.309666,1.545695,-0.201831,-1.728486,-1.569619,1.174188,0.178856,-1.952681,-0.662483,-1.247527,3.826048,1.183901,0.278815,0.018655,0.524378,-2.332966,2.568599,-1.500004,1.650203,-0.823255,-0.401248,0.196713,1.029936
1064,1,0.152491,0.020087,-0.169347,-0.195769,0.855413,0.686166,0.055958,1.591361,0.788705,-1.313732,-0.551635,-0.827670,0.809706,1.547614,-0.559839,0.249167,-0.849524,0.443306,-0.608433,-0.673382,0.494405,0.330095,-1.700488,0.612495,-0.807403,1.093614,-1.500429,1.529230,0.132288,1.276150,-0.150559,0.901025
1065,3,1.588822,1.050847,1.095610,1.551765,0.916381,-1.133067,1.927941,1.649519,-3.088514,0.837398,-0.756467,0.621335,1.385984,-2.490095,1.290759,-0.947150,-0.052745,0.156755,-1.327563,-0.949572,0.246122,0.889924,-0.004974,-0.807123,-0.233858,0.469542,0.214726,0.817865,-0.700283,-1.569528,0.834878,0.375354
1066,2,1.610091,0.246295,1.407364,-0.479956,0.735758,0.433221,0.473497,0.240281,0.188670,-0.002465,-1.112675,0.896070,-1.751257,0.726619,0.814589,1.269130,0.502748,-1.449646,-0.674185,-0.409042,0.517188,-0.738523,-0.385782,-0.031610,0.039879,0.426426,0.418690,-2.368683,-2.187600,-0.142417,0.432264,0.264521
1067,1,-2.026813,-0.422394,1.267579,0.697207,-1.135732,-0.261967,-0.140813,-0.851534,0.748227,0.128488,1.382917,0.637143,0.313121,0.715082,0.949583,1.558641,0.734047,-0.195838,-0.832043,1.098150,1.263105,-0.217337,1.204140,0.134323,0.214852,0.771255,0.557319,0.799585,0.123590,-0.388046,0.469508,-0.105991
1068,3,-0.832423,0.060771,-0.107852,1.648288,-1.126508,-0.764442,-0.991829,0.327965,-1.104054,0.538562,1.107276,-1.528041,1.708324,0.174151,0.044927,0.850878,-0.809082,-0.041176,-0.810196,0.699240,-0.714717,0.156826,0.327924,-0.569786,0.793809,-0.006554,1.552449,0.052596,-0.521429,-0.666421,0.231077,-0.687959
1069,0,0.926980,-0.681526,-0.418163,-0.864818,-0.752076,2.167325,0.863276,-0.754785,-0.072108,-0.322354,0.200892,-0.194629,-0.479781,1.022636,-0.327230,-0.492111,-1.689126,-0.482666,0.494842,-1.089163,1.498714,-0.119495,-0.639540,-0.089031,-0.039918,0.016954,-0.048531,-0.147774,-1.022937,-0.263486,1.445805,-1.410426
1070,2,-0.321754,2.323455,2.171160,0.335704,-1.332128,0.086511,0.154356,1.829504,-0.213267,0.435001,-1.156732,-0.705812,2.354309,0.736282,-0.047095,-0.169877,-1.200897,-2.566151,0.346766,-0.353044,-0.869797,0.174851,0.287007,1.673807,1.536594,-1.469402,-0.024744,0.960717,0.015275,1.877851,1.087380,-0.580037
1071,0,0.684374,-0.366058,0.142297,0.543479,-1.078272,-0.041405,-2.172876,-1.420949,-0.733509,0.880766,-0.560553,2.194221,-0.498738,-1.433741,0.198118,-1.051609,0.020342,-0.111164,-1.259933,-0.111789,-0.320923,-0.291560,1.058851,0.001715,0.450283,-0.644334,0.562442,0.273039,-0.555064,1.274979,-0.347310,0.072159
1072,0,2.055484,0.356975,1.689997,0.261477,1.639615,-1.805410,0.184328,-0.885387,0.230111,-1.225617,0.224373,-0.428723,-1.343538,-0.128980,-1.123865,-0.867665,0.637730,0.679512,1.610634,0.367958,-0.580562,-0.825339,-0.406245,-0.480262,1.102724,0.123322,0.327055,1.588612,-0.050048,-0.153464,-0.326359,-0.931280
1073,1,-0.136380,-0.344629,0.580931,-1.896140,0.250563,-0.659275,-0.597048,0.832051,0.563052,-0.369085,0.258582,0.670121,-0.836468,-0.775359,-0.545269,-1.066800,-1.420717,0.273499,0.661851,-0.043224,1.016446,-1.677914,1.303472,2.076711,-0.695294,0.525322,0.573234,-0.009980,-1.746010,0.185315,-0.435078,0.879123
1074,1,-0.655510,2.604024,0.543086,-0.411398,-1.917870,-0.658120,0.592351,0.176327,-0.270843,0.074134,-0.199309,0.333703,0.232666,-0.934025,0.169116,0.461238,-0.412592,-1.788074,-0.010946,0.605778,0.301607,-0.214232,1.117834,-1.601426,-0.355679,0.551239,2.494093,-0.278205,-0.349278,-0.863990,0.690620,-0.692639
1075,2,1.481367,0.473482,0.963212,0.620583,0.550120,-0.827321,-2.013366,-0.858690,0.026652,-0.159031,-1.707106,0.690517,-0.252348,0.422286,-1.466499,0.376339,0.904977,0.939999,-0.251987,-0.213341,-1.699148,1.311805,-0.336578,2.328279,0.700089,-1.067673,1.551556,-0.199789,-0.443214,1.183613,-0.239266,0.346334
1076,0,0.340661,0.971297,0.167443,0.819541,-2.232637,0.771085,0.056528,1.172366,-0.157272,-0.046131,-1.654570,-0.482677,-0.376998,1.058257,-0.559661,1.026593,0.390299,0.722380,1.227015,-1.123075,-0.607752,-0.876547,-1.328109,-1.430992,-0.188389,-1.878111,0.202533,0.733518,-0.165045,1.467281,0.966101,-1.542760
1077,0,-0.052104,2.070844,-0.533598,0.372017,-0.143314,0.538739,0.196132,0.306041,-1.283873,1.736037,-1.375110,-0.017308,0.955912,1.430715,-0.169470,-1.223216,-0.203675,-1.005344,0.613381,0.030313,0.113158,1.394792,0.693361,-0.191102,-0.904170,0.021902,-1.002154,-0.733293,-1.427360,0.773493,-0.220327,1.285843
1078,0,0.508880,2.214719,0.768171,0.010595,-0.360028,-0.644557,-1.373728,-0.142449,-2.293101,0.235679,-1.631474,-1.303130,-0.629310,-0.585054,-0.852033,-0.824790,-0.438437,-0.108015,0.024678,0.642034,0.197423,0.437265,-0.370646,-1.239514,-0.543751,0.863941,-0.915229,0.572863,-0.542731,0.256762,0.093100,-0.018376
1079,3,-1.001702,-1.383855,0.918883,2.125723,-0.880658,-0.440278,-1.043464,-1.053990,0.155651,-0.272149,-1.159750,0.886302,1.617516,-0.312656,0.984390,-0.564334,-1.341711,-0.064875,-1.803983,-0.281040,0.113336,-0.079129,-0.376329,0.948461,-0.484575,0.273342,0.266562,-1.015434,-0.285840,-0.182743,-0.352069,-0.584072
1080,0,-1.191991,0.339659,-1.261074,1.235772,-0.939199,0.443428,0.974093,0.110098,0.525007,2.489008,-0.844608,-1.303279,0.780820,-0.494670,-0.707014,0.560160,-0.665027,-0.990593,1.463758,0.840841,0.771189,-1.029796,0.431832,1.763524,0.151230,0.582290,-2.807962,1.129556,0.323349,-1.014410,-1.729716,0.526175
1081,3,-0.071841,0.572124,0.520340,0.118556,-0.931626,0.874766,1.137864,1.308531,0.656091,1.418385,0.457414,0.666338,-0.422421,1.453066,0.438972,1.290669,1.868627,0.776699,1.272295,-2.013986,1.784113,0.198190,0.950315,-2.256213,0.252865,-0.133265,-0.628522,-0.402055,0.078673,0.309992,-1.790731,1.364670
1082,0,0.785645,-2.090827,0.160919,-1.171850,-1.422477,-0.350055,0.115315,0.192409,1.116750,1.667824,0.455700,0.462885,-0.142536,-1.226341,0.746338,0.083091,0.891655,1.105810,1.497250,2.488920,1.440339,-1.198492,-0.198220,0.491235,-0.206141,1.160032,0.958345,0.747186,0.091483,-0.293566,0.002165,-2.317324
1083,1,0.754457,0.146320,-1.504649,-0.902668,0.084637,-1.164437,1.148745,-0.488499,1.237617,-0.144057,0.528763,0.655565,0.405649,-0.876206,-0.712282,1.341309,-1.802782,-1.098705,-0.434175,1.259851,-0.501466,-0.841911,-0.793405,0.180626,-0.705816,-0.539071,-0.951116,-0.089754,-1.478599,-0.146931,-1.864837,-1.504011
1084,1,1.857750,0.980151,-3.499960,-0.858222,0.862827,-1.918563,-1.254731,-0.208037,-0.603661,0.096045,-0.356182,-0.306654,-0.076306,-1.073127,0.886723,-1.078478,1.269656,-0.426932,0.861111,-2.831575,1.059099,-0.584656,-0.190529,0.926895,-0.245115,0.123463,-0.697746,0.217678,1.350672,1.241698,-0.513690,0.798652
1085,2,0.703593,1.133400,0.619385,0.193317,0.917861,-0.032750,0.028390,-0.099560,0.380771,-0.288477,-1.907413,-0.114380,-1.748051,0.073532,-0.470047,-0.855959,0.369949,-1.823190,0.158278,-0.627390,1.560211,-0.997137,0.020445,0.030742,0.081964,-1.355756,-0.893640,0.021230,-1.563112,-1.092293,0.375890,-0.957331
1086,1,-1.339197,-0.106669,-0.880531,-1.221985,-0.012164,0.300208,-0.606838,0.322275,0.689214,1.113301,-0.137515,-0.470490,-1.417480,0.200924,0.027739,0.508979,-0.119331,1.397801,-0.590451,-1.051040,-0.182454,1.519796,-2.240021,1.545540,0.118419,-0.052896,-0.580435,0.571048,1.206022,1.113755,1.303161,0.159938
1087,2,-1.794432,0.752226,-0.335164,-0.556158,0.537636,1.328565,-0.614424,-0.098163,-0.359036,-0.210223,-1.521818,-0.052496,-0.722849,-0.619259,-0.963938,-1.261886,0.646237,-0.451205,-0.843937,-0.439373,-0.257227,1.361400,-2.584503,-1.014250,1.675946,-0.845404,1.308354,0.322189,-1.602620,-0.095286,0.472748,0.449180
1088,1,0.035439,0.359437,-0.012124,-1.557602,-0.173913,-1.246428,-0.113842,-1.585585,-0.984255,1.141294,-0.062493,-0.810798,-0.274047,-2.673042,-1.869879,-0.176811,0.947174,-0.111856,-0.880282,3.388548,-0.051990,0.105563,-0.519332,0.038267,-0.501655,0.707232,-0.759464,0.242596,0.381702,0.652123,0.806182,-0.997010
1089,2,-0.962655,-0.349852,-1.339488,-0.911334,-0.897808,0.827652,0.489865,-0.152285,-1.272221,0.283542,-0.893100,-0.002010,-0.957541,-0.387219,-1.316495,-0.298847,-0.333965,-0.961508,-0.171588,-0.617067,-0.200276,-1.902520,0.294291,0.082269,-0.487736,-0.461015,-0.456995,-0.067548,1.192022,-0.711667,-0.931037,0.233105
1090,3,-1.173618,-2.141370,-0.710824,1.904885,0.024419,0.524920,-0.049810,-1.697486,0.647736,-0.246372,-0.478795,-0.725208,2.841882,1.117381,-0.412731,-1.329205,0.542839,-0.812444,0.609748,0.271212,0.547547,0.146460,-1.746581,-0.058085,0.010477,0.793272,-1.590929,-0.585103,-0.023035,0.152577,-0.659912,-0.782567
1091,0,-1.446739,0.931621,0.453505,-1.590557,0.756481,-0.850510,1.778227,0.466251,-0.249999,1.351348,-0.465271,1.473314,-0.094028,0.267900,-0.869254,-1.211423,-0.355116,-0.036865,0.708257,-0.531507,2.141182,-1.474274,-0.240542,0.747059,0.223015,0.192823,-1.403708,0.589037,1.357635,1.000958,-0.078946,-0.641697
1092,0,1.422494,-0.256851,-0.147541,0.978170,0.571716,0.737394,-0.542360,-1.084502,-1.226630,-2.095280,1.996884,-1.416784,-0.778518,2.209529,-0.608480,-1.239090,1.496371,-0.020500,-0.105437,0.229212,-0.945427,0.321277,0.148410,0.809793,1.622209,-0.860560,1.985840,-1.491810,-1.097703,-1.809829,-0.224327,0.412863
1093,1,-0.903573,0.028541,-1.710211,1.696719,-0.759660,-0.998621,-0.116036,0.778582,0.048488,1.342504,0.447543,-1.551767,-0.096158,-2.180920,-0.294801,-1.829638,-0.693183,2.375266,1.315256,-0.198208,-0.935831,1.931830,0.220889,-0.820036,-0.517431,1.912065,-0.903683,-1.514208,-0.408280,-0.305055,-1.163014,-0.684740
1094,0,1.276750,0.574693,-0.831532,0.444407,-0.300281,-0.352676,0.564095,-1.496802,-1.107041,-1.708967,-2.305056,0.177447,0.227816,-0.329017,1.306991,-1.259307,2.002120,0.281269,-0.783678,-1.333834,1.351204,-1.336061,0.511904,1.252414,0.762284,-0.184590,-0.639443,0.895932,-0.318785,0.548316,1.013282,-2.217254
1095,2,0.060820,-0.580427,0.223814,-1.087969,0.149185,0.138951,-1.116901,-0.293648,-0.346211,-1.079545,1.481437,1.442348,0.938719,-1.508772,-0.799654,0.264201,-1.293226,-1.100968,1.107257,0.656162,-0.651972,-3.314253,0.071915,-1.212771,-0.566484,-0.099915,1.809333,-0.154597,0.953909,0.725842,1.848683,0.301980
1096,2,-0.213089,-0.409625,1.749261,0.433257,0.710294,0.252570,0.200916,-0.734885,-2.404021,-0.888613,0.736736,1.138634,-0.392210,-0.935173,1.129603,0.537462,-0.392035,-1.200060,-0.050961,-0.401816,1.421449,0.175363,0.870980,-1.340694,-0.774117,0.143159,-0.127818,-1.334986,-0.078827,-0.132074,2.098227,0.714971
1097,2,-0.104728,0.272731,1.397738,-0.556091,-0.592162,-0.300673,-0.912317,-2.202369,1.167429,-0.104724,-1.504473,1.059070,0.582848,0.928776,0.751017,-0.460098,0.002008,-0.247895,-0.156280,0.852335,-1.658394,0.044281,-0.239528,0.224489,-0.871939,0.335403,-1.489102,-0.997080,1.685526,0.700240,-0.644858,-0.400223
1098,3,0.229300,0.131805,-0.538362,0.127059,0.759297,-0.067876,-0.270240,0.413324,-1.378837,-0.055939,0.409176,0.677516,0.521258,0.791083,1.857604,0.630043,1.454082,1.272194,0.361994,-0.096968,-2.953494,1.846088,0.326339,0.024458,0.148346,0.037509,-0.000910,0.596421,-0.115901,-0.195540,2.781695,-1.649963
1099,3,1.561997,-0.072177,-1.102268,-2.349792,-0.970849,-1.422120,1.957808,0.934532,-2.452128,0.530325,-0.014743,0.846647,-1.221478,-1.005805,-0.732248,1.591281,1.712130,-0.150231,-0.229899,-1.303728,-0.967393,-0.350352,-0.050716,0.696370,0.550161,0.972958,0.279691,0.672258,0.892978,1.310012,-1.520377,1.109139
1100,3,-1.833262,0.686825,0.735356,0.820685,0.910905,-0.413542,0.201402,-1.248614,1.823187,-0.133889,-0.712079,1.120111,0.833242,-1.218321,-1.431816,0.874729,-0.722335,-1.234964,0.556034,-1.534402,-0.671490,-0.631642,-2.228632,0.211752,-0.670485,0.046247,-0.545873,0.073293,-1.336695,-1.550919,-0.867346,0.053875
1101,1,-1.415681,1.354284,-0.650845,0.579208,-0.430914,-0.098533,-1.480725,-1.180004,-0.085848,0.652265,0.477951,-0.243374,0.263822,-0.558441,-0.917492,1.255729,-0.384814,0.652779,1.267201,-1.756527,-0.472169,1.896794,-0.331604,-0.581078,0.464531,-0.443817,-1.478351,0.062608,-0.483541,-0.666478,0.704085,-0.589677
1102,2,0.183697,1.047602,1.218611,-1.337798,0.303321,1.031451,1.097078,-1.634607,0.169087,1.718173,-1.181025,4.731958,1.217498,1.176445,0.737759,-0.756004,-0.045630,0.975843,-0.790399,-1.369253,1.269166,-1.642836,0.013153,1.699844,0.351266,0.745200,0.445806,1.035596,0.829013,0.528374,0.878571,0.609972
1103,1,-0.236219,0.200011,0.459127,0.361884,-0.451035,-0.264269,-1.817298,-0.430048,-0.008141,0.499941,0.216068,0.425602,-1.725521,-1.092141,-1.205109,-0.134316,0.699073,0.794071,-0.469237,-0.003251,2.118637,0.749479,-1.220735,0.259279,-0.986721,1.223074,0.038312,0.754560,-0.493510,0.385920,0.609584,-0.364000
1104,1,-0.062256,0.671012,0.201980,-0.024091,0.403009,0.266639,0.042970,0.254131,0.807865,-0.216163,1.501233,2.175207,-0.176182,2.584402,-1.689292,-0.104661,-0.429966,0.632448,0.096537,-0.192383,0.795208,1.347213,1.329681,-0.906487,0.029197,-0.242928,-0.010822,1.503259,-0.428041,-0.798814,-0.476327,-1.209557
1105,1,0.386869,2.806135,-1.283373,-0.743560,1.809573,0.273445,0.557787,0.708123,-0.199334,0.357203,0.514972,1.390477,0.564851,0.169985,-0.270096,-1.055794,0.249077,-1.509840,-0.266834,-0.416440,-0.892009,0.449997,-1.462236,-2.397629,1.439729,0.213214,1.375960,-1.249622,1.148708,1.863041,1.069019,0.034709
1106,2,0.075345,-0.408815,0.901595,-0.245486,-1.430738,1.615830,1.393345,2.624543,-0.037396,0.485739,0.636058,-0.916799,-1.204263,0.195722,-0.178511,-1.419277,0.412070,-0.424563,0.390116,0.899794,-1.521311,-0.503656,0.989024,-0.063531,1.280871,1.226830,-2.721984,-0.225086,-1.382587,-0.464239,0.404945,-0.019532
1107,0,0.207051,-1.290116,-0.148470,-0.591986,2.507649,-0.133089,0.524784,1.439626,0.626048,-1.362602,-1.866227,-0.086062,0.096089,-0.390301,-0.362893,-1.721262,-1.445090,0.095678,-0.341445,-0.201930,-0.221080,-1.510481,0.026581,0.870060,-0.601525,-0.367115,-0.057908,1.509098,-1.001757,0.695340,-0.111342,-2.554806
1108,0,0.646511,0.347809,0.124312,0.194258,0.071835,0.725912,-0.459449,-0.483878,1.249646,0.262482,0.360039,1.096559,1.456736,0.174571,-0.681802,1.235831,0.460052,-0.122120,-1.380848,-0.266529,-0.609622,0.475957,0.182204,0.144654,-0.019752,0.398521,0.704269,0.190261,0.004252,0.098772,-0.134774,1.576569
1109,2,0.433782,0.157771,1.684345,-1.609555,0.188173,0.354782,-0.260214,-0.147563,0.401255,0.779363,-0.598965,0.036269,1.115345,-1.340718,-0.230196,0.173106,0.195517,2.406592,1.094435,-0.349972,0.728036,0.794624,-0.364626,1.547864,1.136474,-0.705581,-2.156481,-1.582321,0.567609,-2.624758,-0.270216,1.083782
1110,2,1.838791,-0.760173,0.835591,0.110284,-0.725899,0.879996,-0.791579,-0.547372,0.704162,1.529893,-0.888476,2.075056,1.010362,-1.573422,-1.891544,1.580563,1.298703,0.788340,-0.676523,-0.656832,1.465989,-0.324246,0.338449,0.369292,1.419481,-0.301745,0.805557,1.427858,-1.299884,-0.039913,-0.925325,-0.825968
1111,1,1.742822,-0.929176,-0.236889,-0.582041,1.557687,-1.647970,0.058919,0.625684,-0.521702,0.381134,-0.353387,0.620668,-0.303762,1.178486,1.599869,-1.715564,0.005526,0.705912,1.669176,0.665614,-0.720788,-0.362286,-1.170585,1.798488,-0.445817,0.607991,-0.044492,0.398088,-0.789446,0.378211,0.471084,0.364652
1112,1,1.255908,2.084975,1.209249,-0.456615,0.403530,-0.844774,0.798037,-0.062142,0.934406,1.022500,-0.765592,0.888295,-0.802124,0.459003,1.137749,1.322347,1.987970,0.403531,-0.170260,0.596372,-0.721216,-0.319329,1.878377,-0.728071,0.323393,-0.169757,-0.565714,0.316788,-0.089235,-1.626356,0.632641,-0.232821
1113,3,1.785927,0.667998,-1.862631,0.839557,-0.088863,0.310997,0.513304,0.912320,0.656131,1.483769,0.254352,-0.627774,-0.205612,-0.203334,0.866798,0.155953,1.849953,0.799491,-0.136761,-0.566062,-0.480711,1.121441,0.633173,0.914795,1.096258,-0.225730,0.468299,-0.878725,0.129951,-0.402025,-1.420788,0.322228
1114,0,1.253149,0.680831,1.094280,-0.844641,1.019383,-0.405416,1.476481,0.840302,-1.091392,-0.703712,-1.078710,1.107764,-1.234758,2.028443,0.590042,-0.442926,2.520660,-0.373971,0.416013,-1.323485,-0.293736,2.933994,-0.399451,-2.063385,-0.553201,1.211701,0.105096,1.249284,1.217534,-0.535472,0.538213,-0.144879
1115,1,1.744314,1.065135,-1.081941,1.851512,0.459007,-0.390884,-0.764100,-0.023507,0.445316,1.041168,0.208499,-1.404982,0.568741,0.835222,-0.134930,1.646275,-0.649361,-0.161753,-0.635106,-0.615907,1.275408,0.700067,2.326886,-0.064917,-0.986972,-1.216640,-0.625802,-1.085504,-0.586232,-0.425439,0.455362,0.347367
1116,2,-0.192687,1.510702,1.570204,-1.135137,0.138271,0.781234,0.621466,-0.634263,-0.687413,0.010227,0.179749,1.500416,0.881382,0.977284,0.091997,0.270162,0.765250,-0.085823,0.738444,0.898024,1.095669,-0.277285,0.203973,-2.249941,0.080040,0.135783,-0.338879,-0.998505,-0.042838,-1.531015,-0.313191,0.907751
1117,2,-1.958337,-0.328575,1.345712,0.682044,-1.185078,-0.077915,-1.215895,0.359998,-0.169969,-0.464873,1.360888,-0.161078,-1.149047,0.622551,0.547372,0.413737,-0.092799,0.343947,-1.590109,-0.929256,-1.334433,-0.740361,0.427322,-0.075842,-0.496444,1.054477,-0.078360,-1.144805,-0.206193,0.201008,0.121692,0.166285
1118,2,0.368764,0.187457,0.131368,-0.129000,-0.781854,1.468523,0.084128,-0.200157,1.145766,-2.545446,1.286027,-0.280684,-0.794982,-1.517277,-2.777668,-1.911776,2.076772,-0.659039,-1.219791,-1.267319,-1.110479,-1.848325,-0.515995,0.710099,1.150343,0.868955,-1.060429,1.322554,-1.083712,-0.694634,0.882585,0.335604
1119,2,1.555907,0.483543,2.113433,0.472017,0.520245,-0.009124,1.128499,0.353168,-1.575549,0.885589,1.476951,-1.090280,0.006727,0.736768,1.060388,-1.186133,-0.471070,-0.303766,0.579146,1.296462,0.116862,1.559680,-1.171111,-1.864851,-1.790090,0.370388,-0.797292,0.084227,0.211453,-0.190712,-1.267986,1.340463
1120,3,0.624146,-0.145074,1.406387,0.629965,-2.789128,0.205141,0.031786,-0.253277,0.256382,-1.735441,0.747439,-0.541130,-0.863944,-0.395818,-1.781901,-0.025294,-0.209815,-0.896794,-1.005693,-0.400435,0.321033,-0.276855,-1.046804,-0.788154,-1.760425,-0.503372,-1.075545,-0.887252,0.138444,-2.148023,0.770401,1.152066
1121,2,1.066223,1.266360,1.440266,-0.920501,-1.353309,-0.827860,-0.508319,-0.058767,-0.580666,-1.066723,0.398751,1.395279,-0.199464,-1.511697,2.132272,-0.001292,0.078889,0.793595,-0.384425,-0.416172,-0.857350,-1.099476,-0.007065,1.249744,-0.273092,2.378353,-0.873392,-0.805725,-0.452704,1.249895,-0.432351,0.616602
1122,2,0.007985,1.468192,-2.150234,1.457828,0.974523,-0.173795,-1.214202,-0.107142,-2.384097,-0.545996,0.802250,0.718447,-1.040947,-0.606291,-0.692697,1.914724,-1.165039,2.055864,0.392731,1.118374,-0.679627,0.356004,-0.076923,-0.265838,-0.325558,0.368667,-0.393277,0.288628,-1.189639,3.157629,-0.798271,-1.065912
1123,3,-0.217270,-0.187193,1.451967,-0.211408,0.530013,0.746135,-0.798503,-1.681499,0.597726,-0.416689,-0.124648,0.121644,0.812206,-0.472175,-1.064295,-0.436492,0.177529,-2.819177,0.058048,-0.136765,1.387454,0.440579,-0.335776,0.029475,-0.509526,1.018079,0.556389,-0.631481,0.888847,-0.486192,-0.600439,1.212938
1124,3,-0.486366,1.461563,-1.399442,0.238003,-0.873106,-0.527030,0.677741,0.665953,-0.132218,-1.502142,-0.854684,0.204654,-0.132252,1.228801,1.405089,-0.054969,-0.463634,1.354981,-1.482469,0.550144,0.482993,0.429548,-1.138600,0.639201,1.255330,-0.012490,-0.888597,-1.249561,0.976934,0.487405,-0.569130,-0.423187
1125,0,-0.575779,0.202960,-1.155778,-1.293517,-0.629994,-1.274739,2.829654,0.926587,1.358943,1.239200,-0.323476,-1.583467,0.787451,0.636981,0.639882,0.898770,-0.509001,0.518948,-1.044110,2.492193,1.673324,1.151843,-0.849390,-1.716179,1.288060,1.510371,0.398099,-1.097347,-0.087964,-0.050838,0.484778,-0.115403
1126,3,1.641825,-0.788310,0.743208,-0.643912,-0.540458,2.088520,-0.214912,0.467080,0.733114,1.551324,-0.907466,-1.237714,0.511525,-0.277908,0.376572,1.460842,0.387009,-0.858823,0.615606,0.738011,0.163319,0.804279,-0.080589,0.636845,0.186880,-1.189791,-0.769666,1.193572,0.236582,-1.459921,0.076587,2.402245
1127,0,-0.446201,1.133240,1.586578,-0.690670,0.456231,1.346733,0.582228,1.035093,-0.265811,-0.701250,0.050099,0.553406,0.003803,-0.214796,-1.380382,0.443501,0.736908,-1.665509,1.738060,-0.562986,-0.400974,-0.328794,0.746428,0.668017,0.208329,-0.214935,1.816421,-1.122583,-0.904190,-0.993541,-0.038103,-0.397840
1128,3,0.939545,-0.339232,-0.224093,0.619425,0.037696,0.453733,-0.632448,2.281421,1.176268,-0.380202,-0.397112,-0.845160,-0.342824,1.470323,-0.653174,-0.266092,-0.179957,2.208509,2.106295,0.060746,1.073638,-2.203259,-0.601795,0.095900,-0.588730,-1.683775,0.035832,0.507137,0.098068,0.486578,1.336920,-2.639669
1129,0,2.138240,0.004413,0.405512,-0.774187,0.450178,-0.059921,-0.262164,-1.181745,1.848033,-0.476888,-1.588691,-0.043788,0.475474,0.886956,0.212181,0.580162,0.107645,-0.300245,-0.906400,0.434608,0.772044,-1.042896,1.327219,0.165116,-1.127776,1.203304,2.251816,-0.241018,1.811489,-0.835346,-0.498979,1.094391
1130,3,0.445394,-1.903024,-0.014862,0.309238,-0.222878,-0.312427,1.949679,-0.915978,-0.435603,1.310271,-0.923848,-0.867849,0.525224,-0.519105,0.010655,-0.846606,-1.950815,-1.119929,-0.025328,1.732676,0.340237,-1.492346,-0.636055,-0.381358,0.519567,-0.117121,-1.303893,1.493421,0.245410,1.245818,2.050266,0.022915
1131,0,0.228320,-0.439600,-0.630265,0.298747,-1.109896,-1.092811,-1.445680,0.432487,-0.102184,1.057526,0.419280,-0.557202,-1.660465,0.699078,-0.213768,-0.874406,0.407044,-1.061623,0.577657,-0.237562,0.157347,0.018236,0.626476,1.719876,0.738607,-0.048462,0.700129,1.732893,0.658747,0.937355,-1.041698,0.252276
1132,3,-0.967594,0.998944,-1.226550,-0.010789,1.424555,-1.038606,-1.508609,0.104391,-0.938579,-0.101163,-0.000880,-1.897471,-0.459642,0.490652,1.606104,0.595720,-0.354663,-1.272301,-0.147599,1.583815,-1.316145,-0.051140,0.293747,0.386481,-0.772822,-1.228674,0.241321,0.262305,-0.372876,0.584664,-0.678186,-0.131113
1133,2,-0.032277,0.456492,-1.010786,-1.167791,1.463560,0.540346,-0.731407,-0.518784,1.984282,-0.728106,-1.456707,-1.580532,1.920050,-1.739571,-0.180789,0.470004,-0.021552,-2.269011,1.190057,-0.874937,0.764323,-0.252464,-0.199781,-0.410546,2.408057,0.933099,1.089479,-0.074084,-0.429165,-0.394652,-0.592309,1.333261
1134,2,-1.381456,0.385728,1.487782,-1.262721,-1.179896,-1.157937,0.165640,-0.530485,0.124480,0.022042,1.346837,0.129096,0.627492,-1.598718,-1.229025,0.229153,-1.005478,-0.725506,-0.240344,-0.766738,1.077614,1.149776,0.004550,1.684765,-1.425149,2.720613,-0.443295,0.434616,-0.330846,-1.778260,0.889122,0.470868
1135,0,-1.257055,0.240262,-0.265136,-1.135581,1.605300,-1.114084,-0.877796,1.001472,-0.085552,-0.616548,-0.407174,-0.531768,-0.361007,-0.724440,0.149588,-0.129323,0.414667,-0.216304,-0.103313,0.457115,-0.902776,-1.187741,0.149852,-0.595172,-0.908378,-0.866019,-0.458469,1.070127,-0.796959,-0.919950,0.983902,0.713906
1136,0,0.520441,0.702088,0.547642,-1.046738,-0.225235,-0.430234,-1.419927,1.437118,0.544339,1.291485,-1.103039,0.125958,0.152635,0.929718,0.809122,-0.162877,0.463478,0.227062,0.172694,0.428281,0.190949,-0.103714,0.206839,1.323959,0.520411,0.831350,0.124173,1.974021,-2.340283,0.753741,-0.051360,-0.401579
1137,3,-0.578901,-1.648903,-0.195774,0.788544,0.039475,-1.431823,-0.851032,0.580128,0.059928,-0.803803,0.312611,1.657323,-0.993145,-1.898306,-1.048243,-0.928146,-1.596182,-0.580373,1.891976,1.479334,0.246753,0.294099,1.849921,-1.143764,-0.554058,0.041540,0.115595,1.691077,-1.190383,0.512575,0.610704,0.350975
1138,0,-0.978251,-0.355226,-1.499298,0.751377,-0.627818,-1.007268,0.569071,-2.282287,0.095264,1.210635,1.142925,1.150516,-1.101543,1.969732,1.208777,-0.324022,-0.449986,-0.036585,0.230683,-1.001560,0.275707,0.905851,-1.408222,1.029994,-0.598770,1.174205,-0.173492,-2.161038,-0.629531,0.986007,0.508437,-1.065232
1139,0,-0.288760,0.564094,-0.622714,-1.395518,-0.832329,-0.048178,0.985155,-0.353351,0.142169,-0.115980,1.326131,1.361814,1.321991,-0.007448,1.429167,-0.213534,0.472933,0.985709,2.600896,-1.283529,-1.064965,2.420323,0.489406,1.034216,1.446663,-1.027547,-0.133796,2.209674,0.359683,0.183327,1.270065,0.234509
1140,1,-0.130237,0.954419,-0.317202,1.566049,-1.676324,-0.461675,-0.725220,-1.374972,0.697721,-0.630833,-0.165955,-1.077263,0.702390,-1.318540,0.250096,-0.146116,0.752703,0.909038,-0.298059,0.608272,-1.440274,2.882449,-0.574124,0.243428,0.858853,-0.437765,0.212687,0.163512,-0.463428,-0.490869,-0.816229,-0.848032
1141,1,1.401440,0.587791,-0.533857,1.448278,1.406326,-0.267179,-0.893162,-0.238940,-0.815936,0.315754,0.569494,0.147066,0.029317,1.762492,2.678075,-0.959669,-2.113685,-1.022146,-0.408116,1.717116,0.120196,-0.489155,1.244527,-2.376573,0.109993,0.127615,-1.015972,-0.319377,-2.000998,1.015088,0.088914,0.880025
1142,1,-1.325648,-0.509689,1.184935,-0.080654,2.172389,0.871007,-0.907834,-0.089254,-1.514266,0.814700,1.664778,-0.308061,0.888791,-0.047926,0.039843,0.241691,-1.893689,0.486094,-1.096129,0.345174,2.513244,-1.303669,-0.996895,-0.399982,0.190377,-0.710818,-1.697034,-0.239131,0.095194,0.034326,2.094515,-0.695237
1143,1,-1.423307,1.835049,0.472904,0.573189,0.716814,-0.717474,1.562705,0.839021,-2.552025,0.138904,0.334625,0.273844,-1.670564,0.328916,1.265332,-0.520638,0.951206,0.752429,1.510614,0.098679,0.353621,0.220968,0.818305,-1.387565,-0.369172,-0.295682,0.977874,0.016360,0.229306,0.191605,-3.081303,0.429330
1144,0,1.764716,1.234057,0.787306,0.392449,-1.187601,1.439526,0.613909,0.019549,-0.301407,1.164903,-1.126231,1.389225,0.207170,0.419232,-0.163692,-1.441865,1.061578,-1.142023,1.490438,1.026440,0.284587,-2.274467,-2.512905,0.531007,0.063017,0.035368,-0.640742,-0.195859,2.973249,0.985509,-0.759357,-1.369175
1145,0,-0.114894,-0.307903,1.788265,0.247495,1.785723,0.062762,0.052271,0.317164,-0.609913,-0.102293,0.299056,-0.748225,0.175165,0.556919,-0.100173,-0.406532,0.435197,0.000783,-0.980866,0.930583,0.229465,0.411141,1.387860,-0.394575,-1.168282,-0.320817,-1.745853,0.699992,-0.319814,-1.892181,-0.974348,-1.273030
1146,1,0.778440,0.928649,-0.065247,1.779993,-2.519547,-1.045330,0.936251,0.047253,-0.668695,0.262889,-1.855364,0.342789,1.353969,-0.394099,1.090326,0.056561,1.735468,-1.144699,0.187245,0.629166,-1.003730,-0.820896,-1.918512,1.406534,-0.431322,-1.126105,1.122204,0.456749,0.489351,0.092536,-0.937798,-0.177769
1147,1,-0.104933,-0.419418,-0.987923,0.355755,3.039847,-0.935141,-0.888059,-1.103929,1.912219,-1.642841,0.570669,1.587749,0.175067,-0.683616,0.103601,0.616970,0.247870,-0.756749,0.839828,-0.634506,-1.176757,0.468390,0.957733,0.267818,0.171620,1.228970,0.456790,0.100634,0.661350,0.317113,-0.050084,-0.935760
1148,1,0.813097,-0.612321,-1.032134,-0.434045,0.762009,1.753235,-0.466598,-2.452458,0.142426,0.276094,0.917678,1.996441,0.829271,-0.629764,0.444732,1.725904,0.270399,-0.254197,-1.924065,0.993199,-0.125739,0.497873,0.692558,-0.244121,-1.614606,-0.630539,4.083823,-0.920116,0.782964,-0.141436,-0.574814,1.356504
1149,0,-0.373277,-0.642365,0.182505,0.849902,0.652236,1.305476,1.050992,-0.352373,-0.070683,-0.380256,0.203418,1.381753,-2.226702,0.384296,-0.831084,0.617408,0.411848,2.024497,-0.481966,0.603320,0.940712,-0.068163,0.537596,-1.142877,0.537311,-1.275289,-0.362523,-0.298770,0.095904,0.541411,-0.463433,0.696903
1150,3,-0.175474,2.039512,0.069194,-0.052783,1.970960,0.982901,0.277844,1.235663,-1.266894,0.008037,0.248251,-0.173350,0.287078,-0.541817,0.989845,0.322199,-0.949766,-1.893217,0.954191,0.219286,-0.724109,-0.309226,-1.155074,0.025513,-1.246333,-0.111945,-1.265077,0.957938,-0.053602,-1.677588,-0.503238,0.966170
1151,1,-1.650458,1.397945,0.680947,1.554915,0.287448,0.136421,-0.160139,-0.994103,-2.161757,0.448865,1.317935,-0.434515,0.530668,-0.758081,0.654835,-0.895112,-0.133175,-0.778759,0.084786,1.510693,-0.399007,0.782544,0.452810,-0.450431,0.602217,0.280150,-0.687933,-0.343766,-0.022246,-0.535199,-1.709340,0.956805
1152,1,0.477817,-1.066863,-0.040763,-0.677880,0.602919,1.673424,0.822844,1.434300,-1.070919,-0.696914,0.034961,0.675590,-2.069949,-0.886019,1.244604,-0.427684,1.527712,-1.519574,-2.179708,-1.364321,-0.573325,-0.735710,-0.297207,0.804738,-1.868628,-0.699691,-0.027950,0.366184,0.684815,-1.525517,-0.110389,-1.663928
1153,3,0.764819,-1.696288,0.259405,-0.643303,-1.550935,-0.167751,-1.470486,0.455981,0.402289,-0.301327,-0.614179,1.077686,1.704563,-0.641403,0.983220,0.271850,0.376647,-2.143935,-0.236103,-0.859300,-0.386931,1.163552,0.363196,-1.658440,0.479895,-0.115092,-0.436476,0.959647,-1.539051,-0.603553,-0.835206,-0.969093
1154,3,1.795638,0.107253,1.218759,0.779844,-1.602351,-1.481390,1.105732,0.244419,1.471355,0.427864,0.098738,-0.195286,1.817979,2.813584,1.305523,1.941215,0.620796,0.362355,-0.144482,-2.140130,1.212239,0.891264,0.651596,-1.958295,-1.135126,0.994483,0.613254,-0.748689,-0.411730,1.158617,-0.353094,-1.314470
1155,1,-0.168708,-0.290334,0.651048,2.362421,0.203151,0.221354,0.800845,0.481651,0.902840,-1.522305,-0.442247,1.041559,0.230898,-0.764499,0.482147,0.079895,-1.849883,0.598222,-0.078503,0.777090,-2.192394,0.987528,1.179389,-1.130045,-0.882611,1.214846,0.803656,-0.339285,-0.005750,-0.066865,-1.020184,0.134140
1156,1,-1.354147,0.178258,1.530065,-0.346873,-0.812442,0.189756,0.459380,-1.069863,2.079671,0.869361,-1.082424,-1.535185,-2.213608,-1.255500,-0.465638,0.327558,-0.575388,0.669532,-0.333144,-1.841921,0.242150,0.720030,-0.122251,-1.805057,-0.337645,0.142390,-1.099235,2.584569,-2.540234,0.209474,0.864512,1.026826
1157,1,0.514147,-0.694474,1.770266,0.652235,0.849803,0.375045,1.730238,-0.745053,-0.262880,-0.585492,0.163451,0.673523,0.123281,-0.299980,-0.838195,-1.164574,-1.428865,0.205247,-1.736683,0.046848,-0.644393,-0.826060,1.442574,1.227617,-1.420954,-0.636083,1.162328,0.936212,-0.710609,0.586113,-0.321185,1.309477
1158,1,-0.848074,-1.583486,-0.718001,-1.663906,-0.129283,0.904059,-0.580077,0.158158,-0.646784,0.319294,-0.069659,0.431873,-0.022106,0.853391,-1.539882,0.377351,1.064989,0.204193,0.869395,-0.700167,-0.487095,-1.017758,0.741593,-1.651714,-0.431610,0.346528,0.726288,-0.654431,1.065832,-0.025973,-0.739118,-1.640360
1159,2,-0.221237,-0.605599,-0.244530,0.530600,0.928000,-0.586849,-0.972849,0.199748,0.261717,-0.463604,-0.720932,2.075205,0.106462,-1.301765,0.405496,0.280212,-0.492686,-0.192834,-0.978860,-0.364809,2.534607,0.420595,-0.047771,0.791326,0.419095,1.156685,0.255654,-0.281951,-0.668763,0.029142,-1.027242,1.777839
1160,2,-2.134953,1.176236,1.307295,0.232955,-0.053224,0.632003,-1.522829,-1.541944,-0.589823,0.148463,-1.569841,0.542178,-1.913323,0.804360,-0.720793,-2.351104,2.443737,-0.831092,-1.246220,1.609257,-1.906322,-1.494468,0.870440,-2.270765,-0.822107,1.415597,-0.448483,0.722323,-0.458812,0.949412,-0.131773,1.935006
1161,2,-0.067825,0.878856,0.778619,-0.864932,0.288476,-1.478248,0.030179,3.635589,0.488240,-0.619921,-0.400409,-1.542007,-1.881901,-0.277772,1.339048,0.893162,1.616062,-1.922250,-1.688492,0.056964,-0.437140,-0.556156,-1.922148,0.224820,1.563788,0.562675,1.144012,0.221402,1.071944,0.235104,-0.584562,0.501447
1162,3,-0.978825,0.320447,-0.553956,0.953961,-0.502059,0.989466,-0.260824,2.681081,-1.301735,2.966391,-0.368845,0.617570,0.824956,0.945961,-0.120535,-0.867396,0.659815,0.684719,1.204851,-0.149933,0.231802,-0.067862,0.050825,-0.099203,-0.297927,-1.135693,1.073890,-1.082911,-1.348146,-1.308059,-0.030964,0.177270
1163,2,1.145941,-0.527154,-1.430504,0.239818,0.821830,1.215314,0.120458,0.117925,0.579577,-1.002594,0.762259,0.750669,0.592315,-0.148322,0.798349,0.744905,-0.340917,-0.974390,1.934565,-0.930542,1.911121,-0.430844,-0.989404,-1.446917,0.587573,2.357620,-0.825460,0.781362,1.705542,1.691893,2.041169,0.691427
1164,1,0.221607,-0.810041,-0.234812,0.638509,1.377725,1.317038,0.367352,-0.219221,1.039779,0.395540,1.176120,0.665771,-0.055215,0.613743,-0.609318,0.345543,0.727619,1.436414,1.332212,0.334411,-0.986131,-0.160047,0.386252,0.108372,0.535977,1.383690,-0.987644,0.495478,-1.244240,-1.016518,-1.932298,0.360464
1165,0,1.335168,-1.020097,-0.915919,-0.103862,0.357529,2.375339,0.296344,0.951021,-0.292247,-1.213460,-1.821608,-0.766135,0.545810,0.506426,-0.110106,0.832248,0.352646,0.006779,0.547258,0.099245,0.275153,0.147991,0.810753,-0.005929,-1.813216,-0.002768,1.692937,-0.632402,0.788946,0.547334,-0.134272,0.785201
1166,1,-0.769327,-0.254539,0.527849,0.499132,-0.264344,0.744948,0.957103,-1.003535,-1.006399,1.422887,-1.624780,-0.004185,0.943699,-1.662701,0.513264,0.134252,0.191772,0.915639,-0.130341,-0.177286,0.848222,1.516350,0.736929,0.713513,-0.819165,-2.044342,-1.944163,-0.566047,0.447898,1.328848,-1.960968,-0.292196
1167,2,-1.591410,0.605134,-0.839747,-0.113607,0.571024,1.457978,1.532055,-0.271428,-0.226429,-1.500762,-0.380376,-1.543205,-1.960353,-1.589314,0.711056,-0.963073,-0.478915,0.961141,-1.877860,-1.749514,0.571897,-0.261032,-1.211293,0.888850,-0.713710,-0.231774,-0.319182,-0.434165,-0.981769,-1.720995,0.591534,-1.529449
1168,3,0.432931,1.419465,0.020095,0.597888,0.329629,1.057853,1.088700,1.955394,-0.380521,-0.728978,-0.837687,-1.762926,-1.418002,0.356919,-0.479394,-1.303271,1.179324,2.429836,-0.678373,-1.096782,0.493596,-1.075819,-1.640005,0.468325,0.846508,-0.696835,-2.340085,0.493662,1.342755,-0.164926,0.029528,0.485097
1169,2,-2.334325,2.491983,1.808236,-0.947442,-0.551952,-0.642108,-0.190807,-0.127222,-0.177738,0.407026,-1.060256,0.274494,0.488231,-0.071668,1.380565,0.623166,0.135788,-0.338397,0.598887,0.194498,1.629187,0.258264,0.842900,1.338944,1.066977,1.347429,-0.077546,-1.776695,0.622761,-0.233741,-0.745146,1.229588
1170,1,1.686188,-0.548509,0.464224,0.785674,-2.913500,0.799771,-0.776410,-1.318934,-1.286310,0.782832,0.056504,-1.682893,-1.292716,1.551335,-0.715692,0.106735,-0.841610,-0.170312,0.496607,-0.472185,-0.735993,-0.211724,0.325147,0.977506,-1.221814,-1.296962,1.984659,-0.794103,0.532441,0.498091,-1.197574,0.951555
1171,3,0.774477,0.018503,-0.133671,1.834821,-1.301089,0.280336,1.059332,0.419997,0.740943,-0.589978,-1.042793,0.795813,-1.184876,0.338502,-0.591646,0.382327,0.768028,-0.746155,-0.179141,0.848222,1.592140,-1.135168,-0.523151,0.109528,1.300017,-0.132326,1.032107,-0.418127,0.245285,1.398147,1.179960,-0.737534
1172,2,0.044729,0.220854,0.838047,0.263074,-0.081826,-0.679866,-1.663226,-1.340720,-1.869018,-0.947791,0.750694,-0.270884,0.516881,-0.949350,1.675935,-1.568065,0.348935,0.485264,0.620963,0.162556,-1.460363,0.315211,-0.340666,0.082031,1.146594,-0.916646,-0.685924,1.220440,0.088926,-1.049108,-0.889661,0.645045
1173,2,-1.084633,-0.351571,0.611299,1.756337,-0.088248,0.101705,0.573251,0.197903,0.318160,0.823478,-0.053857,-0.895823,1.773779,0.685313,-1.019673,-0.016948,-0.111858,1.007216,-0.737155,-1.173570,1.191109,0.855250,3.896607,0.831041,-0.247783,0.654007,0.081991,-0.311649,1.133835,0.858552,0.036431,-0.987530
1174,3,0.277495,1.126292,-0.514205,-0.176484,0.249550,-0.254776,-0.726327,0.582666,-1.233065,-0.447325,0.750528,-0.767363,0.186581,-0.945637,0.210734,-0.590145,-0.310548,1.425538,-1.084541,-1.425106,0.837489,-0.499195,-0.242418,0.507863,0.307732,-0.298786,-0.296567,-0.801206,-1.188306,0.097083,1.145681,1.793070
1175,0,-0.735303,-0.135791,-0.640929,1.302802,-3.092941,-0.003565,-0.048359,-1.003995,0.494929,0.180151,-0.578352,0.780045,-0.037200,0.617171,-1.186720,0.622422,-1.066985,-0.464858,-0.634773,0.009534,-0.879181,0.969550,0.689032,-1.107063,0.106808,-0.404182,-0.874425,0.906909,0.169845,-0.555844,-1.221414,0.500311
1176,1,-1.188514,-0.190822,0.642034,-0.091249,-1.044480,0.922584,0.017696,-1.381220,1.010383,-2.017508,-2.008800,0.422534,-0.055710,1.690739,0.739873,0.710386,2.586921,0.833261,-0.860273,-0.542478,-0.669095,-1.231337,-0.312680,0.093463,2.685729,-0.926168,1.650182,-0.739988,0.846869,0.106763,-1.050997,1.471905
1177,0,-0.423051,0.175853,-0.303896,0.511331,-0.710791,-0.021620,-2.186630,1.212585,1.301215,0.754345,1.277061,0.022501,0.228005,2.873047,0.303206,1.071735,-0.171804,0.465685,-0.053126,-0.149490,-0.952527,-0.110568,-0.599709,0.005367,-0.507033,1.281379,-0.108678,1.947433,1.291150,1.482936,-0.595198,0.167838
1178,2,0.496596,-0.743600,-0.541149,0.796839,-2.920365,-0.390788,-0.313369,-0.429315,-0.102048,-1.321544,0.675765,0.072287,-1.072113,1.471264,-0.517523,0.081289,1.153343,0.611971,-1.732440,0.445662,1.312041,-0.832941,-0.899156,0.895824,-1.739680,0.409529,0.358632,0.816281,-0.001874,-2.306913,1.541030,-0.283526
1179,1,0.468363,0.748613,-2.195533,-1.779641,-1.072872,-2.438705,-0.427982,-0.309789,-1.597701,-0.030484,0.304765,0.053790,-0.706520,0.212296,0.857355,0.930255,1.876373,-0.641812,-0.601670,-0.258128,-0.327535,0.640582,0.666054,-0.131807,-0.276991,0.730501,0.339801,-1.630041,-0.249712,0.213609,-0.146660,1.027614
1180,3,-0.378246,0.518843,0.169898,-2.133772,-0.614264,-1.543593,0.385130,-2.033037,-0.883243,-0.824423,0.002650,-1.476487,-0.098401,0.392388,0.242210,-1.071849,-0.875848,2.451124,1.881204,0.333941,0.118543,0.015895,-0.420046,1.160769,-1.762956,-0.364098,1.103018,0.288715,1.740430,-0.617550,0.476885,-0.960527
1181,3,-0.536260,2.629347,0.908045,1.759356,-0.617930,-0.209510,-1.922782,-0.630381,-0.360538,0.938561,0.619086,1.214338,2.293845,-0.859010,-2.541734,0.423125,1.061877,-0.520312,0.112826,-0.296311,0.113560,1.406186,1.648238,0.477874,-0.211056,0.273822,0.331709,-0.614177,0.257773,-1.995245,0.061742,0.918817
1182,3,-0.664140,-0.894134,0.313491,0.324339,1.684932,0.033028,0.388908,0.017899,-0.523622,-0.775124,-0.208145,-1.113294,-1.008623,0.363432,-0.314430,1.187107,1.281815,0.633642,-1.386297,-0.991813,1.847726,-0.930770,-0.939082,-0.724548,-0.420389,1.749680,0.449414,-0.793833,-1.423846,0.144393,0.906016,-2.609676
1183,1,-1.834687,-0.118173,-0.454350,-0.102115,0.226935,-0.652481,-0.237884,0.252018,1.239384,0.948186,1.591648,0.560712,-0.046985,0.270186,1.064391,0.944735,-1.708455,-0.661184,0.472086,1.430246,1.618876,0.903933,1.615825,0.215829,-1.827104,0.310036,-0.699513,2.991212,1.022214,-0.919822,-0.979535,-0.305613
1184,2,-1.455816,0.668227,0.340049,-0.315153,-0.130690,1.362655,-0.515896,0.318660,1.236010,1.828702,-1.040013,-0.195483,0.470062,1.918496,1.268757,-1.259370,-1.273510,1.250863,-1.947538,-1.120724,2.075247,0.224178,-1.011201,0.734119,-0.507888,0.906538,0.058944,-1.091559,0.386758,0.283119,-0.564655,-1.624981
1185,3,-0.810827,-0.287803,0.053516,-1.112528,0.498998,0.332919,-0.962211,-0.392207,1.319662,-0.811099,0.886930,0.476438,-1.096107,0.171006,0.628853,1.028036,0.071203,0.669323,0.456508,-0.825153,-0.319591,1.079125,-0.063619,0.001079,0.023411,1.046467,-1.199047,0.506001,-0.094846,-0.582441,0.694106,1.786416
1186,0,0.419861,-0.730595,0.185459,0.517843,0.489728,0.140597,0.389866,0.487201,0.583534,-0.578956,1.156045,-1.115684,-0.861019,-0.573044,1.368440,-1.005726,0.693670,-0.803919,0.434215,1.583664,-1.370247,-0.226145,-0.518818,-0.657765,0.007707,1.171772,0.472588,-0.048734,-0.509682,-2.424513,0.598032,-0.203740
1187,1,-2.112391,1.081044,0.588652,-1.321286,-0.743530,-0.485943,-0.535817,0.795887,-0.605337,-0.408385,0.556598,0.228204,0.594517,-2.200024,0.822959,-0.917795,-0.656746,1.652824,1.123523,0.828631,2.278945,0.128744,-0.569944,1.191311,-1.366311,-0.760126,0.248746,-0.075666,-1.045964,0.015649,-0.750122,1.566934
1188,1,1.135841,1.613041,-0.118317,0.336189,-0.705445,-0.380055,0.097455,0.171758,0.138396,-0.091269,-1.080247,0.953443,-1.726558,-0.385868,1.404441,0.653089,-2.384598,-0.622701,-1.645336,0.413848,0.994615,0.034193,-1.010929,-2.842108,1.127106,1.579857,-1.001648,0.344944,-0.381009,0.082424,0.382671,1.513525
1189,3,1.719476,1.101957,0.556978,0.467291,1.112010,0.486833,-0.135000,1.292282,-0.231936,-0.703447,-2.681341,-1.492263,0.516084,-2.060394,-1.088897,1.351269,0.464407,1.311586,-0.716743,-1.026031,-0.465799,0.580035,-1.468358,0.093984,1.575004,-1.504213,0.503713,0.767959,1.098014,-0.416169,-0.363101,-0.332486
1190,3,0.295023,-0.899363,-1.387924,-1.052593,0.790646,1.553270,-0.133254,-1.371642,1.768913,-0.882034,-1.289186,1.503321,-1.547206,0.313610,0.636542,-0.373940,0.966397,1.569269,0.665345,-0.130095,-0.073055,-0.039038,-0.190176,-0.632248,-0.216467,1.384834,0.327001,-0.245335,0.283669,-0.585255,0.078544,-1.266597
1191,1,-2.268856,-0.191820,-0.505576,1.654967,0.397469,0.240820,2.744134,1.376662,-0.701160,0.487960,-0.486218,1.678517,0.350780,1.033307,0.469048,-1.795984,1.019589,0.564411,0.139714,-1.452909,0.280774,-0.862126,-2.266004,-1.694096,-1.007781,0.540731,-1.223180,-2.182052,-0.235209,0.050141,-1.448671,2.146392
1192,1,-0.432161,1.485034,0.560272,0.219305,0.010327,-0.334136,-1.092164,0.393282,-0.399495,0.461032,1.597137,-1.072405,-1.499825,-1.295252,1.874703,-0.838375,-1.076608,-1.040039,-2.133594,0.663685,-1.200899,-0.022063,0.953335,0.520495,-0.249546,-1.617553,0.333707,0.918028,-1.976146,-0.152045,-0.665724,-2.289151
1193,2,-0.298623,-0.206873,0.850238,0.694583,1.695623,0.459237,-1.846154,1.139699,-0.001940,-0.056631,0.747883,0.086978,0.727705,-2.465473,0.195637,1.221717,-2.494920,-0.208026,1.186300,-0.912647,-0.241072,0.769860,-0.007139,0.024272,1.554781,-1.904969,-0.294935,-1.129496,0.495694,-0.310110,-1.229383,-0.452205
1194,1,1.067854,-0.131644,0.183709,1.315284,-0.576397,1.111444,0.335234,0.233457,0.499649,0.996250,-1.023907,0.936580,1.856121,-0.611510,0.618669,-0.637467,-0.207077,-0.588328,0.086872,0.087170,-1.068111,1.638579,0.630495,0.873926,-0.021350,-0.601590,1.231393,0.232655,0.072573,0.302000,-0.978292,0.713370
1195,1,-0.335957,0.093542,-0.594712,-1.974414,-0.479315,0.522725,-0.738438,1.196225,0.270927,-1.537098,1.378781,-0.047999,-0.190189,0.678882,-0.948445,0.269305,0.965493,-0.370026,0.002444,-0.330727,-0.789504,-0.135784,-0.067593,-0.329883,0.906380,-0.593339,1.656348,-0.764605,-1.399284,-0.795457,-0.109391,-0.960778
1196,0,-0.522611,-0.918909,-0.004042,1.647867,-1.379870,0.558958,-0.503532,-0.770035,-0.048929,0.344995,0.784511,0.078712,-0.173475,0.289551,-2.387855,-0.073874,-0.336078,-0.864405,-0.549142,-1.187666,-1.648270,-0.316539,-0.485472,-0.348759,-0.069651,-1.944486,-1.209904,-1.391168,-0.821839,-0.924014,0.063576,0.321365
1197,3,1.046661,0.003536,-0.400032,-2.347113,-0.818107,-1.654753,-0.365801,2.161688,1.352228,-2.450150,-1.531292,1.423620,1.555240,0.349465,-0.452365,0.129830,0.634646,-0.579657,-0.077614,-0.310931,-0.389460,-0.356963,0.600483,-0.099612,-0.620501,1.208646,-1.435247,-0.146764,-0.853725,1.411306,-1.832717,0.282330
1198,2,-0.057046,0.597577,-1.070298,0.062703,-0.604919,-0.870544,-0.427947,0.404011,-0.284895,0.449676,-0.428891,1.119552,-1.462060,1.682351,1.608698,0.919989,0.083701,0.034556,0.342321,-0.115304,-0.457399,-0.617198,-0.547804,-0.081802,-0.974127,0.380798,-0.949763,-1.188648,0.298257,-1.691246,0.508664,-0.004563
1199,1,-0.623803,0.315104,1.113405,0.035586,-1.143471,1.124547,1.049578,-0.159354,-0.580845,-0.462648,0.119885,-0.093731,0.547421,-0.336074,-1.030653,-1.314789,-0.029305,0.400641,-1.318001,-0.903008,-0.047624,0.453936,0.473173,-0.699372,0.980409,-0.481514,0.591314,-2.009842,2.005990,2.196395,-1.232126,-0.680514
1200,2,-0.893515,-0.827173,1.298696,0.401323,0.682732,-2.362344,0.012177,-0.410470,-0.495587,-0.190051,-0.275711,0.039361,-0.178876,-1.510893,0.463537,-0.861804,0.638267,0.116043,1.476079,0.836172,1.934286,1.242060,-0.057765,-0.664255,0.735787,0.624279,1.660856,-0.538838,-0.716268,1.199765,1.039421,-1.734272
1201,0,0.970310,0.314025,-0.060265,1.037513,-0.657085,0.335624,2.216309,1.149170,-2.552072,0.164006,0.617449,0.740577,0.368653,-0.862725,-1.013512,0.269828,0.991432,0.581324,0.454287,-0.449661,-0.192037,-0.677521,-0.381005,2.567658,1.886573,-0.035530,0.378610,0.327044,-0.258389,-1.083233,-0.168485,-0.436849
1202,1,-0.841442,2.042124,1.105750,1.798659,0.803827,0.484737,1.089602,0.574014,0.358445,-0.662575,0.416351,0.258194,0.868645,1.672798,-1.575694,-0.260846,1.252345,-0.759357,0.281028,0.040368,0.140434,-0.505213,1.995952,0.514395,-1.809066,2.590546,-1.650228,-0.598237,-0.768109,1.665891,-2.373533,-0.000597
1203,2,-0.180750,-0.577921,1.399315,0.420716,-1.701639,-0.102391,-0.962084,-0.398296,0.725005,-0.947160,0.371191,-1.139084,-0.978484,-0.060632,-1.407785,-0.423870,0.390173,0.816479,-0.118156,-0.338960,-1.240929,0.175763,-0.415251,-0.224357,0.823379,0.549660,0.391843,1.548354,0.157115,1.766800,-1.136210,-0.483344
1204,3,0.169519,0.618469,-1.141154,1.131759,-1.377155,-1.337265,0.496957,1.357312,-1.469291,-0.892696,0.360976,1.623175,1.134603,-0.720278,-0.480782,-1.426045,0.887023,-0.238155,-0.323846,-0.970639,0.907190,-1.024902,-0.270412,1.005930,0.173053,0.957567,-0.437922,-1.552807,0.090846,-0.376902,1.512954,0.814833
1205,2,-1.169207,-1.990024,1.033426,0.557511,-0.875200,-1.519495,-0.162135,-0.286093,-0.759712,1.001618,-1.324291,1.827006,0.291422,-0.136818,-0.505462,-0.663005,0.737735,0.363902,0.202062,-0.814680,-1.160860,1.225449,-1.912614,-0.046143,1.416407,-0.702929,-0.385413,-1.035567,0.814530,1.064375,-0.912428,-0.350520
1206,0,-0.971436,-1.078515,-0.851088,1.137220,-0.532823,1.510296,0.718907,0.935896,1.625250,-0.129692,1.161124,0.565667,1.845905,0.528397,0.336913,-0.934766,0.812788,-2.103201,0.189481,0.646549,1.023953,0.242720,-0.332545,1.042506,1.328996,0.987548,-1.112535,-0.834701,0.361877,0.159746,-1.009903,-0.121092
1207,2,1.881096,0.381801,0.004296,1.021722,-2.025463,-1.641914,-0.681657,1.866806,-1.137524,1.595614,-1.733725,-0.199067,-1.132341,0.700549,0.304167,0.727995,1.124732,0.250917,-0.050124,-1.472366,-0.339506,-0.811087,0.937861,0.490527,1.403014,-0.229208,0.808061,-0.786488,0.037562,0.599596,2.270666,1.306261
1208,2,-2.425901,-1.551767,0.064969,0.795330,0.005227,-0.486482,-1.976284,0.808540,0.196457,-0.551568,-0.505140,0.241692,-1.448258,-0.746748,-0.319197,0.929793,-0.984691,-1.433424,-0.136085,0.560344,-1.064224,-0.712202,-0.607243,-0.587694,-0.290382,0.317170,0.475390,0.031658,0.543569,0.237480,-1.009119,0.963970
1209,2,0.685848,-0.308126,-0.742934,1.198884,-0.455389,0.272703,-0.308235,-2.673920,1.501142,-1.424967,-0.780187,0.426778,-0.943631,0.709933,0.530541,-0.539476,-0.719766,0.877585,0.677631,1.170484,0.450500,0.535391,0.102247,-1.586100,1.486385,-0.716716,-0.729809,-1.044772,-0.456369,-0.754951,-0.446651,-3.092461
1210,0,2.353414,1.898529,0.351376,0.736109,-0.803460,-0.082528,-0.230695,1.317021,0.452958,1.449488,-0.031507,0.492463,0.605899,-1.495174,0.736424,-0.130037,0.045039,-0.083000,1.575039,-0.967943,0.296844,1.716778,0.242556,0.388083,1.816365,0.699762,-0.173065,0.735469,-0.915420,0.747246,-0.087630,0.741342
1211,2,-0.787181,-2.293456,-0.138631,0.444557,-1.133003,1.883110,-1.352908,-2.510094,0.160286,0.379861,0.476583,1.952097,-1.077872,-1.046084,-1.517015,-0.080581,-0.705346,1.846680,0.614144,-0.897691,-2.460856,0.878631,0.031146,-0.827641,-0.957705,-0.869643,1.519201,0.893509,-1.066795,-0.594410,-0.747669,0.749909
1212,1,-1.946921,-1.422586,-1.948879,-0.680125,1.459522,-0.137012,0.925641,0.528895,0.470186,0.452742,-0.361459,0.331748,-0.278714,-0.537243,0.416124,0.617007,-0.103912,0.361367,0.964105,0.117930,0.863468,1.107083,0.873871,-1.173065,-0.369007,0.739260,2.102755,0.628066,0.301640,-1.179528,0.568619,0.027664
1213,0,1.014007,1.234143,1.897259,-0.436151,-0.146830,0.361847,0.787715,-0.851651,-0.141717,1.212235,0.633675,0.298843,0.545400,-1.443346,0.040553,-1.091500,-0.479052,-2.105227,0.740350,-1.429158,-0.134600,0.304090,0.954218,0.882971,-1.345810,-0.331984,0.068563,1.640964,-0.213538,-1.723134,-1.018705,1.139064
1214,3,0.389694,0.320257,-0.676553,0.514687,-0.468270,1.610916,-0.087021,-1.606991,-1.497437,-0.459841,-0.201405,-0.733765,0.117681,0.607809,0.561955,0.186452,-0.053482,-0.886591,-0.838125,-0.536147,0.244235,-0.950715,-0.726160,-0.433740,-0.255827,1.271311,0.892918,2.798646,0.658762,1.088328,0.687969,-0.947851
1215,2,0.409926,0.818182,-1.567798,0.236597,0.238163,0.380388,0.748623,1.263002,-0.745364,-0.640081,-0.166980,-1.332206,0.975962,-0.103875,0.553692,1.996788,1.572032,-0.588477,-1.863527,-0.000933,-0.767314,1.119138,0.017804,0.520790,-1.476778,-0.094153,-0.312728,0.766273,-1.795603,0.054351,0.635385,0.443475
1216,3,0.261144,1.023763,0.017443,0.674163,0.642898,-0.271387,0.250597,-0.004603,1.421018,-0.402648,2.044526,-1.014901,-0.863710,-1.675780,-1.205296,-0.748277,0.119608,2.127938,0.692174,-1.716561,-0.675512,-1.888568,-1.478639,-0.831467,0.515440,-0.928762,-1.579665,0.829730,-0.650666,-0.516499,-0.248344,-0.180018
1217,0,-0.563692,-0.469212,-0.188058,0.928156,1.790302,0.667582,-1.946329,-0.296240,-0.764078,0.589052,0.538649,-0.222865,-0.505566,1.147045,0.552550,0.395707,1.319903,-1.810079,-1.060705,-0.160446,0.382867,-2.077499,1.438394,-0.749728,1.670005,-0.018810,-0.908652,0.675272,0.716171,0.274771,-0.111447,2.653834
1218,1,1.336958,0.738853,-0.817207,-0.651647,-0.157956,0.976149,1.538605,1.642782,0.599476,0.616036,0.324082,0.738690,-0.927449,0.342747,0.425910,-0.350475,0.859368,-0.899331,-0.690106,1.094580,0.500612,-0.800470,0.255677,-2.035203,-1.046987,0.866299,0.599470,0.305833,-0.181870,-0.457806,0.184845,-0.535582
1219,0,1.289232,1.427778,-1.182958,0.376554,0.339656,0.351334,0.465507,1.502644,0.437873,-0.321171,-0.721661,-0.525084,-0.094383,0.414062,-1.405194,2.924571,1.154018,-1.218497,0.940814,0.911068,0.211336,-1.178318,1.291609,-0.266571,0.443509,-1.954128,0.230646,-1.396110,0.149375,-0.426748,0.523242,0.334465
1220,3,0.290711,0.335898,-0.006645,1.325137,1.359518,-0.815952,-0.467498,-0.598825,-0.445407,0.116891,0.352356,0.030448,0.373161,1.982716,-0.631048,-1.134153,1.287878,-0.593508,1.283218,0.700502,1.190726,1.287800,-0.267769,-0.258809,-0.440314,-0.589225,1.419471,0.014804,1.227510,-1.200815,-0.544818,-1.130112
1221,1,0.880792,1.947887,-1.556511,0.691720,-1.119913,0.769835,0.275838,0.346683,0.829102,1.349125,0.798594,0.516470,-0.031093,-0.419289,0.442503,0.374984,1.280403,0.090468,0.915371,-0.464977,-1.190200,0.581524,0.039100,0.012310,0.271586,-0.056244,-0.288855,0.223833,0.016668,2.001425,-1.076329,0.182187
1222,2,1.721590,2.357961,1.865662,-0.779940,-0.148079,3.657054,-0.162167,0.689286,0.784105,0.305841,-0.295517,-0.680458,-0.294480,-0.690955,1.540406,-1.336698,-0.425169,0.547467,-0.892281,-0.016484,-0.059500,-0.284782,0.624245,-1.113639,-2.140984,0.396886,0.512283,0.182193,-0.596322,0.166261,-0.223584,-0.419832
1223,1,0.399716,1.514798,1.042282,1.155050,-2.427784,-0.189393,0.610607,0.175740,-1.470163,0.526307,-1.039017,-0.738893,-0.079866,0.552845,-2.202842,-0.260527,0.586850,0.380585,-0.963992,0.053769,0.158145,-0.368421,0.964393,1.125321,0.038759,-0.268913,-0.589930,0.526013,1.157857,0.344750,-0.732222,2.322553
1224,3,-0.386157,0.357275,-0.670135,0.184435,0.565705,-0.585136,-2.802759,0.369568,-0.641513,-0.703379,-1.383054,0.307428,-0.412236,-1.057180,-0.659334,0.719745,-1.446229,0.063870,0.378553,0.331107,-0.324165,0.915375,-0.445848,-0.760619,0.178586,0.048210,-0.290541,0.131513,-1.961359,1.165281,-1.103072,-0.356100
1225,0,-1.376253,-0.113767,-1.228746,2.754192,1.173684,0.350411,-0.772165,0.002853,-0.824941,-0.133776,-0.147744,0.446303,-0.627893,2.858474,-2.850321,0.264284,-0.923235,-0.414539,-0.929431,-0.164214,0.136698,1.018701,-0.842081,0.554822,-0.001290,0.503313,0.547972,0.435051,0.909518,-0.833380,-1.014551,-0.455398
1226,0,0.929448,-0.727058,1.500222,0.217547,-0.642188,-0.074494,0.319040,1.052044,-1.011976,-0.651002,0.768400,-0.623718,0.944928,-0.190717,-0.695441,-0.226718,-0.921594,0.562668,-1.315515,0.120500,0.256867,0.977432,-0.401834,1.135186,-1.165690,-0.048424,0.259910,-0.411853,-0.814204,-0.274038,0.764309,0.435465
1227,1,-0.104540,-2.053141,0.948467,1.290493,-0.501634,-1.002336,-0.740422,0.056651,-0.682700,0.614573,-1.320296,-1.251145,-1.669669,-0.918423,-0.792389,0.912204,-0.812733,-0.261127,-0.913627,0.814430,-0.569278,0.569811,2.036722,1.217161,-0.812396,-0.547757,-0.167251,-0.225655,0.000383,-0.402616,1.236141,1.221985
1228,2,0.511811,-0.727640,-0.554131,0.306825,-0.405738,0.945701,-1.268169,0.351931,0.773071,-0.400704,-0.973261,-0.924107,-0.497266,0.429366,-0.901828,-0.095267,0.520539,0.819987,0.937888,-1.639108,0.046982,0.978574,1.019244,0.578940,0.472876,-2.197389,0.436270,-1.074879,-0.299429,-0.737975,-0.882169,-0.368534
1229,2,-1.042246,0.057548,0.716114,-2.362320,-0.198114,0.854407,-1.841296,1.048810,-1.588612,-0.468224,-0.613181,-0.242560,-1.666212,1.081253,0.339102,0.041342,-0.974714,0.725837,-0.645781,-0.879336,0.059744,-0.160113,2.197585,0.551831,1.898067,0.245743,0.404835,-1.099292,0.222086,0.097111,-0.629469,1.033916
1230,3,1.273743,-0.892682,0.066927,-0.193521,0.562165,0.951777,0.203434,0.793199,0.429798,-0.050900,-1.470682,-1.924324,-0.106759,1.411500,-0.324254,-0.729249,1.450855,-0.556546,0.098511,1.427048,0.129707,1.955983,-0.365446,-1.845835,-1.313436,0.177175,0.319629,0.696245,-1.720406,0.468219,1.229963,-0.567708
1231,1,0.244335,1.264938,-0.939130,-0.692385,-0.207795,0.075956,0.561110,-0.702799,-0.486165,0.362324,1.786550,0.910087,0.312868,-0.435793,-0.222080,-0.981584,1.034439,1.309281,0.441816,-0.278830,-0.634101,-0.710396,-0.355713,-1.313666,-0.078267,1.104877,-0.641397,-0.226727,0.986524,-0.246068,0.843738,1.079403
1232,3,0.195753,-1.708248,0.247464,1.934561,0.825467,-0.318153,-0.549634,-0.362892,-0.729106,1.029160,1.550555,-0.192426,-1.258558,0.386597,1.032223,1.677927,-0.718540,0.749809,0.745493,-0.458972,1.381228,-0.387872,-0.176623,-0.676345,-0.611934,0.055164,0.160413,0.616748,0.251498,1.707891,-0.504148,0.673398
1233,2,-0.500248,-2.127890,0.857971,0.931091,-0.086738,0.402624,-0.212871,-0.435254,0.304432,-0.102683,1.344403,0.254727,0.570013,-0.536167,0.476671,-0.579937,-0.058486,-1.424419,-0.404156,-2.007822,-0.783065,1.512272,1.464963,-1.889312,-0.768238,0.807695,1.937647,-0.796080,-1.098781,-0.078668,0.263504,0.929464
1234,2,0.617737,-1.653323,-0.651890,1.655054,0.022837,1.024039,-1.295104,2.053823,0.861299,0.082524,0.282054,-0.088777,-0.322022,-0.450243,-1.031327,-1.981400,-0.406084,-0.812083,0.323974,1.469845,-0.042583,0.758500,1.627118,-0.587666,-0.658177,1.862597,0.647952,-0.195325,0.632953,1.553912,0.239295,0.265998
1235,0,0.959938,1.277824,-0.019237,-0.685970,-0.306283,0.667762,-1.066787,-0.270647,0.329672,-1.234250,-0.146433,0.305087,0.862306,-0.958119,-0.479802,-1.250443,-1.393625,-0.546991,-0.212662,0.700821,1.581025,0.158419,-0.839062,0.120722,-1.580101,1.201824,-1.850639,-0.593903,-0.942368,-0.127222,-1.445920,-0.297104
1236,2,0.930319,0.461910,1.356546,-0.162278,-1.345195,-0.621947,0.943102,-0.566882,0.025022,0.111491,-0.856603,0.871062,0.107700,2.594881,0.014141,-1.371538,1.192918,-0.563840,1.246753,0.281435,1.982376,-0.369517,-0.818899,0.068804,0.282260,0.729213,1.225855,-0.703200,0.647385,-0.606462,0.929069,-0.984678
1237,0,-0.742019,-1.660846,-0.777410,0.266401,1.800421,-0.205127,0.556422,-1.965781,-0.986365,-0.898359,-1.176298,0.292804,0.112485,1.566460,0.873044,0.368602,-1.193615,0.972379,-1.424295,1.671369,0.644457,-1.158799,-0.356176,0.074569,-0.201474,0.351871,-0.270006,-2.808241,0.844220,-0.370352,0.917748,-1.678747
1238,0,-1.724574,-0.996615,2.504597,0.136005,0.399032,-1.041755,2.189648,1.542337,-1.347088,-0.412479,-0.095366,0.020202,-1.601556,1.162738,-0.616363,0.498444,1.009785,-1.925491,-0.867249,-0.384950,0.314019,-1.109510,0.868373,-0.863012,0.122465,-0.264905,-0.738189,0.126489,1.263605,1.585263,-0.691201,-1.789613
1239,2,-0.522657,-0.014018,1.209458,-0.292063,-0.182889,-0.220119,-1.203163,-0.724354,0.420753,-0.245643,-0.162712,-0.119084,2.813363,1.575078,0.704661,-0.430225,0.504008,0.354328,0.083253,0.444879,1.466548,-0.785420,1.157730,0.213834,1.068524,-0.711091,0.555299,-0.989725,0.019521,-0.752515,1.180344,-0.832279
1240,0,2.430369,1.100395,1.306767,0.988429,0.529930,-1.107846,0.433516,0.724343,0.156698,1.378161,-0.511483,-1.067915,-0.666242,0.164618,-0.381897,-0.850465,-0.134552,-1.301562,1.091797,-0.701891,0.028342,-0.272184,-0.454909,-0.505027,-0.618370,-0.432758,0.410612,-0.794446,-0.006800,0.214040,0.239274,-1.196440
1241,2,0.078730,1.622687,2.740463,0.537214,0.274694,0.595267,0.455958,0.979787,0.494909,0.024135,1.222808,-0.149708,-0.017073,-1.109759,-1.466028,-1.624931,0.347645,-0.838044,1.060547,2.287503,0.741741,-0.390753,-0.441537,-0.425800,-0.805932,0.227025,-0.961170,-0.375109,-1.329539,1.035406,-0.476671,0.232682
1242,2,0.489948,-1.213091,-0.272208,-0.778264,-0.203917,1.116612,0.489788,1.577012,0.029012,0.348645,0.426700,1.177539,-1.178098,1.620620,1.468892,-0.508748,0.687842,1.263457,0.175140,-0.457240,0.649566,1.967309,-0.443260,-0.759751,1.275328,-0.042789,-2.098149,0.080472,-0.955679,-1.753947,0.760333,0.506066
1243,1,0.771763,2.170257,-0.819272,-0.938542,-1.714512,-0.798419,0.914128,0.050164,1.507087,1.476945,-0.664989,0.672606,-0.797477,1.017645,0.494806,0.417254,-1.313519,0.405291,1.082052,0.410564,0.946381,0.735651,-0.390886,0.060520,1.072330,-0.393323,0.528396,0.437324,0.978111,-0.812163,0.708755,0.606667
1244,1,-3.047912,1.391408,-1.882933,-0.095935,-0.304799,0.959352,0.961854,-0.357813,1.539068,0.233841,-0.209518,0.571741,-0.456548,0.127492,-1.757545,0.565177,0.815346,0.481952,-1.544059,-0.684087,-0.755932,-0.832420,0.296209,0.835118,-0.168920,0.049632,0.062539,-1.139434,1.212118,1.062683,-1.011907,1.656571
1245,0,1.088266,-0.264892,0.321051,-0.335629,-1.173001,0.273811,0.874443,1.701056,0.246351,-1.566978,-1.967329,-0.423965,-1.158247,-0.125438,1.696953,-1.276820,1.333393,-0.357789,-0.269023,-0.025918,1.216875,-0.195643,-1.312362,0.429041,-1.455396,-1.133579,-0.091077,-0.426886,-0.810543,-1.472636,-0.246434,1.006582
1246,1,1.497149,2.113325,-0.635917,-0.762105,0.636135,-0.325678,0.465946,-2.219808,-0.264958,0.816134,-1.664437,-0.742857,0.109591,2.089294,1.332223,1.111101,-0.446149,0.277462,-0.182142,-1.735035,-1.267996,1.392403,0.861186,-1.755958,0.304739,-0.407448,-1.552114,2.278135,-0.283737,-2.051932,-1.400566,2.593805
1247,2,-1.061578,0.887223,0.209672,-2.102969,0.850062,-0.940978,0.721834,0.133176,-0.675407,1.380003,-0.328235,1.034206,-0.135528,0.812412,0.172784,-0.470818,0.979842,0.222235,-0.309937,1.104267,-0.516375,-0.854875,1.566935,0.150617,-0.510378,0.338203,-0.585727,1.485313,1.264804,-0.402958,-1.466992,2.030419
1248,1,0.377811,0.793171,0.756442,-1.351320,-0.735913,0.272874,0.678127,0.630860,-0.576537,-0.201778,1.360296,1.235383,-0.540280,-0.578982,0.941079,0.588098,-1.470749,-1.495704,1.246005,1.077667,0.057284,0.642359,-0.552201,1.153875,0.042992,-1.759434,-1.410455,-2.327440,1.851372,-0.201438,-0.966376,-0.114758
1249,2,-1.501798,-2.886972,0.070958,-0.433597,0.642448,-2.356750,0.480098,0.307438,1.608420,-0.664744,-0.061198,-0.936399,1.313552,-1.791363,0.138606,1.081188,-0.701397,-0.457998,-1.664206,-0.852496,0.850007,-0.060109,-0.161404,1.112726,0.297553,-1.941731,-1.367512,0.022752,-0.351003,-0.542675,1.034799,0.772485
1250,3,-0.392950,0.889877,-0.507765,0.998288,1.536291,0.004081,-1.365246,-0.663617,-0.365505,1.381465,-1.401271,1.581747,-0.210338,-0.182296,-1.543827,-0.922444,-0.515905,0.668502,0.600517,1.199962,-1.733457,1.482247,-0.678007,2.036373,-0.285990,0.692309,0.892629,2.035128,1.812132,-0.755552,0.507402,0.046464
1251,0,2.443311,0.461245,-0.979714,1.143587,0.628185,0.594198,-0.980263,0.035113,0.635997,-0.373170,1.365866,1.862453,0.157241,1.566734,-1.389571,-0.492272,0.595619,-0.075007,-1.330241,0.289016,-1.393797,-1.156381,-0.001077,-1.787112,-1.362356,0.857267,-0.503173,0.230325,1.268213,-0.158854,0.302993,0.650313
1252,0,1.260099,0.490985,-0.684760,-0.594085,-0.712265,-0.877180,-1.368533,0.151794,-1.303413,-0.525258,1.370381,-1.368915,1.170646,-0.860304,1.164127,-0.482409,0.668586,-0.745716,-1.605882,-1.178250,0.455825,-0.275854,-0.349861,-1.307546,-0.560713,1.476906,0.335890,-0.039670,-0.310120,0.515794,-0.132624,-0.526441
1253,2,1.308183,0.144155,1.633229,-1.639518,1.020313,-1.790229,0.853104,0.440312,2.082336,-0.268458,0.760438,-0.305269,0.058888,-0.884311,0.902419,0.656129,1.153974,0.229788,0.790006,-0.381752,1.152166,-1.435931,0.556115,0.397143,0.916744,0.386023,0.025743,-0.639301,2.542844,-1.471848,1.355033,-0.853380
1254,1,0.331599,0.010432,0.675358,0.371389,-1.030312,-0.696523,1.341998,-0.603969,-0.942922,-0.347992,0.471532,-0.727691,-1.835767,0.264160,0.319205,1.319862,-0.568802,-0.250074,-0.957981,0.702287,-1.556898,-0.026037,1.024096,1.030505,-0.751936,-0.239431,-2.849389,1.446740,0.729607,-0.851514,1.586248,-0.257268
1255,1,1.227006,0.133390,1.519612,-0.201879,-0.909890,-0.396000,0.669836,-0.255119,0.340040,1.458071,-1.217322,0.464311,0.714870,0.313150,-0.473686,-0.974734,1.232413,-1.283049,-0.555276,-0.134042,-1.176778,-0.588117,-0.197104,-0.879074,-0.043199,-0.851542,-1.337901,-1.773598,0.147510,0.083889,-1.906477,-0.710480
1256,3,0.167787,0.557622,-0.059467,1.390229,-2.005618,-1.289142,-1.648757,-1.459180,2.130157,0.696812,0.561689,0.653039,1.329227,-1.723279,-0.840441,0.670800,-0.576811,-1.711951,-0.208546,-2.061760,-1.022094,1.044250,-0.134503,-0.193443,0.271016,-0.053113,2.218215,0.576050,-0.210140,-0.059307,0.089428,-0.781147
1257,3,1.647603,-0.645314,-0.950768,0.966372,-0.684640,-0.705663,-1.611381,-0.923964,0.348729,-0.164948,-0.471861,0.870795,0.748933,0.155736,0.342105,0.738877,-0.115080,0.614643,0.148237,-2.188596,2.055201,-0.711559,-1.591589,-0.104172,0.197645,-0.012078,-0.531715,-0.893388,0.684749,2.036566,-1.525669,0.371190
1258,3,-0.126782,-1.255584,-1.746833,-0.211489,0.862621,0.873535,2.349297,-0.346986,-0.297687,-0.696368,-0.677868,-0.736014,1.319131,0.548514,-0.421267,-0.442093,0.070968,-1.096779,0.204786,0.520208,1.050140,0.408282,-0.918966,1.746215,0.633040,-0.683269,-0.151224,1.160124,1.165008,0.897367,0.666542,1.964214
1259,3,0.445280,-0.203629,-0.984268,-0.515773,-0.097092,-0.482148,1.445955,-0.281867,-0.757340,0.094110,1.150108,-0.678269,0.392483,-0.658913,0.725743,2.364124,-0.285496,-0.416078,0.305255,-1.798606,-2.266835,-0.690335,-0.585122,-0.577239,0.342587,-1.119687,0.487777,-0.484503,1.680435,-0.595386,0.070204,0.076129
1260,0,-0.146586,0.752742,-0.495594,0.355912,-1.341065,0.335822,1.310094,-2.115889,0.489826,0.031255,-0.732131,-1.150157,1.462625,0.587183,1.520565,-1.472174,1.762116,1.817514,-1.618963,-0.922995,-0.223376,-2.283576,0.958081,0.093243,-0.600272,0.647551,-1.722205,-1.170714,0.754196,-1.855736,0.639540,-1.092565
1261,1,1.090331,-0.507584,-1.453011,-0.626115,0.654058,-0.038622,0.445274,-0.170531,1.483731,-1.676696,-0.553424,1.013551,0.749845,0.261544,-0.382872,0.598911,-2.666155,0.469480,-0.545526,0.220513,0.482265,-1.019843,1.938228,-0.710266,-1.074251,0.505148,-1.797036,-0.472190,-0.814970,0.358000,0.738173,-0.064931
1262,2,0.420154,1.432314,1.178915,-0.431181,-0.457343,1.764846,1.390321,0.089861,-0.592778,-0.615630,0.378736,-0.234416,-0.089703,-0.948160,-0.926405,-1.331099,-0.724558,0.745175,-0.834873,0.991386,0.526503,0.908583,-1.675495,-1.441025,1.135236,1.064994,-0.585268,-0.857436,-1.705678,1.299784,-0.154211,-2.055777
1263,3,-1.608506,-0.841700,1.728731,0.472212,-1.313824,-0.637856,0.039930,0.653476,0.109387,0.826886,0.384286,-1.333389,2.209253,0.079729,0.444735,-0.593170,-0.286272,-0.742045,1.094971,-0.117451,1.913826,-1.682016,-1.131291,-0.368199,0.187108,0.199041,0.838078,1.033226,0.575254,-0.068626,-0.772269,-0.037499
1264,1,-0.206712,0.911256,1.310136,0.411197,0.033233,-0.459895,-0.409412,0.064952,0.122635,-0.545960,0.031517,-0.212314,0.706712,0.942654,-1.678826,-0.232728,0.323085,-1.095577,-0.432086,0.175266,0.880873,-0.203702,0.355852,0.370211,-0.469342,-1.687724,0.622571,1.884436,0.453949,0.639549,1.295256,-2.352575
1265,0,2.245708,-0.539476,1.293722,1.177153,0.073435,-0.216128,-0.248938,1.024892,0.003551,-0.808336,-0.455084,-0.761609,1.588409,0.200470,-0.313021,0.224253,0.697560,0.189360,2.058754,-1.529440,0.826297,-1.280289,1.698160,-0.282357,0.120434,-0.004182,0.879906,1.059497,0.831871,1.245437,0.423707,-0.004515
1266,2,0.108032,0.732662,-1.045349,1.877522,0.575565,-0.167242,-1.454469,-0.069695,-0.241551,0.392228,-0.163332,-0.045428,0.508313,-0.794445,0.043443,-1.160225,-1.232797,1.319756,-0.338459,-0.662633,-1.630799,0.851291,-1.017423,0.009681,1.060026,-0.376146,0.154808,0.036524,0.900753,-0.374223,0.818833,1.217202
1267,0,1.997044,-1.463471,-0.083162,1.736007,-0.527330,-0.122040,1.240101,0.008308,-0.286412,1.113903,0.478603,0.379489,0.044646,0.166779,0.198496,-0.571102,-0.166002,2.430335,0.078402,-0.288973,-0.028930,-0.585532,-0.155992,0.676501,0.877373,0.719964,-0.752992,-1.373522,1.082151,0.830139,0.932693,0.082253
1268,3,-1.822869,-0.685088,-1.619009,-0.309934,-2.215980,0.782411,-1.225268,0.060001,0.199347,-1.060458,0.713532,2.570790,-1.981267,-1.018596,1.029950,0.834419,-0.561117,-1.809071,0.134173,0.851360,-0.236963,0.233619,-0.980888,0.271900,-0.480111,0.652400,0.582758,-1.150187,1.647964,-1.408535,0.793739,-0.390029
1269,0,-0.923811,0.012891,-0.800669,-1.060330,-2.457573,-1.751646,-0.009918,-0.854921,0.863746,0.323528,-0.647143,-0.427178,-0.695586,0.006740,-0.358478,0.781873,-0.255302,1.496955,0.609220,0.814618,0.203641,-0.278114,0.822083,0.601622,-0.873599,-1.077035,-0.131629,-1.087477,-0.673627,0.604008,-1.230892,1.203395
1270,0,-0.994355,0.147630,0.162212,0.687716,-0.928822,0.109005,0.222612,-0.746108,-1.009372,1.361302,-1.274782,1.166509,0.095214,-0.269768,-0.635532,1.124512,-0.069205,-0.144138,0.559840,0.215263,-0.037010,-2.140505,-1.256884,-1.038248,1.245577,-0.850171,0.714622,2.482721,0.954712,2.001549,1.985541,0.121374
1271,2,-1.931201,-1.391265,1.265151,0.649029,-0.854916,1.369867,-0.259285,1.117056,-1.277206,-0.337253,-0.328779,-0.028210,-0.671814,-0.650877,-1.724318,0.184889,-0.700919,-0.877532,1.615209,-0.189122,-0.348278,-1.433643,1.382146,-0.053044,1.797267,0.418553,-0.978438,0.897234,0.718787,-0.015679,-0.382919,0.098121
1272,0,1.119195,0.261732,0.265111,-0.061030,0.043365,1.428592,-0.616658,-0.385325,0.189412,1.273470,-0.840863,-0.679199,-1.517025,0.055540,1.857012,1.750519,1.264746,-1.978896,1.343128,-1.058204,0.273206,0.788183,0.422772,-0.922958,0.910257,1.541449,0.533799,0.712336,-2.259943,0.799129,-1.857443,-0.419986
1273,2,-2.194135,0.494194,0.489623,1.059038,-0.643504,-0.620196,0.756088,0.184162,-1.514846,0.295279,-1.128348,0.879440,-0.293014,-0.901879,-2.272048,-0.097238,1.203918,0.882672,0.868178,0.396543,0.427568,-0.721921,-0.879991,0.115625,0.980601,-0.559037,-1.420032,-1.208443,-1.850824,0.196863,0.054146,-0.254145
1274,3,0.615142,0.931039,-0.915212,1.485640,-0.479421,-0.171765,-1.599861,-1.031889,1.364175,1.627424,-2.964621,-1.028914,0.977916,0.568821,-0.186163,-1.087990,-1.460761,0.534967,0.787430,0.546491,1.388962,-0.029080,0.117238,-1.624595,-0.561477,-1.258001,-1.578808,-0.426492,1.023485,0.711689,-0.497205,1.135833
1275,1,-2.437554,1.509089,0.195581,0.290557,0.106934,0.968942,1.248830,-0.801587,-1.158792,-0.856257,1.182422,0.332691,-0.418376,-0.322865,-0.438395,0.804045,0.932349,-1.464497,-0.124838,1.703501,-0.435997,0.478597,0.940811,-0.888880,-1.632873,-1.736742,-0.056759,0.361342,-0.454375,-1.041956,1.516613,-0.220300
1276,1,-0.401102,-0.952555,0.822434,0.557620,0.023155,0.343828,-0.713465,0.246430,0.843500,-0.973654,-0.968921,0.330492,-0.173023,-2.260935,-0.429032,0.770657,0.163749,1.956452,0.045272,-1.975976,1.578907,-0.685742,-0.134464,-0.771542,0.794647,0.387855,0.450801,0.733705,-0.038109,-0.397354,-1.772826,-0.542236
1277,0,1.249492,0.786214,0.117199,-0.126275,0.175316,-0.132394,1.374994,-0.067833,-1.082092,-2.420407,-1.037287,0.089044,-1.432039,0.353289,0.180422,-0.723560,-2.357322,0.176543,1.008058,0.539810,-0.677580,-0.152154,-1.058520,2.134508,0.424384,-0.549125,-2.026510,-0.332379,-0.539552,-0.031987,-1.011706,-0.336727
1278,1,0.030348,1.839823,1.137220,1.181291,2.163547,-1.479058,0.592881,0.079425,-1.400120,0.370057,-0.844051,0.214346,-0.940127,-0.543213,-0.243427,-0.358798,-2.591481,1.307316,1.011595,1.567373,0.289544,-0.495988,0.046571,-0.842889,0.065447,2.329728,0.703904,-0.646209,0.679757,-1.641647,1.660867,0.625324
1279,3,-0.506768,-0.259804,-0.400039,-0.125820,-0.249839,1.230696,-0.620791,1.133501,0.110284,-0.097369,-1.397081,0.430561,0.692202,-1.660183,1.168729,1.515332,-0.836353,-0.692337,-0.566740,1.365628,1.011446,1.354523,-0.229263,-1.049183,0.671093,-1.567898,-1.262298,-1.209190,0.581818,0.614715,-0.048140,-0.621212
1280,2,-1.324712,-0.339391,-2.035499,1.070891,-0.063291,0.749773,-0.808508,-0.491062,-1.392084,1.283590,-0.691946,0.846014,-0.085301,0.347464,1.174626,-1.545191,-0.263835,1.015484,-1.379874,0.535109,0.974212,0.180087,0.043991,2.378632,-0.716591,-0.855033,1.406727,1.061486,-0.989275,0.105258,0.195129,1.061141
1281,0,-0.040681,0.206859,1.300824,0.743233,0.165242,0.479722,0.161421,-0.667856,1.401081,0.183691,0.665158,-1.491222,-0.474808,-2.568105,1.186970,-0.815307,0.261938,-1.256251,0.022369,-0.649231,0.250189,2.038798,-0.342161,-0.889086,1.154223,-0.882091,-1.462250,-0.652945,-0.444746,1.197489,1.705757,-0.364344
1282,2,-0.813381,0.080847,2.259089,0.648523,1.494735,0.527922,1.607757,0.390090,0.206483,-1.376645,0.985650,0.500199,0.987941,0.219292,0.834814,0.226903,-0.565901,0.670177,0.795444,-0.009424,-0.127824,0.142607,-0.441941,0.117896,0.111081,-0.166203,0.720373,-1.581033,-1.348740,-0.611575,-0.412839,-1.107253
1283,0,0.262231,-0.369431,3.274417,-0.749399,-1.301023,1.500339,-2.408524,-2.363629,-1.500433,0.106931,0.484687,0.487810,0.238844,-1.770765,-0.588687,0.111143,0.689581,-1.159836,0.483358,-1.052186,0.678832,-0.302560,0.189790,-0.112915,-0.421181,-0.783820,0.081981,0.698864,0.538866,-1.117664,-1.661672,-1.520284
1284,1,-0.207202,1.390715,-1.403693,-0.203500,1.500630,0.082117,-1.841701,-0.416220,-0.366867,0.564852,0.787999,1.305422,-0.583331,0.355125,0.194104,0.850317,1.213506,-0.684385,0.306720,-0.969980,-0.026333,-1.686121,-0.008483,-0.448991,-0.318116,-1.396049,-0.022772,-2.146876,0.137823,0.442221,0.485376,0.559834
1285,3,1.460960,0.157139,-0.229234,1.938233,0.368796,-1.470989,1.203059,-1.049992,1.595756,0.223883,0.384860,-0.336833,-0.548875,-0.169699,-0.579458,-0.828666,-0.740472,0.744631,-0.734017,-0.811623,1.935107,1.133120,0.407935,-0.622811,0.594698,0.889005,-0.217682,-0.169633,1.187043,1.532164,1.138595,-0.673059
1286,3,-1.238047,-1.006623,-2.504527,2.611938,0.314305,-0.652350,0.682995,1.972217,-0.105030,-1.048029,-0.204652,0.108955,1.113078,-1.573047,-2.431079,1.998285,0.379934,-0.920898,0.692122,0.863188,-0.133634,0.021670,1.362785,1.643600,-0.292251,-0.637410,-0.036791,0.348507,0.108734,0.636156,0.351877,-1.360310
1287,1,0.423581,0.479988,2.083582,0.097841,-0.952079,0.789274,1.052305,1.150882,0.312432,1.235394,-1.159837,0.096075,0.222742,0.067209,-1.111401,-0.271825,0.690005,-1.156301,-1.088404,2.005629,-0.214142,-1.635109,0.095322,1.193084,0.105413,-2.083101,-2.404366,0.194688,-0.765528,1.205285,-0.189093,0.519353
1288,0,1.714568,-0.020488,-1.391037,0.109223,-1.305703,0.659860,-0.438801,0.775624,-0.077941,0.272101,0.313487,-1.414898,0.030440,0.113358,2.136202,0.621952,0.151164,2.052662,-0.012165,-1.263409,0.541261,0.424761,0.455593,-0.613455,-0.039123,-0.688303,0.156404,-0.321599,0.776639,-0.134268,1.013376,0.189712
1289,3,-1.364845,-1.869586,-0.125937,2.615245,0.643619,0.858786,1.087052,-0.343019,-0.212147,0.610081,-0.842502,0.574500,-0.627610,1.800200,0.145837,0.392945,0.793542,1.297694,-1.044341,1.533021,-0.861680,-0.378157,-1.194110,-2.929436,-0.371456,-0.260241,0.044571,-0.928631,0.203720,0.816454,0.796477,0.963351
1290,3,0.120960,-0.915560,-0.489535,-0.938330,0.172894,-0.144304,-0.099587,1.102279,0.131381,-1.493767,-0.494193,-0.324648,-0.277679,-0.188248,-1.997852,-0.640490,0.194694,0.855149,-1.630614,0.492183,1.009229,-0.059366,1.202844,0.554926,0.592727,0.661741,-0.852541,1.165593,1.355982,1.259871,0.564709,-0.003563
1291,2,1.008127,-0.817554,-0.266400,-0.543750,1.100739,0.370035,-1.527259,-1.783267,0.187091,-0.131956,1.141028,1.233230,1.334503,-1.490266,-1.352911,0.824945,-0.814621,0.159114,-0.676319,0.415690,0.886457,1.261319,0.962423,1.074176,1.488694,-0.483204,1.313234,-0.930386,-0.948876,-1.339541,-0.025885,0.583392
1292,1,0.060274,-1.218457,-0.758131,0.476480,1.265306,-0.891112,1.136741,1.733050,-1.488547,0.039595,0.556826,0.381371,-1.893785,0.996616,1.053836,-1.088082,-0.161205,0.966909,0.735411,0.901491,0.857199,-0.557427,0.600624,0.551281,-0.654939,-0.860286,0.124735,0.183876,-0.881020,0.326982,-0.520053,-0.043882
1293,3,0.668079,1.827310,-0.614697,1.236738,0.666902,1.362535,-0.137099,1.374731,-1.611404,-1.317884,-0.136585,0.239432,0.066489,-1.800798,1.746378,0.350423,-1.122813,1.527697,0.589560,-0.050273,-0.501453,1.207023,0.207636,1.312421,-0.562260,0.822826,-0.764429,1.118391,0.458932,-0.795374,0.224645,-0.286271
1294,1,-0.569619,-0.486052,-1.052154,0.592361,0.261589,0.456991,1.030108,-1.817223,-0.104742,0.134252,-1.310553,-1.206705,1.128491,-0.300500,1.928987,1.649479,-0.999498,0.294827,1.193935,1.318090,1.521650,-0.657837,-1.131974,-1.047309,-0.837862,1.008428,0.688279,0.632952,-0.082837,0.683540,1.414732,-1.486356
1295,0,0.668365,1.613665,1.196062,-0.899549,0.115092,2.253186,0.189070,-0.443231,0.433956,-0.276961,0.107277,0.957693,-0.291117,0.589616,-0.255006,1.084749,-0.968386,-2.332708,1.089138,-0.577798,-0.452749,1.813712,0.227311,0.726105,-1.299356,1.567688,0.864913,0.432430,-0.242048,0.273052,-0.464026,0.612355
1296,3,1.930491,0.265315,-0.314385,1.718496,0.047912,-1.438628,-0.135899,-0.002124,-1.504359,1.004033,-0.138536,2.284985,-0.564602,0.451414,0.592249,1.446998,0.297768,-0.733966,2.163805,1.194780,0.657415,0.295859,-1.185098,-0.901075,1.263828,-0.141080,0.727497,-0.260075,-0.097198,-0.567706,0.629753,2.484282
1297,1,-1.320228,1.316060,1.222020,-1.980636,1.221241,0.179380,-0.005122,0.573970,0.844454,0.029367,0.877564,0.472095,0.839545,-0.712984,-0.678033,1.949090,0.764672,-0.484708,-1.177598,-0.558324,-0.130224,0.477867,1.495565,1.536206,0.324369,-1.828868,-1.131821,-0.573353,-0.009414,-0.953572,-0.888904,1.789269
1298,2,-0.083777,0.735986,1.741849,0.017560,-0.044212,0.540875,-0.903472,0.838627,0.005056,0.902565,1.538879,1.174466,0.409468,0.590336,1.561144,0.800291,1.159850,0.509062,0.033449,-0.013988,-0.469735,-0.018350,0.236304,0.091194,0.818542,0.124482,-0.282844,0.564065,-1.867405,-0.794872,0.597845,0.260558
1299,1,1.162010,-0.956018,-0.261311,-0.801373,-0.583527,-0.905186,1.011610,0.083475,0.524777,-0.896900,0.374907,-1.497972,-0.504437,-0.943154,-2.410390,0.431703,1.002509,0.836274,-1.306111,0.223170,0.720566,-1.156750,-0.400108,1.881749,-0.835946,1.007562,0.113201,0.821820,1.428842,-0.786856,0.036249,0.540354
1300,3,0.820277,-0.738158,0.530363,1.179813,-0.756922,-0.598512,-1.273110,0.888432,0.997545,0.927100,0.298361,0.398800,-0.612899,-0.020580,-0.751127,-0.522472,-2.297451,-0.095353,-1.625106,0.943260,-1.719382,-0.363743,1.303260,0.083559,-1.242491,0.432275,1.434216,1.039385,0.651299,0.251204,0.219082,-1.136153
1301,1,0.798116,-1.346301,0.159214,-0.311867,-0.090132,0.658866,-1.475269,-0.626110,0.989162,-1.380745,1.514401,-0.343883,0.075332,0.761655,0.252796,1.895689,-0.587502,-1.050147,0.509938,1.300899,-2.101794,2.470674,0.279354,1.476007,0.701594,0.967289,0.995243,1.889044,0.511186,-0.646275,0.710098,0.643361
1302,2,-0.727617,-0.262627,0.835957,0.735139,1.607686,0.027994,1.222119,1.301885,1.257994,-0.247751,-1.133005,-1.867723,1.818931,0.101639,-0.247175,-0.471291,-1.097091,-2.610527,1.658039,0.002808,-0.547310,-0.103775,-0.697033,0.534921,0.345952,0.447753,-0.291867,0.358096,-0.839251,0.685709,-0.604810,-0.420789
1303,1,1.773397,0.432361,0.983019,-0.681068,-0.654739,-0.076186,0.670904,0.087333,1.443652,0.703191,-0.439208,-0.349764,-0.246009,0.407816,1.499390,-0.106927,0.291929,-0.073318,0.782422,0.443909,-0.591846,-0.617049,0.877380,0.813032,-0.360915,-0.066506,0.700925,-0.477309,-0.360114,-0.403552,-1.668080,-0.190040
1304,3,-1.206473,-0.461809,0.188190,0.362257,-1.863612,-0.849148,-1.141063,0.719774,-0.311467,-3.552609,-0.026085,0.792079,1.858581,0.111071,0.781314,0.842521,-0.566820,-0.233665,-1.074683,-0.386455,-0.597333,-0.214489,0.976244,0.628547,-0.241978,-0.593096,-1.456502,0.089143,-1.037024,0.179822,0.086395,1.338195
1305,3,-0.566737,-0.888647,1.169571,-1.345162,-1.025399,0.101703,-0.685709,0.880569,-0.653974,1.998834,-0.432015,-0.214108,-1.001577,0.249995,-0.189490,-0.641487,0.262093,-1.434240,0.819264,-0.269416,-1.625189,0.990561,-0.835128,0.168257,-0.135509,0.959758,-0.105170,-0.188136,-2.267324,-0.088845,1.122924,0.731230
1306,2,0.453444,0.428894,0.875061,0.672215,0.665864,-1.201369,-0.904499,-1.068138,0.847141,-0.347687,-1.782421,-0.256497,0.807254,0.895810,1.844351,-1.017061,0.997023,0.473905,-0.105628,-0.941782,0.946660,-0.496428,-0.077560,0.615827,0.733126,-0.337231,-2.416857,-0.395821,-1.561108,-1.505649,-1.482365,-1.215650
1307,0,0.479841,0.406237,-0.098366,-0.194331,-2.160878,1.254731,-1.553346,-0.913427,-2.639173,2.213995,-1.684793,-0.278698,-1.719263,0.923526,1.090031,0.668357,-1.065099,0.111876,-1.303220,0.452222,0.329384,0.693222,-0.896271,0.203547,-0.625727,-0.494619,0.292395,1.315246,-0.673034,0.123659,0.400512,-1.111175
1308,1,-0.585135,-0.621353,0.111074,2.463233,0.326408,-0.136799,-0.414643,1.741027,0.755778,0.644919,2.122516,-0.257425,0.831678,0.071962,-0.939995,1.688787,-0.071914,2.588841,1.844288,-0.819546,-0.702223,-0.148981,0.418709,0.937048,0.014661,0.392764,0.611336,-2.268203,-0.281142,1.382599,0.240652,-2.020027
1309,3,-0.209870,-0.171565,-0.106931,-1.006908,0.675723,0.220203,0.424018,1.091385,0.864078,-0.821247,-0.541907,-0.403862,-0.501739,-0.192510,-1.725506,-0.347263,0.939905,-0.270388,-0.245105,1.098784,0.394964,-0.800731,1.223355,1.094377,0.458023,1.309368,-0.936634,0.632769,0.136453,0.750735,0.954176,0.192697
1310,3,-1.644148,-0.086505,0.527119,3.082880,-0.495664,-1.280128,0.843859,0.334025,0.255804,0.405173,-0.436036,1.193117,-0.304360,0.187072,1.010415,0.494438,-0.416984,-0.087186,0.447355,-1.672566,0.467454,0.522481,-1.296264,1.538376,-1.585546,-3.052360,0.377048,-0.944834,0.128493,-0.499072,0.483313,1.182603
1311,3,3.076254,-0.243290,0.472790,1.631663,-0.549591,0.646053,-0.048245,1.469577,-2.744114,-0.543367,0.388867,0.102746,0.112476,1.303399,1.290466,-1.477636,-0.866450,-0.651580,-0.607490,0.257618,-1.751616,0.676418,0.252582,-0.655056,0.219695,-1.875200,-1.067182,0.190789,-0.056747,-0.304137,0.388606,-0.902340
1312,3,-0.639508,-2.013403,1.121229,-0.676467,1.130103,-0.997604,-0.466884,-0.826197,-0.660232,0.217245,-0.858403,1.282726,-1.251523,-0.313179,-2.411060,-0.249823,-0.625187,1.319507,2.416555,-1.000500,0.216644,-0.283564,0.105446,-0.678680,-1.114951,0.683485,1.033605,-0.940235,0.112119,-1.768215,0.497127,1.067966
1313,0,3.193853,0.331050,-0.384019,-0.733214,0.294541,0.080470,1.133619,-0.334676,1.056963,0.311515,0.453541,-1.458133,-0.092952,-0.416582,-0.905087,1.608541,-2.191752,-1.872422,-0.312864,0.667422,0.347074,-1.192923,-0.643199,1.246379,0.203521,-0.157134,-1.371657,-0.296729,-0.963671,-0.527254,-0.776452,-0.393651
1314,1,-0.297341,0.227185,1.878337,0.576698,0.042871,0.860414,-0.223737,-0.333224,-1.332794,-0.828017,-1.341330,-0.913627,-0.245214,-0.853000,2.286933,0.250155,-2.827646,-1.686818,-0.387636,0.203283,1.690077,-1.486856,-0.695618,0.149454,0.280539,-0.681935,0.076221,-1.888665,0.461275,-1.182907,0.000288,0.846955
1315,0,0.501015,0.520019,-0.213252,0.154717,0.444310,-0.316227,-0.731915,0.790635,0.777430,0.327410,-0.216277,-0.686120,0.381525,0.636715,-1.912399,-1.032436,-0.653921,0.551662,-1.737730,-0.139129,-0.883192,-1.542720,0.446041,0.942271,0.808921,0.817197,1.091793,0.009938,-0.989347,1.352405,0.825121,0.446093
1316,0,-0.709540,1.079536,-0.284005,0.512636,0.455111,-0.685818,-0.315398,-0.246461,-0.887204,1.192458,0.181878,-0.213609,-0.222505,0.557181,-2.268685,0.367312,0.292479,-1.534490,-0.534202,-0.872533,-0.106647,0.561811,2.733011,-0.114260,-0.390978,0.604759,0.828133,0.079963,-1.420404,-0.130986,1.539921,-0.458665
1317,1,0.104405,-0.257995,0.566726,-0.566657,-0.815183,1.772051,-1.048869,0.343623,0.587666,-0.790787,0.474463,-0.105392,-2.122187,0.391512,0.088839,-0.060735,-2.315113,0.631984,-2.526513,-1.874444,-1.207646,1.464551,-0.459513,2.344354,-0.464198,0.490738,-1.623940,0.603345,-0.739731,2.426239,-1.233629,-0.240159
1318,2,-0.264657,-1.956961,1.773959,-0.809863,0.544080,1.028189,-1.231004,0.695494,-1.767328,0.471274,1.836670,-0.281197,-0.355024,0.056203,0.916733,-1.437098,-0.810539,2.442575,-1.122035,-0.907898,1.013148,0.116375,-0.028487,-1.187282,-0.249538,0.827746,1.000457,-0.762832,2.214557,-0.826627,-0.817376,0.288759
1319,1,0.266273,2.385962,0.168729,-0.327253,0.580287,-1.250769,0.740389,1.646343,-0.208619,-3.140598,-0.394689,0.258318,0.647363,0.632752,-1.303006,1.436416,-2.086707,0.750208,-0.473500,0.989573,0.286563,-0.660176,0.609178,-0.701733,-1.222094,-1.026674,-0.691103,-0.076639,-1.181394,0.912859,-0.251520,-1.265742
1320,1,-1.876830,-1.119063,-0.489077,-1.162396,-0.261494,0.568364,0.516513,1.139509,0.796260,0.231151,-0.234697,-0.665771,-1.135398,2.094664,-0.314666,-0.011706,-0.178704,-0.950889,-2.901307,-0.034309,0.290689,0.595031,0.292524,0.219431,0.475272,-0.281371,-0.097326,0.066748,-0.596695,0.834959,0.299152,0.215882
1321,3,1.844151,0.920973,-1.381123,1.549130,0.408778,-0.556139,-0.672632,0.079706,-1.537552,-1.525093,-0.598277,-0.817516,0.134047,-1.115691,-0.372545,-0.527461,-1.105602,1.229694,0.452124,-1.067106,1.049759,-0.323335,-0.510235,0.658832,1.524476,0.859067,-0.022122,0.807838,-0.658237,-0.152783,0.349741,0.673566
1322,3,-0.590185,0.324704,0.066535,0.442707,0.685855,1.511502,-1.606797,0.169781,-1.140353,0.388381,0.346413,2.115394,0.274247,2.390442,1.347165,1.077285,-0.091047,-2.047441,-0.130958,0.076654,0.253706,-0.769889,1.101825,-0.316043,1.143374,2.535281,0.319997,0.194212,0.802497,0.832333,0.307474,0.044476
1323,0,0.769483,1.162400,-0.852206,-0.829715,1.681774,-0.117070,-0.444558,-0.985444,-1.956062,0.311005,0.352883,-0.421029,-0.682574,-1.285994,0.829923,-1.025151,1.785558,-0.071229,-0.817582,0.842429,0.094484,-1.544604,-0.736091,-0.111895,-0.642250,1.495034,-0.692595,-0.680290,-1.412808,-1.008969,1.579164,-0.555460
1324,1,1.418591,0.467844,-1.235415,0.786451,0.881258,1.499679,0.141419,1.099885,0.428973,0.924699,-0.841803,-0.688440,-0.859192,2.042143,1.677702,-0.059851,-0.150288,0.086196,0.559350,1.242483,-1.100723,-1.345019,-0.581891,0.440282,-0.893435,-0.705804,-0.095397,-2.646524,-0.443311,1.082301,0.612892,-0.222198
1325,3,-0.112867,1.178352,0.362808,0.301133,-0.806809,-1.209472,-0.063174,-0.857840,1.543904,1.721886,0.138785,0.488682,1.541415,-0.358979,0.405914,0.345201,-0.888793,1.695186,-0.019480,2.277668,0.913891,0.661589,-1.747059,1.306854,-1.296080,1.821660,0.203197,0.201930,0.012978,-1.992795,0.459340,-0.069810
1326,1,-0.134900,0.325555,1.163068,0.790255,1.479642,-0.139934,0.035313,-0.546426,-0.354802,-0.223143,-0.621494,1.317235,-2.852431,-0.385957,0.814647,-0.270837,-0.081778,-0.852786,1.506946,1.887460,-0.892846,-0.919752,-0.128071,0.759948,-1.489921,0.447519,0.237975,-1.886158,-0.026346,-0.029523,-1.112525,-0.984728
1327,1,-0.017486,1.051552,1.634212,0.094686,-1.235306,0.147588,-0.204433,1.228545,-1.224759,-0.728077,0.510588,0.598644,-0.902812,-1.106233,-0.044816,-0.666966,-0.377960,0.645056,-0.392236,0.239775,-0.632366,0.228759,-1.457283,-1.096650,-0.945460,0.567949,-1.586218,-0.152400,1.064932,0.257276,-0.244373,0.147460
1328,2,0.888442,-0.925990,2.714746,1.476503,1.738202,-2.555454,-0.525338,0.487023,0.904029,-1.717428,3.001384,-1.274134,1.423001,1.048927,0.912362,-0.832581,0.952383,0.154563,-1.264256,-0.173804,1.023174,0.273625,0.742171,2.107495,-0.116174,0.287317,-1.518003,-0.058598,0.950942,1.222095,-0.812565,0.746742
1329,0,0.950763,1.302740,1.422293,0.748232,-0.518865,0.273076,0.082406,0.163287,-1.563226,0.307033,-0.810823,-0.165760,-0.373253,1.166343,-0.508039,-0.473234,-1.668114,0.636488,1.595140,1.134191,1.125616,0.955652,0.713483,0.692284,1.373227,-2.074761,-2.140572,-0.665798,0.253552,-0.085607,-0.877735,-1.295125
1330,1,-0.400397,-0.156381,-0.005963,-0.409587,-1.144253,-0.375740,0.521756,2.392576,0.226523,1.349458,-0.446969,-0.303522,-0.396811,0.142004,-0.658418,-1.606560,0.415001,-0.168550,0.464304,-0.311426,-0.815633,-0.978047,0.845427,0.330432,-0.573172,-0.565249,0.319879,-0.806347,-0.256875,-0.663433,1.389525,-1.278395
1331,1,1.803184,0.333162,-0.643038,0.293303,1.338801,0.287020,-0.049031,-0.174458,0.384124,-0.913945,1.354847,0.673936,0.532814,-1.091128,-1.400808,-0.394502,1.701088,-1.449727,-0.538047,0.769195,0.463926,0.220012,0.102356,0.283151,1.007733,1.056592,-0.890555,-0.699453,0.231722,1.096222,0.110451,-0.111793
1332,1,-0.891859,0.119511,-0.889598,-1.098237,1.005867,-0.274492,0.486159,-2.353047,0.876699,-0.313676,0.722800,0.913191,0.602984,-1.445844,-0.524986,-0.963158,0.104403,0.121691,-1.262069,-0.484243,0.675447,-0.737155,2.058315,-0.465002,0.160895,-0.166351,0.976245,-1.935319,-0.863971,-0.143558,0.586625,-0.782019
1333,1,0.581583,0.607227,1.309072,0.032458,-1.666318,0.820021,-1.854818,-0.273276,-0.509059,-0.694443,-1.384639,-1.002274,0.331126,-0.109122,0.841472,0.059460,-0.509743,-0.530577,0.481728,0.605564,0.605704,0.209711,1.081555,-1.033102,-0.029431,-2.622768,-1.075728,1.596025,0.809217,-0.318191,0.189902,-1.737408
1334,0,0.422237,-0.769565,0.266527,0.159695,-1.080724,0.002271,0.129618,0.129138,-0.304281,-2.361291,1.658089,1.524065,-0.932825,-0.249103,-0.152640,0.462606,-1.598136,1.996131,-2.185694,0.218172,-0.237344,-0.086224,0.561717,-0.665264,-0.594876,-0.740070,-1.174408,0.167304,-1.143131,0.815969,0.190000,-0.615467
1335,0,2.045993,-1.819389,0.956236,-0.387028,-0.117589,1.158457,-0.349365,1.942278,-0.321536,0.802251,1.266698,0.356889,0.792020,-0.277878,-1.612179,0.979205,-0.744404,-0.261463,0.090313,-0.812483,0.130357,0.590693,-0.907573,-0.499475,-0.962973,-0.790138,0.999200,0.205108,1.446370,-1.181182,-0.694600,-2.044417
1336,2,0.397381,1.352164,-1.982422,0.433964,-2.252210,1.368869,1.036329,-1.528769,-0.378682,1.267890,0.984946,-0.572316,0.444586,1.518730,0.412162,1.290746,1.343901,1.018310,0.224901,-0.436159,-0.501668,-0.007361,-0.316827,-0.968103,-0.411562,0.038499,-0.577453,-2.202868,-0.793492,-0.936282,-1.136645,1.054405
1337,1,0.039318,1.197132,-0.727070,0.934895,-0.640675,-0.461806,-0.636278,-0.639170,-0.810628,0.084962,0.466571,-0.242126,0.539920,-0.293550,-0.971857,-0.929856,0.595314,-0.561792,0.827273,0.971984,-2.199523,0.076727,-0.722826,-0.041747,0.184314,-0.914199,-0.840416,-0.631273,0.044300,1.065030,-1.151706,-0.875927
1338,3,0.073581,-1.651350,2.148009,-0.668095,0.894668,0.345134,-0.171199,-0.277686,-0.362437,-0.658441,-1.712157,2.379554,0.669467,-1.261703,0.700687,1.569595,0.525860,1.009038,-0.285569,0.257499,1.374413,0.590504,0.861124,1.648872,-1.601771,2.091094,1.152836,-0.178639,0.057342,-0.782377,-2.217531,-0.740497
1339,1,-1.471777,1.510451,0.471963,-0.525634,-0.475393,0.940757,-0.104009,-0.506865,0.986949,-1.299270,-0.791348,-0.215825,1.277344,-1.033424,-0.446690,-0.077560,0.639219,0.251045,-0.975912,-0.314119,-1.316740,0.091094,1.040337,2.170823,-0.641560,1.887902,-1.238582,-0.521994,-0.460349,-0.516320,0.773198,-0.182986
1340,1,-1.501982,1.843113,0.723409,0.009423,0.041798,-0.638138,0.174008,0.758783,0.552764,-0.334305,0.728339,1.267041,-0.637588,0.914076,-1.377021,0.658901,-0.144744,-1.626236,-1.649724,0.386307,0.369826,-0.992722,-0.705533,1.565246,0.738191,0.034662,-0.251095,-0.981632,-1.087203,1.105200,1.316268,0.464224
1341,3,-3.314271,-0.059314,0.448126,0.563358,-0.282654,0.479106,-0.689901,0.387490,0.318529,0.648461,-0.664767,1.120852,-0.428074,0.638385,-1.789830,-0.356775,-0.778851,-0.472228,-0.149224,-0.090484,0.239614,0.277984,-0.546588,1.182749,-1.007740,1.178691,-1.573866,0.351621,-1.103645,0.359288,0.444725,-1.330483
1342,0,0.567328,-0.972640,-0.441603,-0.858896,1.054302,-0.408192,1.610110,0.194267,0.775407,0.109861,-0.335204,-0.497649,1.003886,0.023919,0.105538,-0.839722,0.354292,2.133286,-0.209089,-0.746193,1.162402,2.482332,1.607226,-0.749180,-0.068304,-0.497503,-0.203357,-0.174828,0.493023,-0.142379,0.051914,-0.267226
1343,1,0.016749,0.510601,0.006771,-0.816344,0.408821,-0.561132,-1.113411,0.038651,1.241297,-1.144070,2.297227,1.763441,-0.300311,-0.176227,1.199555,0.084711,0.318156,0.262417,1.144170,0.581352,-0.325550,-0.791915,0.446622,-1.209831,1.915927,-0.054827,0.241430,-0.669120,-0.222957,1.026002,-0.715408,2.597733
1344,3,0.577430,1.140444,-0.527911,-0.654384,1.195902,-0.369568,0.257000,1.541575,0.256139,-0.461233,0.161038,0.228783,-0.767506,-0.205895,0.254531,-0.734928,0.754244,-0.461434,-0.692955,-0.050928,-2.120259,-0.725775,1.680926,-2.212745,-1.019845,0.023602,-1.063669,0.097466,-0.689301,-0.393270,-1.134156,-0.591424
1345,3,0.761781,-0.853779,1.110757,0.741932,-0.147856,-0.431344,0.435753,0.400250,-0.282869,-0.480405,-0.603408,-1.561365,0.331545,1.289401,1.229252,-0.187074,0.951917,-0.243426,1.566183,-0.921992,0.102910,1.357033,-1.210422,-0.960949,0.397525,1.739863,1.389788,-0.455001,-0.950270,1.224044,-0.932630,-0.573718
1346,3,1.459604,0.350945,-0.651175,0.976222,0.806977,-0.134091,-0.087884,-0.739096,-0.460648,1.042305,1.153056,-0.283803,-1.498276,-0.398460,-1.029759,-1.046892,1.566529,-0.624144,0.440090,1.307604,0.589411,-1.350162,1.222583,0.055864,-0.738588,0.119310,1.288564,0.515628,-1.104461,-1.801534,-0.293193,-1.234855
1347,0,1.408258,0.393276,-1.640199,-0.011566,-0.318655,1.034608,-0.870357,-0.278679,1.544966,0.589516,-1.333955,1.999897,-1.845847,-0.694108,1.010887,0.311896,-1.009695,-0.852280,0.056451,-1.115819,-0.654604,-0.663382,-1.706468,0.750047,-1.362365,-0.058045,-0.934449,-0.359639,-0.263656,-0.889034,-0.746795,0.458662
1348,2,-2.394724,1.506868,0.245323,-0.634838,-0.010444,-1.574043,1.236583,-0.580505,0.388447,0.516490,-2.086300,-0.103339,-2.088793,0.441971,0.570789,-1.613506,-1.678583,0.583495,1.869545,-0.147819,0.862242,0.135563,-0.064876,-0.671881,0.367227,-0.127054,-0.265497,-0.747590,-0.037063,-1.189207,1.121091,-0.914335
1349,0,-1.008462,0.476761,0.132883,-0.854796,-0.869302,0.062241,-0.539076,0.840699,1.515143,0.704331,-0.349991,0.178569,1.083446,-1.128119,0.780778,0.610247,0.122334,-1.852846,-0.575912,-0.260491,-0.136700,-1.532484,-0.963050,-1.142356,-0.840017,0.575871,-0.976844,-0.069898,-1.459248,0.718191,0.262839,-0.112961
1350,1,-0.865178,-0.564071,1.458725,-0.732493,1.541123,0.955361,0.200920,-0.230789,-0.400042,-1.901226,-0.904650,0.230632,-0.728661,-0.655221,0.201594,1.408047,1.414576,-1.245946,0.293676,-0.567134,-0.854341,0.365909,1.994595,0.195424,0.490805,-1.025803,-0.486004,-0.599159,-1.289294,-1.351226,-1.141913,-0.521783
1351,0,-0.534140,0.832919,-0.447707,0.166223,-1.648200,-2.447017,-0.400562,-0.774622,-1.563276,-0.875591,-0.624143,1.537342,0.291268,-0.210043,-0.194747,-0.019191,-0.428383,0.844446,0.592261,0.754101,1.215653,0.282935,-0.266913,2.151968,-1.219015,-0.688266,-0.765769,1.609321,1.355118,-0.084053,0.671534,-1.706614
1352,1,1.567152,-1.032670,0.875466,1.276467,-0.421024,0.099321,-0.027450,1.737598,-0.501874,-2.469645,0.155060,-1.255766,0.640921,0.060091,-0.145925,-0.538263,-0.542084,-0.735940,0.342167,-1.880895,-1.707487,-0.133454,-0.289756,0.366768,-0.769085,-1.710646,-0.983206,-1.231039,-0.910755,-0.945899,-1.511886,-0.706404
1353,2,-0.004854,1.645069,0.534141,0.732325,0.146451,0.694812,-0.233446,-0.313636,0.458971,0.269951,0.238978,-0.173315,0.932427,-0.352939,-0.398193,0.849846,-0.394908,1.001005,-0.067808,2.775548,-0.909536,-0.082896,-1.969187,1.330433,1.762342,0.774001,0.118387,-0.942369,0.918917,-1.078170,-0.483870,-1.600516
1354,3,0.444983,0.164842,2.105887,0.567418,0.232657,0.445727,-0.477408,0.300473,0.860269,-0.212837,-0.909466,-0.089123,-1.927008,2.470858,0.752782,0.368449,-0.747514,-1.748763,1.135877,0.667562,-0.665212,-0.274125,0.182957,-1.348059,-0.329176,0.718005,2.810793,0.523415,-0.534685,-1.663291,-0.399240,-0.353859
1355,0,-0.762153,-0.434595,0.645656,-0.378070,-0.321711,0.819624,0.408938,1.063837,1.303362,-0.790868,-0.327471,2.227017,-1.397225,0.406463,0.927986,-1.981870,0.179862,0.135355,-0.434451,-0.225878,-0.669093,-0.384290,-0.309740,0.403028,-1.339202,-0.471687,-0.744756,-1.602890,2.613445,2.738902,-0.514908,1.056956
1356,1,0.153542,-0.763296,0.626205,0.858555,0.354874,-1.019475,0.242159,0.116930,-0.290471,-0.588619,1.418267,-1.088635,-0.942407,0.158350,-2.149498,0.970570,1.525102,0.571144,-0.588863,0.219913,2.163282,0.351996,1.470236,-0.018293,0.781791,0.225133,-0.040943,-1.450832,-0.446224,1.838165,1.430173,0.598181
1357,2,-1.505465,-0.258275,-0.129490,-0.095028,0.129807,-0.639489,-1.212259,1.370335,1.183790,-0.676187,0.419559,-1.089586,0.105008,-1.221764,0.843789,-0.419697,-0.620342,-0.527001,-0.445114,-0.255148,-0.001333,-0.705643,0.275418,-0.010263,-0.297627,0.699858,-0.773234,-1.027920,0.376240,-0.146263,-1.204473,1.639779
1358,3,1.948940,0.241189,1.960791,0.259122,-0.013223,0.852362,0.646556,0.200509,0.385043,-0.798773,-1.270207,0.954956,1.451617,1.061943,1.567519,-0.253161,-0.450557,-0.578707,0.674231,0.679449,-0.921300,-0.406058,-1.178605,0.861015,-1.379851,1.321142,-0.775580,1.329906,-1.663651,-0.333891,-0.886932,1.813181
1359,3,0.953064,0.484424,0.185184,1.408356,-0.493498,-0.222296,0.939448,0.351121,-0.737109,1.282191,1.119596,-0.023973,-1.605338,1.224503,-0.494325,0.106034,-0.455223,1.356634,0.176513,-1.692169,-0.722299,0.374854,-0.536408,-1.068035,-0.726063,-0.214301,-1.707115,-1.433836,-0.610522,0.398496,0.499127,0.410121
1360,3,1.460309,-1.112958,-0.485583,0.477902,0.242358,-0.391589,-0.686592,-1.688724,-1.667943,-0.973819,1.338701,1.191315,-0.772811,3.592250,-1.303153,1.337896,-1.054346,-1.676909,0.354095,0.535767,-1.370811,-0.519851,-0.250751,-1.891312,-0.753835,-0.804525,-0.103816,1.793356,-0.554413,-1.923622,-1.178008,-0.239712
1361,1,-2.032033,-0.319248,-0.053665,-0.772313,0.843370,0.162472,0.141670,-0.983351,-2.061407,1.851842,-0.255206,-0.793185,-1.508191,-0.063342,-0.360374,0.251645,0.048587,0.695002,0.688251,0.420746,0.338859,0.584398,-0.208310,0.663337,-2.727735,0.605568,-2.499872,-0.416237,-1.088054,-2.196722,-0.666099,-0.755771
1362,2,-0.607786,1.083493,1.847125,0.476109,-1.176540,0.135323,-1.254887,1.758064,0.531945,-0.276341,0.660766,-1.525736,0.494438,-2.341719,0.262469,-0.705258,-1.589681,0.347304,-1.203426,1.322428,0.923977,0.251343,-0.783415,0.581642,0.851741,0.612097,-1.493902,0.078140,0.640658,0.213936,-0.903888,1.180292
1363,0,-0.570120,-0.432006,-0.506888,1.331100,0.269096,0.202719,0.879581,1.566376,0.375566,1.131445,0.485811,-0.357365,0.786848,0.247445,-1.344865,1.347230,0.058126,0.618262,-0.645040,-0.256594,0.434625,-0.498334,0.564869,-0.283555,-1.763481,0.678112,-1.464746,-1.884220,-1.121413,0.845092,-0.272581,-0.820197
1364,0,0.999671,-0.669458,0.888329,-1.025478,-1.221833,1.904954,-1.450515,-1.420240,-1.976614,0.252136,-1.616502,0.110844,-0.621427,-0.725294,-1.461235,-1.231175,1.519833,0.493985,-0.353792,-0.138350,1.080711,0.332152,-0.313732,0.383531,-1.261335,-0.945178,0.304739,-0.159501,-1.262870,-0.738946,0.864840,-1.812958
1365,2,-0.855816,1.564251,-1.045507,-0.792134,-1.415097,-0.800676,1.350389,1.374426,0.187390,-0.181134,-0.184942,-0.582012,1.873192,0.075861,1.416190,-0.399491,1.694585,-2.539814,0.241019,0.266536,-0.035292,0.999119,0.994818,-2.322969,0.340143,-1.210091,0.731345,-0.531761,-0.262919,-0.466223,0.663756,-0.438305
1366,1,0.059111,1.777573,-0.875293,0.359777,0.915009,-0.169817,-0.074811,0.411130,-0.300295,-0.883064,-0.340209,-2.024048,-0.185068,0.253677,-1.039386,0.432598,-0.992623,-1.246233,-0.427758,-0.551441,-0.570637,1.525437,0.686771,0.717079,0.037428,-0.275935,0.805992,0.574694,0.448193,0.178916,-0.650050,-0.953866
1367,1,-0.256509,-2.195544,-1.500963,2.285660,-1.135189,-1.807048,0.275176,-0.273988,-0.938175,-0.652189,-1.144624,0.104350,-1.188402,-0.524471,0.484424,0.654323,1.525500,-0.353442,1.039823,1.889996,-1.161286,-0.643627,-0.478857,-1.053610,1.723179,-0.673844,-0.912067,0.509894,0.972327,-1.139120,0.299060,-1.231820
1368,2,0.057575,0.107927,2.002178,0.794464,-1.889447,-1.225096,-0.596428,-0.571654,-0.429029,0.684578,0.445448,-0.686356,1.643824,-2.568351,-0.956711,-1.026658,-0.035277,1.302091,-0.635227,1.048862,-0.385812,0.956524,-0.200677,-0.513622,-1.171533,1.242476,0.008545,0.823932,-2.220564,0.930193,-0.465704,-1.080961
1369,0,0.770599,-0.482847,-0.915839,-1.910897,0.873532,1.004104,0.371895,1.206305,1.100878,0.334039,1.170521,0.794717,-0.049648,1.384089,-0.098697,1.412396,-0.071746,-0.629493,0.125905,-0.351654,-0.212460,0.892071,-0.974246,-1.417748,1.028362,-0.923876,-1.304200,0.186921,-1.226598,2.270558,1.025281,0.488879
1370,2,-1.146574,-1.061859,1.819836,0.831431,-0.026573,-0.077587,-0.684377,-0.535482,-0.667302,0.331964,-0.464917,-0.297857,0.075114,0.288638,-0.271061,2.643003,1.715319,-0.282469,-1.828894,-2.507791,-0.097679,-0.261687,-1.038318,2.199518,-1.664021,-0.403890,-1.705224,-0.357425,0.835471,-0.534542,0.920360,-1.507984
1371,0,0.062652,0.062462,0.544866,0.289887,-1.040480,-2.147550,2.243960,1.937592,0.354902,-1.082491,-0.054245,0.106190,-0.509171,-0.421521,0.118753,0.995905,0.129496,-0.500743,0.053497,-0.872784,-0.533041,0.243032,0.092026,-0.212465,0.872907,0.072785,0.411922,-0.142043,1.541378,0.180072,-0.702776,-0.111724
1372,0,2.531371,-0.554120,-0.079920,0.217494,-1.758559,-1.410923,-0.741607,-0.318588,1.144569,-0.194197,0.417892,0.700206,-1.400776,0.547807,-0.688234,0.096728,-0.289529,-1.470574,-0.325257,0.576372,0.310414,0.905249,-0.198477,1.312433,-0.577577,-0.309833,0.394406,-0.334380,-1.619685,-0.027505,1.859079,0.187443
1373,2,-0.416129,-0.994778,0.706381,-0.207954,0.293202,-1.932108,-0.874020,2.007180,0.295610,-0.157274,0.844297,-0.136557,-0.578716,0.710310,0.885560,-0.293574,0.376713,-1.073162,1.205335,2.000214,-2.454685,0.508452,0.880767,-0.708870,1.772171,-1.394244,-0.350296,1.377275,0.772980,1.060584,1.270722,0.797631
1374,1,0.009066,-1.225172,1.125609,-1.455566,-2.469507,-0.678349,0.023624,-0.477741,0.575761,-0.077993,-0.024565,0.961289,0.390923,1.007906,-0.470770,0.699515,-0.765510,0.888995,-0.308455,-0.822786,-0.193731,-0.671050,-0.373192,-0.397768,-0.213402,-1.238515,-1.418090,0.628050,-0.664183,-0.893601,0.101514,0.967558
1375,3,-2.239100,0.524089,0.389766,0.554619,0.472889,-0.194776,0.893068,-0.821491,-0.456833,0.278450,1.601302,-0.000438,0.587693,-0.161443,-1.138330,0.394080,-0.503124,-0.202181,1.433223,-1.210519,-0.781115,1.085826,0.622446,-0.773962,-0.248735,-0.218765,-0.773776,-0.541418,-1.931427,-0.645135,1.091375,0.291484
1376,3,0.151234,1.076842,-0.275260,-0.976846,-0.271606,-0.311418,-0.996090,-0.914293,-1.195025,-0.371032,-1.179316,-1.144771,1.361144,-0.114619,0.777973,-1.268919,-0.321820,-0.280068,-0.459905,-0.700060,0.769791,-0.309020,1.374327,2.542830,0.170853,-0.004137,-0.636758,-1.131487,0.159607,0.426190,-2.075562,-0.028370
1377,3,1.271645,0.079979,1.843489,1.175766,-0.129911,0.811941,0.687367,0.619212,-0.364753,0.758893,-1.225588,-0.368718,0.169110,-0.601739,0.893564,0.447996,-0.759173,1.136222,-1.260464,1.360206,-0.342763,-0.096164,0.369297,-0.598761,0.184399,0.781708,-0.287285,-0.155547,-1.194926,0.081330,1.014869,0.257760
1378,0,0.469010,-0.568824,0.159670,-0.352902,1.988109,0.141568,-1.438665,-0.876513,0.881420,-1.279766,-0.019317,-0.701560,0.218852,-0.116616,0.555934,-1.112899,-0.136488,-0.960291,0.505679,0.197723,1.044958,0.243549,-0.264124,0.625192,1.150439,-2.305043,0.071060,-0.529855,-0.182897,3.819274,1.197762,0.268410
1379,2,-1.114285,-0.568215,1.614382,-0.413982,-1.465212,0.051167,0.583025,-0.839257,0.394397,-0.507276,-1.018123,-0.453751,-0.548711,-0.002903,0.238738,-0.264510,-1.377026,0.711537,-0.126267,-0.655039,0.227443,1.829978,0.218218,-1.225846,0.224436,1.552853,1.751829,-1.829895,-0.333031,-0.870927,-0.501495,-1.061111
1380,3,0.394548,0.625659,-1.556365,-1.532459,-0.059189,0.563598,-0.453525,-1.252311,-0.487514,-1.140921,-0.090614,-0.258105,-0.623175,0.726043,-0.407739,-1.502842,-0.373328,0.727123,-0.008149,0.633132,0.038269,-0.014541,0.785100,-0.486465,0.031733,-0.889173,-0.370249,-0.440016,-1.110432,0.658638,0.655922,0.721958
1381,0,0.361196,0.992737,-0.441605,0.819011,-0.606522,1.741178,0.824370,-0.567135,-0.919998,0.250589,-0.470255,1.246066,-0.230294,0.894794,2.446888,-0.170427,-0.619696,-0.876406,-0.131622,-1.228490,1.069700,-1.045276,-0.263464,-2.312708,0.667462,0.226583,0.037330,0.365047,1.319474,-1.013081,1.376479,0.111494
1382,3,-0.300519,0.600971,-0.792533,-0.075482,-2.618273,-1.685202,1.027910,-0.107208,1.028433,-0.041567,0.357674,-0.195475,-1.554792,-0.767616,-1.137015,1.209345,1.256405,0.577058,1.357609,-0.648086,-0.859567,-0.269652,-1.016493,0.153152,-1.219687,-2.032073,0.939070,-0.013587,-0.134626,1.990816,-0.847535,0.815566
1383,0,0.623346,1.257958,-2.047584,0.379444,0.535160,0.810820,0.699843,-0.075115,0.701166,2.481715,-0.563823,-0.825550,1.000274,-0.277626,-0.745678,0.333952,-1.165684,-2.286114,0.722323,1.553463,0.330041,-1.266617,-0.994573,-0.833601,0.093341,-0.556666,-0.245213,0.122710,0.066072,0.877367,0.631570,-2.011014
1384,1,-1.236775,-0.206400,0.222413,0.245159,-0.243795,-1.566873,-1.535420,-0.890225,-0.676126,-1.235102,-2.029211,0.897493,-0.490949,-2.119984,-0.137137,1.085096,0.726852,-1.013695,-1.147141,0.123900,-0.638782,0.116542,0.151900,0.273963,0.550698,-0.024148,-2.936483,-0.831125,0.334822,0.211163,1.865714,2.089187
1385,1,-0.009096,0.170562,-0.045357,1.524940,1.190063,0.697596,1.067806,-0.618609,0.146367,0.323635,0.021345,1.842112,1.203298,-0.009314,-1.241556,0.839745,-1.414212,0.542008,-0.570341,1.462144,0.096826,0.659337,-0.412661,-1.979790,0.681207,0.731063,-0.196535,0.059996,1.196045,-0.163124,0.696854,0.542805
1386,1,-0.600902,-0.208488,-0.829355,-0.303682,0.817649,-0.345811,-0.233615,0.328137,-0.102633,1.399889,1.758307,0.681625,-0.228077,0.217602,0.363638,-0.359001,0.896432,-1.863832,-1.676302,0.325114,-1.258268,-0.312835,1.454619,-0.877853,-1.053164,0.118805,-0.387937,0.966431,-0.243571,0.347292,0.125574,0.122698
1387,3,-0.732276,0.545799,-0.608340,1.757692,-1.698855,-0.795691,-0.928692,0.151947,1.192553,-0.765455,-0.283876,-1.811695,-0.488747,0.039436,0.861912,1.004950,0.242551,0.056277,0.552569,-1.584346,-0.417085,-0.947609,-2.717120,1.333480,-2.475593,-0.954331,0.303539,0.649171,-0.085845,1.516317,-0.964783,1.314280
1388,3,1.294805,-2.440746,-0.055376,0.461670,-1.192397,-0.043295,-0.237412,2.414896,0.426466,-0.302859,-0.745048,-0.428021,0.942279,-0.023821,0.693115,2.564490,-1.199413,1.532329,0.118138,1.243656,1.983541,-0.189742,0.535539,-0.568978,0.872059,0.706119,-0.643205,2.404204,1.811128,-0.499384,1.128119,0.870283
1389,2,0.255273,-0.394564,0.803768,-1.090309,0.765757,-1.267550,-0.034018,-0.461669,1.008799,-0.923781,-0.076123,-0.193124,-0.267496,0.155063,0.717443,0.029529,-0.689481,-2.003631,1.193966,1.959430,0.059984,0.487763,-0.420175,0.398331,0.275984,-0.341527,-1.065291,1.232108,-1.999265,1.794052,-0.250043,1.041378
1390,1,0.784842,0.663139,0.982536,0.274761,-1.547209,0.590758,0.900890,1.537471,-0.890995,0.308462,-0.060455,1.947704,0.112022,0.713959,0.493219,0.859713,-2.087365,1.179751,1.140365,-0.627441,-0.138544,0.707793,-0.269259,-0.345131,0.706959,-0.741390,0.800791,0.739007,-0.762732,-0.493734,0.744121,-0.982079
1391,1,1.094949,1.678804,-1.066117,1.096911,1.233586,-0.264061,0.176078,-1.376163,0.217136,1.254582,-0.833204,-1.329876,-0.294151,-1.362357,0.854841,-0.571054,-2.224922,-0.496423,0.015947,0.288156,-0.840991,0.526422,-0.763770,1.211067,0.007995,-0.083351,-1.484523,0.362240,0.851427,0.045171,-0.490120,-1.041357
1392,1,0.316865,0.093761,-0.709348,1.314779,0.319281,-0.420794,0.817821,-0.819593,-0.194799,3.291684,-1.308781,0.822261,0.688129,1.300163,-1.642116,1.698463,0.467241,-0.763711,0.735119,-1.052334,-0.809414,-0.621160,-0.882667,0.157799,0.884202,0.087641,-0.233380,-1.012383,-0.808306,-0.244832,1.999959,0.344025
1393,3,-0.607409,-0.283729,-0.812320,1.045984,1.322657,1.793829,2.450050,0.165331,0.639869,-1.407130,-0.358205,-0.082980,-0.198917,-0.890517,0.349951,0.784281,0.134111,-0.065272,-0.099339,-0.713089,-0.546242,0.530544,-1.630500,-0.330194,-1.299303,-0.187042,-0.027448,0.275263,0.221119,-0.669359,0.769816,0.265214
1394,1,0.753216,1.879371,-0.416996,0.398500,-1.017978,-0.873765,-0.538089,0.631871,-0.259499,-0.614810,0.611243,-0.181862,-0.502375,-0.349566,-1.618900,-0.600778,1.066762,-0.696211,-0.287498,0.178528,0.787871,-0.265472,1.964324,-0.038604,-1.064076,0.337048,1.003330,1.449767,0.126999,-0.475010,1.138754,0.368145
1395,1,1.326843,2.480229,-1.064842,-1.180630,-1.069076,0.987609,0.887827,1.003172,0.902553,0.056194,1.022470,0.704298,0.738034,0.520561,-1.583208,1.565229,0.479854,0.065835,0.551949,-0.058082,-0.544145,0.980090,0.007580,0.987749,-0.832214,1.296826,0.401661,1.385102,-0.731816,-0.506921,-0.114313,1.203857
1396,1,0.967525,0.293239,1.993729,-0.122536,1.200008,0.607699,-0.222092,0.912040,0.122969,-0.912797,0.622452,0.925927,-1.049332,-0.792322,-0.002653,0.859364,1.227951,1.093710,-1.423342,1.089186,-0.493630,-0.407680,-0.846146,-0.148739,0.138556,0.112182,-0.759338,-0.202295,-0.895784,1.978283,-1.390973,0.816620
1397,3,0.461714,0.080611,1.791936,0.305038,-0.636434,2.697047,0.741970,0.836291,0.036990,0.833229,-0.661833,0.347910,0.949785,0.618709,-0.774661,-0.340220,-0.997223,-0.499246,1.168662,1.028235,1.135170,-0.970552,0.099086,-0.135859,0.456073,0.970785,-0.512405,-0.499680,1.589161,0.739225,-1.210763,0.577436
1398,1,0.147580,3.044798,1.142257,0.137567,-0.794455,-0.813745,-0.743532,-0.511223,-0.344705,-1.328326,-0.910297,0.218076,-0.620807,-0.253171,-1.759185,2.321025,-0.826322,-0.627877,0.135793,-0.650093,1.277247,0.406305,-0.156688,0.291578,-0.031123,-0.033422,1.223315,0.950627,1.065103,-0.464406,2.348058,1.122844
1399,1,0.769833,2.235383,0.872599,-0.746345,0.793228,0.614585,0.385821,0.256428,-0.469426,1.730185,-0.988678,-0.723800,1.346478,-0.272281,-0.192780,-1.779547,1.563136,-0.811713,-0.926469,0.045363,0.008861,-0.580877,-0.321935,0.019116,0.355768,-0.556244,0.229502,0.864623,-0.045987,-1.276080,-0.208598,-0.600576
1400,3,0.515509,0.345754,1.696363,0.264329,-0.030040,0.322431,-0.575268,-0.633931,1.761037,-1.395425,-0.419983,-0.398737,0.460863,0.164005,-0.296677,1.412902,-1.497946,-0.836740,0.584350,0.952708,-0.157905,1.127051,0.379139,1.137374,-1.436781,-1.011866,-1.807331,-1.199732,0.712774,-0.218923,-0.221135,-0.343206
1401,3,-0.182054,1.693212,0.420189,-0.569413,0.109752,1.367132,0.000359,-0.678333,-0.650219,0.344998,0.043466,-0.006054,0.490837,-1.330003,-0.811129,0.201525,0.540415,-0.283368,-0.111281,0.235693,-0.715612,0.346191,-0.697954,-0.874591,0.110460,0.207585,-0.435541,-1.622792,-0.537690,0.150016,-2.010311,-1.963648
1402,0,0.999733,0.886072,0.177335,0.895113,-0.182381,-0.803882,-0.056926,0.786935,1.231259,1.596095,0.298533,-0.658060,1.575258,-0.171755,1.009772,0.774792,1.548764,-0.279086,0.814780,0.488791,0.867108,2.957507,0.923793,1.064262,0.276361,0.268174,0.777475,-1.620118,-0.359104,-0.325000,0.092250,-0.206936
1403,0,-0.871764,-1.847791,-1.217258,-1.334272,-0.538206,1.745350,0.326496,0.519586,-0.392818,0.026983,0.766912,-1.100802,-1.461321,0.450181,0.212875,-0.155106,-1.136742,0.924108,-0.131728,0.278207,-0.797228,0.248259,1.523650,-0.465451,0.342246,-0.257039,0.253509,1.325151,1.262510,0.210166,0.015032,-0.871123
1404,3,-0.798645,-0.083762,1.268798,0.269440,-0.874150,-1.711031,0.343469,2.119168,-0.115211,-0.349014,1.136517,0.374178,0.083488,-0.842853,-0.305819,-0.980352,0.615682,-0.623067,-0.091190,0.650296,-0.266141,-0.791797,0.151436,-0.189711,-0.572916,1.841041,1.332861,1.079271,-0.449751,1.862162,0.059942,-0.094524
1405,2,1.118783,-0.714589,0.332707,0.373572,-1.390204,0.611921,0.181761,-0.245628,0.140387,0.086970,-1.461826,0.769750,-0.334860,1.389814,1.598300,-1.206804,-0.717565,-0.571833,0.386978,-1.176071,-1.243229,1.183593,0.502719,-1.345989,0.406959,-0.005678,0.201178,0.224433,-0.115492,1.356110,-0.705668,-0.362544
1406,3,-1.389178,0.348205,-0.534973,0.627405,0.076161,0.266055,-1.733297,-0.973280,-0.919593,0.334259,0.176065,0.206827,1.074764,0.337294,-1.981634,-0.668874,-1.760263,-1.079644,1.795987,1.459785,0.246895,1.045548,-1.459720,-0.390304,1.406152,-1.424635,-0.952873,-0.075576,0.075816,-0.052121,1.334049,1.681278
1407,1,-0.969168,0.540519,0.781890,0.873101,-3.139756,-0.770823,0.158619,-0.322666,-1.071974,-0.658841,-0.462596,-0.094132,-1.297899,0.410684,0.566217,0.358154,-1.614165,0.567291,-0.732182,-1.054021,0.058873,-0.013294,0.065437,-1.110370,1.280180,0.858002,-2.481547,-0.517027,-0.867752,0.841185,-1.642352,0.223965
1408,0,1.079990,-1.095816,0.344677,0.191776,-1.335117,-0.156684,-1.980357,0.579155,0.405873,0.294838,-0.817996,-0.218328,-0.150422,0.421299,0.809076,-0.234457,0.116164,-0.391153,0.561413,-0.042055,-0.346057,0.334472,-0.913308,0.354940,-0.425628,-0.284434,0.931388,0.502917,-0.439063,0.434463,0.599201,-1.724821
1409,1,-0.507989,1.087866,0.815188,0.542430,0.648087,0.764545,-0.575896,-1.506511,1.446890,-2.479977,1.971848,-0.701884,0.843602,0.895443,1.898812,-1.320245,-0.489796,0.213525,-0.078107,1.390888,-0.068402,0.142026,0.767877,-0.940747,-0.660453,-0.281324,1.304322,-0.455911,0.393807,0.068064,-1.223424,0.553353
1410,0,-0.157687,-1.024344,2.037621,0.253733,-0.387388,-0.184267,1.137285,-0.545172,-1.454409,-1.097684,-0.634213,0.759807,1.253057,-0.761415,2.674422,1.520926,-0.376222,-0.156368,0.784981,0.272510,-0.616651,0.079060,0.009183,0.690579,-0.508691,0.873957,0.353267,-0.738623,2.131065,2.769402,-0.431359,0.677923
1411,0,0.424864,-1.270884,-0.797989,1.839717,-0.708236,0.954588,0.812628,0.090468,-2.435181,-0.047080,1.132069,0.996213,-0.014444,0.405239,0.038371,0.053363,0.834467,0.405253,-0.178315,-0.603102,2.289011,-0.086744,-0.015602,0.207363,3.646940,1.625275,0.100382,-0.261202,-2.539878,-1.409852,0.340325,2.647948
1412,2,-0.027353,0.546679,1.203274,-0.448101,0.314715,-0.044573,0.548743,0.210028,1.371469,-0.222423,-0.336005,-0.320524,-0.765775,-0.480382,-0.125953,0.013109,-1.442753,0.962589,0.654371,-2.303370,-0.126978,0.854533,-0.887956,0.285644,-0.604191,-1.578332,-0.388287,0.697523,-2.244666,0.874496,1.553527,0.012118
1413,3,0.530447,1.504640,0.258146,-0.205164,1.555474,-0.092713,-0.907593,0.203371,0.742917,1.190262,-0.043416,1.363067,-0.559624,-2.202539,-0.253658,-0.082965,0.379301,-1.705814,0.584934,0.197564,0.647427,-1.546047,0.631385,-0.626572,0.711721,0.689893,-0.417910,0.337579,-0.145068,0.509341,-0.291237,-0.403743
1414,1,-1.494797,0.521146,-0.257788,-0.915722,-0.511999,-0.367201,-1.338863,1.079142,0.811386,-1.675145,-0.905233,-1.130803,0.134021,-1.427283,-3.160538,-1.460248,-0.633843,0.535423,-0.986592,-0.462328,1.673230,1.219211,-0.946084,-1.478711,-0.204122,-0.965407,-0.126878,-0.507847,0.471763,1.918153,0.225888,-1.334671
1415,0,-0.036564,-0.693604,-0.137455,-0.481164,-0.103481,0.664972,0.050686,-1.551003,-2.048154,-0.438011,-0.923536,0.237898,0.754099,-0.668296,0.577016,0.089521,0.073010,1.135761,-1.134026,-0.282458,-0.584919,1.595264,-0.584628,0.628532,1.576171,1.728292,0.388087,-0.687341,0.895079,-1.286201,-0.222363,0.055999
1416,3,0.439249,-1.453097,0.628186,0.149247,2.910967,-0.119010,0.634042,0.264774,0.179165,0.015307,0.167598,0.253944,-0.109257,-1.714263,1.470255,-0.663926,0.473260,-0.719395,0.231729,-0.909417,-0.867021,1.035489,-0.953671,0.056996,-0.586055,0.543039,0.090836,-0.821891,0.097287,1.103932,0.897892,-0.057467
1417,2,0.102819,2.578503,0.880638,0.200645,1.331954,1.309831,0.786291,1.538170,-0.197374,-1.808959,0.883116,0.657924,-0.488008,-0.543033,-0.762326,0.006146,1.559945,-0.065636,-0.954168,1.036032,1.026731,-1.708817,0.140422,-1.538549,-0.851741,-0.625819,1.769950,-0.010728,0.787755,-1.203783,1.508456,1.299959
1418,2,-0.297870,0.377093,0.112997,-0.529652,-0.067931,0.327228,0.505679,-0.241259,1.493834,0.561810,-0.637963,-0.121148,-0.372359,0.642146,-0.410083,-0.274446,1.275569,0.972234,0.026863,-0.831312,0.542070,-0.173151,-1.983018,-0.167596,2.473976,-1.039858,0.646736,-0.044218,-1.151719,0.365304,1.109196,-2.069142
1419,2,-1.844924,1.370824,0.898989,-0.233811,1.060950,0.466027,-0.593595,-0.480647,-1.263487,-0.534734,0.327178,1.255883,-0.318397,0.195390,1.461072,-0.490534,0.055400,-1.580469,-0.312466,-1.241930,-0.341101,0.105958,-0.508753,-1.228136,0.062092,0.538402,2.468447,1.068502,-1.766086,-2.117928,-0.274135,-0.274062
1420,2,1.302265,-0.826609,0.820399,-1.069191,-1.947125,1.507052,-0.436119,0.345857,1.110707,-1.023194,2.059859,2.092131,0.751466,1.109720,0.216497,-0.216767,-0.553130,0.273470,1.803816,1.304536,0.435579,0.252252,-0.098061,-0.584610,0.444785,-1.590191,-0.157458,0.916128,-1.360498,-0.120730,-0.505710,-0.620521
1421,3,0.253519,-0.391222,0.304219,1.610306,-0.997309,0.215831,0.171665,-0.279888,-0.607707,1.091364,-1.761260,-1.172278,-0.488464,0.087096,-0.043956,0.713520,0.902733,0.511928,0.393630,-1.783498,0.854149,-2.042905,-0.456847,0.236385,2.247314,1.040144,-0.509508,-0.881801,-0.329520,-0.770697,-0.998955,-0.150337
1422,0,0.431224,0.963887,1.276667,0.048631,0.989996,-1.948246,1.368421,-1.832664,1.007739,0.593537,-3.007569,-0.028584,2.565785,0.942638,-1.181194,0.233528,-1.756952,-1.085071,-1.755747,-0.172211,0.132243,-1.225551,0.120006,-0.288457,0.898644,-0.506238,-1.604452,0.220223,-1.041194,-1.332047,-1.085150,2.479346
1423,1,-0.575410,-0.290217,-0.250127,0.638304,0.500686,1.540532,0.389060,0.139652,0.598031,-0.931555,-0.502251,1.978191,-0.596046,0.313775,-1.409058,0.580340,-1.660256,0.131456,0.642348,0.680811,0.794800,0.258199,0.648434,0.433863,-0.654232,0.881110,-0.781493,0.099266,-0.830032,0.727881,0.368893,-0.861496
1424,3,-0.494093,-1.573552,-0.228002,0.347236,1.298172,-0.713772,0.030816,1.243446,-0.702486,-1.504052,1.286689,0.275600,-0.672880,0.243769,-0.334928,1.022130,1.145249,-0.493258,-1.239800,-0.293076,-0.145600,1.095593,-1.955699,1.437841,-1.167399,0.045441,-1.570962,0.428526,0.128887,0.436653,-1.318104,-0.893848
1425,3,-0.388626,0.775922,0.973482,1.588037,-1.152953,0.129013,-0.579117,-0.594529,0.768283,0.709447,-1.672107,1.692059,1.384733,0.883265,-0.137924,-0.335577,0.511730,-0.458305,-0.761534,0.212392,0.624012,1.371511,-0.922065,-1.027277,0.949344,0.633720,-0.628454,0.540663,1.042828,-0.087418,1.039668,0.655369
1426,3,1.133185,0.827040,0.853506,0.497388,-0.990410,-0.004395,0.304519,-0.460212,1.796229,0.114684,-1.265965,0.587828,-1.305886,-0.431707,-1.089231,-0.344277,-0.004499,0.421305,-1.660017,1.805144,1.162113,-0.196887,0.476657,0.094233,0.894359,-1.324805,-1.799370,0.106058,-1.694376,0.883562,-1.046150,1.475614
1427,2,-0.077743,0.077574,1.039149,-0.128827,-1.166326,-0.011940,0.647956,-0.197367,0.132341,1.122115,0.085347,0.071689,0.810867,0.325084,0.553144,0.273871,0.262077,-0.107760,0.126017,0.471618,-0.897674,0.383791,1.342974,-0.323084,0.378668,0.370209,0.372636,1.192667,0.490093,0.900626,-1.955595,-0.265960
1428,1,-1.552863,1.316974,-1.338745,-0.078179,0.684873,0.335095,0.644948,-0.956753,-0.466672,-0.023915,-1.014927,1.143711,-0.990148,1.033581,0.175958,0.644776,-0.725847,0.144048,1.107152,0.786987,-0.874884,0.311174,-0.620360,0.484426,0.535100,-2.871784,-0.499184,0.621202,0.812818,0.554848,1.113772,-0.121604
1429,3,0.840982,0.489167,-0.110078,-0.393477,0.187301,-0.163771,-0.080065,0.199492,-0.486334,-1.632349,-0.007030,0.729904,0.696589,0.676443,0.162749,-0.744161,0.350036,-0.764789,-0.117769,-0.634193,-0.260991,0.376418,0.280752,1.362437,1.138126,-1.292175,0.518965,-1.092494,0.502645,-0.295653,-0.104900,0.203614
1430,3,-0.130766,-1.294891,-1.024557,0.251965,-1.126197,-0.809369,-0.142841,-0.422358,-1.283136,0.415779,0.225686,0.924488,-0.199724,-0.349767,-1.259083,0.612708,0.679118,-1.082686,-1.025672,-0.427832,0.854261,-0.352124,-0.118552,-0.170687,0.120523,2.028200,-0.398189,1.031205,-0.545928,-1.458743,0.860645,-1.559826
1431,2,-0.668620,-0.031318,1.339359,1.730818,0.602610,-0.232933,1.209294,1.085374,-0.720739,0.076463,1.407358,-1.486318,-1.528576,-0.006756,-1.185752,-0.172411,0.241261,-0.554863,-0.024253,-0.107688,-1.628821,0.747351,0.682486,0.829201,0.715223,-0.100906,1.393757,1.032697,-0.350142,1.278337,0.022618,2.337355
1432,1,0.847819,-0.364780,-1.440351,1.365904,-1.120872,-1.329663,0.151279,-2.697525,-1.159551,0.125687,1.408560,-2.673464,0.058226,-0.616293,-0.345551,1.197030,-0.190126,0.265075,0.139214,0.572329,-0.277874,2.922557,-0.329260,-1.160694,0.252918,0.666271,-0.979620,1.045511,0.375198,1.201432,-1.323364,0.629282
1433,3,-0.014560,-0.732734,-1.892629,0.011353,-0.241703,-0.328087,0.494693,-1.177930,-0.474192,-0.273587,0.360478,0.223710,1.051576,-0.097163,-0.499078,-0.493674,-2.040087,0.045942,0.530844,-0.156161,-0.048009,0.998598,1.333731,1.073040,-1.183402,1.971309,1.086550,-0.321310,0.047441,0.027346,-0.544769,-0.138898
1434,1,-1.048889,-0.212408,0.857489,-1.018127,-2.355438,0.234191,0.124645,0.794901,0.541187,-1.422709,0.587710,1.012967,-1.212167,0.240128,-0.808853,0.406949,-1.764349,0.468419,0.442896,-0.521881,-0.010363,-1.520740,0.059221,-0.699052,-0.713787,-0.839649,-2.068314,0.319054,0.598572,0.902672,0.235937,0.524483
1435,3,-0.589542,-0.084385,0.028045,1.187527,0.445690,0.301148,0.811492,1.265991,0.603784,-0.339127,0.663705,0.880848,-1.800160,-0.943228,0.538869,-0.173706,0.628947,0.611282,0.466766,0.099738,-0.605437,0.036462,-1.504841,-0.641152,0.145544,0.711154,0.576354,0.808820,-1.237845,1.447067,1.230110,1.169213
1436,2,0.703011,-0.400357,0.408374,1.154214,0.108387,0.784188,-1.107525,0.610507,-0.500279,-0.317392,-0.003096,1.468349,1.283615,-0.931675,-0.189808,0.338071,-0.786653,2.965956,-0.045512,-1.080815,2.333934,0.281975,0.953505,-0.402286,2.523495,-2.684064,-0.389075,-1.401592,-1.863903,0.839793,-0.867182,1.703022
1437,3,1.791261,0.497665,-0.977733,0.529561,-0.542091,0.412012,-1.091681,0.941620,-0.596660,-1.127521,-0.051166,0.766421,-1.081189,0.314502,-1.156684,-0.220095,1.462685,0.237931,-0.550685,0.505573,-0.308670,0.234871,1.958272,0.480463,-1.405089,0.268113,-0.064249,-0.420811,-0.033182,-0.113291,-0.498372,0.207732
1438,2,-0.668810,-1.202709,-1.652805,-0.631893,-0.085128,0.044213,0.282001,0.756562,-2.575619,-0.112018,1.138257,2.585657,-1.926204,0.643455,0.125121,-2.792333,-0.516274,0.669460,-0.288788,-0.527840,0.483586,2.016566,0.745408,-0.799809,1.237191,0.311298,0.326596,-1.913764,0.587260,0.105706,-0.270659,-0.335120
1439,0,1.099120,-0.879299,-1.428757,-0.739312,-0.047559,0.467377,-1.330763,-0.989674,-0.314457,-0.067085,1.178617,0.639158,-1.604633,-0.651759,0.492426,-2.636629,0.481943,1.904794,0.871803,0.119396,0.378045,-1.050758,-0.826469,-0.010307,0.091817,-1.045292,1.281822,-0.860408,0.334635,-0.179177,0.779532,-2.323903
1440,0,1.180782,0.023016,0.166927,-1.191136,1.818819,-1.139213,-0.895089,2.349730,-1.559644,-0.619993,-0.725361,-0.644055,-0.249959,-1.247755,0.598073,1.730179,-1.004018,-2.122360,-0.823336,0.100964,-0.590304,-1.630665,-0.218465,-0.713679,-0.195277,0.976456,1.146387,-1.718361,-0.472803,-0.864062,0.316100,-1.677047
1441,0,0.424771,0.290470,0.807187,0.232415,0.783494,0.700961,-0.169402,-0.225267,-0.629088,0.688968,-0.654634,0.707520,-0.009300,-0.971606,1.432123,1.208569,1.601083,-2.373315,0.386012,0.484523,0.926083,-0.328399,-0.491964,1.892719,-1.160593,0.116061,-0.256895,-0.160465,0.745453,0.753733,0.163425,0.082983
1442,3,0.164033,-1.078588,-1.485991,-0.721920,-0.181315,-0.263914,-0.693762,2.017245,-0.308028,0.446392,-0.306895,-0.860085,0.534785,-1.885485,0.114597,1.140707,1.097515,-0.715260,-1.580109,0.231862,0.726519,0.862309,-0.876592,0.694861,-1.434976,0.143238,-0.112371,-0.581748,-1.732242,1.014071,-0.654579,0.778007
1443,2,0.011190,-0.863732,0.792079,1.018191,-0.324365,0.946388,0.302619,-0.545066,0.511611,0.841349,0.292838,1.261011,-0.429812,-0.014123,-0.029934,0.473791,0.900962,1.002644,-0.424266,1.801672,-0.600698,-1.659092,-0.187154,-0.439505,1.265383,1.395568,-0.177834,0.586882,1.421642,0.521107,-1.365125,-0.136927
1444,3,0.472029,1.259544,0.753888,2.541686,-1.441322,-0.491996,-0.054581,-0.811563,-1.726048,0.343125,1.196331,-0.873371,-0.377379,-0.091965,0.425297,2.465665,0.524454,1.392881,0.867566,-1.391322,-0.968159,1.736700,-0.995776,-0.632236,-0.694694,-0.075385,-1.857154,0.074595,-0.907675,0.119828,-0.797378,0.115584
1445,1,1.272824,0.473999,-1.007792,0.625061,-0.296248,-1.284907,-0.471943,0.805413,1.060523,-0.916462,1.350177,-1.093214,0.966782,-0.064065,-0.914237,-0.647421,1.076379,-0.820596,0.666021,0.078518,-0.071523,-0.991001,-0.422189,0.153956,-0.600544,0.069368,0.350756,0.572665,0.389640,2.256260,0.675118,2.772930
1446,2,1.065614,2.375584,0.048362,0.203708,0.106239,1.241139,1.971420,-0.218050,-0.766946,0.229582,-0.428644,-0.379534,0.503851,0.219695,0.727235,1.603180,-0.923490,-0.864204,0.789060,0.669329,-0.775192,-0.446379,-0.694236,-0.212875,1.021398,-2.474531,1.302722,-0.430063,-0.507717,-1.893018,0.738400,-2.259495
1447,1,-0.281202,0.550236,-0.312676,0.343060,-0.316227,-0.396986,-0.816325,0.257159,0.849502,0.911296,0.164119,1.244964,-0.507813,0.930756,-1.761638,1.497594,1.232555,0.085732,0.669113,0.523932,-0.396368,-1.969993,1.922052,-0.258609,-1.393764,-0.096887,-0.223530,0.544621,-2.045025,-1.350731,-0.827260,0.332317
1448,2,-0.067544,-1.634916,0.782519,-0.453383,-0.247148,-0.033467,1.468767,1.074371,-0.286381,-0.548066,0.223951,-0.790015,-0.413763,0.312972,-1.109398,2.178318,0.400383,1.124913,-2.139075,-0.389456,-0.812526,-0.025175,-0.876378,0.171272,0.477232,1.742205,0.005663,-0.055225,-0.982606,-0.029951,1.024226,-0.083477
1449,0,-0.551112,-0.219162,-0.447625,-0.713298,-2.145182,-0.741696,-1.721881,1.500053,0.912859,0.001921,-2.513298,0.460300,-0.010259,0.226674,0.034412,2.352980,0.366750,-0.692326,-0.517077,0.681182,0.049322,1.101103,-0.566480,-0.831026,-0.707034,0.807474,1.121527,0.944542,-0.209490,0.939544,0.555309,-1.141290
1450,3,0.834444,2.298494,-0.206989,-0.804537,0.026324,-1.170308,-0.301199,-1.336183,-0.293970,-0.226537,-0.227054,0.012133,-0.110851,0.627503,1.607075,-0.841646,-0.188418,0.248139,0.032152,-0.940865,-1.036621,1.393363,-0.227095,0.391143,0.095736,1.145945,0.785787,-1.244464,0.313137,-0.580475,1.364527,1.227748
1451,3,0.495641,0.936953,-1.378313,0.983487,-1.889975,1.946386,-0.208219,0.803101,1.186549,-0.482635,0.197841,-0.881507,-0.285829,-1.000170,0.068751,1.102585,-0.214240,-0.758119,-1.151277,-1.619327,0.475075,-0.391386,-0.592480,0.064491,-0.698153,-0.339664,0.481629,-1.662566,2.285311,-0.235466,-1.973963,0.616903
1452,2,1.957515,-0.021955,0.076940,-0.551727,0.067784,1.831580,1.027443,-0.244184,-0.073840,1.461000,-1.339323,-0.192740,-0.679316,-0.167517,-0.257111,0.128214,-0.666067,-1.261237,-1.635647,1.334796,0.113731,0.224466,1.447233,0.161736,1.701386,1.067554,2.200294,-1.004906,2.168483,-0.060573,-0.943228,1.390006
1453,3,1.503285,0.138973,0.666611,-0.306773,-0.858745,-0.390393,0.291820,-1.976858,1.488425,-0.529712,0.206443,0.529308,0.642468,-0.530758,0.417685,0.142794,0.074398,-0.233650,1.308949,0.332387,0.773209,0.462444,-0.336200,-2.884233,-1.366635,1.321287,-0.611827,2.427149,-0.634420,0.295779,-0.106531,1.428109
1454,3,-0.076307,-0.166858,-1.267698,1.813023,-0.761389,0.942078,1.671367,0.179630,-0.848098,-0.271354,-1.103063,-0.679327,0.377729,2.356205,0.553331,-1.114398,0.741910,-0.002270,-0.458440,-0.119417,-0.841942,0.776089,-0.081498,-1.131551,2.138200,-0.068625,0.137381,1.982108,-0.071817,-0.087763,0.620111,-0.137664
1455,0,1.175763,-0.903304,-1.048642,-1.379355,-0.504585,-0.588598,0.718598,-0.010564,-0.155458,-0.629345,0.151922,-0.428373,-2.174608,1.009185,-1.759126,1.859910,-0.213050,1.366152,1.218755,0.121412,-1.443457,-1.447237,0.382335,-1.301780,0.746175,-0.927138,-0.021980,0.756622,-0.613463,0.724105,1.790045,-1.103725
1456,3,0.121562,-0.667164,-1.609015,2.122117,-1.424271,1.211035,-0.696690,-0.916423,-0.766022,0.878633,-0.224012,-0.340315,-0.045749,-2.314112,1.580839,-0.594885,1.163278,-1.968949,-1.287831,0.142429,0.425826,0.602971,0.468322,0.154391,0.610526,1.611972,0.877688,-1.115881,0.679492,0.117173,1.505714,-1.099598
1457,2,-0.043991,0.069968,2.164247,-0.041252,-0.671312,-1.412219,-0.766280,-2.133031,1.430513,0.804995,-0.405242,-0.563117,1.113340,-0.880596,0.579346,-0.798271,0.197395,-1.280227,0.902555,-1.210203,1.112007,0.752477,1.308074,-1.690935,0.212398,-0.282519,0.673002,0.530227,-0.492679,1.031646,-0.671234,0.402388
1458,3,0.139398,-0.481782,-0.829205,0.729198,0.219339,-0.144495,-1.009741,-0.233926,-0.709714,-0.800338,1.470473,-0.868265,-1.977544,-0.009574,-0.729496,0.568871,-0.367617,-0.476091,1.038777,-2.190129,0.096022,-0.792837,-0.885240,-0.681316,0.086475,-1.283711,-0.237486,-1.098442,0.002681,0.394290,0.301755,1.515764
1459,1,0.798430,0.979076,-0.773298,-0.299581,-1.532519,-0.992570,-2.282397,1.902653,-0.860940,-1.101504,1.759164,1.114469,-0.475494,-0.177366,1.470081,0.935971,-1.305014,-0.715250,0.669559,-0.427697,0.743604,0.027455,-0.810859,0.469335,-0.232282,-1.604339,-0.736259,1.820277,-0.436041,-0.271811,-1.875061,0.159029
1460,0,1.250148,0.223266,1.529579,0.333838,1.355301,-1.503466,-0.068805,1.087055,-0.668513,0.199998,0.175562,0.511601,0.463627,-1.302827,-0.507320,-2.256743,-1.379929,-0.063285,1.236063,-1.089045,0.925841,0.408671,0.172721,-0.772744,-1.005606,-0.879026,1.689590,-1.636872,0.293878,-0.459696,-0.480996,-0.694577
1461,3,0.490982,-0.611402,-0.688517,2.315361,0.105175,0.513301,1.240625,0.894909,-1.312781,-1.163734,0.108563,0.198478,-1.196448,-1.299231,-0.778153,1.090888,0.396645,2.120075,-1.130847,0.402124,0.081710,-1.087212,-1.585372,1.535795,-0.932584,-1.167256,-0.322387,0.101652,-0.914514,0.597940,-2.321829,-0.165532
1462,0,-1.071275,1.632793,-0.721501,1.204844,-0.220508,-0.172173,0.618077,-0.900048,0.116253,-1.551822,1.117950,-0.343389,-1.630995,-0.301710,-0.345789,-0.141416,1.759536,-0.833947,2.105904,-0.858066,1.297137,1.869353,-0.173209,0.815183,0.755439,-0.320119,0.691492,0.926730,-0.268853,-0.519398,0.029979,-0.926724
1463,1,-0.418875,0.502320,0.797344,1.115727,-0.628070,0.239160,-0.811374,0.943560,-0.006377,1.043258,0.669776,-0.680797,0.603325,1.411756,0.150491,1.522463,1.635124,0.833663,1.915468,1.185914,0.748828,-1.143934,0.537077,-0.084781,0.644506,0.864786,0.329577,1.747812,0.090336,-0.274083,0.877553,0.512723
1464,2,0.268827,0.480410,0.791701,-1.746157,3.052828,1.128432,-1.124528,-1.920708,1.345759,1.786573,-0.164368,1.575795,0.372526,-1.068865,-0.758542,0.724255,0.412590,1.199448,-1.852102,1.606443,0.483674,-2.605923,-1.938470,-1.469129,-1.194479,-0.432875,-0.846120,-0.299334,0.201946,0.782038,3.395258,2.240604
1465,2,0.609487,-0.884647,-0.019638,0.916802,-0.576400,0.496599,0.640082,1.988135,2.548860,0.658545,-0.108804,-0.626077,-0.714016,0.045097,-0.356256,-0.158478,0.295398,0.507359,-1.032846,-0.279551,1.012099,0.118062,0.169246,0.621919,0.788351,-1.388833,1.042656,1.174239,-0.100955,0.959382,1.712127,-1.013837
1466,0,0.890413,-1.694795,1.276432,0.529276,1.241729,0.785410,-0.404298,-0.933549,0.389847,-1.283327,0.228545,0.582830,0.176099,0.995737,-0.378655,-1.066391,1.313971,-0.885147,-0.049363,-0.916133,-0.761603,-0.790979,1.039607,2.748741,0.470470,1.005486,0.130411,-0.155372,0.756749,0.124305,-1.524632,1.518278
1467,2,0.076102,-0.170128,-0.735660,0.199848,-0.217216,0.041466,-0.067875,-1.167792,1.901721,0.964199,-0.358325,-0.602695,-0.210430,3.055318,-1.147328,1.596437,-0.981453,0.891131,1.653816,1.943512,-0.405709,1.144301,0.047339,0.843623,1.624436,0.431164,-0.897967,-1.183393,0.219141,-0.752846,0.203089,-1.991347
1468,0,0.905825,0.334912,2.157435,0.471932,1.526130,-0.475374,-0.560329,1.410819,-0.106042,-0.237391,0.781060,-0.481633,-0.315330,1.620988,-2.093359,0.501664,-1.183571,1.587816,-0.688264,0.749117,-0.422646,1.056251,-0.411309,0.710130,0.706913,-1.670848,-1.398415,2.817391,-1.231485,-0.644153,-0.653455,0.220210
1469,3,0.807596,0.635927,0.326821,1.841190,-0.523139,-0.358211,-0.379099,-0.801673,-0.562299,-0.236408,0.542230,-0.241142,0.334233,-0.895182,-0.965064,-0.700499,0.189229,-1.073784,0.028255,-0.083021,-0.947079,1.174239,0.199607,1.035117,1.117113,-0.971052,0.392009,-0.112919,-0.815626,-0.822860,-1.388545,0.399845
1470,2,0.154587,-0.144099,0.015360,-0.067460,-0.217810,1.406830,-0.692573,-1.134330,-0.109590,1.072520,-1.906228,-1.122072,0.652725,-0.765081,0.607721,-0.604658,-1.950222,-1.406486,-1.793760,-1.814387,-0.954772,1.106998,-0.419305,-0.174225,-1.268896,0.230622,0.095865,0.101457,-1.317501,0.114116,1.775389,-1.205847
1471,1,1.635360,0.483989,0.747763,1.337882,-0.271624,0.835920,0.080539,0.539780,1.496575,0.754458,-0.657961,0.354854,-0.745290,0.066848,-0.278809,0.502676,-0.213712,1.926316,-0.853073,-1.338108,0.501188,-0.319249,1.248841,-3.262697,0.657803,-0.182218,-1.604016,1.151850,-0.109321,0.528951,0.874123,-0.108663
1472,1,-1.962007,0.796727,-0.416727,0.143013,-1.273072,-1.519615,1.324791,0.601865,-0.491670,1.034979,-0.300786,-0.986223,-1.152335,1.003435,-0.755628,0.312506,0.216587,1.070435,-1.443327,0.376875,0.202643,0.562645,1.800930,-0.800647,0.302283,-0.129622,1.503786,0.847001,0.083288,-0.622146,1.232275,-0.292421
1473,3,0.096246,-1.540549,0.439576,-0.277639,0.560591,0.448318,1.663630,1.300025,-0.333364,-0.786547,-1.125330,1.124560,-1.209639,-0.167245,-0.872976,0.028365,0.077346,0.205320,-1.498519,-0.913612,0.481043,0.788589,1.123799,-2.094768,0.543464,-0.288984,0.178107,-0.621992,0.681269,0.162628,1.031451,-1.455898
1474,2,2.248522,-1.606004,0.923421,-0.776137,-0.009472,-1.669247,0.628556,1.165228,-2.071660,-0.644566,-0.406860,-0.254987,0.366802,-0.560099,-0.346320,0.059347,-0.756861,-1.405103,-0.048245,1.417586,1.965594,0.540801,-0.438421,0.632968,0.205166,-0.083256,0.275311,-0.108299,-0.607877,1.568639,-2.883974,-0.504152
1475,1,-0.395802,2.566602,-0.386202,2.234562,0.769671,0.182141,-0.020567,0.428035,0.454980,0.014920,-1.196573,0.627627,-2.268713,-2.510744,-0.967705,-0.768870,1.558838,-0.642435,3.173793,0.229282,-0.710332,-1.253631,-0.778301,0.812220,0.738449,0.969222,-0.584420,-1.882688,-1.013908,-0.440672,-0.843650,0.230693
1476,2,-1.226352,0.245223,0.311234,-1.437603,-0.777625,-0.825785,1.851804,1.227825,0.770985,0.013981,0.541972,0.613827,-1.121816,-0.925776,0.783503,-2.328302,-0.363724,0.610228,1.492508,1.260127,1.343071,-1.985089,-0.374017,-2.206091,0.681629,-1.161057,-0.404868,0.668135,1.351969,-0.266138,0.643918,1.224440
1477,0,1.372471,0.131119,-1.080229,0.770033,1.362041,0.976610,0.361073,-0.502193,-0.699880,-0.175041,0.343415,1.842592,-0.324352,-0.610434,-0.651986,-0.167386,-0.063433,-3.435899,-0.458446,1.151594,0.369002,-0.596625,0.760345,-1.310872,0.809405,-0.330553,-0.534596,0.614230,-2.361866,0.497280,-0.086635,-0.722442
1478,1,1.712015,-0.861241,2.070182,0.433082,1.054675,0.024714,-0.010272,0.994183,-0.102847,-2.001012,0.363780,-0.009459,0.127822,0.928114,-0.008368,-1.192077,-0.303598,-0.055825,0.496679,-1.763334,-1.285507,0.902475,-1.141570,-0.258370,-1.221018,-1.093538,-0.364427,-0.232357,0.682523,0.518193,0.072149,-1.303731
1479,3,0.876880,0.880603,0.876600,0.272463,-0.200970,0.864382,1.127745,0.550963,0.614094,1.466607,-0.459823,-0.903977,-0.154547,-0.488293,0.735337,0.587692,1.601424,0.244208,-0.987880,-0.630870,-0.661466,-1.241205,-0.951050,-0.774754,-1.074018,-1.145270,-1.051617,-2.194582,0.443156,1.363307,0.566627,-0.555636
1480,3,-0.961102,-0.073158,-1.727485,1.886352,0.093533,-1.997659,1.353295,-1.543137,-0.031255,1.166146,0.813079,0.054401,-1.669617,0.732774,1.065308,-0.252885,0.814899,0.760276,0.154466,2.490334,0.354652,-0.961554,0.880088,0.128014,0.209899,0.428647,0.729620,-0.229656,0.271337,-1.553179,0.826577,0.429621
1481,1,1.327490,1.216740,0.416190,-0.955891,-0.852492,-0.903062,0.944527,0.139850,-1.106208,-2.185516,-0.152715,-1.359031,-0.476016,-1.486548,-0.025558,0.538597,-0.595453,0.977132,0.428776,-0.191260,-1.924866,-0.109173,-0.184064,1.026228,-0.127930,0.768072,-0.092490,0.832120,-1.082386,1.374747,2.435434,0.405874
1482,1,-0.480396,-0.621767,-1.179942,2.275428,-1.454613,0.386754,-0.402364,-0.945000,-0.979820,1.254653,-0.879745,-0.653461,-1.144073,0.866380,1.802022,0.700058,-0.579928,-1.563087,1.196663,0.534025,2.378000,-0.501660,0.778423,-0.824771,-0.896459,-0.227221,0.355519,-0.893254,0.191696,-0.108711,-0.105440,1.460787
1483,2,1.680386,0.629258,-0.267879,0.305278,0.563272,0.367350,-0.310438,0.462267,-1.009421,0.539815,-0.273325,-0.490612,0.664250,-0.771957,0.651587,0.594488,-0.812314,-0.317770,-1.176406,-1.043170,-0.506956,-0.163232,1.000443,0.684730,-0.298560,-0.066277,0.004004,1.418338,0.082675,0.443544,0.129675,0.325222
1484,3,-0.003913,1.709455,0.189884,1.392839,0.700012,0.364762,1.772536,1.148407,1.065354,1.287919,-1.200038,0.374977,-0.122826,-0.940314,-0.309052,-0.570432,1.035307,0.631159,-0.769940,-0.239587,0.379068,1.385577,1.827392,-0.016655,1.494543,-1.841238,-0.235421,0.625920,1.942144,-0.125722,-0.847877,0.692689
1485,2,0.401044,0.384696,-2.626892,0.136862,-0.062385,0.863256,0.028028,0.968666,0.051363,-0.425745,-1.228331,-1.502479,-1.205966,-0.502549,-0.681079,0.571335,0.254449,-1.474702,0.395849,0.804138,0.764085,0.438741,1.672167,1.600465,-1.936154,-1.959544,1.138869,0.384217,1.279480,-1.353196,-0.251341,0.207849
1486,2,-0.577429,0.129856,0.452883,0.830513,-0.499664,0.182899,0.621954,0.900794,-2.042697,-0.206322,0.264602,-1.117480,-0.041249,0.079163,0.861641,-0.490670,-0.477274,0.429203,-1.652917,0.441252,-0.626434,-0.624518,1.266686,1.116647,0.218186,1.157345,0.881593,1.375572,0.381757,-0.503460,0.394377,1.647625
1487,0,-0.379633,0.166752,-0.251178,0.089946,0.678856,0.441928,0.332751,1.189244,0.317967,0.205605,-0.227566,0.734179,0.452758,0.375737,-0.575366,-0.433926,0.621297,-0.358289,1.859078,-0.591372,-0.029604,0.823134,0.632026,-0.366636,-0.675438,-1.198672,1.084982,-0.543660,-0.243448,-1.197845,-0.875114,1.009677
1488,1,1.592553,1.549044,0.583534,1.621664,-1.719899,-0.070629,1.521401,1.182934,1.013341,0.517308,-0.834751,0.203692,-0.888410,2.165470,0.389415,0.941664,-1.681213,1.399606,-0.549834,0.340253,-0.304037,-0.718573,-1.691357,0.867310,-0.013328,-0.103468,-1.293966,-1.138317,1.264552,0.044782,-0.312667,-0.873603
1489,0,2.361377,-0.501954,-0.127632,2.183362,0.031415,0.321459,-1.999244,0.188983,-1.815923,-0.525662,-0.851863,0.543923,-1.494756,-0.753358,0.653361,-0.314885,-1.537722,0.817198,0.660190,-0.815161,0.557058,1.257982,1.235606,0.510712,0.259453,1.814340,-0.707105,1.433740,-1.843024,-0.276096,0.538707,2.133626
1490,2,-0.513673,-0.023666,0.995994,-1.271121,-1.540677,0.021676,-0.798368,0.454170,0.331239,-2.196816,-0.427985,-0.789012,0.565170,0.418141,-0.155318,-0.874455,-0.801156,-0.857393,-0.253002,0.773802,-0.295810,1.303195,-1.420483,-0.187584,0.514726,0.064005,0.225777,0.396500,-1.616806,-1.762416,1.625512,1.101521
1491,3,0.800356,0.218171,0.678743,-0.787965,0.175028,1.938393,0.719074,-2.420863,0.433561,-0.417170,-0.113225,-0.186248,-0.097092,0.689234,-0.258655,0.831601,-0.062726,1.744240,-1.132681,0.648932,-1.654184,0.082616,-0.083693,0.320144,1.202172,0.356593,0.358793,-0.285082,-0.455778,-0.314890,1.851704,-0.350808
1492,2,-2.345105,0.826993,-0.434038,-1.595617,-0.004401,0.591533,-0.711838,1.208639,0.128187,-0.461657,-1.918132,-1.536058,0.296016,1.457147,0.501682,-1.114537,0.056467,0.448991,0.008862,1.150591,1.615268,0.065780,-0.918157,-1.737490,1.237821,1.139552,1.474846,-0.666269,0.155151,-1.943952,-2.081550,-0.159555
1493,3,0.036190,-0.221563,0.428377,-1.561950,-1.287082,-0.813860,-0.782987,-0.251491,0.766134,1.487161,-1.965424,-0.107984,1.322219,-0.292708,1.035133,-1.269734,-0.863349,0.184391,0.783181,0.313649,0.683284,1.101584,0.876861,-1.001087,-1.228221,0.187801,-0.048175,0.490147,0.855131,-0.035945,-0.145555,-1.374646
1494,1,0.739783,0.050132,0.443443,-0.294756,-0.929922,-0.244478,-0.177613,0.839566,0.726908,0.743816,-0.564770,-0.883431,-1.704873,-0.747145,0.119589,-1.045736,-0.159944,-0.556346,0.155516,-0.809146,-0.676121,1.807710,0.392401,1.203835,-0.013608,-0.414995,-1.181757,0.257635,0.210791,-0.528961,-0.621442,1.103504
1495,0,1.097601,-1.386017,-0.318355,0.493493,-0.381871,-0.978022,-1.133337,0.404369,0.464217,-0.452749,0.203578,-0.418566,-0.675620,-1.101416,1.084416,-0.460900,-0.390701,-1.111679,-0.398761,0.192164,1.161462,-1.151881,0.062813,-0.456404,1.093580,1.342993,1.234077,1.267777,0.383536,1.225305,-0.791857,0.777154
1496,1,-0.384817,0.391440,-0.783065,-0.116186,1.387331,-1.157926,-2.367323,-1.586227,0.274014,-1.867594,-1.200300,0.539731,0.497162,-0.998872,-1.841846,-0.800333,0.217265,0.446149,1.452325,-0.272945,-0.755354,-0.983809,-1.308198,-0.941542,-0.275000,-0.460614,1.612293,1.321810,-0.977476,-0.298613,0.373583,0.951559
1497,3,0.819689,0.977938,1.814732,0.594328,-0.574539,0.337601,-1.871040,-0.922723,0.100579,1.937657,-0.182857,-0.082419,-0.815021,0.367985,1.596731,0.611273,0.069948,-2.155868,-1.738585,0.005733,-0.057829,-0.455466,0.662781,0.845772,-0.701522,1.551503,-0.994809,0.558550,1.418374,0.214453,1.377213,-1.679607
1498,2,-0.215502,-0.638923,0.960042,0.367036,2.010486,0.323323,-0.779408,-0.022071,0.708540,-0.063555,0.784010,0.748778,1.596479,-1.106101,-0.683480,2.089178,0.345173,-0.847904,1.050231,1.153031,0.242808,0.744624,0.072185,0.484838,0.308811,-1.020331,1.588017,-1.026831,0.680024,1.633506,-0.806505,-0.196666
1499,1,1.116146,0.598968,-0.593613,-0.269485,1.565411,0.652408,0.814391,0.722325,0.917828,-0.443499,-0.162367,-0.981536,0.113233,1.292267,0.976146,-0.458178,-1.048770,0.752424,1.016163,-0.378433,0.543810,1.202233,-0.978582,-0.454123,1.144860,0.861169,0.425443,0.483831,1.792076,-1.903583,2.130030,0.866219
1500,3,0.456625,-1.343111,0.272686,-0.227812,1.004411,-2.084272,-1.034991,0.284555,-2.233488,0.315215,0.300244,0.666728,0.234243,-0.144760,-1.573316,0.478362,0.743107,-0.176918,0.990521,0.083374,1.761468,2.201581,1.097984,-0.017514,0.089890,-0.709741,0.642170,-0.479639,0.337192,-0.776448,-0.145377,-1.137314
1501,0,1.515576,-0.994968,1.069387,-0.684821,-0.146979,-0.215811,-2.995160,0.219891,-1.733277,0.051337,-0.286410,1.256480,0.407853,0.001273,-0.990680,0.016295,0.253492,-1.015797,0.195788,-0.913775,-1.506801,1.739524,-1.918044,-0.817738,1.881970,-1.525574,-0.066949,0.718094,-0.529053,-0.369971,-0.691450,-0.018102
1502,1,1.280160,0.152879,-1.117458,0.359077,0.775934,2.301603,1.498312,0.200400,-0.786970,-0.351159,1.914057,0.919199,-0.772725,0.009422,-1.052499,0.029322,1.442919,-0.346719,1.294424,0.821348,-0.717321,-0.134682,0.054273,-0.291657,-0.832779,0.812618,-0.099336,0.973586,-0.615006,-0.617443,-0.386707,1.786750
1503,3,-1.406293,2.164116,0.511078,4.080371,0.244847,0.664542,0.834429,0.076133,1.947622,-1.175205,-0.072263,0.651564,1.129542,-0.782691,-0.604360,-0.371589,-0.879962,-0.920636,-0.293070,1.244557,-0.493820,0.163246,-0.416941,0.510799,0.813373,1.306129,-0.913065,-0.863375,-0.245977,1.777875,-0.840838,0.422430
1504,1,-0.300359,0.144918,-1.322286,0.322844,-0.696121,-0.431495,-0.194596,-2.241574,-0.002238,-0.744505,-1.509362,-0.081909,-0.629147,-0.833936,-0.824461,0.213770,0.495357,0.409437,0.378055,-0.496420,-0.118182,-0.244169,-0.094088,0.967476,1.267121,-0.446150,0.114503,-0.771541,0.538825,1.260060,-0.533426,0.605506
1505,3,1.252673,0.718384,0.684045,1.413260,-0.934694,0.306881,-1.075130,0.340160,-0.009653,0.269967,-0.533582,-0.978410,-1.418338,-0.112595,-0.069319,0.823110,0.434051,-1.151422,-0.377434,-0.181880,0.086894,-1.707329,0.491732,1.300161,1.022419,2.471726,-0.902292,-0.015590,1.814874,1.472452,-0.648277,0.381195
1506,3,0.576692,-0.611506,1.947449,1.059753,-0.349993,-1.205703,1.454226,0.194959,-0.893959,-0.276379,-0.741679,1.416564,-0.570510,0.848334,-0.288348,0.958735,0.224644,-1.385621,0.224160,0.919780,-0.291935,0.526665,0.014708,-1.092567,1.242705,-0.675799,0.263172,-1.270305,1.556850,-0.811311,-1.501968,2.175104
1507,3,0.685564,-0.073513,1.068263,0.024095,0.750743,-0.189888,-0.363534,0.718098,1.113083,1.191536,0.680811,0.555633,0.216116,-0.797329,-0.331333,-0.688815,-0.254680,0.666807,-0.824671,-0.969907,-0.045743,0.850277,-0.459538,-0.343525,-0.463330,-0.456129,-0.003828,0.575959,-0.688654,0.838735,0.731812,-0.635789
1508,3,-0.781531,0.394207,1.456999,-0.364753,-0.170040,-2.338504,-0.697471,1.599373,-0.312216,0.450300,-1.059450,-0.156986,-1.088289,-0.071083,-0.057222,-0.950630,-0.641465,-0.426541,-0.694159,0.147057,-1.554137,1.784846,0.517621,-0.603757,0.766491,1.202038,-1.288762,2.243268,-0.999754,-0.507050,0.679176,-0.577110
1509,0,1.447495,-0.944903,-0.103877,-0.169577,1.619645,1.183476,-2.384985,0.961357,-0.997761,0.517184,-1.507678,-1.455172,-0.933149,0.476166,-1.818164,1.510494,0.578097,-1.237713,0.650249,2.216913,-0.132579,0.961997,-0.031273,0.650586,0.338847,2.626308,-0.784134,-0.366677,2.237339,-2.766008,0.032301,-1.359792
1510,2,0.532165,0.501653,0.453011,1.433744,0.228737,-1.551477,0.087251,-1.116404,0.908209,0.877992,0.276436,1.619341,-0.918731,-0.340723,1.729649,-1.027555,-1.641590,0.198398,-0.299561,0.827287,-0.668537,1.882176,-1.046171,-0.839919,0.695259,0.060508,0.078496,1.250554,0.272810,0.319035,0.539238,0.167529
1511,2,-0.675731,0.367069,0.397221,0.445557,2.201448,0.772227,-2.470759,0.216435,0.409704,1.911038,0.286759,1.848505,-0.738712,1.177673,-0.904860,0.191494,0.130377,1.160251,-0.182359,1.648100,0.389626,-0.118827,-0.546754,1.126717,1.931818,-0.488164,1.426655,-0.727288,0.274209,-0.811792,0.719661,-0.201618
1512,3,-1.353742,0.744471,-0.239124,0.878572,-1.210903,0.738458,0.349766,0.608582,0.611147,-0.882943,2.481318,0.211354,-0.679900,0.486539,-0.083022,-0.482798,0.943620,-0.254694,-0.874773,-0.481735,-0.757812,-0.693478,-0.731697,0.345994,-1.182954,1.216937,-1.516346,0.560215,-0.906051,0.235002,-1.168168,1.401026
1513,1,1.387986,2.312297,0.318040,0.446320,2.412439,-1.240543,-0.768683,-0.151980,-0.088677,2.688873,-1.322596,0.090368,0.019157,-2.286187,-0.245846,-0.782091,-0.007423,-0.438623,-1.632047,0.221529,-1.544581,-1.317317,0.503761,-1.233342,-0.533545,0.567317,1.800543,0.982804,-0.867693,-0.947312,-1.086192,-0.292322
1514,0,-0.613565,0.990732,-0.513831,0.686183,0.895221,-0.687876,0.238980,-1.240021,-0.251704,-0.679127,0.680262,1.183913,2.856348,1.618759,-0.716472,1.116600,1.570800,0.342006,-0.932270,-1.293509,0.795123,0.128593,0.062583,-1.211399,0.578288,0.895490,1.689720,0.322845,0.746945,1.127859,0.006408,-0.449788
1515,1,0.599700,0.258292,0.054973,-1.901560,-1.037174,-1.907831,-0.157265,-0.138820,-0.814569,2.366733,-1.527072,0.992340,-1.133093,-0.593671,-0.536844,-0.062951,-1.669786,-1.545715,1.838456,-0.909973,-0.519708,0.155695,-0.864406,0.149183,0.411355,0.747037,0.429559,-0.896480,1.126576,0.352901,1.093865,0.761027
1516,1,-1.074316,0.996542,0.915427,0.630392,-0.853346,-0.286095,0.700733,-0.353447,-1.638082,0.852794,0.531153,0.092158,-0.571952,-0.362519,0.520258,0.526774,-0.135078,0.741030,-1.374984,0.516967,1.082803,-0.058803,1.230702,-0.637207,-0.364462,-2.055436,-1.818328,0.265388,0.677120,0.946016,-0.845246,0.913510
1517,2,-0.397900,-0.837799,0.143769,0.763437,1.211620,-0.906915,-1.508419,0.742160,1.044245,0.664396,0.166775,-0.608413,-0.127204,0.811968,0.437854,-0.725409,-0.559166,-0.071199,-0.483859,-0.546133,0.105453,-2.926610,-0.419018,0.651544,-1.500667,-0.865533,2.206293,0.200318,0.436917,-0.725371,1.245990,0.222196
1518,0,1.843550,1.147414,0.968178,1.140070,0.385298,-1.939687,-0.269012,1.983527,-0.745039,-0.015220,0.759318,0.583986,-2.725023,2.274768,1.436977,-2.258047,1.349342,0.781393,0.672934,-1.189589,-0.102261,-0.940245,-1.269383,-1.954167,-2.264975,-0.290710,0.085496,-0.367623,-1.753113,-0.215362,-0.556180,-0.975534
1519,3,0.361021,-0.654344,-0.164646,0.671578,-0.261527,2.053226,-0.813594,0.187222,-0.836898,-1.628505,1.594223,-0.809235,-0.318574,0.219545,0.811565,0.580525,-0.122063,0.756944,-0.840596,1.831829,-0.280372,-0.257345,-1.317604,-2.007760,1.143010,2.301203,0.660356,-1.845752,-0.558339,0.101739,-0.285715,-0.197837
1520,3,0.259446,-0.970939,-1.052743,1.683586,0.391608,-1.491974,-0.540975,0.496406,-0.841188,1.243567,2.201223,-0.648325,-1.202914,-0.114044,1.289425,1.613584,0.474229,0.814191,0.771841,-1.354609,0.240162,-0.173238,0.447806,-0.464858,1.566241,0.085709,0.657273,-0.991314,0.265644,-0.593868,0.357247,-0.143432
1521,1,0.533260,-1.254574,-0.268750,0.470648,0.330459,1.955857,-1.281666,1.367495,-0.178512,-1.361242,-0.657531,1.107634,-0.922408,-1.239756,-0.737543,0.945035,-2.066512,-0.719234,-0.320643,0.922731,3.116354,2.148127,-2.057164,0.015259,0.039103,1.844061,0.313778,-0.109980,-0.005817,-0.268581,-0.325407,0.299896
1522,3,1.019268,1.381472,-0.339631,-0.217117,-0.554520,1.094087,-0.993771,0.796795,-2.078907,0.682752,0.570772,0.459627,0.694769,1.254642,-2.376178,-1.559016,1.286240,0.514702,-0.657686,-0.683007,-0.833883,0.879192,0.400765,-0.004878,-1.404215,0.189774,-0.882610,0.556814,0.800604,0.522917,-0.432138,-1.132756
1523,0,1.034421,0.076833,-0.871982,0.544013,-0.032552,-0.415501,0.312766,-0.761193,-0.342934,0.130574,-0.073508,0.863954,-0.117544,-0.354115,0.936064,0.282755,1.785678,-0.936225,0.674848,0.348499,-2.597730,1.821686,0.946420,-0.068665,-0.694431,1.636013,0.459838,-1.233344,-1.410407,-0.436047,-0.373427,0.631914
1524,0,1.198002,-1.301008,2.021518,2.405728,-0.031426,1.283483,-1.042216,-1.492643,1.581628,-0.891538,-0.573114,-1.284997,0.882942,-0.642672,0.513277,1.364063,0.774397,-0.525979,1.594843,0.200818,-0.186631,-0.402993,0.213102,-0.448383,0.947402,-0.861610,-1.296110,-0.499675,0.371691,-1.138034,-1.039080,-0.599400
1525,3,-0.838266,0.501902,0.559816,1.589331,-0.628519,0.173621,0.977709,-0.581222,0.442401,-0.299932,1.122849,-0.790144,0.991847,-0.631792,0.695368,-0.038490,0.790511,0.781550,-0.224273,0.412338,1.052544,0.906160,0.383863,-0.351280,-1.002968,-0.855891,0.469704,0.275930,1.166080,0.613587,-1.700544,0.543131
1526,2,-0.920187,2.102038,1.500720,0.179910,-0.979508,-1.289508,0.256231,-0.421147,-0.687984,-0.383598,0.543192,-2.417522,-0.843885,0.712448,0.376579,-1.332884,-0.678462,0.619707,0.632492,-1.637565,0.042473,-2.417581,-0.019606,-1.119032,-0.932546,-0.752466,0.327867,-0.777076,-1.291206,-0.581529,0.336583,-0.254323
1527,3,-1.619964,2.554346,-0.325355,0.848322,0.481856,0.267772,1.257825,-0.325227,0.491363,-0.973945,-0.387965,0.316202,-0.283279,-1.119382,-1.181554,0.191252,-0.424071,-0.954966,-2.498032,-1.037163,-0.707060,-1.285543,1.667170,0.038484,1.161586,-0.543378,-0.316672,0.716365,-1.091073,-0.312864,-0.328913,2.077937
1528,1,-0.578718,-1.376993,-0.400993,0.125916,-1.674921,-1.365839,-0.821920,1.491051,-0.361191,1.509470,0.691271,-1.007190,0.954163,-0.178497,-1.670449,-2.324375,0.317568,-1.872159,1.376912,-0.596177,1.346042,-1.098236,1.029794,-1.578421,0.421494,0.827960,-0.057396,0.307797,-1.408528,0.621880,-0.727465,-0.794155
1529,1,0.616130,1.670193,0.319188,1.490659,-0.184185,-1.361643,-0.417615,0.552118,0.282376,-0.694493,1.903525,-1.606555,0.543597,0.038490,0.889977,0.251500,0.293264,-1.196566,-0.445730,0.640878,0.410317,-1.271484,1.409265,0.349186,-0.678625,-0.978458,-0.316918,-0.160489,-0.453162,-0.273929,-0.564460,-0.130298
1530,1,1.482909,1.132317,0.091169,-0.186398,-0.657608,0.527411,-0.899142,-0.017640,0.007670,-1.826330,0.505870,1.000793,0.764945,-0.956741,3.534175,-3.036270,-0.237823,-1.160561,0.269363,-1.376560,1.712418,-0.569731,-0.012532,0.327933,-0.889730,0.723872,-1.607516,0.372094,-0.122182,-0.678076,-0.928948,-0.106442
1531,3,0.481424,0.722245,-0.561386,-0.247260,1.148326,0.473598,0.103691,-1.098616,0.802818,0.072389,-0.203306,0.448672,-1.115467,1.096897,0.763033,1.283573,-0.195692,0.543906,1.791734,1.084382,0.752086,-0.392781,0.174846,0.687756,-0.827007,-0.488268,0.952849,0.311886,0.012320,-2.105461,0.644335,0.273036
1532,0,1.906975,-1.472675,0.615794,-0.057737,0.003355,0.313454,-0.512273,-0.058135,-0.090495,1.441063,-1.135671,1.791297,-0.839404,-0.413126,-0.645859,-0.196163,-0.215718,0.208693,-1.475746,1.717734,0.003827,-0.738256,-0.011862,-0.396502,-1.408910,0.150414,-0.715506,0.795539,-2.144410,1.510677,-0.055788,-0.813939
1533,0,-0.269457,0.031582,-0.670543,0.741449,-1.121795,1.729661,-0.375814,0.533001,-0.516781,1.551472,1.591903,-1.247472,-0.100155,-0.081850,0.248516,-0.991042,0.398442,0.108687,0.620975,-0.503715,-0.752780,-0.060155,-0.224758,1.761400,1.110703,1.012240,0.065999,0.369825,0.686310,-0.816698,-0.237318,-0.354912
1534,2,0.645839,0.707875,-1.287193,-0.455474,-2.759849,1.788102,0.614595,-0.023319,0.928170,0.757115,1.851227,-0.199999,1.116105,-0.165117,-0.633250,-0.617532,-0.206826,0.198692,-1.005043,1.635776,-0.441795,0.027630,-1.263086,1.144919,0.023880,1.015335,0.137097,0.589203,0.454994,-1.625545,0.576692,0.571064
1535,3,0.733828,0.634130,0.505652,0.724038,-1.540317,1.448811,-0.665740,-1.000370,-0.693472,0.921432,2.059937,0.482971,-1.633281,-0.209921,-1.261699,1.285204,1.054592,0.718516,-0.724652,-0.681764,0.621708,0.578603,-0.311597,-0.896811,0.130432,-0.219876,-0.195728,1.263156,-0.329469,-0.949116,1.253796,-2.330179
1536,0,-0.317280,0.775454,0.499080,0.694557,-0.263279,-0.498722,-0.928132,1.065700,-0.375094,1.516114,-0.861901,-1.319334,-0.935503,-1.256480,-1.138741,-0.589251,0.835315,0.494175,-0.969994,1.467015,0.215602,0.195796,-0.851430,-2.006580,-0.820831,-0.581026,0.646602,-0.777638,-0.774908,1.058357,1.300752,0.857240
1537,3,0.454664,-0.433130,0.087672,0.351660,-1.243758,-0.947508,0.550802,1.586069,-0.664983,-0.527021,-1.168122,-0.815032,-0.108832,-0.646761,0.078010,0.830066,0.202895,-0.004039,0.236779,0.818127,-0.175923,1.490091,-0.118390,0.287354,0.984791,0.216953,0.818384,-0.996207,-1.337701,-0.844334,0.972186,-0.941648
1538,2,-0.280679,-0.273873,1.822346,0.756195,-0.047285,1.226050,0.830172,0.189764,1.010981,-0.805846,1.581903,-0.827884,-0.078491,-1.210724,-0.588411,0.284911,0.431487,0.114591,-0.844205,0.649895,-0.151587,0.687306,-0.395694,-0.428953,0.530833,-0.102326,-0.015087,0.975768,0.939624,-0.826705,0.567637,-0.339877
1539,0,0.258723,0.231926,0.596183,1.609681,-0.202929,-0.737206,-1.383345,1.583776,0.492976,0.475948,0.034907,-0.247691,0.238938,-1.182639,-0.074903,0.277224,-2.493629,0.481539,0.452296,0.334725,-0.710354,-2.694875,0.118890,-0.183292,-0.874982,-1.089870,-0.119829,1.346776,-1.336035,0.692494,-0.511166,-1.308398
1540,2,-0.747074,1.658846,0.638265,-1.050291,1.337513,0.302335,-0.542051,-0.121003,-0.510042,1.671906,-0.740816,-0.544561,0.541371,1.145741,-0.959013,-1.626597,-1.233947,-1.460431,-0.116883,-0.003997,0.124416,0.276345,0.125208,0.964792,-0.609583,-0.799113,0.813733,-0.770826,-0.207236,0.432951,-0.093938,1.481993
1541,1,-0.090694,2.185306,-1.072050,0.270472,-1.264599,-0.210826,-0.246328,0.295419,-1.391199,-0.038464,0.466149,0.271855,-0.331036,0.540860,0.240674,-0.438915,0.847566,0.131869,0.248712,-0.457351,-2.550814,0.144469,0.825339,-1.569312,-1.099395,1.557917,-0.281483,0.858141,0.192662,-0.121838,0.965951,-0.640523
1542,2,-0.255790,-0.798119,0.666756,0.003063,-0.683609,0.358743,-0.296786,0.329277,-0.000467,-0.279064,-0.512970,-0.592470,-0.573113,0.284021,-1.096294,-0.585530,-3.284662,-0.661132,-0.387657,0.352586,0.801815,-2.154555,0.251787,0.333721,-0.558477,0.630654,0.496041,-0.446510,0.358326,0.895461,-1.792684,-1.012917
1543,2,-1.411048,-1.360277,-0.938011,-0.921533,-0.492945,1.570959,0.855530,-2.250527,-1.336615,1.575631,0.928163,0.191528,-2.690959,-0.455353,-1.357798,-0.872444,-0.294152,-0.505459,-0.997199,-1.993291,0.481527,-0.556839,1.332370,-1.268070,-0.147295,0.434256,2.329054,-1.359819,-0.670976,0.820744,-1.799558,-1.141532
1544,0,0.224637,-0.136097,0.896395,-1.093401,-0.305144,1.431376,-1.338051,-1.574919,0.815614,-1.056614,0.138717,-0.283485,2.100260,0.058950,2.760695,1.844459,0.999278,-1.634340,0.290134,-1.632481,-1.011446,0.931231,-0.881727,0.299108,1.390763,0.566181,-0.854598,1.510214,-1.203084,0.595957,0.636914,0.365195
1545,1,0.726555,-0.815187,0.066801,0.166471,-3.176362,0.750923,-0.011577,2.496391,-0.492709,-0.820768,1.107614,0.379120,-1.116655,1.642558,0.116706,-0.097644,-0.345312,1.413004,1.882288,-0.025937,0.349802,-0.334266,0.666636,1.630332,-0.622263,-0.043011,-0.101470,-0.011873,-0.001384,-0.675852,-0.361977,-0.424402
1546,2,0.838256,-0.460262,-0.910618,-0.475217,1.495088,1.337215,-0.273967,-1.784739,1.212865,-1.993617,0.381432,-1.093966,-0.939103,-0.338768,-0.928190,-1.549616,-1.335430,-0.374871,-0.676596,-0.261259,-0.340985,-0.216987,0.506075,-0.961572,-0.510071,0.525895,0.737473,1.527615,-0.516284,-1.380523,-0.960155,-0.831759
1547,2,2.573900,0.968280,0.432645,0.515313,-0.507626,0.734377,-1.988294,-1.012471,-1.222635,0.337353,0.589543,1.032576,-0.815123,2.148776,0.839807,-0.056021,0.754202,-0.622737,0.678327,0.336652,0.213546,-0.003785,0.412483,0.696766,0.964075,1.034548,-0.928087,0.076368,2.456266,-0.501931,-1.186166,-0.247097
1548,0,1.345216,0.780088,-1.618732,0.191066,0.379005,-0.467620,0.865344,1.256465,0.753292,0.528596,0.982431,-0.760018,-1.363121,1.860936,-1.145848,1.791355,-0.835780,-1.546400,-1.831303,0.165300,1.049491,-0.505643,-0.622238,1.341041,0.623447,0.584488,0.605048,0.369133,-0.353520,1.528166,-0.199084,0.387704
1549,2,0.822784,0.152343,1.465294,0.162043,-0.689050,0.016980,-0.015781,1.614109,-0.006689,0.788081,-0.108400,-0.592420,-1.242945,0.873015,-0.179325,-0.927855,-1.817593,0.289838,-2.267202,0.136456,0.623269,-1.952221,1.302546,-1.454997,0.254376,1.528417,0.813064,0.292075,-1.657476,0.711066,0.749349,1.694785
1550,0,1.874046,-1.689208,-0.335739,1.021983,1.302588,-0.283839,0.361968,1.032619,0.421496,0.130465,-1.201781,-1.380178,-0.620840,0.719696,-0.483053,-0.333579,-0.109659,0.317019,0.221507,-0.343964,1.074572,-1.356700,-2.150079,-1.075256,1.115099,0.179269,-0.313056,0.454623,-0.354768,1.650437,-0.217993,-0.524780
1551,0,-0.710009,-2.550249,-0.750817,0.422539,0.072720,0.487921,0.927641,-0.447625,0.618417,0.193708,0.059733,-0.371127,-0.286119,-0.192793,1.450493,-0.805255,-1.216838,-0.002846,-1.266843,-1.749645,-0.332036,-0.298793,0.625995,0.233174,0.173904,-0.943434,-0.002959,0.516600,1.051619,1.928392,1.250382,-1.144464
1552,3,1.276155,0.030942,-0.053922,2.764800,-0.005733,-0.832660,0.590084,-0.997586,0.460220,-0.647583,-0.137696,0.536068,0.406488,-0.710138,0.329419,-0.156641,-1.242560,-0.690705,-1.337878,-0.887675,1.116765,0.997920,-1.333863,0.241612,2.392011,1.469091,-0.581043,-0.602412,0.305627,0.087171,-0.395889,0.097753
1553,2,1.690919,-1.055669,0.986802,-2.506183,0.109778,-1.373048,1.212064,0.210557,0.501590,-0.336526,-1.087539,-1.067804,-2.198399,0.234080,0.177528,-1.005067,0.241830,-0.455660,1.251891,-0.416659,-0.169821,0.523178,0.475382,-0.608169,-0.578886,1.601058,1.622007,0.190318,0.637195,-2.589455,0.315936,-2.855311
1554,3,-0.745185,0.401187,0.639340,0.300913,-0.191278,-0.997325,0.110370,-0.703752,0.220268,-2.035509,-1.126212,-0.587970,-1.680901,0.183512,-0.815518,-0.289570,1.485624,-0.743924,0.219522,1.138883,-0.065543,-0.653454,0.096288,2.063936,-0.414807,2.121387,1.284531,-1.135586,-1.786505,0.431351,0.798475,-0.277362
1555,0,0.531461,1.184932,-1.632844,-0.010532,1.322179,0.379531,-0.357224,1.678992,-0.060111,0.788461,0.522059,0.445435,-0.910060,1.253396,0.122827,1.654402,-0.045832,-0.852434,0.046211,0.708142,0.668435,0.303725,0.910169,-1.106254,0.405434,-1.390179,-0.176174,0.961565,-0.903787,-0.093816,-1.255892,-0.534357
1556,0,-0.089467,0.560742,1.367803,0.279627,-1.103333,-0.866315,-1.921790,0.521566,0.951242,0.706109,-0.321927,-0.263136,0.142955,1.060658,-0.842578,1.068179,-1.346406,0.405838,-0.658550,1.875167,-0.674917,0.434984,-0.329378,0.173181,1.341252,0.075881,-1.146170,0.336448,-0.484924,1.394155,-1.722798,-0.405430
1557,0,0.293696,-0.404575,-0.589575,-1.670159,0.982626,-1.293538,0.517770,1.662322,-1.551467,-0.813836,-2.063925,0.688666,-1.357043,-1.343727,-0.584337,2.352513,1.112660,0.953038,-0.416036,-0.701797,1.911361,-0.413730,-0.816446,-0.685759,0.629121,-0.494853,0.453588,-0.412985,0.223111,0.524259,1.465490,-0.131299
1558,1,-0.774377,0.039389,-0.519301,-0.407315,0.642714,0.756901,1.184451,0.172487,-0.224138,2.671190,1.267323,0.338280,0.996967,0.250388,-0.405437,0.137553,-0.437806,-1.698301,0.755181,-0.869016,-0.498566,-0.265997,-2.580636,-0.687074,0.435856,1.899848,0.107421,-0.866574,-2.868763,-0.820694,-0.573122,-0.659959
1559,0,-0.300444,0.050619,0.892971,-0.053035,-0.065053,1.082996,0.492484,1.128751,-1.068733,1.145731,0.178833,0.164887,0.249066,-0.707082,-0.459253,-3.296458,0.698016,-0.646590,-0.778711,-1.177055,0.856000,0.326357,0.911013,0.608777,1.079226,0.615439,0.834654,0.554667,-0.315721,-0.484864,0.407454,1.305895
1560,1,-0.322592,0.641131,0.571299,2.136403,0.689897,-0.610480,-0.246496,-0.072855,0.018977,-1.733931,0.390256,-0.478455,0.796918,-0.337779,0.845153,0.310125,-0.191296,-0.561507,-0.254315,-1.219718,-0.120758,-1.823366,0.327660,-0.383387,-1.464582,0.759396,0.418662,-0.037721,1.172371,0.623119,-1.128968,0.009814
1561,1,-0.691292,1.505458,-0.350172,-1.759462,0.685855,0.176182,-1.976463,-0.459263,-0.570878,-0.227173,-0.438573,0.598776,1.450058,-1.660793,-1.020300,0.509774,-0.516719,-0.954260,0.358988,0.574358,-0.210352,0.633784,-2.487027,-0.311074,-0.828372,-0.606236,0.034326,-1.765731,-0.480325,0.380038,1.143801,-1.248439
1562,2,1.189043,0.437551,0.134969,0.711569,-1.233529,1.629750,-0.280267,-0.203037,0.323449,-0.775434,-1.028598,-0.007553,0.987307,1.407307,1.389580,0.255708,0.375384,-0.440602,0.862401,0.596283,-1.390430,-1.506176,0.887996,0.882430,-1.048922,-2.261080,0.757464,-0.545455,0.438742,-1.557923,-0.369122,-2.423191
1563,0,1.075597,0.284525,0.506463,-1.672714,0.706555,0.235921,0.157255,-0.133181,-2.259857,-1.160337,-0.504885,0.779877,1.064672,0.951791,-0.516945,-1.420241,0.601487,0.718246,1.172440,-0.434198,1.038488,-1.160230,0.259567,-0.829793,-1.209201,-1.762643,-0.248841,1.390847,-0.028362,0.139026,-0.348999,1.392328
1564,1,0.382532,2.564092,-1.258733,-0.739506,1.761953,-0.988797,0.272070,-1.026655,-1.451463,0.768167,-0.058197,0.335034,-0.279582,-0.046096,1.093063,-0.027170,-1.809798,-1.014491,0.195141,-0.557110,0.460949,0.691528,-1.230112,0.062996,1.220664,-0.838326,-0.451090,-0.889673,-0.338611,-2.758221,-1.189602,1.121675
1565,3,-0.020768,-0.289937,-1.309588,0.002208,0.250987,-0.854514,-0.822064,0.507022,-0.698865,-0.666462,0.774185,1.246592,1.776172,1.467932,-3.131621,0.647274,0.020260,0.353508,-0.481919,0.131105,0.650308,-0.910329,-0.245920,-0.901405,-2.259740,-0.814351,2.203806,0.613425,-0.315295,0.276189,-0.183780,-0.308481
1566,3,-0.326334,-1.439041,-0.164404,1.118975,-0.072122,-0.470972,1.361559,0.990319,-1.868222,0.458276,0.794391,0.109255,0.880891,1.564225,1.360307,-0.318685,1.176362,-0.340488,0.007724,1.841076,-0.344707,-1.348370,1.113847,-1.235063,-0.207957,0.828861,-0.084462,1.038089,-0.747632,-1.601574,1.093003,0.880617
1567,0,-0.089212,0.989254,0.203684,-0.806232,-1.891282,-3.713391,-0.602398,2.967702,0.867044,1.721509,0.682236,0.022295,0.594839,-0.984915,-0.678908,0.757486,-0.586345,-0.060097,-0.891029,-0.117954,-0.031977,0.158731,0.064324,1.518100,2.394956,-1.738634,-0.136166,0.826883,-0.768031,1.662791,-0.970473,0.787900
1568,0,-1.019807,1.383533,-0.944180,0.320008,1.868861,0.165984,-0.628218,-0.295276,-0.398768,1.314549,0.871132,1.580782,0.065541,1.469634,-0.363657,0.112792,-0.915070,1.184662,-1.202703,-1.239349,-0.677478,-1.488526,-0.765629,0.135348,2.095853,-2.107416,-0.777637,1.111493,-1.118123,-0.810817,-2.110835,1.496059
1569,1,1.505252,1.322774,1.010072,-0.304702,-0.391820,-0.933930,-0.290046,-0.016672,0.894829,0.987483,1.948649,-0.803330,0.375129,-0.603123,-0.603881,-0.325683,-1.699972,-0.493865,-0.738656,-0.439315,0.152615,0.789687,-0.280701,0.890752,-1.780778,-1.116415,-0.864733,-1.367306,0.458268,-1.021678,0.125732,1.783919
1570,3,0.129315,1.959676,-0.590571,-0.539550,0.929933,-0.245414,1.032080,0.809462,0.884426,-0.280617,-0.093056,-0.012640,0.221338,-0.759640,-1.793584,1.768693,0.557946,-1.131729,-1.029691,0.797072,-0.151710,-1.508757,0.167110,0.511201,-0.368449,-0.011163,-0.115748,-0.820742,0.319680,-1.082673,-0.690772,-1.467520
1571,1,-1.747526,1.386610,1.075662,0.339667,0.782827,-0.468886,-0.001997,1.145652,-0.478466,-0.422232,0.415256,1.274168,0.584317,-0.730948,-1.377069,0.094270,-0.124391,0.126840,-0.093563,-0.679852,0.610665,1.187894,-1.536387,0.838976,-1.198921,-0.349882,1.321685,-0.807641,1.043419,0.411245,-1.070006,0.001498
1572,0,1.445330,1.663270,-0.404670,-0.539256,-0.355494,-0.034801,-2.707695,0.946053,0.508072,-0.170931,-1.036089,-1.986297,-0.672410,-0.261812,2.185683,1.127205,0.657761,-0.089026,-0.002052,2.168150,-1.116128,0.152149,-0.023832,-0.144933,0.122273,-0.398315,-1.115953,1.177553,-0.767163,-1.245392,0.767968,1.497469
1573,3,-0.583760,1.066422,-0.461043,0.253032,-0.898243,0.535331,0.621560,-0.700246,0.963609,-2.653145,-1.322653,-0.282896,-0.473273,-2.514083,0.046135,-0.574916,-0.145809,-0.881650,-1.872049,-0.580965,0.353151,0.301595,-0.634601,0.414773,0.794958,0.537791,0.416893,2.320862,1.558407,1.688066,0.020177,0.346583
1574,3,0.272455,-0.811636,-2.642359,1.192505,1.036711,0.598163,0.125911,-0.113629,-1.990693,0.168361,-0.278750,0.650076,0.094222,-0.437951,-2.015391,-0.866524,1.330027,-0.011890,0.330388,0.476473,-0.238075,1.583464,-0.305053,0.194886,0.380538,-1.163414,-0.098542,-0.488666,-3.075257,1.567252,0.845576,0.997920
1575,1,0.158367,0.759225,0.422353,0.183934,1.110855,0.559082,1.053571,-0.483493,-0.230634,-0.952930,0.175679,-0.314419,-0.461543,-0.413480,-0.764569,0.434362,0.338503,0.390964,-0.052586,-0.491555,0.095228,-0.960420,-0.239126,0.965707,0.723867,0.503621,-0.141582,0.373688,-1.405294,-1.727472,-1.313705,0.642551
1576,2,0.141682,0.821481,0.421911,-0.192301,-0.670851,0.527468,0.003479,-1.208873,-0.410482,-0.092299,-0.348238,-0.447785,0.069610,0.340531,-0.539349,0.360732,1.553654,-0.675237,0.347948,-0.574653,-0.987184,0.282108,0.863102,1.133740,-1.746375,-0.026656,-0.210343,-0.101145,-0.279292,-0.416020,-0.343005,0.772696
1577,1,0.340138,-0.083322,-1.928799,1.152299,0.507095,-0.630060,1.109205,1.680826,-1.035287,0.497968,-0.101773,1.771101,1.002710,2.563775,0.418952,1.354220,-0.088946,-0.993117,-1.102162,-1.121247,1.301402,2.050091,1.442857,1.417652,0.107038,0.283484,-0.204355,-0.975971,-0.462499,1.533337,0.614064,-0.638226
1578,0,-0.162315,0.409441,0.327293,-1.908008,-0.698175,-1.161792,-0.057479,-0.550409,1.871625,-0.414702,-0.257896,0.672513,0.573655,1.007918,-0.520100,-0.312498,-1.233410,-0.175833,0.414284,0.253020,-0.918372,-0.155278,-0.088938,-0.402097,-1.112741,-0.993404,-1.483672,1.016472,-0.068570,0.168129,-0.608862,0.806032
1579,1,1.630953,-0.149661,-0.527924,0.388027,-0.136217,2.501041,-1.165857,-0.207961,0.776575,-0.936659,0.876444,-0.603014,0.157603,-0.292283,-0.997500,1.103100,-1.261049,0.052573,1.508536,0.418223,1.084826,1.360753,1.257029,1.444254,0.569351,0.504269,0.688150,0.222045,-0.485879,-0.916924,0.823056,-1.658475
1580,1,0.716350,0.816851,0.818799,1.104216,0.350183,-0.979760,-0.672788,-0.591936,0.065169,-0.859882,-0.499870,-1.436991,0.337754,1.284800,0.151239,1.042420,-0.981384,1.961247,1.562868,-0.491904,-0.173374,0.293247,0.875651,-0.293919,1.224031,0.556201,-1.005656,0.961183,1.162805,-0.052736,0.618412,-0.337235
1581,3,0.179603,0.151445,1.385878,1.555003,-1.501174,-0.589133,-1.290510,0.923047,0.126032,-0.642907,0.440237,0.715061,1.028501,0.021924,0.061392,-0.435659,-1.021876,0.744148,0.573989,0.137587,0.287124,-0.880701,0.988820,-0.230413,-0.449339,-1.004763,0.901584,-0.426753,0.393977,0.565968,0.382583,-0.517860
1582,2,-0.063543,-0.750068,0.892541,0.082488,-0.398094,-0.828290,0.383724,0.817256,-0.877560,0.668792,1.850572,0.541795,0.951397,-0.557653,-1.390056,-0.816332,0.397379,0.312319,0.443092,-0.363358,1.114836,-1.472908,0.197291,-0.279538,-1.255542,-0.119101,0.373455,-0.382813,0.182980,-0.451405,-1.793651,-0.625541
1583,1,2.286203,0.753715,-0.877750,-1.119346,0.406837,-0.401467,0.437276,-1.395228,1.827627,-0.313863,-0.862830,-0.783895,-0.115501,-1.039564,-1.176062,-0.688914,-0.076021,-1.608456,0.805079,0.244237,-0.854211,0.007076,0.802651,1.368208,1.250510,-1.023762,2.078665,-0.074029,2.436535,-0.773921,0.006800,-1.581708
1584,0,1.155991,0.841692,0.326313,1.837013,0.618749,-0.393141,-0.123758,1.543024,1.216395,-1.147408,-1.316510,-0.461019,-0.594056,-0.128598,-0.609312,0.323106,0.285432,1.250716,1.119921,-0.778510,-0.127594,-0.854415,0.941850,-0.353597,1.247876,0.297184,0.694489,1.359553,0.460932,-0.536878,-0.214235,-2.050087
1585,0,-1.554366,0.126532,-1.198098,-0.743498,0.971682,-0.386951,-0.140410,1.917517,-0.517747,-0.038056,-0.159983,0.918961,0.332876,-1.232323,0.778608,0.415402,-1.328642,0.753666,-0.041408,-0.038392,0.478797,-0.109408,-1.515123,-0.651146,-0.196661,1.191625,-1.387305,-0.634121,-0.655589,0.910934,-0.345596,0.731710
1586,2,0.044728,-0.375675,2.414274,1.024392,1.462442,0.534941,1.537068,-0.211324,0.588908,-1.023891,0.841971,2.090992,1.061268,-1.355099,1.610801,-1.337143,-0.197720,0.626595,-0.602844,-0.562718,0.369970,0.467205,0.359142,-1.819292,-1.077378,0.211645,-0.089589,0.027096,-0.405275,0.093753,0.299642,1.215499
1587,2,-1.313543,-0.132392,-0.657899,1.872471,-1.813826,0.319172,1.474458,-0.677570,-2.224417,-0.154056,1.123504,-1.285933,1.197984,0.775819,0.244915,0.231422,0.135082,0.552957,0.406276,1.564252,0.392316,0.399230,0.564469,0.094290,1.975440,0.331964,-1.956321,-2.612060,0.033208,-2.075386,0.076357,0.516656
1588,2,1.268593,1.470444,-0.899018,0.282101,-0.983726,-0.733393,0.871528,1.154005,0.412539,-1.197508,-0.102329,0.677828,0.696203,-0.707119,-0.794724,-1.772619,-0.635950,0.095202,0.107292,-1.929086,-0.578502,0.372917,-0.074948,-0.217916,-0.991954,0.026261,0.456451,2.002033,0.556141,0.193703,-1.775683,0.336964
1589,2,0.719355,-0.429686,0.382401,-0.589781,0.613417,1.581489,1.059914,0.894821,-0.833072,1.736505,0.673428,1.487474,-1.670993,0.495940,1.020070,-1.461660,0.659890,0.649854,-0.235250,-0.402264,0.062819,0.549114,1.417437,-1.317312,0.426412,-0.118630,0.510346,-1.493214,-2.308543,-0.596507,-0.232035,-0.598524
1590,0,-0.007386,-0.718553,-1.250472,2.161798,-1.674545,0.672267,-1.102726,0.380126,0.680314,-2.084875,0.113950,0.339525,2.777092,0.300199,-0.321050,0.927030,-1.238808,0.688624,0.574063,-0.391422,0.371716,-0.220650,0.921160,-0.691198,0.292790,1.378034,0.525687,-0.052122,0.426482,-0.044841,-0.378946,1.553589
1591,1,-0.458375,0.382382,-1.392711,0.371464,-2.915515,0.667799,2.281621,-0.581445,-0.274380,-0.546030,-2.029511,-0.233101,1.156032,-0.213476,-0.067017,-0.930402,1.138489,-1.294028,1.386401,-0.012160,2.524511,0.511857,1.346814,2.120615,-0.091454,0.703775,-1.365840,0.130853,-0.446550,0.303717,0.179722,-0.373155
1592,2,0.524227,-1.063905,0.702550,-0.388672,0.051170,0.410409,-0.100803,-0.506598,0.550594,-1.985404,-0.076812,0.965661,-0.208241,-0.681405,0.742126,-1.824712,-0.269660,0.057997,-0.105112,0.993136,-1.149213,-1.501696,0.471526,-0.172668,1.092600,0.462786,-1.429422,-1.755407,-0.326020,1.168275,-1.423283,-0.138931
1593,0,1.920744,-0.720124,1.622261,-2.209632,0.166660,-0.585732,1.460779,1.280731,0.134192,-0.541030,-0.658395,0.677322,-0.238355,-0.303605,-0.042947,1.703907,0.765959,-1.051640,-1.519021,0.475277,-0.239404,0.771519,-0.437478,-1.041527,-0.836571,0.879753,0.915107,-1.198073,-0.895889,0.168704,-1.518788,1.993307
1594,2,-0.725496,-0.806807,1.265874,-0.011948,-0.096556,0.170966,1.399044,0.550196,0.564561,0.108293,0.512394,0.441239,0.505678,-0.457783,0.151535,2.614764,-0.111117,0.493271,0.075842,-0.930853,-1.994106,0.034797,0.353139,-0.846643,0.128085,-1.213261,1.242046,1.676864,-0.244743,-0.261186,1.366996,0.699745
1595,1,0.484927,0.410774,0.992772,0.027905,0.068340,1.069464,1.485715,0.527020,-0.854952,1.146408,-0.481242,-0.277790,-0.702887,1.464589,0.177585,-1.187599,0.422240,0.405718,0.359378,1.641111,1.698735,-0.878687,-0.390798,0.064157,-0.969391,-0.806756,0.842062,-0.737732,0.402070,0.715398,0.152930,-0.138431
1596,3,-1.434827,1.869551,0.540091,-0.752438,-0.896882,0.505822,-0.405646,0.682512,-1.300499,0.165524,0.863842,-1.630857,0.392670,1.512046,-0.837082,-0.744745,0.958084,-0.641768,1.370448,0.127028,-2.366053,-0.061544,0.072467,0.265771,-0.228410,0.482521,-0.358225,0.692394,-1.592746,-0.952157,-0.088278,1.779827
1597,1,0.831903,0.731844,0.503347,-0.740197,0.491753,0.116519,-0.083579,0.556660,0.428223,-1.918865,0.064511,0.248904,0.184692,-1.323990,-0.034077,0.036421,-1.274634,0.772709,-0.462660,-0.484129,0.553159,1.527576,1.411957,-0.866251,0.268958,-1.372660,0.455751,1.460800,-0.615289,0.353351,-0.250789,-0.909020
1598,1,-0.674573,1.460519,-1.059142,0.256323,-1.795395,1.788089,-0.248692,0.088522,-0.290067,-0.812175,0.378392,-0.246651,-1.444004,0.927485,1.417372,-1.410917,0.331821,-0.412467,0.459804,0.574789,-0.710108,-0.074369,-0.223405,1.447052,-0.740045,0.025791,-0.859941,0.748526,0.817228,-0.064040,0.474455,1.459870
1599,3,1.256305,-0.853636,1.636635,1.230765,-0.516052,0.941256,1.652528,-0.490432,-1.300036,0.728591,-1.908178,0.350580,-2.198453,0.343702,-0.092962,3.281942,-1.075112,-0.425075,-0.584346,-0.880876,1.350772,-1.367441,0.512028,-0.105541,-1.353683,-0.169122,-0.003254,0.252475,-0.723410,0.292294,-0.443474,0.064266
1600,3,-0.363729,0.344056,-1.125567,0.802015,1.159115,0.368759,0.184126,-0.124477,0.983528,2.337186,-0.458490,-0.781670,-1.545807,0.207879,-0.548053,-0.005260,1.548262,0.037501,-0.936007,-0.244144,-1.585622,-0.971983,2.226356,-0.531857,0.689467,-0.435654,-0.559657,-0.218320,-1.297993,-1.429982,0.136458,0.719742
1601,3,0.014173,-0.096505,0.439911,0.587092,2.498257,-0.731439,-1.150364,-0.654485,0.513965,-1.332631,-0.103612,1.506544,-1.080537,0.986156,1.313082,-0.049327,0.187114,-1.210920,0.529368,0.545446,-1.013817,-0.057078,-1.356802,1.949739,1.755074,0.358018,0.934965,0.451860,1.063537,1.288747,0.734237,0.539369
1602,2,-0.226967,-0.211693,0.875544,0.387625,0.559411,-0.615722,1.412191,-0.338346,-0.496520,-0.263104,-0.736321,-0.398251,0.224098,-1.164213,-2.175311,0.748763,-0.013331,0.915669,0.685918,-1.908535,-0.357203,-2.114146,0.986235,-1.485357,0.528530,0.665540,0.357551,0.168633,0.192310,1.543489,0.043553,-1.421301
1603,2,0.982636,-2.380770,1.688923,0.525830,-0.351783,-0.917625,0.539310,-0.252654,-1.317018,-0.232339,0.044862,-0.965812,0.166182,0.830755,-0.560161,0.111857,-0.022634,0.097947,0.000099,0.495045,-0.158746,0.217275,0.301285,-0.056066,-0.315918,-0.960400,1.487594,-0.010314,-2.364255,-1.269281,0.509858,-0.176836
1604,0,-0.703932,-0.014128,0.662611,-2.451861,1.259131,-0.174135,-0.608599,1.689604,-0.019763,1.225548,0.380774,0.151661,-0.711638,0.747338,0.858053,-0.142141,-0.122100,0.832010,-0.660108,-0.406165,0.210419,0.854727,0.861950,-0.122588,0.048062,-0.724491,-1.089490,-0.773820,0.334711,-0.718340,0.054263,0.616384
1605,0,-0.331359,1.281440,0.214015,-0.627025,-0.212036,0.294018,1.816328,0.066483,1.005613,-1.108612,1.363019,-1.024953,-1.648305,0.520344,2.368127,-0.662643,0.938452,-1.114844,-0.357945,1.542464,-0.315590,0.643057,-0.694854,1.373648,-0.419829,-1.043578,-0.777116,-0.288165,-0.714407,1.513572,-1.124878,1.755598
1606,3,-0.820024,-0.927562,1.887886,0.822310,0.684169,1.821914,-1.049069,-0.882583,1.857855,0.635709,-1.046704,1.277624,0.159605,0.252421,0.563526,0.964633,1.272301,-0.229839,-0.095859,-0.541562,0.765150,-0.062989,-0.164916,-0.202456,1.098879,0.774404,-2.026625,-1.161092,-1.254363,1.618744,-0.511955,0.373264
1607,2,0.518477,-0.320360,0.984370,0.198188,-0.255287,-0.426410,1.097208,-0.923564,-1.187872,-0.391560,-1.351556,-0.393167,0.483918,0.214290,1.022845,-0.142438,0.304188,0.647353,2.077952,-0.182780,-0.521732,0.613364,-1.312699,-0.497083,-1.131398,-0.748281,0.588472,1.163096,-0.877981,-1.041894,0.143893,0.317089
1608,1,1.062886,1.491479,0.243035,-0.725835,0.034296,0.591740,3.026867,-1.241107,-0.770160,1.137540,1.727558,0.574848,2.022116,0.598682,0.707938,-0.124924,-1.716522,1.158495,0.828466,-0.035171,0.823134,2.702814,0.977416,1.801265,0.421636,-0.117490,0.119712,0.929741,-0.245613,-0.451258,-0.495933,1.727147
1609,3,-0.021665,0.140194,1.147351,0.222661,0.048429,0.866687,0.895244,2.468837,-1.111881,0.372193,0.610777,-1.140015,0.332145,-1.009244,-0.868710,1.057881,3.159275,-2.712145,-0.620912,1.966936,-0.698855,0.481547,0.866241,0.374174,1.036011,1.283301,-0.224578,-0.302064,0.590316,-0.397897,0.482868,0.521289
1610,0,-0.063347,-1.289667,-0.295289,-0.593103,1.188519,0.207356,-0.584469,0.895413,-0.882461,0.426594,-0.042979,1.905954,-1.497604,-2.224242,-0.607073,-0.053211,2.816467,0.846439,-0.018130,0.632261,-0.656309,-0.258819,-0.836341,1.806989,-0.002972,0.270215,-0.475630,-0.167266,-1.077481,0.205223,0.273697,1.526503
1611,0,0.105927,-1.260609,1.380784,0.366257,-0.815923,0.288922,-1.213723,1.037344,0.292811,0.196574,2.060674,0.885433,-1.250212,1.911814,-2.590903,-0.295652,-1.948531,-0.386980,1.372295,-1.089183,-0.431401,-0.498216,0.370573,0.745012,-2.173698,0.946787,1.021372,-0.960097,1.213052,-1.462593,0.305243,1.026674
1612,2,0.059766,1.554165,0.796432,0.008860,0.176206,-0.337057,0.449129,1.681537,1.510321,-0.430916,1.306389,1.112116,1.916186,-2.134121,1.027409,-0.187631,-1.174333,0.560301,0.450122,-0.734878,0.890273,0.417044,0.996775,-1.193141,-1.319646,-0.969608,0.441001,-0.741269,-0.167673,0.613793,1.328921,0.404629
1613,1,-2.952835,0.971038,-1.892124,-0.813252,-0.087509,-1.057138,0.046832,-0.772701,0.394707,-0.598961,-0.344670,0.540343,-1.037344,-0.310447,1.358294,-0.213022,0.451104,-0.748232,-0.952943,-0.303177,-0.364130,-0.524705,-0.895285,-1.535878,0.023710,-0.176827,-0.731712,-0.966739,1.087917,2.174743,0.599191,1.140721
1614,0,0.226107,-0.206628,0.047246,-0.828085,-0.552180,-0.458312,0.277361,-0.592133,-0.706410,-0.036863,0.478734,1.225996,-1.581486,-1.011031,-0.511887,0.520368,-2.023680,-0.381017,1.659102,-0.825933,-0.508511,-0.017775,0.149157,2.583149,0.259500,0.462391,0.498440,1.802245,-0.376583,1.455914,-1.169545,-1.284252
1615,1,0.459877,0.054108,0.199005,-0.020742,1.844231,-0.141898,-1.734745,-2.487521,-0.966403,-0.439630,-0.470604,0.565534,-0.942692,1.258178,-0.150715,-0.050650,-0.390783,1.124441,1.410497,0.438365,-1.431017,-0.142260,0.214004,0.118679,0.832838,-3.102872,-0.335025,0.568604,1.220854,-2.237965,-0.528746,-1.242597
1616,0,-0.322734,-1.190750,0.604970,2.022198,-0.223884,-0.194929,-0.084799,-0.243403,0.609436,1.642784,0.720110,-0.643277,0.963671,0.313043,-0.783986,-1.419073,0.047779,0.349086,-0.428360,0.648499,0.561696,0.873879,-0.811277,-1.023128,-0.908075,1.192107,-1.361746,-0.221384,-0.176523,0.190764,-2.061028,-0.291779
1617,2,0.598818,1.169061,0.482506,1.953227,-1.181351,-0.931280,0.539953,0.535721,-0.906251,0.901076,-1.549780,-0.817631,-0.981287,0.362331,-0.894641,-1.205314,-0.699648,-0.506217,-1.342443,-0.961194,1.546742,-0.627818,0.852274,-0.099383,0.198459,-0.238836,0.536992,-0.266294,-0.911348,-2.349520,-0.143433,1.572934
1618,1,-1.210701,-0.968053,-1.857660,-0.920226,-0.237894,0.406786,-0.698858,0.068578,-0.310599,-1.583564,-0.591017,1.777962,0.474891,-2.328382,0.477295,0.247714,0.242902,0.321167,-0.091167,1.002198,-0.746273,0.011484,1.308240,-1.462963,0.709630,-0.860731,-0.494790,0.561337,-1.742867,0.023715,0.184733,0.126886
1619,2,0.264895,1.602865,0.001786,-0.494323,0.002821,0.353563,0.167495,-0.614434,0.016801,-0.478414,1.697916,0.851473,-0.789292,0.007677,-0.994666,1.328463,0.462657,0.461041,0.172065,2.622730,-0.481595,-0.405897,0.994409,0.018434,0.031511,-0.208445,1.697385,0.400305,-0.697945,2.053059,-1.210793,-0.578072
1620,0,0.210137,-0.316915,0.020482,-2.358889,0.279765,0.625918,-0.615415,-0.258469,2.001651,-0.688428,-0.303018,0.950280,-0.482145,0.231661,-1.101262,1.523375,0.447854,0.076233,0.157826,0.117466,0.898148,-2.600115,0.079302,0.730595,0.079155,0.812882,1.187418,1.379200,-1.149829,0.890620,0.805125,-0.314646
1621,0,-1.743326,1.628155,-1.519715,-0.191504,0.702828,1.125900,-0.071856,0.208154,0.552340,1.148588,0.341501,2.131819,-1.633092,-0.079662,0.382328,-0.683605,1.124905,-1.996266,1.225157,-0.479001,-1.079714,-0.593992,-0.258011,-0.682282,0.100115,-1.450486,-1.490190,-0.295106,0.791556,-0.325002,-1.254164,0.848891
1622,1,1.593975,-0.437991,0.705634,-0.621737,-1.132660,0.128898,-2.020667,-0.581030,0.393546,1.334192,-0.685098,1.659176,-1.351748,1.955583,0.188124,-0.721153,-1.837429,1.339196,1.176946,-0.143105,-0.666346,0.412350,-0.988837,0.028549,-0.734350,0.401231,0.290121,2.454385,-0.858319,-0.123944,-0.108090,0.325626
1623,1,1.520698,-0.652393,-0.042642,-0.244253,-0.279648,0.178031,0.053925,0.979085,0.698665,-1.150527,0.864662,-0.073350,0.262931,-1.431750,0.772689,0.992120,1.012941,-0.729463,-0.414347,-1.291052,1.855628,1.157088,-1.803284,-0.452429,0.455453,0.900090,-0.052432,2.343830,0.152015,-1.195049,-0.584876,-1.184273
1624,3,0.100360,-1.429786,-0.956864,1.549245,0.751763,0.674197,-0.816704,-0.010848,-0.648464,-1.284244,-0.554537,-0.646882,-0.473222,0.840692,-0.673358,-0.508747,-0.042947,0.481335,2.317939,0.488377,0.634587,-0.916718,0.054983,0.677362,1.555893,-1.207543,-1.601374,0.292844,0.052910,-1.280132,-0.919674,-0.454864
1625,3,0.334058,-0.852479,0.301106,1.969034,-0.498238,-0.249169,-1.110336,-0.190839,1.088185,1.633913,0.619739,-0.992079,-0.223379,-2.638349,-1.168156,0.756261,-1.497401,-1.446874,-0.136164,-2.475737,-1.437999,0.140575,0.153986,-0.575816,-0.330209,-0.466629,-0.063136,0.203658,0.569233,-0.073280,-0.092873,0.123822
1626,0,1.350450,0.018156,-0.836126,0.439831,-1.505136,-1.011440,-1.073789,0.233222,0.188256,-1.721263,-0.343807,0.205746,-1.532326,-0.439525,0.737709,-1.208269,0.387686,1.637197,0.952146,-1.066276,-0.999572,-0.290250,0.087452,-0.157253,-0.605934,0.447563,-2.720768,0.157689,-1.257979,1.461718,1.484198,-0.472786
1627,0,1.208237,-0.886740,1.003817,-0.127417,0.138601,-1.208879,0.752799,-0.684614,-2.234142,2.530384,-0.108940,0.937234,-0.038912,0.441730,0.101402,-0.698947,0.255383,2.117418,-2.049020,0.976480,0.770359,-0.941758,-0.798814,0.478867,-0.273023,0.665090,-2.214242,-1.328506,-0.019982,-1.202919,-0.082810,0.757152
1628,3,-1.124503,-0.258856,0.375195,-0.014159,-0.740443,-0.623696,-1.452679,0.974437,0.459040,-0.308113,0.215981,1.642560,0.345883,0.210555,-0.720914,-1.663787,0.634026,-0.701549,-0.718864,2.357215,-0.853358,-1.676750,-0.814702,-1.640857,0.739935,-0.720252,-1.410221,1.678608,0.223204,0.376720,0.284091,2.275489
1629,1,1.379622,-0.452454,1.105171,-0.803327,1.991863,-0.349920,0.103028,-0.131812,-1.698663,-0.555795,0.525957,-0.468390,-0.654818,-0.843279,-0.396020,0.181691,2.189585,0.221237,-0.025915,-0.688564,-0.407377,0.045173,0.248458,-1.018868,1.121533,0.501301,-1.622756,1.956515,-0.967687,-0.165916,-0.200601,-0.956739
1630,3,0.009136,-1.086651,-0.302033,-0.067692,0.563905,-2.036244,-0.669496,1.606690,-0.104888,1.269200,-0.119537,1.384141,-0.651574,-0.272272,0.298677,-1.070898,0.198244,0.015451,1.123284,1.139771,0.835899,0.125448,-1.418664,-0.813921,0.259597,0.623937,0.397705,-0.501675,0.220271,-0.441527,1.119271,0.167024
1631,1,-0.799177,-0.059172,-1.192678,-0.968342,-1.312901,1.640396,0.537450,-0.907577,-0.147438,1.460707,-0.404061,0.644510,0.046347,-0.480087,1.075302,1.050088,-0.818753,-1.040848,-0.200636,-1.248796,0.540584,-1.029949,0.535479,0.017477,-0.323743,0.689697,1.963289,-0.077335,-1.324629,-0.177636,0.364549,-1.366336
1632,3,-0.950744,0.302326,-0.221153,2.410057,-0.670156,-0.178266,-0.719149,-0.449376,-0.535950,0.167860,0.105732,2.610573,0.391171,-0.942342,1.587046,1.531371,-1.417461,-1.817850,0.283086,-1.068028,-0.562285,1.258806,-0.439673,0.308321,0.790157,0.170059,1.562902,0.212292,-1.614250,0.468635,-0.584392,-0.939337
1633,1,-2.190623,-0.202620,0.522982,0.039130,0.012962,1.353994,0.552985,1.063523,-0.034219,1.388470,0.011694,0.776198,0.928230,-0.358062,0.362755,-1.262974,-0.040311,-0.315593,-0.539574,-1.160660,-0.210836,-0.622674,-0.504578,0.794959,1.689694,1.092934,0.859323,1.171178,2.715278,-0.721981,1.859631,-0.220974
1634,0,0.315399,-0.629020,-0.827268,-1.335578,0.200116,0.635497,-0.168458,-0.049374,0.293959,-1.989939,0.989108,0.544703,-0.989705,-0.187519,-0.053899,-0.651064,-1.822122,0.202329,-0.436909,-0.370067,-0.115443,0.052105,2.570430,-0.603271,1.232931,-0.678340,-0.844385,0.536473,0.869128,1.359616,1.094980,-0.035436
1635,3,-0.243292,0.363132,0.887258,-0.069469,-1.193287,0.343388,-1.130241,0.049917,1.862525,-1.521207,0.461719,0.050859,1.430557,1.052851,0.020462,-0.566874,-0.876022,-0.081253,-0.085830,-0.173176,-0.803316,0.087845,-0.048410,0.131720,-0.990807,1.466884,0.892477,1.343771,-0.725724,1.054177,0.882870,1.076037
1636,0,1.283389,-0.032952,-0.457469,-1.242612,-1.787362,-0.369127,0.664740,0.016022,-0.020938,0.651550,0.299779,-0.049142,-0.283154,-1.403708,-0.212623,-0.539042,0.427032,0.293308,-0.609428,1.508811,-0.380964,0.634913,-0.379632,-1.458830,-1.348326,-0.454965,-1.117946,1.930841,0.829913,-0.286950,-0.268017,-2.285961
1637,1,-0.304021,-0.735832,-0.493370,0.833838,1.192083,1.312534,-0.828415,-0.849385,0.625917,-0.126037,0.427583,-0.606581,-0.338154,0.549687,-1.267920,-0.662746,-0.437662,0.488339,0.556703,0.238314,0.537936,0.810310,0.571756,0.259995,0.246682,2.658526,-1.028614,1.077380,-0.113308,1.468979,0.590802,-0.238653
1638,0,-0.116239,0.326867,2.372189,-0.881825,-1.042786,-0.114853,-0.551321,1.634100,-0.745803,0.849330,0.466213,-1.433438,-0.685462,0.916942,-0.171804,0.178766,-0.890682,0.165348,0.708536,0.785716,0.468519,-1.563827,-0.904501,-0.875862,-0.995622,1.067593,-0.778662,0.105379,-0.023161,-0.957121,0.470608,-0.559343
1639,3,-0.812229,-0.775122,1.085480,-0.707641,-0.033772,0.645296,-1.417261,-2.202513,0.425277,0.259096,0.307312,0.821140,1.116711,-0.708770,-0.791537,1.045118,-0.251323,0.281809,0.793347,-1.076801,1.470051,0.769781,1.483092,-1.224899,0.855523,1.357012,0.545439,1.683453,0.827557,-0.853365,-0.398812,0.996306
1640,1,-1.461129,0.061750,1.563134,0.611919,-1.233085,0.409625,-0.521474,0.279760,-0.913576,0.734276,-0.980206,0.082884,1.016817,-0.354909,0.713873,-0.948834,-0.406968,0.544246,-1.365406,-1.110707,-1.869561,-0.218043,-0.946405,-1.882528,-0.210646,2.245311,0.145571,1.911072,-0.372306,-1.010671,0.717526,0.198353
1641,2,0.538684,-1.725819,-1.151337,1.100408,0.212248,-0.264073,-0.284159,0.797906,1.494748,0.224886,-0.069705,1.157351,-2.807076,0.983573,-1.532475,0.888734,0.054280,1.197016,0.750088,1.449989,1.613532,1.691040,0.277504,0.217051,-0.035011,-0.096972,0.310547,-0.821048,-0.734867,0.570429,0.485543,-0.107983
1642,0,0.729599,-1.724803,0.512674,-1.898454,-0.331922,0.441829,-0.619088,0.824436,-0.451526,-0.791192,0.396648,0.417803,-0.551308,0.563106,0.497974,-0.763646,-0.757660,-1.355569,0.437794,1.773677,0.100100,-0.172286,1.171947,-0.895932,-0.463080,-0.156534,-1.158573,0.402089,-0.216919,-0.295481,0.876322,-0.531003
1643,1,0.123790,0.213626,-0.169995,0.548833,0.418918,-0.372688,1.723431,-0.521494,-1.669409,0.235547,0.503736,0.014675,-1.424232,-0.633470,1.906488,1.026374,-0.782371,-2.054238,-0.813606,1.081550,-0.782210,-0.314708,-0.726935,-2.229985,1.928048,-0.531089,-0.793674,2.108536,0.293598,1.898479,-1.274815,0.715566
1644,0,-1.931667,0.169655,0.422355,-1.919645,0.174000,0.519920,-1.150954,-0.274150,0.913649,-1.328759,0.612493,0.200592,-0.360503,0.770367,-0.317398,0.402791,-0.223865,-0.781359,-0.769445,1.411184,0.345483,2.392949,-0.579314,0.013913,0.172341,2.090962,1.765572,0.669041,0.356981,0.269051,-0.291164,-0.303541
1645,1,0.233932,-0.193200,-0.124798,-0.398857,0.281308,-0.541225,-0.846795,-1.987568,-1.274859,0.531743,-0.922461,-0.524328,0.426575,-0.783572,0.037950,-1.705613,1.062164,-1.131949,-0.099990,-1.383751,-1.647034,0.491690,0.078441,0.298373,0.368499,-0.424970,-1.002827,-0.731179,0.614564,0.502092,0.710772,0.082644
1646,0,1.489898,0.505070,-0.809646,-1.407508,-0.233755,-0.065167,-1.868423,-1.454593,-0.178788,-0.189533,-1.309819,-1.492806,0.559683,-0.341998,0.085376,-1.835458,2.622886,-0.877048,0.958400,0.266023,-1.258290,-0.113758,-1.608034,-1.271846,2.055236,0.956990,-0.038593,0.359661,-1.632526,0.743594,0.747789,-1.524831
1647,3,-0.827473,0.143885,0.346326,0.471676,0.590696,0.474603,0.740726,0.116303,-0.556349,-0.032704,0.619210,-1.094569,0.781745,-1.348213,2.070735,0.313392,-0.791055,1.511994,-1.731097,0.942817,0.064384,-0.152300,0.546628,0.511597,1.003616,0.444611,0.001117,-0.343182,0.333950,-0.689950,-1.050165,1.248006
1648,3,1.011683,-1.675856,0.100381,2.034667,-0.741910,-0.779506,-1.052167,-0.498925,1.116998,-0.298010,1.871484,1.591053,0.750186,-1.415643,-0.149658,0.596677,0.530829,0.138223,-1.341667,1.016499,0.006119,-0.062208,0.703923,0.600938,0.005684,-0.145957,0.447142,1.084013,0.817272,-0.097905,1.330657,-0.311864
1649,2,-0.506031,0.167486,-0.842785,-0.878754,-0.025246,-0.061027,0.333970,2.371943,0.687007,0.464705,0.230558,1.227064,-1.057505,0.580664,1.015374,0.362956,-1.249168,-0.961065,0.659746,1.666678,0.968496,-0.058531,0.119638,-0.940348,0.466880,-1.924078,-0.445544,-1.113110,-1.449839,-2.503118,0.497919,-1.780837
1650,2,0.429513,0.581538,0.252162,-0.166341,-0.955197,2.765268,1.342343,2.596398,-0.244006,-0.961370,-1.008295,-0.277658,-0.059149,0.387149,0.708280,-0.205253,-0.631748,0.353748,-0.621123,-0.299234,0.837598,2.044256,0.225635,0.763598,-0.359427,-1.666572,-1.724432,-1.359955,-0.870557,1.112607,-0.927047,1.146482
1651,0,0.465541,-1.231580,0.358049,0.510385,1.026310,-1.795554,0.511326,-0.099276,1.314881,-1.605557,0.426304,-0.353983,2.722317,1.258570,0.327930,-1.356492,0.480425,-0.566613,1.363851,0.153530,1.558949,0.640037,0.076185,1.172012,-1.609531,-1.147420,0.826623,2.098479,1.954670,-0.947253,0.253154,-0.173110
1652,2,0.702879,0.316473,1.352984,-0.364718,-0.402866,-0.270388,-0.687329,-0.201790,-0.878242,-0.637592,0.395833,-1.607168,-0.247174,-0.668739,-0.855986,-1.259398,0.443033,0.109696,-0.348397,0.843058,-1.859455,1.220273,-0.231007,0.053939,-0.289070,-0.821850,-3.542909,-0.500968,-0.038900,0.435246,1.762569,0.355711
1653,0,0.896400,-0.074293,-1.611104,0.333808,-0.496366,-0.276792,0.656544,0.727082,0.007863,1.435014,-1.671710,-0.910757,0.019631,-0.232668,0.112808,-0.965837,-0.917836,-0.873483,0.739081,-0.666132,-1.305882,0.725105,-0.362176,-2.190559,0.261091,0.918423,-1.107477,0.463368,1.947875,-0.059924,-0.768346,0.421532
1654,1,0.755907,1.345757,-0.865299,-0.370852,0.687336,-0.907513,2.386372,-0.941513,-0.480249,0.016161,-0.528384,-1.484427,-1.199229,0.706316,0.777278,-1.008965,-1.003460,-1.418833,-0.971260,-1.074144,0.798945,0.644834,0.964215,0.888099,-0.368523,2.258874,-0.951658,1.710634,0.521427,0.260309,2.361125,-0.487738
1655,0,0.990604,0.209296,-1.365469,-1.036100,0.420253,-0.413447,1.948010,0.692468,-0.557139,-0.539279,-0.051584,1.898680,-0.302603,-0.191430,0.090369,0.120954,-0.176877,0.704977,0.109505,-0.763031,-0.241903,-1.815119,-0.240590,-0.381500,-0.835561,1.053633,-1.539624,-0.074152,1.535536,0.413756,0.412250,-0.172606
1656,0,1.156685,0.049858,0.889644,-0.083376,0.635757,-0.805781,-0.607758,-0.032722,0.236032,0.787317,0.268023,2.521940,0.447577,-0.010798,-2.097335,-0.163215,-1.555152,0.620521,0.180749,2.140505,1.455410,0.404563,0.641011,-0.560304,-0.542607,-0.922686,2.545164,-0.474052,-0.470510,0.271303,0.096454,0.173268
1657,3,2.287510,-1.326221,0.928414,0.405163,1.047243,-0.509111,0.181220,0.290682,-0.389827,0.836495,0.030904,-0.412070,0.457414,1.099090,0.687865,0.880781,0.223272,-1.169912,1.938728,-1.186747,0.601819,-0.648997,1.271208,-0.095325,1.186127,-0.053124,0.160142,1.172603,1.706375,1.328260,-0.380989,-0.089061
1658,1,0.600825,-1.317440,1.076757,-0.103127,-1.226415,0.690934,-0.650116,0.464038,0.406660,0.161468,-0.814694,0.004041,0.097207,0.561305,-0.508251,-0.193406,-0.263688,0.131285,0.596333,-1.461127,-0.090196,0.744512,0.051464,-1.123689,-0.533398,0.656514,0.855233,1.000492,-0.193562,1.325572,-0.608606,1.354095
1659,1,-0.096820,-0.184316,-0.503719,-1.190374,-0.154240,-0.007043,1.323428,-0.071561,-0.148117,-0.779376,-1.821093,1.220144,0.522562,-1.385742,0.782089,0.111636,0.210710,-0.893888,0.118307,1.619595,0.641458,0.063723,-0.566170,-0.179271,1.530634,-0.838115,0.353014,-0.980955,-0.565495,1.350078,-0.360001,0.279031
1660,1,2.356463,0.941705,1.098157,0.760909,0.529509,-0.031567,-0.121377,-0.333597,-0.857892,-0.491682,0.145050,-0.535153,0.498515,0.614736,-0.371328,-0.460403,-0.349606,-0.827570,0.569117,0.500471,0.957356,0.083868,1.752412,-1.493247,-1.166011,-1.111249,0.752506,-0.746953,-0.021500,3.197874,-0.697590,0.531618
1661,3,3.268847,-0.665130,-0.665778,0.111820,0.564884,0.985847,0.036724,-1.574083,-0.754355,-0.177781,-0.164376,0.484087,0.244514,-0.775673,0.662922,0.087181,0.925979,-0.016353,-1.463023,0.636127,0.090866,-0.371318,-0.109558,-0.731703,0.137189,-0.725413,-0.195194,-0.561996,-0.417274,0.514576,1.471126,-0.186238
1662,1,1.291174,0.822755,-1.021766,-0.159782,-0.681664,0.669088,-0.432285,-1.145963,-1.002863,-0.932812,-0.070002,0.367726,-0.293699,1.218417,-0.509887,0.054894,0.677977,-0.693574,-0.996550,0.730578,-0.981060,0.746087,-1.905308,0.992541,0.173830,0.354865,-0.880744,-0.646380,1.555500,-1.472674,-0.288742,0.873702
1663,3,1.814403,0.640352,-0.405987,-0.107818,0.195013,-1.263768,-0.724110,1.943411,1.171054,-0.422448,1.287990,0.784135,-0.504571,0.855994,-0.701020,0.805140,-0.008854,-0.297885,0.700304,-1.545185,0.926906,-0.079398,-1.254856,1.267815,0.122512,0.981613,-0.084712,1.746493,-0.088474,-0.037897,0.806255,0.046063
1664,1,-0.569692,1.219682,-0.012955,0.883011,-0.958658,0.079703,0.242701,0.023717,0.026329,-0.592897,0.436647,-0.026164,0.066171,-0.106707,0.120574,0.650579,0.047377,1.684807,0.632863,-0.863368,0.710086,0.194947,0.930196,1.109836,1.084884,-0.339177,-0.304646,0.271433,0.722674,-0.154004,0.126210,-1.967046
1665,0,0.965326,0.868104,0.152999,-0.101541,-0.314139,-0.232985,0.255950,-1.365907,0.774207,0.151621,-1.966792,-1.564260,-0.928552,0.448660,0.151935,-0.256669,-0.098720,0.427987,-1.936974,-1.154128,0.321952,0.518495,0.279318,0.912878,1.051145,0.168290,-1.242988,-0.790402,0.170821,0.543322,1.939564,-0.228237
1666,0,0.235598,0.011012,1.736798,0.146065,1.196230,-0.343357,0.548114,1.255642,0.407121,-0.420505,1.308527,-1.234527,0.185301,-0.515218,-2.464630,1.146906,-0.170102,-1.919193,-0.211846,1.612357,0.607625,-0.235769,0.291943,-0.079173,0.153442,1.319871,-0.602916,0.401716,1.035055,0.535360,0.800096,0.908170
1667,0,0.946073,1.113622,1.335856,1.349334,-0.211875,0.214423,0.371442,2.302715,0.181121,-0.721424,0.052029,0.960395,-0.417418,-3.198757,-0.724039,-1.212295,0.708626,-0.455586,-0.597453,0.919794,1.182890,0.160375,0.566855,0.895065,-2.901361,1.032390,-0.692970,1.072011,-0.336928,-0.396759,1.052547,-0.441022
1668,0,1.193681,-1.416930,0.951523,0.690692,0.613488,-1.178929,-1.387931,0.953778,1.594076,0.615944,0.966598,0.482299,-0.136237,-2.560658,-0.539745,0.874403,-0.183299,-0.201967,-0.831057,2.111076,-0.384719,-0.476888,-2.246179,-2.086169,-0.665305,0.690536,0.476596,-0.520296,-0.953181,-0.259022,0.968847,-0.169358
1669,0,0.313287,0.951645,-1.624736,-2.486400,0.847319,1.528494,-1.251149,-1.050801,0.227294,-1.080646,-0.054443,-0.036762,-0.645819,0.041468,-0.563408,0.816385,1.117239,-0.898379,1.503582,1.768826,0.594186,2.208069,0.978953,0.728787,1.231684,-1.116674,1.695587,-2.772521,-0.665076,-1.264778,0.579516,0.425534
1670,1,-0.689024,-0.090692,0.020522,-2.196586,-0.564402,-0.491370,0.644736,0.281547,0.523560,-0.252706,1.019545,0.470721,-0.369931,-0.704362,1.551844,-0.201146,0.566892,-1.007576,0.370871,-0.880831,0.327947,0.070883,-0.760209,-1.390043,-1.038558,-0.137643,-0.622061,-1.288285,-1.094737,0.261071,-0.091456,0.422227
1671,3,0.106789,-0.254365,-1.008575,-1.145442,-1.010172,0.061858,-0.266553,-0.673969,-0.317685,-1.049036,0.381451,-1.876102,-0.586214,-0.119790,1.483413,0.029269,-0.860542,-1.824779,-0.162706,-1.652442,-0.053091,-2.430037,0.934748,-0.102370,-1.717285,0.501356,0.512118,0.291302,-1.599643,-0.079663,-0.321155,-1.055627
1672,1,-0.373819,-0.737567,-0.205820,-0.801116,0.899623,-2.142746,-0.204173,1.396392,0.542287,-0.133759,0.713536,-0.485578,0.253440,-0.060457,-0.469307,1.105496,0.754067,-0.921911,-0.986483,-0.861124,-0.238408,0.939007,-0.384131,-0.000462,-0.493219,-0.489062,0.911078,-0.062788,1.535398,-0.666361,1.165144,-0.774311
1673,0,0.824575,0.282998,-0.386209,0.308340,-0.660321,2.192279,1.075561,-1.370149,-0.904950,-0.844229,0.355942,0.318841,-1.270661,1.076671,-0.338322,0.964125,-1.770196,-0.268661,-0.362383,0.108079,-0.042787,-1.282707,-0.310299,1.565141,0.679033,1.134871,0.249244,-0.959306,0.937162,-0.719008,0.646966,-0.683540
1674,1,-0.582057,1.567757,0.905703,1.316817,0.030062,-2.152974,0.455628,0.795710,0.850621,-0.375294,0.884225,-0.550697,0.467858,-0.667124,-0.271813,0.613736,-1.103771,-0.960143,0.450753,0.654845,1.182473,-0.002999,-0.460674,0.421865,-0.007480,1.802865,1.363360,0.500003,-1.863310,-0.530391,1.067374,-1.135807
1675,2,2.547123,0.460932,1.233358,-0.421184,0.451689,0.831400,-0.497756,0.541073,0.221713,-0.867649,0.417564,-0.437392,-0.165531,0.644136,-0.496077,0.733233,0.866761,0.389048,-0.982928,-1.494729,0.304473,-0.663394,0.154859,-0.692550,-0.672884,0.316234,0.713508,0.725353,-0.244640,0.800074,1.750432,-0.090175
1676,0,1.515230,1.032830,-2.290930,0.132341,-0.942698,0.423261,2.226654,-0.522172,-0.755714,1.107102,-0.754163,1.589306,-0.348101,1.282657,-0.594956,-0.868184,0.011222,0.626417,-1.187218,1.883822,0.683672,1.198446,0.332754,-0.423900,-1.948251,1.601995,0.387977,-0.511372,0.490864,-0.211092,1.042779,1.035552
1677,0,-0.279244,-0.539809,0.128033,-0.468834,0.912912,-0.784922,-0.974407,1.378017,-0.456098,0.241681,-0.293488,-0.551455,-0.821098,-1.009026,-0.956697,0.588167,0.328304,-0.365898,-0.482492,0.133763,-1.158247,1.031892,-0.547821,-0.031327,0.886700,1.094864,0.267701,0.252834,0.360609,1.880424,0.435207,0.204788
1678,3,2.424341,1.171795,2.440798,0.396553,-0.384571,0.092357,0.659968,0.091601,0.712117,-0.717809,0.291445,0.271311,-0.269315,-0.440212,0.325969,-0.805566,-0.500666,-0.669048,1.389297,1.282544,-0.063961,1.407716,1.013106,0.399558,0.402360,1.738884,0.418392,0.063532,-0.096026,0.181335,0.369053,0.302434
1679,3,-1.090050,-0.251676,-1.628084,0.238299,-0.501880,-1.244901,-0.245968,0.304922,-0.665788,-0.883090,0.758745,-0.126573,0.552209,-1.837366,0.920673,0.120552,-0.191533,0.946627,-0.012714,-0.394358,0.109466,1.934452,-0.777524,0.482922,-0.618520,-0.980991,1.455526,-2.385262,-0.480621,-0.810751,0.068236,0.854367
1680,2,-0.070076,-1.252345,0.321258,-0.353506,-0.190194,-0.250696,-0.865447,0.631078,0.280841,-0.027657,0.041941,0.697471,1.245088,-0.173365,-0.307237,-2.142715,0.581327,-0.053887,1.415748,1.426532,2.688631,0.715418,0.990542,1.283709,0.684706,-1.197665,1.029016,-1.327924,0.134573,-1.657394,-0.365853,-0.125417
1681,1,-0.273850,-0.585971,-2.568223,-0.117594,-0.160635,0.984588,2.113242,-2.812366,1.107804,-2.032655,0.000759,-1.123187,-0.437706,-1.051237,-0.138439,0.870369,0.730373,-0.763893,-1.484351,-0.826415,1.001951,-0.554961,-1.416173,0.731715,-1.163312,0.245603,1.907869,0.099832,0.033834,0.053768,-2.232880,-1.842089
1682,0,0.551804,0.327887,0.898188,1.471256,-0.384455,0.139199,-0.880239,-0.432831,1.971382,2.817508,0.670928,0.051220,0.424122,-0.586963,-0.588974,0.389586,-0.634758,0.264514,1.663996,0.246803,0.272633,-0.505097,0.577536,-0.709787,1.342922,0.351674,0.302379,1.488173,-0.628759,-2.297099,-0.929134,-1.329598
1683,2,-1.504859,-0.004825,-0.073869,0.090258,1.432748,-0.983058,-0.941316,-0.747033,-0.883320,-1.004600,0.388188,0.918772,-1.410678,0.274689,-0.831160,0.245723,0.463423,0.632634,0.911001,-0.289665,0.196384,0.701124,-1.597329,-0.184277,0.835168,-1.032739,-0.133377,-0.323971,1.937772,2.421905,-0.163383,0.565135
1684,3,0.733107,0.655460,-0.558775,0.173766,0.305479,0.372313,0.489042,1.094557,-1.243410,0.174534,-1.187668,0.039851,-0.910265,-0.414363,0.060232,-0.946881,-0.273193,-1.037142,1.265144,1.657253,-1.962955,-0.322418,0.486198,-1.623599,-0.180107,1.074549,0.182939,0.478691,-0.361833,-0.055652,1.339942,0.343547
1685,1,0.992917,-0.726645,0.588531,0.316191,1.062387,0.476473,1.250123,-0.414020,-0.732637,-0.583990,2.493228,0.413867,0.165208,0.174790,-0.424105,-1.191905,-0.539708,-1.175835,0.289756,0.095381,0.013021,1.450813,-0.388164,0.754614,0.370212,-0.673633,0.158261,0.840281,1.501625,0.359335,-0.233361,0.860764
1686,1,-0.441350,0.812294,-1.084595,-1.466555,0.931197,0.321114,-0.134193,1.359598,-0.960122,1.196310,1.308079,0.837843,-0.079548,-1.443791,0.253091,-1.421220,0.804715,0.821518,0.171701,-0.249579,0.244824,-1.751392,0.797011,0.555008,0.001083,0.711262,0.816871,0.904600,1.327673,0.989702,-1.165734,1.464535
1687,1,-0.365990,-0.581333,-1.937845,-1.108158,2.515552,-0.334297,1.032838,0.799617,0.728823,-0.083578,-0.218174,-0.922381,-0.907739,0.032939,-0.522385,-0.214437,-1.165304,0.487324,0.301092,1.514646,1.251130,-0.014322,0.832279,1.269123,0.128245,-0.868662,-1.127558,0.764371,-0.206925,1.158072,0.983831,0.123809
1688,2,-0.697099,0.843068,0.771945,-0.174948,-1.318616,0.230770,0.669196,-1.228839,0.988532,0.077937,-1.033447,1.384702,0.469526,-1.684984,-0.531764,0.106126,0.854158,0.319625,1.676721,1.348004,-0.512343,0.017332,-0.284674,-0.318730,-0.449964,-0.472843,0.024110,2.214156,-0.848232,-1.456844,-1.046711,2.188481
1689,0,1.499294,-0.202643,0.273522,-0.689280,1.085341,-2.770525,1.108211,-0.747765,0.271948,0.236844,0.348916,0.119169,0.422570,-1.043603,0.266151,0.500789,-0.542443,-1.094459,-0.435910,0.720027,1.842153,0.108904,-0.811339,0.702730,0.346530,-0.394229,-1.237389,0.525202,1.232823,-0.198815,-0.513526,-0.779493
1690,2,-0.792656,1.508587,1.272349,-0.763148,-1.462171,-0.414957,-1.381343,-1.409889,-0.386169,0.632965,-1.303847,-1.018563,-0.427942,-1.256312,-0.202054,1.331842,0.122001,0.734609,0.225707,-1.337346,1.532888,0.002777,-0.643237,1.337949,-1.806605,1.476430,-0.270939,2.022027,-0.734977,-1.327957,0.076262,0.526910
1691,3,0.983784,0.206103,-1.202157,1.512870,-0.274916,-0.271596,1.397742,0.642941,0.724282,-1.750134,-1.568861,1.115430,0.128167,-0.232100,-0.812338,-1.301165,-0.290662,1.902169,-0.089951,-0.807000,0.693509,0.245677,1.343330,2.226581,-0.507402,-1.195722,-1.828310,1.512464,-0.479654,1.034269,0.057373,-0.767996
1692,0,-2.146966,0.877259,0.817615,-0.524658,-0.001569,-2.102463,1.410251,-1.304965,-0.408374,-0.676319,0.172738,1.422218,0.236224,0.972450,0.208990,1.568378,-0.306183,-0.200779,-0.560507,-0.848369,-0.412661,1.130131,-0.099871,0.818780,-1.117780,-0.095355,-0.257190,-0.973358,-0.397450,0.341925,-0.525869,-0.769675
1693,3,-2.937837,-1.384770,0.757847,1.640435,-0.250725,1.190093,0.082426,0.491477,1.143677,-0.495818,-1.355964,-0.060902,0.321492,-0.964394,-1.079698,-0.595892,-0.800386,-0.430369,0.327906,-0.575818,1.141044,-1.736138,0.948570,0.436026,0.594949,0.932590,0.229562,-1.785242,0.381599,-1.487809,-0.441003,1.005009
1694,2,-0.783879,1.176824,-0.540342,0.826986,0.626794,0.246594,0.670306,-0.916654,-0.357514,0.517344,0.958184,0.695781,-1.368827,-0.364125,-0.166404,-0.343762,0.154384,0.532716,0.752261,0.462241,-1.043507,-0.193729,0.746485,-1.078949,0.106816,2.195307,-0.378974,1.141267,-2.937634,-0.641991,0.058010,-0.151330
1695,3,-0.573217,-0.570764,-0.653206,1.457633,0.566207,-0.308574,-0.525693,0.311135,0.852221,-1.341696,0.589796,0.840970,-0.513891,1.302534,-1.136482,-0.922144,0.812542,-0.935111,0.476102,1.765130,-2.301009,-0.494376,0.250344,0.291530,0.333158,-0.019510,1.096841,0.055567,-0.487834,-0.195887,-2.292920,-0.474331
1696,1,-0.640290,-0.217003,-0.319201,0.888255,0.934127,-0.234389,-1.538343,-0.411437,-0.327032,-0.468115,-1.147144,-0.565245,2.314408,-0.786114,-0.105487,-0.629739,1.208250,-0.670885,0.216788,-0.736341,-0.559712,0.240480,2.433157,0.691923,-0.040290,0.167556,0.625727,-0.424009,-0.318194,0.665872,-0.604953,0.441318
1697,1,0.185189,0.669127,0.976974,-0.338092,-0.875337,-0.788665,2.017261,-1.028721,0.593414,0.720847,-0.558240,0.694639,-1.250836,-0.295535,-0.243636,-0.388157,0.259600,2.041803,0.014301,-0.610568,0.464602,-0.419456,-1.546867,-1.524530,0.671569,-0.584265,0.622919,0.037317,-0.326254,-0.875851,0.420611,1.976362
1698,2,-0.347245,0.060115,0.012735,-1.573784,-0.869692,-0.280172,-0.721546,-0.645806,-0.165954,-0.552558,0.591072,-1.081520,-2.303509,0.457472,0.180850,1.388452,2.335875,-1.195573,1.954241,-0.971953,-0.012290,-0.982375,0.298407,-1.478299,0.023434,-2.074737,1.340673,1.111450,-0.840728,0.319902,-0.002791,-1.622876
1699,3,1.059408,-0.432381,0.549526,0.143293,1.412129,-0.893339,-0.347987,-0.534657,-1.726446,-0.499241,-0.731229,-0.544577,-0.902282,-1.299969,0.658892,0.263505,-0.657410,-0.631996,-1.336802,0.421054,-2.393446,0.438832,1.382008,-1.996565,-0.111440,-2.121039,-1.000027,-1.906469,-1.095478,-0.408757,0.317930,0.275252
1700,2,-1.201522,-1.100336,0.131085,0.658164,1.458147,-0.245716,-1.453879,1.572294,-0.650262,-1.386406,-1.415901,0.582538,-0.369592,1.072335,0.539286,0.142775,-2.835165,0.328158,-0.289353,1.258307,1.182238,2.158249,-0.172739,-1.018538,0.384741,0.413823,1.325860,-1.434538,-0.069377,-0.744908,0.612254,-0.710397
1701,0,-0.221980,-0.157359,-0.738662,-0.924796,-1.034916,-0.316016,2.017468,0.765190,-0.793227,-0.421120,-1.742374,-0.176705,0.609269,-1.681150,-0.947402,1.381418,0.428507,1.633058,-1.043473,0.443538,-0.659147,-1.093319,1.051580,0.679260,-0.789654,-0.275325,0.751269,1.784872,-0.554953,-0.567468,0.736690,-1.161339
1702,2,0.294347,1.074745,2.483267,-0.425942,0.157351,-1.021005,-0.592807,0.934412,0.493978,-1.682700,-0.167887,-1.957361,0.123122,-0.528705,1.132825,-1.803047,0.022756,2.088205,-0.393092,0.029378,-0.268543,1.145309,1.018034,0.709048,-0.138081,-1.719985,0.624483,0.262243,0.428044,-1.091239,2.067132,-1.494939
1703,2,-0.214830,-0.371019,0.977980,0.355711,-0.149564,-0.235330,-1.046309,0.774071,0.540128,0.397343,-0.159306,-0.698838,0.946460,0.620472,-0.311983,1.297811,-1.466299,-0.605723,-0.180953,0.976740,-0.619138,-0.241554,0.317306,-0.495626,2.349952,1.557265,0.754600,1.344150,0.438801,0.694100,2.536772,0.182902
1704,1,0.689858,-0.263734,1.127331,0.895168,0.111554,-0.419994,0.308610,-0.159652,-1.004880,0.558925,-0.201190,0.940218,-0.173071,0.949391,1.288743,1.067284,0.152301,0.953508,-0.380685,-0.251959,-0.518912,0.556729,-1.297273,-1.508084,-0.334767,-1.998417,-0.838788,0.156054,-1.160167,1.317094,-0.202411,-0.187283
1705,3,0.506602,1.872502,0.322390,0.616152,-0.435269,0.279903,1.227826,-0.151518,-0.153125,-0.523397,-1.404256,1.522600,-0.645079,1.288662,-1.421513,1.503659,-1.205071,-1.528507,-0.311006,-2.199791,0.888788,0.054967,0.901337,0.719546,0.628087,-0.837356,1.235993,1.122367,0.338554,-0.840870,1.273522,-0.396110
1706,3,0.275573,-0.347746,-0.472142,-0.435556,1.056646,-1.889475,0.575969,0.162727,-0.041003,-0.923617,-0.459595,-1.778783,-1.579049,0.909200,1.034864,-0.944564,-0.182326,0.044704,1.197941,0.442589,-2.972703,1.114854,0.866065,0.208214,0.056485,0.376257,-1.118100,0.130621,-0.312044,-1.395081,0.559875,0.122979
1707,1,-1.174499,-0.315669,0.348041,0.006629,-1.061070,0.721562,0.359546,-0.223587,1.119245,-0.344189,1.727869,-0.359682,-0.950873,0.579667,-1.182559,-0.452042,0.708505,0.537951,-1.531002,-0.290308,-2.856062,-0.575000,-1.477456,1.961266,1.044487,-0.782355,0.562640,-1.449786,0.310167,-1.428419,1.210658,1.394120
1708,1,1.401834,1.673512,-0.077600,0.627250,0.590052,-1.505670,-0.144306,-0.522945,1.060402,1.643858,0.748868,-0.741955,0.815183,-0.286721,-0.999714,-0.126085,-0.755753,0.152099,-1.394703,0.433259,0.254558,-1.270740,-0.449669,0.159784,-1.507554,0.582530,0.301654,0.258908,0.055602,-1.117434,-1.047887,0.064584
1709,3,-0.267641,0.234098,-0.378422,0.491315,-0.064492,-0.241827,-0.589636,0.363359,-0.547452,0.078655,0.146280,0.488745,-0.548233,0.821777,0.827132,-0.506491,0.066635,0.643455,1.926699,0.524378,-0.406263,0.185324,-1.506976,-0.343702,1.287837,0.565560,0.374650,0.356781,-1.403081,0.285315,0.313366,0.141484
1710,2,-1.360574,2.656117,0.942368,0.660629,1.477149,1.089793,-0.224370,-0.480435,0.690716,-0.789996,1.458333,-0.384838,0.188251,0.430187,-0.379610,1.437111,-0.033511,-0.355052,1.020390,-0.446084,-2.763686,0.474243,0.094170,-0.353567,0.933713,-0.059273,-0.172876,0.652422,-1.169368,1.129189,-0.135869,1.268936
1711,0,-0.182802,-0.251912,0.991706,1.414160,0.491785,0.927564,0.399020,-1.190308,0.722665,-0.520318,-0.664946,-0.103118,0.905372,-0.612851,-0.574488,-0.951962,-0.435408,0.650907,1.395555,2.063536,1.368953,-0.141868,0.039558,-1.283835,-0.401538,-0.322208,-0.045713,-1.044427,0.718135,2.776328,0.023152,-0.843325
1712,1,-0.106169,0.610978,1.539826,-0.348585,2.286002,-0.643795,0.049552,0.116550,-1.261536,0.818824,0.377481,-0.463859,-0.768140,0.547856,-0.113551,-0.263785,0.516159,0.428552,0.040145,-0.660145,1.329584,0.193951,-0.108712,-1.032014,0.725852,1.000160,0.112902,-1.149080,-0.172925,1.292271,1.203565,-1.514173
1713,2,0.366981,-1.781605,0.156350,0.244476,0.287775,0.014105,-1.246304,-0.175965,0.621776,0.308469,0.562517,-1.467707,-0.676897,-0.437438,0.007842,0.358446,-0.089499,0.113881,0.970500,0.017216,0.034449,1.072468,-0.549768,-0.474661,0.713011,0.242268,0.920742,0.000345,-0.671313,-0.321098,-0.934530,1.131504
1714,2,-0.325309,0.010232,1.591732,-1.291944,0.372563,1.039067,0.867090,-1.752783,0.503256,-1.194935,-0.638934,0.278852,0.610346,-1.493971,-1.124146,-1.135430,-1.762921,0.705192,-1.869808,0.069913,0.229984,-0.174732,0.744268,0.226213,-0.000888,0.480904,-0.031790,0.361956,0.345744,-0.989623,1.726144,1.981063
1715,1,-0.221389,-1.840743,0.011099,0.588821,-0.444860,-1.467600,0.232671,0.005966,-0.352641,0.394327,-1.763061,0.927953,-2.398639,-0.105582,-0.453864,1.427983,-0.826394,1.077721,-0.769624,-0.965027,-0.227342,-1.546384,0.297086,-1.287021,1.247829,-1.197920,0.210477,0.391611,-0.165804,0.395275,0.347244,-0.839324
1716,3,-0.137842,0.284177,0.033387,1.989266,-0.355504,-0.299911,0.063875,-0.425744,0.258215,0.695625,-1.458837,-0.174831,0.424836,-0.131567,1.340251,-0.146326,-0.785557,2.488910,0.857272,-0.473963,0.411188,0.023269,0.284758,2.453709,0.509086,-0.637695,-0.779619,0.796196,-0.173148,0.840986,-1.072711,0.214465
1717,2,-1.826744,-1.230921,-0.722002,-1.326497,0.191539,-1.415378,-1.947428,-0.018553,1.578333,-1.260167,-0.958263,0.236168,-1.097656,-0.094111,-0.345921,0.975617,-1.305049,-0.802866,-0.009138,2.034804,-0.871756,1.785110,-2.085923,0.729999,-0.241583,0.576136,-0.621808,-0.382959,1.739925,-1.299800,-0.122532,-0.129830
1718,1,1.290727,1.117734,-0.361388,-1.448989,0.107435,-0.360193,0.802210,0.415566,1.298625,-0.432409,0.421906,-1.994719,0.139447,0.961534,2.219620,-1.867243,1.541454,0.167831,0.370467,-1.256960,0.022438,1.989713,-0.044168,-0.729734,-0.000383,0.149859,-1.184017,-0.410790,1.153468,2.340524,0.732985,-0.460906
1719,1,1.368934,1.032411,1.200468,0.955571,1.028171,0.880581,-0.115344,-0.806528,0.795065,-0.309038,0.716625,-0.444306,0.492918,-0.323341,-0.039991,0.328588,-0.325060,-0.624823,0.577750,-0.324599,-0.690209,0.753037,-0.142346,-1.096310,-0.831831,0.317961,0.041224,-1.375103,-1.200567,0.447933,-0.163044,0.119322
1720,1,0.679412,1.794958,1.373348,-0.166568,-1.037369,-0.262970,-0.352962,-0.224662,-0.634725,0.318770,-0.268537,-0.164875,-0.082493,-1.627355,-0.066134,-0.230734,-0.681950,2.268101,0.038412,1.497590,-0.897756,0.283877,0.309070,-0.031657,-0.375980,0.500927,-0.032772,0.182600,0.682983,1.423805,-0.838693,-0.841571
1721,0,0.526544,1.316635,-0.302059,0.773928,0.095386,0.684695,0.882642,-0.266978,0.316807,-1.066026,-1.077695,-0.955024,-0.457214,-0.763466,0.974216,0.392492,0.456241,0.628064,0.056134,-0.119506,-2.156443,-0.229862,1.870452,-0.625925,-0.124547,0.727423,0.450539,-0.271886,0.849863,0.740363,-0.814263,-0.399384
1722,1,-0.405746,0.729276,-1.587771,-0.461011,2.698047,2.235288,0.628639,-1.780428,1.712593,0.050041,1.401991,0.845428,-0.218324,0.964345,-0.830907,0.672423,0.764037,0.535465,-0.190867,-1.189075,0.881869,0.602190,-0.136330,-1.160912,0.370148,1.492201,0.874724,-0.931650,0.411804,0.032100,-1.916755,-0.093293
1723,2,0.149700,0.597398,0.540305,1.316468,2.901950,-0.464460,-1.009738,0.508836,-0.283909,0.650787,0.459295,-0.590503,0.882029,1.288871,0.993643,0.481660,-0.507975,0.411481,-0.007435,1.604796,-1.281840,1.284004,-0.846821,0.711191,1.788526,1.817659,-0.849671,0.356767,-0.757535,0.146090,0.267768,-0.419578
1724,3,0.290427,0.510229,-0.031792,-1.007149,0.919129,0.191214,1.627353,-1.013428,-0.673901,-0.576813,-2.300422,0.039691,-0.047366,1.390382,1.812112,1.213401,-0.214410,-0.752410,1.348944,-1.826087,-0.515338,-0.995850,0.211776,1.194504,-0.886768,-0.234215,-1.053719,0.867924,-1.493543,-0.844629,-0.087282,0.293554
1725,1,2.223479,-0.064792,0.352272,-0.087386,-1.244141,0.267620,1.023098,-1.542535,-0.693282,-0.755234,-0.618564,0.054751,2.035254,-0.359116,1.204180,1.123032,-1.820138,-1.800598,0.913051,-0.110128,-1.169924,-0.748727,1.250447,1.389706,1.291363,1.160913,0.379553,0.880912,-0.245621,0.555023,0.750005,-0.693448
1726,1,-0.788598,2.595721,-0.247607,-2.363107,1.526392,0.269839,0.153406,2.160526,1.123635,2.030123,0.613118,2.140353,-0.218613,0.862843,1.527338,-0.020452,1.763686,1.175424,-1.346485,-0.676471,0.157285,1.528423,-0.157043,-1.197781,-0.182378,-0.862702,-0.769480,-0.144235,1.314710,0.669309,-1.324136,-0.320663
1727,0,0.597859,-0.814498,-1.786214,-0.250704,0.283803,-0.125852,-0.183718,-0.116431,-2.223578,-0.751026,0.569926,1.100995,-1.121119,0.828929,1.050057,-0.389675,1.468299,-0.183280,0.102811,0.645102,-0.106768,-0.244309,0.481041,-0.553320,-1.068368,0.258205,-0.109686,-1.039623,-0.203400,-0.215543,0.445830,0.001793
1728,2,0.277948,1.016339,-1.037733,-1.379510,0.242812,-0.675110,-0.442111,0.109973,0.051895,1.073500,-0.239619,-1.287137,0.977957,0.053743,-2.901471,0.490880,0.425936,-0.995969,-0.270902,-0.929485,-0.521079,-1.040204,1.536773,1.034073,1.490856,0.723186,0.809150,-0.065947,-0.937475,-1.987455,-0.429006,-1.333224
1729,3,0.502048,-2.584370,0.917144,3.412294,0.950013,-0.307921,0.028038,0.568447,0.541243,1.165692,1.028498,0.351170,-0.157443,1.128280,0.039821,-0.395692,-0.314263,1.943697,0.148042,1.245996,-0.793341,0.728956,1.043677,2.742265,-0.897433,-0.325385,-1.855567,0.299001,-0.603185,-0.197696,2.440873,0.529388
1730,2,0.769338,-0.589149,1.140121,0.917605,-0.208858,-1.300835,-1.087880,-1.335757,-0.043925,-0.406025,-0.778913,0.841979,-2.764894,2.053497,0.664458,1.648575,0.251801,0.491188,1.060286,-0.263260,0.035919,0.404693,1.846322,1.446112,-0.856651,-1.322941,-0.376617,1.815386,-1.319647,0.157976,-0.170664,0.436769
1731,3,0.095995,1.612468,0.137953,1.571131,1.640718,-0.011173,-1.450500,-1.796435,1.326858,-0.722166,1.182097,-0.915416,-0.098610,-0.410342,0.805031,-0.674285,0.678520,-1.060368,0.736894,-1.397415,-0.831907,-1.199613,-0.758115,1.091323,-0.085618,-0.271917,-0.627476,-0.172941,-0.375327,1.765157,0.223546,-0.118323
1732,2,0.526071,-1.048840,1.362199,-0.392871,0.022419,1.371827,-2.226522,-0.487395,-1.234600,1.727808,0.010261,0.008349,-2.105403,1.735342,-1.366222,-1.128255,-1.915170,0.105088,-1.109014,-2.331171,0.311441,-0.977824,0.399535,-0.431283,0.906320,0.958992,-1.045556,-0.301855,-0.686182,-0.790078,0.403949,-1.326741
1733,2,1.779617,-2.209144,0.696650,1.353917,-0.081011,-0.429150,-0.759024,1.406422,0.724839,-0.752623,0.153367,-1.754488,1.148074,1.409854,0.633547,1.637871,-0.657025,1.999233,2.465380,-0.618038,-0.149481,0.739268,-1.123164,-1.161042,0.149730,0.041414,-0.372028,-0.136919,2.065171,0.853747,-1.379285,-0.803487
1734,0,1.262025,-0.653016,0.297355,0.065024,-0.129302,0.604819,-0.362849,0.716038,1.094905,-0.176808,-0.031946,1.173605,-0.609906,-0.378911,0.555794,0.261257,-1.126788,0.681687,-1.722890,1.106697,2.389084,-1.177180,-0.421599,0.229493,1.690587,1.395477,0.395098,0.599284,0.498719,2.058925,1.381095,1.410457
1735,2,0.101681,-0.259438,-0.035883,-0.684376,0.616657,-2.342139,0.055466,-0.581048,-1.195125,-2.557828,-1.580877,0.053824,1.489822,2.068233,-0.771124,-1.549767,1.437248,-0.974899,-0.078286,-0.383088,-1.076886,0.342007,0.159921,-0.283218,-0.044157,1.803076,-1.506453,1.161173,-0.914818,1.182082,-0.427485,-2.131963
1736,3,0.836789,-0.606931,-0.568531,0.439203,0.364102,0.944761,-0.812260,-1.105860,0.633265,-0.874940,0.176735,-0.139106,0.826260,0.796704,2.087520,0.388804,-0.871646,-0.581043,-2.782628,0.196991,0.002640,1.100120,0.010509,0.770340,-0.033713,0.145458,1.488497,-2.082718,-0.330456,-1.945263,1.009575,0.619840
1737,1,-1.139286,-0.362037,-0.947908,1.235534,0.066467,2.212686,-0.897309,0.204578,-0.777316,0.364199,0.119672,0.797109,1.043672,-0.232036,-1.163719,0.178500,0.373292,0.284696,0.047574,-1.115017,0.246609,-0.675806,0.637421,-0.009311,0.443223,-0.512416,2.430408,-0.058237,-0.563526,-0.242332,-1.306528,-0.927813
1738,2,0.085304,-1.179471,-0.041774,1.200901,1.234124,0.253568,-1.207924,-0.178237,-1.120068,-1.348384,0.458776,-0.263972,-0.691299,0.192652,0.460296,0.664567,3.699468,0.864827,0.400590,1.635693,-0.479614,0.368834,-0.290315,0.279638,-1.067882,0.390808,-0.545350,1.549265,-2.482614,-1.548040,0.882647,0.072856
1739,3,1.541180,0.434457,-1.324021,-0.092067,-1.522155,-0.051633,-0.048193,-0.201104,0.731757,-1.010839,-0.346585,-0.137353,-0.441010,-0.994911,-0.083210,0.311220,-0.444725,1.049803,-0.211901,-0.354277,0.146317,-0.334914,0.547332,1.648117,1.358090,0.175052,-1.481967,1.003273,-2.003926,1.737332,-2.287821,-0.471358
1740,1,-1.866487,1.020380,2.930053,0.247676,1.244707,1.343440,-0.364380,-0.096442,0.183204,0.150266,0.991426,0.587771,1.425050,1.140088,0.323841,0.086654,0.625601,-0.837752,-0.113350,1.183932,0.152320,0.978364,1.805327,0.233228,0.853025,-0.816947,1.085877,1.220254,-1.496860,1.970359,-1.305775,-1.094591
1741,3,-1.018148,0.019278,-0.556486,-1.133431,0.309900,-0.736248,1.080870,-0.883859,0.400352,1.271622,-1.804463,0.744931,-1.146665,-0.266123,2.266610,0.082237,-2.491972,-0.360780,-0.184735,-0.028903,1.183367,-0.458003,-0.600803,0.766329,-1.091473,0.721832,-1.321988,0.082898,1.337281,-1.291832,0.781587,-0.257934
1742,1,-1.403240,-0.395082,-0.592180,-0.515238,0.552000,-0.149211,1.446904,-0.492434,-0.454267,-1.581157,0.200933,1.316710,-1.109261,0.458163,0.591724,-0.744375,-2.209737,-0.265136,0.255688,-0.328592,-0.894831,-1.119811,-1.382613,1.355520,-0.009089,-1.525574,0.824127,-0.431981,-0.473718,0.236748,-0.080448,-0.170337
1743,3,0.644183,1.104452,-1.448099,0.094212,0.755948,0.684056,-0.638958,-0.540666,-1.679163,-1.247072,-0.033514,0.342861,0.466859,1.181449,-1.015832,-0.628520,-0.107948,-0.394110,-0.086059,-0.629710,-0.296674,-0.525836,-0.668599,0.382703,0.186611,1.355782,0.692917,0.494944,-0.447241,0.049983,0.151429,-0.852774
1744,3,1.591503,-0.665192,1.703142,-0.921344,0.121365,-1.060741,0.653539,1.577373,-1.554840,1.883626,1.228832,-0.157304,-0.771744,-1.111331,-0.598330,1.238834,-1.076417,-0.833232,0.947134,1.241165,-1.096025,-1.959573,0.831160,-1.830722,0.030374,-1.277556,0.428695,0.886207,1.053624,-0.119841,0.580518,0.011538
1745,0,1.218584,-1.898311,-0.119207,-1.626572,0.106746,-0.826608,1.029415,0.932234,0.116201,0.915880,-0.742399,-0.101155,1.084470,0.647128,-0.934847,1.053813,0.887229,-2.027606,0.460605,-1.187092,-0.361737,-0.619946,-0.848755,0.932700,-0.946225,-0.092995,0.852854,-0.638158,-0.589620,-0.360625,-1.473939,1.115646
1746,2,0.991243,-1.332697,-0.933255,-1.676498,1.023658,-0.194546,-0.001716,0.493151,-0.507378,-0.773464,0.233090,-0.122088,-0.575681,-0.855672,-1.021837,0.792213,1.316377,-0.046128,1.687511,1.156978,-0.406549,-1.446102,-1.424828,-0.460586,-0.511197,0.519817,1.386057,-0.881950,-0.300869,-1.157639,-0.727349,1.835704
1747,0,0.876569,0.521053,-0.757186,0.217496,-1.167184,0.168985,-0.028257,-1.238881,-0.530652,-0.348342,1.978563,0.139605,1.231013,1.040047,-0.153353,-0.985434,-0.706205,-1.261309,-0.876787,1.419200,0.370542,0.035730,1.022071,-0.903257,-0.822827,-0.157839,0.223835,0.962155,-0.118912,-1.089427,-0.621065,0.418540
1748,3,0.782039,0.216908,-0.272626,-0.638075,-0.083791,-0.119416,-0.240027,0.425761,-1.310038,1.162627,-0.709715,0.796341,0.318291,1.049240,-0.948534,-1.589617,0.129812,-0.972484,2.489749,-1.777215,-1.030120,-0.816307,0.335278,-0.306905,0.145022,-1.720608,-0.450633,0.852790,0.400949,1.723304,-0.006374,-1.251891
1749,2,-0.212993,-0.410934,0.964449,-0.042880,-1.353464,-1.580755,0.002247,-0.459254,-0.481778,0.009873,-0.377188,-0.870775,-0.207744,0.544981,1.171602,0.148769,-0.462718,0.420511,0.823830,-1.976813,0.132096,0.826749,-0.597034,-0.477233,-0.195684,-0.672517,0.250216,1.506522,-0.537051,-0.412961,0.131904,-0.263892
1750,0,2.496226,0.039147,-0.338606,-0.739707,1.144655,1.662703,-0.798285,-0.836885,-0.029326,0.958424,0.284921,-0.938155,0.053155,-0.362617,-1.222279,1.464740,0.596176,1.027913,-0.548102,1.621047,0.516675,0.347391,-0.575185,-0.104389,1.614354,-0.852165,0.799831,1.857701,-1.583725,-0.464910,-1.289999,0.139357
1751,1,-1.306976,0.303918,-0.536165,-1.269882,-0.018326,0.412196,-0.232541,0.466241,0.337227,-0.181269,-0.776755,2.202672,-0.278673,1.483561,1.571208,0.685539,-1.677661,0.005441,0.789691,-0.183718,1.184936,-1.591274,-0.506584,0.584094,-1.817602,0.221587,0.435082,1.217907,2.177697,-0.256457,-0.519472,-1.248067
1752,3,0.293938,-0.329872,-0.341992,-0.825254,-0.347968,0.003793,-0.397652,-1.910603,0.543811,-1.411559,0.443984,0.168286,-0.300128,-1.876249,1.656542,0.677057,-0.472010,-0.026684,-0.869899,-0.322155,-2.497010,-0.836485,-1.068493,0.576797,0.371085,0.330356,1.060449,0.075062,-0.967832,-2.004802,-1.483673,1.871616
1753,3,0.551882,1.451517,-0.244163,1.375362,0.358109,0.272804,1.235610,0.176371,-0.193177,1.335278,0.537705,0.851578,-0.946252,0.598068,-0.644221,-0.030506,-0.144769,-0.114047,-0.005052,-0.110579,-1.182804,-0.223162,0.306318,-0.700415,-0.159960,-1.921910,-0.327205,2.552989,1.551140,0.544671,0.389703,0.944634
1754,1,0.573377,-0.062771,1.095246,-0.896762,-0.829526,0.112480,-0.344211,0.075808,-1.389771,0.570685,-0.342847,0.439332,0.392117,0.250634,-0.604033,-0.431277,0.906150,-0.296846,1.043062,-0.202198,-0.015387,-0.116825,0.633969,-0.225607,-0.859169,-0.989121,0.137558,-0.254532,0.550865,1.256857,0.575015,1.271461
1755,3,0.337266,0.604621,0.158365,-0.344912,0.824135,0.427603,-1.413969,-1.600486,0.410326,1.684371,-1.883207,0.144890,-1.695201,-0.145797,-0.654986,-0.439046,-0.282519,1.000727,-0.121860,-0.792638,-0.255890,-0.852871,1.116594,-0.078147,-0.428356,0.399222,0.683001,0.298331,1.168981,-0.367513,1.281795,0.427385
1756,3,-0.164581,1.988516,0.800035,0.495843,0.194966,1.214287,-1.692223,1.149285,0.636809,-0.211481,-0.551035,0.005814,2.717238,-0.748565,1.751073,1.157788,0.615692,-1.102931,-0.013456,-2.263695,1.599277,0.118484,-1.075615,-0.281537,-1.918562,0.340307,-0.661299,-0.517909,0.671982,0.141076,0.314159,-0.729117
1757,2,0.796280,-1.257969,0.840212,-0.067729,0.073893,-0.898156,-0.049970,0.582364,0.714888,0.179989,-0.932354,-0.142922,1.399851,1.008697,0.549620,-1.066526,0.597187,0.545646,0.606776,-0.024643,-0.393911,-0.123821,-1.572890,0.017042,1.852037,-0.447799,0.182056,-0.009898,1.390475,1.406722,1.165356,1.154976
1758,0,-1.471541,-0.413328,-0.484932,-0.630634,0.191477,2.529271,0.631235,-1.864515,-0.063640,-1.478620,-0.534089,1.627267,-0.616570,1.070192,0.336213,0.147114,0.714138,0.235327,-0.304252,1.097395,1.491843,0.871042,-0.537201,-1.105260,-0.476829,0.313544,-0.371247,-0.387470,-0.215190,-0.563006,-0.333183,-1.766601
1759,1,-0.257114,2.399682,-0.748278,-0.061728,0.436476,-0.477978,1.099329,0.421552,0.398436,-1.700087,0.837833,-0.562260,-0.240282,0.027723,0.187441,-0.618386,0.749034,0.575723,-0.155154,-0.965341,-1.341114,1.770798,0.576886,0.745394,1.353355,0.174171,1.655596,-0.528042,0.903446,-0.347636,1.195105,0.085404
1760,2,-1.599850,0.969414,1.740791,-1.358805,0.106148,1.170238,0.268195,-0.602356,-0.226881,0.120650,-0.535289,0.331057,0.387563,0.509621,0.093505,0.673956,0.286143,-0.070287,0.257643,0.401608,-0.087377,-0.768022,0.623913,-1.798879,0.117324,0.279572,0.679016,0.348688,-0.046260,-0.062536,-0.321317,-0.036961
1761,2,0.132165,-0.347463,1.393585,0.977978,1.766500,3.659673,0.274563,0.451557,-0.673501,2.147930,-0.911487,0.744698,0.014745,1.194012,-1.044487,1.367646,0.700327,-0.919967,2.518243,0.555067,-1.083726,1.703790,0.115572,0.037388,-0.147297,0.043229,1.779880,0.208536,0.137861,-0.293204,-0.074413,1.557050
1762,3,1.511819,-0.456393,0.350337,0.564861,-0.326552,-0.489285,-0.105619,0.105979,-1.082116,0.860545,-0.214953,0.865063,1.761342,-2.399477,0.640336,0.869130,1.062889,0.030250,-1.927262,0.997706,0.217829,-0.336587,0.616576,-1.383374,-0.332020,-1.447457,0.010974,-0.098428,-0.749449,-1.244249,1.560809,0.029150
1763,2,0.135355,1.509666,0.047475,0.253155,1.377728,1.423516,2.779237,0.986428,-0.975138,0.148768,0.361167,-2.339468,-0.103626,-1.024807,1.589356,1.429093,-0.686578,-0.960063,-0.058212,-0.038617,-0.513790,0.764050,0.912923,-0.089436,-0.182997,-0.550841,-0.938621,0.777983,-1.760190,2.313800,0.282846,0.022135
1764,2,-0.485697,-2.082207,1.995481,2.474070,-0.591177,0.721760,-0.315069,0.104402,-0.292281,-0.352956,0.300219,0.077500,0.555255,0.613431,-0.083928,0.429448,-1.195246,0.324364,-0.742606,0.952932,0.231934,0.350078,0.084240,-0.349057,0.175224,-0.307618,-1.150188,0.288347,-0.756421,-1.313795,-0.839368,0.279588
1765,2,-1.178715,-0.101386,0.178767,-1.159589,1.441034,-0.596909,0.178404,0.447219,-0.200198,-0.089565,0.723174,0.360925,1.096113,0.664520,-0.919182,-1.301473,-0.470078,0.141917,1.346387,-1.690274,0.049123,0.402125,0.249635,0.041365,1.845104,0.393423,-1.073643,0.761885,0.484186,-0.096766,0.232577,0.156813
1766,3,-0.308043,1.645169,1.132329,0.361680,-0.656173,-0.024504,-0.971687,1.162759,0.308984,-0.420680,1.260692,-0.152006,0.674606,-0.534317,1.024528,-0.135531,0.514369,-1.830604,-0.238071,0.183425,0.692654,-2.351095,1.358409,0.472332,2.739280,0.951635,0.612567,0.337122,-1.026981,-0.407559,0.404242,0.554545
1767,3,1.816300,-0.066776,-1.734036,0.518775,-0.780037,1.008855,0.047082,-3.087174,1.292384,-1.846997,0.752963,-1.428287,-0.716453,2.857462,-0.046337,2.852476,-1.445278,-0.763459,-0.165853,0.128018,-0.863836,-0.256839,-0.608823,0.302583,-0.767436,-0.238052,-0.620283,-0.040884,-0.541907,-0.271491,1.019290,-0.086819
1768,3,0.349184,0.155961,-0.425231,2.386447,-0.182541,-0.666430,-1.133013,0.257508,0.446012,-1.887441,-0.263631,-0.372219,-1.401443,1.343431,1.269991,0.534994,0.304796,-0.744543,-0.275485,-0.924053,1.059055,-0.379707,0.146679,-0.124864,-0.458896,-0.695851,-1.082400,-0.522041,-0.055430,-0.623275,1.247516,-0.054018
1769,2,0.688279,-1.054432,0.636250,0.149874,-1.466733,0.025221,-1.164000,-1.692957,-2.164598,1.816696,0.945562,0.634142,-0.559082,-0.049970,0.017162,0.609266,-1.492072,1.046894,-0.822600,0.545907,-0.501747,1.132593,-1.012097,0.403747,0.595079,-0.138534,-0.707949,1.101851,1.060328,1.037434,-3.071703,0.625751
1770,0,1.248276,-0.064455,0.930757,0.227219,0.486984,-1.726952,-1.189886,-1.414858,0.213454,0.257076,0.971804,-1.302148,0.354445,-0.603834,0.406680,0.689457,-0.617964,0.148881,-0.561730,-0.473940,-0.529243,-0.348478,-0.559172,-1.816879,-0.969299,1.293345,-1.289847,-0.959965,0.248143,-0.697412,-1.682294,-1.283838
1771,2,-0.060913,1.109304,2.158258,-1.568369,-0.027755,2.936409,2.342159,0.088737,-0.899047,0.452890,-0.587076,-1.418269,-0.279559,1.491914,-0.122474,0.106599,-0.899662,1.440482,0.016414,1.486645,-0.381644,-1.792802,0.406985,1.032481,0.627669,-0.079804,-0.417710,-1.493450,-0.692533,-1.626545,-0.214176,1.046867
1772,3,-0.243843,-0.015682,-1.115742,0.979651,-0.629623,1.233625,-0.030943,0.696540,-1.398518,-0.464602,-0.382914,0.976424,0.056114,0.944231,-0.160237,0.500802,-0.512093,0.193018,2.544581,0.518856,1.506563,-1.433081,-1.213653,0.419956,0.136712,-0.312516,0.902184,-1.603135,-1.599771,-1.506498,0.919145,-1.640034
1773,2,-0.461437,-0.848730,-1.029637,-0.721433,-0.462060,0.557891,2.698564,0.274195,0.698674,0.691347,-0.901729,-0.145794,-1.713528,1.455741,0.026241,0.277217,1.469096,0.802729,1.500693,0.997096,-0.455611,-0.195141,1.559242,-0.007445,1.099498,1.602771,-1.235974,-0.371178,0.544332,-1.637802,-1.772454,2.315742
1774,3,0.235634,0.155576,-1.033071,1.447152,1.299549,-0.724821,-1.578775,-0.829763,0.059586,0.056864,-0.042628,1.392675,1.880820,-0.733196,-0.275465,1.071755,2.011097,0.371985,-0.205350,-0.767919,-2.122982,1.316141,0.507256,-0.339500,-0.245568,1.368052,-0.612419,-1.178377,-0.460873,0.415381,0.616920,-1.949870
1775,3,0.352117,0.287270,-0.627064,2.268603,-0.436252,0.565189,-1.388314,1.663470,-1.012102,0.761789,1.944019,-2.327708,1.525575,-2.302340,-0.864125,0.600734,-0.889558,-0.655635,0.214181,0.809085,-0.573316,0.555458,-2.608624,-0.918390,-1.226301,-1.154723,0.320649,0.037069,-0.012049,-1.797950,-0.879649,0.020952
1776,3,-0.264982,0.915530,-0.630039,0.706806,-0.192489,0.795872,0.720693,0.189545,0.253792,-0.512209,1.389787,-1.037247,2.301631,-0.694781,-2.244173,-0.317420,-0.390229,0.892668,-0.197765,-1.524268,-0.354500,0.505474,-0.074343,0.786161,-0.128004,0.385499,-0.689065,1.157595,1.655997,0.363720,1.059668,-1.087694
1777,1,0.459813,2.774943,-1.797677,-0.997081,-0.303846,0.920246,0.374157,-2.018344,0.472756,1.872555,0.044880,-0.176276,-0.142037,-0.990766,-0.439154,-0.461167,-1.695834,0.522493,-1.589155,1.861478,0.453344,0.011511,0.763916,-0.703524,-0.543676,-0.828855,0.086402,0.054534,0.660270,0.513956,0.835850,-1.343059
1778,3,0.352818,-1.111374,-1.209058,0.801105,1.205396,1.901371,-0.240367,-1.116685,0.835085,-0.205661,-0.580440,-0.674725,0.553053,1.206317,-2.118054,-0.571030,-1.046840,-1.242145,0.174157,0.319268,0.557505,1.035175,0.794661,-0.222708,-0.270781,-1.060150,-0.942522,0.657224,-1.571111,0.013264,0.329399,0.355310
1779,3,-0.213939,-1.683237,-0.725905,1.950054,1.825782,-0.240628,0.137572,0.672997,-0.030053,0.169498,-0.345975,-1.089245,-0.007827,-0.531048,1.107697,-0.848783,-0.503771,0.146467,-0.602547,0.487488,-0.694228,-0.529621,0.720919,1.174914,0.787735,2.506316,0.061685,0.133514,0.691317,1.595745,-0.907048,0.458126
1780,1,-1.239873,0.802130,-1.379138,2.265323,0.603215,0.101601,-0.704612,-0.397342,-0.277137,0.553081,2.009823,0.436888,1.918203,1.326492,0.373959,1.032664,-0.084585,-0.264190,2.887848,-0.934592,-1.431337,0.730429,0.431298,1.351602,0.434967,-0.378300,-0.204150,-0.366326,0.142006,-1.187884,0.945882,-0.317713
1781,2,-0.210819,0.504532,1.454124,0.634387,-0.890306,0.380777,-0.339631,-1.934234,0.997796,0.860238,1.167310,0.232495,-1.278772,0.989586,-0.836935,-0.199013,0.398022,-0.621432,-1.365041,0.388830,0.165622,1.258554,-0.620635,-0.716090,1.299765,-0.984784,1.305155,-2.207372,-1.296435,0.696633,-1.420567,0.135252
1782,2,0.017966,-0.485093,-0.999938,0.932437,-1.689307,-1.114534,0.457253,0.715142,1.322638,1.728297,0.562437,-0.589617,-0.464753,0.402946,1.869368,-0.461568,-1.412451,-1.330930,0.368739,0.881609,0.390806,0.624443,-0.568818,-0.458379,1.454951,-0.851166,0.519075,-0.069106,0.658742,-0.389480,0.720302,0.668241
1783,0,-0.339544,0.414381,0.208328,0.887106,0.513577,-0.112608,-1.149117,1.332872,-2.577681,0.720729,-0.242316,0.801774,0.367148,-0.201222,0.964871,1.977263,-2.008664,-0.691801,0.803584,1.156144,-0.554159,-0.387581,-0.491076,-1.016095,3.476990,0.830106,1.817564,-0.512058,-1.321571,-0.075866,1.160496,0.484807
1784,0,0.659578,1.953938,-0.801376,0.403647,-0.400657,0.784384,0.393529,1.699508,0.033233,0.411578,-0.251394,0.448477,0.174751,0.699624,-1.646594,1.897796,-0.556091,0.348598,0.411093,0.373360,1.306152,1.322990,0.638206,-2.364438,-0.056994,-0.950078,0.327269,0.424321,-1.353227,0.108001,-1.323023,-0.473187
1785,1,0.038512,0.223631,0.473185,0.435567,0.085037,-0.731866,1.195441,0.782279,1.262544,0.695849,-0.032665,-0.640534,0.034271,0.023631,-0.707490,-0.699555,-0.321742,-0.168347,0.320755,-0.154256,0.697653,1.181975,0.238754,0.851183,-1.573237,1.485951,-1.811704,0.108177,0.920935,0.070205,0.352869,-0.819284
1786,2,1.349210,1.238912,2.154176,0.366136,0.643646,-0.448744,0.344176,0.226170,1.603600,-0.167983,-0.795493,-1.709615,-0.259591,0.594861,1.039106,-1.045614,0.067283,-0.354009,-0.218360,0.334894,0.552655,0.707221,1.225374,-0.280947,-0.457119,-0.151844,-0.578308,0.640115,1.405106,1.163701,-0.153890,1.718290
1787,1,-1.053648,-0.698400,0.938206,0.994784,0.406771,0.514773,1.423282,-1.862311,0.174991,-0.396706,-0.238700,0.305318,-0.282288,-0.432554,0.753975,0.519688,-0.218861,-0.247470,-0.096149,0.908900,-0.006376,-0.574260,-1.729676,-2.016746,1.215010,0.335930,1.854247,0.319989,0.438116,-0.274268,0.834976,1.515027
1788,3,0.680242,-0.265782,-1.009047,2.273012,-0.831062,0.625162,-0.135775,-0.571713,-1.187073,-1.588049,0.995786,1.031496,0.328498,0.004795,0.123781,-0.664266,1.557691,-1.206099,-0.301994,0.366685,-0.108356,-0.469493,-0.612192,-0.968320,-0.854338,0.561479,0.143534,2.177018,-0.953629,-0.550728,0.351311,-1.089427
1789,2,-0.593398,0.598631,2.868013,-1.844034,-0.408823,0.805413,1.224349,-0.784192,2.057135,-0.560737,1.215936,0.319392,0.009778,0.926173,0.938014,-0.469952,-0.926400,-0.033960,0.718469,0.090955,-1.763535,-0.161996,-0.619909,0.938473,-0.887796,0.123821,-3.984102,0.717246,0.541282,-0.313666,1.203180,-1.132886
1790,0,-0.582766,1.275825,-0.355947,-0.861920,1.785737,-1.639600,-0.056852,-1.413901,-0.562933,-1.955988,-0.516231,0.795970,0.241192,0.875880,0.590232,-1.039493,-0.165908,0.613354,-0.855699,0.084758,-1.641753,-1.477811,-0.991491,-0.125233,0.347861,-0.270179,0.629052,-0.545476,-0.530736,-1.803546,-2.541623,-0.127333
1791,3,0.182696,0.131200,0.586055,1.490172,-0.312734,0.968695,-0.068142,-1.118743,-0.157076,-0.911661,-0.138466,-0.274417,1.696103,-0.368842,1.794038,-0.708244,-1.757740,-0.052970,0.396858,0.039763,0.849103,0.858376,-0.812391,0.584873,0.124479,-1.734434,-0.534358,0.292387,0.050684,-0.786130,-2.173142,1.027221
1792,1,0.871286,-0.458662,0.753328,0.125164,0.363693,0.191357,0.563111,0.563929,1.778088,1.298540,-0.642376,-0.406735,0.191099,0.145249,-1.124278,-0.899449,-1.688753,0.667781,1.319029,0.281152,0.839976,-0.544427,-0.229723,0.987114,-1.084260,-0.267630,-0.898566,-0.443070,1.013303,0.799661,-1.466772,-0.117382
1793,0,1.866356,0.348295,-0.517632,-0.344309,0.846513,-0.762493,1.382034,0.135435,-0.001524,0.384003,-2.609974,-1.123979,0.090260,0.781457,1.800954,-0.197339,-2.911966,-0.627778,-3.069568,0.384424,-1.368971,0.765296,-1.033176,-2.058484,-0.792858,-1.147400,-0.796465,-0.785406,-1.912928,0.080085,-1.381806,0.015741
1794,2,2.423209,0.129052,0.346559,0.349426,-0.150704,0.943332,0.652301,-1.620838,0.041550,0.011957,-0.413175,-0.061551,1.715211,1.317942,0.254648,-1.350275,-1.246563,-1.234305,1.354189,0.474863,-0.458218,0.483418,-0.600194,-0.863958,1.216790,0.440533,0.113321,1.304586,0.285851,-2.097180,0.850308,-0.265871
1795,1,0.392062,0.154376,0.391895,-0.302667,-0.865001,-1.281537,1.897132,-0.771666,-1.100809,-0.437411,-1.327856,0.846296,-1.324552,1.060620,0.418030,0.599271,0.178413,-0.295966,0.564071,-0.579195,0.967521,-1.456470,0.831356,0.252856,0.749809,-0.183818,-0.024173,0.106428,-0.114228,0.904848,0.964139,0.994344
1796,0,1.089173,0.311635,0.287599,0.614570,1.274243,-1.688633,-0.226494,-1.249982,-0.504696,0.390024,-0.339656,-0.399092,-0.103905,0.893558,-1.692954,1.511865,0.007611,-1.109687,-1.053439,-1.017533,-0.221747,0.319185,0.196756,0.421523,1.552891,0.234602,2.455457,1.416441,-0.858147,-1.495017,-2.561066,-0.396175
1797,2,0.688173,0.493266,0.237784,1.121838,-0.662493,-1.520645,-1.189117,0.092379,-0.353621,0.577170,-0.288671,0.266959,-0.840280,0.694322,0.395482,-0.055414,0.085186,-1.332098,-0.101729,-0.407924,-0.211368,0.469813,1.466692,0.031428,1.244769,0.396766,0.304479,1.486310,0.060216,0.835386,0.377191,-1.555162
1798,2,-1.874121,1.467683,0.325328,-0.474187,-0.669711,0.481676,-1.816010,-0.053886,1.345371,1.091365,-1.280007,0.351230,-0.135954,-1.429757,2.243088,-0.782103,1.088651,0.603405,-0.927485,-0.071771,-0.310188,-0.649497,-0.840090,0.475725,0.591976,-0.767936,1.178960,1.018311,-0.910943,-2.013092,-0.587413,1.119750
1799,3,-0.436020,-2.270479,0.325147,0.381595,-1.695332,0.027471,-1.819054,0.899180,0.376432,-1.658785,1.213129,-1.349646,-1.901755,0.716961,2.347616,-1.058561,0.201651,-1.102320,1.223346,-0.025078,0.487110,-0.225879,0.614736,-0.919875,0.215153,-0.224291,-0.564870,1.498014,0.228611,0.176373,0.679183,0.654125
1800,0,0.205951,-0.378348,0.430701,-0.378564,-1.915594,0.678040,2.169253,-2.617980,-1.438666,-0.139023,1.357990,1.404117,1.753639,0.165257,0.363616,-1.360885,1.310708,0.889740,-0.125017,0.700053,0.617294,-0.933916,0.806545,-1.093805,-1.061274,-0.473619,-2.031785,0.135738,0.387501,1.422407,-2.082122,-0.012167
1801,3,-1.030161,0.432358,1.429070,1.324965,-0.505783,-0.466439,-0.074974,-1.694938,-0.704268,0.102318,0.238300,0.209781,-1.176975,0.030203,-0.360571,0.880823,1.027820,-0.552365,-1.412151,-1.725119,-1.575316,-1.320557,-0.148258,0.621782,0.533733,0.180806,0.801450,0.421050,0.990970,0.960512,0.877573,0.369926
1802,3,0.808985,1.095668,0.602108,0.008832,0.314911,-0.631399,-0.056760,0.003123,-0.121934,-0.503879,-2.239852,-0.605383,2.251733,1.514746,0.607502,-1.671377,-1.309219,-0.101775,-0.113016,0.474407,-2.189907,1.073640,-0.609919,-1.376825,0.901977,0.586319,-0.827250,-0.024006,-0.962934,-0.187082,-0.354480,0.390048
1803,2,-0.423039,-1.106906,1.034476,1.019353,-0.642292,0.871001,-0.597214,-0.808436,0.562996,0.385259,0.600508,-0.752241,-0.083613,-0.839142,1.101234,-0.932611,-0.366823,-1.000217,0.253359,0.355501,2.276274,-1.573596,-0.264324,1.737452,0.475472,0.528785,0.591883,1.242462,-1.247657,-0.591691,-0.416501,1.069215
1804,1,0.433282,-0.463890,-0.724555,0.341022,0.580202,-1.309497,0.182065,-0.355029,0.332474,2.185159,-2.018275,-0.305048,-1.443273,-0.811135,1.425266,0.064143,-1.135208,-0.795347,1.177373,0.931304,0.641086,-1.005127,-0.910239,0.115908,0.527556,-0.542565,-0.598121,-0.955722,-0.444300,-1.512886,-0.483627,0.214735
1805,3,-0.047154,-1.267609,-1.777845,0.962061,-0.589836,-0.019422,0.393174,1.633992,-0.543334,-1.524069,0.122884,-1.033336,0.620376,0.053951,0.520005,-0.626952,1.516040,0.954198,1.203704,-0.064226,0.573242,1.008506,0.104266,0.139207,0.321899,-0.071651,1.333381,-0.095902,0.517871,0.499813,-0.787503,0.244911
1806,1,1.529288,-0.144340,0.202885,0.324042,0.257282,-1.811952,-0.665578,-1.986705,-0.512149,0.958847,-0.231005,0.317494,1.034963,-0.441034,1.993435,-0.372959,0.873352,-0.582422,1.812704,0.577822,1.158738,-0.563827,0.045399,-0.035402,-0.056634,1.169439,1.167532,0.269253,1.086016,0.536648,-0.745212,-2.249287
1807,1,2.697958,0.356331,-0.681772,-0.143653,-1.212666,-0.347834,-1.459503,0.999203,-0.879723,-1.106165,-0.157683,-0.059033,0.413704,0.234180,-0.792672,0.679411,0.132847,-2.130260,0.923261,0.690610,0.486189,0.895870,0.088323,-0.514580,-0.578130,-0.536437,0.529490,-0.086729,0.368475,-1.091775,0.406783,0.172831
1808,1,0.043222,0.495586,0.534162,-0.274890,2.492665,-1.574250,-1.145588,0.588868,-0.327627,0.165951,-0.936144,-0.950203,1.863417,0.288207,0.509940,0.055813,-1.663260,0.518529,-1.735505,-2.441702,0.128019,-1.427090,-1.644405,-1.201812,0.894987,-0.301126,-1.165013,1.388217,-1.102277,0.012526,0.105436,1.064524
1809,3,-0.701473,-1.100878,1.105307,1.695793,-0.874862,0.080828,-2.356586,-1.526442,0.649281,0.483059,1.920351,-0.377315,-2.812762,-0.046520,-0.255029,0.486574,0.955863,-0.677109,-1.408816,-0.473180,1.738487,-0.099875,1.905439,-0.436404,-0.422748,-0.721156,-1.462616,0.365632,0.161831,1.359173,1.077963,0.033862
1810,2,-0.343521,1.253028,-1.377850,0.488796,1.484089,-2.047631,-0.721022,-0.662008,-0.158169,0.233735,0.654271,-0.531586,-0.466882,-1.570325,-0.042132,0.843177,-0.411947,-1.321822,0.168312,0.879171,0.696384,0.251442,-0.599263,-0.677665,-0.193244,0.658048,-1.141964,0.788065,1.009360,1.652110,-0.248227,-0.935416
1811,3,0.265159,0.764825,-0.787230,-2.094996,-0.586905,-0.234243,-0.153432,0.164165,0.894663,-0.540554,0.185006,0.433365,-1.888740,-0.298085,-0.924880,-0.497453,-1.205020,-0.183165,0.319367,-0.860969,0.436782,-0.524897,-1.136923,-1.843552,0.939035,0.457413,1.702810,-1.082031,1.313150,-0.353532,-0.106316,-1.195359
1812,1,-1.591819,0.279952,0.610448,-1.958366,1.194311,0.502616,0.636481,-0.248052,1.572787,0.178944,0.057148,-0.057386,0.460451,1.681785,-0.994343,-0.744673,1.106655,-0.217010,1.440816,0.432644,1.820539,-0.585125,-0.638664,0.230056,0.074879,0.458526,-0.905481,0.149281,-0.281807,0.196190,0.804513,-0.864368
1813,2,-2.079710,-0.424476,0.529327,1.322156,-0.928983,1.868757,-0.253163,1.620534,0.078943,-0.667282,-0.003052,0.160097,-0.744168,-0.668556,1.642400,-1.384622,-1.856109,1.467341,0.637754,-0.861415,0.604977,-2.182341,-1.398716,-0.620382,1.598151,-0.267502,-0.048439,0.504189,-1.326243,-0.438556,-0.503464,1.643086
1814,1,-0.360576,2.444567,1.258523,0.039488,-0.882419,-1.081567,-0.183088,0.350711,1.010619,-0.445616,0.441324,0.873856,0.809241,-2.372384,-0.456483,0.818137,-0.292148,1.153181,-0.256713,0.136087,1.328421,-0.457873,-0.757382,2.545136,0.944427,0.270113,0.552929,-0.454850,2.529130,-0.669883,0.388405,0.159456
1815,0,0.454223,1.321550,-1.087582,-0.126227,-1.687385,0.298584,-0.280228,1.208903,-0.566878,0.513217,1.625681,-0.050863,-0.243039,1.112919,1.191087,-0.705979,-0.290443,1.475159,1.525225,0.799694,1.319449,-1.195961,-0.971361,-1.300314,1.450159,0.506196,-0.281749,1.097654,-0.993648,-0.235786,0.673674,-0.773390
1816,1,0.083226,-1.217408,1.980016,0.798015,-0.297475,0.903647,-1.061296,0.770129,-0.687106,-0.369450,1.341750,-0.381190,-0.135648,1.903367,0.663933,0.800096,-1.890923,-0.535005,-0.050095,-0.458608,0.031946,1.853467,-1.611557,1.216102,0.945451,0.703808,-0.998719,2.060675,0.646720,-1.243145,0.065085,0.745255
1817,1,0.539099,-0.503644,-0.651964,-0.897123,-1.033306,-0.702990,0.320377,1.128436,-0.309885,-0.482355,-1.317866,-0.978175,0.851521,-0.907308,0.751323,0.629693,-0.981698,0.792898,-1.693575,-1.416209,0.672389,0.199799,1.142604,-0.035654,0.407658,0.772436,0.320196,-0.951958,0.278211,1.415600,0.681245,2.406174
1818,3,-2.136542,1.373317,-0.585538,-0.922844,-2.286890,0.354986,0.299624,-1.204969,-0.645907,0.259915,-0.334401,-1.810268,-0.830793,0.375996,-0.257072,0.257193,-1.428998,-0.464874,-1.197467,-0.370920,-0.644732,-0.448851,1.274245,-1.094126,0.481697,-0.207931,-1.211628,-1.596378,-0.240091,-1.179301,-2.596395,0.389492
1819,1,-1.334471,0.627875,-1.873134,-2.035688,0.899416,-0.280032,-0.170105,0.006078,-0.776984,0.232924,-1.661443,-0.698175,-0.147927,1.104818,-0.852071,-0.361130,0.791593,0.666748,1.268668,0.232257,-0.333525,-0.241455,0.228875,-1.452076,0.532574,0.350503,0.222581,-0.904060,-0.038689,-0.756225,0.146050,-0.427220
1820,3,0.745466,-0.586620,-0.176402,-0.489775,-1.126693,0.363874,0.624836,-0.558878,-0.860619,-0.020234,0.651676,-0.909648,0.325359,-0.882800,-0.397732,-0.279401,0.162853,0.427324,0.619200,-1.899329,-0.202201,1.035825,0.755550,1.202621,-0.328193,-0.697946,0.033294,-1.098946,-0.978669,-1.067248,0.008864,1.398843
1821,3,0.823684,0.178673,0.467303,0.110758,-0.308281,-0.325006,0.018861,1.325112,0.678893,1.871499,-0.344470,-0.583010,0.483049,0.454685,0.648370,0.855607,-0.490591,-0.893849,0.298819,-0.220336,1.430749,-0.396147,-0.586998,-1.682257,0.262184,0.690486,0.646676,-0.880397,-0.398281,0.800908,-0.202926,-0.635675
1822,0,2.139635,-0.824410,0.018532,0.961235,0.416529,0.690668,0.751341,-0.251574,0.112127,0.481188,-0.352184,0.397107,-1.955693,-0.365131,-0.285862,-0.237637,-1.649031,-0.996469,0.619077,0.047265,0.661440,0.946550,-1.415153,0.604018,-0.198152,1.379648,-1.623722,-0.199057,2.033643,-0.399630,0.001049,-2.844263
1823,2,1.463520,-0.147861,0.897664,-0.163382,0.329957,-0.345299,1.139787,0.241977,1.390030,1.711004,1.733012,1.094349,-0.974454,-0.872005,-0.434147,1.625887,0.406083,0.123036,2.906589,-0.164355,0.353725,-0.798889,-1.877738,-0.872047,-0.922806,-0.979071,1.043449,1.794958,1.634814,-0.825746,1.288090,0.784850
1824,2,0.685795,-1.241903,0.406493,0.295846,-1.979770,-0.678582,-1.420164,1.543793,0.908255,2.770033,-0.860303,0.947883,0.624471,0.312834,-1.326198,0.277865,1.208269,0.428980,-0.206249,0.354166,-0.543348,1.157648,0.227239,0.070168,-0.362466,-0.521771,1.582545,0.195227,-1.404513,-0.173028,1.926403,-0.878140
1825,3,-1.546598,0.007440,-1.352155,1.917039,1.086306,1.984625,0.861416,-1.114808,-0.392875,0.979134,0.725928,0.265608,0.351175,0.990439,1.353547,-0.365159,-0.515475,0.523613,-0.297274,0.430035,-0.835080,-1.301301,0.125869,-0.646958,1.801593,1.351557,0.194797,0.722406,0.681046,-0.446121,0.701136,1.060652
1826,3,-1.456378,-0.015004,-1.793936,0.444658,-0.179450,0.449706,-0.428775,-0.336972,1.076888,1.153013,-0.106814,0.093824,-0.106187,-0.731824,-0.086494,-0.206011,0.325862,0.525312,1.073777,-0.776281,-0.175103,0.103174,-0.585358,0.341999,0.656801,-0.660887,-0.733783,-2.440839,0.044198,1.044088,-2.293326,1.954167
1827,1,-0.455068,0.572612,0.357607,-0.027244,-0.578700,0.491084,-0.273736,-0.090345,-0.008521,-1.241424,0.245123,-0.142043,0.088066,0.634199,0.660500,-0.114427,0.035817,-1.346762,0.239312,-0.378561,-1.492257,1.421904,-1.539406,1.472053,-1.620080,1.825012,-1.071846,1.077065,0.847049,-0.079692,1.684990,-1.487498
1828,2,1.040214,1.572226,0.551932,0.445061,-0.905893,1.271895,-0.060575,0.073319,0.074554,-0.471913,-0.193595,2.408154,-1.119619,0.772436,0.121807,-1.557736,1.686556,-0.635600,2.061004,-0.015842,-1.802076,-0.763291,-0.051398,-0.474158,-0.073478,1.618996,1.338255,0.640964,1.520680,0.829688,-0.441719,-0.343630
1829,1,0.559825,0.840068,0.660900,-0.946358,-0.132708,1.514372,1.292008,-0.965670,-0.634404,-1.536699,0.059356,-0.619646,-0.641212,0.600015,-2.035486,-2.343910,-1.136444,-0.276957,0.456510,0.546669,-0.493123,0.641423,0.391321,-0.514011,-0.263780,0.879152,1.793901,-0.812122,-0.799799,0.371090,-1.964048,0.776035
1830,2,-1.183559,1.032503,1.341497,-0.152551,0.754916,0.743673,-0.292365,-0.648427,2.437495,0.748509,0.935706,0.261059,-1.375389,-0.041354,0.350487,0.183555,0.457335,0.816399,-0.347724,-1.544803,-1.201672,0.891775,-0.784181,0.854564,-0.481142,1.200587,-0.149538,-0.658097,-1.977058,0.299275,0.502382,0.788592
1831,2,-0.166346,1.438671,-0.330773,0.664153,0.420462,0.379995,1.133952,-1.165366,-1.388349,-0.138481,-1.669602,0.636135,0.281761,0.613904,0.032855,-0.328077,-0.329060,0.693187,-0.274472,1.802671,0.966676,0.214972,0.202244,0.123037,-0.423295,2.115284,-0.700694,-1.887558,-0.950035,2.184515,0.015368,-0.717841
1832,2,-0.297870,-0.883622,0.443764,0.516111,-1.302016,0.272029,-0.059014,0.133731,1.632023,1.230912,-0.376657,-2.385961,-0.339886,-0.626734,-0.767924,-0.573101,-0.516454,-1.031700,-0.947468,-1.397504,-0.258666,1.743969,0.544304,1.884904,-0.386887,-0.616600,0.692542,0.898074,0.197750,0.809916,-1.566847,1.166927
1833,1,0.330010,1.993884,0.308364,-0.093478,0.635052,0.427419,-0.326437,-0.174787,0.143205,0.096883,-0.232914,1.048203,0.526160,-0.351684,-1.948500,0.199185,1.471460,0.186709,1.842286,0.619520,-1.805243,0.083568,0.782190,1.548610,-0.662166,-0.298397,-0.190295,-0.677296,-0.178069,0.170542,-0.341193,-0.074427
1834,1,-0.850240,1.831449,-0.836464,-1.706583,-0.001852,-0.142536,2.465408,-1.518363,0.100328,1.518886,0.627270,0.976107,-0.454122,-0.002654,0.648314,0.657874,0.412493,0.649234,0.026167,-0.377201,-0.233884,-1.424689,0.880115,0.689818,1.107004,0.587020,0.315092,0.389278,0.530896,-0.461500,0.766430,-1.501886
1835,1,1.443781,1.012830,-1.554485,-0.570295,0.364524,-0.697609,1.476582,0.451746,1.137962,-1.163670,-0.303109,-0.679912,-0.212666,-1.780880,-1.794604,0.302543,-0.051672,-0.179864,0.521133,0.814648,0.858366,-0.025163,-0.956897,-0.084748,0.910412,0.022931,0.990847,-0.367646,0.028128,-2.174541,1.156027,-0.076720
1836,3,0.860862,-1.408203,-0.210236,-0.516973,-0.247055,0.250817,-1.352679,-0.379242,1.531071,0.772760,1.053560,-1.759576,0.255535,0.484971,-1.118189,-0.537777,-0.519724,-0.524689,0.026985,-1.318155,0.008142,0.473457,0.318333,0.402640,0.936546,0.088821,1.966414,2.019647,-0.738443,-0.563847,-0.752972,-0.147034
1837,2,-1.655109,0.585568,1.882627,0.221328,1.843335,0.463525,-1.607696,0.031360,1.034817,0.652195,0.454128,1.949497,0.864644,1.266842,-0.919010,0.766217,-0.895183,0.208842,0.898726,0.867088,-0.636542,-0.064290,-0.083601,-1.425949,-1.983127,-1.173037,1.729721,0.101327,-0.026710,1.628310,-0.864226,0.626582
1838,3,-0.157401,-0.461383,-0.363740,1.091556,0.230913,-0.404287,-0.538489,-0.530395,1.825081,-0.053370,-0.987049,-0.178326,-0.281707,0.639798,0.610847,0.500943,-0.776250,0.293826,-0.919275,-0.370718,0.233184,2.341012,0.381547,-0.266562,0.071240,-0.362798,0.801549,-0.076794,-1.041160,0.435224,-1.733546,0.783475
1839,0,0.438428,1.782275,-0.067757,0.217173,-0.906317,-1.718062,0.253961,2.134698,-1.403591,-1.257150,-2.968618,1.126347,0.236017,-0.281069,1.138212,-0.071601,-0.851717,-1.408796,-0.287454,-0.413756,-1.453416,0.596354,-0.752447,0.776725,-0.929025,0.635445,0.730308,-0.734269,-1.969385,-0.883978,0.754855,-0.870943
1840,0,-0.111700,-0.202140,-0.727303,1.196352,-0.047971,-1.225220,1.114568,-1.805025,-0.264235,1.109104,-0.623968,-0.291267,-1.638221,0.751958,0.168298,0.390886,1.139255,-0.337171,-1.187028,-0.449694,2.109694,1.109387,-1.656589,-0.687229,0.720930,1.129647,2.145338,-0.240380,0.098100,0.154936,0.261865,0.952271
1841,1,-1.535771,0.854110,-0.152625,1.368561,-0.987413,-0.434559,-0.563759,-2.627893,1.491339,-0.185959,1.575702,0.702376,0.100836,-1.527800,1.515761,0.221409,-1.267898,0.034423,-0.208151,0.777959,-1.639696,0.042235,-0.146321,-0.702704,-0.736366,1.127781,-0.027640,0.951229,-0.669176,0.053173,0.761733,0.148157
1842,0,1.886909,0.329291,0.893148,0.434419,0.649973,-1.668023,0.363366,-1.311935,1.624738,0.825523,0.733997,0.356635,-0.959203,0.113032,-0.430101,0.109498,-0.399602,-1.872961,0.169081,-0.190975,0.150292,0.252190,0.099679,-0.604533,-0.861718,0.821689,-1.208575,2.355049,0.660164,-0.854213,0.886351,0.162309
1843,0,1.062100,-0.244042,1.961219,-1.860813,-0.207829,-1.489012,0.358899,-2.177430,-0.279867,-0.488693,-1.691917,-0.424926,-0.834610,0.448849,-0.623076,-1.024047,0.034438,1.140891,-0.324089,-0.619011,1.422767,-1.557691,-0.982312,0.345334,0.888621,2.032717,-0.512331,-0.591866,-1.013768,0.333712,-0.015738,0.438973
1844,2,0.227333,-0.269721,0.010698,0.371680,1.634474,-0.286908,-1.757388,2.341686,0.409587,-0.293684,0.763490,-0.714262,0.176981,-0.956757,0.682920,0.109701,-1.087627,0.867808,-0.512996,-1.239125,-0.352641,0.659945,0.722502,1.300631,0.582950,0.838078,-0.073540,-1.303980,0.457691,-0.078150,-0.103506,1.610896
1845,1,1.385554,-0.196442,1.752685,-1.248037,0.072850,0.362457,-0.008134,2.750428,1.059344,0.946012,0.766525,1.063575,1.590703,0.220158,-0.682299,-0.598673,0.076349,-0.750158,-0.004049,0.026267,0.052034,0.049764,0.179464,-0.069676,-0.893467,-0.552575,1.116483,1.010680,-1.080314,0.398636,0.392442,1.198088
1846,1,1.343861,1.543837,0.033245,-0.103257,0.393685,0.767602,0.020032,-0.077588,-1.084222,-0.494835,-0.841892,1.173416,-0.492572,-0.584136,-0.332542,-1.171519,1.778455,-0.194333,-0.142885,-0.141704,1.174868,0.685940,-0.631169,-1.318644,-1.443877,-1.480341,0.596029,0.414033,1.517611,-0.625248,-1.732283,-0.533623
1847,2,0.436906,0.196420,0.833883,0.430159,1.304601,0.803189,-0.242552,0.118193,0.581096,-1.606890,-0.144447,0.796225,0.886436,-0.342139,0.809406,-0.943311,2.228264,-0.474496,-0.945130,-0.164916,-0.552611,1.092302,-0.256022,-0.996940,0.916850,-0.031716,-0.082703,1.841447,-1.217862,1.790022,-1.025334,-1.615516
1848,3,1.195142,0.470812,0.943813,2.551464,-1.414258,-0.270759,-2.398662,0.445189,-1.159754,-0.697172,-0.005653,-0.275367,0.242113,1.217490,0.469780,1.051314,0.422097,-1.238900,-0.715679,-0.037137,0.478687,0.034575,0.703389,-1.400158,-1.265987,-0.732236,0.739347,-0.067192,-0.947761,-0.100175,0.122777,-1.166584
1849,0,2.118465,-1.466608,0.610067,0.799026,-1.450457,0.522560,-0.720217,1.505446,-1.540424,0.425553,1.189415,-0.846144,0.419733,-0.232778,0.691701,-0.785573,0.203751,0.983498,0.592392,0.341256,0.749944,-0.232028,0.758750,-0.360490,0.107031,-0.353381,0.434146,1.377608,-1.973965,-0.153509,-2.922440,-0.754913
1850,3,0.205038,-0.470161,0.168582,1.323455,1.775659,-0.710824,0.177944,0.001439,0.732625,-0.369034,0.123334,-0.929276,0.232798,0.173411,0.096836,0.009372,-0.806188,-0.872333,0.788797,0.302387,1.674271,-0.450131,1.375197,0.148971,-0.603508,0.210096,0.784297,-1.506214,1.882149,-0.145617,0.030927,0.440176
1851,0,0.126703,-0.068543,1.069668,-1.233927,-1.500838,1.009326,0.075008,0.065346,0.311124,1.267895,1.632685,1.301371,1.036786,0.861687,0.322961,-1.082870,0.337395,-0.386734,-0.842838,-0.022749,0.045519,1.181284,2.084705,0.945830,0.046618,-0.422124,0.623402,1.676068,-0.629368,0.734623,0.040244,-0.977475
1852,2,0.268155,0.211547,-0.281525,-1.512523,-0.501401,0.329103,1.173556,0.544102,0.806356,-0.079102,-0.638171,1.758896,0.707391,0.785839,0.998887,1.549732,-0.221889,-1.044491,-0.660758,-0.900842,-1.766974,1.556312,-0.308699,0.804581,-0.154539,-0.124911,-0.414660,-1.437362,-0.430939,-1.875176,2.330324,-0.498070
1853,3,0.175187,0.367658,-0.489334,1.988845,-0.251175,1.070134,0.161109,0.969752,-0.802181,0.312588,-0.495406,1.020525,0.081937,0.645836,-1.379627,0.057034,-0.923823,-0.278622,-0.493532,0.440272,0.128910,0.486367,-1.489850,-0.831850,-1.861372,0.886936,-0.591633,-0.559184,0.092675,1.974860,-0.019790,-0.406068
1854,3,-1.019557,1.200647,1.064781,-0.485797,1.851735,0.147619,0.537193,-2.361831,-1.330579,-0.713622,0.447510,1.842133,-0.791781,-0.525016,1.676514,1.260445,0.776789,0.506292,-1.282073,0.138687,-0.939604,-0.129109,-0.038580,-0.382973,-0.359251,-0.855467,1.400381,1.160017,-0.957370,-0.270619,-0.302469,-0.739587
1855,3,0.259232,-1.434913,0.574938,0.443034,0.835104,-0.325554,-0.958141,0.485254,-0.697053,-0.950851,-0.874693,-0.504365,-0.316259,0.728472,1.273950,-1.302985,-0.127823,-1.378180,1.356115,-0.786104,2.561927,-0.338219,0.300878,-0.085469,-0.561632,-0.463998,-1.584643,0.418498,-0.998969,0.548019,0.280787,-1.104046
1856,2,-0.845152,1.164858,-0.966659,0.135666,-1.411248,0.653594,-0.450786,-1.419370,-0.768417,-0.603273,0.907935,-1.383665,-0.084107,-0.415085,1.034210,0.708213,-1.480822,1.071857,0.764026,-0.322530,-2.564683,0.586990,0.559132,-0.615642,1.193125,-0.489372,-1.463166,1.415072,-0.488362,-0.356889,0.815845,0.081616
1857,1,-0.986841,0.360445,-0.496098,0.405640,-0.421933,0.111787,0.387732,-1.758507,1.535873,0.411200,-0.700555,-0.048864,-1.335319,0.417310,-0.879383,0.447300,-0.193708,1.068126,1.083431,-0.341031,1.959895,0.119744,0.465621,-0.553750,1.076323,-2.055369,0.824337,0.090506,-0.554268,-0.113467,-1.522676,-2.316268
1858,1,0.500323,2.055285,0.073394,-0.963366,0.517046,-2.017739,0.933572,-0.455832,-1.013964,0.230331,-1.540744,1.177756,-0.023178,1.248623,0.384666,-1.412181,1.024727,-1.514574,-1.518315,1.199980,0.025335,0.884738,0.135859,1.875955,-0.138499,-0.395846,-0.871313,-0.530216,0.139353,-0.087129,-0.308987,0.869277
1859,3,-0.088483,0.356574,-0.546564,-0.022627,0.178455,1.609690,-1.084736,0.602698,-2.235584,0.762326,1.237366,0.294751,0.829142,0.946483,-1.108299,-0.142291,-0.091155,0.566200,0.120318,0.199559,-1.682127,0.184499,-0.395148,1.011841,-1.100489,1.924968,1.044019,0.441215,-0.755601,1.040830,0.660878,0.800143
1860,0,1.453344,-1.566888,-0.121462,-0.639048,0.147536,-1.730194,1.417371,-1.708336,-0.164112,-0.052008,0.785624,0.326193,1.599484,1.466408,0.471936,1.505730,-1.901738,0.590830,0.152812,1.009980,0.146016,-0.138231,-0.247165,0.631406,-0.058761,0.297272,-1.993068,-0.621423,0.757858,-2.360994,-1.344539,-0.670881
1861,1,-0.455660,-0.478972,-1.542381,2.914990,0.961192,0.597101,2.304435,1.143456,1.401385,1.170934,0.942485,1.061436,-1.353561,0.868233,0.292299,-1.028304,2.512098,-0.968328,0.067028,-0.131410,-0.053848,-0.202117,1.688774,0.598183,0.031733,0.568300,0.228274,-0.122642,-0.227789,0.119903,-1.109751,0.264317
1862,1,-2.041897,1.502815,-0.061804,-0.400266,0.122042,-0.794303,-1.066631,0.010801,1.283679,0.593751,1.369813,-0.499468,1.103040,-0.502807,0.867054,-2.502723,1.250214,0.155785,1.227550,-0.075143,0.251552,0.867214,1.871149,0.327984,1.079738,2.760536,-0.325002,0.477687,1.188276,0.435225,1.577777,-0.739815
1863,2,1.394559,1.234308,-0.719167,-0.168882,0.846024,-0.653721,-0.976407,1.004879,-0.441724,-0.499765,0.349493,-1.430423,0.583978,1.936431,-1.339213,-0.007205,-1.748762,0.529394,0.340241,-0.424455,-0.444296,0.269841,0.984835,1.358466,0.470891,-0.479361,0.483984,1.357885,0.385855,0.209115,-0.111113,1.082000
1864,3,-0.463577,0.678981,-0.452030,1.181236,0.009174,1.010806,0.754396,-0.276919,-0.232453,-1.160818,-0.959647,-0.166895,0.000779,0.215732,0.075770,0.403537,0.196101,-0.237299,0.118019,-0.306228,-1.278928,0.794590,-1.298319,-0.622212,-0.148730,1.014016,-0.359034,0.553851,0.140375,-0.118553,0.580418,0.642447
1865,2,-1.854657,-0.417949,0.421247,-0.208281,0.761035,-1.836944,-0.456165,1.376739,2.047179,0.250033,-1.988175,0.341956,-2.143371,1.086212,-0.163181,1.204736,-0.876539,0.247953,0.204792,1.326916,-0.454561,0.214892,-1.125414,-0.081603,1.590764,-0.310225,-0.827588,-0.232028,-0.348605,-1.875552,1.862477,0.397987
1866,3,0.343444,-0.711361,2.168025,-0.052597,-0.576170,-0.037432,1.000940,-0.882100,1.000274,-1.030243,0.467453,-0.799716,-1.033916,0.994132,-1.562565,-1.020523,-0.015036,1.066713,-0.783209,-0.170096,-1.251777,-0.850372,-1.422248,1.889977,-0.129972,-1.456662,-0.521837,-0.650244,-0.463919,-1.339430,0.470914,0.191383
1867,1,0.730266,-0.074855,1.207648,-0.553677,0.956609,-0.319377,0.984820,-0.740874,-2.459326,-0.472070,-0.244974,0.099897,0.373918,0.354230,0.484205,0.563266,1.058031,0.753360,0.148189,2.454864,0.280993,-0.684712,-1.011954,0.352245,-2.280118,0.721804,0.403626,-0.057270,-1.074892,-0.713160,1.089764,0.800255
1868,3,0.578673,0.157207,0.490760,2.110226,0.458823,1.061029,1.291182,-0.103647,-1.544972,-1.946322,-0.102787,-2.231294,-0.211037,-2.829352,1.149612,-1.341032,-3.029523,0.205970,-1.042650,-0.419962,0.509231,1.224958,0.101024,-0.617850,0.277001,0.056363,0.197365,0.872091,-0.466235,-1.756919,-0.843987,-1.416980
1869,2,1.446642,0.576502,0.456405,0.901408,-1.169287,1.014170,-0.470574,-0.680554,-0.656485,1.686950,-2.485467,1.130098,-1.480851,-0.712781,0.267546,0.518101,0.266208,-0.018498,0.171475,0.577883,0.941560,0.013160,-0.640069,-0.870840,2.071397,-0.474220,-0.151506,-0.945065,1.424401,0.062732,-0.359065,0.733313
1870,3,-0.591213,-0.440290,1.261773,0.250358,0.133329,0.497154,0.083441,-1.437371,-0.024394,0.155271,0.455072,0.265565,0.808393,0.811185,0.067198,0.829872,2.090194,-0.082485,0.661866,0.507513,0.589663,-1.960537,0.552708,-1.378306,-0.428299,-0.829907,0.549189,-0.448495,-0.462785,0.124062,0.277431,1.278256
1871,0,1.210634,-0.218818,-0.253835,-0.667684,0.161504,-0.160868,-0.078560,0.366724,-0.652888,-0.081009,2.012618,-0.665615,-1.909443,0.727853,0.657870,-1.722525,-0.352019,0.900488,1.333738,1.148463,-1.066789,-0.180037,-2.200970,0.398862,0.044926,1.923472,-1.264990,0.294327,0.587000,-0.146696,1.499778,0.103163
1872,3,-0.329991,-0.041103,1.446830,-1.300337,-0.069586,1.538207,0.840324,-0.981174,-0.943005,-0.547127,0.235078,0.970247,-0.828501,0.473077,0.428712,0.456211,0.060680,-0.494080,0.556811,-0.933409,-0.699823,0.830783,-1.372226,-0.872289,-1.482597,0.249737,-0.335756,0.344537,0.736360,-1.648074,-0.090449,0.927198
1873,0,-0.527274,-0.061408,1.103942,-0.445776,-0.525658,0.278198,0.064769,0.310073,0.087015,-0.271041,0.312782,-0.978422,0.726031,-0.895666,-0.646744,1.622452,-0.170504,1.127344,-0.201944,0.152549,-0.408852,-1.984676,1.305785,-0.060255,-0.616208,-0.031148,0.402913,-0.653558,0.577033,-2.132385,-0.603429,-0.508658
1874,1,1.083330,0.356532,0.380288,0.619694,-0.501902,-1.008706,2.199459,-0.098055,-0.747216,0.140603,-1.261436,0.622067,2.104678,-1.970775,-1.732618,0.639942,-0.984323,0.360709,-0.983970,-0.323094,0.450229,0.765586,-1.282214,0.615876,-0.301344,-1.216519,-0.763106,0.516696,0.055316,0.391595,-2.133569,-0.733428
1875,1,0.583592,1.973540,1.206827,-0.338372,0.216684,-0.270211,0.284847,0.460672,0.678761,-0.471690,0.823568,0.341972,1.116809,-1.908063,-0.329734,-2.393256,-1.336398,-0.122258,-1.907545,-1.154259,-0.585032,1.237242,0.052996,-1.178779,-2.093071,-0.049723,-0.246492,0.956560,0.150277,0.183154,-1.504808,1.616654
1876,3,-0.752961,1.200614,2.022771,1.028571,0.591450,-0.298281,1.372270,2.394625,-0.410889,-0.310389,0.129597,0.454541,-0.447222,-0.253496,1.613656,-0.475609,1.568159,0.290784,0.724521,0.258617,-0.398355,-1.452640,-0.045178,-0.126977,-0.177209,-1.252757,0.639194,-0.127428,0.494033,0.491756,-0.805996,-1.392508
1877,2,0.747103,1.833721,-1.221300,-0.680295,-1.384107,-0.196963,0.140160,-0.346965,0.196601,-1.521462,-0.848074,0.730823,-0.501461,0.960809,0.509780,1.171946,1.252429,1.105499,-0.469471,-0.880673,-0.076976,-0.130843,-0.646503,0.462580,-0.447604,0.222706,-0.321060,-0.060897,2.339514,-3.308862,1.811811,1.041179
1878,0,0.127472,-0.230923,-0.089391,-2.245877,-1.180612,0.920549,-0.564580,0.453171,0.933165,-0.653900,-0.242416,-0.622422,1.180475,-0.018599,1.008093,0.806683,-0.891087,-0.248343,-0.184365,-0.374694,1.032618,-0.870841,0.032488,1.514696,-2.910775,-0.096117,0.881643,-0.392915,-1.887577,0.317709,-0.844823,-0.111908
1879,2,-0.618602,-1.121444,0.970587,-1.678641,-1.452984,0.612903,0.316993,0.980801,0.162433,-0.276567,0.226436,-0.983600,-1.027922,0.596034,-0.165355,1.953867,1.278449,0.268476,-2.320257,-1.310161,0.395446,-0.510332,0.494973,-0.067508,0.666490,-1.195863,-1.194412,-0.622947,0.042663,-0.042083,-0.524748,-0.686386
1880,1,-0.644684,-0.154830,2.023938,-0.159286,0.610979,-1.280640,0.728882,-0.285645,-0.128284,-1.008689,0.481121,-0.054293,-0.931375,0.671219,-0.893923,0.085821,-1.077808,1.149329,-0.863360,0.419428,0.971492,0.603001,0.298275,-0.700484,0.335546,-0.956589,0.879513,0.165313,0.296901,-0.126426,-0.300992,0.390566
1881,2,-1.070316,-0.355502,0.552609,1.086531,-1.088707,-1.525258,0.049498,1.015556,1.816289,-1.429744,-0.110296,1.365378,0.630404,0.509794,0.211757,-0.985037,-0.285583,-0.948527,-0.773656,0.213388,-1.069730,0.643888,1.155652,-1.627394,-0.907019,-1.380036,-0.322407,0.598646,0.508464,-1.117929,-0.243804,1.348690
1882,2,-0.289602,1.845568,1.198867,-0.917077,0.198791,-0.225371,-0.158355,-0.339695,0.145449,-0.863832,-0.360485,0.397906,-1.411108,-1.226376,-0.559779,-0.922209,-0.810759,-0.000841,-0.203255,1.367224,-0.686274,-0.038805,-2.247168,0.090263,-0.018636,0.709017,0.774770,-0.166264,1.718430,1.109289,-0.113165,-0.233281
1883,3,-1.656648,-0.831419,1.676760,1.225986,0.401982,-0.105029,-0.423523,0.533534,1.408157,-0.089319,-0.813850,0.172148,-0.810534,0.506720,-0.516568,0.876161,0.458510,-0.351139,0.901903,-1.613581,-0.309606,-1.294538,-1.835190,-0.105933,0.602438,-0.150464,-0.736288,-0.138604,-0.974664,1.348593,-1.832625,0.493281
1884,3,2.337026,-0.771639,0.118559,1.347705,1.353533,-2.501719,-0.575417,-0.094829,1.382468,0.300595,0.458028,0.447054,0.691217,-1.373205,1.106704,-0.139172,0.187206,0.087321,-0.400626,2.569040,-0.415653,1.027577,0.824290,-1.916476,-0.831127,1.011411,1.028601,2.720072,-0.839554,-0.825008,0.216586,-0.103180
1885,0,0.096664,-1.593012,0.945067,-0.619401,0.585824,-0.778181,-0.721053,0.682331,-0.004019,-0.447842,0.880931,-1.097039,-0.294796,0.170500,-0.902976,-0.617142,0.148904,-0.267947,0.423235,0.559043,0.042363,0.122523,-0.215973,0.494380,-1.108952,-0.182561,-0.173887,-0.299097,0.098954,-2.148064,-0.263959,1.890103
1886,2,-0.885988,-1.034713,-0.538247,1.151781,-0.460221,2.471226,1.506771,-0.767772,0.020939,0.203677,-0.983190,0.731887,2.389218,0.201160,-0.908849,0.227886,-0.103658,0.452871,0.401931,0.118733,-0.745361,-0.327476,0.308440,1.338372,1.453636,0.168329,-0.781210,-0.180304,-0.129578,-1.162091,0.006387,0.401451
1887,0,2.004575,0.021621,-0.278355,-0.489374,0.126583,-0.591647,0.127055,0.738599,2.338493,-0.259824,0.991392,2.308378,-0.265102,-0.948855,-1.263501,-0.658628,0.924828,-0.214823,0.379474,0.055043,-0.669772,-1.362624,-0.864578,-0.069223,1.093854,-1.201721,-0.193112,0.657448,-0.068336,-1.736343,-1.355294,1.790870
1888,3,0.550621,1.038828,0.406814,1.272697,-1.064615,-0.467237,0.266885,-1.841018,0.654455,0.613018,0.262109,0.676129,2.198909,-1.550960,0.168441,-0.390051,0.575315,0.949218,0.447773,-1.297515,-0.541930,0.305053,0.902378,-0.642043,-0.946712,0.599053,0.767188,0.394902,-0.403611,0.263437,-0.454578,0.624288
1889,3,-1.303993,1.681312,0.003714,2.213930,0.026120,0.371807,-0.226783,-0.073885,0.004691,0.552146,2.055617,-0.207535,0.449913,-0.809932,0.332222,0.167461,0.619903,1.047953,-1.260431,-1.228204,-0.411639,-0.079427,1.469055,1.380806,0.613321,2.375324,-2.966385,-0.799211,-0.665462,1.437695,-1.325031,1.086244
1890,3,-0.350821,0.249300,0.734595,-0.126692,0.845615,-2.345050,-0.517895,0.695718,-1.024270,1.234961,1.569382,-1.849402,-0.087767,1.793397,-0.404691,1.011244,0.283732,-2.293127,0.712893,-0.180172,0.052715,-0.609334,0.276940,1.883815,1.791296,-0.335730,0.783860,0.055486,-0.352544,-0.672314,1.114134,-0.117508
1891,1,-0.588129,0.433390,-1.401647,1.524225,0.509317,0.555248,0.419463,1.399602,-0.105076,0.301628,-0.319193,-0.139854,0.048852,-0.151163,-0.569244,1.071647,-0.641060,-1.649652,-0.584940,-0.420530,-0.467243,0.807958,0.608888,1.125260,1.177316,0.360961,-0.965953,-0.278019,-1.657299,-1.207017,-0.735225,-1.195296
1892,2,0.428711,2.533508,0.571886,-0.045072,-0.525511,1.156402,0.439689,-0.026996,2.335066,-1.198781,-1.444382,0.581038,-0.129684,-0.736514,0.810384,-1.760812,0.324195,-0.888333,-0.589578,-0.368064,-0.820741,-0.234021,-0.014963,1.061769,-1.270210,0.017832,-0.032193,1.233999,0.924428,-0.691907,-0.044975,1.103445
1893,2,0.164682,1.394234,1.616635,-1.125650,0.944391,-1.088012,-0.762328,0.275516,-0.276887,0.322396,0.468327,1.247150,0.125581,-0.211428,-0.676301,-0.587752,0.413710,0.747379,-0.374657,-0.065822,-0.042737,-0.139512,-1.881668,1.570806,-0.856122,0.659035,-1.421796,-0.486238,-0.580991,-1.883524,2.148196,-1.447381
1894,0,0.230225,2.010635,-0.683522,-0.496868,1.209611,-0.299595,-0.538909,-1.063869,0.011410,-0.072613,-1.821016,0.250858,-0.622453,-0.284808,0.184362,-1.244567,-0.769507,0.030818,1.848854,-0.763725,-0.483048,-0.497119,0.052637,-0.611376,-0.822474,-3.068047,-0.371940,-0.715449,0.188860,1.373199,0.961762,0.716575
1895,2,-0.390087,0.037787,1.206621,-0.950621,1.155719,0.811211,1.032384,-0.212430,-0.303534,-0.270869,0.060040,0.955850,0.541999,-0.159764,2.356523,1.275814,1.487361,-0.768317,-0.801122,0.236040,1.498689,0.608994,-0.273981,3.189172,-1.191551,-0.506687,-1.291065,-1.748492,1.022044,-0.315697,0.024720,-0.251412
1896,2,1.176391,1.189373,1.462944,1.978733,-0.031268,-2.062061,-1.036348,-0.630841,-0.155538,2.332104,0.073138,0.242659,-0.671453,1.263593,0.790326,2.191150,0.397738,-0.207745,-0.512017,0.458829,-0.918144,-0.942423,0.188075,0.587844,-2.881472,-1.832559,-0.636987,0.537391,-0.815580,1.296032,1.109852,1.413705
1897,2,1.331759,-0.422847,0.315118,0.806394,0.347514,0.146846,0.966698,0.580693,0.030893,-0.516143,0.534197,1.688156,-0.440987,-1.741618,0.732365,0.564959,-0.052783,-2.153697,-0.435575,0.055126,-1.751396,0.422931,-1.022655,0.114292,-0.349624,-0.080632,0.835356,1.616316,-0.667868,0.234903,-0.070637,1.451093
1898,1,-1.146899,2.468248,0.208078,-0.291543,-0.822988,-0.792522,-0.516397,-0.904291,-2.623847,1.070142,-0.744265,0.203349,-0.773867,0.092872,-0.830761,-0.180881,-1.499019,1.252040,-1.927594,2.183295,0.735184,0.410700,1.526610,0.649344,0.916280,-0.563587,-2.064867,0.950131,-0.968600,0.922550,-1.398566,-0.010226
1899,0,0.810589,-0.656764,0.236270,0.080558,0.372351,-1.171205,-0.480273,-2.500398,-1.189951,0.690366,-0.503247,-1.073818,0.689439,-0.488930,1.310905,0.826380,-0.333372,0.712405,-0.739078,0.241513,1.406226,-1.395265,1.030225,0.227878,0.612178,0.456711,0.040548,-0.318306,-0.730273,2.180762,-0.131455,-0.496807
1900,0,2.615677,-1.325584,1.390344,0.613332,-0.403237,-1.720250,-0.466728,2.422462,0.012985,-0.128011,1.234702,-0.381355,-0.990279,-0.421839,0.844143,-0.469914,0.112910,1.709040,0.982582,-0.095701,-0.530905,-1.597289,0.723081,-2.147590,0.298653,1.409358,-0.370070,-0.751268,-0.048029,1.336277,0.126438,-0.307931
1901,3,-0.480428,0.081370,-0.165598,-1.140571,-1.936810,1.876053,-0.596555,-0.898223,0.686826,-0.159845,0.659888,0.098903,-0.267345,-1.685618,-0.472655,0.840676,0.110613,0.889622,-0.756191,0.400883,-0.758962,-0.039351,-0.456265,-0.219364,-0.004593,-1.883711,0.440777,-0.453006,0.323798,-1.342661,-0.857871,0.230057
1902,2,-1.743651,0.988333,0.882958,-0.649392,-0.105661,-0.664520,-3.026575,0.320206,1.339893,0.191174,-0.666958,0.815506,-0.013466,0.246077,-0.155677,-0.601302,0.443317,1.310842,-1.456456,1.383955,-0.540693,0.784893,0.177009,0.527424,0.841836,0.204445,0.914164,-0.262356,0.831692,0.171896,-0.493720,0.020057
1903,0,0.651709,2.171249,1.745172,-0.492987,0.446359,0.574370,2.410235,1.129622,0.470501,-0.923596,0.305053,1.541544,-1.716340,0.060714,-0.616511,-1.090168,0.558431,-0.134420,0.210670,-0.175920,-0.572242,1.543741,1.630706,0.885777,-1.143638,-1.196877,0.262232,0.569502,-0.783411,-0.802823,0.591208,-0.806210
1904,3,-0.946796,-0.021719,0.373767,1.480837,0.820966,0.559505,0.677515,-1.064061,-0.354984,-2.404955,-2.195940,1.544991,-1.007498,-1.046072,-0.176830,0.039271,-2.002453,0.305108,0.959778,-0.220038,-1.265968,-1.471579,0.419070,-1.989174,0.484655,2.082382,-0.289093,1.767832,1.348138,1.457831,0.064931,-0.570047
1905,2,0.845444,-0.763063,-0.863682,2.500028,-0.055350,0.227938,-1.117854,-0.709474,-0.764553,0.114995,-0.270222,0.570499,0.013567,-0.851783,-1.033137,0.876413,1.187145,0.448489,-0.897163,-0.771004,-0.078846,0.108597,-1.169050,-1.066781,1.183516,0.577747,0.267078,1.490158,1.602166,-0.647219,0.421370,-1.353104
1906,0,-0.447203,-0.408720,1.457462,-1.318158,0.824503,0.350085,-0.585382,0.217638,0.004833,1.364290,-1.567366,-0.096701,0.428903,-1.922665,-0.915808,-0.228425,-0.143161,0.010896,-1.365514,-0.535581,-0.665637,1.334391,1.295859,0.337481,0.720031,0.853409,1.540237,0.545748,-1.433086,0.050600,-1.580196,0.042732
1907,1,0.022061,0.292442,0.922104,2.152213,-0.186053,0.799757,-0.387181,1.897299,1.372119,-0.512754,-0.482406,-0.344682,0.085804,0.014779,-1.655614,-0.049620,0.492517,-0.577929,1.271136,-0.216326,1.658200,-0.404135,1.067349,1.175189,1.226970,0.859834,-2.319593,-0.595144,1.042473,-0.587212,-0.675172,0.562606
1908,3,-0.390359,-0.546317,0.540208,-0.453582,1.116533,0.620339,1.482028,-0.701310,1.531298,-0.997412,-0.433183,-2.699967,0.897008,1.119476,0.876663,-0.116263,0.630174,-2.380960,-0.218220,0.199377,-2.143498,-0.479180,-1.529960,-0.675794,-0.025202,-0.922615,-0.985623,-0.521890,0.037540,0.935767,-1.039899,0.508380
1909,1,1.406319,-0.858004,-0.395394,-0.696830,-0.632927,-0.566425,-1.603173,0.867714,1.167712,0.561613,0.208218,-0.197973,-1.151352,-0.146558,-1.701689,-0.521505,-0.076727,1.583898,1.448265,0.011620,0.719676,-0.017730,1.458884,-0.176867,-1.113889,0.180185,1.404919,-0.196904,-0.905689,-1.218815,0.747998,0.943225
1910,0,1.654398,0.323212,-1.046017,-1.561467,-1.195968,0.943432,0.582077,-1.014867,0.502980,0.461788,1.965247,1.453830,-1.091587,1.372796,-0.231801,0.016884,-0.574472,1.441306,-1.273928,0.532884,0.293576,0.917456,-0.950783,-0.210472,0.891696,0.040143,-0.554418,-0.663803,1.106332,-1.045218,0.646318,1.040839
1911,2,1.281148,1.924833,0.058038,-1.660437,0.759701,-2.062814,0.863175,0.244179,1.083753,-0.132834,-1.063282,1.136485,-0.836126,0.061254,-1.230838,-0.471512,0.043367,0.109502,0.501139,0.072576,1.802495,0.491214,-0.274585,0.359500,1.043118,0.321912,0.410729,-0.493742,0.253772,1.163240,0.132861,0.481131
1912,3,-1.656710,-1.255937,0.028809,-1.359270,1.712472,-0.055051,0.515199,0.644497,-1.305403,-0.641119,-0.533434,0.048508,-0.126142,-1.168961,-1.395336,-0.521939,-1.394498,0.475765,0.485354,-1.496637,-2.063726,0.467017,0.506969,-0.218974,-0.395915,-0.437530,-1.386361,-0.343411,-0.460417,1.470084,0.369450,0.351512
1913,1,0.307841,0.373196,0.698022,0.566712,0.017142,-0.157663,0.530006,-1.345875,-0.659852,3.103688,-0.180233,1.209634,0.246670,0.615068,-0.934931,0.188051,1.064096,0.825670,-1.134271,1.837201,1.130449,-0.167932,-1.659223,0.731716,0.320332,-0.353765,0.640355,-1.588598,-0.242365,-0.393301,1.240821,-0.509889
1914,3,1.530360,-0.078794,-0.658033,0.238173,1.779831,1.835650,0.505212,0.147594,0.396702,-0.169962,-2.308004,-0.961242,-0.184858,-0.858403,-0.893697,-1.028538,1.788938,-1.112157,-0.037849,-0.103115,-1.281784,0.038303,1.666618,0.357544,-1.602868,-1.930230,0.136530,1.211049,0.618003,-1.137249,0.689624,-0.634016
1915,0,-1.083442,1.508851,-0.094031,-0.851372,-0.004469,-1.268713,0.548546,-0.074922,-0.602244,0.148208,0.782664,0.677841,1.410851,-0.566361,-1.062841,0.096562,-0.179829,-0.788949,-0.746016,-1.833565,0.885416,-0.782225,-0.211340,-0.303932,0.215989,-1.079610,0.757422,-0.113046,-1.091693,0.490382,-2.089109,-0.390686
1916,0,-1.327109,-0.192029,-0.123382,-2.030896,-0.175113,-0.685762,-1.665578,-0.816852,-0.797855,-1.214755,0.775489,-2.475928,-0.439334,0.528350,1.560658,1.843377,-1.817544,-0.154724,0.270556,1.687461,1.736301,0.521812,1.142766,-1.589814,-0.923134,-0.621767,0.432967,1.714813,-0.333698,0.958693,-1.403889,-0.606331
1917,3,-0.927279,-1.190531,-0.646945,0.715309,-1.749417,-0.771782,0.963992,0.740865,0.138045,0.490998,-1.327299,1.756721,-0.619794,-0.393102,-0.293433,1.520123,2.209435,-0.866340,0.466919,-0.740792,-0.959779,0.290781,0.930346,-1.483080,-2.232116,0.688234,-0.954544,-0.287439,-0.900756,0.688969,1.600181,-1.058569
1918,1,-0.490169,0.430573,0.506787,-0.140169,-0.458286,-1.151586,1.618016,-0.392734,-0.448562,1.355004,-0.369701,-0.162238,0.988807,0.563255,0.747398,0.517342,-1.012691,-0.910020,0.978423,1.066044,-1.283133,-0.334535,0.283446,1.760170,0.341765,1.074537,0.823807,-0.246550,-1.225325,1.423960,-0.734891,1.462993
1919,2,0.415314,-0.461743,-0.868276,0.650416,-0.678135,1.325397,-1.311922,0.552263,1.377575,0.145809,-0.779138,-0.320651,0.360242,-0.385442,-0.842760,0.594918,-0.205763,1.017354,-0.808504,-1.548159,0.874308,1.107980,-0.764334,1.075064,-1.050043,-0.199635,-0.566038,-0.544285,-0.194589,-1.390246,0.820801,-1.622068
1920,1,0.202236,1.228003,-2.004374,-0.810728,-0.927846,0.078938,-0.292188,0.618348,-1.657381,-0.728432,-1.067719,0.891098,-1.221906,0.428434,0.806921,-0.144821,-1.201946,0.846466,0.831516,-0.107597,-0.843274,0.801603,-0.445137,0.960700,-0.058493,-1.053577,1.528614,-0.475949,-0.277616,-1.680985,0.062174,1.409504
1921,2,-2.234861,0.935812,0.621980,-0.294616,0.907654,0.295254,-1.278686,0.339180,-0.601284,0.982615,-1.110216,-0.152118,0.950798,2.351053,-0.110550,1.842960,0.640174,0.707863,0.667574,-0.949598,-0.429931,0.726965,0.601703,1.145446,-0.204439,0.001945,-0.266876,0.227705,0.000607,-0.532769,-0.305990,0.702820
1922,1,-0.849349,0.214369,1.182065,0.093877,0.558330,0.385272,2.055898,-1.192749,-0.939409,-0.938040,-0.470386,-1.377676,2.017401,0.355584,-0.791940,0.140493,0.000577,1.422698,-0.203491,0.079538,-0.424328,1.053468,1.048188,-0.766537,-1.093590,0.586701,0.578968,0.401820,0.748916,0.912839,0.026524,0.585078
1923,2,1.818745,-0.490409,2.325095,0.745840,0.278029,0.275847,0.047492,-1.127277,-0.391668,-0.079643,1.428226,0.412505,1.881054,-0.281083,-1.583211,0.447954,-1.895754,0.383527,0.974057,-1.336351,-0.185723,0.659131,1.824582,-1.806758,-0.303290,-0.057359,-1.058647,0.683495,0.261255,-0.260399,1.774119,-0.940759
1924,3,0.427079,-0.506993,-0.126408,1.527965,0.041467,0.986895,-0.169503,0.906814,-0.291437,-0.816234,1.342774,-0.742932,0.563457,-0.957175,0.941792,-0.073099,-1.101298,0.029661,-0.551897,-1.016395,0.608500,0.123886,0.218323,1.067860,-0.209838,-0.504736,-2.473244,-0.139474,-0.557367,1.851972,-0.433468,-1.982841
1925,3,1.649327,0.929616,0.629060,0.162503,-0.467773,-1.172406,-1.969563,-0.325554,1.698616,0.407290,-0.368882,-1.151438,-0.643375,-0.806886,0.776617,-1.418198,0.101507,-1.132592,0.928547,0.644248,-1.452686,-1.703680,-0.022483,0.633882,-0.840915,-0.123676,1.326375,-0.320429,0.307767,0.103325,-0.316496,0.621649
1926,3,1.023577,-0.212257,-2.440979,-0.415207,-0.531688,0.252164,1.296829,-1.296620,-1.085035,0.847483,0.858020,-0.719652,1.512886,0.290424,2.004403,-1.701078,-1.413272,0.268601,1.109277,-0.829391,0.285487,-0.419960,-0.051441,-0.037700,-0.154365,0.454555,1.076052,-0.704757,-0.623580,-0.952026,0.622672,0.398462
1927,2,-0.895515,-1.094926,2.075278,1.193383,-0.782024,0.024396,1.520008,-1.750592,0.548042,-0.522926,-0.567086,0.837187,0.207203,0.932868,-1.353966,-0.041044,0.086200,0.165502,0.675143,-0.659731,-0.606591,0.137042,0.416096,-0.311812,-0.248361,-1.524921,-0.002263,0.684855,0.317342,-1.398477,1.308795,1.495021
1928,0,-1.082440,1.400460,1.130816,1.975549,0.937977,0.130464,-0.302282,-1.985457,1.802086,0.303872,-1.530055,-0.642227,-0.137390,0.308802,-1.108705,1.981086,-1.272112,-0.317918,0.223026,0.104625,0.641906,1.390359,-0.186020,-0.049061,-0.405429,-0.768239,0.460612,1.636674,0.585416,1.510960,1.287238,-0.743404
1929,0,0.818621,-0.086472,-1.731862,-0.207702,0.219708,-0.322224,0.895348,-1.355515,0.892155,-0.127008,2.784220,-0.195638,0.064976,-0.172124,0.923884,1.133591,0.229659,-1.136270,-0.528224,-1.099990,-0.791586,0.770006,0.865386,0.783071,-0.931463,-0.025083,0.579587,0.778731,-0.744215,-0.855010,-1.370042,-0.850987
1930,1,-1.382161,0.043311,-1.925671,-0.138842,-0.656841,0.488084,-0.157988,1.410146,0.652708,-0.514034,0.957518,2.182207,0.866394,-0.564766,-1.550217,0.759584,0.036215,-0.069138,1.204737,0.261098,-1.094447,-0.370034,-0.377146,1.299730,-0.005191,-1.382327,-0.067088,-0.047263,-1.586287,0.317541,0.632719,1.362182
1931,2,0.124550,1.174073,2.557754,0.894086,0.099499,0.255150,1.598341,0.286695,0.854639,-1.078275,-0.862969,0.976053,-0.391387,-0.157022,0.929465,1.041476,1.318253,-0.094119,0.879469,-0.712234,1.582776,-0.286952,-1.833210,0.842791,0.389045,-0.110098,-1.426673,-0.705960,-1.387928,1.532172,1.035748,-1.527287
1932,3,0.386443,2.061550,0.874201,-1.967838,1.711086,-0.208187,2.089090,1.244381,0.098175,0.049566,-1.006855,0.822379,-0.203908,0.315727,0.662262,-0.092396,0.095211,-0.277851,-0.331151,2.216739,-0.438881,-0.260778,-0.986342,-0.487740,-0.239575,0.363995,1.536646,-0.251810,-0.494017,0.170421,-0.227196,-0.415524
1933,0,1.538716,-2.052554,-1.173030,0.938257,-0.711954,1.546433,-1.145949,2.379926,-1.116500,0.519986,-0.820668,-0.506415,0.825551,1.261468,-1.235092,-0.434724,0.109205,0.505138,0.410365,0.082982,-0.465959,0.031519,0.938155,0.539343,0.753553,-0.091252,1.594131,-0.505402,1.640157,0.214936,0.834681,-1.198374
1934,0,-0.440549,-1.799852,0.063933,0.811133,-1.566764,-0.272776,-0.512733,0.356754,0.769472,-0.200913,-0.276723,-0.268743,-0.213577,0.698800,0.103050,-0.925201,-0.965420,0.210368,0.246195,-0.077324,0.667548,0.023091,-1.114126,0.282189,0.598309,-0.510588,-0.240266,0.071429,1.787010,0.059251,0.298836,-0.197150
1935,3,-1.454018,-1.507638,-1.836809,-1.694947,1.982625,2.182249,0.986085,0.805832,1.500026,1.805271,-0.191971,-0.138293,0.644175,0.344004,-0.372674,0.737585,0.127502,0.472925,2.157682,-0.322894,0.712165,0.495246,0.553733,1.267159,0.708816,-0.762628,-1.113941,0.753394,-0.032787,-0.676179,0.778533,-0.032623
1936,2,-0.752720,0.922636,1.258765,2.394287,-0.591664,1.857798,1.035007,-0.885370,0.794502,0.199778,0.934651,0.841038,-0.062446,0.291455,-1.431111,-0.054764,-1.757416,0.740262,-0.374336,-0.138441,0.740791,-0.118755,-1.200529,0.457970,0.708114,-0.038705,1.477723,1.601410,2.796729,0.086938,0.297656,-1.123205
1937,2,-0.270409,1.063012,0.321722,0.757919,1.014586,2.185360,-0.416431,-0.009965,-0.116021,1.547217,-0.804697,0.463617,0.913996,0.837918,1.374626,0.190405,0.934830,-2.238908,0.010802,-0.597012,2.316410,-1.304818,0.363071,-0.824607,1.214386,1.224462,-0.616747,-0.449283,-0.597568,1.117142,1.057559,1.553477
1938,1,-0.476543,2.315587,-0.912558,0.643028,-0.914926,-0.438140,0.046385,-1.671569,0.322808,-0.493107,1.020644,0.277171,1.314214,-0.791516,0.034593,-0.065892,-1.099367,-0.775785,-0.067502,-0.822328,0.921813,1.386902,1.312903,1.040955,1.530376,0.069475,0.466576,1.595814,1.291389,-1.493498,1.059544,1.457066
1939,3,1.326996,0.605307,-0.648596,2.080320,0.683084,0.734193,-0.815871,-1.114610,0.616657,-0.509012,0.392321,0.512157,-0.750063,-0.731856,-0.686534,1.910230,-0.334400,0.399432,-0.312288,0.783688,-1.026712,-0.320334,0.668237,1.195837,-0.940030,-0.027746,-1.017761,0.522040,-1.410811,-0.412074,-0.122123,-0.373301
1940,2,-0.125807,-0.540053,-2.386638,0.993637,-0.426291,-0.174904,0.768115,-1.778073,1.112530,-0.924112,-0.216750,-1.374990,1.066944,-0.038493,0.252499,-0.442280,-0.346687,0.038694,1.122521,0.907342,2.027764,0.033487,0.618662,0.369724,-1.060858,-0.076325,-1.558467,0.493879,0.305637,1.356405,-0.002867,0.957932
1941,2,0.104498,0.311418,0.930192,1.078056,1.244639,-0.176675,-0.572925,0.410346,1.429762,-0.650261,-0.180885,0.857138,0.120365,0.011280,0.336223,-0.407726,-0.450569,1.344872,1.262210,-0.447571,1.990577,-1.526412,2.199819,-0.378351,0.457153,-0.994478,-0.548311,-1.322249,-0.794176,0.838088,0.021761,1.287022
1942,3,1.222049,-0.825615,-0.913426,0.936989,-0.755463,-0.348268,-1.874831,-2.344237,1.688400,0.094060,-0.609762,-0.841600,-0.237820,-0.153554,1.056220,0.553439,-0.520250,1.003209,-0.645335,1.675811,0.511671,0.669371,-0.469355,-0.106047,0.043939,-1.261685,1.084147,0.674258,-1.442988,-1.126482,1.759833,0.091956
1943,0,1.226619,1.397371,-1.197033,-0.028831,0.058740,-0.103449,1.004686,1.222161,-2.229203,1.342085,0.605685,-0.868759,1.340386,-1.260658,0.451073,-0.663626,-0.504036,-0.702162,0.276151,0.344816,1.239849,-0.398979,0.525363,-0.468144,-0.003184,0.734460,-0.055106,-1.937720,-1.892265,0.591385,-0.299657,-0.190111
1944,2,1.565751,-0.135096,0.568918,0.713027,2.272563,-1.877580,-2.486327,0.482970,-0.198174,1.875458,-1.389266,1.178863,-0.778927,-0.648872,1.403807,-1.585385,-0.140643,-1.396959,0.562757,-1.008405,-1.097369,-0.870472,-0.013274,-0.120151,-0.539256,-2.136732,0.558230,0.352836,0.724383,-1.812376,0.244499,0.184391
1945,2,-1.330621,-0.900829,-0.013168,0.194323,1.866653,0.060799,1.327029,-1.142509,0.675826,0.268736,-0.006333,-0.717594,-0.148108,-1.541482,3.481369,-0.682604,-0.476685,0.657284,0.558159,-0.520584,-0.862729,1.431039,0.098312,0.755421,-0.327004,0.918413,-1.269597,0.273133,0.852264,-0.741138,-1.134045,0.996424
1946,2,0.762275,1.726684,0.620365,1.155617,0.299238,0.483558,-2.090426,-0.167333,0.770785,0.402254,0.562445,0.205075,-0.311802,-1.481478,-1.864123,-0.296472,-1.045791,0.961680,0.869316,1.236769,-0.962147,0.614500,-0.676596,-1.587580,0.610635,1.868086,1.342783,1.293363,-1.550106,-1.375209,-1.215345,-1.225341
1947,3,1.750460,0.449332,0.141180,0.756268,0.078780,0.082555,-1.599795,1.424759,0.462038,-0.329608,0.805635,0.056757,0.821753,0.165787,-2.619030,0.558322,2.366433,1.425585,0.710623,0.352439,-1.189525,-0.519116,0.259555,-0.655771,-0.982719,-0.523324,1.012157,-0.355718,0.756985,0.851531,-1.476323,0.850416
1948,1,0.253059,2.942742,1.059035,0.127140,-0.817687,-1.129844,1.301336,0.148533,-0.169483,0.740364,1.313662,0.050157,1.693782,-0.570759,-1.575183,0.749083,0.744517,0.480890,1.826965,1.034613,0.794586,0.678784,0.117416,-0.163778,0.740828,0.917586,0.281996,1.524149,0.940904,3.054212,-0.637671,0.011737
1949,2,0.862270,0.433926,-2.484222,-0.734463,0.202700,-0.123793,1.686036,-0.087716,0.785160,-1.313919,1.040565,-1.206286,0.638523,-0.646205,-0.867329,-0.820601,1.553409,1.055692,1.856107,-0.048552,0.103281,0.473069,-1.111498,0.168767,-0.227452,-0.524445,-0.946774,-0.382637,-0.478869,-1.129205,0.020493,0.571325
1950,3,-0.021064,-0.666673,0.060762,-0.112417,0.157298,-2.131070,-1.089508,-1.801216,1.067627,-2.027004,-1.171496,1.031509,-0.829860,0.486141,-0.467262,2.023179,0.514622,0.161949,0.940022,-0.516050,-1.598354,-0.074705,-0.585266,-2.056542,-0.263342,-1.069432,0.645639,-0.501299,0.656654,-0.493026,1.411255,0.103734
1951,1,0.467931,1.403676,0.449526,-0.023688,0.635738,-0.995792,0.390088,-0.918002,0.333244,0.676343,-0.378986,-1.106233,-1.358304,-1.718850,0.921875,0.262338,-0.547528,1.378624,0.506199,0.749575,1.237045,-2.639225,1.410012,-1.581229,0.622940,0.659634,-0.277557,0.410923,-0.340012,-0.105668,0.234349,-0.203771
1952,0,2.184561,0.385227,-0.753387,1.165095,0.492580,1.402341,0.131412,0.628881,-0.575292,-0.282808,1.142447,0.936884,0.322601,0.938304,-0.466554,1.462556,0.363986,-0.193876,0.206013,0.477308,-0.461077,0.134194,0.153244,-1.946325,-0.458820,0.008908,0.800564,-0.594127,0.000615,1.190297,0.373227,0.001146
1953,2,-0.476944,0.318471,2.560992,0.484628,0.702389,0.866310,-0.237019,0.197340,0.387117,0.327054,2.286621,0.628769,0.792438,-0.240624,-1.269629,-0.175305,-0.125155,0.818367,0.508446,1.917525,-0.048019,-0.008879,1.961786,-1.509737,0.228550,0.971495,0.620281,0.354101,-0.703698,-0.270565,0.704880,-1.178618
1954,0,1.138413,-0.855174,0.577516,1.627367,-0.417153,0.629424,-0.323351,0.841744,-1.281037,-0.106279,-1.160253,1.653741,2.073159,-1.403877,0.136736,-1.093554,-0.173358,0.435148,-0.528403,0.233134,0.619007,0.745655,-0.583708,0.079876,0.086769,0.738470,-1.275419,0.940589,0.649706,-1.107703,0.225470,0.138269
1955,3,1.431794,-0.014760,-1.727134,0.835886,-0.405694,0.690223,-0.866680,-0.326802,0.233259,-0.643846,1.654765,0.895527,0.845080,-0.741094,0.488175,-0.485299,1.759181,-0.735797,-1.865539,-0.519893,-1.358152,-0.644854,0.614992,1.177940,1.056115,-0.817815,-1.603217,-0.679643,0.087312,-1.929967,-0.611817,0.747316
1956,0,-0.240300,-0.313037,-0.241491,-0.950555,-0.520293,-0.564978,-0.765378,0.676720,-0.630643,0.383707,-0.790813,-0.635862,0.538066,0.040031,-0.033541,-0.916366,0.075466,1.488411,0.215733,-0.964477,0.396245,-0.216754,0.990576,-0.890477,0.792929,0.819755,1.164640,0.190746,-0.023647,-0.230511,1.218456,0.214651
1957,2,-1.959167,-0.369975,1.969292,-0.010002,-0.973028,0.869727,0.334384,-0.212454,1.328013,0.662709,0.180264,-1.498367,-0.411303,-0.034552,2.133257,-1.194104,0.527114,-0.505905,1.164789,-0.689635,0.040737,0.462821,-0.074637,-1.189695,1.111782,-0.679487,0.582851,-1.484110,0.451544,0.829620,0.688088,1.292947
1958,1,-1.118080,1.434788,-1.122473,-1.046217,-0.559905,0.363831,0.603419,-0.532545,0.997860,0.676281,-0.509391,0.481649,0.684940,-1.166539,0.102771,1.551391,0.701732,0.396362,1.238130,0.661928,-1.207620,0.045623,-0.634990,-0.311430,-0.186074,-0.825040,0.428018,-0.840773,0.034257,-1.534898,0.565252,-1.357134
1959,1,1.620421,2.057719,-0.397243,0.102837,0.399607,0.608476,-1.355612,-1.262067,-1.118142,0.655886,1.263068,0.967873,0.725085,0.226449,0.550629,1.002750,2.143736,0.778666,-0.760400,0.748757,-1.442018,-0.007857,-0.449785,1.259185,1.230551,-0.998518,0.150177,-1.179053,-0.273114,0.746157,-0.809462,-0.240826
1960,2,-0.545408,-0.474878,-0.228799,-1.152438,0.224353,0.071084,-0.066896,-0.717303,-0.073470,0.179887,-0.702839,-0.472778,-0.586184,0.428939,-0.162636,0.657877,-0.120217,0.403768,0.184593,-0.808249,-0.347397,0.419227,-0.128691,2.024590,-1.570470,-0.350951,0.192562,-0.538482,-0.751235,-1.023669,-1.535384,0.846449
1961,3,1.671572,-0.413033,-0.664012,0.614075,0.031153,-2.273597,1.639081,0.036424,-0.968424,0.173639,1.812680,-1.688666,-0.607065,1.246661,-0.971718,0.593417,-0.425113,-1.129639,-2.337471,0.024709,1.033060,-1.648398,1.077117,-0.642965,1.132500,0.661355,0.206120,-0.724750,1.998718,0.416383,0.925787,0.374153
1962,0,-1.728556,0.605604,-1.023192,0.216970,0.526566,-1.496262,0.419159,-0.171577,-1.426248,-0.077928,2.524190,0.713668,0.100597,0.028835,1.345750,0.844957,-0.900183,-1.104266,1.125469,1.653149,-1.144167,-2.207290,-1.002496,-0.927044,-0.827446,-0.294058,0.110975,-0.219978,-1.494007,-0.417386,-0.775253,-0.059387
1963,3,0.785083,-0.931634,-1.460982,2.094996,0.181373,0.479619,-0.183437,-1.104069,-0.269815,1.028726,-0.190677,-1.393079,-0.993064,0.110724,1.360565,-2.208847,2.717281,1.272290,-0.107202,1.334862,1.145282,0.323435,-1.241186,0.257345,1.164738,0.788493,0.962613,0.802337,-1.644034,-0.777701,1.534318,-1.045610
1964,1,0.787100,0.981905,1.567308,0.913971,-0.073385,-1.407984,0.988359,-0.831071,0.048534,-0.742796,0.671239,-0.094408,-0.018683,-0.300049,0.330039,-0.111637,-0.398930,0.065410,2.580179,-1.919269,0.057081,1.149572,-1.035046,-0.536894,-1.696720,0.470601,-0.906965,-0.210114,-0.268118,0.790585,1.461028,0.013876
1965,3,0.097494,0.686348,0.577307,1.032876,-0.621560,-0.762536,-0.731582,0.682953,0.073838,0.758521,-1.277143,-0.331380,0.482669,-1.033383,-2.671795,-0.569156,0.625233,0.579909,0.123122,1.188168,0.755475,1.042294,-2.375391,-0.120790,-2.280435,-0.634386,0.523672,0.497316,-2.381731,0.698772,0.037669,-0.708712
1966,3,-1.463360,0.829740,-0.368608,-0.436222,0.307052,-2.305880,-2.301067,-0.801011,1.501627,-0.950051,-0.731582,0.859450,0.163689,0.048301,-0.837810,1.159678,0.053438,0.511672,0.046147,0.704875,-0.518449,1.137144,-1.315443,-0.847485,-0.606173,0.375885,-0.767910,0.452036,-0.882307,0.132464,-0.612656,-1.004536
1967,0,1.930586,0.388185,-1.730278,-1.745826,-0.972677,-1.242031,-1.915556,0.662473,-1.754249,-1.777321,-0.236344,2.355680,-0.082326,-0.310503,-0.179127,-1.283380,0.171907,-0.733317,-0.044763,-1.526403,2.616254,1.944514,2.109113,0.240857,-0.075565,-0.036603,0.759180,-0.537440,-0.633924,-0.771750,-0.676525,-0.590766
1968,0,0.686369,1.231626,-0.897198,0.126450,-0.001929,-0.738798,-1.087943,0.786637,-0.574468,-1.040688,0.081014,0.718595,0.789448,-0.417598,1.056297,0.830020,0.256980,0.125475,0.835699,-0.309558,1.205544,-0.115881,-1.089936,-1.417107,-0.946922,0.527390,0.407381,-1.898911,1.596965,-0.002770,-0.360275,-0.124024
1969,1,-0.154288,1.372050,-0.214273,-0.202283,1.909824,0.354823,-0.084204,-0.111687,0.232958,0.758610,0.401894,0.026425,-1.627916,-0.457295,-2.388331,-1.081206,0.767982,0.469992,0.295330,-1.781156,1.201202,0.953592,-0.148925,-0.260838,-0.911575,0.824362,-1.786785,1.775633,-0.273261,-0.847814,-0.297770,1.119967
1970,0,0.296934,0.324855,1.546488,-0.433173,-0.546785,-0.745031,0.329424,-1.229969,0.110398,-0.663828,1.317199,0.629578,-1.098293,-0.601680,-0.112079,-0.041732,-0.015790,0.581646,1.200318,0.139367,-1.182868,0.863548,-0.207053,-0.645889,-0.809291,-0.331878,-0.290950,0.977335,-1.277734,0.760622,-0.556249,-1.123050
1971,3,-1.417640,-0.580356,1.108329,0.149482,1.692733,1.247745,-0.532436,-0.721167,-0.410286,1.702798,-0.770864,1.630490,0.259163,1.189994,0.708145,0.055950,0.737130,0.192585,-0.594636,1.364445,0.007123,1.307776,1.594639,-0.133190,-0.549146,-0.594532,-0.954634,-2.882281,-0.575288,-1.884632,-0.339835,-1.211913
1972,2,0.726803,1.011036,-0.054228,0.103818,-0.766923,-1.017271,-0.556566,0.001907,-0.787509,-0.029146,0.498546,0.558812,-0.640187,0.892706,0.453674,0.098908,-0.711528,-1.243286,-0.008703,0.997377,-0.613301,0.063587,-2.615648,-1.036913,0.540655,1.812894,-0.942497,0.729850,1.554232,0.285511,0.854646,0.740706
1973,1,0.526765,-0.870417,-1.038841,0.764627,-0.674313,-0.247619,-1.078590,0.096371,0.981160,-0.527098,-0.434045,0.273507,-0.964382,0.224635,-0.123438,-0.019711,0.786983,2.366158,-0.923271,0.809328,-1.359622,-0.689974,0.350450,0.126833,0.672339,-0.342889,-0.842729,-0.698088,0.176703,-0.307749,0.364379,-0.005025
1974,2,-0.650463,1.140601,-0.389402,-1.612809,1.167092,0.843595,0.598353,0.431499,-0.264199,0.967454,0.606082,-0.612208,-0.212356,-0.545887,0.628177,0.892206,0.538371,0.394597,-1.167027,0.339212,0.620247,-0.919504,0.126332,-0.434383,1.358208,1.204821,0.930332,-0.922570,-0.023784,-0.060258,0.616068,0.648293
1975,0,0.285730,0.752211,0.180327,0.692020,0.092686,0.052275,0.752019,-1.138187,-1.880420,1.350782,0.282333,2.466813,1.156274,-1.974598,1.701830,0.125730,1.274331,0.519684,-0.617734,0.060681,-1.192870,1.077965,-0.918562,1.396663,0.256664,0.683833,-0.139060,1.483450,0.592177,-1.511690,0.462460,0.858772
1976,0,2.625813,1.305389,0.814416,0.657504,0.068419,2.088639,0.761060,-1.239392,0.415881,-0.633997,-1.360216,1.587747,0.819151,-0.124980,0.645617,-0.324472,-0.151709,-0.174707,-0.600428,-0.113020,0.297231,0.101951,-0.017995,0.675881,0.156455,-0.047889,-1.474249,-0.191370,-2.028090,1.418917,1.628145,0.309814
1977,2,0.933520,1.400869,0.821379,0.162995,-1.478004,0.479553,0.071273,-1.443696,0.538391,0.110825,-0.327407,0.099062,-0.775954,1.303787,0.998931,1.115096,-0.535084,-1.271700,-0.556140,-2.326704,-0.207573,0.759757,-2.567462,-1.084988,1.121508,0.841188,2.354717,-0.061015,0.052561,0.825465,0.515610,-0.235207
1978,3,0.930743,0.723647,0.265666,-0.005292,-0.168756,-0.384301,-0.966461,-1.162615,2.757169,1.339885,-1.646583,0.845892,-0.771968,1.647154,0.438294,-1.659549,-0.520105,-0.112444,0.109659,-0.556884,-0.701987,1.496643,-0.399440,-1.181429,-0.019522,1.645936,-0.157570,-0.743709,0.676490,0.338824,-0.589268,0.167323
1979,3,-0.076828,-0.244516,0.558852,0.020258,0.280459,1.145639,0.092394,1.057616,-1.209313,-1.338631,0.288979,-0.139241,-0.703040,0.577312,0.366435,-0.500133,0.711962,-1.282775,-0.542617,-0.912515,0.502331,0.841515,1.399148,-0.601846,1.404675,0.261286,-0.863579,-0.703976,-0.192232,-0.569650,0.801474,-0.028107
1980,2,-1.111921,-1.043471,0.510171,2.316721,0.382730,-0.664193,1.818126,0.632282,-1.785744,1.823358,1.273904,-0.478665,-0.861082,-0.508179,1.412567,0.034060,0.741919,0.077059,-1.595066,0.994876,-0.684304,-0.499580,-0.238405,0.941904,0.411655,-0.146203,-1.634319,0.714361,0.188677,-1.255415,-1.403666,0.002689
1981,2,0.119546,-1.180324,1.273179,0.397776,0.625911,-0.779810,-0.587572,0.423296,1.388286,0.315004,-2.295018,0.049058,0.302499,0.790664,2.169528,1.546338,-0.111901,0.873254,-1.342485,0.720594,-0.347413,-0.853059,-0.143396,-1.078197,1.047575,-0.195994,0.609413,1.534990,0.248985,-1.222034,0.150072,-0.447732
1982,0,0.760760,-0.289898,-0.038341,-1.605510,-0.163258,0.290967,0.638255,-0.534034,0.605020,-1.831571,-0.175142,1.283056,1.389364,3.711747,-1.161838,1.158753,1.012611,-0.331147,-1.769079,0.343914,0.540273,-0.613535,1.451138,2.354173,-0.080588,-0.712518,-0.830314,-0.519464,-0.262125,0.664260,-0.403676,0.762167
1983,1,-0.658800,1.046283,0.417412,1.377455,1.878247,0.832999,1.240162,1.224289,-0.436075,0.518926,-0.552075,-0.230589,1.036628,0.175146,2.144948,1.737950,1.117150,-0.696747,-1.379676,0.622309,-1.552299,-0.875048,1.213400,0.420382,-0.510996,0.049502,-0.599446,-1.035761,0.702838,-1.269233,0.311741,-0.547001
1984,0,-0.263080,0.787996,-0.438394,0.532849,-0.190915,0.200067,-0.314935,-0.201136,-2.430454,-0.626579,-0.594278,-0.551877,0.655093,0.835166,-0.976684,-0.370764,1.092964,0.701556,-1.012246,1.580258,1.429087,-1.989964,1.440062,0.352488,1.391093,-0.575265,0.566505,-1.237580,0.103734,-0.735034,1.043892,-0.398002
1985,2,0.754317,0.012149,1.956841,0.318173,1.204207,-0.876004,-0.745870,-0.516409,-0.206638,0.050039,-2.007373,0.390214,-0.599204,0.275264,-0.137175,-0.479204,2.329274,0.715080,0.623060,1.099072,0.729680,0.421854,0.807179,0.120464,0.237466,0.743967,-0.631205,0.018971,-2.215011,0.568204,-0.090994,0.304724
1986,2,1.762178,-0.524478,-0.057997,2.156129,0.439737,0.766949,0.248789,0.127362,1.190207,0.255033,2.357625,-1.098944,1.924020,-0.180416,-0.218618,0.425252,-0.427173,0.456429,0.676353,1.154251,-0.944546,0.006665,0.059292,-0.222747,-0.150384,-1.440196,0.812720,-0.095753,-1.898710,3.130505,-0.523786,0.702385
1987,0,1.829606,-1.933472,0.014530,-0.824603,-0.209442,0.613056,-1.024592,-0.124147,0.504923,-1.848949,0.775537,-0.705033,-0.306519,-0.335045,-0.189823,0.104079,-0.222647,0.246176,-0.654217,-0.291284,0.504933,-0.060986,-0.166187,-1.673453,1.467759,-0.943850,0.295161,-0.471359,-1.125967,-0.505694,-0.717894,0.748282
1988,0,2.426236,1.497628,-0.964217,0.397514,1.829716,0.559995,0.060093,-0.670130,0.328645,-1.387582,1.301348,0.322975,-0.788910,1.045562,2.246214,1.416165,0.039515,-1.114624,-0.594682,0.181047,1.472134,-1.643634,-0.777022,-1.504481,-1.070197,1.440647,0.698752,1.081495,-1.104158,-0.533150,0.141884,-1.928545
1989,2,-0.983156,0.098681,0.235829,-0.291759,-1.905842,0.450060,-0.606297,-1.051879,0.215009,0.280636,-0.416700,1.295488,-0.136144,1.572058,1.235709,1.019446,0.550632,0.945472,0.806712,0.248372,1.777084,-0.516263,-1.408412,1.111733,-0.220253,1.573827,0.179689,1.113010,-0.251683,0.509878,1.000516,0.494757
1990,2,-0.763894,-1.688312,1.810673,1.369331,-0.296345,0.923292,0.377473,-0.596760,-0.321898,-0.223210,0.471498,-1.411589,-1.659519,0.453008,-1.076471,0.894512,-0.976103,0.132942,0.658686,-1.878610,-0.739351,0.339853,2.521694,0.864975,-0.961137,0.808321,-0.453943,0.780330,1.175577,0.066266,0.375648,0.230204
1991,3,-0.045964,0.628673,0.081820,2.027950,1.051899,-0.020229,0.672534,0.683437,-0.249044,1.021416,-0.097181,0.344462,0.220392,0.440695,2.279856,-0.082418,-0.787968,-2.276107,2.034670,-0.795545,0.372456,0.299198,-1.169349,-1.854662,-0.547718,1.735935,-0.457470,1.372151,0.894186,-1.569213,1.677424,-0.729650
1992,2,1.912271,1.066392,0.464706,1.380235,-1.119182,-0.520363,-0.276869,1.147515,0.872504,0.333223,1.002671,0.132853,0.511814,-1.284322,1.570266,-0.397338,1.426868,-0.278041,0.453935,0.529957,-0.130228,-0.360603,-1.529420,1.153331,1.273263,-0.111834,0.229463,-0.128159,-0.060808,0.179491,0.436683,-0.631904
1993,0,0.282067,1.589221,1.005501,-0.257169,-0.446079,0.044579,1.285965,-0.161703,-0.008264,0.656934,-0.066198,0.849554,2.119503,-0.239341,0.803347,0.030430,0.231820,-0.006049,1.116741,0.798655,-0.654917,0.546935,1.418745,0.440398,-0.362895,-0.382122,-0.322493,-0.896721,-2.147676,-1.123616,-0.386897,-0.200032
1994,0,-1.296411,1.722934,0.935758,0.399027,-0.629457,0.065749,1.190419,0.089189,0.887490,-0.542378,-0.382866,1.254593,0.372272,-1.312128,2.431261,1.336133,-0.413996,-0.048820,-0.819516,-0.392148,0.875795,-0.573869,-0.307976,0.810192,-0.097962,-1.261620,0.293933,-0.776250,1.462840,0.099213,-0.397236,0.061055
1995,1,0.164612,-1.307728,0.633310,-0.726042,-0.731804,-0.435398,-1.182671,1.460240,-0.586890,0.077084,-1.422096,1.629825,-0.390796,0.270612,-0.133367,1.348708,0.074727,-0.247370,0.290539,-0.898207,-1.047793,-1.189466,3.003946,0.991924,1.006210,-0.381202,-0.979578,0.304924,-1.611130,-0.912626,0.865016,1.437140
1996,0,0.117468,0.077253,0.090509,0.527585,-1.357421,-0.748825,-0.648801,-1.080194,1.464113,-0.964420,0.784509,1.918828,0.368489,-1.242112,-0.399534,-0.010209,-0.471011,-1.657358,-0.898298,0.110533,-1.102072,0.002388,-0.108195,0.515264,-1.446969,0.416708,-0.015089,-1.019876,-1.771719,-0.093808,1.750873,-1.147882
1997,0,1.390398,-0.013125,0.750510,-1.549916,-0.205193,0.626071,-0.133919,1.203996,1.524283,0.223457,-0.520201,-0.412504,-1.689420,1.130265,-0.475845,-0.439534,0.073638,1.040694,-0.395987,1.127254,1.448030,-1.507403,1.632811,1.362532,0.858660,-1.204581,1.237091,2.222361,1.101782,0.078098,1.143431,-0.806913
1998,1,0.343816,0.211127,0.571475,-0.304594,-0.066150,-1.433537,-0.044120,0.234178,0.601805,-0.021092,0.315291,0.899630,0.104279,-1.073802,0.573942,-1.653294,-0.191485,-0.574188,-0.621602,0.216568,-0.672800,0.896267,1.358643,3.074302,-0.654092,0.556745,-0.482136,-0.142978,-0.805453,0.766187,0.326892,-0.301905
1999,1,-2.048518,1.553956,0.225906,-1.882963,0.228172,-0.086940,0.567828,-1.281051,0.203289,-0.774432,0.025900,-0.813732,1.169358,-1.494079,0.701446,-0.131560,0.177247,-0.953674,-1.474749,-0.594376,0.362032,-1.854174,0.822328,-0.589998,0.431652,0.330626,-0.846496,1.576204,0.337446,0.637061,0.219275,0.758562
2000,2,0.568177,0.394068,-1.114294,0.950744,-0.056040,2.310738,0.120726,-0.862901,2.746668,1.982713,-0.910709,0.275045,-3.188032,0.439846,-0.730067,1.155123,0.046316,-0.247979,0.066590,-1.011272,1.141008,-1.061472,-0.077463,-0.105826,-0.754644,0.613280,-0.320419,-0.595290,-0.969429,0.569550,-1.991876,-1.114103
2001,0,-0.064196,0.796784,-1.324732,-0.070997,-0.731657,1.003288,0.519212,-2.217182,0.359701,0.920748,1.314448,-0.389432,-0.763460,-0.200033,-0.065155,1.182217,-1.227450,-0.483377,-0.726417,0.306181,-0.100831,-0.135406,-0.734139,1.780202,-0.652992,-1.741618,1.369704,-0.070363,-1.998762,0.096417,-1.213488,1.098304
2002,2,-1.328544,1.259407,0.442924,-0.587830,-0.434503,-1.386679,0.191653,-1.863701,-1.401046,1.008372,-0.320326,-0.708670,-1.517428,-1.994282,1.673625,-0.943578,-0.800282,0.687273,0.249607,0.455192,1.206248,-0.498650,-0.912248,-1.099354,-0.761537,-0.959376,0.875169,-1.678755,-1.789480,0.104515,-0.456682,0.717012
2003,3,0.734292,-0.575950,-0.876658,1.331812,-0.583904,-0.797290,1.939734,0.222955,1.745068,1.279529,-2.323252,-1.787141,-0.736715,1.158948,0.718836,-0.239702,-0.884844,-2.298408,0.671911,0.573965,0.237892,-1.504420,-1.149263,-0.800039,1.133485,-0.969234,0.280794,0.183838,0.066740,-0.977461,-0.734414,0.716891
2004,3,0.370893,-0.288769,0.466067,0.920491,0.072069,-0.756476,-1.435648,0.381006,-0.936754,1.525272,-1.597063,1.743086,1.260252,0.071538,-1.662915,-0.716548,0.000863,0.542481,-3.115553,0.468193,0.923575,1.171078,0.598536,-0.637106,-1.405691,0.752557,1.397850,0.928695,-0.096484,0.334055,-1.529613,-1.159783
2005,1,-1.572650,0.472071,0.776128,-1.192716,-0.539624,0.036729,-0.107883,-0.178654,0.959442,-1.193127,-0.603849,0.523991,-1.310389,-0.170078,-0.521740,-1.053596,1.633502,-1.727665,-0.184210,-1.125182,-1.704120,0.826008,1.148788,0.046464,-1.146655,-1.724892,-1.174977,-2.249641,-1.555216,-0.343818,1.952769,0.874563
2006,1,-0.404596,1.329281,0.131169,-0.017023,0.591274,-0.378794,1.777502,1.534370,0.630629,-1.261603,0.302970,-0.514357,-1.262216,0.470359,0.768140,1.054337,-0.097395,-2.015433,-0.971049,-0.231365,0.647976,-1.030527,-0.730605,-0.053347,0.532588,-0.515026,0.890640,0.644731,0.842180,1.348029,1.328864,-0.637561
2007,1,1.670266,-1.102504,-1.003797,-0.242743,-1.655155,-1.218884,-1.304328,0.121101,-0.628903,0.853869,0.347615,0.169716,0.259382,-0.266590,0.341034,0.286599,0.892059,-1.515696,0.571268,-0.728963,-0.076833,0.030171,0.777160,0.520205,-0.507805,-1.300964,-1.240923,-0.495651,1.805080,-1.094842,0.825804,-0.390883
2008,2,0.903746,1.021091,0.451327,-0.455290,0.631381,2.716092,0.809741,1.498987,0.866138,1.221220,0.598579,-0.241797,0.463349,0.486592,-0.251280,0.281694,-0.834990,-0.344141,-0.918526,-1.164247,0.604397,1.504704,-1.211445,-1.572684,-0.154596,0.442800,0.951724,0.828405,0.527448,0.155912,0.220727,0.046602
2009,2,-1.188967,2.449882,1.346819,1.193439,-0.029229,0.349401,0.391395,0.070412,0.674125,1.984759,-0.583820,-0.659627,0.247333,-0.787726,0.832325,0.599281,-0.871911,-0.481277,-0.652815,0.076855,1.055592,1.009138,1.051868,1.498771,0.381337,1.561112,-0.507723,0.455660,0.035683,-0.326676,0.573170,-1.102568
2010,3,-0.643651,-0.837020,0.465526,1.775528,-3.283013,-0.826575,0.444714,-0.264785,-0.657745,-1.404903,-0.104207,-0.842723,0.889490,0.720773,-0.191622,0.281134,0.377045,0.598946,0.172388,-0.800723,2.168721,1.933403,0.264077,-1.419936,0.988206,-0.421633,0.504608,-1.472743,-1.161948,-0.972202,0.987253,0.135179
2011,3,-0.710057,-1.552053,0.034167,0.544992,0.939141,0.240862,1.251129,-0.299774,1.439714,0.019430,-0.742207,-0.472531,-0.916146,-1.931960,0.598809,0.794358,-1.242715,-0.517628,0.803418,0.552145,-1.216262,-0.227988,-1.273142,-0.330118,0.373550,1.265504,0.592261,1.603712,-1.433161,1.591491,0.366765,-0.460546
2012,2,-0.218353,0.572569,-1.461122,0.584676,1.054811,0.595144,-1.887070,-0.176990,1.115926,-0.710760,0.106396,2.245287,-0.822441,0.975653,1.157967,0.180186,-0.529214,0.613743,0.422962,-0.908565,-0.138812,-0.157235,0.196605,0.042808,-1.865732,0.939235,-0.802369,-0.378578,-0.831412,0.543072,0.610980,-1.360248
2013,1,0.255644,0.361823,-2.111327,-0.605746,0.177061,-0.861665,-0.170239,-0.310724,-0.286876,1.399057,-0.972793,-1.023585,-0.537308,0.445008,1.105405,-1.394053,1.745696,0.151140,0.396067,-2.015738,-0.990051,0.157370,0.188224,-0.843017,-0.152163,-1.322888,-0.949968,0.741738,-0.531260,-0.790868,-0.513733,-1.272660
2014,2,0.633927,-2.563046,1.196895,0.634964,0.081016,0.986399,1.198151,-0.072628,-0.468718,-0.856342,-1.097859,0.973458,0.119430,-0.826040,-1.086404,-0.187110,1.487956,-0.487151,0.984746,0.997993,0.798957,-1.096852,-0.180886,-0.434945,0.012992,-0.075503,1.553810,-0.561895,0.320594,0.113978,1.387718,-0.996821
2015,1,1.444161,0.737763,-0.143191,-0.201323,0.529625,-0.555861,0.371408,-1.069644,-0.121981,-0.586268,-0.419741,0.223355,1.232619,0.989111,0.764166,-1.089253,-0.373250,0.475036,-0.632306,-0.569688,0.700647,0.276409,0.224387,-1.377798,-1.282481,-0.161704,-0.812586,0.242384,-0.195677,-1.840686,-1.208877,0.833250
2016,1,-1.197020,1.163701,1.342249,-0.167678,0.659302,0.941121,-0.056136,-0.260927,0.834312,0.202885,0.658757,1.102447,-0.116691,1.106287,-0.601638,-1.378644,0.921203,-0.014318,-0.011727,0.895694,0.180699,-0.917161,0.562612,0.952719,1.612321,-0.118851,-0.851650,0.793400,0.730086,-1.305302,-0.497293,0.493837
2017,0,-0.284912,-0.830196,-0.138020,0.816906,1.020733,-0.799365,-1.221109,-0.781552,-0.295077,0.707216,-1.395392,-0.099112,-0.653322,1.053276,0.024662,-0.365789,-0.225542,1.494022,1.229585,-0.316382,-0.699697,-1.672370,0.015716,-1.182430,-0.175230,-0.763391,0.313435,-0.495191,0.759996,0.438918,-0.949358,-0.511898
2018,1,-0.908027,-1.465907,-0.026255,0.005771,-1.096161,0.146971,0.773071,0.029214,0.884622,0.586508,0.798847,-0.480240,1.317136,0.096999,0.510703,-1.194659,2.008856,-0.119652,-1.202453,1.409032,1.692437,0.110404,0.598021,0.300688,1.129020,1.071161,-1.206667,-1.510956,-1.100878,0.736268,-0.708203,0.118198
2019,1,0.677913,1.901951,0.422477,0.481497,-0.218171,-1.358050,1.575543,1.498942,-1.010740,-0.228735,1.064568,1.922609,0.918766,0.580501,1.244408,-1.041604,0.273654,-2.535223,0.369626,-0.532923,1.092823,-0.178004,1.556654,-0.764942,0.389317,-1.226611,0.672627,0.351836,0.301484,-0.361172,-0.253216,0.752094
2020,2,-0.898567,-0.551562,0.901886,1.144478,-0.660968,-0.870326,1.162613,1.241537,0.956690,1.103861,-0.702091,-1.053483,-1.873628,0.526337,-1.196991,0.172742,-0.299874,0.237821,-0.962551,0.947639,-0.244543,-0.402280,-0.154060,0.027568,-0.122297,0.089370,-0.591262,1.327459,1.852563,0.165288,-0.905537,-0.974108
2021,0,0.672732,-1.124315,-1.064132,0.948183,0.750786,-1.328582,0.351223,0.663640,-0.971795,0.982476,0.792548,2.265198,-0.202040,0.293822,-0.230244,-0.158158,-0.059013,-1.813452,1.968069,0.953420,1.761832,-0.148044,0.683785,0.879372,1.309208,0.181356,1.916473,-0.461628,-0.284505,0.650776,0.125450,-1.458851
2022,1,0.258026,1.375762,-0.336944,-2.019888,0.439784,1.882327,0.067163,0.340986,1.028396,-0.955935,0.590539,-0.086299,0.384717,-0.735433,-1.002487,-0.716826,1.722322,-0.196414,-0.710628,-0.982545,-1.174916,-1.461067,-0.802289,1.295826,1.986634,-1.588271,0.176696,1.446019,0.739491,-0.975155,0.454616,0.232433
2023,0,-0.829960,-1.640560,1.133419,-2.128292,-0.167815,-0.117673,-1.108953,0.154394,0.440343,0.393796,0.670497,1.380253,-0.602957,1.049581,0.400240,0.216062,-1.150080,-0.213063,-0.185618,1.879951,0.760655,-0.020609,-0.490868,0.149379,0.634094,1.211075,1.717302,0.263895,0.331999,1.992539,0.515267,1.197725
2024,0,-0.259221,-0.807548,-0.529894,-1.006209,-0.650456,-1.294138,1.477289,-0.753047,0.560134,-0.675820,-0.199035,-1.370012,0.532682,-1.645458,0.870504,-1.071822,0.147484,-1.944222,-1.257413,0.794670,-0.608408,0.126823,0.638788,-0.638878,-0.239197,-1.766774,-0.569617,-1.406070,-0.375697,-0.307373,-0.781243,-0.010128
2025,2,0.293349,-1.055976,0.290829,1.147441,-0.603661,0.441813,-1.044898,-0.328868,-0.047496,0.653721,-0.836872,-1.376089,-0.822013,1.086661,1.711843,0.298182,0.531632,0.507051,-0.397189,2.031393,-0.254495,-1.343827,0.163706,-0.747415,-0.240987,-0.126081,-0.171578,0.196597,-0.182966,-0.077688,0.598540,-1.602635
2026,1,-1.243502,0.264314,1.005137,1.014362,-1.212920,-0.571412,-1.406107,-0.194931,-0.293831,0.966591,0.100674,0.664639,-0.761645,1.095301,0.062584,-0.467716,-0.691959,-0.016785,-0.300660,0.002009,-0.919079,1.556101,0.350046,-0.513680,0.622970,-0.541224,-0.724042,0.618612,-1.579817,2.252633,1.249100,-0.059397
2027,0,0.155424,-0.599586,0.479376,-0.397494,0.190252,0.300090,-0.017656,0.408582,-0.274780,-1.191811,-1.000404,0.211983,0.534752,0.431321,0.642473,-0.836194,0.256695,-0.031008,1.388469,0.624046,-0.208847,-2.070777,-0.166675,-0.087000,0.245342,1.436582,1.779681,1.016528,0.420358,2.698413,2.285201,0.657314
2028,2,1.808451,-1.032484,2.500486,-1.009960,-1.146039,0.010506,-0.940825,0.149162,-0.011314,-1.102571,-0.691328,0.213802,-1.365116,1.132348,-0.228905,0.638827,-0.551953,0.046336,-0.272360,0.507264,-1.018711,-2.953683,0.544406,0.156508,0.361212,-0.634382,-2.486585,0.008535,0.676542,-1.631221,0.799320,-0.052044
2029,0,0.236537,-0.064348,0.609878,-0.774803,-0.357665,0.310446,1.217975,0.751162,0.157123,-0.504360,0.654744,-0.777865,0.484460,0.282274,0.505707,0.225658,-0.203657,0.701884,-0.393366,0.293022,0.811739,-1.226836,-0.406744,-1.337229,-1.213253,0.158925,0.115123,0.303739,-1.496550,-0.249875,-0.180296,1.806902
2030,0,1.019020,-1.741278,-2.371564,0.074297,0.988974,0.293166,-0.547654,-0.075233,1.669777,-0.916432,0.953001,0.753559,-0.164875,0.242831,0.804485,0.071253,-0.217757,0.487442,0.581726,0.924792,-0.547183,-0.683106,0.739395,-0.427423,-1.752766,0.206831,1.045257,-0.221788,0.704421,-1.154495,-0.096044,-0.723835
2031,3,0.009784,2.386414,1.026728,0.469504,0.478977,-0.584461,0.287391,0.299819,2.705099,-0.437549,-2.332243,1.008657,-0.986085,0.201042,-1.037389,-0.826060,-1.319671,1.113622,-1.889377,-0.891283,1.282616,0.013696,-0.028026,-0.669499,-0.813696,-0.722920,-1.055563,0.832990,0.160148,-2.191641,-1.148430,0.616960
2032,3,-0.951195,0.257651,-1.978847,-0.171166,1.372884,-0.088332,-0.755340,1.916900,0.662843,-0.830843,0.456870,0.455132,1.193730,-1.921584,-0.952489,1.732858,-0.402062,-0.874247,0.981409,0.622248,-0.112932,-0.965353,0.047626,-2.060186,-0.408639,-0.142436,-1.192801,-0.323119,-0.348190,-0.296164,0.069372,0.050949
2033,0,0.716525,-1.657851,1.174662,-0.201932,-0.514105,0.424966,-0.630950,-1.422103,0.438537,-0.019213,-0.082857,-0.172970,0.449889,1.264566,-1.685830,0.259768,-1.390900,-0.772629,1.961853,-2.085846,1.123577,1.606098,-1.107906,1.197068,0.793172,1.513932,1.423488,1.143674,0.159877,-0.125459,-0.767713,-0.290971
2034,3,0.462806,-0.334412,2.111792,1.058802,-0.100476,1.008694,-0.986730,-0.045971,0.347815,-0.187201,-1.171475,-0.829844,-1.713857,-1.396386,0.168252,-0.005784,-0.436576,1.412628,0.113683,-0.575612,-0.285040,1.588923,0.383137,0.289826,0.778184,-1.090203,-2.274802,-1.125761,1.809477,0.661924,-0.553084,-0.230329
2035,0,0.316144,0.714170,2.196442,0.597831,-1.558499,0.104163,-0.407154,0.338263,-1.167391,-0.524836,1.368209,0.136784,2.482574,0.382663,0.327130,-0.258674,1.124212,1.005065,0.559814,-0.120911,1.837956,0.817365,0.811913,0.979960,-0.141715,-0.439719,0.129953,-1.181562,-0.524801,1.155664,0.767313,-0.931770
2036,1,1.010820,1.869896,-1.465984,-0.741391,2.097756,-1.982477,-1.885576,-0.094485,-0.295047,1.307390,0.237254,-1.110964,-1.315198,-0.139714,1.223364,-0.348724,1.145754,-0.354129,-0.198998,0.485685,-0.975001,-0.160292,-0.168189,-0.055610,0.228357,-1.357181,-0.137667,0.434748,1.049228,0.643370,0.195934,1.266616
2037,3,-0.374936,0.092817,-0.876028,1.014033,-0.655915,-0.345202,-2.267635,1.041134,1.382593,0.255542,0.056537,-0.746511,-0.723563,1.081073,0.814844,0.167124,-0.789236,-1.879351,-0.968099,-2.392805,0.812926,-0.222178,-2.780117,-0.677190,-0.655609,0.786338,-1.815163,0.325401,2.007493,0.744729,0.337632,0.213572
2038,1,0.796902,3.575871,-0.144928,-0.503984,1.171755,0.751830,0.506158,-0.162677,2.399681,0.071594,-0.565504,0.749785,-1.936496,-2.034861,-0.433817,0.930411,2.433356,1.077884,1.766302,0.736439,-1.563797,0.107186,0.889968,-0.467068,-1.834411,-0.040831,-0.791075,-0.503588,-0.246942,1.858348,2.905950,2.065177
2039,2,0.349066,-1.605247,1.614096,-0.317094,-0.161550,-0.396485,-0.183690,-1.114379,-0.202728,1.610522,0.629365,-0.069769,0.713718,0.248987,-1.007278,1.063553,0.111124,0.845472,1.112757,-1.129023,-1.622813,-0.013411,-1.489764,1.489760,-0.334986,0.850124,0.148804,-2.550908,-0.358443,1.427814,-0.952785,-1.331152
2040,3,-0.244941,-0.790541,-0.693754,1.046341,1.584271,-0.002928,0.270186,0.413553,1.025707,-2.942763,-0.734990,-0.075943,0.038283,1.868519,-0.918551,-1.164074,0.445959,-0.685239,-0.069093,0.810268,-1.055686,0.475471,1.120273,-0.477443,2.075848,0.435388,-0.391952,0.209906,1.113519,-1.148018,-0.047677,0.811205
2041,2,-0.219942,-0.284247,1.977257,-2.636456,1.105476,-1.311069,1.380739,-0.873460,-0.224001,-0.160240,-0.604293,0.780639,-0.068402,1.098235,-0.356175,0.700562,2.025143,0.852835,-0.338087,-0.366574,-0.994731,-2.633483,-2.521095,-1.248589,0.715951,-0.503780,-0.083101,-0.612800,-1.500435,-0.710869,0.530887,0.681312
2042,0,1.357616,-0.459176,-0.719375,-0.186392,-0.332796,0.855858,-1.508771,-0.204921,-0.454392,-0.577289,-0.093205,1.521470,-0.090454,-0.094239,0.231606,1.288930,-1.324759,1.147989,-0.639293,-1.065997,-1.083814,0.768324,1.292920,-0.044720,1.543823,1.256337,0.297468,-0.493801,0.321112,-0.419097,1.728672,0.763004
2043,2,-1.421842,0.370094,1.131469,0.680128,-1.167282,2.106957,-2.937226,0.722802,-0.229259,1.256927,-0.945000,-0.605145,-1.751206,0.042737,1.600223,0.087826,-0.684642,-0.746965,-0.890863,0.752861,0.114849,0.479777,0.258831,-0.737864,-0.114628,0.404528,-0.911898,-0.170086,-0.910250,0.845512,-0.804235,-1.637969
2044,0,1.413281,-0.831578,-0.701985,0.295176,-0.406917,0.174405,-1.704710,-0.319994,1.352101,0.185304,0.699608,2.647612,0.752893,-0.845074,-0.342895,0.689399,0.867618,-2.203117,1.352087,0.050296,-0.631745,0.070500,-0.549948,0.021706,-0.305367,-0.424299,1.636055,0.508947,0.884859,-1.094119,1.432295,-0.008423
2045,0,2.308686,-0.345338,-0.861467,0.265937,0.374060,-0.973473,0.654811,-0.474747,0.349769,-0.262912,1.140306,-1.175335,-1.351734,3.694299,-1.027938,-1.416561,-0.529880,-1.320500,-0.662622,-0.830307,0.938292,0.628463,-0.548901,0.251415,0.496312,-0.398398,-0.644621,0.319936,-0.155090,-2.399734,0.447322,0.977183
2046,3,0.494281,-0.684287,-0.501422,1.948684,-0.749148,1.835372,-1.267056,0.816724,-0.329241,-1.589862,-0.488883,0.917079,0.454925,-0.301400,-0.160856,-0.053602,-0.848257,-0.925466,0.869696,0.868883,0.913354,0.016597,-0.918050,1.353735,0.979721,1.507829,0.783985,-0.263028,0.762797,0.336279,-0.351653,-0.050676
2047,3,0.814622,-0.454616,-1.332866,-0.326710,0.038736,0.519592,-0.266112,0.911008,0.478813,-1.642708,0.187800,0.323312,-0.474785,0.299503,-0.473880,2.318099,-1.013560,-0.883227,0.020539,0.007432,0.912292,0.763221,-0.305807,0.309417,-0.140764,-0.024635,1.176005,-1.368885,0.382258,0.755749,-1.618541,0.205528
2048,3,0.263079,1.257322,-0.498445,0.326175,-1.226834,0.282455,0.175205,0.729345,2.884005,-1.046391,0.907252,1.219799,-0.147206,-1.209444,-0.347192,-0.169122,-0.422466,0.417587,0.148903,0.542685,-1.168465,2.166158,-1.016774,-1.866900,0.903576,-1.007618,0.391907,0.163418,1.187655,1.076312,-0.372976,0.862446
2049,1,-2.449699,2.153641,0.521352,0.515167,-1.619570,-0.640059,1.365963,0.885632,0.078516,-0.163468,0.914267,1.200799,0.123862,-0.510538,0.220182,1.319795,-1.499748,-0.584129,-0.013786,0.994405,-0.870268,0.497916,0.770200,-1.063117,0.230042,-0.031011,0.633876,-0.562542,-1.599391,0.089257,1.387761,0.414068
2050,1,0.044953,-1.340875,2.726148,0.742261,-0.417052,-0.282228,-0.379791,0.324848,-1.537279,1.238935,0.998119,-0.600760,-1.332051,-0.759475,-0.584153,-0.273503,-0.339044,-0.388707,-0.600032,0.507207,1.293855,-0.489120,1.137757,-1.306597,0.782297,-1.563453,1.010319,0.072124,-0.315698,-0.055701,0.373328,0.194752
2051,1,1.068217,0.628694,-1.500704,-0.064174,0.127309,2.320828,-0.218810,0.775948,-0.640920,-0.298904,-0.257569,0.015007,-0.386801,-0.163482,0.005084,-0.893157,0.063812,-0.618347,1.497260,0.879011,-2.116271,0.634109,1.437335,0.690894,-0.538686,-0.574722,-0.539442,1.716092,-0.144329,-0.806607,-1.469901,-0.167467
2052,3,0.780222,-1.020558,-0.545660,-0.636950,-0.313916,0.306495,-0.422187,-0.840123,-0.427028,1.564809,-0.920643,1.513311,-0.131242,0.920821,-0.139201,2.107550,0.899952,0.060869,1.106260,0.468724,0.416356,0.270967,0.215527,-1.049113,0.894139,-1.242324,-0.386278,0.135750,-1.115790,2.081305,0.303818,0.760451
2053,0,0.019631,-0.851977,1.820956,0.504952,1.216617,2.086256,-0.734636,0.301645,1.587395,0.307323,-1.006273,0.508558,-0.342978,0.277056,-0.562653,1.399783,1.003817,-0.611883,1.405189,1.382253,0.858406,-0.931158,-0.329890,0.727134,-0.197814,-0.451330,-1.206418,-1.672796,-1.679475,1.344337,-0.932068,-1.758616
2054,3,0.939049,-0.920310,-1.090163,1.468848,-0.797019,-2.151133,-1.605983,-1.177537,-1.408434,1.203686,-0.008607,-1.354490,1.504587,0.566099,-0.171821,1.378301,0.388192,-0.020682,-0.372235,1.660807,-0.405836,0.566464,0.604627,-1.973221,-2.121313,-2.135319,-0.973621,0.532313,-0.000920,0.801803,-0.070736,1.050836
2055,0,0.292663,0.379896,-0.038208,0.315428,-0.814092,0.353455,0.509642,1.437742,0.576903,-0.866821,-1.693694,0.445879,-0.434022,-1.183977,0.265813,-0.898759,-0.485877,0.394493,0.128904,-0.181177,-2.773775,-0.920696,0.468103,0.811823,1.578499,-0.214875,-2.390604,-0.397693,0.039251,-1.524318,0.900947,0.496769
2056,1,0.368651,2.125238,-1.258461,0.033407,0.245360,1.498072,1.866475,0.768068,1.032622,-1.272350,0.966598,-0.809589,0.607571,0.433896,-1.695353,-1.340195,0.924016,-0.611821,-1.570948,-2.198527,-0.187888,1.304588,-1.583699,-0.418565,1.074260,-1.647941,-1.431117,-0.440550,-0.175315,-1.430557,1.500923,-0.588861
2057,2,0.015715,0.703031,0.507262,0.404786,0.018223,2.377753,0.789455,-0.267050,0.334682,1.790308,-0.227544,-1.796543,2.028812,0.059540,0.628950,-0.360416,-2.087661,-0.868947,-0.140065,0.316971,0.046777,0.517674,-0.188952,-1.456765,0.190946,2.619246,-0.111021,0.049381,-0.686253,-0.498994,0.277599,-1.395740
2058,0,0.163405,-0.227441,-0.075550,0.347654,0.098912,-1.046781,-0.753642,-0.825293,1.245710,-0.411236,-1.440999,-1.227678,0.013998,0.788312,-0.654406,-1.115289,-0.375686,-1.353189,-0.910044,-0.500230,-2.351316,-1.748449,-0.487092,-0.612994,1.379207,-0.174273,-1.863301,-1.094141,0.253785,-0.018561,0.331595,-1.350797
2059,2,-0.822422,-0.685486,1.654448,2.125680,0.449294,1.865332,1.348327,-0.477529,0.757406,0.353018,1.770735,-0.396031,-0.436861,1.648006,0.097502,0.579774,0.976119,1.658975,-1.372922,-0.793344,-1.448461,0.134298,-2.161226,0.349272,0.662051,0.094066,-1.077517,-0.589506,0.965684,-1.252366,-1.034031,-1.293311
2060,0,1.528212,-0.646472,-0.213179,-1.768948,-0.219210,-0.742125,1.959995,-0.950387,1.269304,-0.987796,0.070115,0.821655,-0.170410,-0.694672,0.085337,-2.611155,1.304524,-0.229607,0.948717,-1.200362,-0.857860,0.390716,0.167306,-0.042104,-3.197999,0.013495,1.539193,1.297383,0.365297,-0.903935,0.403130,1.030786
2061,2,0.493743,0.125008,1.683455,-0.951071,0.336837,-0.803277,-0.179217,0.163914,-2.957731,-0.874558,-0.066482,0.970369,-0.891642,1.902220,-0.075837,2.527128,-1.454812,-0.847155,0.932531,0.640576,-0.766404,-0.550037,-0.877194,0.512331,0.972676,1.814856,0.314648,0.223872,0.267481,-0.851579,-1.658978,0.041093
2062,0,0.802499,-0.314950,1.935901,0.088054,-2.560559,-1.081513,0.536029,-0.439970,-0.070503,0.702917,-0.794066,-0.286236,-1.129035,-2.237479,-0.375609,-0.376364,0.223060,-0.977029,-0.066086,0.894843,-1.303210,1.970057,0.496235,-3.204155,0.427522,1.942769,-2.319148,-0.122715,-1.385451,0.903303,0.474748,-0.753540
2063,2,0.408768,-1.992545,-0.118171,0.293970,0.902423,-0.011708,0.864181,0.689359,0.550472,-2.125115,0.509189,-0.467709,0.129467,-0.021831,0.357733,2.117116,-0.098747,0.488217,1.786243,-0.609991,0.886753,1.575756,1.871523,0.832808,-0.434811,0.199754,-1.678052,0.858524,-0.487404,-0.102044,-2.045554,0.704267
2064,2,-0.701574,-0.400084,2.152492,-1.111358,-0.923410,0.902061,0.790835,0.302101,1.172864,-0.265369,-0.557254,0.527833,-0.312075,-1.094240,2.134345,-0.447453,-0.149100,0.711164,-1.130328,1.733235,-1.241751,-0.671789,-0.261225,-0.420920,-0.551578,1.247241,1.154972,0.244234,0.812069,-0.191338,1.617479,1.198557
2065,3,-0.702970,-0.080470,-0.630315,-0.471365,0.480032,1.193634,0.718947,0.360190,-0.266930,0.564068,1.763957,-1.128000,-0.025219,-0.067172,0.566570,0.628141,-0.623660,0.151636,0.821154,0.445800,-0.320260,0.020067,-2.215042,1.460611,1.801379,-0.525642,0.754589,1.533892,0.956020,-0.479612,0.156185,-0.093605
2066,2,-2.265922,-0.738046,0.603272,-1.332461,0.480895,-1.244371,0.796008,-0.816946,-0.870188,-0.460418,-0.440135,0.385651,-0.947289,0.699061,0.191264,0.634424,-0.242185,0.765861,0.611645,0.102520,0.879929,-0.817803,-1.236510,0.729986,-1.320296,-1.253083,-0.722977,0.765978,0.893533,-0.100757,-1.007763,-0.503311
2067,2,-0.830515,2.955354,0.428610,1.785928,-0.653997,1.961015,-1.170235,0.561941,-1.740308,-1.588330,0.175308,0.152186,1.121009,-0.653870,-1.474250,-0.021607,-0.389161,0.000911,-0.047566,1.442382,-0.001167,0.896104,0.741886,-1.273092,-0.679857,-0.480441,0.064296,-0.365894,1.901130,0.095597,-0.146653,0.402393
2068,1,-0.892322,-0.745667,-0.505925,-0.749079,-0.842890,0.419374,-0.363507,1.470054,0.353716,-0.364109,0.038894,-1.162317,1.173077,-0.469590,-0.330318,1.484085,1.135782,0.597621,0.476341,0.317039,-1.060194,-0.361232,2.212212,-0.173092,-0.866352,-0.016186,-0.755471,1.028595,-1.835349,-1.227943,1.952124,0.657134
2069,1,-1.549023,-0.480273,0.541229,0.039609,-0.526439,-0.748174,0.211143,-0.023454,0.420342,1.889854,-0.442752,0.960076,1.014165,-0.421444,-1.121462,0.503766,-1.559830,-0.810950,0.578007,1.605945,0.243259,0.257389,0.331656,0.666480,-1.842651,1.460802,0.587768,0.525869,-0.419595,-1.558597,-1.252098,0.414989
2070,2,0.016590,1.308325,0.932623,1.319960,1.338227,-2.734105,0.343423,1.947177,0.035363,0.297837,-0.187270,0.037935,0.974026,1.733903,-1.230589,0.181172,-0.869367,-2.299112,1.099777,0.130410,-0.597785,-1.003015,0.613421,-1.225418,0.089015,2.615758,-0.155667,-0.429703,-1.839810,1.435743,1.215988,2.030272
2071,1,-0.550152,0.629473,-0.956158,-1.277227,-1.994381,-1.110409,-0.822182,0.120632,-0.493810,0.505964,-0.967511,0.546502,0.627670,-1.321883,-1.431338,1.527331,-1.240044,0.190207,0.439597,-0.224573,-1.630280,-1.449774,0.753303,-1.552921,-1.768744,0.950099,-0.467602,-1.876570,-0.513645,2.245836,-0.038392,-0.092205
2072,0,-0.365838,-0.361901,0.661244,0.308272,-0.282458,-0.015846,-0.161414,0.577190,-0.805301,0.658539,0.028875,0.538818,-0.059208,-0.720085,0.770772,1.086823,-0.130316,-1.003978,-0.782343,-1.655874,-0.271729,0.026578,-0.450331,-1.008501,0.338589,1.604339,-0.330486,-0.255956,-0.303395,1.113724,-0.550737,1.033434
2073,1,-0.743922,-0.268393,-0.608450,-3.119365,0.044788,1.076069,-0.236698,-0.673144,-0.706513,-1.807732,0.461886,0.711833,-0.451745,-3.047334,1.248336,-0.747809,0.616784,-0.911397,-1.633272,0.207235,-0.234506,-0.723428,0.170955,-0.517238,-0.201353,-0.637222,-0.129932,-1.246181,-0.821831,0.058447,1.504436,-0.632240
2074,2,-0.301803,2.415749,0.075020,-0.106594,-0.807151,0.821581,0.195150,-1.616052,1.218792,-0.208927,-1.417505,-1.130446,-0.311913,0.574558,-0.868208,-0.390581,-2.015830,1.280279,1.014241,0.234339,1.660066,0.722476,-0.367115,1.206034,0.343341,-0.275387,-2.972703,0.479280,-0.060715,0.129063,-0.022758,-0.515236
2075,2,0.972185,-1.106122,1.435066,1.658587,-0.018465,0.417232,-0.579961,-1.734718,-1.001055,2.149356,0.179391,-0.834451,-0.009179,-0.083426,0.468617,0.167558,-0.589737,-1.296424,1.115197,-0.102225,1.095310,0.345827,-0.170168,-0.151924,-0.357899,-0.556293,0.596796,-0.739765,1.006104,0.825615,0.294604,-0.784951
2076,1,0.396820,0.526924,-0.595705,0.095401,0.987975,-0.203195,1.248837,-0.520931,1.029687,-0.243641,0.319809,-0.298006,1.424066,1.239200,-0.528183,0.740287,0.269244,0.403197,0.242067,-0.995575,0.876505,0.217752,-1.477898,2.214474,-0.500791,0.517606,1.154413,0.414495,-0.288112,0.346149,-0.574488,0.488019
2077,3,0.276801,-0.284903,-1.876701,-0.276548,1.021908,0.178954,-1.091420,1.332195,1.447853,0.510539,0.832440,1.410215,-0.747924,-0.760040,-0.216614,-0.464198,-0.594468,-0.842574,-0.006202,-2.128309,-0.990412,-0.250565,0.847325,1.460433,-0.466467,-0.879097,-0.070710,-2.110589,0.087284,-0.626676,0.502959,1.265085
2078,0,0.470271,-0.256474,0.417895,0.422021,0.474656,1.805504,-1.329119,1.242149,-0.155756,0.484550,0.468047,-1.335237,-3.051280,-1.045942,-0.527367,-1.267557,0.409662,-0.860627,-1.997302,-0.534996,-0.040086,0.492455,0.786265,-0.243992,-0.109945,0.568009,1.169819,2.918895,0.904619,1.054159,-1.011817,-0.223672
2079,1,-2.070111,0.064863,0.688093,-0.569774,0.563093,-0.530376,-0.493205,0.666287,-0.333144,0.604571,-0.128204,0.876074,1.023403,-1.196209,-0.244846,0.546953,-0.743283,1.481032,-0.019944,-1.315554,-0.729293,-1.017238,-1.403320,0.540402,-1.579670,-0.394997,1.326878,0.223140,-1.360141,0.416728,-0.690511,-0.462137
2080,2,-0.831378,-1.476701,1.315735,-1.602602,1.005373,-0.721802,-1.160750,-1.035520,-1.786465,1.382174,-0.817100,0.405010,1.194274,1.259717,-0.368598,-0.732938,1.398417,0.086105,-0.032029,-0.059756,-0.787399,-1.532952,-1.210445,-0.239479,-1.969712,0.123299,-0.248351,-1.479309,-0.920730,-1.432852,-0.749349,-0.813711
2081,0,0.072890,-1.417740,-0.503163,0.459769,-0.879679,-0.293325,0.970919,-0.845251,-1.602043,-0.451494,-0.844597,-0.138556,0.233622,-0.683064,-1.097045,-0.695773,-0.679912,-0.381323,0.230566,0.659009,-0.906896,-0.777391,-0.115427,0.505341,-1.095133,0.937999,2.309792,0.852859,-0.449105,1.077134,-0.419075,0.188210
2082,0,-0.199033,1.335414,0.429229,1.948780,-1.096826,-1.749440,0.630941,0.512561,-0.065843,0.220651,-0.560223,-1.463926,0.305561,0.083922,-0.298986,-1.890108,1.085316,0.235374,1.550831,0.793973,0.274915,0.683320,1.449932,1.287863,-0.719263,1.247592,0.296094,-1.374359,1.661997,0.353482,-0.413454,1.320752
2083,0,-1.962461,-0.040085,-0.038610,0.831936,-0.604884,0.503870,-0.653049,-0.898632,-0.565343,0.157246,-0.280413,0.466192,-0.862231,0.526732,-1.523429,-0.239274,0.856477,0.115955,-0.913754,0.260937,0.415050,-0.023794,2.426778,0.381733,0.445014,0.140999,-0.799745,-1.145808,-0.302755,-0.133130,0.526623,0.914338
2084,3,0.497862,-0.421511,-0.675722,0.735508,-0.323808,0.274290,0.316125,-0.156487,0.673596,-0.470506,-0.866520,0.248119,-1.255725,0.616185,-0.442437,-1.639947,0.395315,0.794438,0.682623,-2.449944,-0.080328,-1.163100,-0.463349,-0.333848,0.385009,-1.048268,0.861424,0.968809,0.286047,3.315557,0.725513,-0.422951
2085,0,-0.288784,-1.091658,0.827474,0.995080,0.557482,0.743520,1.366049,-2.203596,0.700489,1.243547,0.759273,-1.188717,-0.139684,0.520430,0.596031,0.426568,-0.645606,-0.676723,0.119464,-1.048915,-0.120279,-1.449784,-0.906099,0.977272,0.949964,0.368238,-0.502286,0.847444,0.818283,1.375252,-1.044190,-1.023180
2086,2,-0.345908,-1.248924,1.589192,0.551125,-0.442114,0.836704,1.216171,-0.784845,-0.182970,0.133503,-0.154278,1.637935,-0.046837,1.525747,-0.946905,0.724744,-0.258406,-0.105777,-0.852610,0.028546,2.302470,0.910534,-2.137197,-0.211201,-0.311114,-0.536936,-0.288751,-1.271884,-0.068913,-1.829678,0.412599,0.779217
2087,1,-2.380077,-0.769153,1.870002,-0.112716,-1.647326,-0.342283,-0.153839,0.004143,2.143794,-0.062554,1.604994,-1.403626,0.247849,0.715275,0.637381,0.190394,-1.680619,-1.309382,-2.316961,0.383649,-0.890074,0.285983,-1.992951,-0.594999,1.318773,1.042020,-0.340658,-0.933106,1.644547,-1.015644,-0.536911,0.155540
2088,2,0.651909,-1.215355,2.094589,1.011724,0.063156,1.341968,2.696435,1.293151,1.514717,1.462648,-1.075448,-0.343141,0.086285,0.257248,-0.072166,1.003682,-0.105101,-1.660197,-1.310429,0.202473,-1.086208,-0.544836,0.383306,1.808549,-0.287191,0.074134,-1.136025,-0.984963,0.826396,0.327116,1.897118,-0.834391
2089,2,0.038511,1.049625,0.189983,2.131791,-0.821629,-0.838601,-1.029352,-0.590454,1.074179,-1.173535,-0.977430,1.028721,-0.940346,-2.393649,1.319179,0.224600,0.764717,-1.786000,-0.338278,-0.071846,-1.800037,-1.450647,0.707300,0.767716,1.276576,-1.574390,3.346184,-0.248820,-0.984968,-0.356316,-1.167754,-0.371043
2090,3,1.342406,0.844594,-0.080756,-1.174790,-0.707456,-1.613887,2.002220,0.723207,0.744683,-0.198146,0.527323,0.172271,1.459104,1.666746,0.902597,-0.797281,0.060844,-1.181666,-0.678148,-1.781881,0.522381,0.493120,-0.124815,-1.366722,-0.619134,0.381229,1.191065,-2.048006,0.227671,0.222790,0.149300,-0.357867
2091,2,0.497997,0.166322,-1.636839,0.086942,-0.722884,-0.335668,1.409606,-0.922684,0.770180,0.896387,1.047075,0.358072,-0.601934,0.347487,-0.124031,2.972147,1.263789,0.327132,-1.256923,-0.438844,-0.601912,0.327225,0.125761,-0.437764,0.205102,0.138660,-0.216336,1.694631,-1.411039,0.685716,1.044948,-1.110926
2092,2,-0.482836,-0.495467,0.749915,-0.480340,1.113202,0.260576,-2.127733,1.544441,0.545061,1.238853,0.816919,2.120372,0.267094,-0.653171,0.684310,-0.662378,-0.871145,0.449310,0.794600,-0.131119,1.200028,-0.850434,0.779701,0.667218,0.831782,-0.347193,-0.247532,0.338255,0.217143,0.264603,0.677328,1.450057
2093,2,0.190660,0.316801,-0.665749,-2.196312,-1.211299,-0.649371,0.286524,-0.415173,-0.583058,-0.808601,-1.155290,-0.359135,-0.041665,-0.073947,0.484788,0.851152,1.998681,0.563481,1.300255,2.503196,2.179420,-1.721506,-0.308317,1.542559,-0.585572,-0.151069,-1.880100,0.594097,0.046937,-1.481953,0.573129,-0.008957
2094,0,0.504918,-0.694267,0.599598,-0.528755,-0.047191,-2.460492,-2.155417,-1.638237,0.203834,0.237080,-0.137441,0.456414,0.967072,-0.388568,0.551391,2.276820,-1.474746,-1.169030,1.308426,-0.654141,-1.759397,-0.210708,-0.887669,-0.044418,-0.632840,1.038835,0.023970,1.922931,-0.450319,-0.319759,-0.485429,-0.184375
2095,1,-0.042303,0.706412,-1.829337,0.272960,-2.331976,-0.002088,0.547271,-0.386351,0.248745,0.845911,-1.708598,0.325341,-1.544390,0.149910,0.500381,0.226096,1.421529,-0.497473,-0.504675,1.258565,-0.362085,0.558794,-1.078928,-0.696503,-0.324601,0.834913,0.239283,-0.205307,-0.859500,-1.054565,0.054262,-0.755230
2096,3,-0.525428,-1.390446,-0.703645,1.481225,0.069362,-0.130356,0.699872,-1.139236,-0.639375,-0.995734,0.910715,1.152751,-0.024659,0.548555,-0.562268,0.971696,0.861215,0.451127,-0.375666,-1.292126,-0.762174,-3.102656,1.944016,-0.156545,-1.104312,0.026734,0.889734,0.736949,-2.138527,-0.352026,1.204859,-0.126239
2097,0,1.353659,0.916080,0.516915,-0.731301,-0.526598,-0.713473,0.282107,-0.301764,0.064692,0.685698,1.977988,1.610853,0.334275,-0.348433,-0.022196,0.063263,1.318312,0.414336,1.642793,-0.136867,0.635528,-0.547422,-2.312705,0.412846,0.151053,-1.232421,1.710396,-1.171088,-0.089658,2.207821,0.086199,-0.733368
2098,0,-1.213719,0.038351,0.373328,-1.954482,-0.521004,0.571626,-0.023587,0.606121,0.758929,0.223108,0.407312,-0.173303,1.292760,-0.809051,-1.335458,-1.500571,-0.435639,-1.634845,-0.986189,0.491883,0.644696,-2.032933,0.541032,0.519239,1.483438,-1.191916,1.397261,0.402571,0.740434,0.167605,0.075388,-0.875524
2099,1,0.590702,-0.227643,-0.027378,1.382060,0.276616,0.689967,-0.479203,-2.055756,0.312739,0.395975,0.086882,-1.153457,0.123538,-0.100542,0.030726,-0.416467,1.778456,1.728418,1.060274,0.754365,-0.375890,-2.190475,0.855336,-0.075643,2.037700,1.930890,0.396759,-1.096931,0.141409,-0.485453,1.343168,-0.072659
2100,2,-1.120075,-0.076939,0.043781,-2.199598,-0.929414,-0.860113,-0.518682,-0.113165,0.771283,-1.474904,-0.985029,-1.047549,-2.138901,0.249406,-1.117904,1.308443,-0.823279,0.481020,-0.271750,0.802672,0.644617,1.875778,0.689212,0.904869,-1.513654,0.580331,-1.986260,0.598346,-1.132768,-1.965806,-0.238582,-0.107375
2101,2,-1.397787,1.558584,-0.100536,1.666712,0.692564,-1.167722,0.625943,0.120067,0.071296,-0.331776,-0.363300,-0.448370,-0.245886,-0.156977,-1.502662,-0.548056,-1.654443,2.745588,0.580759,-0.245008,0.721356,-0.977850,0.240675,-0.108767,-0.410038,-0.732293,-0.898742,0.396258,0.181766,0.792343,0.681920,0.689387
2102,2,2.080920,-2.260993,0.097115,-0.088797,0.809815,0.613564,-0.964254,-0.539640,0.008714,-0.796786,-1.091909,0.501236,1.103264,0.193479,-0.770609,-1.001219,-1.034640,-0.604018,-1.563179,0.565437,0.500402,0.389640,0.289825,-2.390871,1.865407,0.282515,0.323225,0.597921,-0.365747,0.113240,-0.029545,-0.897202
2103,1,0.833355,1.623327,-0.872080,-0.389031,1.996644,1.398790,-0.254403,-0.278838,0.180547,-1.765314,-0.784423,0.047737,-0.570020,-0.843194,-1.829504,0.625721,-0.028124,0.221159,-0.532448,0.032099,-0.518406,-1.158895,-1.355593,-1.306959,0.672067,-0.275306,1.243233,-0.996228,-0.227074,1.906276,0.106869,-0.425518
2104,1,-1.746138,0.523246,-1.442725,-0.478134,-1.119964,0.759478,1.616967,-1.319631,0.994939,1.166449,1.020495,0.978331,0.437660,-0.436525,-0.818279,1.659384,0.910792,-1.001544,0.439071,0.924714,0.789739,1.339231,0.220249,-0.974058,0.467623,-0.609860,-1.270619,-0.277930,-0.264703,-0.228436,-0.467589,-0.379768
2105,0,-0.458202,0.416955,0.629035,-0.143794,-1.190870,1.021911,-1.237331,-1.643553,1.256974,-0.044241,-0.138588,0.051398,-0.618633,-0.302692,-0.314142,0.514183,-1.439448,1.103678,0.317447,-1.163797,-0.015098,-2.002219,-1.673792,0.534968,1.061067,0.990640,-1.065950,-1.546010,1.071272,2.487351,-0.181728,-0.105965
2106,2,1.411351,1.273542,0.482523,1.359068,0.476594,-1.253770,0.533268,0.822426,-2.038391,0.866209,-0.028261,-0.390974,-0.435530,0.203727,-0.658102,-0.637946,-1.108909,1.586951,0.814566,0.772487,-0.584005,0.660967,0.241617,0.708612,-0.380029,1.344802,0.607007,0.434093,-0.294575,0.426663,-0.933646,0.068452
2107,3,-1.172939,-0.098646,-1.380685,0.942005,0.919785,0.358085,1.562883,-0.066384,0.135864,0.315796,-1.010646,-0.881230,1.979460,0.363479,-0.863999,-0.150287,-0.563022,1.555906,1.421838,1.538060,-0.853741,0.568472,0.958491,-0.609518,-1.243706,-0.523796,-0.620597,0.543663,-0.027174,-0.525600,0.644462,0.621339
2108,3,0.143626,-0.088626,0.170151,0.010888,-1.183939,0.714242,1.980600,-2.832557,-0.396244,-0.569457,-0.233054,-1.134846,-0.117702,0.062309,-0.567644,-0.758435,0.558119,-1.305943,-0.061481,-1.728198,-1.101869,-0.805468,0.213827,-0.544353,0.543421,-0.158704,1.416617,-0.117852,0.616339,0.385953,-1.535615,-0.455082
2109,1,-0.124409,2.885951,-0.562766,-0.506932,0.684932,0.066506,-1.325356,-0.292747,0.587634,-1.794567,-0.764929,-1.133255,-0.194165,-1.560850,0.509844,0.277038,0.452543,0.735390,-0.614880,1.312739,-0.550603,0.015852,-0.493184,-0.476481,-2.371823,0.898930,0.304532,0.715601,-0.529720,0.916608,0.325795,-1.221571
2110,3,0.077302,0.298400,1.292791,-0.529166,-0.015278,0.329928,0.487482,0.800016,-1.111544,1.483768,-0.551154,-0.495917,-0.640934,0.863729,1.175081,0.048646,0.027417,0.939117,-0.059542,-0.172861,0.322624,1.082228,-1.327842,0.029400,-0.197144,1.090050,0.639813,-0.834063,-0.621951,0.149763,0.080129,0.474206
2111,3,-1.651553,-1.997529,-0.823988,0.544180,-1.036983,1.517669,-0.305805,-0.184189,-0.060824,0.207280,0.032210,-0.970214,0.518048,0.364909,0.757599,0.648883,-0.042189,-1.969967,-0.886886,0.480874,-0.326049,-0.627150,0.702488,-0.351639,-0.270575,0.392794,-0.622185,0.514579,1.294041,-0.306390,-0.117097,0.265492
2112,2,0.814987,0.365309,1.795064,0.701412,0.222851,1.178723,0.058653,-0.422689,-0.078171,-1.817388,-0.258519,-0.282939,-0.259750,1.261170,-0.777528,-0.536789,1.201144,-0.865926,-0.542036,-1.194199,-0.162282,-0.349135,-0.298802,1.343465,0.596080,0.635761,-0.231493,0.896692,-0.674529,-0.223458,0.635306,-0.555829
2113,1,0.043973,0.480389,-0.382410,-0.165371,-3.019885,-1.829036,0.719618,-1.281292,-0.485976,0.061186,-0.720678,-0.442089,0.696472,-1.134423,1.085155,-1.324169,0.043621,0.141850,-1.054638,0.266489,-0.499999,0.472069,-1.120511,0.690261,0.202027,-1.428022,0.536999,-1.403811,-0.413298,-0.381007,1.315382,-1.923393
2114,0,-0.869555,-0.679764,-1.016006,-0.105616,-0.584473,0.677767,-0.491024,0.447803,-2.737046,0.773414,-0.515226,0.119766,0.221272,0.633779,1.282494,0.439647,0.676929,-0.361890,0.355860,-0.655218,-0.228422,-0.384828,-0.250237,-0.570843,0.573574,0.873120,1.088383,0.343363,0.217221,-0.633154,-0.629948,1.127377
2115,3,-0.185756,-1.815799,2.083275,0.040368,-1.591425,0.925750,-0.754005,-0.415213,0.621570,0.610958,1.508162,0.203861,-0.784570,0.475758,-0.318514,0.377061,1.012847,0.572044,-0.228647,0.253607,0.744571,0.591709,0.174379,-0.471719,-0.774276,1.490841,-0.251741,-0.977712,-0.472984,-0.526518,-0.718005,-1.261212
2116,2,-1.500232,-0.321751,0.985833,-0.611604,-0.378169,0.380709,-0.239683,-0.025700,0.702098,0.812300,0.594158,-1.703913,-0.113193,-1.458329,-0.498865,0.020474,-1.881240,-0.742336,0.171935,1.157324,0.408118,-0.611923,1.647263,1.366900,-0.431223,0.383216,-0.107609,0.202187,-0.276177,-1.460669,-1.150218,-0.430263
2117,0,-0.083952,0.758842,2.242519,0.183185,1.900284,0.794648,-0.540980,1.305037,-0.405732,1.866158,-0.364197,-0.210659,0.716734,-0.751243,0.215649,2.356770,1.440295,0.327737,-0.524234,1.958132,-0.895111,-0.594031,1.057332,-0.834133,-0.337068,-0.272353,0.368185,1.139487,-0.020923,0.430590,-0.444385,-0.876257
2118,1,-1.480352,-0.459069,1.212222,-0.449229,0.256511,0.206623,-1.294409,-2.194972,-1.775566,0.283917,-0.783219,0.804078,0.522167,0.308330,1.125514,-0.061789,-1.399005,0.917535,-1.150086,-0.171993,-0.115325,-0.170251,-0.111051,0.688417,-1.435465,-1.892510,0.157611,0.126576,0.359823,-0.393584,-0.499764,1.955784
2119,3,-1.042018,0.839285,-0.516658,0.802961,-0.790143,-1.299950,1.764020,0.759371,-0.279138,-0.210277,-0.924316,-1.286357,0.159116,0.382113,-0.924446,-0.200256,-0.658298,1.725651,0.414711,1.409009,0.707330,-1.232447,0.220274,-0.269931,-1.070383,0.724363,2.718462,0.254013,-1.285365,0.157831,-1.829844,-1.792856
2120,1,-0.352795,-0.169503,-0.401839,-0.047954,-0.634942,-1.748533,-0.462350,-0.185617,-0.905229,0.092374,-1.057677,-1.443239,0.536972,-0.239125,-1.962902,-0.620543,0.944378,-1.358768,-0.079620,-0.010220,-0.517080,-1.328148,2.130833,-1.066492,-0.123077,0.769908,-0.122549,-0.305255,-1.450568,-0.080587,-0.017171,-0.020918
2121,0,-0.465807,0.687573,-0.328626,-0.640970,-0.790777,-0.896208,-0.351345,1.328311,-0.546970,1.025842,-0.678735,-1.284293,0.523006,2.182326,0.614905,0.718248,-0.056424,0.356973,0.129973,0.965914,-0.616204,1.574682,-1.085192,0.995306,-1.160857,1.143609,1.646193,-0.696396,-0.861011,0.222387,0.031988,-0.792060
2122,1,0.412147,-0.884387,-1.224041,-0.175696,-0.582930,-1.787739,-0.698002,0.164082,0.161111,0.133735,-0.492728,-0.930341,0.556970,-0.309255,-0.043806,-0.263739,-0.095359,1.472243,0.239486,-0.706811,-1.031681,-0.178264,-1.316397,0.338759,-1.221446,0.639432,0.560698,-0.248657,0.805737,-0.868073,-0.376101,-0.879784
2123,0,0.750105,-2.669668,0.306617,1.875226,0.525266,0.412289,0.410565,-0.375977,0.583353,0.267093,-0.719833,-2.255594,0.267642,-0.255616,1.235959,0.765460,-0.477034,2.023881,1.530823,-0.955380,-1.217027,-1.331595,1.984338,-1.835585,-0.026079,-0.196285,0.094460,-0.895485,-1.696878,0.721438,-1.519356,0.014984
2124,1,0.275036,-0.689085,-0.042277,-0.715743,0.102674,-1.153509,-0.619151,0.708718,1.047243,-0.080489,1.151976,-0.597686,-0.081974,-0.896539,-1.693864,-1.243467,-0.269743,-0.603036,-2.303773,-1.720717,0.589457,0.261176,-0.130143,-1.032078,0.135207,1.025127,2.515023,1.195263,0.322175,0.894034,2.231648,0.382429
2125,3,-0.576813,-0.242597,-1.626977,-0.849775,-0.559518,-1.480687,1.076690,-0.552710,0.477032,1.028756,-0.116766,0.342937,-2.404255,1.151156,-0.113022,-0.278491,0.320794,-0.913400,-1.842700,-0.687612,-1.057774,2.559120,0.585521,-2.464512,-0.037176,-0.533519,-0.143996,-0.313180,0.096311,0.066284,-1.092360,-0.063114
2126,1,-1.849873,1.052919,-0.430135,0.052338,-0.264811,-1.221914,-0.042396,-0.141794,-1.123464,-2.402982,-0.804814,-1.249548,-1.360813,-0.307647,1.093930,-0.280550,-1.142166,-0.366790,-0.971657,1.725807,0.523430,-0.192930,-1.935823,-0.764273,0.125286,0.851789,0.160548,-0.591853,1.603037,0.852105,0.342069,-0.298671
2127,1,1.782062,-1.130020,-1.077264,0.770983,0.501967,-1.253509,-0.812031,0.580842,-0.499000,-0.914243,0.424072,-1.110989,1.584871,0.660626,-0.622610,-1.781524,0.335779,-0.657072,-0.552536,-0.196801,-1.363917,0.258398,-0.551463,0.360645,0.908578,-2.210033,-1.484636,-0.453583,0.100125,1.532348,0.261744,0.168944
2128,3,0.171365,1.470044,-0.752913,3.421350,0.540973,0.627975,0.308828,0.029742,0.551095,-0.520473,-0.753481,0.812228,1.233884,-0.063960,0.860307,-0.928621,0.701010,-1.490486,0.689052,0.188812,-1.016464,0.119036,-0.269184,0.329268,-0.764704,-1.571252,0.760344,1.543169,1.852082,0.726596,-0.261168,-1.741500
2129,3,-0.880695,-1.250041,0.771923,1.764443,-0.899849,-0.534929,0.501123,-0.494408,-0.807672,0.674952,-1.219796,0.841123,1.314279,-1.080771,-0.075764,-0.280575,1.372407,-0.158598,0.420517,-0.022568,1.144249,1.758983,0.524392,-0.538005,0.029715,-0.167118,1.434689,0.206229,0.455571,0.979430,0.091761,1.237587
2130,0,-1.364478,2.779791,0.238147,0.977308,0.303431,-0.081727,0.786285,0.516848,-1.008364,0.515705,0.961296,1.021250,-1.155663,1.321535,0.619736,-0.342358,1.714007,-0.383676,1.417742,-0.570811,-0.291629,0.810288,0.745679,0.238877,-0.381056,0.069978,-0.668968,-0.627405,-2.503731,0.506080,-0.298544,0.467289
2131,3,-0.830965,0.704919,1.157073,0.199419,0.896188,0.125722,-1.278296,-0.806200,-0.593245,-1.328659,-1.386948,-1.512472,0.084158,1.692595,-0.049765,0.338276,1.604197,-0.286311,-0.276051,0.635641,1.038194,-0.411235,-1.341062,0.091739,0.956854,-1.217019,0.763667,0.178135,0.120321,-0.984759,0.356342,-1.039507
2132,1,0.005263,0.412397,2.276877,0.197153,1.405271,-0.617939,0.050172,0.335511,0.707642,0.974003,0.134972,-0.720753,-0.749988,-1.641121,1.029235,-1.614131,0.300810,0.760154,2.282921,0.530796,0.051266,0.999010,0.960277,-0.087999,-0.930641,0.326194,0.601415,0.439988,-0.730669,-1.129722,-0.375893,-0.083070
2133,3,-0.530744,-0.335135,0.482950,0.404604,0.603342,0.539916,-1.740029,0.864905,1.162132,0.275186,-0.011683,-0.903046,-0.961046,-0.500994,0.653111,1.192302,0.026419,1.200037,0.481970,-0.173827,-0.888034,1.171850,-0.715308,-0.358743,0.940469,0.056070,1.336197,0.054689,-1.960838,-1.004318,0.561345,0.319438
2134,0,0.777465,2.828264,0.268623,0.506637,0.145528,0.127624,-0.736221,0.799300,0.276626,0.158073,-0.582869,0.404986,-0.536896,-1.510322,1.638718,-1.091723,0.493927,-1.118473,-1.095506,0.399483,-0.078859,0.043283,0.101250,-1.631848,-1.825048,1.015050,0.741080,1.198960,-1.488224,0.770353,-0.832779,-0.770833
2135,1,-1.133694,0.833846,0.139046,1.536288,-1.027352,-1.015621,-0.010317,-1.883791,-0.649353,2.026317,0.200410,0.502685,-0.225442,-0.380073,0.757075,-1.766329,-1.352531,0.677402,1.014267,0.585327,0.366092,-2.531012,-1.880926,-0.173131,-0.150822,-0.052442,-0.143451,-0.641913,-0.244132,-0.293486,-2.082907,-0.771841
2136,1,0.612647,1.853170,0.371408,0.782449,1.427894,0.971579,-0.177267,0.084667,-0.105534,-0.335553,0.664310,-0.433655,0.026268,-0.771851,-0.423439,-0.233268,-1.300045,0.782538,-1.199571,-0.431230,-0.773445,1.097918,-0.720954,1.712703,0.793740,-0.789527,1.887582,-1.048046,-0.030219,0.473814,0.749027,0.275558
2137,3,-0.447736,0.864910,-1.619803,0.349630,1.007115,1.567052,1.727919,0.251179,-0.224600,0.569367,-0.163722,2.171128,-0.780860,0.879155,-0.809789,0.678483,-2.310667,-0.707235,0.986056,0.516197,1.621873,-0.071556,-1.402416,-1.138940,-0.316491,0.268490,0.074671,-0.248920,-0.455137,0.404457,0.412936,-1.641723
2138,3,-0.285961,2.400547,0.437158,1.216538,-0.388503,0.056695,1.574523,-0.800851,1.389500,0.383195,-1.112833,-1.045593,0.193765,0.593226,-0.545435,2.486114,0.515741,1.614247,-0.894007,0.561275,0.963610,0.343278,-0.761612,-1.816854,0.990123,-0.439622,-0.127164,0.899316,0.039939,0.691521,0.390390,-0.499549
2139,1,0.636162,0.905364,0.033695,0.018677,0.460170,1.677680,-1.956718,-0.654503,0.339439,-0.141769,-2.014925,-0.250750,0.874666,-0.660928,-0.317277,-1.826112,-0.865344,-0.850288,-0.474581,-0.807896,0.109648,-0.521950,-0.466678,0.310467,-1.760290,-0.028916,1.338226,-0.180898,1.466565,-0.384955,0.118688,2.327340
2140,2,-1.927646,-1.096024,0.021674,-0.631631,-0.796419,0.721721,-0.367259,-0.881328,-0.653767,-0.152964,0.091374,0.855322,0.160333,-1.984952,-0.165572,0.441754,1.069351,-0.555112,0.030097,0.270092,-0.288022,1.254238,1.785627,0.080227,-0.856484,0.486661,2.282164,0.893874,-0.291597,2.531121,1.099886,-0.573722
2141,0,0.543184,0.028352,-0.168377,0.641305,0.798518,-1.130916,-2.387179,0.386214,-0.427809,0.105313,-0.516833,2.341551,-0.170033,-2.221253,-0.524443,-0.210818,-0.596658,-0.376755,-0.520595,-0.103652,1.380701,0.700758,-1.623619,-0.623676,-0.088802,-0.447530,-1.612123,-0.653612,-1.233559,-0.644104,0.183083,0.944697
2142,0,1.608918,-0.340004,0.566486,0.831664,-1.178039,1.018534,0.156902,-0.705044,1.361081,-0.577555,-0.670945,-1.270314,0.231773,-0.335624,-0.760360,2.417491,-1.805386,0.183704,-0.591071,-0.837674,-0.462118,0.302793,1.313748,-0.683833,0.942032,-0.539528,2.418770,-1.112951,-0.051312,-0.606641,-0.670446,-1.418880
2143,3,-1.700218,-2.087925,-0.541917,-2.292782,-1.500377,-0.388765,0.206637,0.562406,0.089897,-0.307531,-0.876047,0.670866,-0.705243,0.433742,1.256369,-0.300675,0.171708,-0.554903,0.786422,0.425452,1.366752,-0.231612,-0.498913,-0.937990,-1.311655,-0.341968,-0.538456,0.934628,0.053551,-1.135123,-1.622596,-1.489364
2144,3,1.599890,1.238245,-0.535124,0.925883,-1.321094,-0.964923,-0.350075,0.504678,-1.077542,0.490643,1.106454,1.736130,-1.423874,2.938019,0.694764,0.114177,0.209115,-0.347803,-0.124893,-1.511395,-1.713897,0.873483,0.809735,-1.189962,-0.135225,-2.055685,-1.322226,-1.134164,-0.277987,0.112755,1.905200,-0.075663
2145,3,-0.349063,-0.646328,-0.548099,-0.438376,1.406258,-0.155918,-0.453951,0.268125,-0.585565,0.676484,-1.949061,-0.178271,0.200943,-0.255009,-0.170967,-0.156005,-0.101773,-1.436254,1.851985,-1.546809,-0.390556,-0.121573,0.696001,0.948633,0.343188,-0.136162,-2.298358,-1.629519,0.709024,-2.043836,-0.980118,-0.903989
2146,0,-0.970419,0.464219,0.545271,-1.247973,-0.659718,0.801731,-0.978579,1.674143,-0.974658,0.207456,0.621483,-1.403456,1.445282,-1.106436,-0.254707,0.591568,0.341619,1.174144,0.967032,0.460736,-0.512824,-0.325761,-0.543310,-0.562499,0.778226,0.030274,0.420879,-0.707886,0.453370,2.110565,-0.765378,-0.571818
2147,0,-0.831182,-1.559005,-0.139017,0.138472,0.098079,-1.066242,0.487342,1.322984,0.794752,-1.245872,1.635766,-0.059572,-0.762647,1.638821,-1.581002,-0.489620,-1.546342,0.426739,1.166497,1.979072,-0.811483,-0.609430,1.132718,-0.758619,-0.302331,0.258312,0.470941,0.726610,0.712905,-0.456157,-1.676200,0.255320
2148,2,1.423801,1.991549,1.022225,-0.341618,0.766840,2.119385,-0.872333,1.569347,0.096616,-2.070496,-0.935982,1.522830,1.811393,-1.059401,0.375038,0.433440,0.449734,-0.108565,0.915749,-2.456193,1.322636,2.740953,-0.228815,-0.337698,1.371454,0.774278,0.887946,0.905006,-0.464057,1.164233,1.364468,-2.009422
2149,3,0.685389,1.504784,0.454083,0.465151,1.680625,0.956434,1.115454,1.990994,-1.400589,-1.313572,0.311359,-0.118983,1.678365,0.371231,0.050922,-0.176589,-1.162704,-0.172377,-1.541726,-0.015394,0.659917,-0.933853,-0.311064,-0.492732,0.850028,-0.216145,0.046998,0.128259,-0.380560,0.923726,0.541188,0.862314
2150,3,2.169162,-1.217020,-0.004268,1.913547,-0.014534,1.061608,-0.418521,-0.060172,0.616617,-0.183631,0.607165,1.151902,-0.354576,1.425206,0.283754,0.799416,0.351051,0.543398,1.218988,0.324220,-0.916651,0.522534,-0.148250,-0.037317,-0.375461,-1.008266,0.446069,-1.109051,-0.440611,-0.403283,-0.413475,0.977147
2151,2,0.567907,-0.818178,-1.505080,0.193072,-0.278874,-0.535878,-1.405406,-0.778032,-1.275689,0.794123,-1.399092,-1.427459,0.901635,1.589962,0.776021,1.539388,-0.230340,-1.083450,0.003039,-0.898314,-0.386316,-1.695253,-0.553514,0.097547,1.193598,1.568077,0.471844,-0.861851,0.236915,1.183236,-0.843979,-0.177014
2152,1,0.295356,1.057151,-1.245989,-2.028538,-0.535135,0.730730,0.100590,-0.128905,1.402691,-0.564933,0.375080,0.442650,1.511847,-0.335336,0.343569,-2.095696,-0.482838,0.903108,-0.872845,-0.079039,-1.935687,-0.625645,1.893595,0.323538,0.156820,0.149542,-1.080647,-1.348102,0.477644,-1.090956,1.235699,-0.431149
2153,2,0.009557,-1.418199,-0.140506,2.484344,0.008522,1.405259,-0.045697,0.153221,1.962829,0.243597,1.110291,-0.675005,-0.528598,0.622836,1.411788,0.235861,-0.501560,0.226206,-1.279083,-0.341651,-0.496590,0.953225,0.359778,0.013585,1.265031,0.353529,-0.319142,-0.543894,-0.805230,0.517852,-0.329870,-0.145745
2154,3,0.329917,0.298256,0.824775,0.015058,0.394998,-1.342620,0.611189,2.091019,0.820811,1.136531,-0.199209,-0.635410,0.989458,-0.608929,1.253343,0.855484,-1.672742,-0.350242,-1.188380,0.950999,1.044378,1.404541,-1.667618,-0.015384,1.781125,1.278836,-0.396790,-0.912437,-1.491006,-0.459001,2.485041,0.208439
2155,1,0.598037,1.555425,-0.685022,0.924630,-2.218287,0.729166,3.096766,0.689908,-0.272396,0.537690,0.260560,-1.611334,1.828885,-1.437262,-0.830918,-2.393891,0.627375,0.546726,-0.980364,-1.097113,0.537074,-0.701426,2.254656,-1.481592,0.800530,0.734336,0.171722,-0.383140,-0.096432,1.256259,0.811057,0.255024
2156,2,0.072113,1.064065,0.196864,-0.222413,0.978429,-0.230465,-0.337921,-1.086147,0.697255,1.285013,0.365990,0.013335,-0.822280,-0.463370,0.770258,0.507752,-1.225964,0.844352,0.118660,-0.338430,-2.561292,0.402147,0.004555,-0.678448,0.480962,2.386684,0.584640,0.221359,0.144165,-1.509386,2.380255,0.824574
2157,0,0.764714,-0.487418,0.386133,0.455430,0.547101,-0.990439,-1.069437,-0.680379,0.705467,-0.583968,-0.458017,0.184718,0.017413,1.623410,-0.121166,0.908203,1.037443,0.510786,-0.926571,0.538614,-0.514068,0.050970,0.360108,-1.317543,0.556300,0.006203,-1.415532,0.754563,-0.273753,0.468355,-0.011051,0.987399
2158,3,-0.189246,-1.435762,-0.588692,1.154219,-0.279041,0.347134,-0.626386,-0.839845,-1.500386,0.746941,1.363799,-0.715097,0.730590,-0.365806,0.237016,2.193226,1.938893,0.933447,-0.178821,-0.558810,0.916643,0.345952,0.113249,1.391131,0.209847,0.365411,-1.071223,0.158572,-0.984017,0.632386,1.769365,0.571981
2159,3,-0.201988,-0.280953,1.461301,0.894176,-2.207766,0.577542,-0.580002,-0.658685,-2.929266,-0.235845,0.340025,0.348191,-0.330831,-0.653823,-1.522411,0.311210,-0.599788,1.824430,-2.144831,-0.649964,0.142127,0.121973,0.517759,-1.664154,1.589369,-0.842375,-0.535213,0.308368,-0.282494,0.368098,-1.514646,-1.681785
2160,1,1.834231,1.104330,-1.639999,0.420495,0.999713,0.309023,-0.506335,0.434937,0.737769,-1.933506,0.352453,0.169708,-2.265168,-0.348876,-1.114821,0.742417,-0.841205,0.593718,0.689354,-0.391050,1.409539,-0.100016,0.537093,0.780732,-1.716603,-0.220935,-1.708562,-1.795256,-1.298443,-1.358116,0.976883,-0.131251
2161,2,-0.340458,0.405964,2.365911,1.347391,0.684713,2.783988,-0.728841,0.809030,-0.926060,-0.279008,0.708298,0.071439,-2.020161,-0.031522,-1.853240,0.191933,0.001479,-0.642579,1.200515,-0.437902,1.344510,-0.252894,0.841320,-1.367539,-1.892902,-1.414384,-0.781150,-0.315532,0.246184,0.041217,-0.849304,-1.502314
2162,0,0.713270,0.356950,0.264045,0.421477,-0.832547,-0.724311,0.745236,-1.733773,-0.336982,1.107454,0.124853,-0.703043,-1.332543,-0.284044,-0.211396,-0.732916,1.168783,0.288089,-0.270427,-0.655307,0.720354,0.269171,-1.800312,0.289600,-1.928949,-0.441644,0.229268,1.929080,-1.227880,-0.735066,1.315925,0.906360
2163,0,0.665879,0.365411,0.285339,1.377800,0.525872,-0.106056,0.026802,1.065693,-0.571185,0.352381,0.465728,-1.737405,-0.196954,0.300026,-1.154399,-1.166599,0.340485,-1.236624,-0.188277,0.512563,1.378153,0.302246,0.767690,0.526571,0.595973,-0.349932,0.030759,1.789122,-0.247532,0.559744,0.510671,-1.193147
2164,0,2.492063,-0.820721,-0.224327,0.091552,-2.316618,1.035124,0.017274,1.594328,1.517005,-1.751112,2.079335,-0.484455,-1.165221,1.112376,0.176163,-0.112431,-0.059217,0.601195,-1.270538,-0.422408,-1.819349,0.074919,1.354636,0.347595,1.184121,0.013147,0.231210,-1.702335,-0.940362,0.023638,1.651640,1.533368
2165,1,0.707521,1.401827,-0.752627,-0.161637,-1.462557,0.336613,0.579717,-0.953279,-0.137896,-1.407256,0.508546,0.818248,0.508068,-2.047067,-0.655488,-0.107437,-0.562398,-0.259173,1.345417,-1.243762,0.859667,0.636471,1.747825,0.466538,1.686499,-0.486853,0.239985,-0.132461,1.130358,-0.647876,-0.090417,-0.123031
2166,1,1.342580,1.088601,0.815688,-1.785737,-1.194999,-0.477154,0.767179,-1.135985,0.745208,-0.499298,-0.955786,-1.154206,0.828660,0.164975,-1.903772,-1.622052,-0.442608,1.722675,-0.806715,1.610999,1.041841,-0.516633,-0.337405,-0.441502,-0.135118,0.487296,-0.581580,-0.749862,-1.112972,-0.748839,0.094674,0.060032
2167,3,-0.243783,-0.715034,0.807540,1.193264,-0.205915,0.897304,1.214255,0.029952,0.832832,0.848974,1.043537,0.065030,-1.908137,0.043803,-1.192662,-1.436813,0.786764,0.326009,-0.052049,1.228894,0.255129,0.461817,-0.655063,0.504990,0.538328,-1.312620,0.367004,0.257211,-1.455135,-0.777373,0.308532,-1.626798
2168,2,0.614837,-0.605538,-0.910591,0.892355,0.986733,0.366659,-0.580240,0.137827,0.909416,-1.123962,0.018683,0.950118,0.162751,0.296929,0.169417,-0.283046,-0.895876,0.575639,-1.057555,-1.381705,0.602024,-0.302029,2.395517,0.015841,-0.299314,0.848096,-0.906224,-0.758513,-1.055600,-0.439019,-0.575035,0.156213
2169,1,-0.991624,-1.386721,-1.449791,0.929027,0.083331,-0.028019,-1.714263,-0.254366,1.172984,-0.040560,0.853463,0.296506,-0.875506,-0.284220,0.271823,-0.364711,0.499422,1.259019,0.780873,0.178356,0.047269,0.540946,0.055334,-1.961241,0.508122,-2.399650,-0.930586,-0.940312,0.770534,-0.499086,-0.460218,1.421471
2170,0,2.788302,0.387552,1.565166,1.069550,0.753498,0.218647,-0.302942,1.317769,0.729023,-0.915176,-0.700261,-0.952007,-1.091946,-0.853374,2.894356,0.357710,-1.321281,1.624718,-0.914306,0.974610,0.899872,0.527339,-0.199474,-0.501012,0.501135,-1.090572,-1.007991,-0.457644,0.515510,-0.812132,-0.658469,-0.480674
2171,1,-1.370997,0.492919,-1.477547,-2.219964,2.575219,0.506815,-0.936149,0.746764,1.684321,-1.225282,1.799313,-0.942191,-0.502393,-0.736749,0.671466,0.811591,0.525924,-0.446277,-0.770341,0.060207,-0.109663,-0.114557,-0.220304,-0.003895,1.478512,-0.482769,-0.252911,-1.616536,0.532703,-0.431617,-2.074799,0.409043
2172,0,-0.933982,0.388646,1.070846,-0.140132,0.947350,1.371072,-0.829306,0.417146,0.458447,0.851245,-0.785485,-0.802550,-0.317348,-0.396588,0.070294,0.998340,0.773496,-0.388609,0.827716,0.269301,0.230918,1.957137,-0.257446,-0.285575,-2.097198,-0.656389,0.123771,-0.211379,-0.496257,0.080456,-0.086909,1.497693
2173,1,0.033126,-0.667866,0.770528,0.873051,-1.669441,1.541362,0.039962,-0.071610,0.919703,0.299112,-0.497275,0.482922,-0.828297,-0.239718,-2.290557,-0.938156,-0.438915,0.326303,-0.477076,-0.667066,-0.044143,0.826727,0.872356,0.486765,-0.409666,-0.050258,0.436173,-0.597956,1.186759,0.358666,-0.697458,-0.670382
2174,1,-1.944251,1.819925,0.381070,0.570386,2.730356,-1.177402,0.699723,-0.222067,-0.132313,0.519693,-0.578591,-0.318649,0.564366,-0.345479,0.454173,-0.994509,0.515589,-0.684352,-0.573186,0.821898,-0.964455,-0.408390,-2.081944,-0.199299,-0.983353,0.801630,0.094135,0.630177,1.864971,-0.959530,0.587649,-0.873789
2175,3,-0.185484,-1.070505,-1.536679,-0.618955,-1.241527,-0.622371,0.994512,0.096185,-0.097813,-0.174246,-0.327399,-0.714062,-3.170612,1.457000,0.671203,0.124867,1.064678,-0.924093,0.124300,-1.538243,-1.263612,1.479249,0.819312,0.153382,-0.509544,0.382585,0.132809,0.289329,0.974579,-0.848182,-2.093036,2.075869
2176,3,-1.144372,-0.654461,1.302152,1.847602,-1.322250,0.611249,-0.189791,0.160286,-0.294258,1.804935,-1.098322,0.733229,1.839170,0.151106,-0.097576,-0.772838,-1.198954,0.209305,-1.423961,0.131784,-0.791129,-0.362281,-0.061985,0.436841,-0.625126,-0.116438,0.957903,0.384841,1.263838,0.789511,-0.627422,-0.743142
2177,1,1.718483,3.789757,0.525937,0.516654,-1.434878,0.479881,1.312665,0.448011,0.300631,-0.538605,-0.507766,-0.200046,-1.729022,0.109022,1.796949,-1.152265,-1.729570,1.419317,0.123553,-0.646665,-0.301409,-1.302615,-1.296172,1.809146,-0.540545,-0.608140,0.052067,-1.211489,1.023714,-0.041556,-0.585023,-0.960152
2178,1,-0.384172,1.363642,-1.381470,0.149214,0.551619,-0.094434,-1.874285,0.295684,-1.283248,-0.465450,0.461874,0.026558,3.060148,-0.489257,0.456692,-0.719734,0.666560,0.246354,-0.298259,-1.345322,-1.601028,-1.922795,1.422068,0.293593,0.294445,0.600732,1.360494,0.669834,0.960939,0.803996,0.116129,-0.838864
2179,3,1.511296,0.201969,-0.612716,1.321194,0.730292,-0.701408,-0.545662,-1.087098,0.915022,0.097178,-1.050468,1.499682,0.135181,-0.583958,-1.643435,-0.073162,0.701874,-0.759036,-0.434226,0.304289,0.525367,0.106366,1.199099,0.414509,1.185057,-0.965035,-0.621184,0.494807,-0.530142,-0.854946,0.022744,2.782130
2180,3,-0.728494,-0.138692,-0.579330,0.467387,-2.019814,0.339701,-1.190959,-0.000835,-0.773127,1.560553,0.389426,1.648102,-1.222038,0.122471,-0.205031,-1.825361,1.022690,-0.637106,-0.575336,-1.921807,0.055005,-0.000616,-0.157621,-0.355390,0.401311,0.507826,-1.146245,1.730385,0.175257,-0.248727,-0.098604,1.198595
2181,1,-0.152583,-0.141122,-1.483890,-0.363475,1.239013,-2.074117,-0.551812,1.354943,0.009850,-0.330661,-0.026928,0.614189,-1.508861,-0.777691,-1.910534,-1.029565,-0.735423,-0.338586,-0.073028,0.409113,0.977526,0.480533,-0.410694,0.527544,-1.904352,0.773288,1.534613,0.847236,-0.252426,0.939948,0.318048,0.365234
2182,3,0.048711,2.495552,0.678347,-0.594786,0.021135,-1.003290,0.027329,-0.080501,1.320071,-2.342323,-0.759625,1.981411,1.892833,-0.037190,0.387207,0.528933,0.457699,0.984651,1.309775,-0.315425,-1.406402,-0.200248,0.351511,-0.070847,0.535725,-1.082684,-0.697333,0.113792,0.714650,-0.453757,0.442723,0.003658
2183,3,0.193820,-1.285053,-0.143711,0.081401,0.877101,-1.145412,-0.270085,-0.993772,0.040547,0.406902,-1.300724,-0.308416,-0.295985,-0.734530,-0.936042,-2.012889,0.713041,0.150022,1.882581,-1.607151,0.762997,0.477045,-1.202415,0.337580,1.025334,-0.676203,0.382138,-0.921720,0.385874,-0.684444,-1.255143,0.467849
2184,1,-0.255234,1.357048,0.264066,-1.890963,-0.308788,-0.505163,-1.229192,0.726596,-0.422617,-0.022486,-0.171383,0.223520,-1.945249,-2.235974,0.832132,-0.697601,0.440789,-0.743590,-0.088195,-0.581647,-0.099526,1.975970,-0.900447,-0.589762,-0.573554,0.766355,0.282212,1.262652,-1.010240,1.141678,-0.933542,-0.159776
2185,1,-0.111206,1.054233,-0.808431,0.940195,0.372323,-0.347098,-0.186362,-0.504385,-1.055624,-0.934021,0.021952,-0.319619,-0.690471,0.041033,-0.399618,-0.212533,0.623189,1.414487,0.167646,1.487435,0.068307,-2.325150,0.685053,1.837151,0.230062,-1.337778,0.416176,-0.051081,-0.509837,-0.075480,-1.583377,-0.310731
2186,0,-0.433718,0.582499,-0.377835,0.422314,0.398045,-0.597321,0.205973,0.750610,1.171602,-0.253441,-0.758865,0.389879,0.603580,0.835158,0.439190,-0.793113,2.488349,1.297119,-0.827354,-0.991776,-0.189054,-2.148037,-0.280413,-0.906032,-1.276500,2.315912,0.162098,0.254182,-0.122500,1.057953,-0.873472,0.723037
2187,3,-0.471330,1.075514,-0.436617,1.238626,0.310019,0.053121,0.492372,-0.433079,-0.128830,-0.352371,-1.936700,0.118607,0.133853,-1.198278,-1.075631,-0.586419,-0.113827,0.296026,0.285797,1.982318,2.066750,-1.057392,-0.979584,0.548373,-0.844666,1.474599,0.505459,0.518484,-0.497504,-0.633567,0.030307,-1.221266
2188,1,0.414364,1.356566,0.397823,0.634861,-2.671119,2.681582,-0.064383,0.033760,0.170532,-0.259662,-0.341743,1.194765,-0.196848,0.607228,1.304070,-1.144287,1.243771,-0.709904,-1.120252,-0.477023,-0.697869,-0.381577,0.168795,-0.789754,-2.216159,1.067844,-0.295719,-1.157837,1.287459,0.238988,1.087616,-0.319135
2189,0,-0.868031,-0.359257,0.015228,0.226898,-0.433996,-0.400807,0.984441,0.576441,1.157091,-1.338567,-0.938287,0.644863,0.225153,0.573704,-0.604366,-2.272906,-0.123855,-1.078586,-0.319290,1.655114,-1.484585,0.667409,0.913560,1.030431,-1.024957,0.588131,-0.348285,1.044523,-0.006656,1.074422,-0.148810,0.039000
2190,0,-1.231374,0.816851,-0.802292,-0.435906,0.058702,-0.250061,-0.648471,-0.159747,-2.310689,-1.602978,0.965813,-0.954843,-2.538607,0.778313,0.544928,1.522625,-0.963438,0.778472,1.858612,0.346138,-0.105572,0.426773,0.311239,0.039511,0.546390,0.026939,-0.905375,0.039516,0.296188,-0.622074,-0.571810,-0.298988
2191,0,-0.072901,-1.051334,0.850248,-0.147250,0.971354,0.535530,0.182287,1.357400,-0.522621,-0.467040,0.874843,-0.278436,-0.125864,-0.123424,-0.826846,1.513932,-0.222217,-1.693548,-0.047861,-0.764190,0.250836,-1.017329,-0.120775,0.210514,0.948080,1.279830,-0.508998,0.470447,1.814951,-0.190661,1.771919,-0.874364
2192,3,-1.819005,-0.426178,-0.818376,0.598440,0.983720,-2.238207,-0.014980,0.083225,-1.484306,0.089941,-0.353402,1.062645,-1.409997,-1.122324,-0.834820,0.551538,-1.308100,-0.300667,0.154809,-1.457461,0.980511,0.735588,-0.258090,-0.883852,-1.598472,-0.603636,0.960042,-0.400639,-1.051561,-0.972314,-0.770193,1.760150
2193,1,0.552264,0.161509,-0.401166,1.270483,-0.460200,-0.934527,-1.128697,0.152617,0.286686,2.242805,-0.428674,-0.090513,-1.189744,-1.137446,0.375239,-1.399674,-0.022789,-0.538423,-0.095219,0.171421,0.113792,-0.128964,-0.292705,-0.865927,-2.242218,0.666135,1.274671,-1.201618,1.261752,0.892785,0.629419,0.462123
2194,2,0.211624,0.682105,0.959064,-0.820215,-0.087530,0.725158,-0.259758,1.332645,1.327409,-0.914746,-1.165418,0.454993,0.678995,-0.523421,0.479946,-1.371263,-0.821173,-0.837827,0.821741,-0.574600,0.082084,0.416437,0.854674,-0.674590,-0.079326,-0.084634,1.440739,-1.288568,0.292506,-1.114965,0.963629,-1.070326
2195,3,1.788110,-0.197381,0.127916,1.803445,0.142263,-0.315337,0.721039,0.437093,0.597490,-1.234527,-1.337610,1.173073,-0.873262,1.092185,-1.161346,1.752010,0.822231,1.074255,-0.801180,-0.165293,0.801922,0.215537,0.504373,-0.793892,-1.157084,0.644446,-0.380881,-0.078550,0.156183,-0.809338,0.970397,0.227036
2196,1,0.617635,1.066790,0.888258,-1.311225,0.067712,0.516742,1.704926,-0.935620,-0.462554,-1.651611,0.093893,1.233948,-2.905552,-1.293412,1.098286,2.416730,1.476269,-0.320570,-2.610290,-0.315981,-0.792300,0.921406,-0.413693,-1.665860,0.220774,0.682108,1.921403,-0.719967,0.053539,-0.363228,0.321301,-0.287771
2197,1,-0.490451,-0.835866,1.576498,-0.425733,-0.101473,-0.140997,0.928966,-0.173672,0.608668,-1.088704,-1.483689,1.163045,0.066957,-0.977266,0.454906,-0.199333,0.772221,0.844665,1.327561,-0.384617,-0.061360,-0.544292,-0.055916,-0.323622,0.270482,2.801540,1.035677,0.081872,-0.177370,0.167402,-0.297471,-0.396893
2198,0,2.540386,-0.737036,0.241363,2.360468,2.804833,0.430361,0.100246,1.156132,-0.425233,-1.229369,-1.117441,-0.277667,-0.699350,2.174428,0.357001,0.086742,0.741582,-0.859281,-1.152074,0.033684,-1.275704,-1.243998,-0.630375,0.215546,-0.365458,-1.266303,-0.328730,-0.768474,-1.186526,-1.975995,-0.490152,0.750481
2199,1,-0.792485,1.494573,-1.275549,0.605035,-0.345917,-0.948780,-0.352415,0.547237,-0.671250,0.342018,-0.915964,-1.118956,1.381900,0.532531,0.663730,-0.314172,-0.562279,0.731056,0.722462,0.243916,0.433250,0.048056,1.037171,-0.078540,0.038887,0.423191,1.029480,-0.081703,-2.516718,-0.209391,1.216547,0.991338
2200,3,-1.315468,-1.705641,-0.002134,-0.114468,0.420518,-2.263744,0.428545,0.066105,-1.046095,-0.952320,0.859503,-2.724222,0.618567,-1.339228,-0.235433,1.038895,-0.439687,-0.323321,-0.597476,-0.259910,0.817399,-0.762710,0.041655,-1.643689,-0.798281,0.395946,0.224448,0.244012,-0.287881,-1.209788,2.324114,0.204259
2201,0,-0.029829,-0.450316,0.717614,-1.044830,-0.086947,1.065614,-1.560156,1.395969,1.097772,-0.728552,-0.873721,-0.386514,0.266578,-0.369899,-0.966736,1.145630,0.746504,1.089956,-0.492930,0.114872,-0.567534,-0.172632,-2.624032,-1.990335,-0.619911,-0.228668,0.728835,-0.668906,-1.219484,0.520593,1.269415,0.642367
2202,3,0.431937,1.556367,-1.005945,0.441238,0.154730,-0.107889,-0.503094,0.362870,-1.688687,-2.440348,-0.854205,0.827327,-1.503651,-1.015094,0.918299,0.871080,-0.390315,0.023374,0.053836,0.650962,-1.519323,-0.015775,-0.330110,0.136575,1.044370,-0.001791,-1.207735,0.456874,-0.954844,1.077426,-0.116495,-2.147442
2203,2,0.044961,-0.013634,-0.768726,0.582182,0.529980,0.936552,0.078940,1.224574,1.526850,0.484546,-0.130124,-0.250563,0.243754,1.043330,0.449524,-0.995781,0.521653,0.332870,0.535889,1.756458,0.055839,-2.561832,-0.453044,-0.925994,0.648527,1.657396,-0.259801,2.222489,-2.394125,-0.951580,0.835696,0.732988
2204,3,1.800518,-0.166742,0.711620,0.119383,0.352347,1.238203,-0.790093,-0.364077,-0.103688,0.012669,0.432375,-0.356356,-0.338410,-2.712670,1.226803,-0.660472,-0.587462,-0.953976,0.579918,0.473834,-0.165757,0.147414,-1.802118,0.869403,1.121139,-0.616991,0.656797,0.139209,0.018733,-0.753254,0.372917,1.548888
2205,0,0.236695,-1.172939,0.803835,-0.719688,0.408155,-3.333671,1.118289,1.129153,0.260381,1.255509,0.915588,-0.080480,0.726319,0.919536,-0.090746,-0.017025,-1.240705,-0.071148,-1.074183,0.039326,0.801328,-0.424774,-0.834457,0.675225,-0.675742,-0.533891,1.634222,0.443737,-0.413896,-0.004267,0.473098,0.956917
2206,3,2.505065,0.948326,0.109335,0.253618,-0.220528,1.664735,3.649691,0.797068,1.309597,-0.272487,0.120949,1.155833,-1.804145,0.401620,2.537488,0.116765,-1.379445,0.575894,1.114783,-0.687682,-0.845495,0.634052,-0.177088,-0.508096,-1.473869,0.295423,-0.105859,0.138074,1.027392,1.565823,0.998228,-0.253756
2207,0,2.332466,-0.080272,-0.360946,0.073002,-0.100406,-0.718233,-0.411367,-0.596354,-0.073905,-0.371347,0.488069,-0.802783,1.328411,-0.382663,0.301821,-1.558864,1.791962,-0.348055,1.618931,-0.096243,-0.982554,-0.902362,1.725258,-0.410479,0.013489,-1.526380,-0.658380,-1.469312,-0.945709,-0.068935,-1.074909,1.003381
2208,1,0.293438,-0.691748,0.535412,0.567431,-0.190715,-0.021055,-0.774427,-1.309583,0.577256,1.138486,2.037322,0.775799,-2.165395,-0.059102,1.026477,1.108959,1.029784,0.733609,1.745104,0.074913,-1.687744,-0.389371,-0.682903,-1.152828,-0.311144,0.664143,0.633987,0.758949,0.385823,-0.979259,-1.382305,0.347394
2209,3,1.631115,-0.994267,0.606362,0.840221,1.755159,-0.592083,0.142973,0.072974,0.026683,1.591289,0.024875,1.453688,-0.851672,-2.090949,-1.329573,0.440753,-0.095234,0.628990,0.860557,0.155536,-1.560406,0.620005,2.066761,0.524723,-1.207980,-0.996293,0.837999,-2.036367,0.692078,0.728267,0.615907,0.606018
2210,2,-0.634443,0.364478,0.868913,1.466144,-1.324221,-1.739788,2.290514,-0.596060,-1.416768,1.207582,-1.797643,1.441930,0.366298,-0.485341,-0.034045,-0.428732,0.464212,1.485468,0.641098,0.732186,-0.011762,-1.626987,-0.173353,-0.843167,0.856997,-0.916044,1.090740,0.541789,-0.490375,-0.644790,0.767121,-1.493142
2211,0,1.544770,-1.069429,0.020127,-0.657461,-1.077772,-0.494456,0.638330,-0.945271,-2.984146,-1.328287,-1.665215,0.791378,-0.336091,-0.451767,-0.160375,-1.387171,-1.255736,-1.286637,0.674740,0.012537,0.751163,0.743915,0.513700,-1.396978,-0.938239,-0.878023,0.407492,0.634038,-0.998923,-0.858904,0.521924,-2.020384
2212,3,0.028258,0.822016,1.523678,-1.039389,0.322035,0.785695,-0.116364,-0.488164,0.975000,1.755919,0.307491,-1.847007,2.013472,1.942431,2.802805,-0.759820,1.484222,0.610293,0.460831,0.829421,0.450514,0.792403,-2.109994,-0.781715,-0.071794,0.595243,-0.385134,-1.124168,0.938035,-0.040718,0.245690,-0.502078
2213,0,2.051604,0.058059,0.424830,1.286332,0.350942,-0.058127,-1.981205,-0.829827,-0.668142,-0.151067,-0.139906,-1.230822,1.062204,-0.208604,-2.142795,-0.891060,-2.766952,0.796403,-0.263592,0.179934,-0.072289,0.121290,-1.786500,-0.151235,0.772373,-0.334114,-0.320114,-0.059253,1.905480,-0.952820,0.663335,-0.844173
2214,2,0.647980,-1.549697,0.865261,-1.593503,-0.311415,0.037407,0.453981,-2.232603,2.009194,0.587214,-0.375482,0.324876,-0.069022,1.405053,-2.269874,1.291943,0.861385,0.003311,-0.041604,-0.862436,-0.833909,-0.011126,0.647953,-0.053266,0.484621,-0.446589,0.114245,0.567462,1.422326,-0.577023,0.130510,1.472603
2215,2,0.131487,-1.519311,2.535407,0.111085,-0.026927,1.560196,-0.189897,0.921477,1.431483,1.256743,1.298036,-0.033531,-0.304068,-0.889060,-0.317360,0.141202,0.298174,-0.190681,-1.679408,0.722248,0.455635,-1.413815,0.771867,-1.927289,0.033663,-1.028749,1.329737,0.384687,0.349522,2.300049,-0.960514,0.328004
2216,3,0.143649,-0.696938,-0.309101,0.280521,1.661264,0.373587,1.518341,-1.165663,-0.731482,-0.904005,0.065481,0.946274,-0.791446,0.381325,-0.096452,0.572625,0.376169,0.107620,1.366643,0.732992,0.669805,0.280512,0.398564,-2.739665,1.189235,-0.026240,-0.245041,-0.243893,-1.749951,-1.255850,-1.802796,-0.556470
2217,0,-0.357720,0.200962,-1.177132,1.839460,0.263188,0.421035,-0.174897,1.807466,0.329244,-0.649128,0.166536,-1.153328,-1.370759,-0.818833,0.785122,0.808802,0.352819,-1.147150,0.448078,0.352126,-1.507918,1.188074,-0.239264,0.207327,-0.386518,0.511664,1.705527,-0.867360,0.699079,-0.058576,0.009320,-0.325553
2218,0,1.830626,0.244072,0.987672,0.283853,-0.782378,0.148705,-0.507625,2.551307,-1.207329,-0.708144,1.640639,-1.870028,-1.334719,0.612222,0.051143,-0.711396,1.360336,0.481668,-0.509441,-0.787433,1.381845,-0.719908,0.181558,-1.246994,0.609574,0.307378,-1.438100,-0.690478,0.645278,-0.366987,-0.949882,-1.451157
2219,0,2.294881,-1.230564,-0.016362,1.328762,0.600122,-1.778505,0.376328,-0.317652,-0.062968,0.884533,1.653631,-1.328171,2.124420,0.654397,0.238738,-0.133438,-0.031663,-0.745928,-0.218655,0.339131,-1.872038,-0.459382,0.426328,0.605640,0.799975,0.704477,-0.836881,-0.687138,-0.553406,-0.920512,-0.093547,-0.298404
2220,0,0.083557,-0.695141,-0.243305,0.453836,-0.302641,-0.310279,-0.098056,0.926331,-0.068848,-0.048008,0.727626,0.503428,-0.886983,1.504965,1.180801,-0.967215,-1.084422,2.307822,-0.163806,0.297572,1.342270,0.200989,-2.556517,1.566081,0.870420,2.408284,0.177140,-0.727371,-0.373298,0.202381,-0.448408,-0.905485
2221,3,-2.459365,0.151370,1.169989,0.503650,1.477736,-0.413318,1.135576,1.193580,0.037302,-0.060426,-2.628168,-0.827482,0.118006,0.104903,0.314203,-0.670648,-0.795030,-0.851128,0.408051,-0.536384,0.481678,-0.645988,-0.046791,-2.838980,1.320478,-0.920583,-0.108368,0.004956,-1.723715,-0.084029,0.637682,-0.235843
2222,2,0.276997,-0.143479,-0.751304,-1.458150,1.115955,1.999213,0.525959,0.430677,0.615634,-0.727698,0.304670,0.509428,0.621665,0.584686,-0.530185,-0.263388,-0.663973,0.977980,-0.118924,1.051800,-1.501912,1.060235,-0.231137,-1.348632,-1.101718,-0.139887,-2.129959,1.401467,-0.115970,-0.897558,-0.021637,1.669935
2223,1,0.786498,2.992424,0.414857,1.363446,0.305796,0.253747,0.901184,-0.328773,0.820259,1.480581,-1.768824,0.159720,1.475612,2.354979,-0.017039,-0.072203,0.786674,0.509327,1.928454,-0.125501,1.262017,-0.368139,0.215456,-1.220518,0.040961,1.242178,-0.256931,-0.236393,1.255030,0.952492,0.414297,0.645853
2224,0,-0.504882,1.017293,0.573095,1.591464,0.171668,1.015063,0.205981,1.162818,0.910550,0.337582,-1.402542,-0.851001,-0.563739,1.806828,0.400689,3.064097,0.132541,-1.235632,0.704746,1.234527,-1.402067,1.188251,0.629164,1.450009,0.137952,0.725018,0.240940,1.433593,0.715356,-0.617911,0.620568,-0.180230
2225,3,-0.486644,1.011720,-0.181445,1.327444,-1.337283,-0.286525,0.486748,-0.739270,1.054103,0.449665,2.326064,-0.550506,1.804205,2.132666,0.401005,-0.650367,0.561749,-0.351206,0.180595,1.144184,0.771203,-0.629935,1.020760,-0.506258,0.606044,-2.023672,-0.563341,0.858339,0.313028,0.840452,0.040058,0.795594
2226,1,0.245915,0.581827,-0.911691,-0.399668,-0.588493,1.442377,-0.034931,-1.295445,-0.200121,1.664997,1.230570,1.240414,0.726586,0.638534,-0.121996,-0.897184,-1.142900,-0.952283,-1.317078,1.606638,-1.096954,-1.584889,1.040579,-0.285206,-1.769283,1.011695,-0.191368,-0.547572,-1.373434,-1.370479,-1.559004,-0.133110
2227,2,-0.729550,-0.307797,0.829538,1.170717,1.880716,-0.970174,1.310077,-0.598103,-0.138530,0.914530,0.189840,-1.197390,-1.142910,0.532688,-0.763992,0.761932,0.296694,-0.384446,-0.339799,0.036349,2.586006,-1.116933,1.355563,0.192376,0.416733,-0.477942,-0.362978,0.583763,-0.329554,0.131434,-1.269715,0.410361
2228,1,-1.915198,1.099871,0.155810,2.103199,1.199480,0.217609,0.766194,-0.008144,-0.917122,2.848464,-0.856158,0.895192,0.337512,0.405978,-0.486446,0.350077,-1.320759,-0.958485,0.051153,-0.071566,0.443418,0.060454,-0.908078,1.289576,-0.406284,-1.304156,-0.707940,-0.942841,0.284759,0.891540,1.288161,-1.476838
2229,0,0.696781,-0.688538,-1.266665,-0.325179,-0.188740,1.305489,0.532931,-1.294671,-0.629523,1.686235,-1.521031,-0.227381,3.055059,1.037515,-1.101882,-0.240313,0.567793,0.328197,-0.404929,0.122673,-0.618556,1.314260,-0.112974,1.323160,-2.308598,-1.638976,1.169656,-0.210193,-1.906029,-0.897530,-0.222406,-0.557414
2230,0,1.651411,-0.656337,-0.243956,-1.375118,1.629472,0.525217,1.083182,-1.555843,0.942697,3.211078,0.532684,-1.657523,-0.677908,1.256388,0.504780,0.901420,-2.920885,0.333450,-0.604075,-0.183600,0.206473,0.174678,1.224539,0.718138,0.227206,-1.238173,0.042771,1.363986,0.109393,-2.103039,0.333555,0.454446
2231,0,0.498099,-0.236272,-1.116029,2.106732,-3.283281,1.493420,-2.023802,1.557847,-0.296657,0.758919,-0.693421,-1.454254,-0.971422,0.187555,1.593470,-0.039469,-0.537136,0.117446,0.229507,0.478811,-0.402467,0.381991,2.953701,-0.065549,0.342445,0.590288,0.687714,0.279416,-0.484643,-1.710289,-0.010698,-0.339235
2232,0,-0.663361,-0.650314,-0.076012,-0.010667,-0.500251,-0.273486,1.775242,-0.604860,-1.013803,0.356460,0.677018,-1.844141,0.878990,2.139027,2.617752,-0.150364,-0.844927,-0.465899,0.652153,-0.313759,-1.011827,-0.405794,-0.290395,1.309994,0.088752,0.278676,-2.352276,0.793213,-0.885681,0.329008,-0.103359,0.391060
2233,0,1.950528,-0.520809,-0.881463,0.625938,0.893687,1.203557,0.556026,1.010398,0.319012,-0.797590,0.279151,-0.793820,0.328241,-0.407931,-2.003713,-0.438453,-0.623336,-1.628971,-1.967501,-0.491876,0.127600,1.274800,-1.160326,0.315147,-1.795585,-3.583028,0.409509,0.479759,-0.601465,1.779850,1.700452,1.135316
2234,2,-1.119920,0.259160,-0.035899,1.480568,-0.778517,1.074504,-0.857208,-0.289031,-2.351202,0.742213,-1.032122,0.195008,-2.405351,-0.382239,-0.054945,1.661522,0.329589,-0.782171,-0.105797,-0.237708,-0.152420,1.693600,1.299851,0.151277,-0.448509,-0.686370,1.566418,-1.439335,0.405049,1.894088,-0.714821,-0.241672
2235,1,-0.205166,1.460926,0.288613,-1.405021,-0.081552,-0.230883,0.769962,1.594551,0.631468,-0.695317,0.827603,0.221955,1.891369,0.537697,-0.148655,0.538964,0.171910,-2.347157,0.049648,-0.802067,-1.093221,0.461204,1.700563,-0.331177,1.051371,1.932156,-1.211057,1.785014,-1.658640,-0.316376,0.403909,0.036379
2236,2,0.212155,0.593167,-0.462351,-0.497436,-1.860512,0.157725,0.406772,0.295994,1.047982,0.996193,0.271942,-0.734488,-0.345929,-0.265936,-0.112960,-0.403836,-0.908543,-0.493253,0.927542,-0.793068,0.125222,0.749115,1.066119,-0.091808,0.425060,1.495855,0.628470,2.064474,-0.962850,0.484027,-1.505382,-0.980221
2237,1,-1.912803,0.056711,-0.160406,1.042780,1.168605,-0.774980,1.305061,-0.602715,-0.778462,-0.605735,2.012077,-0.375779,0.494016,0.727452,0.946950,-1.251936,0.140532,-0.421171,-1.128334,0.608805,-0.545162,-0.616361,1.490706,-0.452585,0.283576,0.270804,1.817816,-0.517406,0.330000,-0.386283,-0.794068,-2.492792
2238,1,0.482082,0.761945,0.860224,-1.067022,0.151497,0.536296,1.196251,0.721067,1.549575,0.398378,0.510424,0.204206,1.254704,-2.192871,-1.286362,-0.027375,2.234434,-1.725247,0.088328,-0.399733,0.822947,-0.125345,0.887848,-0.694861,-1.917467,-0.185602,1.838387,-0.755612,-0.600672,0.729317,0.014975,-1.411754
2239,3,-0.306766,0.605973,-0.114273,1.185342,0.575458,0.511906,-0.810942,1.868560,-0.560710,0.462970,0.510062,-0.000920,0.350447,0.735309,0.720822,1.482568,-1.915320,-1.488316,1.111370,2.068695,0.884396,0.704316,0.983997,-0.153118,2.941451,-1.250405,0.147024,0.223223,-1.398463,0.580526,-0.142466,-0.894204
2240,3,0.285760,0.047185,-0.433557,1.114395,-0.015741,-0.240932,-0.794845,-0.663777,-0.135551,-1.796427,0.402608,-1.383859,-0.493082,2.193830,-1.543589,0.652910,0.068534,-0.938865,-1.437289,-0.551851,-0.015707,-0.606126,-0.382152,-0.358169,1.854178,-1.141771,-0.230820,-0.529536,0.108995,-0.798330,-0.500895,2.278363
2241,1,0.151461,-0.007250,-1.158528,-1.364893,-0.040825,0.763142,-0.328626,0.200390,-0.025331,-0.682294,1.392171,-1.325158,0.405214,0.036950,0.647080,-0.109595,-1.408870,-1.878381,-0.707287,-0.385875,-0.602578,-0.155896,-0.223270,-0.285035,-1.613016,-0.932790,0.283935,-0.638363,-0.255983,-0.171876,-2.393583,0.727271
2242,3,-1.221326,-0.835561,-1.393772,0.747743,1.062137,-0.262593,1.116963,-0.302998,-0.808738,-0.889160,0.020467,-0.623589,1.296579,1.368673,-1.058723,-0.327692,-1.356755,0.589254,-0.228327,0.068671,1.119198,-2.100273,-1.101174,0.680428,0.345490,-1.137925,-1.315124,-0.856845,1.483989,-1.592249,0.336739,1.685722
2243,2,-1.019307,0.234767,0.394833,0.172294,-0.314914,-0.332379,-1.092598,-0.304522,0.035009,-0.286057,1.260228,-1.713662,0.881636,-0.579709,0.749246,-1.434596,-0.839387,-0.339831,-1.129860,-0.725828,-0.694921,1.339553,0.039130,-0.969737,-0.142407,-0.674384,-0.376943,0.541205,0.931164,0.053369,0.815918,-0.657922
2244,2,-0.165407,0.453682,-1.213249,0.284177,-0.612019,-0.402961,-0.443263,-0.725208,0.231411,1.515817,0.006566,-0.297030,-0.574500,2.200584,0.081974,-0.048004,0.503883,0.638525,-1.220565,1.959588,1.032416,0.807537,0.830145,0.531545,1.702205,0.289557,0.280207,2.215091,-0.611189,0.239324,-0.442362,0.885475
2245,1,-0.142726,0.374204,1.222594,-0.584544,1.461465,0.350607,-2.586731,1.220596,-1.353599,0.690388,0.084711,0.866802,0.355280,1.560699,0.988630,0.106962,0.551604,0.373514,0.480269,-0.154340,0.828341,2.992658,-0.406453,-2.400140,0.124833,-0.904496,-0.066487,0.484755,1.046493,0.682790,0.574543,-1.726080
2246,0,-2.103878,-0.984586,-1.673149,0.086098,-1.445555,1.426097,1.436859,-0.575400,1.355329,0.286001,0.159042,-1.334316,1.166129,1.361931,0.280701,-0.358811,0.368571,0.001705,-0.653175,0.577734,1.645535,0.583150,0.141916,0.605950,0.491410,1.077691,-0.210737,-0.627704,1.286415,2.298953,0.381847,0.062222
2247,3,1.124127,-0.399640,-0.916814,0.937063,-0.111366,-0.857858,-0.466456,0.358357,-0.747517,0.169206,0.270584,-0.702773,1.321125,0.575233,0.020022,0.424248,-0.550451,-1.171468,-0.831545,0.048661,0.176494,0.706577,-0.401401,0.765983,0.585219,-0.291669,-0.149786,0.880378,1.370080,-1.291220,2.228257,1.099947
2248,1,1.730399,0.666328,-0.489939,-0.683779,-1.642410,-0.681864,0.277041,0.649013,-0.155086,1.195096,1.210516,0.844362,0.326541,-0.166053,2.265075,-0.303434,1.246461,1.617341,-2.155626,-0.940407,-0.206555,-0.933589,0.507736,1.425706,0.502187,0.679610,0.758264,-0.458725,-0.210447,2.594170,-0.701939,-0.205450
2249,2,0.219547,0.435564,0.174310,0.727454,1.143695,0.637035,0.221953,-1.153942,-0.394113,-1.336416,1.711818,0.034687,-0.928652,-0.527377,0.331674,0.876201,0.768238,1.140128,-0.076982,-0.356587,0.196901,-1.109403,-1.255579,-0.514769,0.041813,0.067791,0.955301,3.094790,-0.074076,-1.282901,-0.854812,0.537451
2250,1,1.265324,1.208555,0.565298,2.121245,-0.216227,0.622294,0.211910,0.389088,0.660659,0.911430,-0.696871,0.993803,1.193886,0.484576,-0.070087,1.463028,0.374224,-2.251049,1.412862,1.094557,-1.560723,0.076022,-0.419996,-0.368326,0.415904,0.780000,-0.364084,0.901882,-0.938446,1.956683,-1.604451,0.857967
2251,2,-0.534288,-2.550401,-1.474578,0.019170,-1.066729,-1.212585,0.566817,-0.688122,1.385555,-0.172609,-1.740307,0.249521,-0.340547,0.866398,1.150631,1.949774,2.062067,-0.846673,-0.146085,-0.048778,-2.356497,-0.786367,-1.834621,-0.262914,0.539619,-1.009801,0.664375,0.570268,-0.609583,-1.757090,-2.022463,0.021053
2252,3,1.068358,0.080633,1.124297,0.631896,1.990766,0.552823,-0.130440,0.562732,-0.773322,-1.003471,-0.812297,-0.520065,-0.587136,0.717842,-0.330466,-0.803817,-0.722471,-0.473456,0.591765,-0.795695,-0.475934,-0.972240,-1.892274,-0.116937,-0.656576,0.482060,-0.923705,0.899394,-1.481542,-0.457622,2.726791,0.739570
2253,3,0.595543,0.292222,-1.284641,0.789209,1.331030,0.330241,0.783903,0.272288,-0.325659,-0.348765,-0.975194,0.923244,-0.759628,0.546391,-0.709570,0.014954,-0.791406,-0.570597,1.896620,1.396484,0.742648,-1.351658,0.324009,1.083608,0.378718,-1.016908,-1.771274,0.710121,0.900171,-0.047990,-1.238784,0.620919
2254,3,-1.511933,0.787411,0.322656,0.910785,0.332844,1.787271,0.180075,-0.195252,-1.632888,-2.438055,0.916468,0.010653,-0.360153,0.853713,-1.353090,-0.756444,1.884523,-1.151507,0.934696,-0.194636,0.588234,1.251062,-1.873413,0.659223,-0.052790,-0.839081,-0.232802,1.198257,-1.049942,0.121835,-0.455647,-1.962241
2255,1,-0.117063,0.611234,-0.421148,1.173140,0.823479,0.657106,1.587994,-1.720801,0.384517,-0.577530,-0.771147,1.063468,-0.379834,-1.413136,0.375800,-0.987662,0.525498,0.023546,1.375753,-2.722898,0.107435,-0.047427,0.670113,1.380851,0.717966,1.671157,-0.080740,-1.204093,-0.332703,-0.175640,0.219876,-0.545419
2256,2,-1.155037,-0.477185,-1.616550,-1.437828,1.820240,0.318227,0.320394,-0.250734,1.437452,-0.259572,-2.157469,0.628849,-0.141771,-1.289857,0.399991,0.065289,-1.167895,1.542561,1.296439,0.542139,-0.011525,0.643197,-0.957051,-0.205971,-0.016690,-0.032148,1.916448,1.295491,-1.126096,-1.519782,1.322417,-0.223269
2257,0,2.130413,-0.464092,1.417747,0.315952,0.670603,0.311256,-0.006011,0.464701,0.151333,0.010613,-0.805969,0.038495,1.504478,1.126692,-0.143399,-0.949154,1.850186,1.468102,-0.343426,-2.190488,2.450405,0.057903,0.230172,-1.058949,1.499560,-0.752564,-0.126858,0.380987,-2.003855,-0.246864,-0.076201,-0.786081
2258,3,-0.312981,-0.186884,-0.310966,1.186377,0.283811,-1.296974,0.892070,0.802269,-1.529544,0.108729,0.811993,0.266060,0.405467,-1.648525,1.336151,-1.109605,0.581778,0.846701,-0.047425,-0.730329,-1.829518,0.047712,-0.618139,-0.124689,0.406084,-0.146698,-1.497483,0.620503,-1.639624,1.506305,-1.191887,-1.430315
2259,3,-0.107610,0.031410,-0.216101,0.725196,-0.357320,-1.382954,-0.092800,-1.304771,0.167396,1.128666,0.352891,1.005731,-0.738134,0.869724,0.118302,0.970930,-1.866801,-1.385510,0.534594,-1.179590,0.371828,-1.282960,-0.514829,-1.264212,-2.526966,1.346262,1.574653,-0.578495,0.121677,-0.665416,-0.955183,0.529525
2260,2,1.075851,-0.877959,1.066539,-0.462628,0.391320,0.006301,-0.168256,-2.107760,-0.835006,-0.326870,1.086262,-0.297303,-0.812746,-1.300548,0.115650,1.532487,-0.509437,0.133544,0.769935,-2.250221,0.921763,-0.874115,0.604905,0.233437,1.528903,-0.397626,0.223313,-0.147096,0.211679,-1.295161,1.467200,-0.003648
2261,1,-0.650396,-0.505708,1.300951,0.189741,2.199629,0.716503,0.175200,-0.148611,0.116443,0.672350,1.780596,-0.204273,0.362530,-0.249097,0.182050,1.561196,-0.769556,1.957464,-1.576751,0.248662,-1.087197,0.704874,0.859179,0.360230,2.218082,-0.487346,-0.451809,-0.859021,-1.112934,-0.172351,0.721873,-0.057266
2262,2,0.575252,-0.938756,-0.063673,1.069887,1.266955,-1.235840,-0.343832,-0.647322,0.468820,-1.803348,0.341499,-0.585160,0.291137,-1.133096,0.394960,-1.210531,0.579110,-1.166825,0.499172,-0.904271,1.420847,-0.215325,0.571126,-0.275855,-0.083105,0.131241,-0.042561,-1.088931,-0.621794,0.165020,-0.594820,0.367019
2263,2,0.049207,-0.585492,1.058081,-0.985183,1.678328,-1.485488,0.659281,-0.734698,0.044083,-1.180081,0.229334,-0.941265,0.041200,0.172888,-2.367040,1.132029,0.734850,-0.500079,0.550103,0.866197,0.047731,0.074749,0.090786,-0.213712,-2.301359,0.635680,2.205859,-0.564713,-1.293661,0.465482,-0.320630,0.197443
2264,3,2.550370,0.691212,2.839988,0.384005,-0.580273,-0.663433,0.900022,-0.546586,0.533769,-0.038058,0.093563,0.810385,0.970949,-1.440871,-0.375488,-0.736402,-1.638768,0.887304,-0.332775,-0.741865,-0.573567,0.207989,-0.306726,1.476697,0.575814,1.179392,-0.859998,0.459484,0.922486,-0.388481,1.979737,0.177529
2265,3,-0.155825,1.387501,-0.329249,3.277424,0.680918,-0.169666,-1.476814,1.191273,0.557524,-1.364401,1.220568,-0.136022,-0.180013,0.816226,-0.869973,0.887859,-0.301147,-0.931025,1.278404,-0.616018,-0.695543,-1.690008,1.322792,1.348240,-0.535120,0.860794,-0.105212,0.877183,0.405200,0.127865,-0.268131,0.072388
2266,1,0.236780,2.268313,-0.327570,0.844701,-1.084892,1.230464,0.827829,0.081259,1.205068,-0.980884,0.614319,2.052181,-0.107129,-0.480900,-0.510204,0.517499,0.995350,-0.286140,-0.057874,-0.516699,-0.947541,0.767305,0.368508,-2.929151,-1.285230,1.092714,-0.377666,0.639921,-0.260647,-0.924849,-0.571500,0.129357
2267,2,-0.949763,0.258201,1.544391,-0.353389,-0.367920,-0.509223,0.063026,1.861930,0.092305,-0.585591,-0.830330,1.601703,0.384108,0.392206,-0.723170,-2.256645,0.298801,-1.501443,0.341464,0.728329,0.001404,-1.209917,0.588316,-0.216198,0.529900,-0.191784,0.688101,-1.271123,0.537756,0.693542,0.118543,0.693167
2268,3,2.075101,-0.953139,-0.111259,0.376458,1.372910,1.563850,-0.363948,0.398206,-1.392329,-1.721370,0.522292,-0.679996,-0.017962,0.499157,0.481339,0.479165,1.067133,-0.070654,-0.984267,0.827476,0.220694,0.181198,-0.028228,1.099369,0.337054,1.301447,0.467485,0.617998,0.177355,-2.558727,1.810381,-0.231806
2269,3,0.002208,-0.214816,0.968027,0.530240,-0.371889,0.464321,-0.463510,0.422239,0.781699,2.125033,0.905544,-0.101900,1.780264,1.189274,-1.162163,0.512747,0.225901,-0.523378,0.434450,0.684010,0.505870,-1.065182,0.602154,1.377763,1.228605,-0.210165,-1.179864,-1.639956,0.687216,-0.561948,0.259124,0.012244
2270,2,0.856655,0.142851,-0.064615,-0.506717,-0.783808,-0.180457,-0.648400,-0.179514,-1.135692,0.583127,-1.229649,-0.256746,-1.655564,-0.066422,-0.525628,0.240928,-0.908948,-1.332554,-0.715480,-1.342211,0.822396,0.285929,0.129699,-1.005564,1.489041,-0.843647,0.169519,0.074743,-1.283583,0.593299,1.157811,1.246112
2271,0,1.737054,0.913967,-0.880915,0.599174,0.184461,1.123568,1.024576,-0.545324,-0.864660,1.431591,-0.225250,0.425860,0.719630,-1.309169,-0.104544,-0.191179,-0.672030,-2.078253,1.834569,-0.499441,-1.040811,-1.161837,-0.101355,-1.773910,1.025496,-0.439980,0.309635,-1.337303,-0.697892,-0.765990,-0.395926,0.940691
2272,0,1.678226,0.441651,-1.164598,0.322696,-1.088640,-2.383529,-0.792881,0.140350,0.914514,3.247187,0.427020,0.508783,0.160814,-0.177790,-1.063832,-0.265298,-0.485574,0.778192,-0.238711,-2.001058,0.164074,-0.754468,1.565349,1.140709,-1.763757,-0.938159,-0.597998,1.109715,1.416525,-0.472347,-0.407264,0.553167
2273,2,-0.881863,-0.902337,0.941328,-0.939986,-0.815265,-0.791744,0.622447,0.877074,0.555318,2.183758,0.437154,-1.794315,1.259675,1.060499,-0.782643,0.005697,-1.366240,-0.235725,0.979791,1.725795,-0.308307,-0.104340,0.007993,-0.977449,-0.697250,1.431489,2.358431,0.303357,1.092121,0.937534,-1.576789,0.433856
2274,0,0.026932,1.117362,-0.580560,-1.144691,0.532572,0.666049,0.254965,-0.800660,-0.250928,-0.602024,0.152242,-0.668062,0.606228,0.240153,-1.012611,-0.639844,-0.757532,-1.119807,-0.561006,0.279947,-0.900964,-2.076796,0.692671,1.840727,0.695542,-0.454345,0.279069,0.091093,0.326545,-1.395566,0.649277,-0.166062
2275,0,0.725507,-2.187233,-0.665166,1.554345,1.490085,-1.336870,-0.091647,0.121668,-0.571584,-1.121648,1.200482,0.024762,-1.346466,0.720843,0.941541,2.497521,3.089983,-0.821573,0.211138,1.038248,1.214777,-1.150339,0.488631,-0.175794,0.490613,-0.559057,1.408751,0.105224,0.522784,-0.196521,1.472206,-1.372583
2276,3,-0.930707,0.830572,-3.004735,-0.828491,-0.716689,-1.391935,1.060630,0.033736,-1.038777,-1.358921,0.568955,-0.628022,0.645388,0.514605,1.079429,-1.963186,1.368002,-1.019625,-0.394640,-0.122931,-1.259982,0.043443,-0.012176,-1.050335,0.008351,1.748247,-0.453898,0.722396,-0.869645,-0.303313,1.043905,0.484276
2277,3,0.385512,-0.381569,-0.713247,0.084992,0.747678,-0.189188,-2.629094,-1.053087,-0.059932,-1.055277,-0.134568,-0.546368,1.223569,0.719240,-0.692993,0.008829,-0.204211,1.184313,0.246464,0.747240,-0.105880,2.176939,0.720746,-1.557012,1.182087,-1.568313,0.011728,0.172313,0.343396,-1.376648,1.031060,-2.279300
2278,1,1.210632,-0.053471,-0.601010,1.159901,1.022498,0.433622,0.635254,-0.075055,-0.517673,-0.790257,-0.082044,-1.082723,1.183439,-0.707495,0.194393,0.809041,-1.409484,1.040830,0.247497,-1.258058,0.633724,0.856586,-0.124662,0.611061,-0.399513,0.010329,0.945274,0.678762,1.392900,-0.721418,-1.633178,0.333394
2279,3,-0.430402,0.784526,0.501524,1.271070,0.088724,-0.284648,-1.232300,-0.595812,-0.074371,0.795073,0.848221,-1.101929,-0.387643,-0.249647,1.709672,1.175545,-0.275417,1.290545,-0.133481,-0.324708,0.423563,-1.216513,-0.121535,-1.704655,0.054759,-1.289018,-0.881580,0.387118,-1.607703,-0.992051,0.135761,1.440304
2280,2,0.658920,-0.266092,-0.564900,0.871855,0.770942,-0.049882,0.791076,-0.118483,0.185520,0.333235,-0.020236,0.641829,1.000051,-0.544858,2.430568,-0.014961,-0.080476,-0.794164,-1.914371,0.062839,-1.692802,1.018319,-1.358323,-1.505931,0.311718,0.822749,-1.631621,0.848662,-2.122285,2.268504,-0.590589,-0.244799
2281,0,1.896420,0.629295,0.013022,-0.009326,0.105004,-1.212962,0.107915,-0.648328,1.401196,-0.187046,0.213391,-0.781442,0.478793,-0.356672,-0.850146,1.002135,-0.884020,1.779575,-0.084649,-3.091269,-0.073734,1.465737,0.121681,1.158535,-0.592655,-0.588632,-0.408628,-1.199455,0.347882,1.604386,-0.575018,-1.796822
2282,2,0.500575,1.113850,1.172468,0.985643,-2.183834,-0.503606,-0.290071,1.952474,-0.295495,0.170469,-0.152715,0.989187,-0.817062,1.135963,0.461624,0.211209,-0.137310,0.254788,0.938165,-1.131516,1.164514,-0.640870,0.793467,0.306282,-0.614671,-1.930986,0.067477,-0.893062,1.842311,0.287073,0.901617,-0.137566
2283,0,2.233935,-1.486437,-0.945362,-0.622239,0.145343,-0.598877,2.277222,0.525962,-0.622215,-0.987863,0.779779,-0.405827,1.684622,0.472474,1.787284,-1.540816,-0.865113,1.574857,2.192601,-0.260350,1.975527,-0.551022,-0.350393,0.196209,1.064566,-3.132515,-0.799424,-0.199274,-0.157481,-1.166335,-0.932555,0.467275
2284,1,0.265125,1.127986,0.467795,2.182520,0.749844,0.150006,-1.756861,0.104956,1.570981,0.074829,-1.783910,0.716855,-1.084543,-0.162345,1.732495,-0.061791,-0.911080,-0.335148,0.020449,0.091052,-0.299762,-0.924644,1.237696,-0.585195,-0.100038,-2.102141,0.482535,0.770243,-1.416323,-1.335191,0.628122,-0.026569
2285,3,1.984824,-1.044560,-0.727824,0.137831,-0.056544,-0.139231,-1.032420,1.088481,0.791816,1.681093,-0.401570,1.658646,0.152959,-1.056536,-2.090762,-1.523740,-0.961039,-1.330644,1.560654,-0.720603,-0.244439,0.595973,0.019279,0.610186,0.022399,1.069854,0.551529,0.611854,-0.775604,-0.514775,-1.521164,-0.002032
2286,3,0.499252,-0.957796,-0.362217,0.229963,0.155271,1.896011,-0.198079,0.299504,-0.571818,-1.128628,0.484617,-0.496346,-0.114147,0.114411,-1.023522,0.173559,1.262456,1.025803,-0.769492,-0.540397,-0.676509,1.814398,-0.445559,-1.094136,-0.371354,0.494161,-0.043598,0.514451,-1.919669,-1.133781,0.885068,-0.378476
2287,2,-0.025829,-2.833601,0.693795,0.324377,0.021074,0.103481,-0.036686,0.054507,0.961531,-0.884774,-0.279264,-1.993206,0.348249,-0.676590,-0.925430,0.476921,-0.296051,-0.243190,0.354751,-1.292198,-0.637902,0.025665,-1.492708,0.989462,0.584228,-0.657630,-1.693116,-1.083774,0.911921,-0.874411,1.189514,-0.671781
2288,1,-1.477563,1.580860,0.440516,0.255289,-0.158676,-0.909027,-0.996854,-0.485092,0.414162,0.660571,0.665021,0.888771,-1.219445,-0.884138,-0.050664,-0.226519,-0.466587,-0.204163,0.807361,-2.538322,-0.344594,0.041060,-0.923700,0.583622,0.854614,0.056808,-0.918625,-1.213028,0.174617,-0.478845,-0.022979,1.241729
2289,3,-1.312203,0.018697,0.608783,-0.654458,0.120946,-0.779401,-1.040401,-1.449631,-1.501504,0.050780,1.009875,0.497651,0.739797,-0.194035,0.037784,-0.878861,-0.164673,0.571669,0.252162,0.088725,0.717527,-0.324522,-0.037809,-0.325196,1.075135,-0.778497,0.465633,0.188247,-0.452392,0.094386,0.146394,0.231995
2290,0,-1.675442,-0.449650,-1.458626,1.953273,-0.574924,2.712459,-0.711997,-0.422063,-2.435515,2.705984,-0.029449,0.911740,1.836025,1.566606,-1.603165,-1.291428,-0.710602,0.600698,0.227571,-0.140364,-0.525181,-0.346091,-0.939308,0.375215,0.718901,-1.992669,0.104849,-0.631443,0.031764,-0.215828,-0.249696,-0.376145
2291,3,0.560992,1.492346,0.565011,-1.100937,3.637623,0.011953,0.652632,0.906837,1.725529,0.839121,-0.758922,-1.947434,0.882753,-0.313306,0.852354,-1.279504,-1.675470,0.120408,1.047673,0.695979,-0.403103,-1.245043,0.955872,0.155873,0.513942,-0.162171,-0.284481,1.109652,-0.027991,-2.174976,-0.455144,-0.771263
2292,2,0.449599,2.016182,-0.105902,-0.649904,-1.059241,-0.131300,1.643492,0.357420,-1.316717,0.941638,-0.222980,0.964316,-1.177545,-0.751479,-0.149416,-0.323094,1.371751,0.880317,2.014163,-1.160055,-0.094481,-0.672519,-0.954332,-2.633513,1.994197,-0.593705,0.285246,0.196933,1.053590,-0.828443,1.494525,-0.712974
2293,2,0.316471,-1.383086,1.942703,-1.114688,0.672753,1.192380,1.720107,0.774623,0.561629,0.100753,-0.971560,-1.243444,-1.626364,-0.038054,0.114010,-1.294753,-1.186887,-0.492418,-0.232830,-0.017850,1.002797,-0.239967,-1.352267,1.246131,-1.339730,-0.034593,-0.212871,-0.271388,-0.049161,-2.002020,-0.943312,1.004184
2294,1,1.721664,1.211452,-0.488557,-1.352868,-0.086277,-0.974262,0.684572,0.387648,0.859045,-0.324883,-0.140848,1.623751,-2.400110,-1.315295,-0.160191,-0.508981,0.996508,-0.372242,-0.033453,0.922604,3.071439,-0.702828,-1.285837,-2.021284,-0.272928,-0.427891,-0.573274,0.161288,1.187961,-1.160119,1.332312,1.441210
2295,2,0.993127,-0.037654,0.102550,-0.591696,0.019389,0.429427,0.231833,1.779644,-0.375843,0.971000,0.156694,-2.862180,-0.758265,-0.436618,0.113804,-0.570797,-1.007010,1.030034,-1.678528,-1.457058,-0.201689,0.371883,0.227354,-0.353607,0.177029,-0.083758,0.264741,1.631859,-0.804433,-1.284643,0.925884,-1.541243
2296,0,2.012652,-0.221101,0.400168,0.700022,-0.480932,1.476541,0.357947,0.349081,-0.138800,0.728414,1.161993,1.430774,-1.618460,0.341313,0.540992,-0.576928,-0.461816,0.373954,-1.158912,-0.397966,-1.215873,-1.520177,-0.768687,0.736608,-1.536532,-0.015457,2.213295,1.045719,0.593580,-1.283007,0.010445,0.002930
2297,0,1.820028,-0.177908,0.130502,-1.003080,-0.311583,1.673912,-0.023261,-0.463075,-0.219527,-0.209393,0.847856,-0.164151,0.122433,1.213160,-0.840198,0.402729,0.091608,-0.628847,-0.521723,-0.563005,0.181258,0.927696,-0.203531,-0.617472,-1.335721,-1.463413,0.911082,0.596240,0.119934,0.548508,-0.755750,-0.417271
2298,2,0.196588,-0.827073,0.052607,1.128866,-2.323786,-0.774679,0.545721,0.281246,-1.602783,-0.041101,-0.995104,-0.032085,1.374387,0.983482,0.729101,1.134551,-0.118047,1.298067,0.056080,0.104285,-2.018055,1.850916,-1.286461,0.135009,-1.117896,-0.163237,-0.757380,-0.173716,-0.857909,-0.411413,0.642565,0.982986
2299,3,0.933549,0.279245,-0.979859,1.407021,0.137835,1.696430,2.128664,0.989191,0.463040,0.167539,-0.257981,-0.824929,-0.942191,0.450411,-0.784205,-0.828870,0.143929,-1.601310,1.015924,0.700070,1.045946,0.841172,-2.400658,1.290225,-2.333853,-1.095166,-0.720039,-0.059763,-0.217398,-0.338799,-1.718377,-0.168675
2300,0,0.231684,-0.813363,-1.301784,0.303001,-1.192659,0.803591,1.033937,1.731320,0.316761,0.088439,-0.699653,-0.047655,0.369899,0.380936,2.261891,-0.078100,-0.090659,0.830476,-0.090882,-0.247888,-0.197805,0.957831,1.062341,-1.020484,1.291881,0.458610,0.468020,-0.857962,-1.154776,-0.812706,0.474183,0.635373
2301,1,-1.124875,-0.367477,-2.078567,0.745869,0.813360,-1.118670,-0.328763,-1.263960,-1.361139,2.162252,2.128812,-0.687544,-0.147257,-0.694577,0.997545,-2.332319,0.532256,0.092585,0.235351,-0.942760,-1.341484,-0.060597,0.455003,-1.642360,0.971047,-0.135951,1.144060,-2.454035,-0.192150,-1.600937,0.517199,1.609567
2302,3,1.930549,0.706111,1.405040,0.406042,-0.499166,-0.642692,-0.476854,-0.073267,1.072204,-0.753444,0.691500,-0.495396,-0.047688,0.266720,0.232860,1.130780,-0.450494,-1.450697,-1.118123,0.293350,0.179962,0.790314,0.063530,1.094882,-0.412429,-0.352255,-0.996464,-0.574054,-0.867674,-0.038644,-0.643038,-1.154668
2303,0,0.553887,0.682451,-0.096665,0.206938,0.289715,-0.606454,0.547493,0.727533,-0.030898,-0.323575,0.542064,-0.140833,-1.020078,1.310326,-0.027935,0.198174,-0.339467,-0.959116,1.224832,2.107619,0.083145,0.771484,-0.883220,1.233975,0.255105,-1.532212,0.331390,1.845451,0.326283,-0.441915,-2.005916,-1.291287
2304,3,0.815000,1.604813,-1.704432,0.956276,-0.422949,-1.550610,0.329458,-0.693053,-0.175942,-0.056834,0.015284,-0.773490,-0.585362,0.816835,-0.421953,-0.594452,0.517391,-0.318465,1.829743,0.069062,-1.366566,-0.819144,-0.535068,0.017352,0.781934,0.212593,-0.455152,0.476939,-0.356001,0.370834,1.708898,0.727993
2305,2,1.104749,0.796908,0.725036,0.433975,-0.177506,1.123088,-0.386885,-0.747401,-1.998701,0.950222,0.375772,-1.390052,-0.584102,-0.163094,1.195069,-0.021924,0.475465,2.818465,0.397238,-1.503046,1.304178,-1.297539,-1.126615,-0.085450,-0.015805,-0.217713,1.625002,-0.195644,0.605260,2.320286,0.192365,-0.349681
2306,2,0.282847,0.933895,1.470516,0.214898,-0.757557,2.368830,0.113048,1.959463,0.653669,-0.180134,1.627484,0.726027,-1.776072,-0.796164,-1.293739,-0.760746,0.120479,0.858293,-1.409803,-1.155557,0.009873,-0.863160,-0.878170,0.751786,0.502748,-1.117022,1.217869,-0.945339,-0.007707,0.943144,-1.502961,0.026769
2307,1,1.820799,1.555762,0.647132,-0.186349,-0.185586,0.847056,-1.322844,-3.948498,-0.288394,-0.407725,0.363283,-0.163101,-0.136088,-0.275798,-0.967983,0.860834,0.096622,1.187806,-0.329466,0.673162,0.413038,0.066250,-0.053361,-0.575324,-0.317468,-0.472181,-0.041887,1.327969,0.719549,0.480411,1.553362,0.321545
2308,2,-0.374411,0.428255,-0.648925,1.392207,0.240846,0.895806,0.907621,-0.380914,-0.932993,0.274457,1.980422,1.679304,-0.970097,1.281632,0.732272,0.066653,0.137597,0.488405,-0.028816,-0.544731,-0.293797,-1.977750,0.724745,-0.920777,0.431649,1.290934,1.689308,1.207777,1.657642,0.477302,-0.849487,-1.802105
2309,2,0.560988,0.985529,0.123151,-0.387214,-0.228347,-0.897253,0.315997,0.647380,-0.172305,0.414525,-0.345255,2.315096,-0.583664,0.578770,0.559899,-0.081801,0.190444,-0.333457,-0.510729,0.069394,0.775092,-1.070697,0.225312,-0.110828,-0.351600,0.214583,0.193935,-0.503334,0.648446,-0.120414,0.431701,-0.212170
2310,0,-0.333374,-0.930534,0.941644,0.515739,-0.260772,1.810193,-0.559519,-0.060846,-0.367157,-1.943989,-0.312619,-0.168856,2.324915,1.874960,0.121433,-0.272602,-1.263943,0.452242,1.245960,-1.184728,-0.704522,0.891448,0.869533,-0.228585,-0.116017,-0.848174,-0.586288,-1.341748,1.050514,-1.036167,-0.231280,-2.214231
2311,0,-0.319696,1.011726,1.808024,1.200631,1.592722,0.734676,0.317452,-0.500750,-1.678073,-1.169330,-1.841253,-0.401402,0.290808,0.399268,-0.681665,-0.721566,0.076332,0.189919,0.614288,-0.387002,2.060295,0.190436,1.201447,1.136215,-0.026173,0.815069,-0.213833,-1.274217,-0.108633,-1.270139,1.371969,-1.465797
2312,3,1.117302,0.545501,-0.204615,1.411622,-2.262545,0.077289,1.429159,-1.441711,-1.622712,-0.632920,-0.598854,0.653778,-0.355782,-0.597059,0.885838,-0.883983,0.978909,-1.885398,-1.205382,-1.173644,-1.407971,-0.104731,-0.189875,0.497411,-0.626424,0.445297,-0.335769,-0.264194,-1.963107,0.306118,-0.362717,-0.840384
2313,0,-0.572161,0.785127,-1.006970,-1.975984,-1.784797,-0.099151,-1.678228,-1.585746,1.472118,-1.472062,0.574303,0.532845,0.202746,-0.737400,-0.450925,-1.046459,-0.097108,0.058816,-2.178658,-0.215891,0.777478,-0.418531,-0.177011,-0.435533,-1.240193,-0.113115,0.957713,-0.484413,-0.524957,-0.813029,0.222132,0.385795
2314,3,0.270304,-0.676905,-0.385739,-0.051095,0.624346,-1.087133,0.034441,1.682342,0.930053,-1.207651,-1.645867,1.183126,-0.823233,-1.834808,-0.766907,-0.440255,-0.756099,-1.834277,0.269396,-0.025617,-0.774806,-0.792830,-1.318661,0.719451,1.247449,-0.355352,-0.755200,1.969991,1.327589,-1.314628,0.230106,-0.960037
2315,2,0.118937,0.163205,0.267485,-0.729834,0.854658,-1.104571,-1.105495,0.041315,1.129509,-0.771809,-0.620875,1.553366,0.382610,-0.000862,-0.895257,1.181610,-1.116215,0.739321,0.078739,-0.695047,-0.616439,0.024060,-0.352245,1.163288,-0.956476,0.199165,0.257231,0.978661,-0.229395,-0.121471,-0.726357,1.521549
2316,1,-2.149353,-0.053788,-1.339607,0.746880,-0.630049,-1.247362,0.746851,0.835532,-0.267359,0.065820,0.154007,-0.796408,-1.115339,0.509343,-0.611586,0.435014,-0.394287,-1.134758,-0.411494,-0.306657,-0.390353,0.295126,-1.322204,0.815170,0.999758,-1.105310,2.010057,-0.635492,0.691266,0.334029,-0.271185,0.781527
2317,2,0.395042,0.583437,-0.032439,-0.524815,1.029982,-1.390619,-0.662814,1.343851,-0.600426,0.007940,0.431090,-0.795247,-0.269453,-0.870441,-0.045916,0.274693,-0.129051,-0.488730,1.061666,0.225772,-0.789367,-0.360333,0.043826,-0.272438,-0.822859,0.546774,0.398561,-0.743300,0.663453,-1.105616,-2.464931,-0.672760
2318,1,-1.482438,0.438136,1.317995,-1.607407,0.828659,2.208021,-0.672257,-1.471234,0.441471,0.223128,0.704550,1.107283,0.119159,0.006722,-0.282635,0.631368,-0.151979,0.656967,-0.583193,-0.852313,-0.111292,-0.850164,0.558062,-0.258070,-0.364951,1.237070,-0.277679,-0.873450,0.850239,0.714937,-1.315648,1.976910
2319,0,0.505824,0.008108,0.626188,0.184125,2.673368,-0.456127,-0.639441,1.529347,0.543060,0.989082,-0.399381,-0.127229,0.698897,-1.307006,0.264627,0.574710,1.005823,1.074948,-0.851673,-1.427715,-1.421442,-0.571492,-0.632047,-0.193116,-0.151784,-1.624524,0.565806,0.150901,0.462545,0.106393,2.355303,1.037407
2320,3,-0.043836,0.887096,1.134884,0.965668,-0.417841,-1.179181,-0.067156,-0.992932,-0.023719,-1.424448,-2.201998,1.562440,1.148357,-1.274528,1.444737,1.517319,0.348862,3.688512,-0.777512,-1.438124,-0.983022,-0.004192,-0.138298,-0.394237,0.804333,0.579501,0.086123,-0.056503,-1.415139,-0.233077,1.432006,-0.420379
2321,2,1.388442,-0.212437,0.785861,-0.281826,0.925081,-0.633827,0.544456,-0.042358,-0.560136,-0.151635,-1.234263,1.961136,-0.100233,-0.862956,-1.041764,0.735066,-0.276542,-0.856071,0.844496,0.146991,-0.029938,0.569182,2.237876,0.597785,0.495839,-1.207368,-0.676816,2.184259,-0.119738,-0.927941,-0.574581,1.814555
2322,3,-0.326955,1.293488,0.908044,2.127962,0.728925,1.916430,-2.048243,0.385395,-1.242498,-0.019047,0.293429,0.673191,-0.663357,0.129590,-0.672769,0.986456,-0.855240,-0.795573,0.844226,0.033738,1.913075,-0.581700,0.426538,-1.030655,-0.271706,0.165140,0.076526,-0.286606,0.296254,0.510588,-1.638283,0.319692
2323,3,2.022472,1.928618,0.710501,-2.108398,-1.120745,0.554675,-0.952707,-1.496804,-0.527745,0.277903,0.707627,0.367545,-0.531498,-0.236657,-1.162254,-0.079487,-1.029163,1.171933,-0.004289,0.051643,0.105713,0.385731,0.623048,1.790143,0.605719,0.699153,-1.621970,-0.350766,-0.816116,-0.370638,-0.189794,-0.129058
2324,1,-2.044372,-0.043538,1.810327,1.411146,1.012896,-0.013114,-0.375146,-1.683567,0.121059,0.235289,1.850247,0.956233,1.493767,0.224490,-1.307176,-0.486574,-1.530159,-0.917609,-0.035667,-1.207711,-0.470062,0.619742,-0.532013,0.220390,-0.540762,1.735192,-0.157589,-0.924333,0.853932,0.242011,-1.832528,-0.868605
2325,1,0.528930,-0.365931,0.495744,-1.135124,0.868903,1.738195,-0.310069,-0.681857,-1.095637,1.352078,-0.758243,-0.517300,-0.202714,-1.629885,0.021070,-1.178110,0.193082,0.498621,1.601353,0.180134,-0.013671,0.055199,-1.500098,-0.513992,-0.813177,-0.154020,-0.165912,1.256064,0.534948,1.541927,-1.105750,-0.278601
2326,2,0.110907,1.040436,-0.286240,-0.878460,-1.366938,0.561630,-0.806178,-0.092988,0.905033,-0.264038,-1.206111,0.129344,-0.150081,0.186373,1.914098,-0.248922,1.131445,0.034820,-0.648354,0.697960,0.395890,-0.835948,0.742615,-1.158671,0.517099,0.643700,-0.777973,2.998123,0.304440,-1.920157,-1.255907,0.668294
2327,2,-0.251498,1.304847,1.236817,-0.184123,1.362459,-0.103862,0.647251,1.237758,1.038215,0.261264,-0.716004,-0.468517,-0.265102,-0.702896,-0.849047,0.614469,1.067014,-0.032493,-1.160312,0.460192,-0.310802,-0.378574,1.201511,-0.276745,-0.026043,-1.154112,0.722945,-0.760316,0.149458,2.756293,-0.246966,-1.209589
2328,0,0.390355,0.705056,-1.868615,0.463645,0.820129,-0.833917,0.776599,-1.077911,0.256434,-1.741345,-0.452790,-0.672498,-0.547750,-0.488590,0.385871,0.815296,0.656169,3.133723,0.908001,1.611913,-0.122001,-0.375642,0.692232,1.638627,-0.458653,0.596752,-1.104961,-0.504995,-0.982057,-0.568712,-0.266179,0.039118
2329,3,1.492432,0.469970,2.068864,1.292858,2.093822,0.543926,1.987146,-0.528282,0.342551,-1.588165,1.279500,0.776245,-0.665152,-0.208566,-1.856180,1.172876,0.919763,0.306314,-1.192679,-1.459207,1.992299,0.722111,-0.466075,-1.246812,-2.388169,-0.005126,-1.478585,1.480296,-0.245190,-0.392992,-1.218096,0.752235
2330,2,-0.540412,-2.139864,1.040500,-0.418079,0.476996,1.037778,0.909380,-0.802230,-1.392042,1.173189,-1.352144,-0.506269,-0.054400,0.362221,0.544499,0.042269,-1.674581,1.982078,-0.670262,-0.259180,0.050202,0.126800,0.216936,-2.031381,-0.479433,-1.002949,-0.233868,-1.232700,-1.002741,0.736908,-0.987528,-0.036142
2331,2,0.656882,0.548929,1.359029,0.583549,-0.839578,1.034236,0.533784,-0.460773,-0.002510,2.206070,-0.176387,0.536675,0.101753,-0.120121,1.369582,0.462620,-2.509500,-0.829972,-0.879221,0.943018,0.190439,-0.068662,-0.239833,1.035240,0.428728,0.739385,-0.555731,0.430463,0.853517,-0.417502,-1.552745,-1.081908
2332,3,0.995299,1.761374,1.528743,-0.462573,1.924989,1.220214,-0.487945,-1.258416,1.167924,-0.166304,0.349969,-0.244955,-2.614909,1.877231,-0.808505,0.429763,-0.899808,0.873432,-0.358950,0.934488,0.114785,1.458777,1.231874,-0.600989,1.210703,0.741304,0.720057,1.085505,-1.564566,-0.595257,-1.611392,-0.932403
2333,0,-0.621463,0.803856,0.949246,2.087689,1.523850,-0.167452,-0.836733,-0.969785,-0.007218,-0.706338,1.214839,0.239926,0.274333,0.112958,-0.124286,1.851002,-1.534187,1.357711,-0.917402,0.254720,0.671630,-0.873544,0.177979,-1.309915,0.086357,1.754248,0.009757,1.420648,0.704821,0.925918,-0.542125,-1.269961
2334,3,0.295649,0.107271,-0.505416,-0.063502,-1.005119,-0.404143,0.923119,-0.448842,-0.417629,0.364076,-0.433837,-0.881139,-0.138002,-1.129549,-0.972415,-0.121836,1.203043,0.858959,-1.608497,2.322346,0.065475,-0.727219,-0.829418,0.597989,0.638224,0.770122,-0.473864,0.080021,-1.613914,0.303919,-0.139344,-0.679921
2335,3,-1.496201,-0.379578,0.474810,0.147156,-0.268547,-0.888721,0.626519,0.975588,1.693828,0.654955,1.477299,-0.444777,-0.156997,0.042574,0.720035,-0.847268,-0.762834,0.627822,1.050421,-0.178526,0.106869,-0.669376,-0.650207,-0.838834,0.736825,1.379298,-0.778102,1.251471,0.154672,-0.639308,-1.395883,-0.160476
2336,2,-1.935102,1.688338,-0.593460,0.254518,0.707219,-0.201531,0.008546,-0.463743,1.286345,-2.397211,2.785015,-1.102720,-0.447493,2.470227,0.032534,1.277616,-0.536761,0.879494,0.092415,-0.749551,-0.970942,-1.997228,0.252021,1.123202,-0.090966,-2.007318,-0.354863,1.502026,0.068462,-1.332954,1.043571,0.835297
2337,1,-1.495898,-0.470707,-0.036538,-0.721489,-0.547145,1.067061,0.348736,-0.952607,-2.435251,-0.938177,0.864917,0.445946,-0.871710,1.761195,-1.109993,1.527324,0.710229,0.887791,0.766437,0.179084,1.669656,-0.481782,0.462040,1.569410,2.126731,0.098161,1.023312,-1.119969,-0.989014,0.852234,0.379856,0.279067
2338,2,-0.104332,-0.491868,-0.551963,-1.350067,0.079623,-0.977122,1.995197,0.297610,-0.792256,-0.103194,0.593662,0.090653,-0.268810,0.204713,-1.471961,-1.840246,2.094918,-0.056572,-0.454813,-0.398643,0.502127,0.442123,0.269474,0.039523,-0.117461,-0.736253,-1.331648,-0.831646,-0.891540,-1.196620,1.938948,-0.840504
2339,3,-0.876024,0.582413,-1.445989,1.107717,-0.299163,0.455237,-1.386933,-0.626940,0.274653,0.828718,0.904033,-1.385945,-2.036635,0.696830,-0.414298,-0.766246,-1.109804,0.008509,-1.324629,0.985126,-0.428320,-0.046405,0.364922,0.291589,0.295028,-1.417869,2.467480,-2.933268,-0.923465,-0.300496,-0.032455,1.047736
2340,0,-0.011668,-0.634907,0.397969,0.329964,-0.399125,-0.286619,-1.421234,0.460578,0.024631,0.484633,-0.939731,-0.976803,0.417338,1.633493,0.722399,0.221298,-0.343734,-0.216810,-1.415790,1.073236,1.353027,0.096578,-0.398032,-0.398511,1.214340,-0.568476,-0.205152,1.176439,0.757003,0.266349,-0.423894,-0.702352
2341,1,0.582314,1.732695,-0.192677,-2.054852,0.154545,1.127491,-1.134661,0.005719,0.071602,0.499503,-1.001997,0.870077,-0.405800,-1.329518,-0.206310,-0.968246,-2.694531,-0.452692,-0.128358,-0.370411,-0.998004,-0.299637,-0.758584,-2.274621,0.243545,0.810847,0.249271,-0.927352,0.741919,-0.911490,0.410218,0.512666
2342,0,0.939053,-0.502357,0.918877,0.898411,-0.891340,-0.145695,0.448499,-0.678241,-0.302783,-0.818798,1.835188,-1.690421,0.694759,0.547586,-0.579172,0.271485,0.570495,-1.139102,-1.410848,-1.078315,-0.406457,0.150066,-1.640161,-0.689354,0.307753,-0.054050,-0.870117,-0.125902,0.678065,-1.830717,-1.001610,1.164163
2343,3,0.333209,-0.291974,-0.023978,2.683314,-0.733350,0.123327,-0.094126,1.617230,-1.288817,-0.701773,1.053970,-1.150142,0.014616,-0.343188,-0.610169,-1.033898,-0.607163,-0.487385,1.838174,-1.867039,2.037772,0.872652,0.502174,-1.117041,1.256911,0.015711,0.466564,-0.575554,-0.435031,0.850908,1.056771,-0.221236
2344,2,-0.665754,0.018576,0.256268,-0.707391,0.765312,0.312587,1.343519,-1.543239,0.154978,-0.791161,0.100639,-1.632106,1.488654,0.761437,0.425117,0.934245,-0.036064,0.594542,-0.698209,-0.248393,0.658716,-1.167967,0.926464,-0.465751,0.837357,-0.341882,0.267621,1.110284,1.178493,1.546730,-1.355057,-1.853303
2345,3,-2.179305,0.824373,-0.537076,1.402031,0.616781,-0.341477,0.627537,-0.177466,-2.048731,0.191374,0.000511,0.750662,-0.525943,-0.029759,-1.392174,0.708794,0.174009,1.371719,0.296410,-0.434301,-1.220566,1.167040,0.807404,-1.437814,-0.823798,-0.788577,1.255656,0.685462,0.411409,1.896948,-0.632528,0.183784
2346,1,-1.655109,1.950155,-0.352189,0.621196,0.812147,0.979002,-2.529866,-1.313380,0.458219,1.632928,-0.670581,0.795666,1.444046,-1.080796,-0.956666,0.527427,-1.088152,1.581554,1.723880,0.977244,1.486660,-0.572087,0.408653,-0.452235,-0.403586,0.056127,-0.870239,-0.634665,0.945158,0.244295,-0.383089,-2.417660
2347,3,0.813477,0.458834,-1.207661,0.784977,0.844363,1.902668,-0.537429,-1.455367,-0.258578,-0.945025,1.708256,1.610013,-0.128329,-2.019289,-0.720062,0.664407,0.004803,-0.339124,1.156643,-0.874317,0.767971,-3.242700,0.815679,-1.285674,-0.356899,-0.204292,-1.751121,-1.087625,0.745505,-0.927326,-0.838638,-0.410501
2348,3,0.398734,-0.613544,-0.617672,1.224571,-1.461906,0.435871,1.471340,0.234218,0.332176,-1.034665,0.323816,1.071211,-0.503613,-1.173261,-0.336659,0.916804,0.351783,0.251508,-0.540024,-0.863534,0.005414,0.384904,-0.630734,1.025110,-0.173822,0.190953,-1.559498,0.763835,-0.535588,0.854524,1.482480,0.900798
2349,3,-0.318969,0.489247,0.080752,1.470193,0.590537,0.956649,-0.897648,-0.518307,-0.328162,-0.248416,-0.275591,-1.465047,0.681031,1.159358,-0.613585,-0.749352,-0.118586,1.700431,1.773515,0.893714,0.228390,-3.304957,1.605720,1.544595,2.043246,-1.061004,0.256648,-0.306856,0.220229,0.500616,-0.232828,-0.127976
2350,2,-0.858624,-0.220827,-0.245559,3.153958,-1.721548,0.048261,-1.278324,-0.119586,0.349341,0.116646,0.030409,0.222616,0.090419,-1.742831,0.308588,-1.620304,-0.719795,1.715936,1.260036,-0.025817,0.273337,-0.553705,-0.967919,-0.484558,0.062792,0.044386,0.075503,0.299293,0.031581,0.148430,-0.890836,-0.119609
2351,1,-1.709476,-0.294013,0.011870,1.790788,-0.798186,-0.066040,0.653901,-0.166930,0.137019,-0.818012,0.423638,0.803934,2.504990,0.169068,0.250228,-0.656221,0.338083,-0.173819,-0.578256,0.130611,0.443663,0.536545,-0.271558,-1.187287,-0.868493,-0.437998,-0.744524,-0.435814,-0.384412,2.179650,1.484467,-0.065761
2352,0,1.997908,-1.822581,1.678068,0.520840,-0.667569,0.372394,0.663956,-1.077447,0.872875,-0.763857,-0.881000,-1.370397,-0.610757,0.868837,-0.040760,0.164709,0.301804,0.971521,0.851147,-1.498227,-1.164374,-0.546997,0.987699,-1.312314,-0.827351,-0.981083,1.375367,-0.248645,-0.997629,-0.227048,0.535963,0.775121
2353,3,-1.060865,-0.781705,-0.015524,1.736482,0.561743,2.211202,2.546273,-0.365113,0.437701,-0.991205,0.869396,0.148091,0.040954,0.657724,0.618054,0.427360,1.027863,-0.870764,-2.141134,-1.893301,-1.193916,-0.940425,-0.034646,1.851805,-0.531142,-0.558718,-1.921462,-1.298117,-1.174966,-0.181291,-0.634693,1.151290
2354,3,-0.466887,-0.283882,1.216417,0.709206,0.334833,-0.497471,-0.588366,0.420138,1.039612,-2.076657,-1.131619,-0.279444,0.772530,-0.493051,-0.335165,-1.037912,0.547548,0.289575,-0.640802,1.299679,1.001357,1.110265,1.301376,0.285943,0.178905,0.366718,1.450787,0.736262,-1.549282,0.072915,0.510768,0.668652
2355,0,0.716979,0.892411,0.959628,1.422024,-0.932290,-0.309205,-0.438854,0.278786,-0.437417,-0.274583,-0.404558,-1.591031,-1.083053,0.904646,-0.884921,-1.168819,-0.215111,-1.742286,0.927996,0.423142,1.463785,1.184640,-0.067525,-0.538805,0.951057,-0.351923,0.190281,0.414689,2.172770,0.552275,0.000897,-0.730781
2356,0,0.499947,-0.790898,1.912384,0.327825,0.677550,-2.660640,-1.124894,0.763746,0.716944,-1.540745,-1.001728,-0.447289,-0.104567,-1.257188,0.298820,-1.808645,-0.185576,1.466501,0.588354,0.549824,0.633779,-0.221329,-0.221520,-0.710149,-0.773696,0.922553,-0.088413,-1.269386,0.036789,2.035366,-0.624359,-0.148458
2357,1,-0.940109,1.681882,0.432138,-1.108517,-0.761153,0.490808,0.072622,0.491490,-0.636924,-1.152016,0.619253,0.247206,-0.078770,-2.376897,-1.401882,1.293764,-0.711832,1.532948,0.850138,1.437359,1.180130,0.643078,-0.098301,1.095143,-0.386149,-1.339512,-0.152652,0.276542,-0.401483,0.740923,-0.897939,0.626278
2358,0,0.065611,-2.051529,-0.418429,0.585242,-0.916329,-0.451433,-1.207509,0.909422,1.699131,-0.852345,0.490863,-0.304960,0.812035,-0.445598,-0.550133,1.942364,0.414823,2.230716,1.298187,-0.922529,-2.062729,1.111859,1.104558,-1.736642,-1.767561,1.248111,1.045510,0.262618,-0.284657,1.676604,-0.384836,-0.181149
2359,2,1.067105,-0.325553,2.509019,-1.277751,1.581776,-0.271450,0.227224,0.116495,1.355890,0.693698,-0.011951,-0.153069,-1.274571,-2.158341,-0.919654,1.746217,0.117657,-0.820613,-0.387764,-1.793472,-0.382966,-0.727586,-0.325935,0.960741,0.103915,0.803236,1.497618,-0.157879,-0.322465,0.028047,0.421819,-0.381927
2360,3,0.694420,1.332646,0.486610,0.101336,-0.018886,1.138375,1.207976,0.113351,0.712437,0.771658,1.067778,-2.568773,0.078514,-1.383308,-1.148385,-0.046918,-0.488202,-1.211980,0.299344,-1.149774,-0.086665,-0.162380,1.320531,1.089015,-0.933111,-0.165850,-1.193878,1.480106,-0.350280,0.284887,-0.463778,0.406885
2361,2,-0.527370,0.544491,0.293304,1.061203,0.992078,-0.130383,0.272847,-0.513216,-0.308013,-0.364664,-0.141977,-0.669531,1.625630,-1.477616,-0.821334,-0.542586,-1.257487,0.084966,0.478062,-0.882679,2.077725,-0.803010,-0.431280,1.059168,0.968570,-0.773960,-0.970436,0.809716,0.879258,-1.342837,-0.315367,1.290664
2362,0,0.333074,0.545230,0.511793,1.969268,-0.158887,-0.299439,-1.630975,0.512250,-0.224249,-1.032099,-1.470605,1.033735,-1.393413,-0.404151,0.083792,1.020564,-0.807824,0.721149,-1.882037,2.497950,0.493914,-2.230033,-0.453656,0.183776,0.669104,1.118773,0.187685,-1.401574,0.829898,-1.112581,-0.153466,-0.723601
2363,0,1.082969,0.648534,-0.861791,-1.080756,0.277633,0.132599,-2.249532,-1.160196,-1.066782,0.207138,0.881764,0.068419,-1.953049,-0.943237,-0.013511,-0.613211,-1.025397,-2.735387,-0.220186,0.343522,-0.808403,-0.925117,-0.240735,-0.683192,0.568201,-1.097821,0.815727,-1.586907,-0.736697,-0.780844,0.183836,0.033243
2364,3,0.518747,0.189761,1.148110,2.233112,-0.024912,0.725861,1.909394,-0.712814,0.514030,-0.459337,0.916640,-0.832041,-0.087982,1.089690,-1.129687,0.349625,0.281413,0.536867,-0.837528,0.315864,0.757078,0.728132,-0.772508,1.905017,-1.012374,-0.305238,0.376934,2.186429,0.528206,0.007904,1.666721,-1.247002
2365,1,0.548231,-0.271814,-1.424242,-0.865858,-0.098068,-0.615254,0.827197,1.052698,0.386953,-0.143130,0.536228,-0.245512,1.135682,1.535463,0.485574,-1.779960,-0.506798,1.451812,-0.147515,0.503450,-1.521989,-1.093707,1.214073,1.128529,-0.730405,-1.046114,0.175491,-0.725587,0.297400,-0.673281,0.569161,-0.617823
2366,3,-0.450017,1.402643,0.402054,0.918936,-0.080020,-0.199743,-0.254478,0.331873,0.330051,-0.245538,3.097157,0.063935,0.592038,-0.954370,-0.980222,0.385887,-1.088533,-1.087055,-0.302905,-0.561817,-0.502830,0.820796,-0.443354,0.555919,-1.334548,0.785931,0.441131,0.002701,1.585175,-0.776076,0.012475,-0.339296
2367,1,0.275790,-0.810434,1.360523,1.656468,-0.631247,-0.416087,1.315046,0.422840,0.606711,-0.037082,-0.206467,-0.842448,-0.714422,-2.503582,-0.264426,0.566533,-0.504345,-0.539032,1.240464,-0.784952,-0.194939,-0.376740,-1.233344,-0.206503,1.921829,-0.953187,-0.234230,-0.927072,0.849205,0.103580,-1.260581,-0.811005
2368,3,-0.906645,0.386659,1.070949,0.471755,-0.989550,-1.537011,0.726797,-2.069787,-1.267834,-0.474582,-1.778499,-0.061770,0.590936,0.183309,0.133434,-1.394376,-1.486948,0.662080,-0.351476,1.538603,-0.415081,1.022889,-0.348723,-0.257697,-0.015497,-0.615165,-1.417286,1.202175,1.465704,-0.737970,0.647344,0.626402
2369,3,-0.073637,0.588500,-2.282483,0.518318,0.483128,-0.900217,-0.750919,-0.329016,0.765147,1.513266,-0.213920,-0.750478,-1.671340,0.225272,1.294241,-1.947532,0.836585,-0.942897,1.417837,-0.062579,-0.390463,0.481712,-0.453593,0.430922,0.033536,0.787523,1.034132,-1.437117,-1.546208,0.462956,-0.519819,0.610769
2370,3,-0.425165,1.054598,0.243319,1.605795,1.285806,-1.432685,0.527922,1.831058,-0.619183,0.431965,-2.282918,-2.027671,0.522701,1.490555,-0.618181,-1.080400,0.924051,1.804565,1.355702,0.112223,1.111933,-0.816569,0.167269,1.353690,-0.451740,1.227489,0.332493,-0.073947,-0.196733,-0.728850,-0.555684,-0.111633
2371,0,-1.027412,0.624246,0.610424,0.443038,-1.076729,0.635679,0.471121,-0.773396,0.395843,0.156171,-0.583300,1.046557,-0.456046,0.800408,-1.017674,-0.793178,1.277787,0.452239,0.572942,-0.525275,0.707921,0.986152,-0.907667,-1.758340,0.952356,1.678571,-1.234326,-1.789176,0.228936,-1.411448,0.517657,-0.022902
2372,1,0.664483,0.078081,-0.798536,1.168157,-1.520096,-0.886834,0.370909,0.846669,1.111030,1.679342,0.839300,1.341999,0.232185,-1.219722,0.916892,0.908836,1.107675,0.222647,0.896834,0.358097,-1.751751,0.272321,0.000566,0.218673,1.602262,0.784045,-0.190986,-0.398353,0.359402,0.406270,0.846529,-0.487553
2373,3,0.108286,-0.666717,-0.719132,0.539745,-1.555572,-1.240949,0.066409,0.707702,0.554451,0.419289,1.005176,1.093323,-1.559279,1.804945,-0.597092,0.133356,-0.049194,-0.364174,-0.595139,0.369864,-0.444906,0.387436,0.937476,-1.488137,1.230292,0.076461,-0.521820,0.610053,-0.487222,-1.675362,-3.152179,0.326677
2374,2,0.464534,2.277926,1.518017,0.292052,-0.575002,-0.176081,0.872058,1.299379,-0.175938,-0.525153,-2.023013,0.546768,-0.649639,-1.600539,-0.690956,0.699850,-0.075217,0.219463,-0.645012,-0.104495,-2.165778,1.138059,0.890933,1.154279,0.026860,-0.546193,0.192788,-1.060559,-0.737650,1.193273,0.670889,-1.018053
2375,1,0.685878,-0.202150,0.367355,1.200001,0.619078,-0.795486,1.569233,-0.174666,0.125484,0.175689,-0.002065,0.909688,-0.485165,0.164212,-2.518304,0.766587,-0.914819,1.226829,-0.327824,-0.501927,0.127371,-0.172990,1.084090,-2.623953,2.754002,0.013756,0.273577,-0.008453,1.642979,-1.115971,-0.862529,-1.356031
2376,3,0.497128,-0.255212,1.084120,-0.483155,0.120121,-0.294237,-1.040308,0.243859,0.974713,-1.363860,0.590279,0.251930,1.064255,-0.270078,0.216515,1.763761,-0.934756,0.975153,1.992129,0.853192,0.560892,0.952458,0.110822,1.987513,-0.522315,-0.843993,-0.240383,-1.066432,1.721160,1.895104,0.828488,0.811090
2377,2,-0.183575,-0.260973,1.293017,-1.502846,-1.125041,-2.686372,1.271238,0.331116,0.668902,0.568764,0.199361,-0.071166,0.031447,-0.428003,0.875577,1.550835,0.897455,-0.465257,0.073239,-0.643441,0.741479,-0.521664,-0.454961,1.448883,-0.195383,1.113557,-3.069041,-0.585755,-0.899907,-0.520871,-1.049894,-0.171147
2378,0,0.606809,-0.195038,-0.824859,0.862674,-0.621633,1.300847,-1.040706,-0.935098,-0.839422,-0.628298,-1.550288,0.376271,0.142026,-0.577859,-0.921503,-0.800584,0.254231,0.604148,0.935968,0.024466,-0.043052,-0.878163,1.530582,-0.128840,0.289304,-1.352397,-0.378147,-1.267770,-1.927871,1.745008,-0.139842,0.255803
2379,3,1.293018,-0.612509,0.158721,-0.916542,-0.022417,-0.078182,-0.646774,0.801815,-0.300897,1.314941,0.825095,0.069495,-0.333809,-0.850309,0.398549,0.315238,-1.085991,0.333004,0.514051,-0.704903,-2.004304,-0.838320,0.304106,0.125853,-0.591021,0.401539,-1.091534,-0.776183,-0.618503,-0.347506,0.352498,0.659191
2380,3,-0.179016,-0.438102,-0.241492,1.452098,-1.228411,0.026808,0.160249,2.091201,0.224317,-0.607596,0.590536,0.337369,1.327596,-0.210682,-1.726530,0.071753,-0.012594,-0.118910,-1.125973,0.266245,2.426408,0.250408,-1.185427,-1.349022,0.073951,0.509621,-1.851401,-0.646681,0.528158,0.070978,1.683675,-0.712910
2381,0,1.301678,-0.729753,0.550430,-0.306810,0.220232,1.884324,0.880060,1.371126,-1.026864,-0.944104,-1.597131,0.401818,-0.241870,0.532551,0.036863,-0.242261,2.850566,-0.460326,0.249603,1.106530,0.288883,-0.340554,0.424755,0.122033,-0.593177,-1.340946,1.444510,-1.280238,1.115929,-0.958931,-0.433482,0.158700
2382,3,0.596443,1.451273,0.618882,0.621770,-0.455443,-0.322512,0.313326,-0.245024,0.453237,-0.571890,0.432461,0.502270,-0.127555,0.940737,0.672212,0.447031,-0.334187,-0.477330,0.710793,1.370274,1.066258,-0.164334,-0.793054,0.675957,-0.981628,-0.737525,0.671709,1.328621,0.489135,1.380285,0.076126,0.794601
2383,2,-0.834224,-0.564448,0.100838,0.257601,-0.252008,-0.269596,-0.149428,-0.063066,-0.448275,-1.637314,2.148341,-0.323283,0.605392,0.554968,-0.986730,-1.608817,-0.235161,-1.260796,3.121073,-0.031719,-1.044027,-0.670448,2.099301,0.198305,-0.131715,-0.140386,-0.201305,-0.154662,2.074272,1.093331,-0.287785,-1.587489
2384,3,-1.679653,1.033757,-0.107213,0.185190,0.705316,0.146532,-0.045783,-0.664710,0.307985,-0.603027,1.229582,0.189023,-0.403896,-0.535828,1.267601,-0.437628,0.597443,0.923898,0.809224,-0.944931,-0.663669,0.549304,-0.731062,-1.123095,-0.651587,-1.148370,-1.732297,1.687887,1.822324,-0.758089,0.142218,-2.191675
2385,0,0.378277,-0.890504,-0.755957,-0.158489,0.101346,-1.422500,-1.331190,0.760392,0.052557,-1.033408,-0.662715,0.745944,-0.760696,-0.627453,-1.532420,-0.952518,1.531408,-0.048893,0.557973,0.382425,0.093676,1.396629,2.109421,-1.382321,-1.806156,-0.549248,0.225728,1.750244,-0.497635,0.740134,0.151696,0.501773
2386,0,1.229839,1.156329,-0.750215,-0.760019,-0.770703,0.197732,-0.123196,1.198314,0.323966,-1.311419,2.839463,-1.106822,0.567151,2.126217,-0.591173,-0.898287,-0.607318,-0.885665,-0.104697,1.130944,-0.438736,-0.170146,-1.635574,0.126368,3.110459,-0.431024,0.112899,-0.680277,0.084511,1.124498,1.546412,-1.362369
2387,2,0.914588,0.079422,-0.034193,-1.023464,-1.538280,-0.465207,-1.007995,-1.407107,-1.300398,1.022048,0.055994,0.807332,0.457629,0.570933,0.067682,0.917141,0.147850,0.058196,1.864004,-1.350443,-1.374267,-1.940063,0.427756,0.488421,1.356927,0.582161,0.733665,-0.005321,1.093033,-0.337722,0.434893,-0.292412
2388,0,0.064958,0.060441,1.077991,-1.852389,0.332648,-1.143565,1.025760,0.847564,0.242423,0.974441,1.440239,0.544635,-0.938732,0.626595,0.124688,-1.203786,-0.958124,-0.745310,-2.118907,1.187863,-1.726415,-0.822792,-0.513508,-0.298511,0.978771,-1.205856,0.020856,-1.743211,-0.513854,-1.809585,0.822879,0.083447
2389,3,-0.215929,-0.530335,-0.537007,0.893478,-0.749554,1.146509,0.771483,0.025424,0.835434,-2.432657,0.613856,0.994956,-0.163115,2.779259,-0.684544,1.472800,0.293021,-0.334629,0.255171,0.554438,1.085465,-1.173239,-0.388911,0.586483,0.703128,0.626163,-0.492786,1.608422,-0.519668,-0.361829,-0.973982,0.964387
2390,1,-0.754156,1.841578,1.535706,0.350138,-1.108682,0.180718,0.799206,-0.451307,-0.637848,-0.543603,-0.728176,0.112438,1.059334,0.402290,-0.470031,0.271143,-0.746782,0.851105,-1.969322,0.158760,0.500805,0.479655,-0.175417,0.186652,0.323572,1.683222,0.170696,0.540924,-0.120750,0.041509,0.325956,0.011394
2391,0,0.451691,-0.096385,-1.109110,-0.628167,0.464695,0.605379,0.407063,-0.800493,-0.075125,-0.350107,1.076104,2.123085,-2.240666,-0.618987,-0.774051,-2.072832,0.363477,1.695869,1.056856,0.367806,1.960005,0.842554,1.681492,-0.160817,1.926152,-1.509225,1.413254,-0.188658,-1.779140,-0.502521,-1.221992,1.788280
2392,2,0.095923,0.144794,0.298378,-0.723058,-2.663444,0.478364,-1.229217,0.481709,0.822666,0.659186,-0.199288,-0.285308,1.035042,-0.860166,1.551764,-0.339062,1.818852,0.353928,0.477900,-0.830329,0.355876,-0.026560,-0.595843,-0.323067,-1.785760,-1.551104,-1.557743,-0.041386,0.590384,-1.555476,-0.755985,0.679249
2393,3,-0.604755,-0.051425,1.681609,-0.080393,0.637586,-0.656028,-0.164334,-1.075462,-0.039387,-0.520787,-0.406310,-0.753140,1.172457,0.197416,-1.121061,-0.024757,-0.018821,-0.116580,-0.057668,2.447633,0.688220,0.208569,1.496064,-0.340206,-0.563800,-0.604154,-0.003701,-2.427252,0.233072,-0.893973,1.403440,-0.670373
2394,3,0.418248,0.429066,0.004280,1.338693,0.319984,0.259131,-0.112791,2.172885,0.788055,-0.645682,-1.954736,-0.605265,0.823272,-0.229132,0.452075,1.237198,0.826447,0.028418,-1.197484,-0.519221,-1.024286,1.827237,-0.280634,0.637269,1.640350,1.309638,-1.940069,-0.072137,-0.145987,1.012589,2.142799,-0.434412
2395,0,-0.532121,0.292686,1.395670,0.198838,0.479660,0.444625,0.995200,0.214122,-1.485416,-0.225769,0.432675,0.314485,-0.726443,-0.376248,-0.618041,1.314819,0.820743,-0.275460,-2.580622,0.417596,-0.111690,1.043500,1.165702,-0.414444,-0.789729,-0.068743,1.691559,-0.453672,-0.025445,-0.544779,0.974256,-0.077418
2396,3,1.252214,-0.698328,-0.144648,2.682828,-1.640855,1.250450,-0.367701,-0.080960,0.026014,-0.444890,-0.299681,1.411145,-0.798313,1.913833,1.626618,-1.072424,-0.888581,0.401890,0.561499,-0.307617,0.353063,-1.275025,-0.008270,0.789026,-0.302933,-1.099280,1.711416,1.232953,-0.690431,-0.626346,0.597102,1.677034
2397,1,1.115318,-1.870754,1.999838,-0.209742,0.498463,1.127093,0.887672,1.122615,0.373325,-1.128248,-0.866207,-0.023230,-0.054424,0.850502,0.622751,-0.245417,-1.173061,-0.306854,0.717720,-1.437246,-0.867154,-0.129764,0.899314,-1.829219,-0.492656,-3.428928,1.180174,0.990051,-2.026918,-1.188011,0.700746,-0.663549
2398,2,1.801852,1.435258,2.227751,-0.262842,-1.417029,-0.352029,-0.267570,-0.011608,-0.144021,-0.764146,-1.857705,0.171524,0.427539,-0.135369,0.592801,0.796769,-1.230165,-0.178204,-1.288869,-0.261863,1.418992,1.087736,-0.636448,0.479752,-0.913879,-0.115479,-0.091634,0.513477,0.991003,0.105909,0.226076,0.150050
2399,0,0.092299,-0.249993,0.327899,1.217380,0.299253,0.054502,-2.204259,-0.624408,-0.810206,0.980206,-0.610798,-0.922387,0.560430,-0.761608,-0.154471,0.945770,-1.435243,-0.431524,-1.550364,0.192613,1.060130,-2.284157,1.228969,0.209336,-0.494259,-0.562534,0.020954,1.544622,0.071788,0.668621,0.436634,1.399834
2400,1,1.580212,-0.018232,0.406903,-0.435099,-0.409239,-0.022914,1.235454,-0.787409,-0.323957,-1.314626,1.351524,3.584952,-0.745648,-0.540670,0.756687,-0.741163,-0.185376,-0.420846,0.762945,-0.529090,-0.445752,-1.422526,1.445745,-1.589087,-0.468123,1.065612,-0.959273,0.463555,-0.232443,0.309424,0.808795,1.476748
2401,1,-1.900595,0.161231,-0.314149,0.681858,0.279869,1.050401,0.758165,-0.804656,1.018012,-0.945837,-0.492409,-1.486541,-0.388388,0.690835,-0.036275,-0.412275,0.229301,-0.958320,-0.727309,-0.540085,-0.793501,-0.942119,0.086433,0.005007,0.835734,-0.312547,1.100598,0.555018,0.728816,-1.225015,1.161029,-0.244795
2402,0,-0.738325,-0.092622,0.672122,-0.618413,0.397679,-1.233091,0.468058,-0.928117,1.619506,0.365458,0.971123,0.098998,0.265515,-0.458117,0.369538,-1.125181,1.374932,0.485165,0.554526,0.843542,-0.833455,-0.391355,2.634082,0.236301,0.392034,-1.323245,-0.761125,-0.357470,1.163569,-2.671712,-0.582880,-0.899992
2403,1,-1.778109,-1.810538,0.807822,0.425750,-0.899155,-0.403979,0.528223,-0.326701,0.246703,0.819635,-2.555839,-0.677071,0.768327,-0.324104,-0.577497,-0.269307,-0.828192,-0.753619,-0.499283,0.274209,-0.291116,0.451303,1.692713,0.737463,-0.835727,1.919502,1.705315,0.352017,-0.225394,-0.937148,-0.419587,-1.019026
2404,0,0.384296,-0.566420,-1.214308,0.356164,-0.260864,0.568478,-0.004637,-0.041802,1.351305,0.634995,-0.205697,2.038834,-0.677930,-0.808505,0.054378,0.623141,-0.902238,-0.292347,-0.296475,1.154201,0.004069,0.415787,0.406220,1.153112,1.399452,1.527878,0.507146,-1.447920,0.622404,1.402901,-2.631135,-0.664351
2405,2,-0.637790,0.296760,1.411107,0.278594,1.089053,-0.626091,0.306602,0.121686,-0.681692,-0.965658,0.131873,1.253664,-1.841960,1.520244,1.618959,0.035136,0.368152,0.107864,-1.068543,0.324107,0.196476,-0.380962,0.333926,-0.308582,0.953059,1.462861,0.382590,-0.574764,1.834228,0.494066,1.127140,-1.042404
2406,2,-1.119878,-0.202541,1.116852,-0.799877,2.609861,0.331941,1.260504,1.217391,-0.658250,0.608085,-0.796520,0.052979,0.110125,1.023757,1.367720,-0.301500,-0.355691,0.764278,2.078572,1.915758,-0.895897,-0.878878,2.576123,-0.920144,-0.008285,0.434546,-1.249346,2.794259,-0.656855,-1.842738,-0.393485,1.315496
2407,1,1.493038,1.190758,-0.317853,-0.357531,1.674176,-0.208967,1.031147,-0.189145,-2.648091,0.133145,-0.518859,1.134885,-1.070795,0.807724,-0.359610,-0.968168,-0.432635,0.256440,-0.959200,-0.056358,-0.115334,-0.116476,1.789394,0.798741,0.530293,0.472908,-2.326151,-0.186813,-0.085252,-1.824182,-0.762305,1.088656
2408,2,-0.612747,0.464996,-1.406699,-1.240935,-0.470235,1.164440,0.928743,0.111262,0.344331,-2.209327,1.205096,-0.227908,-0.554514,0.044117,-0.797643,0.157850,-0.716513,0.367997,0.002458,0.977815,-1.117422,-0.485233,-1.011408,1.675587,-0.937715,0.112401,0.050056,2.287376,-0.449805,1.752469,-0.153455,-0.259300
2409,2,-2.772409,-1.809930,-0.378992,0.560125,0.649148,2.195827,-1.290812,-1.153704,1.573908,0.480256,0.183075,0.059474,0.434524,-0.468015,-1.961339,-0.534377,0.514760,-1.637722,-0.360339,-0.208427,0.092086,0.980813,-0.416357,-0.592980,-1.352705,-0.783267,-0.320365,-0.151966,-0.840999,0.714090,-2.020429,0.656498
2410,2,0.353463,-1.544587,0.077598,0.330943,-0.743273,1.136337,-0.795593,-0.850891,-0.298969,-0.177567,-1.207241,-1.478693,1.401198,1.091888,-1.857421,1.690255,-0.699514,0.537754,0.376209,1.900168,-0.186357,0.225650,-0.341942,0.622148,1.209050,0.975363,0.131611,0.702414,-0.877918,1.412911,-1.034656,-1.381096
2411,2,-1.094055,-0.666092,-0.446825,0.326512,1.268824,-0.464466,0.202165,1.257558,0.457654,-0.313319,0.454690,-1.055756,-0.934229,-0.196702,0.265904,-0.829674,0.611415,-0.606689,0.701050,-1.443360,0.847433,1.145069,2.649088,0.304693,0.976387,-0.507333,-0.878192,-0.320207,-1.075766,0.418572,-0.433657,-0.064144
2412,2,1.980140,3.602758,-1.365195,-0.673944,0.359737,-0.296678,1.736840,-1.469911,1.337177,-1.353833,-1.548866,-1.687210,0.451787,0.139744,-0.066261,0.555398,-0.341008,-1.315701,-0.400778,-0.474917,-1.006763,-1.534266,1.077087,-0.679758,-0.299682,1.831328,-0.809965,-0.344422,-1.628599,-0.458950,2.238965,-2.096140
2413,3,-0.630500,0.632795,-0.265373,0.989741,0.580225,-0.042758,0.210249,-1.772721,-0.869064,2.277614,-0.819196,-1.056869,0.590687,0.830194,-0.108072,-0.319808,0.373687,0.464025,0.275500,1.609245,0.877620,-0.704097,-1.652282,-0.374103,-0.924775,1.163781,2.794778,-0.403939,0.555513,0.880576,-1.940616,0.631496
2414,2,0.178716,-2.130105,0.458138,0.686030,-0.057623,-1.867646,-0.968274,0.916294,1.034884,-0.327504,-0.282607,0.306026,-0.163328,0.269394,-0.621816,2.647846,-0.535957,-0.475955,1.144027,1.389959,1.469122,1.027848,0.951574,1.080595,-0.605474,-0.118611,0.395580,-0.541901,1.572994,-0.431547,-0.452641,-0.348521
2415,1,1.084505,-0.374478,-0.231764,0.061293,0.087571,-1.542977,0.431814,2.136142,-2.297474,-0.642372,-0.362443,-0.844790,0.939880,0.775541,-0.024416,-1.454358,-0.074178,0.122285,-1.300969,0.646802,-0.507447,-0.675826,0.365880,-1.093418,0.198820,-0.369408,0.828918,-0.032007,-0.168431,0.024377,-0.753456,-0.025833
2416,3,0.048722,-0.547977,0.214761,-0.886081,2.212010,-1.351912,-0.110238,0.416824,-1.159871,1.404670,0.442901,0.015983,2.029748,-0.244982,-1.168169,0.336163,-1.134410,0.100866,0.589399,-1.524127,0.887983,0.104735,-0.486124,-1.802104,0.153594,0.466940,-0.548482,1.613868,-0.550622,0.046032,0.549580,1.043280
2417,0,1.506812,0.734479,-0.477011,-0.018719,0.268344,0.243853,2.206907,0.010710,-0.018097,1.903736,-0.114469,0.157182,0.627921,-1.275784,-0.826663,0.842203,-0.343096,-0.629433,0.154044,-0.259005,-0.135145,0.457579,-0.100535,-2.265987,-2.389342,0.535447,-0.111971,0.880131,0.441856,0.909794,0.010594,-0.917960
2418,2,1.004061,-0.683016,-0.573322,0.122860,1.578904,1.554184,-1.131484,-0.137833,0.104019,0.947768,-0.515071,0.785316,1.504105,-1.646880,1.373353,0.615759,-0.953251,0.628140,0.937977,-0.208105,-1.427647,-0.952784,-1.442622,1.122288,0.226783,0.195110,0.583528,1.032902,-0.922553,-1.695740,1.373392,0.456667
2419,0,-0.195496,1.332408,-1.076540,-0.901843,-1.987198,-1.867847,-0.754682,-0.371832,0.400055,-0.387715,0.485552,0.006133,-0.426584,-0.638643,-1.218122,-1.132862,0.361369,1.164805,0.059792,0.494688,-0.498937,-0.042524,1.522210,0.259373,1.066793,0.885097,-0.825865,0.642243,0.347882,-1.257130,0.411564,-0.115171
2420,0,1.825892,-0.961230,-0.531025,-0.222268,-0.811255,1.722565,0.128487,0.358101,-0.915048,1.385035,0.545029,-0.418515,-0.240622,0.516770,2.180389,-0.547883,-2.268676,-0.337223,0.013634,0.904703,-0.206175,-0.093296,0.998305,0.237634,-1.430494,0.907879,1.632242,0.712362,-0.782081,-1.651368,1.409181,-0.113435
2421,2,-1.320062,-0.203238,-0.408511,-0.982957,-1.389853,-0.794372,0.976260,1.782852,1.285736,-1.240119,0.713975,-0.650603,0.394921,0.052687,0.014647,-1.446136,1.330308,-0.062995,1.439761,0.821341,0.249109,0.417201,0.431621,0.259311,1.311000,0.264960,-0.978049,0.733718,-1.334579,1.264957,1.515126,0.032856
2422,2,-0.362288,-1.243508,1.412698,0.294088,0.655826,1.288961,-0.853006,-0.732305,1.339360,-1.331309,0.623257,0.155433,0.136545,0.738202,-0.797976,0.234580,-0.441312,0.313025,1.451705,0.145422,0.765634,-0.062993,0.451658,-0.850784,0.357298,-1.784393,0.387923,1.125793,0.760776,-0.360701,-1.803981,-1.094167
2423,3,1.410703,-0.771357,-1.653028,0.776083,0.627692,0.530546,0.327004,-0.599066,0.865046,0.229321,-0.094386,-2.361448,-0.945020,0.237168,-0.131476,-1.357522,0.721654,1.251168,-0.430061,0.441762,-0.481710,0.900315,1.165329,-0.981885,-0.267953,-1.391285,0.834099,0.075070,0.946891,-0.914477,1.717431,-0.034803
2424,2,-0.521805,-1.349310,1.391278,-0.469336,-0.381360,-0.647836,1.428649,-0.055815,0.395220,0.354460,-0.388920,-0.523123,0.366580,-0.135310,0.988254,-1.467588,0.453425,-0.006423,-1.093807,-0.316798,-0.953107,0.532675,-0.019506,0.010201,-0.085288,0.933401,1.826315,0.848948,0.131451,-0.633831,-1.968028,1.287247
2425,2,-1.266062,-0.041006,2.711237,0.130530,0.875472,-0.404710,-0.415044,-0.047496,0.866710,0.342437,0.000676,-0.361892,0.544414,-0.810750,0.450324,1.341231,0.119535,-0.753780,-0.125531,0.609473,0.633737,0.667406,-0.234773,-0.833966,-0.962986,0.046287,-0.231728,0.580651,-0.350236,0.217622,0.380718,0.648747
2426,2,-0.087660,1.820360,-0.513486,-1.082162,-0.831532,0.392881,-0.360034,-1.198899,1.055658,0.701972,-0.230904,-1.075453,0.203024,-1.303965,0.423733,-0.538800,1.254874,1.229980,-1.101472,0.007118,-1.591330,0.583747,-1.057492,0.295939,0.482831,-0.192260,-1.824640,-0.056031,1.030479,-0.421963,-0.304688,-0.748626
2427,2,1.746949,-0.516681,0.389006,0.792013,-0.472416,0.944078,0.112088,-0.712528,1.234586,-1.433580,1.248382,0.293157,1.325845,-0.110978,-0.558333,0.451864,0.728405,-0.510017,-0.418519,0.128430,-1.687026,-0.559150,-1.670199,0.814522,-0.041497,-0.804412,0.028472,0.121459,-0.126947,0.490897,-0.471018,-0.408656
2428,2,1.181235,-1.233418,2.463409,0.754190,0.355704,-0.314345,-1.015337,-1.005035,1.181791,0.437321,-0.073411,-2.488400,1.393250,0.449124,-0.457908,-0.369761,1.763133,0.816195,-1.887552,-0.478420,1.077148,0.345591,-0.334062,-0.747359,0.670765,-1.131788,0.852208,0.755460,0.770706,-0.926220,0.950159,1.312646
2429,0,-0.256784,-0.573212,-1.317525,1.281573,0.568817,-1.495234,-0.559250,-0.833541,-0.937710,0.101459,-0.734129,-1.502418,0.607105,-1.348319,1.145302,-0.332943,0.283830,-0.863010,-0.834642,-0.514932,0.232066,0.227448,0.027444,2.040907,-1.908090,0.345152,-1.292375,0.455979,-1.369947,0.741671,-1.037648,-0.473728
2430,2,-1.058483,-0.648208,2.645232,1.098987,1.342261,-0.760221,-0.919718,-1.237063,1.363473,-0.863111,-0.698834,0.614896,0.418534,0.215717,-1.455778,-0.320018,-1.513650,0.127615,-0.970185,1.648301,-1.003262,-0.239234,0.981292,0.925789,-0.278006,-0.067387,1.174832,-3.015975,0.758627,0.448848,-1.690085,1.878868
2431,1,1.256193,3.006111,-0.133698,-0.069691,0.863052,2.047992,1.787420,0.200734,1.096673,-0.175309,1.645293,1.181508,0.330091,1.182570,0.352738,-1.443549,0.341475,-1.765828,1.545743,-1.304570,0.911996,2.425134,1.155242,1.201419,0.230753,0.262070,1.980342,-1.084847,-0.487702,-0.022959,0.750125,-0.699328
2432,3,-1.102151,0.949742,-0.273810,-0.379130,1.339746,-0.550769,-0.528441,-1.991517,-0.296207,1.199564,-0.378501,-0.240253,0.548019,0.813331,-0.431935,-1.231018,-0.023358,-1.592189,-1.029628,-0.576055,0.134456,-0.852879,-1.131476,-0.679569,-0.762561,-1.865644,-1.998555,-0.505965,-0.959026,1.756634,0.850898,1.043763
2433,1,-0.191141,0.840540,1.174478,0.291244,2.015119,-2.053478,0.633541,-1.627556,0.779112,-0.462609,1.162861,-0.489360,-0.699390,-1.407004,0.818827,0.396486,-0.834588,-0.960783,0.926605,1.418272,1.383547,0.639677,0.357747,1.026362,1.144596,-0.541563,-0.209115,-1.035276,-0.588455,1.269439,-1.382626,0.057866
2434,2,0.347672,-1.277550,0.801746,1.240319,0.206035,-1.023939,-0.147501,-1.887138,-0.269800,2.118380,-0.094206,0.839725,-1.026022,-0.133242,0.554428,0.017552,0.681019,-0.712186,0.476945,0.149467,1.108673,-0.301231,1.831620,0.165542,-0.545785,-0.208059,0.583152,-2.728337,1.489483,0.228027,0.074933,1.088744
2435,1,0.771460,-0.333443,0.028216,-0.390129,0.364724,-0.415678,0.067358,1.473257,0.951254,-0.609440,0.345596,-0.104905,0.434274,0.482954,-0.261130,0.328982,-0.907571,-1.225569,1.561458,-0.628052,0.288147,-0.334166,1.184420,0.699862,0.648338,-1.503068,1.046246,1.139068,-1.738943,1.315807,0.583601,0.157432
2436,2,-1.385202,-0.182471,0.713204,1.190276,-0.625255,-1.366872,-0.164589,0.488404,-0.742233,-0.378555,-0.450266,-0.953510,-0.317609,-0.482148,-0.861024,0.037004,-1.468696,-0.359233,-0.828337,-0.389036,0.070410,1.341069,-0.203190,0.761477,1.078360,0.156973,-0.582909,-0.124454,-0.714814,1.443496,0.077574,-0.373807
2437,3,-0.202926,0.573627,-0.030731,1.329272,0.705569,-0.362355,2.470747,0.918851,-0.125634,1.313869,0.857617,0.018528,-0.026190,-0.987117,0.275775,0.349806,1.130074,0.870519,0.915052,2.770162,0.467217,0.477611,-0.135526,2.251689,0.317850,-0.330815,0.433801,-0.511842,1.009637,0.445979,-0.710471,-0.102252
2438,1,0.412001,0.442069,0.124912,0.292390,0.242540,-0.010398,-1.443044,-0.191631,1.296434,0.052743,-1.099908,1.854390,-1.411438,-0.114099,-0.587317,-1.104401,-0.649771,0.209302,-1.229501,1.339107,-0.027170,-2.945687,0.893069,1.595220,0.431971,-0.538391,-0.968900,-0.661184,1.043996,-0.478668,1.205107,-0.643488
2439,0,1.007855,0.599207,1.636143,0.426704,-0.223312,-0.186886,0.169105,0.003973,1.966675,0.174770,-1.827417,0.999273,1.683439,-0.746976,0.004907,2.710213,0.343831,0.696559,0.344397,1.336175,0.239054,0.415777,0.705666,-0.209427,0.067944,0.451354,-0.007846,-0.347972,-0.374230,-2.199908,-0.223608,-0.101410
2440,3,-0.622496,-2.187615,-0.382094,-0.821157,-1.243979,2.079375,-0.893582,-0.246938,-1.846955,0.362441,0.258918,1.841029,-0.914293,-0.879115,-0.289710,1.462421,-1.409713,0.163629,2.006617,-0.435784,0.092321,0.044534,-0.738980,-0.605210,0.655361,0.727554,0.161383,-1.450952,-0.229142,-1.843443,0.370317,-0.938743
2441,0,1.512209,-0.531086,-1.291435,-2.070188,-1.190866,-0.120791,0.008299,-0.532131,1.069856,-0.403092,0.255239,0.221145,0.898515,0.533727,-0.359609,-0.259224,0.162436,0.339469,-0.985833,1.694367,0.340867,-0.253078,1.387373,-0.999138,-1.112825,-0.478412,0.333908,0.270017,0.904424,0.209545,0.241452,-0.021578
2442,1,0.769606,0.024996,-1.133948,-0.330237,-0.344398,-0.218254,-0.404066,-0.809041,-0.705835,-0.381307,-0.749941,-1.734386,1.343570,0.749253,-1.224222,1.727956,0.702961,0.148733,-1.289762,-0.244245,-0.045482,-0.466279,-1.203124,1.224068,-0.247903,-0.467105,-0.211330,0.576474,-0.521369,0.427886,-1.243247,0.496937
2443,1,0.274927,1.113981,-1.106886,-1.433780,1.834204,0.704033,-1.283551,1.212069,-1.957117,-0.954166,0.263116,-0.628419,-0.693227,0.457429,0.837031,-0.447877,0.494614,-0.499175,-1.617164,-0.820861,0.040171,-0.707394,-0.324419,2.531418,-1.522004,-0.501082,-0.563019,1.160212,-0.206007,1.262673,-0.292715,-1.521505
2444,1,1.062428,3.015939,-0.040224,-1.025532,0.013774,0.844202,-0.718566,-0.118985,1.357334,0.504910,1.534635,-1.123869,-0.364767,-0.058630,1.262898,1.119026,-0.123443,-1.246904,0.595573,1.350102,0.588904,-0.475748,-1.206790,0.471004,-0.016853,-0.006890,0.293280,-0.979221,-0.553212,-0.471644,-1.638407,0.122101
2445,2,-0.587493,1.575691,-0.795097,0.946957,-1.018582,-1.141222,-1.506498,0.068715,-0.244683,-1.343827,-1.370553,0.350366,0.225171,-0.947652,0.746772,0.239209,-1.686484,0.511477,-1.067276,-0.665962,0.693243,-0.252852,-0.785970,-0.795462,-0.513951,-0.968694,-1.828954,-0.138936,-0.414687,0.616006,-1.709294,-0.151251
2446,1,-1.305037,0.563857,-1.562493,0.598758,-0.547640,-0.354134,-0.492441,-0.363713,-1.041424,0.278039,0.451878,0.564006,-1.053780,-0.801339,1.328394,-0.507000,-0.676011,-0.879657,0.908733,0.678184,-1.639925,0.493256,1.820688,1.000308,0.539315,0.874421,-0.052271,-0.818168,1.191851,0.160435,1.462302,2.033518
2447,1,-1.907195,0.354794,0.368581,-0.490265,0.530606,-0.423374,0.251375,-0.397031,-1.364261,-1.272086,-0.436514,-0.214120,0.562940,0.248100,0.608893,0.755798,-0.757671,0.394751,-0.588714,-0.440956,0.289037,0.208463,0.170742,-0.458400,0.016769,0.247210,0.039416,1.204560,-0.385792,-0.183927,3.507676,-1.966669
2448,1,0.106703,0.394407,-0.601396,0.667523,-1.270558,-0.643950,0.577973,0.210266,0.989812,0.737069,1.620399,-0.534161,1.065420,-0.419806,1.348465,0.583030,1.938041,-0.631374,0.143344,0.549888,0.001141,2.220702,-2.187673,1.672762,0.442767,-1.030312,1.640685,-0.847863,0.782611,0.614429,0.725060,-0.122518
2449,2,0.645396,0.042175,1.777171,0.472390,-0.702734,0.148340,0.150068,-0.640263,0.276518,-0.095212,1.290411,-0.902732,0.039395,0.701514,-0.598654,0.164140,0.252915,-0.070663,0.014839,1.729966,0.293034,-0.643760,1.942936,0.651558,1.529097,-0.920475,-0.579198,-1.379369,-0.551353,0.452126,0.279476,1.342822
2450,1,-0.463750,1.039032,-1.698859,-1.760000,-0.051010,0.931428,1.044438,-0.173493,-0.641371,-0.266522,0.110480,-0.043679,-0.291952,-0.308285,-0.767463,-0.343457,1.678184,0.114754,0.471834,-0.110257,0.096367,0.669636,0.593236,-0.715711,0.601096,-1.417424,0.480235,1.558140,0.820338,-0.993136,-0.192722,-1.166807
2451,2,0.984438,0.221167,-0.408739,1.715027,1.000441,-1.165686,0.424729,0.037773,1.062944,-0.901344,0.506252,-0.379770,-0.568958,-0.384122,0.646912,-0.516925,1.299193,-1.891414,-0.371195,-2.272791,-0.436545,0.541866,0.237192,-1.008669,1.710729,1.461348,0.767489,0.506969,1.003458,0.079403,-0.226128,-1.359640
2452,3,-1.620735,-0.107957,0.847294,0.064830,-1.084255,-0.692192,0.976341,1.204288,-0.222550,-0.242604,0.433638,-0.479017,0.765802,0.231027,-0.436419,0.784032,-1.023317,-1.381005,-1.114987,1.140603,-0.520632,0.267881,-1.586055,0.083900,0.069100,0.170351,-0.187580,-1.889216,1.144936,1.011918,-0.669911,-1.040779
2453,1,0.106442,-0.808033,-1.214403,0.393142,0.748564,-0.460928,2.009500,0.992670,-1.091580,0.981111,-0.543416,0.393442,-0.075436,-0.437046,0.530534,-0.493331,-0.383465,-0.049375,0.687031,-0.109263,-1.272007,-0.411710,0.858578,-0.065037,-0.394002,1.456102,0.538183,-1.066784,0.645750,-0.453389,1.032454,-0.892939
2454,2,1.202969,-1.270401,0.881083,-0.738336,0.419457,-0.456288,-0.423404,2.361213,-0.676572,-0.421080,-0.262725,1.133684,0.148349,-0.438335,-1.746662,0.643999,-1.270890,2.574079,0.193970,0.079490,-0.254783,2.552514,1.034686,-1.012953,0.078774,-0.764819,1.351504,-0.088224,0.515555,0.929960,-1.287343,1.116688
2455,3,0.080598,0.361886,0.744452,-0.130477,-0.522614,-0.440675,-0.212842,-1.377067,-1.505798,-0.373352,0.352917,1.269014,-1.950748,1.468038,0.933104,0.168388,-0.114027,1.714066,0.651902,-1.336121,-0.867458,-0.467395,-0.048931,-0.057152,0.627745,-0.430992,-1.683148,0.839169,0.580422,-0.598094,0.135332,-0.393638
2456,1,-0.571806,1.051434,-0.024761,0.937285,0.226436,-1.116085,0.274008,-0.210313,-0.669311,1.067127,0.771487,0.271059,-1.942671,1.063604,0.715484,0.674601,0.692528,0.105748,-0.330904,-2.312359,-2.111817,-0.027584,-0.971678,1.335498,0.105910,-1.062823,-1.609570,0.697120,0.596924,-1.125013,2.010798,-0.893255
2457,1,0.258478,0.634930,-0.585617,-0.868381,-0.242545,-0.147750,-1.928566,-0.230148,-0.396714,1.639621,-0.218125,0.340347,1.007271,0.727983,1.157323,-1.285514,-1.134156,-0.701280,0.350967,0.234625,-1.603302,-0.728657,-0.495384,-0.481389,1.103749,-0.081705,0.036398,-1.725520,0.242948,-0.560189,0.714976,-0.242694
2458,1,-0.099951,0.488429,-1.104737,0.306554,0.198125,0.350845,1.742027,-0.762744,2.083079,-0.236440,0.275618,-1.311587,1.300441,1.100017,-1.140874,-1.708615,-0.132260,-0.348694,-0.094715,-0.096755,-1.179185,0.088772,1.126592,-0.560777,2.852151,0.742936,-2.084371,-0.162510,-0.198631,-0.396494,-0.464826,0.478895
2459,2,0.471049,-0.833936,-1.497560,0.231326,-0.592056,-0.832763,-0.056939,0.176013,-0.385314,1.311710,1.113530,-1.365703,-1.032965,-0.662081,-1.058411,-1.340643,1.286865,-1.333818,0.784899,-0.791054,-1.266058,-0.365282,-1.100353,-2.544146,1.243772,0.008556,0.906673,0.345961,1.096727,-1.185205,1.292023,-0.263360
2460,2,-0.844482,-0.180281,0.939509,0.646004,-1.274010,0.913320,0.059850,1.361007,-0.219440,-0.088565,0.146545,-0.359791,1.833131,0.545026,-0.721114,0.557682,0.254299,1.324224,0.682600,-2.563076,1.130381,-1.154052,-0.441731,0.373130,0.024741,-0.798915,-0.484716,0.041587,-1.197432,-0.220910,-1.498598,1.548376
2461,2,1.217211,0.627572,1.992666,0.079102,-1.527832,0.971322,-0.796396,-0.704045,1.371910,-0.935848,0.211089,-0.289547,-0.737827,0.106572,-1.755700,-3.820779,-1.247568,0.352729,-0.948630,-0.635252,1.694779,0.349934,-0.299338,-0.928289,0.964219,2.470473,-0.192208,-0.663740,0.037221,-1.138778,-2.808052,-1.163712
2462,0,0.829866,-0.490387,0.921732,-0.843537,0.971542,-1.437250,-2.045904,-0.040085,-0.751835,0.086852,0.956391,-1.837541,-0.065431,1.522345,-0.525921,-2.789887,0.374597,-0.703370,-1.325490,-1.089215,-0.357305,-0.761301,0.847320,-1.522966,0.559727,0.718122,-0.170978,-0.651058,0.187535,-0.993465,1.762353,0.968634
2463,0,1.511734,1.368980,-0.484164,-0.581677,-0.484166,-0.265023,-0.579172,-0.631014,-1.788178,-1.358957,-0.923542,-0.998310,0.315429,-0.227026,-0.056272,-0.131773,-1.167996,2.300195,0.316275,1.879373,1.174331,1.048342,-0.240504,0.510982,0.712156,1.308291,0.097539,-1.130975,-2.120515,1.165999,-0.388795,2.927723
2464,1,2.310115,2.179181,-0.216506,0.582348,-0.872793,1.744103,0.683724,-0.595111,-0.631296,1.406643,1.600112,1.672821,0.446569,-1.444293,0.110071,-0.688097,0.666691,-0.927498,0.028553,-1.898078,-1.281705,1.296061,1.810381,-1.263404,1.353646,0.267295,0.428209,1.220701,1.116180,1.611352,1.390169,0.059448
2465,1,-0.533258,-0.440511,1.679903,0.365002,-1.399143,-0.744810,-0.054094,-0.755776,-0.417310,0.244338,-1.985376,-0.187154,0.763085,1.445331,0.256450,0.255577,-1.125345,0.066872,-0.507302,0.969669,3.302514,0.290926,1.228935,0.679363,-0.676264,0.660893,0.608867,-0.042300,1.242158,-0.566196,0.622779,1.165858
2466,0,0.796256,0.259218,-1.805189,1.031770,0.996941,1.632311,-1.854032,-0.583857,-0.366177,-0.362894,1.005223,0.010021,-0.215978,0.018100,-0.951146,0.376668,-0.527237,-0.459857,-0.211436,0.013379,1.225754,-0.524339,0.087560,0.188539,1.153968,-0.069749,0.108495,0.055444,1.052518,-0.031743,-0.363693,-2.911224
2467,2,-0.900306,-0.507673,1.332607,0.702093,1.019840,0.241311,-1.083258,-0.422152,-0.760641,-1.232412,-0.568528,-0.841384,-2.028824,-1.474085,0.876615,-0.114028,0.032980,-0.248505,1.941837,0.968274,-1.294222,0.018127,-0.594405,1.261248,1.461703,0.617574,-0.334570,0.251068,0.276084,-0.021005,-0.651890,-0.841838
2468,0,-0.975728,-0.537008,-0.249144,1.272983,-0.323766,0.189553,1.280713,0.426465,-0.279596,-1.145557,1.168420,-0.969216,-0.322244,0.790760,1.227070,-0.398134,1.445992,0.448760,0.547427,-0.391241,0.726216,0.711673,-0.617604,-0.098482,-1.104057,0.823393,-1.744627,0.629850,0.897460,0.443480,0.979977,-0.248293
2469,3,0.926615,0.709653,-0.800886,1.045395,0.464190,-0.846543,0.038354,-0.742535,0.888664,-0.531591,1.403671,-0.456229,-0.029494,0.290977,0.155889,-1.081389,-0.315843,-1.486753,0.830148,0.923846,0.078813,0.754297,-1.309438,-0.400811,-1.743836,0.037468,0.203477,-1.255093,0.030030,-2.102432,-0.012902,0.319327
2470,3,-0.551948,-0.862505,0.548650,1.209902,-0.073446,0.776335,-0.045772,-0.552600,0.114282,2.527832,0.460031,-0.127134,0.186400,1.230678,-0.857215,0.608356,0.033523,0.757672,-0.417345,-1.084335,-0.486784,-1.719665,-0.546686,1.586578,-1.610523,-1.389313,0.166851,0.855231,1.542805,0.062843,1.483159,-0.480442
2471,3,-0.268895,1.449834,0.190204,-1.569009,-0.880376,0.001006,0.196194,0.503553,-0.662768,1.432941,-0.631631,-1.034433,0.892389,1.371174,1.587106,-0.628362,-0.016812,-1.232748,1.277212,1.693521,0.743872,1.089090,1.951489,0.542287,0.064654,-0.450625,1.011923,1.011979,0.070574,0.120321,-0.672163,-0.556119
2472,2,1.450513,0.432737,0.064653,-0.132660,-0.693309,-1.453460,-0.260060,-1.472045,0.833360,-0.197954,-0.483822,-0.221613,-1.278385,-0.819853,-0.759594,-0.597288,-0.499843,-1.111798,0.665995,0.490902,0.836058,0.862319,-0.596186,-0.557316,-0.688845,0.716713,-0.174687,-1.287735,0.333458,-0.895849,0.594401,-0.791503
2473,1,1.205210,0.820591,-0.980090,0.131915,-1.190751,-0.516530,0.039568,-1.489862,1.022610,-0.222799,-1.557447,0.039405,-0.712607,0.526914,-2.218630,1.075007,0.000397,0.279738,0.658570,-1.193164,0.051591,-0.231988,0.911429,-0.430733,-0.849859,-1.189021,0.193760,0.527832,-1.039533,1.545326,0.750446,1.198901
2474,1,-0.390069,1.443613,0.421556,0.486663,-0.079653,0.905880,0.170900,-0.156057,-0.287488,-0.007643,0.728830,0.228650,-1.447917,-0.293223,-0.711718,-0.302478,0.726400,-1.202011,-0.066051,-0.332126,0.405073,-0.871200,0.970293,-1.496437,-0.701367,0.639702,-0.346818,0.843890,-2.039757,0.453175,-1.618647,-0.777705
2475,0,0.435979,-0.528903,0.763732,1.296466,-0.517266,1.051062,-0.121571,2.295229,0.346189,-0.256574,-0.357660,-0.670075,0.444945,-0.893161,-1.251334,0.007981,0.866121,-0.568897,-0.378734,-0.540742,1.989199,0.390204,0.564175,-2.319647,0.522989,-0.035432,-0.867861,-1.031435,1.610064,-1.141098,1.916316,-0.277444
2476,1,-1.002490,0.387969,-0.563646,0.058446,0.433453,-0.001079,-0.474269,0.153057,0.277889,-0.070041,-0.192774,0.365525,-1.234681,1.141808,0.976370,0.842347,0.272881,0.745170,1.147285,0.548294,-0.577116,0.134486,0.261694,-0.034831,0.614903,-0.146958,-1.403545,1.684205,0.702634,0.833285,-0.199817,3.024137
2477,1,1.735471,2.686679,-1.229953,-0.840028,-1.599411,1.506565,0.618899,-1.669111,0.069475,0.646964,1.986064,-0.075774,1.152133,-0.292944,-0.432341,-1.552907,-1.681752,0.428708,0.209865,1.128851,-1.193127,-0.261694,-0.931119,1.947336,-2.078674,-2.158620,-0.551832,-1.603558,-2.267711,-2.323035,0.573602,-0.791223
2478,2,0.471007,0.650905,0.575333,-2.738135,0.162286,0.315534,1.013275,1.182790,1.169677,0.444388,-1.030071,1.535937,-1.877126,-0.066010,-0.042689,0.058719,-0.423259,1.942026,-0.115655,0.864114,-0.134692,-0.627916,-0.056747,0.391139,-0.017432,-2.288450,1.202968,1.381033,0.071483,0.208830,1.500540,0.085252
2479,0,0.833041,-0.724973,0.244548,0.414332,1.020337,0.528919,1.123124,-1.007079,-1.092611,0.573615,0.526080,-0.249440,-0.603093,1.187194,-1.655067,-0.974099,-0.681602,-0.694261,0.302777,-0.246741,-0.334440,-1.073005,-0.913656,1.757331,2.321033,-0.080344,-0.675063,1.058184,0.612061,-1.094082,-0.229536,0.536679
2480,3,-0.310841,-0.281305,-0.945595,-0.459907,0.395085,-0.827620,-1.573863,-1.055472,-0.327903,0.214799,-1.783895,0.932762,0.906160,-0.776195,3.177141,0.209667,0.941044,-0.714536,-1.135992,1.061042,-0.800965,-1.069609,-1.259151,1.046186,0.380702,1.844750,1.205763,0.830535,0.478041,-0.916098,-0.051359,0.759628
2481,2,0.873325,-1.434770,-1.154396,0.421577,-0.662549,-1.370664,-1.934903,-0.349919,-2.106462,-0.542871,0.683330,0.019692,-0.462345,-0.279692,0.293523,0.666072,-1.213936,2.419239,0.825275,-0.538904,0.592379,-0.249800,-1.218602,-1.765667,-0.023057,-0.928716,2.242702,-1.646175,0.572585,0.160426,0.803074,-0.455858
2482,1,0.437609,-0.404336,1.193354,0.743534,-0.313706,0.462323,0.191706,-2.106185,0.192052,-0.076263,-0.766256,-0.162583,-1.632917,-0.265804,-0.056918,0.843126,-0.130241,0.227286,0.450876,-0.124185,0.820489,-0.086140,-0.467833,2.464985,0.180766,0.173625,1.241317,0.384575,0.535640,-0.931297,-0.702740,1.891275
2483,1,-0.076473,0.460043,-0.345094,0.923497,1.339363,-0.619795,-0.885678,-0.321308,-0.364925,-0.415660,0.914265,0.861204,-0.213003,-0.510200,-0.014860,0.094784,0.705919,0.778466,0.354779,1.905647,0.994847,-0.872652,0.625340,0.307671,1.254006,-0.648432,-1.096499,0.193580,-0.036828,-2.294467,0.432894,-0.641701
2484,2,0.191576,-0.740977,1.202201,1.509377,-0.595154,-2.560946,0.258991,1.737081,-0.390697,-0.506125,-0.337204,-0.725146,-2.065205,-0.966906,-1.422248,-0.113406,0.185245,0.557501,-1.020076,0.381359,-0.794900,-1.043989,0.089959,-0.128330,0.832124,-0.002889,0.917054,-0.807294,0.483391,-0.131032,-0.531859,0.581417
2485,2,-0.494938,0.994162,0.099004,-0.736762,0.458545,1.149871,-0.246463,-1.549352,0.414497,1.153607,0.583058,-0.245638,0.473433,0.983027,2.053711,-2.061307,0.011394,0.216936,0.552154,0.372594,1.410927,-0.353724,-0.286779,0.269179,1.813465,0.279748,-0.948068,0.572097,-0.881800,-1.183159,-0.699040,-1.071344
2486,3,0.655420,1.264359,0.834131,0.407523,0.546663,-1.605761,-0.223131,1.508886,-0.128391,0.192340,0.971384,-0.299978,-1.641575,0.639598,-0.715827,-0.795342,-0.251518,0.221739,-1.931672,0.749874,0.194902,1.467004,0.356780,0.444685,1.367122,-0.047074,-1.564320,0.038019,-1.048404,0.290742,0.570707,-0.400621
2487,2,2.023488,2.091873,1.526334,-0.203544,-0.897902,0.472838,-0.223661,0.772153,0.922893,-1.797189,-1.475012,-0.532406,0.403967,0.583728,0.196364,-0.800719,-0.090262,4.144727,-1.874403,-0.815790,1.075667,0.049091,-0.222105,0.575761,-0.182166,-0.444499,0.306258,-0.386010,-0.930317,0.027473,-0.626554,2.276639
2488,0,0.045862,1.662074,1.062898,-0.444502,0.538696,1.254528,1.636489,-0.557747,0.017780,-0.755744,-1.114678,-1.061357,-1.044975,-0.458737,0.457863,-0.952969,0.528412,-0.624195,0.468640,0.984198,1.046308,-2.084258,-0.589510,0.946005,-0.098322,1.124963,1.904836,0.002009,0.546835,-1.443558,0.812929,-0.075039
2489,1,-0.894061,0.870695,-0.857278,-0.775720,-0.082533,-0.762321,0.114348,-0.317622,0.883633,1.865173,-0.089325,-0.237946,0.212225,-0.490657,1.148508,-1.675122,0.700372,-0.896250,0.449961,-0.019070,0.471929,-0.119382,1.512117,0.706812,-1.004648,0.329481,1.152037,-0.320757,2.084032,0.424287,-0.100255,0.471219
2490,3,-1.444770,1.734223,1.047991,0.875258,-1.498600,0.211514,0.570251,-0.639810,-0.141870,-0.415496,1.817576,-0.401606,-1.171825,0.175852,-0.236314,1.071516,-0.606791,0.907743,0.473781,-0.297244,-1.629146,0.090440,-0.237537,-0.935877,-1.230395,-1.129581,0.220134,-0.554162,0.187944,0.747885,-0.385590,1.873331
2491,1,2.201814,2.003681,-1.412488,0.083533,1.163526,0.729223,-1.415134,0.715578,-0.997937,-0.353708,0.190214,0.812346,0.309320,1.031191,1.435379,0.425177,0.149526,-1.419407,1.658016,-0.432904,-0.092580,-1.044005,0.883361,-0.243793,0.204068,0.155656,1.070146,-0.296899,-0.665265,0.500951,-0.600269,-0.672418
2492,1,0.189379,-0.692379,-2.114992,0.316750,1.627861,0.720515,0.133393,-0.297484,-0.795673,1.113573,2.937103,-1.240174,-0.448907,-1.696706,0.032128,-0.263486,-3.066048,0.928938,-0.936737,-0.289399,0.010237,-0.321217,0.793562,-0.532676,-2.955488,1.054849,-0.714159,1.293387,0.131706,0.235289,-0.113291,-0.358982
2493,0,0.590432,0.925545,-2.028797,0.122290,-0.351290,-0.288240,0.276456,-0.104082,0.437720,-1.720164,-0.839548,0.507367,1.252524,2.830157,0.788954,-0.078085,-0.260967,-1.919919,-0.254897,0.857904,0.185214,-0.917209,0.131572,0.559248,-0.945820,-1.442276,-0.677556,-2.078107,-0.414861,-0.687759,1.111552,-0.839264
2494,0,1.121548,0.048547,0.474951,0.473456,1.207051,-0.144799,-0.522154,-1.096547,-0.450936,-0.983064,-0.835080,-0.691904,-0.038099,1.459236,0.124222,1.466450,-1.576187,-0.039470,1.940737,1.686450,1.581527,-0.384916,-0.213951,0.770838,-0.286079,-0.792308,-0.236742,-1.869863,1.098836,0.382209,-0.155661,-2.403778
2495,3,-2.595434,-0.225129,0.428030,-1.433751,1.971647,0.234376,0.122582,0.583659,0.725790,-0.267700,0.685172,0.201962,-0.167026,-0.393820,0.773130,2.152349,0.120450,-1.648461,-2.549317,-0.036402,0.330973,0.208729,0.429417,0.658847,0.426455,-1.290847,-1.319964,-0.081923,0.868662,-0.323938,0.950468,1.146103
2496,3,0.798880,1.543726,0.248386,-0.214483,-0.715241,0.327720,-1.072683,0.089399,0.260435,-0.190111,-0.572810,0.774107,0.389651,0.320707,-0.942127,-0.766031,0.548594,-0.814430,0.603373,-0.164204,-1.234544,0.025702,0.770433,0.528732,0.805367,0.586728,-0.498343,1.445960,0.681494,0.315779,-1.613793,0.577068
2497,0,1.271494,-0.985094,2.070377,-0.179968,0.660700,-0.388498,1.668064,0.539172,0.947821,0.034478,2.086080,-0.059015,0.096960,-0.290086,-1.384539,2.030229,-1.878410,1.803784,-1.787615,-2.260065,-0.220047,-1.330260,-0.647501,-0.918556,0.601372,-0.525865,-0.593936,0.608204,0.223507,-1.403919,0.039393,-0.054093
2498,3,-2.031811,0.848259,-0.200976,0.974909,-2.551722,0.504600,0.458625,-0.747907,0.824437,0.195181,0.447334,0.132171,0.440907,-0.699152,-0.712505,0.712628,0.024130,-0.046048,0.900013,-1.563113,-0.858790,0.400638,-1.135380,0.196500,-0.288539,0.488288,-0.023195,1.347572,0.678953,1.116984,-0.126981,-0.600897
2499,0,1.106391,-0.705529,0.773228,0.190241,0.565487,0.544168,0.480278,0.800881,-2.540166,1.285921,-1.050075,-1.445659,-0.094067,-0.636502,-3.397774,-0.291324,0.104558,0.802357,1.256946,-1.800467,-0.432316,-0.927835,-0.071389,0.557080,0.104378,0.039381,-0.833496,-0.222328,1.327163,-0.525803,-0.867534,0.041302
2500,2,0.157192,0.431840,0.021552,-0.107991,-0.116088,-0.238785,0.386789,-0.436274,-0.610376,1.152688,-0.445811,-0.218981,2.073963,-1.320681,-0.501335,1.704112,-0.336527,-0.281037,-0.432648,-2.332927,0.278001,0.199530,-2.262110,-0.020228,-0.920443,0.750656,-0.688837,0.891735,0.789005,-1.474418,-0.741131,-0.955422
2501,0,-0.334506,-1.789163,1.217970,-0.077396,-0.311469,0.496781,0.120490,1.453591,0.126053,-0.724844,0.712598,0.295992,-0.605718,-1.094599,-1.861156,-0.314547,2.060716,0.367637,0.732272,-0.477397,0.932967,1.540662,-0.741290,-0.681212,0.237156,0.028645,-1.857904,0.572186,-0.400996,-0.224180,-0.471220,-0.916572
2502,2,-0.745934,-0.495998,0.733099,0.910203,0.365201,-1.329672,1.590744,0.234655,0.628151,-0.020731,-0.631670,-0.284382,-0.354867,0.060145,-0.284176,0.330926,1.043003,0.482995,-1.142610,-0.061615,0.285314,1.253035,-0.389777,1.464898,-1.196525,1.269812,1.774790,-0.175743,-1.850980,1.260229,2.897349,1.536391
2503,0,0.287756,-0.119755,-0.693635,1.055412,0.733980,0.330749,-0.400551,0.245016,0.166613,0.148156,1.537457,-0.529838,-0.889580,1.026925,-0.584497,-0.910859,-1.493259,0.284439,-0.926482,0.233151,-1.269940,1.085686,-1.941232,-1.183440,0.571081,0.342425,-0.912155,-0.531287,0.753155,-0.402306,-0.450937,-0.197094
2504,1,1.220287,-0.552310,-1.939697,0.288651,-0.496805,0.978625,-1.183255,1.226730,1.346145,0.169143,0.519445,-0.065902,1.591955,-0.074910,0.493828,0.436541,-0.095019,0.568020,-0.882105,0.118947,-0.361438,-0.495261,-0.137536,-1.339371,0.687166,0.121713,-1.697554,-0.092121,0.661882,0.216407,0.543376,2.347131
2505,3,0.024169,0.371629,1.398425,1.645613,-0.055028,1.662440,0.463410,-0.130795,-0.139260,-0.537233,-0.909355,-0.452839,0.498594,-0.065899,-0.166869,-0.818748,1.607757,0.460744,0.304947,-0.426159,1.562465,0.746841,-1.051505,-1.073565,1.604190,-2.236793,-0.756364,0.420116,0.874876,1.057742,0.910007,0.441213
2506,3,-1.636942,0.362867,-0.752670,-0.012562,-0.170223,-0.385374,-0.922929,-0.496878,-0.142781,0.479921,0.452692,-0.508389,0.799792,-1.087529,-0.070450,2.313908,1.098475,0.000425,-1.344556,0.438671,-0.364754,-1.017027,-0.556062,0.016651,0.349477,-0.147447,0.540593,-0.030079,-0.896811,-0.617397,-0.234156,-0.296714
2507,0,1.182410,-0.552902,1.897545,-0.472777,-0.327557,-1.613343,0.467172,0.719193,1.425928,0.426060,-0.565238,0.988747,-1.153288,-0.118590,-1.766828,0.024062,-0.548161,0.956198,0.513742,0.556051,1.049643,-0.405097,2.324415,-0.859467,-0.589031,0.621327,-1.241158,0.662167,0.045713,1.951108,0.398158,-0.302389
2508,3,1.876835,-0.610792,0.215627,-1.670744,-0.918968,0.988683,-0.851669,-0.822950,-1.106116,-1.539126,-0.134376,0.013716,-0.455274,0.256440,1.858896,-1.244050,-0.352806,-0.072605,-0.552810,-0.823112,0.789771,0.413802,-1.209062,-0.840796,-0.075527,2.434696,-0.094603,1.176569,0.536766,0.365353,-0.236431,-0.435586
2509,1,1.263753,1.467849,1.042952,0.895451,-0.745308,-0.588693,0.590472,-0.416023,0.423931,0.865842,-1.280561,-0.398710,-1.260442,0.720157,-0.572028,-0.588228,0.662437,-0.838887,0.932500,0.865727,-0.466245,-0.373578,1.556801,-0.326550,-1.090955,0.498373,0.932925,-0.446193,2.126324,-0.971777,-1.030011,-1.662996
2510,0,0.534779,0.414496,0.227219,-0.130402,-0.746088,-0.448114,2.215271,0.481088,-0.393113,1.429197,-1.013374,-1.305484,-1.091982,-1.549432,-1.031997,-1.199765,0.381543,-0.998754,-0.373971,-2.030490,-1.247240,-1.596055,0.852006,0.258864,-0.167353,-0.076739,0.524670,-0.795694,-2.103418,-0.379981,-0.977274,0.442765
2511,0,0.856158,-0.665192,-0.305529,-1.746570,-0.103561,0.587648,-2.278677,2.482186,2.363780,-0.436470,0.584162,-0.847186,0.417052,2.512773,0.786240,0.565828,1.392503,0.253055,1.461925,0.113561,0.055832,-0.364781,0.014731,-0.234451,0.689243,0.488281,-2.025655,1.773192,-1.216173,1.198498,-0.911168,-0.588687
2512,2,0.693014,-0.858383,0.573874,0.649534,-0.598076,-0.520417,1.888272,0.050759,-0.752364,0.017937,-0.509261,-1.671656,0.445679,-0.377113,-0.535061,-0.681029,-0.594763,-0.302343,0.070699,0.398825,0.039434,-1.728537,1.915218,0.970031,0.639908,0.037009,-0.043173,-0.498889,2.529581,-1.261776,-0.043279,-1.015143
2513,3,-2.124191,-0.030113,-1.253520,1.557867,-0.003727,-0.208851,-1.550644,-0.870987,-0.710037,-0.403821,-0.533354,-0.149630,-0.895818,0.544958,0.821932,0.347547,-0.284827,-0.250722,-0.274096,0.237845,0.261362,1.528159,1.272991,-0.565201,-1.054285,-0.689574,0.772692,1.423268,-0.348996,0.641360,-0.845730,-0.191130
2514,1,-1.141283,1.051348,-1.146304,0.890995,0.621702,2.218877,-0.451398,-0.017142,-0.106844,-0.907824,-1.432439,0.327287,-0.065966,1.672661,-0.484717,0.226526,0.829931,-0.435185,-0.187053,-1.415495,-1.728532,1.119885,0.713930,0.283732,0.989848,-0.493976,0.364076,-0.185207,-0.218939,-0.884299,1.004501,-0.450830
2515,1,-0.817431,-0.416844,1.712261,-1.776650,1.093091,-1.832822,-2.269462,0.225377,0.545754,-0.237955,0.837354,0.830988,0.841256,1.293016,1.415859,0.382022,1.058974,-0.890167,-1.041569,-0.214203,-0.238646,-0.375966,0.464584,-0.380457,-0.617310,-0.405925,0.116604,0.567322,-0.709700,1.630031,-1.437100,1.841647
2516,0,1.677787,-1.227605,-1.057069,-1.449775,2.219742,-0.270325,1.165170,0.006891,0.169361,1.272396,-1.644163,0.181151,1.448971,-2.550152,-1.826607,-0.595231,-0.240673,-0.200848,-1.102294,0.886221,-0.644112,-0.766252,1.098521,0.657665,-0.808968,-0.063226,-0.407240,0.269406,0.026473,-0.675439,1.105988,-1.104801
2517,3,0.947362,-0.090752,0.246247,-0.167393,-2.483815,0.135540,-1.735622,1.105837,1.199779,-1.807531,1.109706,-0.068460,0.212127,0.403725,0.635630,-1.145764,-0.430926,0.297403,1.048998,0.231028,0.225993,1.250478,-0.323568,0.302292,0.394646,-2.140657,-0.830205,0.679831,0.091477,1.259015,1.251310,1.555586
2518,1,1.785134,1.374445,0.474574,-0.251197,0.042150,0.149395,-0.061849,-2.346693,0.099020,-0.414232,0.690829,1.426539,-0.796972,0.088810,0.508076,0.560696,2.270736,-1.228539,1.450637,1.281155,-0.908597,-0.040547,-2.354628,-0.047958,-2.248907,-2.030906,-0.683295,-0.851945,0.513354,0.276700,-1.129402,-0.482690
2519,3,-0.270295,0.648787,1.627495,-0.539350,-0.808556,-0.112083,-0.565343,0.147673,0.755468,0.320786,-0.674891,-1.297708,-0.336873,-0.200496,0.063607,-0.407643,-1.011342,-0.540702,-1.583120,0.908516,1.085404,1.257504,0.499412,-0.818251,0.098161,-0.087975,1.837938,-0.961277,1.956750,0.257096,0.072875,-0.556837
2520,3,0.222199,0.214053,0.705562,-0.330965,-0.283871,-2.284128,0.839343,-0.408118,-0.837017,-0.314964,0.535865,-1.338024,-0.615115,0.144425,-0.024860,-1.824249,-1.110815,-1.764347,-0.008678,-0.063911,-0.846185,0.907579,0.060243,-1.019154,-0.995844,-0.847836,-1.236843,-1.695237,-0.360090,0.404036,1.181009,0.025183
2521,2,-0.148645,0.643399,2.331722,0.497925,0.186583,-1.436345,0.249795,-0.010280,-0.171143,0.069809,0.819100,0.264740,0.227792,-1.305643,-0.001487,0.928814,-0.927393,-0.465970,0.955123,0.106287,0.591624,0.924445,-1.255843,-0.131329,-1.736585,-1.026652,-1.967667,-0.054893,-0.976616,0.026968,1.934143,-0.213710
2522,2,1.915861,-0.433024,0.969882,0.433195,-1.541257,-0.945861,-0.226566,-0.352451,-1.762665,-1.187428,-0.204023,-1.930890,1.199677,-0.075961,-0.676850,0.438058,-1.430441,-0.466152,0.541059,-0.010485,1.318800,1.429423,-0.581561,-0.219675,-0.095558,-0.953291,1.496720,-0.533516,-0.392990,0.943041,1.148280,-0.240597
2523,1,-0.726860,-0.051143,-0.260791,0.442017,0.160638,2.175256,-0.264578,-0.020000,-1.052015,-0.670787,0.439783,-1.924733,0.710317,1.292629,0.817514,-0.227627,1.071378,0.042180,-0.478777,-1.009159,1.316841,0.720815,0.291645,0.410228,0.852569,-0.605107,-0.523031,0.321288,-0.395284,0.539938,-0.382618,0.432202
2524,3,0.474129,-1.277314,-0.478232,0.236283,-0.418578,0.366293,-0.024430,-0.564256,0.519781,0.342414,0.127483,2.045743,-0.906348,-1.644479,-1.286472,-1.770094,0.809691,0.439228,-0.305118,1.017888,0.708304,0.175314,0.748414,-1.500051,1.321267,-1.496104,0.017630,-0.489172,-0.901741,0.302117,1.152972,-1.273938
2525,1,0.360825,0.863801,0.173105,0.436007,-1.143450,-0.247947,0.301821,1.069190,0.184745,1.427972,-0.178578,0.990574,0.457707,0.895119,-0.024213,0.915475,1.437048,0.554903,0.286883,1.940625,1.731537,1.813491,-1.622954,0.256893,-0.457455,0.788441,0.111216,-0.199481,0.211403,-0.773992,-1.466295,-0.398120
2526,0,0.100587,-0.107628,1.550305,0.685178,-1.535168,0.689566,-0.005372,-0.988239,0.596685,-1.429380,-1.114257,-0.205623,0.226424,1.365248,-0.553082,-1.385510,1.253922,0.693357,-0.634399,1.389614,0.762771,-0.108576,-1.151730,0.136958,-0.708991,0.027747,-1.178260,-0.088504,-1.742667,-0.102342,-1.762247,0.398456
2527,3,-0.580464,-2.071774,-0.631809,-0.000319,0.613058,-0.924922,-0.936170,1.536974,-0.243140,1.184701,0.802238,0.402833,1.695440,-0.929409,-0.699602,0.517295,-2.616138,-0.677572,2.534060,0.747278,-0.627739,-1.428457,0.306356,-0.444767,-0.381700,-0.144683,0.392071,-0.939019,-0.472333,-1.129108,-0.931420,0.285420
2528,0,0.573716,-1.197465,-1.087196,-1.104797,-0.503441,-1.213107,0.618490,0.973623,-0.123004,0.313445,-0.317064,-0.255985,0.383665,0.227292,-0.822037,-1.206905,-0.675676,0.534461,1.515322,1.982612,-0.555101,-0.978946,-0.724714,0.465383,-0.573589,-0.291414,-0.436170,-0.350329,-0.011447,-0.477226,1.869422,0.392876
2529,2,1.333985,-1.012224,-0.699732,-1.245660,0.148409,-0.174491,-0.566140,0.268339,-1.262337,0.247286,-0.032139,-0.478403,-2.460547,0.182127,0.438412,0.368819,-0.656955,-0.333861,-0.494839,-0.437691,-0.685474,0.286639,-0.824266,-0.406057,-0.798382,1.287215,-0.672753,-0.008115,1.224862,0.708548,1.803947,0.721923
2530,3,0.850313,1.037260,-1.817393,0.911335,-0.714962,2.198780,-0.624805,1.172193,1.122541,0.522861,0.019852,-0.313796,0.407244,-1.013106,0.115359,0.288114,0.285066,-2.663617,0.605690,0.250535,0.689504,0.105688,0.339083,0.565409,1.218414,0.428598,-0.361578,0.945381,0.579811,-0.656251,-0.863271,0.500805
2531,3,0.673505,0.313595,0.904603,-0.417678,0.894683,-0.383074,-0.349969,1.731115,0.374362,-0.706386,-0.941959,-0.460452,1.612880,-0.855391,0.698528,1.317769,0.023856,2.019340,0.350341,0.203710,-1.203785,-0.306320,-0.312080,-0.225396,-0.556187,-0.438678,-0.766936,-0.492106,-0.372968,-1.055032,0.931955,-1.609380
2532,2,0.896211,-0.969616,0.528690,-1.388948,-1.102389,0.162530,-0.261749,-0.409363,0.329670,-0.275315,0.129136,-0.135237,1.444534,0.395485,-0.773965,-1.427396,1.514346,0.772526,-0.137847,0.243856,-0.661608,-0.462124,0.413416,1.398901,-0.183568,1.972155,1.306659,-1.492858,0.781711,-0.386679,-0.480350,-0.676477
2533,2,1.361658,-1.251359,-1.135887,1.110310,1.234450,-0.756349,0.852659,-0.772565,0.449144,0.929249,0.613977,-1.976907,-0.106440,-1.913639,1.399761,-0.068988,-1.585861,-0.500401,-0.953983,-0.896117,0.321588,2.375336,0.785242,-0.820792,-0.009654,-1.321438,-0.990467,0.127410,1.034925,1.348217,-0.813402,1.431303
2534,0,1.295377,1.554505,-0.096498,-0.353205,-1.620749,-0.621687,-1.117414,1.259331,-1.545050,0.839588,-1.672310,0.676854,0.258368,0.328209,1.180157,-1.280236,-0.334540,0.586561,-0.939098,-0.499625,-0.913081,-0.263660,-1.364702,-1.276835,0.285701,-0.543565,-0.685438,-0.145749,0.729192,-0.974635,0.552285,-0.010189
2535,2,1.104672,0.387640,1.431836,0.625033,0.186758,0.045229,-0.847176,-2.456626,-0.267782,-0.791457,0.672361,-0.535624,0.239462,2.960873,-1.466140,-1.618307,1.522317,-1.737323,-1.167933,0.096511,0.679533,0.280866,0.305801,1.300924,-0.996472,1.295781,1.356406,-0.360942,0.519465,0.120423,-0.202308,-0.423117
2536,1,1.120385,-1.584954,-1.579118,-1.077240,0.499515,1.661322,1.063806,1.757944,-0.304134,-1.028299,-1.004641,-0.351648,0.583939,-0.152491,1.423206,-0.302435,-0.680983,-0.526626,0.045112,-1.379466,-1.700546,-0.408744,2.541561,1.492493,-0.506725,0.394270,-1.670912,0.852816,1.497486,2.129273,-1.299724,-0.381291
2537,1,-0.057978,2.685287,-0.839018,-1.843753,-0.414289,-0.692779,-0.393622,1.284713,1.104336,-2.162587,-0.490985,-0.230656,0.134117,-0.302399,-0.329772,-1.257315,-1.619776,0.584580,0.408992,0.779375,0.715397,0.492041,-2.070460,-1.652880,0.599070,0.687529,-0.008842,-0.087444,0.082828,-2.035161,0.291556,-0.189564
2538,3,-0.203547,1.228004,1.290068,1.879934,0.583896,1.026148,-0.223002,-0.632921,0.255439,-0.780589,-0.539270,1.208829,1.136961,0.144466,-0.943506,0.412667,-0.123500,0.509725,0.710709,1.398633,-1.239092,-0.442474,-1.171962,-0.809726,-1.583755,0.439832,-0.410160,1.220647,-0.765039,-0.353817,0.602346,-0.479801
2539,0,0.623887,0.485069,0.346304,-0.112458,-0.907301,-0.234262,0.485509,0.528180,0.580531,1.592200,-0.200896,-0.088889,0.481850,-1.323613,-0.442052,0.109558,0.286849,-1.167356,0.087472,1.276583,-0.274845,2.307713,-0.795349,-0.268858,-0.010636,-0.316226,1.038465,-0.745677,-0.096985,0.291078,1.402115,-0.518727
2540,3,0.165606,-0.220772,-0.403257,-0.525176,-0.003440,1.185946,-0.787353,0.268158,-1.588971,1.223839,-1.385682,1.075947,0.855897,-0.032090,1.472390,-0.376648,-0.165466,-1.038250,0.596518,-0.021960,-0.456699,0.025928,0.443962,-1.688944,-0.366751,1.828935,-0.079140,2.329302,-0.115655,-1.223523,-0.597455,1.159923
2541,2,0.904585,-1.532767,0.902100,0.661025,-0.211576,-0.808110,0.131705,0.052838,0.396836,-0.803257,-0.718612,0.369408,0.138600,1.704787,0.782286,-1.094430,-0.158979,-0.460796,0.712906,-1.885759,0.399092,-1.313564,-0.751612,-0.782371,0.581436,-1.010192,-0.129209,0.237845,1.717046,0.137654,-0.696726,0.339300
2542,2,0.352114,-0.557355,-0.608418,0.944671,1.065341,-2.247631,0.110485,0.626883,0.744398,-1.001058,-0.800308,-1.147330,0.196334,-1.040514,0.918175,-0.125588,0.903044,0.385598,0.752532,0.297380,0.174546,0.039420,0.289348,0.302805,-0.563380,2.291607,-0.646874,1.741412,-0.273350,-0.220683,-1.339782,-0.833431
2543,0,0.952524,-0.092216,0.540843,3.229122,-0.316141,0.799408,1.090047,0.633484,0.350061,0.915315,0.933337,1.075887,-0.607108,-0.094494,0.046033,1.323826,-1.406968,0.762683,-1.245838,0.387937,1.450767,-0.622815,-1.104692,1.129115,0.258143,-1.195867,0.973499,-1.464695,0.552713,0.542060,-1.321257,-0.944215
2544,3,1.184906,1.766155,0.659769,1.551893,-1.189670,-1.550229,-1.335655,0.000875,0.001451,-0.196981,-0.591229,-0.574085,0.262414,-0.611237,-0.312130,-1.640925,0.489819,-0.897564,-0.475650,-0.084310,0.187697,0.237280,-1.960544,-1.759324,-1.806227,0.075826,1.249811,-0.329076,0.018538,-1.356599,-2.831859,-0.462176
2545,3,0.467491,2.004373,0.072921,0.847416,-0.042171,-1.332147,-0.129664,1.363182,0.120562,1.514464,-0.819914,1.074696,0.633301,-0.734267,-1.358345,-0.122924,0.294560,0.657873,-0.610400,0.361350,0.733270,0.409429,-2.435057,0.428561,-0.971914,-1.587033,-1.115088,-1.106973,0.128238,0.822441,1.427809,-2.049955
2546,0,0.597617,0.473717,2.108338,0.268506,-0.258567,-0.242357,0.225876,0.959962,0.774206,-0.855175,-0.391803,-1.861528,-0.578242,-0.184751,-1.305710,-0.471332,1.082589,0.540565,-0.081935,0.803589,0.662843,-1.784263,-1.056242,0.801938,-0.287235,1.085313,1.779753,-0.376333,0.665663,-0.288236,-0.937884,-0.411849
2547,0,0.932015,1.120370,1.622110,1.220684,0.872816,1.868471,-0.803770,1.063085,-1.950899,0.219452,-1.583301,1.781415,0.587409,0.110002,-1.062600,-0.676912,0.560439,-1.166714,-0.407305,1.151537,1.451552,0.554424,0.099247,0.490914,-0.544387,2.145534,-0.088910,-1.069593,0.561148,1.467672,0.004815,0.043735
2548,1,-0.277922,0.556430,2.790518,-1.232765,1.340645,0.356660,0.254442,0.911860,-0.280751,-0.857644,-0.298710,-0.962731,1.226917,-2.043305,-0.714068,1.086632,0.585974,0.402367,1.234668,-0.673584,0.496419,0.282407,2.198693,-0.549440,-0.669821,-1.143250,-0.080209,-2.023791,0.921982,-0.668758,-2.193185,2.428033
2549,2,0.254676,2.405049,1.153855,-0.915412,0.276310,0.450439,0.149420,0.165515,0.265901,-1.631132,-0.274843,-0.636306,1.396570,-0.020715,-1.988599,1.304807,-0.143131,-0.317420,-0.348342,0.390687,1.036761,1.023112,0.239157,0.111347,-1.293747,-0.043466,-0.981226,0.458481,-0.641709,-1.043966,-0.765908,-0.534992
2550,1,-0.938315,1.427117,0.880410,1.267651,-0.641134,-1.611548,-0.645636,0.405487,-0.055313,1.294317,-0.833019,-0.696632,-0.516305,-0.414404,0.981174,1.188974,-0.115079,-0.997030,0.392700,1.532919,0.426667,-0.647597,0.846399,1.286504,-0.114807,-0.669737,-0.010952,0.240705,0.615851,1.055451,0.794899,1.369540
2551,2,1.445509,-1.328566,0.366809,0.550443,-0.687192,1.955565,-1.170654,-0.864927,-0.800153,1.258462,1.480833,-0.076534,1.543833,1.568462,0.631463,0.429191,-0.520751,-0.185044,0.445389,-0.582978,-1.803893,0.613048,-0.716169,-0.237034,1.281065,1.046010,-0.402627,-0.497820,-1.141236,1.268265,0.580540,0.373429
2552,2,2.692609,-0.327305,1.619766,-0.246366,-1.064096,0.262853,0.626386,0.418934,-0.727503,0.330767,2.087796,1.010591,-0.961976,-1.125722,-0.207236,-0.122588,-0.175405,0.352123,-0.855340,1.908301,-0.326632,0.376791,1.566437,-0.202611,0.479104,-0.011611,0.751968,1.950152,0.095494,0.709801,0.665193,-0.733058
2553,0,-0.620912,0.163099,0.940774,-0.855120,-0.881565,0.085314,-0.118192,-0.278543,-0.515088,-0.266007,0.221701,1.483998,0.770277,-0.422630,1.514539,0.249253,1.599454,-0.491145,0.066536,-0.097588,-0.856017,1.099945,-0.436202,-0.287281,1.032585,-0.164910,-0.031903,-0.172902,0.553569,0.309771,-0.055599,0.400598
2554,3,0.443738,0.152734,1.068652,2.418241,2.150697,-1.510218,-0.515848,0.471508,1.278252,-0.394104,1.011631,-0.633921,-0.046608,-0.172175,0.290309,-0.723917,-1.778326,-0.377786,1.259166,-1.046499,-0.340157,-1.426365,0.207021,-1.105775,0.054145,-0.384772,-0.334325,1.201996,0.108717,2.028172,-0.077002,0.904662
2555,2,1.702143,-1.961622,1.404212,-0.616775,0.390689,1.698742,-0.459159,0.576833,-0.765296,-0.006796,1.484312,-1.003113,0.613354,1.495447,1.111946,0.668968,-0.306014,-0.170882,-0.338591,0.949278,-1.382903,-0.003092,-0.159578,0.029638,-1.040368,0.558071,-1.005506,1.818558,0.503450,1.759131,-0.608405,0.500355
2556,0,1.422497,0.571586,-0.498266,0.544820,-0.350052,-0.741840,1.688381,1.676338,1.277610,-1.596280,-0.714012,-0.035951,-0.299686,-0.523550,-0.887636,-2.753705,0.962143,0.228823,0.365638,-0.737155,-0.959456,0.111771,0.819901,-0.399440,-0.903259,1.449237,-1.716781,-0.467318,0.676961,0.289235,-0.229052,1.325005
2557,3,0.028819,1.705424,0.098030,3.122624,1.559717,-0.262561,-1.071641,-1.505081,-0.446629,-1.138234,-0.376005,-1.431815,1.282837,0.606241,-1.768518,-0.157965,-0.198570,-0.504968,-1.842926,1.829737,-2.201241,0.376984,-1.468682,-0.916970,-1.192905,0.613912,-1.188290,-1.555443,-0.093288,-1.259406,-1.127428,-0.158513
2558,1,-0.190674,-1.245744,-1.443419,0.791190,0.655215,-1.271500,1.555502,-0.462421,-0.098451,-1.859670,0.457030,0.161455,-0.328469,-1.952958,0.125774,-0.717000,-0.467162,0.198323,0.586462,-0.671449,1.061886,-0.230408,-0.737509,2.141436,0.538231,-1.442079,-1.337763,0.927136,-1.696789,-0.115218,-0.608118,-1.441120
2559,2,-2.154955,0.475834,-1.989359,0.266707,1.167047,0.183415,-2.085476,1.743019,-0.540735,1.608656,-3.247956,-0.344533,-1.274807,1.343804,0.179923,-0.417201,0.585234,0.283119,-0.003915,-0.259990,-0.240603,-0.336076,-1.263376,-0.125717,-0.194352,0.636214,-0.286211,0.973461,0.514961,-0.063292,1.202648,0.349479
2560,3,-0.281136,1.048077,0.706540,0.582468,-0.234777,-0.113898,0.343317,-0.874267,-1.464100,-1.688183,-0.767182,-0.804876,0.649036,-0.646523,-0.855617,1.021199,-0.907990,2.373047,0.331968,-1.383697,0.250710,-0.873387,1.472619,-0.402152,-1.080873,2.783660,-1.798482,-0.743338,-1.221567,-0.136255,-0.442868,-1.161188
2561,2,-0.874380,1.948359,0.624867,-1.109446,1.354628,0.113156,-0.711841,-0.759495,-0.797334,-0.700750,-0.346362,1.347603,-1.836536,-0.053265,-0.987394,0.232859,0.886374,-0.656986,-1.507865,-1.254682,1.580447,0.344877,-2.689591,0.231674,-2.222627,-0.236702,-0.181739,-0.451237,-0.775547,0.239841,0.036834,1.558713
2562,2,2.257373,-0.794240,0.482495,0.834724,0.365837,0.299075,-0.719097,2.553467,-0.648520,1.774452,-1.311774,1.051634,-0.593860,-1.358456,0.119543,0.583166,0.539054,0.056555,-0.260574,0.663837,-1.106572,-2.112384,0.772102,-0.325441,0.205908,0.089636,0.840203,-0.324745,1.399122,-1.036060,-0.342597,0.257091
2563,2,-0.237687,-0.143697,-0.085616,1.551872,-1.833869,-1.594981,-0.048817,-0.054129,1.117803,-0.380390,1.270854,1.306206,-0.908663,-0.305745,-0.419544,-1.294874,1.214664,0.921882,-0.420072,0.014950,-2.263990,1.319211,2.256617,-1.355577,-0.686133,-0.598942,0.275778,-0.552953,0.742735,1.035528,-0.233605,-1.881174
2564,3,-0.492501,0.862774,-1.402367,3.331687,0.577721,0.461575,0.990610,-1.328049,0.552718,0.898518,-0.821604,0.159799,0.566706,0.961103,-1.335777,-0.538597,1.033114,0.913199,1.400499,-0.262866,1.226063,1.863892,-1.140052,1.610070,-0.615280,-0.918946,-1.565101,0.613736,-1.239471,-2.413279,-1.365407,0.698778
2565,0,-0.774982,1.270169,-0.578137,-0.183736,0.793298,-0.885605,-1.605221,-0.825482,0.006695,1.112880,-0.098600,-1.514276,0.151427,0.264930,0.014327,-1.085152,-0.679168,-0.396098,-0.206992,-0.412889,0.014426,-1.136627,0.778417,-2.316959,0.625852,1.209901,1.631480,-0.451553,0.119117,-0.570837,-2.327453,0.374215
2566,3,1.420012,0.323205,-0.014833,1.077510,-0.859183,-0.573057,-0.283816,1.466066,-1.085512,-0.913555,-0.355758,0.324669,-0.346221,-0.416336,-0.056753,-0.540827,-0.094253,-0.352151,-1.281559,-1.407251,-1.628612,-0.240132,0.937621,-0.159037,0.846075,0.053715,1.293157,0.904483,-1.008552,0.553966,1.769434,2.000755
2567,3,-0.903087,0.501394,0.733527,-0.818780,-0.484999,1.508647,1.089673,0.044595,0.161252,-1.517499,1.504738,-0.186276,1.165708,0.520289,0.201548,0.835259,-1.987303,-0.532167,-0.496169,-0.633359,-0.655266,0.923169,-1.269553,1.796229,-1.112867,-0.379633,-0.061481,-1.705527,0.010527,0.747655,0.502833,0.271104
2568,2,0.519972,-0.161402,0.158563,1.528920,-0.720981,-1.462956,0.367494,1.866629,-0.391553,0.659687,0.082046,0.717991,0.924346,1.161128,-1.292783,-0.938543,-0.259883,0.940438,1.366865,0.966055,-2.312878,0.851581,-1.966500,0.293768,0.113614,1.265106,-0.542615,-0.313250,-0.346420,-0.144876,0.292984,-1.668848
2569,1,2.352885,2.251398,0.515796,-0.360369,-1.018982,0.894730,1.389013,0.652197,-0.288744,0.223738,-0.910239,-0.701405,0.678470,-0.567278,1.500540,-0.257131,-0.596138,0.468222,-0.845935,0.856355,0.886528,0.809963,-1.335998,0.223302,1.102497,-0.230990,-1.937619,-2.083526,0.801391,-0.077222,0.604994,-1.289967
2570,0,1.206485,1.238601,-0.310242,-0.210295,-0.602918,-0.157223,-1.352146,0.418944,1.500031,-1.213825,-0.520222,0.420129,-0.355497,0.596918,-0.017253,-0.373822,-1.007122,-1.053498,-2.412044,1.570230,0.708826,0.981400,-0.235482,-1.325741,-0.112456,0.281117,0.755357,0.292210,2.184737,1.692100,-0.137703,0.402378
2571,2,0.676920,0.113681,0.377439,0.639575,-0.260298,0.467009,0.297687,-0.402202,1.031590,0.563991,-1.105628,-0.457337,0.694395,-3.233957,0.261382,-0.151976,0.437344,0.328634,-2.233006,0.947101,1.419692,-1.333380,-0.195556,0.247649,0.389235,0.167689,-0.966229,1.918385,1.208915,0.007174,-1.353873,0.527465
2572,3,0.972874,0.394087,-0.197407,0.271535,-1.064629,-0.841345,0.574102,0.507233,0.954496,-0.343282,0.682195,0.890639,-2.275448,-0.599427,1.062840,1.448161,1.030950,0.176860,-0.240941,-1.409855,0.609424,-0.234020,-1.061656,1.239186,-0.624207,0.171471,-1.040647,-1.407104,-0.383669,-0.006263,-1.102704,0.921690
2573,0,0.086005,0.237941,0.062262,0.255985,-0.073609,-0.718735,-0.300459,0.638557,0.089586,0.790008,0.893597,-1.916023,0.754848,0.225759,-0.684148,-0.553174,-0.997167,1.050804,-1.575854,-0.510459,-0.802629,1.597057,-0.869758,-2.179387,0.953576,-1.675632,-0.302911,1.433835,0.309425,0.984946,1.672740,-1.544833
2574,3,0.350246,1.289281,-1.286840,1.073053,2.741571,0.780490,-0.428366,-0.079755,-1.928711,0.265207,-0.285614,-0.280817,-0.041793,0.686225,2.001353,1.363861,0.893010,1.421920,0.387585,1.629755,0.890938,0.564862,-0.259677,-0.835063,0.052810,0.607205,-0.354575,-1.030353,-0.385708,2.213583,0.812748,-0.357839
2575,3,-0.822892,-0.730734,-0.994068,-0.126918,0.722269,-0.282743,-0.699609,-0.663108,-0.524725,-0.629061,1.201599,0.937337,-0.753539,1.873944,0.514738,0.475913,-1.115069,0.606032,-0.837933,0.017324,0.450866,-0.070108,0.504615,0.233470,-0.098108,0.035321,0.609366,-1.211278,-1.454218,-1.886026,-0.552339,-0.164155
2576,0,-0.991609,-1.298312,1.479804,-0.534836,1.140315,-1.471616,-0.735003,0.518235,0.353756,-0.965448,1.057383,0.933244,0.333518,1.373780,1.773563,1.896131,-0.611071,0.500912,-1.192825,-1.220555,0.357175,0.886840,-0.281894,-0.827663,0.646865,-1.269100,0.944032,0.934221,1.158743,1.586987,0.722465,0.191489
2577,2,0.236584,-2.109418,0.179926,0.499987,-2.925846,0.220392,0.073064,0.435327,0.169950,-0.579508,-1.473317,-1.813014,-1.862016,0.360702,1.302065,-0.152772,-0.239724,0.740741,1.154061,1.683283,0.682880,-0.606101,-1.005873,0.674660,0.884991,-0.034937,-1.360136,0.790782,-0.360975,0.154074,-0.578364,0.340303
2578,2,-1.150182,-0.895391,0.165127,-0.495883,0.084403,0.326286,-1.117598,0.978116,1.115590,1.846920,0.879244,1.021522,0.450511,0.515368,1.072993,-0.905279,0.799128,0.321396,0.552481,2.763946,-1.174653,0.041778,-1.587047,-0.847060,0.355647,0.897602,-0.573550,1.148159,0.246394,-0.110771,0.721136,1.209433
2579,1,-1.782014,0.472694,0.686082,-1.171112,-0.233605,0.553091,1.594305,3.220510,0.466602,0.335816,-2.385814,-0.685626,-0.849907,-0.028009,0.618168,-1.735000,-0.886552,0.136186,0.316487,3.766476,1.737514,0.387542,0.530019,0.880717,0.395340,1.674639,0.659534,0.608650,0.048686,0.048864,-1.017597,1.966971
2580,3,-0.728714,0.710110,-0.294856,0.211544,-0.245346,0.296364,-0.176936,1.231679,-0.053267,1.633612,0.852471,0.665402,-0.877338,-0.378428,-0.957318,0.851605,-0.334903,-1.087237,0.042923,-1.636292,0.957762,0.211168,-1.187372,-0.453975,-0.194890,-0.643919,1.434078,-1.439043,0.693236,-2.886557,-0.738756,-0.365505
2581,2,-0.065008,-1.070234,-0.162713,1.406880,0.371676,0.482074,-0.041112,-0.104257,1.187672,0.113557,-1.628709,-0.594381,-0.265670,2.019755,0.078313,0.776084,0.151502,-0.532939,1.518072,-2.267758,1.111198,-0.378791,0.646427,0.295901,-0.207082,1.383659,0.150428,0.337997,0.580809,1.916530,0.335406,0.571570
2582,0,0.189082,-0.456805,-0.022094,-1.135616,-0.551030,1.906215,-1.358510,-0.791745,-0.451710,-0.049199,1.542236,-0.663186,0.563884,0.062957,-0.095338,-0.277864,0.492586,1.922616,-0.649762,-0.784269,-0.132008,-0.217607,-0.146790,1.171829,0.731879,0.259207,0.714294,1.101138,-1.296618,1.201883,-0.181262,-1.173323
2583,0,0.962088,-0.134736,0.798753,-1.817796,0.837102,0.922688,0.640213,0.158575,-0.018796,0.097776,-1.482002,-0.032238,0.025827,0.251574,0.082939,0.228431,0.386435,0.130382,0.314783,0.252401,-0.257216,-0.256048,1.061001,-0.773154,-0.273793,-1.148313,1.077636,0.573240,2.103624,-0.828356,1.851408,-2.562850
2584,1,0.987812,0.159300,-1.232377,-0.043845,-0.306304,-0.281591,-0.634414,-1.530126,0.822357,0.460730,1.718181,0.091525,-0.982082,1.420738,-0.809441,0.336698,0.354030,0.345946,-0.727965,1.272403,1.896053,0.826244,-1.490734,-0.235930,1.269819,0.235357,-0.275613,0.837709,-0.622927,0.862842,-2.793747,0.283511
2585,0,0.252082,-1.468916,-0.979920,0.996655,2.089555,-0.173877,-0.077303,-1.944581,-0.830866,0.292214,-1.724402,1.523952,-1.592234,1.671053,0.581895,-0.620698,0.684925,0.603019,-0.044671,-0.543487,-0.182722,-0.229241,0.888621,0.880252,-0.448892,0.556500,0.198375,-0.608187,0.019276,0.408819,-0.247147,-0.001582
2586,3,1.737361,-0.448546,1.049790,0.286705,-0.247727,1.399572,0.427998,-0.747899,-0.489521,-0.667199,-1.169386,2.609227,0.622655,0.121405,-0.443423,2.040212,-0.263045,2.242528,0.091813,-0.867279,0.098738,1.613293,-1.043423,1.494201,-2.240318,0.491821,1.131527,-2.416565,0.264772,-0.600662,0.080619,0.493955
2587,3,-0.190731,0.427584,-1.223390,1.544880,-1.393991,-0.746600,-0.135957,-0.474128,2.307917,0.029856,0.809179,-0.972192,0.597088,-0.730619,-2.458040,-0.490660,-1.259167,-0.294997,1.167569,1.002499,-0.356579,0.541442,0.369941,-0.810465,1.627513,-0.493074,-0.421780,0.867234,0.126342,-1.073725,-0.264732,-2.444627
2588,1,-0.085684,0.621058,0.803803,0.368890,1.425300,-0.526863,1.056394,-0.006265,0.041232,-1.538404,0.050350,-0.668708,0.356979,-0.932030,-0.291765,0.550152,-1.286287,1.959570,0.427388,0.633299,-0.147501,-0.278783,1.815406,1.373651,0.152722,-0.465501,1.951029,-1.014074,-0.769907,-0.310360,2.139024,-0.126702
2589,0,1.306471,0.570861,0.015486,-0.400547,-1.519036,-0.987031,-0.157509,1.812177,1.432157,-1.850071,-1.827911,-0.724590,-0.135117,0.537038,-0.318600,-1.517237,-0.909560,-1.368986,0.109259,-0.421466,0.999202,-1.425280,-0.341512,-0.528063,-0.354719,0.747339,0.768893,1.262705,1.049873,0.741398,0.001188,0.376508
2590,2,-0.281156,2.584182,1.093189,-0.631712,-0.138024,0.719137,0.366037,0.642203,-1.602890,-2.228197,0.613391,-1.990736,1.043007,0.086446,-0.010563,1.349280,0.044518,0.454389,0.550608,1.503028,-1.680640,0.109996,0.206594,-0.124201,0.223302,0.657631,0.339681,-0.760299,1.356515,-0.454627,-0.352586,0.329375
2591,0,1.941818,-1.166528,-0.549664,1.414217,-0.899877,1.635404,-0.584475,0.078157,0.113014,0.713532,0.414433,-1.124376,-1.311098,-0.798282,0.082640,-0.150619,0.753072,-0.666035,-1.235168,-2.190474,0.773758,0.340429,-0.425498,-0.946533,-0.629350,-0.911710,0.026846,-0.149945,-0.511189,0.058787,2.134204,-0.481928
2592,3,-0.728196,0.739128,-1.500103,1.220530,-1.298874,0.372153,1.525646,0.463246,-1.108659,1.483335,1.409931,0.487875,0.894994,-0.704056,-0.726889,0.825836,-0.424931,1.539626,1.017497,-0.693157,-0.267944,-0.399497,0.385407,1.083559,-0.206671,0.401595,0.457172,1.332641,-1.016870,-0.612086,-1.766578,2.165509
2593,2,2.340579,-1.306311,-1.626948,-1.520843,-1.017202,0.446503,-1.497529,0.595559,-1.671653,-0.546498,0.005944,1.380517,-0.858717,0.517069,0.792236,-0.555496,0.411578,2.062278,-0.193887,0.009442,0.056000,-0.854967,0.142126,-0.236068,2.308820,1.304780,0.495542,-1.893005,1.385807,0.916425,-0.204021,0.117650
2594,1,-1.393692,-0.224089,0.627421,0.513426,-0.373085,0.452998,-0.520502,0.637271,-1.195126,0.171861,0.080948,0.378695,0.116724,-0.130270,0.952905,0.448262,-0.965790,0.668008,1.343125,0.836235,2.306038,1.307214,0.848152,-1.334982,0.980558,-0.422410,-0.591291,0.230818,-1.282523,0.889761,1.113712,-0.078045
2595,3,-1.129224,1.989074,-0.415270,1.696374,-0.388597,-0.767488,-0.975210,0.218297,-1.352037,-0.191368,0.981649,-1.339622,0.263956,1.278572,0.846866,0.970045,-0.670136,-1.494716,-0.932119,0.933909,1.614219,-0.017924,1.397819,0.344937,-1.962935,-1.132558,-2.024808,-0.721787,0.088988,1.432965,0.490652,0.079223
2596,0,0.867583,-0.980765,-0.502754,0.023522,0.054693,0.190333,-0.582983,-0.055556,0.903171,-0.628248,0.504174,-0.139822,0.641234,-0.149579,-0.169109,-1.036996,1.112662,-1.281737,1.065547,-0.075756,-0.159970,1.028797,1.184998,-0.361860,0.613414,0.683757,-0.556552,-0.200874,0.448956,1.781112,-1.160376,0.185018
2597,3,0.299059,1.290600,0.465544,0.435160,-0.104794,1.382773,-0.145597,1.306599,0.976093,-1.388388,1.755239,0.625255,0.421062,0.812226,1.719773,-1.360850,-0.703921,-1.160141,1.506867,0.745418,-0.903830,-0.976255,0.270214,-0.206061,0.004263,-0.015501,0.987367,0.282136,0.694753,1.341273,0.633395,2.872568
2598,0,-0.933640,1.145482,-0.957457,1.019236,0.283657,-1.099221,-1.494602,-0.353745,-0.347196,0.005131,1.641939,-1.507321,-1.066390,0.058077,0.515461,0.201246,-0.644813,0.157666,2.617564,-1.785147,-0.260114,0.770223,-1.278149,0.988271,1.449483,0.842516,0.477105,-2.388178,-1.089760,1.465584,-0.206237,0.861765
2599,3,-1.802804,1.539953,-0.606249,1.634949,-1.236505,0.122140,0.110877,-0.668555,-0.272921,-1.099230,0.039442,0.556452,-0.829639,1.029212,-3.358033,0.633993,1.294477,-1.604333,0.336797,-0.629464,-2.438360,-0.274284,0.060289,0.866180,1.304098,0.423328,0.068639,-0.244503,1.663657,0.325876,0.030698,-1.051178
2600,1,-0.618146,0.360565,-0.481358,-0.487877,-0.427687,-0.654407,-0.233466,1.551360,-2.114771,-1.580038,0.789282,-0.412715,2.024648,-0.248993,1.134238,-0.167724,-0.428133,0.826460,1.166118,-0.090855,1.455672,0.346785,0.250599,-0.210387,1.853331,1.500317,0.842835,0.043700,2.203460,0.423050,-0.601774,0.288867
2601,3,0.541840,-0.603775,1.675571,-1.105119,-1.806552,-0.746906,-0.534764,-0.830197,-0.516350,-1.636639,0.631469,1.469390,0.764980,0.385970,0.142457,-0.097921,-1.688326,-0.492619,1.410635,0.039387,1.861996,0.691721,-0.881867,0.706536,-0.656056,-1.627004,1.027647,-0.106748,1.341862,-0.529440,0.817588,0.904560
2602,0,1.771727,0.024937,0.331992,0.875182,0.427709,-1.065072,-0.126081,0.643353,1.212154,0.533256,-0.919663,-0.580467,0.134303,-1.776903,-0.395505,0.168946,1.616874,-0.549202,0.718723,-0.069013,0.959948,0.015803,0.478405,-1.595948,1.567795,0.017242,0.111902,0.532549,-3.771407,0.368734,-2.277721,-0.320377
2603,1,-1.467146,-0.138511,-0.901808,-0.085605,0.221635,-0.501181,-0.094409,0.250564,0.736795,-0.567352,-2.879191,0.158822,0.724691,0.697045,0.257580,0.333004,0.635953,-0.687070,0.418840,0.124399,-0.465766,0.608363,-0.175717,0.419725,0.106089,0.080357,1.133177,-0.082226,-0.235284,-0.220884,0.461969,-1.289138
2604,3,0.691342,-1.037582,-0.620368,-0.270621,0.183430,0.403336,2.014024,0.858254,0.283602,0.698611,0.588705,-0.071282,0.296519,1.260624,0.100026,0.719568,1.174507,1.779157,0.612140,0.712750,0.055415,-0.247300,1.489687,-2.225264,0.727469,-0.608575,1.260309,-1.213822,-0.111719,0.248490,-1.163894,0.111744
2605,2,-0.089232,-0.133107,1.084798,0.627666,0.483001,-1.931838,-0.031172,2.167752,-0.233221,0.545903,1.039284,-0.700266,0.123491,-0.485982,-1.781614,0.267464,-0.185225,1.373608,-0.230510,-1.751724,-0.008149,0.842954,0.847197,-1.779048,-0.148104,-1.648789,-1.425127,0.263337,-2.904808,1.753731,2.055051,0.391045
2606,1,0.554730,-0.649595,1.116143,-0.318197,0.073357,-1.028131,0.665925,-0.067137,0.525523,-0.149397,1.240878,2.393467,0.296210,0.138332,0.602155,-0.628256,-0.025639,0.797279,-1.537110,-1.064769,0.089120,0.541248,0.752826,-1.531999,1.550217,-0.922332,-1.929036,-0.439204,0.416944,-0.096450,-1.475746,0.358430
2607,3,1.684713,-0.770315,1.821120,-2.039627,-1.437197,2.117067,0.933246,-0.456477,-0.055601,-2.163844,-1.716706,-2.165258,-0.789353,0.716524,0.487053,-1.225887,1.269582,0.613462,-2.128110,0.399200,-1.907892,-0.472911,-0.541317,-0.098022,-0.785455,0.779427,-0.400189,-0.466869,0.685924,0.072085,1.023907,0.985275
2608,1,0.038283,-0.149407,-0.405003,0.490891,-1.844159,0.166329,-0.445564,0.272861,-0.312323,0.025867,0.463344,0.917575,-0.522155,-1.634591,0.429559,0.161497,1.196371,-1.314802,-0.857992,0.441353,0.837718,1.565328,1.931359,1.685312,-1.273215,-0.753245,0.826642,1.405570,0.666520,0.835837,0.682154,0.038509
2609,0,-0.546634,-1.065255,2.660877,-0.314897,0.356199,-1.683738,0.506114,1.966375,1.863071,0.326373,1.355058,0.509310,-1.753087,-0.921344,0.429690,-2.181689,0.487868,1.088287,-0.056986,0.274212,-0.052265,-0.059478,-0.000234,-0.294980,-0.201287,0.581593,0.984841,-1.134886,-1.221645,-0.111457,-0.883868,0.762401
2610,3,-0.670790,-1.163684,-0.774884,1.688897,-1.158000,-1.288339,0.430112,0.970968,-0.632180,0.283520,-0.747359,-1.670948,-0.233925,0.478791,0.726312,-0.670042,-0.456167,0.379882,-0.038353,-0.822278,0.918782,0.568120,0.618568,0.898549,0.559095,0.763653,-1.008046,-1.434911,1.947683,1.188960,-0.992186,0.183917
2611,0,2.136486,1.796129,-1.031444,-0.767848,-0.401630,-1.914781,0.200013,-0.160370,1.013774,0.704125,-0.975654,-1.988547,-0.094349,0.172085,0.989377,0.493248,0.201437,-0.035976,-0.072040,0.909747,-1.917426,1.879867,1.104106,0.436645,1.382363,-0.051265,1.168882,0.532573,0.489935,0.039085,-1.235687,0.683465
2612,2,1.324369,0.063289,0.475795,-0.695584,-0.475126,1.226511,0.818620,0.231887,-1.004157,0.412921,1.145556,-0.125172,-0.250990,-0.177530,-0.268422,0.333043,-0.677304,1.005344,0.689924,0.963326,0.926379,1.529374,0.587453,-1.896298,1.120063,-0.950026,-1.011434,-0.290925,-0.695478,1.169647,0.437155,-1.847905
2613,1,0.407488,-0.341587,-0.423634,0.062349,1.081299,-0.644156,0.657338,-0.472906,0.208261,-1.196578,0.164946,-1.597543,-0.236035,-0.237724,1.445328,1.371699,-0.408820,1.081968,-1.484114,-0.517319,1.012821,0.612662,-0.249620,0.429599,0.208853,-1.341957,-1.917204,-0.807405,-0.829757,1.200120,1.654629,0.408516
2614,2,-0.564321,0.189187,0.816237,0.673076,3.054484,-0.502480,-0.527821,-0.124521,-0.156066,0.636040,1.301981,0.645742,-1.088573,-0.274179,0.131202,0.013683,-0.690138,-0.360232,1.371125,0.320514,0.757110,0.890245,-1.394422,-0.355895,0.079816,-2.661063,0.321856,-0.050227,-0.487327,0.129984,1.640558,0.703091
2615,1,0.586416,-0.263947,0.933795,0.732989,1.047648,0.323308,0.072324,0.472818,0.276687,0.111879,0.185909,-0.631542,-2.393262,-1.209414,0.994241,-0.035037,2.045118,-0.393859,0.024837,-0.048493,0.798601,-0.102448,0.383199,-0.494341,-1.611429,0.401933,-0.618698,0.840191,0.208479,0.776651,0.631461,0.134636
2616,1,0.042367,0.286577,-0.233395,-0.080311,-1.825754,-0.356378,-0.595084,-1.645773,-1.396322,0.145476,1.486435,0.804295,-1.495283,-2.734808,0.776250,1.014906,-0.963185,-1.745659,-1.272265,-1.497906,-1.880508,-0.057234,0.245389,-0.191611,0.161399,0.175376,1.733732,1.295122,0.421849,-0.650139,-0.010791,-0.360901
2617,0,1.927732,1.694012,-0.060400,-0.005446,1.090857,-1.880399,0.026300,-0.719495,0.342206,0.104060,-0.026025,1.105781,-0.245670,-0.854583,1.825029,1.299257,0.134888,-0.735035,-1.005453,-0.781031,0.967851,0.165323,1.034002,0.640830,0.810736,-0.827897,-0.965080,0.087962,-0.608872,0.959001,0.603064,-2.272207
2618,3,0.659646,-1.668152,0.774251,-0.471175,0.305706,1.549899,-0.974654,0.033466,0.786380,-1.645982,-0.511837,1.010670,0.854277,2.448560,1.006908,1.265981,0.534273,-0.646352,-0.033779,-0.087957,-2.070390,1.122387,-1.099728,-0.232517,-0.037384,0.043912,2.257062,-0.738516,-1.111961,0.503043,-1.168510,1.252927
2619,2,-0.379255,-0.490127,0.776234,-0.250827,1.755522,-0.583567,1.236566,0.046065,2.470169,-1.839701,-0.723922,-0.243350,0.657099,-0.499162,-0.450461,0.788535,0.068442,0.184227,-0.882000,-0.725042,-0.326553,0.540694,-0.430340,0.960400,0.858530,0.580118,0.016160,-0.043669,-0.601196,1.110554,0.460807,2.174072
2620,3,0.702945,0.048617,0.315739,0.898768,-0.087323,-0.944448,-0.940938,-0.761023,0.240110,-0.256624,1.101535,-1.749602,1.140536,-0.318737,1.055922,-0.359549,0.399937,-0.706681,0.534180,1.423920,0.562810,0.789850,0.239931,1.117319,1.110359,0.706203,-0.100714,0.281612,-3.338641,-0.049381,2.193185,0.570026
2621,1,-0.788370,-2.000233,0.577836,1.079293,-0.748466,-0.323911,0.272263,-1.419142,-1.632227,0.270456,-2.333181,0.811793,-0.038853,-0.590817,-1.321962,-1.120087,1.978665,1.024769,-2.103683,2.873089,1.883709,-1.103180,-2.269454,-0.770917,-0.835511,-0.716653,-0.933648,0.059898,0.824420,-0.703871,-0.136685,0.007008
2622,3,0.402302,0.132006,0.125675,1.619370,0.290464,0.800941,-0.667295,0.992525,1.203861,0.439470,-0.052994,0.493164,2.012252,-1.911183,-0.517729,-0.595766,-0.610282,0.921783,0.744970,-0.313968,-1.594593,0.725246,-1.299140,-0.466653,-1.929145,-0.928301,-0.754816,-0.558280,-2.010501,-1.277432,0.751527,-1.642450
2623,3,0.002018,-1.409940,0.931246,1.023871,1.270519,0.278345,1.021528,1.547204,-0.455718,0.235677,0.472115,-0.591623,-2.191622,-0.818585,-0.130418,0.900158,0.714761,-0.738595,1.477045,0.010435,-0.304506,1.186815,1.675321,0.649683,0.633103,-0.024933,-0.931109,1.895171,-1.031313,3.002127,0.225777,-1.548799
2624,1,-0.320163,0.800874,-0.127847,-1.305837,0.294133,-0.706848,0.412783,-0.058757,-0.183715,0.228694,-0.046774,0.746480,-0.554608,-0.007855,1.915139,-0.248383,-0.259461,0.437937,-0.298579,1.060923,1.070010,-0.694503,-0.663117,0.023039,-0.460569,-0.130267,0.694052,-1.474913,-0.437262,0.059025,-0.303514,-1.337455
2625,1,-0.434611,1.099175,-2.038592,-1.130255,-0.447522,-0.688270,-0.896389,-0.162847,-0.128432,-0.414268,0.745937,0.920219,-0.291131,-0.390709,-0.757083,0.391925,-0.457710,0.881085,-0.565796,-1.083526,-0.811132,0.649359,-0.129139,0.404781,0.277941,0.678496,0.343788,1.206769,-0.146107,-0.236243,-0.866193,-0.499697
2626,0,1.287934,1.787246,-0.168278,1.306115,0.009065,-0.935777,-0.385527,-0.550386,0.157632,0.616064,-0.181453,0.323975,-0.769219,1.551947,-0.736350,-0.093008,0.371044,-0.355136,0.516829,-0.605153,0.147315,-0.153522,1.288075,-0.345818,-0.861883,-3.430214,0.171664,-0.514235,0.582153,-0.817307,0.099191,0.247087
2627,2,-0.499995,0.319150,0.014560,0.188727,1.835717,-0.213177,0.598045,0.293117,2.195464,-0.390850,-1.667727,-0.640188,0.179448,0.365483,0.206065,1.381251,-0.352516,1.232824,-2.375830,-0.940080,-0.141107,0.205698,0.323188,-1.003160,0.852790,0.320271,-0.872319,0.715316,0.893920,1.925257,1.303804,-0.422536
2628,2,0.857331,0.031906,0.901727,-0.233826,0.004333,-0.266518,-0.374904,-0.048647,-0.859847,-2.556803,0.059735,-0.570594,-0.135596,-0.111833,-1.535413,0.922960,0.463902,2.363972,-0.509347,0.289787,-0.497939,-0.238046,-1.567825,0.225650,-2.136597,1.626688,0.976132,0.761396,-0.569274,-0.478239,0.746396,0.266887
2629,2,-0.260714,0.791467,0.022321,-0.138144,2.053664,0.098172,0.383101,-0.162979,-0.907561,-0.300864,-0.480937,0.600909,0.514294,-0.725286,-0.021905,-0.495466,0.474273,-1.021045,-0.030652,0.182708,-0.250496,-0.483188,-0.507321,-0.752034,-0.599214,-0.726578,1.207140,-0.844348,0.811484,-1.322546,-1.623574,0.548468
2630,0,0.360923,0.673144,-1.292652,1.014314,-1.564033,-0.277786,0.023184,1.457047,-0.019763,-1.517334,0.057966,0.301825,-0.988257,1.096894,0.385402,-0.678972,-1.202180,-0.051875,-0.387506,0.794380,-0.950896,0.303375,-0.689317,0.519207,-1.623079,1.075500,-1.304118,-0.675367,1.266876,-0.381545,-1.293740,2.925286
2631,1,0.066885,2.189902,0.225411,0.555420,0.104918,0.698025,-1.323334,1.194970,-0.000326,-0.546007,-0.128976,-0.988236,0.594103,0.456573,-1.511845,-0.339717,0.520635,0.084328,1.603713,-1.037877,1.180951,-1.654077,-0.152468,1.170923,-0.074316,-1.292561,1.602794,-0.823329,0.715855,1.012860,0.778085,0.819086
2632,2,1.055063,-1.846248,1.136904,0.786499,2.233360,-0.723659,1.701171,0.454863,-0.596599,2.069826,-0.779170,-1.432626,1.996057,-0.936435,0.442236,0.775589,-0.739399,1.369897,-1.643444,0.576717,0.504229,0.452640,0.856786,0.006372,-0.416636,-2.191959,0.929417,1.053490,-0.477143,-1.990886,0.326571,-0.429166
2633,1,-0.439279,0.350934,1.324742,-0.159517,-0.195857,0.097795,0.417531,0.034604,-0.636206,0.648324,-0.652909,0.204715,-0.904627,0.965195,-1.235265,0.246045,-0.268211,-0.386279,0.164850,-1.055167,2.789878,1.048672,0.656735,0.388772,-1.084968,0.773209,-1.040676,2.128054,1.003464,-0.991867,-0.138136,-1.122058
2634,2,0.700553,-1.693904,1.133227,0.984722,0.843116,-0.014637,-2.492540,1.235019,-0.434773,-1.032602,1.484866,0.039544,0.319960,-0.147233,-0.141050,-0.079573,-1.066852,-0.244832,-1.746059,1.096317,-0.669386,-0.831537,-1.994080,0.856478,0.658236,2.685447,0.550493,-0.692648,-1.339279,1.549494,-1.268182,0.099511
2635,1,-0.748424,-0.274691,2.690329,1.328759,-0.338869,-0.510038,1.339721,0.426137,0.543148,-0.052767,0.485154,-0.310223,0.281805,1.495688,-1.573236,-0.622643,-0.062847,0.730749,-2.510544,-0.186985,-0.898412,-1.380255,-0.974849,-1.047796,0.664483,0.258479,0.173651,-0.697425,-0.323806,0.420204,0.092641,-0.860364
2636,2,0.560891,0.821937,0.116075,-1.313565,-0.093421,0.454029,-0.766188,0.555466,0.071174,-1.855340,-0.795279,0.652226,-1.052463,1.431687,-1.869464,0.003585,0.580911,1.863210,-0.523397,-0.563256,0.765181,0.599310,-0.530183,-0.488703,-1.803368,-0.689336,-0.890321,0.395081,0.028457,1.394264,0.662114,-0.620533
2637,0,0.485350,0.191133,-1.574746,0.227165,0.589794,-1.341670,-0.231158,0.910909,-0.938566,2.090394,0.292961,-1.332642,-0.377020,-0.255089,-0.404163,-1.570175,-0.163247,-0.904713,0.963559,0.557442,0.063742,0.184823,1.592609,0.173372,-0.383823,-1.327225,0.759606,0.586981,-0.622977,-0.769670,0.836764,0.360722
2638,1,0.169067,1.978025,-1.310599,1.537175,1.083932,-0.652079,-0.152164,0.455000,-0.435987,0.666163,1.117044,-0.085139,-0.984120,0.458485,0.221475,2.570496,-0.641919,-1.049787,-1.168172,-0.427188,-0.163532,-0.488052,-0.791499,0.168562,-0.649674,0.049076,0.194900,-0.202456,-0.973700,2.902926,1.217513,-1.881846
2639,0,1.984108,-1.458738,0.047511,0.510033,-1.966860,-1.328073,0.171895,0.720185,-1.664611,2.143430,0.656702,0.627884,-0.198913,0.257835,-0.056316,1.017715,-0.649447,0.420304,-1.405519,0.735932,-2.025738,1.755247,-0.485541,-2.266453,1.722058,-0.724803,-0.320611,-2.074904,-1.703686,0.861208,-1.158149,-1.033492
2640,3,0.601394,0.026132,-0.104659,1.160172,0.005924,1.643803,0.037306,-0.514047,-0.133159,0.121827,0.700527,1.538637,0.277464,-1.720188,-0.250660,-1.038744,0.322862,-0.470540,-0.819014,-0.680371,-0.109454,-0.067496,-1.804618,-0.263657,0.336303,-0.072413,0.152677,-0.932405,-0.165679,1.185020,-0.239066,-0.384480
2641,0,-0.591684,0.859910,-0.169720,-1.452737,-0.202571,-0.748784,-1.333351,-1.016295,0.213134,-0.459945,2.355647,1.572898,-1.277655,-0.743280,-1.283144,0.467595,-0.250716,1.246062,-0.704196,-0.034451,-0.169731,0.869861,-0.494365,-1.349609,-0.214476,-0.096763,0.241086,1.246447,1.399983,-2.062145,0.414576,-1.313484
2642,0,2.018615,0.696049,-0.406635,1.683482,-2.082688,2.006299,-1.050628,0.746710,-0.268839,0.462299,0.169032,-1.118457,-2.043144,-1.735572,-0.030041,-0.096034,-0.173205,-0.430689,-0.086791,0.089304,-1.093894,1.057279,0.542514,-1.314906,0.256166,-0.216618,-0.141950,1.260062,-0.099506,0.740423,-1.411308,0.365579
2643,0,1.346689,1.149551,1.247977,2.017054,-0.885379,0.389568,0.253657,0.476396,1.494115,-0.362316,0.483102,-0.486449,-0.975909,1.091392,-1.511033,0.660108,0.238719,-0.078177,0.058463,0.329844,1.702189,-1.262120,-0.977709,-0.858536,-1.297991,0.841728,0.438941,-1.335252,-1.883232,-0.152368,-0.270926,0.691264
2644,2,-0.821813,-0.006897,1.087589,-0.264322,-1.844464,-1.831483,-0.123232,1.010260,-1.263378,0.341161,1.667883,0.484719,0.287410,0.977764,1.409261,1.204268,-2.448133,0.474729,1.177155,-0.266491,0.349077,1.054180,1.736678,0.408220,-0.048948,-0.488201,-0.657279,0.646447,0.699878,0.093645,0.418812,-1.724594
2645,0,0.648867,0.072126,0.357428,0.214491,-0.870010,-2.106243,0.209880,0.169905,0.230951,-0.155516,0.240268,0.184589,-0.126914,2.040273,0.465430,1.198040,1.016196,-0.236718,-0.824296,-0.026917,-0.247312,0.249628,0.554403,-0.009194,-1.412373,0.125199,-0.404876,-1.113369,2.280697,1.310409,1.723362,-0.528414
2646,3,1.697484,0.970354,0.925584,1.447821,-0.194402,-0.207815,0.837082,-0.864453,-0.970068,-0.182756,-0.704948,-1.349800,-0.110310,0.373457,-0.172176,-0.999768,0.584243,1.682852,0.574387,0.043967,-0.754476,1.327992,0.703398,-1.445349,-0.002787,0.770728,0.500206,-0.891003,-0.241593,-0.030761,-1.440955,-1.091009
2647,0,-1.891198,-1.895790,-0.071273,-0.654725,1.292896,1.480701,-0.969612,-1.503962,-0.544452,1.418067,-0.313758,0.426567,-1.469411,1.007613,-0.129734,-1.514411,2.296480,-0.028844,0.071357,-0.324953,1.934883,-0.969324,0.352894,1.413988,-1.034168,-1.410863,-0.180958,-0.098506,1.159044,-1.503889,1.708322,1.064120
2648,3,-2.017039,-0.501072,0.537281,1.000623,2.650378,-0.131022,1.190289,0.502901,1.027193,-0.719847,-0.058065,-0.498298,1.025745,-1.402266,-1.129395,-0.986090,0.419154,-0.285292,-1.048034,-0.173141,-1.297492,-0.370839,0.384213,-0.260883,0.153972,-0.028003,-0.872570,0.741741,2.350646,0.056992,-2.111735,2.590650
2649,0,-0.644271,0.161545,-1.067892,-1.641947,0.856324,-0.386066,0.250437,0.736664,-0.607440,1.092989,0.308580,-0.188378,0.659075,-0.220530,0.310736,-0.392508,-1.069498,0.266157,-0.280443,-0.877523,-1.451903,0.065364,-2.179982,0.847458,-0.069843,1.703537,-1.086605,-1.754825,-1.197131,-0.782419,-1.412182,-0.109086
2650,0,1.711201,-0.543460,0.267870,-0.476716,-0.444142,0.107233,-0.228605,1.043529,-0.499257,-0.536584,-0.421527,0.785241,-0.071671,0.557172,0.080729,0.583906,0.453760,-0.457086,0.029602,-2.455001,-0.489440,0.286077,-0.131072,-1.067347,1.009999,0.974478,0.388206,0.053591,2.715724,-0.665791,-0.634087,-0.007581
2651,1,0.956547,1.664792,-0.001351,-0.623406,-0.506988,0.192856,-1.260348,0.401098,0.490982,-0.640244,-1.694541,-0.388157,0.062045,-0.445576,-0.168097,0.611536,0.842338,-1.199897,1.000252,-1.400542,-1.926851,0.367633,-1.546223,-0.063201,-0.695131,-0.571018,0.477922,-0.739168,0.794518,0.224958,-0.259542,0.364345
2652,3,1.398570,-0.885610,-0.943542,0.716562,-1.162928,-1.757271,1.425532,-0.946164,-0.782916,-0.711637,0.914065,0.969552,0.054433,0.827120,1.286339,0.909441,0.321983,-1.324447,0.437043,-3.601556,-1.122766,-0.321419,0.139483,-1.103858,-1.264640,-0.116468,1.825631,-0.956654,-0.260202,0.686182,-0.798274,0.621159
2653,0,0.554237,-0.259728,0.530972,-0.146094,0.352600,0.278749,-1.558227,-0.201599,0.462379,-0.510723,0.028273,1.804222,0.118250,-1.036265,-0.006766,0.228520,-0.287832,-0.618740,-0.326054,-0.171736,0.033482,-0.982228,-0.388220,-0.113874,-0.100347,-0.159888,0.501730,-0.428495,-0.068985,0.994557,0.639280,1.290714
2654,2,0.166483,-1.313054,-0.536854,-0.990024,-0.234337,-1.674751,-0.336453,0.771467,0.871455,0.502078,-0.198274,1.104488,0.475641,-0.352299,-0.486862,0.629537,-0.945988,-1.432546,0.803089,-0.301370,-0.613237,0.802195,-1.329688,-0.248590,-1.060708,-0.845862,1.896202,-1.493233,-2.214593,-0.261439,-0.302440,-0.503885
2655,0,-0.632767,0.227668,1.343970,-2.070459,-0.196606,-0.238164,-0.154662,-0.389730,-0.412694,-1.439433,-0.128942,-0.244780,0.495184,0.081317,-3.501115,0.039121,0.494949,0.358782,0.327307,1.264252,1.022979,0.947034,-1.184898,-0.464768,-2.345126,0.924719,-1.732630,0.404175,0.186510,0.681870,0.536425,0.805699
2656,0,-1.590163,1.365953,0.277112,0.239969,-0.380868,-0.035243,-0.763582,-1.089390,-1.227421,-1.825422,-0.313621,2.504941,0.875995,-0.958112,-1.917031,0.281596,-1.336780,0.396526,0.775535,-0.516021,1.091411,0.686059,-0.093684,-0.000588,0.547450,-0.426167,-0.487595,0.126403,-0.613073,0.892160,-1.220978,0.361555
2657,0,-1.225250,-0.680404,0.333043,0.534586,0.054528,-1.142860,0.666336,0.046081,1.807560,0.502937,0.241652,0.779125,-0.349902,0.148997,0.598067,-0.845677,1.516056,-1.261769,-0.196173,-1.167136,-0.745549,0.570865,1.788261,-0.471962,0.443095,-0.300925,-0.906587,1.191689,1.280864,1.413562,-0.840978,1.037214
2658,0,-0.497068,0.074687,-0.913665,-0.372519,-0.451676,1.424347,-0.734466,-0.374620,-1.133514,1.106238,0.131820,-0.199267,0.284719,0.170696,0.141184,1.006573,0.568228,0.606315,-0.220702,-1.407942,-2.209662,-2.664031,-0.744640,1.403006,1.657628,0.408978,0.299170,0.737944,-0.457760,1.243267,1.132558,-1.384508
2659,3,0.520137,0.434863,-0.213003,0.783181,1.625775,1.012374,-0.466013,1.222383,0.819773,-0.044388,0.781243,0.273440,-1.475912,-0.297196,0.755434,0.235518,-0.598508,-0.799931,0.883525,1.136882,1.312522,-1.980184,-0.089209,-0.190067,0.643166,-0.344790,-0.266219,0.127785,-1.245941,0.289406,0.375072,0.277717
2660,2,0.972079,-0.055981,1.533045,-0.652140,0.285949,0.111644,-0.359286,0.738858,0.456340,0.547395,-1.150708,0.884621,-0.909210,0.364771,0.216304,1.306257,-0.470853,1.869407,-1.697700,-0.931955,0.064531,0.356331,-0.385962,0.970212,1.036345,1.014771,-1.411691,-1.068605,0.116911,1.198104,-1.703710,-0.315264
2661,0,-0.249443,-0.370660,0.128073,-0.007917,-1.252630,0.196178,0.611806,1.559736,1.023413,0.133102,1.071535,0.417544,0.151331,-0.648835,-0.099488,-0.600687,0.747766,0.151246,-0.400116,-0.654388,1.917497,0.506843,-1.391878,0.402454,0.114427,-0.930713,0.807478,-0.315707,1.238487,-1.018508,0.794668,0.934273
2662,3,-0.193070,-0.068359,-0.688730,-0.869599,0.177965,-0.537302,0.373082,-1.270211,-0.129585,-0.188651,-1.659208,-1.234340,1.235983,-0.592298,-0.729720,-0.723264,-0.099343,-0.459662,-0.414493,-0.027335,0.154288,-0.423111,-1.055778,-1.113449,1.339659,1.584241,-0.306508,1.434454,-1.254720,-0.385325,-2.001168,-0.437679
2663,0,-2.664662,0.485801,0.604363,2.002675,0.483866,1.653563,0.878897,1.119958,-1.655668,1.387795,-1.234269,-0.415857,1.194790,-0.143173,-2.509452,1.277275,-1.110783,1.827049,0.985670,-1.639598,0.072494,-1.024094,1.380875,0.949321,-1.352413,-0.615816,0.352075,-0.077875,0.327602,0.083538,-1.324118,2.123780
2664,0,-1.300469,-0.398716,1.369306,-0.595838,1.621941,0.541361,-1.720405,0.577173,0.851916,1.285663,-0.620994,-0.063411,-0.622492,0.227331,1.176932,-0.241048,-1.217623,1.714815,1.909895,-0.059644,0.706886,-1.015670,1.727050,1.398064,-1.511810,-1.987292,-1.032314,1.322304,-2.560419,-0.348213,0.548113,1.915384
2665,2,-0.200163,0.728959,1.712284,-2.022620,0.430140,-1.864872,1.670370,0.832154,-0.552239,1.337985,0.066510,-0.662495,-1.121432,-0.558011,-0.252900,0.430370,-0.319487,0.354001,-0.791366,0.008020,-0.802079,0.190621,0.674685,-0.748726,-0.220829,-0.667366,0.451112,0.524948,0.694671,0.671547,0.205060,-0.693352
2666,2,-2.094968,-0.315656,-0.584157,0.297172,-0.226400,0.110212,1.067315,0.844197,0.075634,0.879593,1.066045,0.248670,1.210754,-0.249450,-1.915590,0.185931,0.507056,1.197374,-1.002987,1.086661,1.548164,1.800085,0.217625,-0.463643,-1.927633,-0.686363,0.416102,-0.077702,-1.565138,-1.144300,-0.710625,-0.058264
2667,2,0.254800,0.912167,0.132745,-0.290608,-2.479567,0.464565,-0.394989,-1.679008,-1.217384,-1.111920,0.087871,1.152973,0.612226,0.117401,-0.289877,0.355974,-0.022173,0.470660,1.675683,-0.083998,-0.816742,-1.043634,-1.568475,-0.256606,0.936241,1.278730,1.405438,1.504480,1.224691,0.693888,-1.542686,0.106654
2668,0,-0.017766,0.747742,1.168450,-1.382725,-0.597709,0.498007,-1.003822,1.420458,0.966184,-0.316935,0.651144,-0.015877,-2.070662,-1.338901,-0.376197,-0.696473,0.269441,-2.945942,0.676955,0.782685,-2.276900,0.087768,-1.368502,-0.549183,0.239101,-1.866205,-0.536799,0.076849,-0.924376,1.734807,-1.080464,0.132172
2669,1,-1.091351,0.852998,0.885463,0.106520,0.966942,-0.272124,-0.514959,1.095455,-1.106449,0.174801,-0.804938,-0.812157,0.744475,-1.788088,0.563987,-0.841518,-1.591781,0.099947,1.810593,-0.842182,-0.472715,-0.516583,2.241407,-1.368713,-1.644457,0.999768,-0.782812,-1.554079,-0.872893,0.202171,-0.910838,0.331768
2670,3,2.184873,-1.153115,1.745744,0.563954,0.355445,-0.926443,0.363563,-0.412039,0.158460,1.048424,-1.129042,2.384602,-1.415915,-0.677366,0.596488,1.612011,0.278104,1.555753,0.351931,0.050245,-0.736908,1.431241,-0.119151,-1.222727,0.291345,-1.236479,1.005046,-0.137915,-0.942263,-0.930607,-0.369909,0.854636
2671,2,1.591532,1.842558,-0.266544,-0.504698,0.639038,0.621428,1.034216,-2.080540,-0.702659,-0.887631,-0.782425,0.754790,0.222618,0.938143,1.489825,-0.145928,0.073382,3.034369,1.169305,-0.045307,-0.220730,-0.394917,-0.452444,-0.969866,0.257858,0.882108,0.922777,1.080176,0.454297,0.062350,-0.699214,2.772393
2672,0,1.107587,-0.429522,1.055939,0.660972,-0.244821,0.666530,1.120772,1.224858,-1.129281,-1.872262,0.070411,-0.566264,1.459985,-1.307437,0.235357,-0.260279,0.850570,-0.033051,-0.812734,-1.323317,-0.857973,-0.751012,0.241961,-1.455803,-0.308459,-0.640028,-0.603835,1.067492,-1.621377,-0.111500,1.709336,-1.342665
2673,3,-0.686967,0.864927,-0.830886,1.169480,1.092210,-0.325671,1.079392,-0.796945,1.338708,0.190563,1.326729,0.683308,0.054557,-0.395780,-0.464469,0.624297,1.321734,-0.777792,0.513900,-0.154694,2.311176,-0.224272,0.017086,1.077575,-1.466509,-0.984078,0.032073,1.448839,-0.286027,-0.158566,-1.014529,0.110999
2674,2,0.469950,-0.257564,-0.934020,-0.526352,0.137209,0.876582,0.245907,0.409293,-1.097140,0.372338,2.435790,0.621485,0.350863,0.377889,-1.907892,-0.020091,1.358026,0.476851,-0.811135,1.088360,-1.074043,0.995869,0.422720,-0.568214,0.696443,-0.763657,0.843505,-0.485566,-0.040790,0.884498,0.534063,-1.162086
2675,1,1.069776,0.400837,0.738966,-0.560867,-0.998039,-1.968954,-1.239116,1.120692,-1.541907,-1.185571,1.231349,-0.104933,1.341195,-1.170298,-0.232163,1.328707,0.850355,-0.238891,-0.089601,0.182819,-0.062372,1.113950,-0.015653,-2.054062,-0.644029,-0.413773,1.337000,0.945668,-2.188738,1.883586,2.242785,-0.555469
2676,3,0.882746,-0.131526,-1.514466,0.917286,0.525328,0.618443,-0.850287,0.392469,-0.099846,1.302673,-0.071467,0.694448,0.442741,0.811236,-0.272776,0.602506,-2.066101,0.858692,-1.054470,-0.889501,-0.274068,1.237055,-0.284625,-0.806210,0.563476,0.856891,0.938729,0.685281,-0.192644,1.054649,-0.754699,0.660022
2677,1,-0.124282,-0.108017,0.668393,0.088688,1.383670,0.733859,-1.043150,0.656294,2.032591,0.384703,1.253157,-0.974059,-2.093779,1.359631,-0.497456,-2.216972,-1.341209,0.692289,-0.034192,0.394063,-0.067095,0.219097,-0.693968,-0.273321,-0.600811,-1.266120,0.371805,-1.226211,0.304630,0.231526,0.428687,0.918503
2678,1,0.047495,0.038215,-3.043335,-1.433867,-0.357305,0.600117,-0.097421,-0.150514,0.542004,-0.741333,-0.482352,-1.843805,0.415725,-0.168642,-0.567496,1.777650,-0.823251,0.959304,1.718963,0.596247,0.695262,0.345025,0.056990,-0.312800,-0.278265,1.062947,-0.558967,-0.321961,-0.386704,0.393633,-2.769932,1.304724
2679,2,-0.639757,-0.773552,-0.240709,-0.372655,-0.819381,1.020624,-0.120401,2.269025,-0.698913,0.793048,-0.992247,1.717080,-1.066386,-1.059079,3.557373,-0.074503,0.611387,0.362938,-1.246382,0.073177,0.001017,-2.505884,-0.429981,-0.687798,-0.021809,-0.113615,-1.686479,0.860016,-0.745271,0.162180,-0.946654,0.503219
2680,0,-0.873560,-0.116644,0.199732,-0.625189,-1.020641,0.681917,-0.151388,-0.789835,0.420185,1.660361,-1.401295,1.080854,0.342229,-0.506093,0.092901,0.347067,-0.862147,2.264582,0.696266,1.890855,-0.947310,-1.174345,0.315498,0.297646,-1.327971,-0.859491,0.724075,2.338462,-0.426696,-0.105005,-1.199931,0.678999
2681,0,-2.756494,0.305395,0.232573,0.976413,-0.486588,0.213536,-0.046672,-0.765610,0.372989,0.713002,1.662791,0.636311,0.475335,-0.057045,0.296683,0.788778,1.316668,-0.522936,0.350913,1.203773,0.049827,0.819847,-1.137156,-0.207990,0.062059,-1.892134,-0.085648,0.617695,0.693628,0.447676,-0.670878,0.338534
2682,1,0.127270,0.466634,0.447374,-0.860335,-0.224563,-2.098329,0.425946,-1.210285,0.331910,0.649791,-0.683874,-0.327075,0.315134,1.520338,-0.756674,-0.025197,2.339322,1.265261,0.662460,0.884219,-0.852177,-1.354839,-1.044119,0.151257,-1.130817,2.189154,1.290157,-0.680551,0.685470,1.712988,0.235254,-0.655190
2683,0,0.669150,-0.864198,-0.926481,-1.247788,2.177737,1.766566,0.553452,0.161646,-0.392255,-1.669809,0.573315,0.049204,-0.467526,0.580228,0.399883,-0.427052,-0.990596,-1.059405,-0.344792,0.284046,-1.463544,0.658378,0.370900,-0.467483,-1.894022,0.006749,-0.370846,-0.886369,1.454146,1.024062,1.328394,-3.152940
2684,3,0.329877,-0.091220,-1.257704,1.281446,-0.635537,-0.441668,-0.895231,1.213606,0.159949,2.209590,-1.719837,-2.032465,0.541070,0.452400,-1.146480,1.528747,0.480510,0.360647,1.543381,-0.461161,1.033323,-0.303158,0.969952,0.042804,0.296558,-0.481062,1.031242,-0.072974,0.545966,-1.763049,-0.818153,-0.562547
2685,1,-1.803885,0.164096,-1.086756,0.740020,0.555485,-0.978270,0.172733,0.338359,-1.496967,-0.654767,-0.290877,0.727760,0.799028,1.772858,-1.875690,-0.595015,0.219004,2.198795,-0.858283,0.675519,-0.893320,-0.217886,-0.121640,-0.935692,0.394079,0.789537,-1.003944,-0.713255,0.425291,-0.635177,-1.194065,0.109288
2686,2,-0.054163,0.781734,0.280024,-0.820431,-0.195337,0.105123,1.195239,-1.419180,-0.821967,-0.878702,-0.692497,-1.220063,0.542957,-0.128545,-0.495323,-0.241788,-0.415794,0.186712,0.119388,0.834159,0.610462,-0.412773,-2.076085,0.181093,0.273622,0.317378,-2.066194,-0.562716,0.676935,0.427280,2.330644,-0.958924
2687,2,-1.755774,-1.045404,0.757180,0.606245,-0.840783,0.463596,1.611501,1.631303,1.695536,-0.675764,0.381976,-0.486553,-0.932835,-0.296057,0.723522,0.738095,0.145528,-2.399505,-0.635749,-1.105339,-0.868786,-0.432631,1.170658,0.732448,-0.841280,0.318155,0.124045,-2.617749,-0.713661,0.660970,0.338369,0.295561
2688,0,1.765089,2.663779,0.549688,-0.747784,-1.980416,-2.023103,1.505207,-0.530229,0.395199,-0.106444,1.038992,-0.073847,0.674344,0.607271,0.377099,-0.874932,0.784669,1.446277,0.833640,-2.994356,0.586932,1.409576,0.114410,0.157165,1.530997,1.219975,1.331874,1.715406,-0.739764,-1.019858,-0.567645,0.149627
2689,0,1.424196,1.579016,0.039148,-1.528582,0.420928,-0.411065,1.278380,0.061535,-0.547632,0.293934,-0.969524,-0.774993,1.484133,-1.492001,-0.640417,-1.840382,-0.346489,1.707202,0.450252,-0.635922,0.269115,0.780669,-0.050031,-0.697061,-0.247470,-1.422335,0.492155,-1.249786,-0.397452,0.546290,0.541037,2.019496
2690,2,1.564309,0.254636,1.270220,0.879788,0.087787,-1.237815,-0.085451,0.060152,-0.298087,1.583920,0.495931,-0.676407,1.655982,0.678557,-0.665236,1.795949,-2.702183,1.135707,1.717010,0.731220,2.452948,-0.460435,2.123140,0.532075,1.178188,0.447231,-0.174378,0.369558,-0.235518,-0.081030,-0.515141,1.085746
2691,0,-1.928001,-1.934371,0.515084,-1.421265,1.723753,-0.699452,2.064147,0.918090,0.614581,1.268285,0.603934,0.340871,0.130811,1.005005,0.437566,0.024226,1.213200,-0.644960,0.123146,0.587592,-1.499901,0.138782,-0.678808,0.907368,-0.419382,-0.317452,0.054321,0.503100,0.531200,0.386335,-0.824999,-0.925057
2692,3,3.102041,0.631802,0.677154,2.234143,0.089983,0.224621,-0.395385,-0.171350,-0.277669,0.998819,-0.616472,-0.642555,-0.463978,1.461341,-1.403779,-0.653166,-0.730802,0.231896,0.765975,-1.187763,0.563928,0.930273,-2.037911,1.000394,0.627702,-1.065270,-0.229991,0.759120,-0.190891,-0.868362,1.058410,-0.715132
2693,3,-1.945136,1.066955,-0.235528,1.369958,-0.203091,-0.134837,-0.629337,1.217519,3.137224,-2.461500,0.932615,-0.050509,-1.053783,-2.336925,0.422280,-0.976742,1.210417,0.333156,-1.185214,-0.471119,-0.057272,-1.089567,-2.429295,0.039842,1.794817,0.353872,1.062675,2.239035,1.681272,-0.479442,0.341411,1.427442
2694,0,0.105700,-0.173215,0.901894,-1.699299,-0.139402,0.261013,-1.566362,0.215923,0.150679,-0.434809,-0.103941,0.831381,0.418276,0.561128,-0.154348,-0.811518,0.762975,-0.474665,0.068548,-1.850339,0.435265,-1.562130,-1.778818,1.365318,-1.441946,0.843233,-1.254137,0.397921,0.737850,0.267831,-1.931832,0.207789
2695,1,1.047926,0.278165,0.994725,1.642900,-0.741029,-0.372096,-0.560499,-0.475312,0.430319,-0.144921,1.951684,0.444720,-0.816973,0.244193,-0.035101,1.618370,-0.147094,1.322022,1.223319,-0.251085,1.976167,-2.233848,0.382902,-0.789863,0.578405,-1.798596,-0.011218,1.674732,-1.181157,0.687779,-0.416256,0.416950
2696,3,-2.317067,-0.384721,0.440703,0.362998,-2.077558,-0.353880,-1.060519,-1.237460,0.304999,0.748745,-1.238959,-0.102953,0.627853,-0.128939,0.103935,-0.741540,0.583234,0.546969,1.650374,-1.026510,0.683453,-0.956922,0.716862,-0.463653,-1.162385,-0.400039,1.276465,-0.201172,-0.248807,-1.193099,-1.647342,-0.634177
2697,2,2.113244,0.435215,2.071051,-0.459531,0.452831,1.301759,-0.165745,0.754389,-0.963105,0.678178,-0.059312,0.505048,-0.088945,-0.846101,-0.397156,-0.519235,0.051908,0.716385,-0.075640,0.525132,-0.156383,-0.181796,1.207072,1.054923,-1.019393,-0.688055,0.070254,0.062434,0.126777,0.720924,-0.953697,-0.556243
2698,0,0.006849,0.155186,-1.147477,0.055093,1.147562,-0.603671,0.594493,0.527891,-0.262710,0.703702,1.649216,0.289572,0.881900,-1.113291,-0.333280,0.205581,-0.015709,-0.200593,2.007219,-0.005575,-2.088872,0.202976,0.460667,0.012706,1.136615,-1.804550,-1.024848,-0.656512,-0.261510,-0.387800,0.230237,2.480065
2699,0,-0.331160,-0.458158,-1.457867,1.734642,1.221164,-2.362417,-0.325617,0.923277,1.462664,-1.014999,-0.131682,0.227386,1.234147,-1.862932,-0.400593,-0.915965,-0.019148,-0.113659,-0.804813,-1.841089,-2.550243,-1.538094,0.888793,0.949420,1.132162,-0.298038,-0.120645,-1.277431,1.236960,-1.068794,0.395787,-0.835776
2700,0,0.321272,-0.577181,-1.146146,-1.813496,-1.882284,-1.485745,-0.214156,-1.144566,-1.161279,-0.977065,1.270514,-0.614479,-1.212955,1.371138,0.326769,-0.969212,-1.308400,-0.349683,-0.442484,1.736686,-0.130243,-0.420073,-0.876849,0.311459,-0.135022,0.883881,-1.525413,0.496665,0.747873,-0.516701,0.732175,-0.640851
2701,2,-0.305095,0.045604,0.716622,0.230600,-1.838549,2.034496,2.147731,1.279311,-0.551797,-1.001791,0.565105,1.801141,0.414095,0.828872,0.068047,-1.946915,0.134632,1.642906,1.574756,-1.675998,-1.524992,0.673862,-1.798488,0.179296,-0.139629,0.134142,0.282879,-1.349978,0.950853,-0.531673,-0.211720,0.075288
2702,3,0.510838,-0.396059,0.236891,0.479885,-0.461771,0.363261,0.954141,1.859592,0.139433,0.716878,-0.157257,0.591133,0.587301,0.279985,0.684819,1.126568,-1.198803,2.073186,0.946201,-0.678081,0.287212,1.243518,1.190764,-0.352688,-0.329537,0.243410,-0.273464,1.405882,1.409448,-0.487766,0.291938,1.131905
2703,0,0.913130,-0.004526,-1.062829,1.493178,-0.798058,0.881244,-0.127098,-0.920284,-0.474669,-1.275379,-0.685222,-0.655615,-1.486087,-0.509252,-1.467776,0.269606,-1.092387,0.756852,0.893760,-1.232684,-0.766914,-0.544047,-0.925819,0.060032,2.209977,-0.724744,0.138188,-0.223392,0.764083,1.477537,0.736811,0.823443
2704,1,-0.135691,0.263730,0.905449,0.804591,0.788590,0.359343,-0.357005,1.026578,1.173429,0.074679,-0.076623,0.540590,-0.090945,0.943571,-1.314911,-0.341884,0.116735,-0.197449,-2.256916,-0.419929,1.486793,0.196458,0.383295,0.581470,-0.436825,1.329162,0.096722,0.974479,2.610555,2.371403,0.146122,-0.790481
2705,0,-0.663894,-1.323805,-0.436541,0.460039,1.154695,2.801067,2.121902,-1.598270,1.812785,-0.573695,0.954488,0.402568,1.402073,-1.350374,-0.614854,-0.149254,-0.713498,-0.670219,-0.794690,-1.340503,-0.221422,-0.250918,0.657505,-0.880361,0.401788,-0.635653,0.061180,0.417661,1.631974,-0.334986,0.999826,0.473035
2706,2,-0.003009,-0.590097,-0.536632,0.309908,-1.959253,-0.147462,0.411854,0.255023,0.751981,0.388885,0.727653,0.764764,0.012590,-0.199747,-0.741912,-1.108180,-0.913107,0.866544,1.500253,-1.059492,1.007065,-1.169504,-1.181345,1.050241,0.215620,-1.319372,-0.032927,1.092967,0.099011,-2.041883,-0.234787,-0.558449
2707,1,0.512198,0.209263,-0.262881,-1.022642,0.074633,0.943826,-1.226061,0.360688,-0.345070,0.983336,0.061604,0.808885,-0.980324,-0.482158,-0.327898,0.129048,0.685968,0.854699,-0.258889,1.295205,-0.196875,0.071747,-1.623453,-0.832210,-0.301327,1.299446,-1.701962,-0.459795,0.565088,-0.421286,-1.196365,0.769179
2708,0,-2.008560,0.464230,-0.236830,1.080476,0.472334,-1.413058,-1.883608,-0.499149,1.276912,-1.630404,-0.858262,0.776985,0.475519,0.200766,1.760343,-1.492861,-1.947680,-0.018129,-1.059301,0.223524,1.109774,-0.484447,-0.888432,1.218783,0.061939,1.752221,0.990773,-0.061675,-1.121742,-0.287440,-0.510324,-0.392681
2709,2,-0.572530,-0.254519,-0.588568,-0.336280,-3.022440,-0.635125,0.427973,1.959025,0.077440,1.113732,-1.713563,0.820707,0.970270,-0.855500,2.697408,0.148122,-0.719040,0.408279,0.793908,0.439415,0.671896,0.643523,-0.467419,-0.067165,-0.546051,-1.145756,0.716606,1.167156,0.432259,1.758402,-0.100608,1.038587
2710,3,-0.556937,-0.329252,1.037056,1.207182,1.980092,0.870914,-0.068767,-0.326760,0.836567,1.611737,-0.299791,3.773211,-0.220037,0.264775,0.139318,-1.038719,-0.216411,0.400006,1.312085,1.504492,-1.010467,-0.186603,-0.404199,0.404511,0.418524,0.326237,0.425895,-0.573165,1.515377,0.030882,-0.266295,2.072902
2711,0,2.532343,-0.516053,-0.503381,0.035348,1.252309,-0.463374,-0.719432,0.467370,-0.061137,-0.620280,1.136659,0.292058,0.189568,-0.745704,-0.199424,0.492421,-0.637210,-1.108894,-1.472356,1.447232,0.110544,-0.674914,-0.736851,2.325596,-1.568160,-0.464848,0.121790,-0.841843,0.066653,0.189549,0.117216,0.828325
2712,0,1.315807,0.622328,-0.882635,-0.355801,0.692616,-0.380758,-1.157315,0.973446,0.814414,0.616889,0.101259,0.047335,0.163463,-1.139957,0.790090,1.718947,-0.120834,-0.278633,-1.094290,0.896765,-1.480279,0.224429,-0.342228,1.773092,0.119980,-1.209601,0.075670,-0.234856,0.392704,-0.421248,0.959932,-0.916157
2713,1,-0.350189,0.015247,0.271835,-0.412286,-0.079493,0.848181,-0.044359,-1.955551,0.703193,0.525164,1.513960,-0.832639,-0.826451,0.232099,0.484290,1.404451,-1.597756,-0.370202,1.458211,1.780907,0.566532,-0.500348,0.318989,-0.740319,0.783139,1.491343,1.794690,-0.367142,-0.569474,0.894477,-1.334384,-0.240923
2714,0,0.965838,-0.707967,-0.433765,0.899500,-0.342681,0.640136,-0.562694,1.580443,-0.587566,-1.325791,-0.143341,-0.542747,-0.110194,0.384868,1.310606,-0.573056,0.538628,-0.576309,-1.801412,-0.528532,1.325363,1.415064,1.378400,0.709030,-1.582527,0.725274,1.819327,-0.117169,-0.717167,-0.092809,0.246579,0.297046
2715,3,1.501783,0.631786,-0.156550,-1.034018,-1.638562,0.784499,-0.432503,-0.003413,-0.590656,-0.599015,0.670748,1.788059,-0.805793,-0.686893,0.177468,0.230705,0.093958,-0.237404,-2.152244,-1.154630,-0.813187,1.276290,0.904515,0.025506,0.162245,-1.324573,-0.266550,-1.096382,2.188983,1.909929,0.944777,-0.914206
2716,2,1.895925,0.857001,0.149983,-1.497884,0.994339,-0.089943,-0.160149,-0.764275,-0.467983,-0.719571,0.655223,0.256321,-0.276279,0.605999,1.175396,1.621550,-1.764606,1.271448,0.430811,1.562186,1.434139,-0.257061,-0.322761,-1.660217,0.328995,-1.117808,-0.085173,1.416429,0.016049,0.181884,-0.386593,2.005287
2717,2,-1.261968,0.946778,1.227760,-0.559073,-0.064764,1.169777,0.880726,-0.051900,0.585966,-0.104306,3.595529,1.639224,-0.887385,-1.728846,1.005226,1.014700,0.890275,0.748010,1.359042,0.801314,0.661243,0.312471,0.610830,-1.113274,0.734967,0.222103,0.754710,0.515176,-1.396449,-0.313467,1.472535,0.160128
2718,1,0.422138,-1.326881,0.073885,-0.574791,0.225651,0.325947,-0.469652,-0.939785,-1.233473,-1.061148,0.040173,-1.671821,-0.719099,1.094898,0.271069,0.965263,-1.320282,-1.718467,-1.429340,0.531117,-1.601521,0.672621,0.511340,-0.175800,0.658213,-2.435991,0.134280,-0.572565,1.020034,-1.023100,-1.266525,2.850889
2719,1,1.992263,0.785759,0.537459,-0.267168,0.437234,2.011735,0.283287,-0.054434,2.339871,0.281891,-1.240393,0.375320,-0.440998,0.585132,0.419449,0.388495,0.081368,0.513687,-0.424746,1.763782,1.187171,-0.543728,-0.821614,-0.793783,-0.139176,-0.302746,0.232025,0.348146,0.271934,-0.214798,-1.446296,-0.447614
2720,0,0.703775,-0.851470,0.384943,0.535114,-0.838795,-0.160042,0.526259,-0.937638,-0.921317,-0.509150,1.133894,-0.780395,1.010131,-0.832001,-0.400689,2.122156,0.038177,-1.101417,-0.578471,-1.469156,-0.304732,1.118970,0.051194,1.288581,0.582509,0.208262,-0.412098,-0.155119,0.165576,-0.690560,0.905789,-1.293558
2721,1,0.171462,-0.015564,-0.640879,0.342034,-0.639535,0.171730,-0.290076,-0.548061,-0.371422,-0.416457,-0.217916,0.709960,0.343854,-0.278716,0.633806,0.650087,-0.890108,-0.251677,-0.824233,0.247251,1.061079,0.053020,2.283124,-1.147019,-0.950452,0.635605,0.824038,0.310980,-0.152937,1.384948,-1.066255,0.000926
2722,2,-1.307371,-0.865585,0.731254,1.112766,1.001200,-0.742236,-0.085445,1.525964,0.763467,-1.564202,1.843082,-1.997356,0.471563,-0.018410,1.234772,-0.923486,-1.048074,-1.697036,-1.225386,-0.000500,1.257421,-0.481424,-0.817010,2.122204,0.782820,-0.727662,0.156491,-0.124915,-1.933353,-1.025088,1.681904,-1.038856
2723,3,-0.934283,-0.111734,-1.567092,0.719430,0.061516,-0.223454,0.936623,0.794437,0.403451,-2.361055,-2.064312,0.013036,0.827114,0.956087,1.257122,1.624206,0.340601,0.592299,0.058034,0.812183,-0.284844,0.686334,1.168900,0.508581,-0.138835,0.183646,0.455849,-0.848557,0.152122,2.163934,-0.741060,-0.534795
2724,3,-2.157341,0.228653,-1.295141,-0.502652,0.299862,-0.262224,-1.211169,0.037183,0.709338,-0.105591,-0.971205,-1.140415,0.073243,0.615423,-0.140753,0.558074,-0.475601,-1.394898,-1.361889,0.284495,-1.954848,-0.511210,1.536225,-0.632108,-0.249078,-0.024529,-0.323217,1.643770,-0.779359,0.758840,0.016432,-2.021333
2725,1,-1.201378,-0.329281,0.174025,-2.381879,-0.716911,-1.756092,-0.616406,-0.008647,-1.111366,-0.483542,0.156734,-0.466084,-2.407579,0.067558,1.286604,-0.357986,-0.382685,-0.319338,0.958144,1.592111,0.226996,0.343130,0.851932,-1.283478,1.125894,0.276493,-0.888625,0.210364,-0.328767,1.122924,1.257025,0.302588
2726,3,-1.211944,-1.245839,-0.329733,-0.634813,0.842685,0.391391,0.202788,-1.459237,0.662035,0.013516,0.359359,1.051954,-0.300683,-0.552345,0.401149,-1.180588,-0.627677,0.385047,1.031626,1.196592,0.083630,1.457678,-0.422006,0.827151,0.437434,-0.789304,-0.151510,0.024162,1.890383,-0.291875,0.721848,1.203870
2727,0,-0.912599,-1.070241,1.054616,-0.767415,1.110605,-0.814336,0.186133,-1.149893,1.264242,-0.316878,-0.113017,-2.019047,0.666903,-0.525298,0.352657,0.382495,-0.277451,-0.663272,-3.014435,1.599193,-0.649203,-0.705451,0.815537,-0.567997,-0.708347,-0.773278,-0.394198,0.683324,0.504903,-0.095404,-0.579051,-1.019465
2728,2,0.475941,-0.903977,-0.520394,-0.263231,-2.211576,0.111869,1.994155,0.097763,2.461219,-1.032814,-1.929077,0.284582,-0.951931,-1.415132,0.153891,-0.045760,-3.014727,0.702896,-1.933071,0.474510,0.017239,-2.410079,-1.601317,1.523298,0.231948,1.027287,-1.951892,0.383244,1.298129,0.852112,0.668712,-1.080277
2729,3,0.513943,-0.036893,-0.998494,-0.583768,-0.295597,1.039983,0.336204,0.346737,0.285611,0.276053,0.879316,1.784019,-0.443502,-1.284152,0.811213,0.910667,-0.759714,0.847481,-0.081541,1.679828,0.577672,1.306039,0.204701,-0.621890,1.101633,-1.377849,-0.228565,-2.297799,-1.762108,-0.087980,-0.865591,0.318514
2730,2,0.418954,-0.542854,1.202016,0.054879,-1.016902,2.486986,-0.992055,-0.164803,0.564479,1.149212,-0.926698,-1.316048,0.337560,0.390729,1.004611,-0.187264,-1.806224,-1.973763,-0.013244,-0.103706,-1.281256,-0.177097,-0.231927,-1.052040,0.551664,-0.810785,1.014802,-0.530059,0.415385,0.276872,-0.449353,-1.412459
2731,3,-1.607646,-1.486616,1.878477,0.305322,0.833123,-0.443739,0.213864,0.523610,0.509799,0.705729,-1.870530,0.559728,1.515879,-2.232775,1.460345,0.940432,1.066394,0.983786,-2.095819,1.235839,0.879402,0.971763,-0.240181,-0.345673,0.421493,0.402265,0.310755,-1.669457,0.894853,0.599426,0.183317,1.224661
2732,1,0.827541,0.662026,-0.992661,-0.295234,-1.673519,-0.127961,0.655636,0.026763,0.391049,-0.712485,-0.236051,-1.323390,-0.894716,-0.054920,1.101894,-0.728266,1.188136,0.215020,0.086976,-0.101094,-0.068014,2.138322,-0.259632,0.807788,1.108982,0.523833,-0.280516,-0.067283,-0.018787,-1.322364,-0.199894,-0.331099
2733,3,0.150525,0.092347,-0.971758,1.266303,0.789654,-0.051460,-0.696791,2.102911,-0.253723,0.949497,-0.075526,-0.823205,0.122272,0.821216,0.171419,1.361382,-0.043474,-0.111661,0.386234,-0.600975,-1.388491,-0.579528,-0.345403,-1.584547,2.313332,0.112006,0.172819,-1.036852,0.583758,1.576135,0.309536,0.463754
2734,2,0.207537,-1.264792,-0.213881,1.821909,0.072246,-0.557069,0.319568,0.708640,0.790877,0.533051,-0.218108,-0.899383,-1.790794,-0.561251,-1.194218,0.508981,0.641137,0.651622,-2.367621,2.943507,-0.212957,-0.112464,-0.251732,0.287972,-0.019421,0.190917,0.735852,-1.251241,0.119161,-1.302765,1.651339,-0.943096
2735,1,1.305245,1.381910,-1.171594,0.447623,-0.216875,0.585409,0.015217,1.151251,-1.599773,1.376206,0.397322,1.636407,-0.138465,-0.653191,-0.466164,0.040194,0.672455,-1.683788,1.345575,0.808508,0.735046,-1.947391,0.195553,-0.016862,-0.070694,-0.951389,-0.427314,0.727164,-0.147636,0.417896,-2.181558,1.177193
2736,2,-1.049957,-0.328516,1.930682,0.510102,-1.011148,-1.228028,1.399887,-0.455073,-0.479978,2.524043,0.925812,-1.021251,0.477322,-2.350230,2.016826,1.275018,-0.996504,-0.013902,-0.092872,-1.140039,0.990816,-0.111971,-0.500189,0.835823,-0.857526,-0.380606,1.938992,0.072551,-0.771653,0.010302,-2.190268,-0.069116
2737,0,0.244581,1.478885,0.589975,0.384977,0.401158,-0.001891,0.150079,0.443045,0.320625,-0.333420,0.033246,1.535660,-2.868239,-1.106621,-1.409522,-0.730531,0.685454,-0.008329,-1.595486,-0.496110,1.166996,0.243660,0.954502,-1.207105,0.644244,0.185035,-0.819399,0.727758,0.180970,-1.006967,1.260425,0.686578
2738,0,0.458524,0.533705,-1.247221,1.392866,0.104807,-0.346821,-1.689048,0.523165,-0.584441,-0.518266,0.306937,-1.119792,0.316591,-0.405664,-0.370484,-0.219629,-0.399944,-0.809704,1.333297,-0.451520,-1.420601,0.903358,-0.217484,1.437171,-0.753075,2.341137,-1.057736,1.852450,0.760079,-1.046542,0.305648,-0.509495
2739,2,0.285706,0.397979,-0.194625,-0.446697,0.778849,0.630330,0.515993,-0.673980,0.439587,-0.992660,1.917812,0.923965,-0.547262,1.577639,-0.457205,-1.598802,-1.155005,0.805781,-0.268930,0.123947,1.585431,0.479648,-0.516677,-1.233311,-0.982973,0.313982,-0.027994,-0.445659,1.622844,-0.312203,-0.331842,-0.371834
2740,3,0.130670,-0.964848,0.428850,2.425032,-0.713792,1.121695,1.385095,0.664624,0.421531,-1.641868,-0.076237,-1.332034,0.061349,1.064669,-0.325060,-0.300109,1.467770,-0.013147,1.276560,0.111951,0.581445,-0.824400,0.323104,-0.778437,0.796665,0.744447,-0.977050,0.767277,-0.182143,1.568128,-1.050038,1.308431
2741,3,1.062536,-0.527881,0.758674,0.269437,0.738941,-0.432023,-0.778013,-1.655583,-0.439652,0.927376,-0.849191,-1.791704,-1.066280,-0.513363,1.043549,-0.768114,1.252885,0.386536,-0.177557,-1.142205,0.314276,-0.651088,-1.501654,1.279125,0.924428,0.961218,-0.619976,0.811436,1.032804,-0.122832,0.674242,-0.774246
2742,1,-1.051248,0.224285,-2.183669,-0.139919,1.093416,2.266874,0.435890,-2.350494,-0.221842,0.408170,-0.521185,0.094257,-0.235737,1.958965,0.299146,1.031409,1.240783,-0.310824,1.474739,-1.018883,-0.754823,-0.336459,-1.146654,-0.980048,-0.820825,-1.809397,1.815998,0.777219,-0.302798,-0.725312,-0.718551,-2.779172
2743,3,0.145767,1.585909,-0.916387,-0.483120,-1.218122,-1.991627,2.143454,1.007930,-0.031605,0.246371,-0.690493,0.078852,-0.115968,-0.140134,-1.364493,-0.891238,-2.458503,-1.169146,1.194757,-1.220289,0.256216,-0.112654,-0.159495,0.853678,-1.935635,-0.328067,0.072367,1.223845,-2.407320,1.737794,-2.478930,-0.175144
2744,1,1.623821,-0.587989,1.874544,0.903713,0.310915,0.675543,-0.625049,-0.433436,-1.022968,-1.741918,0.083025,-0.335371,0.234946,2.228304,0.333507,-0.122975,0.164054,-1.635870,-0.008451,0.416306,0.232676,-1.501680,1.367357,-0.735535,1.778126,1.066923,0.109385,0.258695,-1.118991,-0.798965,-0.787842,0.333005
2745,0,1.328453,-0.527571,-0.375785,1.660239,-1.800844,0.843470,0.207121,-0.560832,2.113201,1.333108,1.128024,1.267980,-3.243032,-0.059426,-0.163080,-1.105834,2.365235,-0.343435,1.312503,1.649348,-1.479077,-1.234916,-1.648079,-1.066466,-2.062780,-0.387918,0.564683,0.212227,0.795040,-1.915869,0.646071,1.167066
2746,0,-1.494359,-1.278755,-0.476791,1.503837,-0.002126,-1.320363,-0.441571,0.728710,-1.449672,2.239473,-1.185034,-1.079504,0.537926,-0.330963,1.948592,-0.436926,0.452713,-0.084550,0.652295,0.460081,-0.871596,0.674026,0.761950,-1.008631,-0.630724,-0.821319,-0.887358,-0.603548,-0.489011,1.180220,-0.625503,2.151393
2747,3,0.509492,-0.408448,0.006436,-1.446455,-0.470258,-1.069247,-1.188139,1.182737,-0.417713,-0.440238,-0.576709,-0.660851,0.857218,0.817880,-0.412811,0.217173,0.673191,0.586318,0.766504,-0.654421,-0.369013,-0.105601,-2.368820,0.653075,-0.546750,-1.856996,0.288953,0.058496,0.476933,1.100986,-1.590983,0.481642
2748,0,-0.857760,0.938046,1.048178,0.356314,0.979399,-0.172014,-1.270488,1.657477,1.096761,0.519884,0.349897,-1.653056,0.147723,0.230835,-2.606587,-1.501879,1.432654,-0.118141,1.333299,0.441672,-1.126718,0.342331,-0.122726,0.844560,0.724301,-0.930144,0.951944,-2.129455,0.858418,1.179331,2.689385,-0.734316
2749,1,1.190777,0.254741,0.274657,-0.806187,0.250710,1.023796,0.181543,0.386988,-0.041860,0.862717,-2.394827,0.222970,0.602354,-0.375652,-0.967089,0.304461,-1.770341,1.185322,-1.593061,-0.278049,-1.122429,0.201116,-0.683443,-0.348140,-0.541928,0.127564,-1.398206,-0.132223,0.390845,0.418370,1.088329,-0.804205
2750,1,-0.528216,0.179213,-0.197344,-1.570376,0.283919,0.290476,-1.932820,-1.303735,0.597726,-0.072751,1.410221,-1.087699,1.674777,-0.257001,-1.407749,1.011888,-0.093431,0.984863,0.143568,2.184963,-0.694777,0.192538,0.633022,-1.128787,0.084994,-0.353307,0.362877,-0.161853,-2.575002,-0.778211,0.223427,0.328977
2751,2,1.585494,-0.311602,-0.600515,2.792600,-0.288688,-1.966916,-0.594046,0.982246,-0.673226,-0.716656,-0.540592,-0.450841,0.406384,-0.526264,0.293485,0.361417,0.053911,-0.626134,-0.052175,-0.083674,-0.795944,-1.513293,0.056164,1.241282,-1.199960,1.136485,-0.251428,-1.416795,-0.191388,0.504587,-1.330203,0.291453
2752,2,-0.233503,0.075760,0.968835,0.515212,-0.730657,-0.606048,-0.497416,-1.157749,-1.059593,-1.396567,0.631766,1.713461,-0.043657,0.752813,0.729857,1.516001,-1.594714,0.957576,-0.226346,-0.406653,-0.373476,1.393095,-0.680168,0.678752,0.123527,0.489714,0.535074,-1.192336,-0.651312,-1.266983,-1.760091,-1.203534
2753,3,-0.425806,1.263672,0.290090,1.636029,0.117240,-0.734493,1.656505,0.589331,0.234457,0.120151,0.053913,-0.545136,-1.477966,-1.545567,2.359802,0.524988,1.056558,0.760887,0.155018,2.164144,-1.043048,0.412108,0.561445,-0.083354,1.304672,0.018697,0.731105,0.867430,0.344794,-0.002373,0.234637,-1.524423
2754,2,-0.610234,0.222256,0.501236,-0.445508,0.205560,-1.864988,0.044840,0.131356,0.359226,-1.611699,2.190041,0.313034,1.242310,1.156742,1.085588,-0.836730,0.393078,-1.287537,0.524092,-0.199362,0.205036,1.773769,-0.690575,0.518862,0.122519,0.026446,-1.358821,-0.292659,-1.258003,1.417236,0.266261,-0.122881
2755,1,-0.894148,0.417007,0.115784,-0.422069,-0.766159,0.424569,-0.159744,-1.131236,-0.800836,-0.790024,-0.018176,2.953063,-1.132835,0.979898,0.717258,0.474090,0.159429,0.432879,-1.863082,0.624941,-0.344676,2.085806,-0.501847,1.075723,1.386215,1.432934,0.198540,-0.733897,-0.065972,-0.819685,-1.148098,1.388541
2756,0,0.949581,-0.308895,0.945179,0.927261,0.285968,1.076078,0.422813,-0.040940,1.314991,-0.894023,-1.368613,-1.772698,0.229172,0.052262,0.637277,-1.621048,-0.623397,-0.039800,-1.613921,-1.028941,0.787900,-2.468464,0.944789,-1.395688,-0.610737,0.701118,-0.628724,-0.328122,-0.212147,0.295430,2.038615,-0.454435
2757,3,-0.946197,-0.417142,1.416677,-1.109657,0.512987,-0.148933,1.460359,0.621237,1.295041,0.523614,-1.162920,0.087781,1.180861,2.444366,-0.130440,-0.242679,-0.015603,-0.624249,-0.296509,2.355030,-0.826113,-0.802078,-0.929951,0.881314,-1.503620,-0.315334,-0.415856,1.721089,-0.470204,-0.888749,1.351023,1.249137
2758,3,1.956960,-2.013130,-0.052534,1.104537,-0.577766,-0.493703,0.316956,-1.178585,-0.955467,-0.549324,-0.298020,0.154612,2.333038,-0.085828,-0.489010,-0.423489,0.261951,-1.660914,-0.626845,-1.000693,0.868364,-0.335327,1.315333,0.699669,-0.353280,0.205306,-0.628613,-0.261581,-0.424049,1.647270,0.812517,-0.773173
2759,0,0.965419,-1.110487,-0.958920,-3.715682,0.853424,0.032882,-1.983682,0.542437,0.596670,-0.802756,0.181441,-0.536317,-0.143430,0.041719,-0.165453,0.679518,0.739150,0.105102,-0.755879,-0.679798,1.471820,2.005028,-0.359571,-0.382916,2.156865,-0.535736,-0.341586,0.469691,0.150811,0.319243,0.713739,-0.202894
2760,0,0.767644,-0.199083,-1.040852,-1.414473,0.702401,-1.157397,0.330961,-1.448847,-0.000197,0.663366,0.200080,-0.165373,0.247814,-0.059768,0.012880,-0.269554,0.014871,0.295245,0.724138,-1.334864,-0.275770,0.985323,0.907253,1.129443,0.120274,0.736874,-0.188830,1.724340,0.075332,1.232047,-0.246925,-0.408398
2761,0,0.680179,-0.772036,0.702583,0.788888,0.682429,0.509152,-1.999328,-1.078114,-0.669500,-0.675087,-0.434070,1.790229,0.535805,-0.066661,-1.022094,0.960009,-0.442530,-0.654082,1.804563,0.718668,-1.613978,1.102069,2.587554,0.035127,-0.271890,0.664040,0.169684,-1.042898,0.484697,1.335329,0.230369,0.940624
2762,0,1.064179,1.250093,0.486148,1.224881,0.075520,0.887005,-0.285877,0.554474,0.143497,-0.679325,1.520314,0.332845,0.321401,1.524969,1.434923,-0.498806,-0.682044,1.273953,-0.437156,-0.906725,1.195214,-0.634240,0.694011,-1.197458,-0.828600,0.291778,0.024229,1.165152,1.117075,-0.733539,-0.665178,-0.492603
2763,1,-0.877096,-0.185024,-0.742589,1.288276,-0.994058,-0.631042,-0.474208,0.240955,0.220868,-0.599628,1.482223,0.712615,-1.512195,-0.363445,-0.633147,1.280042,0.164254,-0.601647,0.697672,0.139658,1.128488,-0.714621,1.653696,-0.307357,-0.229998,-1.592367,-0.306959,0.030544,2.342706,0.685558,-0.848734,-1.006324
2764,1,0.899929,1.964856,0.354672,-0.425753,1.008831,0.795349,-0.795853,-0.031487,-0.057645,1.257225,0.057516,-0.688659,0.321470,0.705349,-0.967771,-0.045417,-0.677473,-0.866302,-1.640131,-1.868536,-0.004218,0.619633,-1.150485,-1.563526,-1.320070,-2.597477,1.153590,-0.710091,-0.271381,0.055445,-0.055423,-0.135729
2765,2,1.312401,0.139592,-0.690766,-0.555377,0.243081,0.848639,0.733689,0.069523,-1.905334,-1.645515,-1.046493,1.164490,1.380347,-1.178962,-0.395418,-0.328526,-1.101280,1.038685,0.413260,0.355350,0.155793,-1.693410,1.108414,-0.493556,-0.700418,-0.850450,-0.141757,-0.184100,0.720275,1.061930,-0.768477,1.963796
2766,0,0.008482,-1.011648,2.214483,-0.443835,0.181011,-1.863000,0.874876,0.180550,2.022833,-0.388792,-1.754837,-0.922129,0.176488,2.590597,0.371807,0.515177,0.925111,-0.397003,-0.213125,0.154805,-0.123952,1.321565,0.108053,0.122878,-0.114802,0.945822,-0.240382,-0.300375,0.157566,0.493397,-0.072598,-0.391390
2767,3,1.271471,-0.469559,0.304051,-0.909415,0.243670,-0.947736,-1.538143,0.447216,0.787635,0.665880,1.603769,0.166657,0.871988,0.180758,0.214927,0.454346,1.152943,-1.947580,0.327828,0.659435,-0.494165,0.647127,-0.456134,-2.249409,0.584665,-1.758496,-1.752491,-0.047345,-0.081947,1.657001,-0.663486,-1.406491
2768,0,-0.063787,-1.236930,0.138463,0.712109,-0.134565,-0.622336,-1.064415,0.171934,-0.817918,1.094005,1.104854,-0.331814,0.021308,1.007382,0.543998,1.839952,0.176667,-1.871608,0.370099,-0.932693,0.784791,-0.157848,0.005056,0.147351,-1.262505,-0.463798,0.501609,-1.230803,1.275729,0.593811,1.026541,1.313051
2769,3,1.716853,0.098425,0.966587,0.566201,-0.255097,0.916767,2.040577,1.102831,1.300261,1.466704,-0.685985,-0.146631,-1.215020,0.826412,-0.695785,-0.556242,1.581438,0.803684,0.660018,0.391895,0.952762,-0.117234,-0.024603,0.605846,-0.475521,0.346607,-0.688078,0.310379,-1.334871,-0.611680,-0.991345,-1.734823
2770,1,0.969130,0.766789,1.106648,-1.303697,3.961450,1.611425,0.996751,-0.511969,-0.180063,1.466043,-0.053660,-0.755350,0.284120,0.508394,-0.380363,0.916623,1.720232,-1.183982,-1.422964,1.451959,-0.524848,-0.222416,0.530244,1.152514,-2.209021,-0.681677,0.611817,-0.002002,-0.955995,-0.058184,0.630483,-0.043514
2771,3,0.606119,0.203414,-0.475004,2.860313,0.322568,-0.149114,-0.721967,0.674123,0.310079,1.026912,-1.325560,-1.608936,0.692869,-2.021437,-0.178624,0.149747,1.464209,0.399178,1.830907,1.124665,-0.658681,0.209064,-1.083769,0.297393,0.416921,1.010925,-1.597005,-0.114343,0.385106,-0.822270,-1.182855,0.440969
2772,0,1.046174,-0.391410,1.964385,-1.902113,0.767362,-1.075649,-0.642480,-0.974832,-0.242311,0.546077,-1.389328,1.116397,0.299974,-0.224258,-1.119763,-0.401313,-1.106381,0.010979,-2.027391,-0.645050,-2.206907,-0.203778,-0.342956,1.282204,0.013262,0.630996,-1.082095,-0.146546,1.848104,0.497681,2.246722,1.354244
2773,1,-1.546938,-0.914248,1.303110,0.315263,0.529250,-0.257192,-1.000039,0.466631,-0.928137,0.007865,0.449126,3.000162,0.415164,1.926338,-0.498798,0.173836,0.627868,-1.375387,0.360894,0.040649,-0.857897,-0.019106,0.291014,1.415225,-0.117077,-0.076533,0.484108,-1.651326,0.324609,0.512074,0.750292,0.343996
2774,2,-0.245177,0.205013,-0.625985,0.595545,1.990187,2.241818,-0.597728,-0.428787,-0.653357,0.020746,-1.851946,0.508602,1.991742,0.479292,-0.898882,-0.989409,0.142529,1.282921,1.175056,-1.463702,0.482757,0.773690,0.834919,0.726781,0.542079,-0.225375,-0.056690,1.327414,-1.239800,1.098724,-0.174209,-0.988642
2775,1,0.880747,0.921564,-1.311658,2.286788,-0.267899,-1.329075,-0.036564,-0.157136,0.576018,-0.101400,-0.410580,-2.008235,0.779095,-0.970777,0.108986,-0.554814,1.330486,-1.965504,-0.487482,0.980627,-2.499393,-1.983181,-0.197626,0.998800,0.541025,-0.720321,-0.531881,0.225487,-0.170279,1.970357,1.634643,0.990594
2776,0,1.198447,0.943275,1.442836,-0.868413,0.040284,-0.963186,-0.876891,-0.631968,-0.347870,0.588425,-0.856825,-0.853538,0.657310,-0.221095,0.577045,0.210387,-0.301489,1.416707,-0.004930,-0.430543,-0.174008,-0.283036,0.360750,-0.426468,0.811380,-1.273568,1.227302,0.165096,0.453626,0.310114,-1.532041,-2.144560
2777,2,1.001867,1.343992,0.736693,-0.736058,-0.457974,0.234035,-0.675826,0.335213,-1.269282,-1.777795,-0.406512,0.175509,0.614909,-0.233676,-1.039571,1.707129,0.487576,-0.276981,-0.029936,-1.476388,-0.867967,0.150559,-0.100640,0.800180,0.201151,-0.010913,-0.770896,-0.793733,-1.145803,-0.485843,0.878723,0.066438
2778,3,-0.153193,2.029441,-1.148595,-0.239080,1.585825,-0.624195,-0.955668,-0.451429,0.215470,1.701721,1.672835,-0.727103,1.301664,-0.279502,0.083587,-0.867292,-1.334249,-1.305023,-1.086043,-1.209803,0.927083,1.274598,-0.123670,2.050858,0.743948,-0.503922,1.449793,0.864936,-0.953198,0.293074,1.144382,0.442579
2779,2,0.279211,-2.792368,0.561839,-0.388575,-0.376783,0.311820,-0.289429,-2.023615,-0.925656,0.921575,-1.384953,-0.152623,-0.451473,0.819225,-1.105003,-0.441008,-0.424348,0.111485,1.772592,0.170421,-0.079952,0.256361,1.484995,-0.881685,0.807672,1.493562,1.372293,-0.521038,-1.171565,1.601673,-0.414858,-0.812111
2780,2,0.005408,-0.094255,1.414514,-0.379489,-1.003922,0.931293,-0.761261,-0.771990,0.278861,0.898833,-0.229576,0.636578,-1.060971,-0.779538,-0.810278,-0.557203,0.088932,-1.543216,-1.812957,0.272205,1.066655,-0.350225,-1.032212,0.804453,-0.546133,-1.228734,-0.126378,-1.091214,0.309029,0.771428,-1.148825,-1.155805
2781,3,-2.044983,1.704278,0.098284,-0.806189,0.387229,0.690097,-1.723158,1.346729,0.300033,-0.005663,-1.565264,-0.755083,-0.875567,-0.009947,1.284780,0.755682,0.186634,-1.539589,0.088689,-0.763631,-0.439666,1.222647,0.317198,0.584208,-1.187765,-0.056225,0.736950,-1.104216,-0.184751,1.519395,1.226022,0.913718
2782,0,-1.230633,-0.309460,-0.439144,0.002037,0.554397,-0.727836,-0.364573,-0.286518,3.049081,-0.588915,0.095379,-0.799474,0.210959,1.085396,1.276275,-0.787248,0.271633,-1.169307,0.507602,0.442715,1.338301,1.324373,-1.636069,1.628885,-0.948168,-0.959931,0.488457,-0.643658,-0.571695,0.535921,-0.829870,0.348251
2783,2,-0.588955,0.170327,1.222592,1.252274,-2.082705,2.103518,0.163590,-1.537994,-1.216442,1.088390,-3.162520,-0.209345,-0.300320,0.479693,0.201841,1.260283,-0.741229,0.602128,-0.681921,0.098753,-0.060568,-0.914851,1.179033,-0.101495,0.183044,0.806026,0.378109,1.614227,-0.328581,0.045886,-0.436703,0.421443
2784,2,-1.616117,-0.748484,0.603797,0.055559,0.223624,0.126274,0.028049,-0.742599,-1.074331,1.098351,-1.596216,0.520610,-0.404788,-1.018616,-0.545927,-1.982796,0.937754,-0.988901,1.231696,0.515399,0.002382,0.239884,-0.879175,1.274547,-0.763652,-0.832411,2.137976,-0.503550,0.674658,-0.477251,1.485583,-0.140595
2785,3,-0.092900,-0.903255,-1.641946,1.748163,-0.229928,0.394890,-0.363091,0.408022,-1.235672,0.710107,-0.220731,2.262746,0.003737,0.562809,-0.527285,1.363856,1.084853,1.751693,-0.263514,-0.590289,-1.317461,-0.519734,0.061962,-0.318740,0.055125,0.225461,-0.137369,0.057919,-3.734536,-0.574578,-1.258733,-0.130285
2786,3,0.065261,0.207042,-0.598985,1.690419,0.355625,-0.594213,2.093806,-0.038340,0.972095,1.597042,-1.351345,-0.488457,-0.430535,0.561896,-0.122274,1.037503,-0.146156,-0.828128,-1.074641,0.883993,-0.180888,-0.087029,1.459463,0.345915,-1.261193,-0.047276,-0.280846,-0.334293,0.075596,-1.051082,-0.860010,-0.311978
2787,1,1.140526,1.413128,0.514553,-1.697661,0.782721,1.017130,0.948059,-0.138295,0.216970,0.303338,0.232846,0.167687,0.852918,0.344906,-1.489559,1.249537,-0.127607,-0.700401,-1.149620,0.379812,0.545158,0.702828,-0.721437,-0.000642,0.704340,1.302823,-0.902261,0.968383,0.696116,0.442652,-2.137490,0.397819
2788,0,0.936021,0.343309,-0.319617,0.913304,-0.828019,-1.442903,-1.167383,-0.044930,-0.151528,1.691890,-0.441147,0.846544,-0.110402,0.205989,1.197450,-1.149652,0.978504,-0.047697,-0.162678,1.456820,0.969135,-0.526584,-0.361597,-1.184129,-1.866066,0.723473,1.089839,-0.354561,0.051187,0.067832,1.240074,-1.419913
2789,3,0.138663,0.804689,0.907406,0.797427,-1.985803,0.031166,-0.662281,-1.293574,1.661547,-0.232350,0.351794,-0.356988,-0.933413,-0.608645,0.508253,0.527839,-1.106775,0.324120,-2.346298,-0.725025,0.640835,0.784043,1.176993,0.933619,1.111509,-0.676173,-0.331119,1.126720,-0.593872,0.651441,-0.422880,0.534771
2790,3,2.089961,0.360991,-0.650497,-0.842074,-0.665092,-0.321559,-1.196108,-1.679296,1.979555,-1.838976,0.072726,-0.816666,1.464235,2.199951,0.332624,0.370590,0.507529,0.819642,0.575220,-0.721409,0.768636,1.176740,-0.942261,-0.835183,0.023298,1.545612,-1.090746,0.058071,0.640474,-1.399839,-0.767030,0.663143
2791,3,-0.908684,1.044921,0.087324,0.362926,-1.557967,-0.253612,-1.293694,-0.290362,-1.471755,0.147101,0.876738,-0.689226,0.390827,0.664860,0.256213,-0.786859,0.296518,-1.327391,-1.377244,-0.811106,0.229126,-0.248085,1.274292,0.978104,-0.065806,-1.529717,0.762870,-0.215402,-1.561061,0.392646,-0.270811,-2.153656
2792,2,1.585525,0.749019,-0.264140,0.091603,-0.973071,0.745811,-1.862356,0.273809,-1.147548,-0.916789,-0.293491,-1.589985,1.127109,-1.497735,0.151834,-0.225181,-0.537559,1.475319,0.852855,-0.641934,0.976747,0.237892,0.082442,0.940939,-1.253545,-1.655087,0.273654,-1.800905,-0.505027,0.868847,-0.054265,0.892723
2793,0,1.136462,0.177818,-0.749432,1.819964,0.419101,-1.060872,-0.314534,-0.713205,-1.274532,-0.574502,-0.176181,0.781094,1.266163,-1.627259,0.592716,0.190695,0.108154,-0.192731,0.938863,-0.955855,1.371326,0.435901,0.393096,-0.806849,-0.822100,-0.634941,1.420022,-0.835207,-3.109601,-2.113964,0.292270,0.517919
2794,3,0.399416,0.672261,-1.213830,1.238428,0.654619,-0.394372,0.974173,0.622310,-1.263892,0.659744,-0.325969,0.885033,-1.237207,0.537112,-1.695094,1.201151,-0.808085,-0.060879,-1.102071,0.289722,-0.696837,-0.425112,-0.321067,-0.435250,-0.163387,-1.312018,-0.271998,0.819015,0.612718,-0.162678,0.070383,0.315865
2795,2,-0.853106,0.827733,0.710940,0.856270,0.878597,-1.191313,0.977887,-0.693174,1.282679,-0.211298,-0.420674,-0.058918,1.413290,-1.201277,-0.774281,1.556562,-0.458804,0.201621,-0.348993,-0.628924,0.935950,1.036638,0.834212,-0.230248,0.533155,-0.774055,-1.196492,-1.030617,-0.561934,-0.494213,-2.132992,0.172909
2796,3,-0.875499,-0.592956,-0.347690,1.236969,-0.991324,0.136339,0.558477,0.612520,0.235941,0.657188,-0.620837,-0.387324,1.440308,-0.190194,-0.852243,-0.178632,2.380538,-1.023507,-1.325167,-1.413281,-0.142824,-0.881119,-0.393241,-0.716566,1.007702,-0.682873,0.486657,-0.633446,-1.238692,-0.728625,-0.246857,-0.800881
2797,3,1.194654,-0.172881,-0.425305,2.369025,-1.611290,-0.257507,1.931548,0.953149,-1.101624,0.439341,-1.658552,-1.773325,-0.033854,-0.320120,0.434076,-0.195602,-0.647936,-1.594287,1.280739,-0.091295,0.685164,1.568328,-0.143224,1.051235,-1.732407,-0.510271,-0.403990,0.123625,-0.590965,-0.732329,0.201242,0.233120
2798,2,-1.617784,0.960050,-1.140341,0.964340,0.582377,-0.979026,-1.503704,-0.379762,-0.464200,0.134242,0.316769,1.099375,-0.123697,-0.728833,1.290534,0.438228,-0.322522,-0.208318,-0.491777,1.011267,1.150163,0.746693,1.742181,-0.677698,0.683466,-0.100646,-0.591007,-0.393120,1.123466,0.066940,0.289297,0.084990
2799,3,-0.887692,-0.737126,-1.453855,-0.061077,-1.128604,1.310356,0.911198,0.612721,-0.565235,0.404747,-0.164126,-0.855084,0.930138,0.273590,0.572033,1.193018,0.126402,1.050630,-1.145024,0.587802,1.332775,0.638768,0.586673,0.171927,0.145016,-1.239474,0.027418,-0.506410,-1.829734,1.283956,-0.213508,-0.047240
2800,2,-0.417872,-0.283156,1.059716,-1.984925,-1.202892,0.431887,0.811326,-0.347708,0.644120,1.797232,-1.029394,0.582626,-0.737859,-0.037831,-0.473458,-0.202797,0.406843,0.917164,0.405031,0.621828,1.081583,-2.149821,-0.976013,-0.352724,-0.874256,1.678907,-1.489265,-0.167222,-0.376823,-0.587648,-1.022551,0.667506
2801,3,-1.938174,-0.033159,0.729873,0.482220,0.984011,1.498091,-0.146675,-0.116854,0.860106,-0.945908,0.806446,-0.057488,-1.662094,0.604954,0.587123,-0.641421,-0.391703,-0.822365,0.505849,-1.486614,-1.634258,-0.993457,-1.479331,-1.119133,0.102725,-0.478412,-0.398672,0.629340,1.019311,-1.112999,-0.455884,-1.480056
2802,3,1.116310,0.242339,1.428201,-0.776190,0.043128,-2.939236,-0.872047,1.290819,-0.587708,0.813798,0.262989,-0.091097,1.131185,-0.428763,-0.516799,-0.319059,0.536514,-0.421771,-1.467000,-1.064186,-0.482064,-1.215489,-2.111135,1.352807,1.761532,0.901300,0.413669,-1.180075,0.412687,0.308370,0.025886,0.060487
2803,1,-0.392722,0.920439,0.025288,-0.302124,0.258436,-0.735965,1.012701,0.204687,-0.289426,-0.923001,-0.652911,-1.985526,-0.020774,-0.268023,-0.352859,0.539602,0.247181,-2.207125,-0.465764,0.720658,-0.526201,-0.038719,1.030592,-2.120097,-0.100307,-0.733115,-1.357625,0.315499,1.960918,-0.500798,0.016808,-1.086693
2804,2,-0.630291,0.844321,1.599813,-0.465937,-0.236838,-0.048736,-0.126446,1.407972,-0.298738,-0.869286,-0.276722,1.019383,-1.108723,-0.978052,-0.773902,0.350106,0.735366,0.436804,-0.750968,-1.423108,0.629612,1.382843,-0.695858,0.989438,-0.938424,0.425876,-0.411334,0.704881,0.331109,0.318842,-0.722282,-2.214255
2805,1,1.080018,0.777599,1.243203,1.518368,0.118151,0.287999,0.631291,1.620280,0.660767,0.277364,-2.806082,1.231085,1.380867,0.220758,-1.051419,0.412712,-0.457242,-1.527996,-1.342647,-1.532737,0.183140,1.182440,0.798233,0.918956,-0.813491,0.509432,-2.139844,1.890123,1.481187,0.099911,-1.196606,-0.720020
2806,1,-0.568057,0.174361,-0.061455,0.692764,0.349056,0.264358,-1.029426,0.064290,0.177923,1.124209,-0.786041,0.700842,1.486671,0.427428,-0.305426,-0.715269,0.751516,1.503554,-0.330846,2.266376,-0.720312,0.105000,-1.193097,-0.053341,-1.570994,1.006712,-0.585004,-1.020056,1.034896,1.005113,2.106464,0.682070
2807,2,-0.180488,-1.287692,0.637517,0.756631,0.699817,1.642328,-1.357403,0.269080,-1.979485,-0.488246,-0.419217,0.454215,-0.161381,-0.990776,0.199414,0.316977,-1.241381,0.635056,-0.442356,-0.245801,1.832741,0.076568,-0.952381,0.748514,0.330270,-0.986296,-1.657710,1.681623,-0.609903,-0.355198,-0.681761,-0.485006
2808,3,0.732050,-0.658480,1.088109,0.588990,-0.416340,-0.525962,1.617666,2.332648,1.025280,0.555958,0.287081,0.081282,-0.342799,-0.148387,1.440177,-1.804167,0.808410,-0.411094,-0.353505,-0.462592,0.756251,0.956578,-0.503257,0.024589,-0.497020,1.394583,1.118206,1.137041,-1.222083,-0.715728,-0.474084,-1.873131
2809,3,-0.187570,-0.296469,2.094916,1.393886,0.510150,1.138023,-1.669816,-0.182867,0.106197,-1.110373,0.580144,-0.881933,-0.045017,-1.132209,1.900922,0.250241,0.579153,-1.422134,-0.112345,0.302835,0.667838,0.208023,-0.851417,-2.946523,0.398142,0.929307,-0.765966,-0.436762,0.028680,0.187541,0.089163,-0.450587
2810,0,2.415490,-2.102782,-1.111509,-0.514631,-0.491864,-0.755071,0.841350,0.836441,0.015292,0.658028,0.913191,-0.210414,0.276719,1.499754,-1.433713,0.428216,0.627622,0.175921,0.660968,-0.000236,0.724337,-0.143697,0.641691,-0.131487,0.041375,-1.232349,0.503249,-2.511415,0.474105,2.676143,-0.194857,1.838608
2811,1,-0.701596,1.948061,1.062285,-0.427026,-0.501909,-1.193989,1.781541,-1.276384,-0.516452,0.754216,0.164156,0.456561,0.537204,-0.403523,1.049210,0.773101,-1.028584,0.497709,1.248409,-1.212264,-0.006621,-0.094718,-1.345567,0.912190,0.351018,-2.515258,1.467425,-0.423765,-0.657827,0.587567,-0.610097,-0.380224
2812,0,-0.472770,0.294228,-0.056941,0.760570,1.563156,1.215727,1.117449,-0.656811,-1.632720,1.517310,-1.674553,0.069686,0.009548,1.223595,0.250192,0.780996,0.000628,-0.918011,1.334501,0.566427,0.514055,0.224922,-0.631428,1.657603,0.720380,-0.215065,-0.658197,0.438666,0.434148,-0.849300,0.545988,-0.107492
2813,2,1.453900,0.532165,1.388137,-0.188758,-0.683034,-0.522580,-1.551091,0.660206,-0.508353,0.154768,0.632660,-1.000089,0.437122,-0.650271,-1.379799,-2.283789,-0.519556,0.157552,-0.407958,-0.439234,0.307145,0.165318,0.811928,0.145377,0.060506,1.570358,-1.317373,-1.997199,-1.519291,-0.366292,-0.648134,0.801555
2814,2,0.943763,0.545520,0.775937,-0.842702,-0.413909,-0.822125,0.019048,0.581412,-0.033491,1.129790,1.057799,-0.731996,-2.190150,-0.446503,0.439927,-0.082249,0.583146,-0.293184,0.399053,1.407917,0.286501,1.370678,-1.435825,-0.006391,0.437385,-0.271690,0.559026,-0.083598,1.155702,0.166588,0.461351,1.015996
2815,3,0.039829,0.985860,0.255995,1.392615,-0.345786,1.494957,-0.955179,0.694452,-0.761765,0.086087,0.369665,-0.226955,0.096324,-0.599005,-1.112976,-0.817989,0.826407,0.699635,0.746894,-1.279999,-1.338977,0.133659,-0.159852,0.077502,-0.558054,0.333355,-1.302716,-1.029575,0.511688,0.106034,-0.408823,-0.790799
2816,3,1.055233,-1.680750,-0.181892,0.810894,1.491668,0.637951,1.629829,0.484716,1.048400,0.229098,-1.108210,-0.675443,0.946452,-1.024500,1.617372,-1.437677,-2.037209,0.067994,0.287091,0.538522,-1.896525,0.605342,-1.245625,0.367734,-0.123224,0.243796,0.649683,1.939708,0.522791,0.243526,1.172902,0.248582
2817,0,0.831549,-1.572677,0.988340,-0.295847,0.001946,-1.313711,-0.500779,-0.071714,0.937316,-0.560665,0.717116,0.303620,-0.827213,0.720332,-0.372223,1.434130,-1.198500,0.732028,-0.113625,0.513505,-0.015613,0.236770,-1.348279,-0.390167,-0.138127,0.256305,1.082356,-0.040414,-1.839591,0.637351,-0.961521,1.005350
2818,1,-1.207485,-0.079967,-0.117966,-1.548431,-0.232171,0.493644,0.607926,-1.932849,0.839538,-0.512730,0.297616,-0.639911,-1.652299,-0.311526,-0.989391,-1.619895,-0.332784,0.745098,-0.039271,0.129118,-1.603194,-0.175285,-0.844319,0.071938,0.143847,-0.658879,2.028581,0.888967,-0.558389,0.075040,0.726601,0.548584
2819,3,0.676472,-0.000755,-2.120487,-0.982457,0.179621,-0.594637,-0.225037,0.944798,0.346567,-0.447985,3.227533,-0.917547,-0.547398,-1.963084,0.355727,-0.521110,-0.103335,1.874099,-0.152310,-0.517915,-0.336716,0.751850,1.044908,0.496495,-0.279218,0.622414,0.448327,-2.183332,-2.042208,-0.668659,-1.173272,-0.722191
2820,0,2.278770,3.196689,-0.593653,1.724947,1.041011,-1.179730,-1.335793,1.648176,-1.961527,-0.229628,1.192805,0.811191,0.214121,1.620493,-1.193043,1.420586,1.163839,-1.940670,0.183370,-0.887763,-0.660402,0.481367,-0.000492,-1.010050,-1.259392,-1.085854,-0.082879,1.856965,-0.622760,0.598352,0.791269,0.973747
2821,2,1.174722,0.424950,0.802359,0.891665,0.641274,0.400531,1.095156,-0.554907,-0.642568,-1.026865,-1.065084,1.311995,-0.232770,-0.703085,0.291052,-1.176582,0.246905,0.965349,-1.008138,0.403394,0.196228,-0.728335,0.298314,0.716830,-0.242167,0.859967,0.386054,-0.972523,0.612109,0.406392,-0.629086,1.117518
2822,3,1.159441,-0.267779,0.007527,0.477681,-0.328901,0.205167,0.637331,-1.946648,-0.169387,0.273799,-0.680965,-1.091152,0.914115,0.993453,1.239990,2.237963,1.295989,-0.394834,0.203734,-1.191604,0.893870,1.447454,-0.355983,0.884317,-1.268460,-0.912340,0.651763,-0.254469,0.532644,-0.805413,-1.247878,0.688852
2823,3,1.613085,-1.199961,0.223073,1.518591,1.467778,1.011348,0.367922,1.308463,-0.618642,-0.325069,-0.165723,0.675251,0.252170,-0.206009,-0.349842,-0.126246,0.088119,-0.026653,0.845039,0.866406,0.011213,-0.145563,-0.150603,0.166197,-1.178347,0.846355,-1.047578,-0.770759,0.016786,-1.064480,-0.148797,1.214199
2824,0,-1.660968,1.288942,-2.400797,-0.086995,-0.162586,-1.996572,-1.450627,-0.595689,0.764079,-0.439859,1.005159,1.907568,-0.224371,-0.559250,-0.716613,-0.369282,0.352361,-0.981706,1.460619,-0.126483,0.112672,-1.357441,-0.793802,-0.104378,-0.304701,-0.842176,0.700396,-0.791229,-0.509549,0.601688,-0.601175,-0.877257
2825,3,-0.583871,-0.925706,-0.283363,0.852661,-1.245467,-1.181122,0.874441,-1.761411,2.095839,1.734037,0.708445,-0.810714,-0.183309,-1.872111,-1.680119,1.908105,0.949624,0.533479,0.894509,-0.541843,0.561652,0.955623,-0.070104,-0.886593,-0.406635,2.695695,-0.104530,-1.371194,-0.130813,0.585809,-0.428995,0.321258
2826,0,-0.862102,1.166500,0.409927,0.026636,0.475141,0.133110,-0.192426,0.020474,0.028044,0.641172,1.508569,1.745066,-1.076195,-0.085297,0.160360,0.876013,1.248705,-0.310050,-0.009267,2.133259,-0.580589,-0.353400,-0.076781,0.416142,0.186935,1.550506,0.601588,2.008788,0.985576,0.287408,-1.768159,1.649039
2827,3,3.085559,-0.123340,-0.098957,2.117371,0.704206,-1.863021,0.526033,-0.731593,-0.983437,-0.885887,-1.952362,-0.967459,-1.729824,-1.654024,0.129066,1.096539,0.116060,2.225050,0.365954,0.451720,-0.233036,-0.383719,1.057221,-0.037306,0.515525,0.753365,0.804981,-2.754990,0.234155,0.394298,-1.522514,-1.167702
2828,0,0.418524,-0.478692,1.347074,0.409044,0.125202,1.519609,1.106090,-0.092357,1.697678,-0.510618,-1.363975,1.201107,-0.354318,-0.449165,1.276883,-0.324609,-1.689337,0.727228,-0.587398,-0.055539,-1.402261,1.377720,0.154672,-0.590464,-0.388098,-0.096047,-0.733822,0.297248,0.390215,-0.287623,-0.733768,1.659597
2829,0,-0.184785,-0.355521,-1.212430,0.312398,0.652615,0.402321,-0.575892,-0.519985,0.013956,0.973031,-0.221391,1.029542,-1.696700,0.422614,-0.941740,1.018734,1.739162,-1.060267,1.225254,-0.096007,-0.622967,-1.320141,-0.138432,-2.301099,-0.056258,-1.210391,-0.194054,0.526146,1.018383,-1.724707,2.040361,-1.368410
2830,1,-0.784551,-1.320939,0.336636,-1.615330,1.340031,-0.665380,0.902560,-0.543572,0.860303,-0.574508,-0.497929,-0.789274,-0.435690,-0.738930,1.890326,-1.395577,0.234887,-0.062359,0.978154,0.018958,-1.325431,-0.131362,-0.151585,1.299408,-1.519601,1.178508,0.916034,0.614675,-1.394639,0.251156,-0.673289,-0.272438
2831,3,-1.748500,-1.669238,-0.567918,0.947308,0.076291,1.304220,-1.405867,-1.222769,-1.265965,0.163442,-0.949959,1.762122,-0.063404,-0.424764,-1.508986,-0.937035,0.912856,0.334911,-0.696083,-0.763589,0.291996,1.554878,1.046296,-1.761049,-1.330921,-0.253087,0.647610,-0.902408,0.613106,2.014141,0.200212,1.140176
2832,2,2.215378,0.084142,1.446715,-1.744520,-0.764491,-0.028314,0.265321,0.849750,0.510901,-0.654828,1.294188,1.121059,1.026489,-0.132596,1.257581,-0.433309,-0.982960,1.005046,0.699552,0.409845,-0.149672,0.028566,-0.138637,-1.538840,1.014818,-0.042831,-0.791949,1.567033,0.495494,0.996061,0.563242,-0.806184
2833,3,0.498089,-0.606932,0.003209,1.147519,1.332686,1.174718,0.125101,-1.053943,-0.937937,0.605677,-0.254399,-0.617405,-0.102020,0.713679,0.190527,-1.500126,-0.470726,0.960179,-0.333478,-0.827306,-1.507802,0.355846,-1.428883,0.023274,-1.853180,-0.086329,-0.770049,-0.213945,0.207284,-0.051770,0.369985,-0.726267
2834,0,-0.427703,1.277223,0.144837,-2.553913,0.218156,-1.772957,-0.432260,-0.245872,0.411775,0.496436,-0.896898,-2.602319,-1.148948,-1.581360,-1.809460,-1.675114,1.482404,-1.157283,0.583095,-0.334500,0.467791,0.351703,0.356624,0.809240,0.109543,0.167579,-0.381089,-0.744084,0.182822,-1.220110,0.020173,1.053788
2835,3,0.258439,-0.347520,-2.097353,0.754163,0.909747,-0.167940,-0.004593,0.323644,-0.220156,0.217014,0.266916,0.611465,-1.669305,-0.593846,0.056020,-0.908673,1.218563,0.552564,-0.187084,-0.841583,-0.374988,-2.007330,0.842691,-1.087050,0.908401,0.289895,1.295521,0.857650,-0.603898,-1.076611,0.064829,-0.116706
2836,2,-0.572415,-0.840059,-0.462844,-0.625292,-0.483253,0.434760,-0.005324,0.499214,0.801934,2.612757,1.181786,-1.904187,0.136679,-0.934394,-0.242958,-2.081367,-0.273667,0.503544,1.007673,-0.823487,-0.083861,0.597383,-0.856554,0.215779,-1.257939,-1.265146,-0.484356,-0.274887,0.513850,-0.960161,0.724974,0.089683
2837,2,0.600569,0.108333,-1.474217,0.648118,0.870306,0.423894,-1.535710,0.120497,0.001254,-0.205770,-0.667631,0.259130,-0.437424,-0.124208,-1.243110,0.725128,0.162011,-0.704992,0.735368,0.431177,-1.208617,0.452998,-1.333744,1.293718,0.930739,-0.751012,-0.330269,0.299243,0.098719,0.498402,-0.123221,0.311355
2838,1,-0.066404,-0.194363,-1.023461,-0.409813,-0.086158,1.081232,0.644404,-0.149853,-0.998742,-0.770447,-0.359879,0.787301,-1.353989,-0.863706,-0.055660,-0.533918,0.894488,1.643993,-0.091331,-0.028596,-1.135372,1.280096,0.277810,2.655266,0.803657,0.396553,0.652679,-0.902908,-0.893974,0.639883,0.918597,-1.361489
2839,1,0.132140,0.412382,-1.135552,-0.009067,-0.708397,1.862587,0.655661,0.230770,-0.157232,-0.394983,-1.535974,-0.201065,-1.423652,1.060402,-1.282014,-0.037940,-1.131946,0.662388,0.467637,0.565809,0.172385,1.016637,1.003199,-0.355441,-0.672234,-0.008122,0.486928,1.229528,1.448746,0.486405,-0.825490,-1.177658
2840,1,0.199502,0.670068,-1.081832,-1.631322,-0.010382,0.157339,-0.130519,0.125265,0.132829,0.078961,-0.258435,0.957321,0.682382,-1.090635,-0.295254,-0.812882,-0.534964,-1.502874,0.753086,0.941038,1.082044,-0.676265,0.745281,0.359903,-0.282943,0.215158,-0.267897,0.983456,1.180396,-0.431957,-0.976289,0.947634
2841,2,-1.608392,-1.536743,0.742499,0.057922,2.034244,-1.034064,-0.359386,0.570911,0.172315,0.971230,-0.801696,0.191238,-2.481040,0.515648,0.838510,-0.324892,0.797447,0.715402,-0.416661,-0.631721,-0.203510,-0.593504,0.684047,-0.569485,-0.285811,1.368513,-0.321263,1.524783,-0.250966,-0.772762,-0.928983,0.895471
2842,3,-1.179361,-0.231833,-1.919882,0.662207,-0.367797,-0.348005,0.311787,1.041599,1.482864,-0.060945,2.096222,-0.289534,-0.886929,1.144042,-2.401862,0.685248,2.168115,0.374969,1.415089,2.588601,0.827778,0.079479,1.558723,-1.014487,-0.617186,-0.921060,-0.526460,0.577515,-1.255281,1.044280,-0.403713,0.529977
2843,0,2.026748,-0.393525,0.145521,-1.372189,-0.673726,-0.465945,0.734500,0.602131,-0.870334,1.024766,0.516396,-0.917082,-0.621553,-1.452859,1.099851,0.150944,-1.585085,-0.020328,0.299459,0.908084,0.508581,-0.690697,-0.291443,-0.216277,2.491564,-1.540152,0.042333,-0.132094,1.051022,-0.484180,-1.056859,0.589262
2844,3,-0.279848,0.228271,-1.160783,0.002035,0.647121,1.063268,-0.492663,0.919668,0.180942,-0.057597,0.613912,-0.125835,-0.253373,-0.116475,0.433691,-1.795243,-0.565037,-0.497831,-0.138937,-1.318232,0.760097,-1.577552,1.507146,-0.564901,0.238608,0.616954,-1.354116,0.457611,0.590986,1.130218,-0.648631,-0.735995
2845,3,-1.266907,0.392467,0.010304,1.255373,0.480241,-0.526015,-0.072812,-1.537231,-1.088710,1.385953,0.133092,-0.569152,-1.350460,-1.228037,-0.926351,0.594071,-0.952388,-1.410865,0.121018,0.452916,-0.045924,-0.164120,0.391710,0.466780,-0.024100,0.580014,2.358518,2.597772,-1.311452,-0.509979,0.551827,-1.805404
2846,2,-0.250647,0.509649,-1.622720,-0.213794,-0.106653,-0.556649,1.042149,0.700343,-0.358727,1.084260,0.369185,-0.962030,-1.185794,-1.325781,-0.794603,-1.737760,0.976414,-0.002535,1.088322,1.026697,-1.619403,0.838099,-0.306558,1.136796,-0.054843,0.493158,-0.230188,0.436148,-0.140928,0.979762,0.324391,-0.004453
2847,2,-0.718312,-1.447525,-0.752575,-0.948088,1.321553,0.278761,-0.058440,1.724191,-0.167670,1.091418,-1.926775,-0.975282,0.616629,-1.274019,-0.288691,0.855872,-0.584147,-0.300829,1.245716,-0.840550,0.727285,0.449784,-0.215372,-1.181893,1.348498,0.082592,0.699149,0.920820,0.124315,-0.331292,0.822456,0.426597
2848,3,0.791441,2.475585,-0.722213,0.770043,1.205982,-0.006060,0.579748,0.027195,-0.236737,0.320359,0.708517,-0.431889,-1.525932,0.230629,-0.318233,1.049354,0.811156,-1.277417,0.890503,-0.597298,0.529888,-0.166593,1.168869,0.385975,0.241471,0.609926,-0.837815,1.893514,-0.594187,0.486841,-1.015420,-0.929197
2849,1,-1.843313,-1.046481,0.101519,-0.338769,-0.978427,0.670733,-1.337014,-1.890151,-0.191668,-0.303631,-0.605103,-1.499488,-0.003569,-0.681972,-0.581284,0.844090,-0.688598,0.364913,-0.951249,0.307311,-0.540340,-1.271209,-0.852618,-0.390179,-0.055676,-0.812128,1.693010,0.776407,-1.105594,-0.162942,0.093724,-2.001584
2850,1,-0.317506,1.260839,-0.044201,1.767392,-2.026033,-1.604862,-0.300037,0.449091,-0.140263,-0.322704,-1.160017,-1.150584,-0.578961,0.760891,-0.948270,-0.265205,1.143198,0.988941,1.604891,-0.348554,-1.286193,-0.964058,1.564776,0.949162,-0.267093,0.083285,-0.767935,-0.222769,0.114726,-0.457173,-1.982521,1.351384
2851,3,1.420004,0.006596,0.735855,0.407971,-0.088815,0.244163,-0.083843,-0.707426,-0.975078,-1.382082,0.387303,-0.785530,1.251637,-0.846900,0.745556,-0.177306,-0.258860,1.470339,0.757979,1.176997,0.886118,-1.515916,0.407258,-0.040505,0.948542,-0.469873,-1.659513,0.595123,-0.048160,0.940028,-1.072706,-0.362785
2852,0,0.380324,-1.468926,0.733130,1.047145,0.581372,-0.937406,-0.336810,-1.348912,0.154418,-0.933568,-0.286145,0.021473,-0.480279,-0.710695,-0.057641,-1.125555,-0.026661,0.731732,0.935229,0.022823,1.123660,-0.903488,0.510239,-1.676492,-2.432346,-1.451129,2.624232,2.019881,-0.705675,-0.261703,0.053073,-0.452062
2853,2,0.498533,-0.878551,0.169047,0.719591,-0.572920,-0.670164,1.094063,-0.452485,-1.411419,-3.039090,0.186295,1.889380,0.420609,2.015241,0.889728,-0.637395,1.503247,0.306079,1.734973,0.225822,0.991942,-0.820653,-0.727058,-1.414152,-0.436629,-1.123904,-0.034916,0.307189,-0.361332,0.540670,0.027782,0.260311
2854,3,-0.875833,-0.189376,-1.435727,0.378964,-0.178219,0.304288,-0.668736,-0.019927,1.446434,0.445004,1.262877,0.688552,-0.643478,0.475519,-1.713205,0.670187,-1.102258,1.262638,-0.029315,-1.802826,0.903102,0.086357,-2.680998,-0.868370,-0.116499,1.517418,-0.878108,-0.652431,1.653264,-1.165953,-0.158686,0.047006
2855,1,-0.755275,0.096198,0.629716,1.673508,-1.286810,1.390528,1.465738,1.046807,-0.174842,-0.734089,0.177289,-0.022410,-0.522892,-0.285011,-1.314699,0.241767,0.315946,-0.221722,-0.924000,0.074195,-0.767470,-0.092512,-0.433030,0.931566,0.137602,0.920884,0.018342,0.232781,1.036992,-1.370658,0.535591,-0.255761
2856,1,0.246497,0.258443,1.638519,-0.407028,-1.550730,0.184474,-2.038378,0.194909,-0.127902,1.348264,-0.168485,0.286449,2.350433,-3.182158,1.192454,-1.929742,-1.806849,0.943051,0.195123,0.487315,-0.546928,-0.204264,-0.732188,0.016863,-0.618918,1.432443,-0.478077,0.266171,-1.211455,-0.413148,1.257596,1.385591
2857,3,0.332277,0.292981,0.195818,2.307955,0.234749,-1.337879,0.059615,1.587419,0.019441,-1.652959,1.861479,-1.052145,-0.251882,-2.148423,0.079961,2.096024,0.180020,0.694334,-1.554305,0.547346,0.529279,-0.246927,-0.026972,1.083599,-1.256001,0.368064,-0.687419,-1.492447,-0.039133,-0.692920,1.189538,-0.447978
2858,0,2.112960,-0.256708,0.041909,0.915885,-0.903685,0.087415,-0.383155,-0.605669,0.261191,0.182949,-0.867685,0.747456,-0.744781,0.650118,-0.237315,0.031210,-0.940068,0.967155,-0.539671,-0.679073,0.134608,0.770227,-0.543490,-0.346842,0.837557,0.850636,-0.122708,0.212128,-1.194913,-0.165210,1.483086,-0.041056
2859,1,0.884276,1.288167,-1.095949,-0.446657,0.842202,1.389540,0.881341,-0.398324,1.728835,0.241991,-0.860713,-0.776277,-1.170889,-2.686613,0.104942,1.221297,-2.698700,-1.147801,-1.722740,1.328613,-0.713254,-1.488988,2.346891,0.357130,-1.333847,-1.253290,-2.204443,0.178423,-1.108607,0.607588,0.765505,-1.022737
2860,2,-1.719560,0.952583,1.278668,0.199990,-1.249937,-0.078669,0.221576,-0.794706,-2.455362,-2.285326,-1.456968,1.506330,0.578243,0.539871,0.899310,-1.232882,0.975993,-0.766256,-0.035671,-0.827785,0.663250,-0.440711,1.148733,1.429887,1.066543,0.304371,0.807674,0.923503,0.041355,-1.467544,-1.103989,-1.144034
2861,1,-0.604188,-0.331852,0.668945,-0.548228,0.431479,-0.951091,-0.938668,0.189929,-0.565512,1.089673,-0.228318,-1.069631,1.108143,-0.697353,-1.154902,0.270779,-0.407019,-0.926423,2.168115,-0.775649,0.990801,-0.658758,-1.236798,1.264312,0.981658,-0.030443,0.680905,0.755115,0.683752,0.251737,-0.448813,1.005783
2862,2,1.264243,-0.083949,0.227439,-0.827629,-0.589559,-1.507228,-2.252491,-0.336953,-1.458614,0.946766,0.537048,-1.337361,0.830924,0.836825,-0.850745,0.830868,0.803408,2.708321,0.393401,1.986809,1.592069,1.256333,1.008758,1.984294,-0.086595,0.418268,-0.486360,1.427928,2.165145,0.118139,1.556062,1.331134
2863,0,0.815400,-1.341501,-0.362858,1.161298,0.748935,0.138129,-0.873775,-0.908381,-0.860158,-0.773154,0.263173,-0.063485,1.775046,-0.885695,1.299347,-2.059266,-1.839710,-1.054991,0.062644,0.611831,-1.517145,1.329649,2.036377,1.037720,-1.100874,1.101141,0.479270,-0.009312,0.997112,-0.465534,0.717113,-0.493407
2864,1,-0.367586,1.251785,-0.122605,-0.639783,2.655070,-0.871271,1.338750,0.937673,0.448642,-0.300378,-0.106314,-0.255755,0.945276,0.267291,-1.116234,-0.851651,0.369247,-1.227920,-0.086384,-1.035659,2.288431,-1.708906,1.162372,1.850385,0.479493,0.164010,1.121449,-0.266467,-1.035173,0.280587,1.589646,-0.003175
2865,2,0.954464,1.043998,1.065819,0.234013,0.273192,-0.350339,-0.034720,0.284853,-0.961019,-0.231703,-0.037145,0.138743,-0.370693,1.355535,1.111273,-0.788297,-1.299689,0.850447,1.029116,-0.989246,-1.532977,-0.105583,-0.297306,0.516249,-0.585095,-2.376303,-0.917491,-0.328050,-0.952382,0.326045,-0.484461,-0.524009
2866,3,1.881575,0.527953,-0.587137,-1.009005,-0.453526,1.832641,0.551240,-0.849567,0.433666,1.054422,0.088004,-0.990852,-0.432755,-1.881962,0.199384,-0.251620,-0.980408,1.257349,-0.957462,1.584141,-0.344952,0.890271,0.775389,0.632653,-0.353363,-0.709391,0.042720,2.215329,-1.282625,1.907602,-0.618411,-1.148116
2867,0,-2.237636,-0.224351,-0.926107,-0.352218,-1.245480,1.692560,0.090817,1.414154,0.149108,-0.618665,0.446149,-0.125169,0.794873,-0.724375,-1.842618,-2.658512,0.045935,0.582168,0.750488,-0.953512,0.363796,-0.493576,2.063072,-0.665780,-2.068756,1.869180,-1.559446,0.103800,-0.314190,0.683411,-0.603386,-0.541390
2868,2,-0.304600,0.650571,0.326053,0.697386,1.097037,-0.757428,0.748778,-0.486622,1.435906,0.997639,-0.239160,1.533741,0.596998,1.633584,1.067349,0.897805,1.654969,-0.702502,0.711761,-1.604314,0.692618,-0.379498,0.228191,0.794208,2.684772,-0.140610,0.420709,0.580371,-1.274047,-0.500012,0.229923,1.409689
2869,0,0.149374,0.041126,-0.899302,-0.446713,0.998729,-1.123461,1.209008,2.385554,0.856909,-0.626607,-0.409817,0.234536,-0.229692,-0.333948,0.759016,-1.518270,0.038683,0.053479,2.101890,2.252723,0.534915,-2.251711,1.348231,0.117924,1.129339,-1.105391,1.067120,-0.817553,0.391409,-0.628608,-2.308923,0.199868
2870,0,1.267830,0.434847,-0.678806,0.478137,1.060802,0.279573,-3.091494,0.266082,-0.404584,0.430797,0.109831,0.182546,-0.652485,-0.207200,0.301952,-1.190024,-0.601424,0.090112,0.325687,0.270192,1.613004,-0.806516,1.375232,0.822534,-0.157755,0.121670,0.564741,0.817270,0.287655,0.343591,-0.027653,-0.327848
2871,2,-0.926615,-0.621725,0.158952,-0.364535,-0.471010,1.677392,0.254365,-0.062648,-0.646304,-0.992995,0.829227,0.471184,-0.050942,0.289997,1.602825,-0.584209,0.389353,0.468901,0.854927,-0.014758,-0.835794,0.361931,0.061801,-0.632451,-0.725797,-1.092862,-0.623238,0.570506,-0.189025,0.445185,-0.218664,-0.614436
2872,2,-0.963717,0.078334,2.181292,-0.611425,-1.597036,-1.738698,-0.449393,0.023676,-0.126554,-0.199100,0.306776,-0.420283,0.676317,0.389117,-1.102028,1.280627,0.056265,-1.409273,0.826258,1.332918,-0.188766,-0.251582,0.159100,-0.400418,0.226774,-0.680803,0.022337,0.310735,-1.634369,0.554461,1.208508,-0.573392
2873,3,-0.041095,0.440779,-0.405157,0.494203,0.540380,-0.793329,-0.210230,0.333963,1.235595,0.022660,-0.493599,-0.913069,-1.031786,0.519066,0.906332,1.521388,-1.451177,1.216032,-0.332191,0.622157,-1.077738,-0.412871,0.320366,-0.514133,0.447220,-0.943163,-1.025932,0.540349,0.723366,0.342444,-0.765309,-0.226428
2874,3,-0.600954,-0.352700,-0.300791,-0.938868,0.267247,-0.205647,0.617261,-0.962246,-0.368520,-2.663486,0.915766,0.537687,0.837808,-1.880354,1.106771,1.261199,0.385876,1.075256,-0.782495,-0.172603,1.566631,-1.441011,-0.161597,-0.988848,-0.136414,0.255796,0.515687,-0.673477,0.020062,0.079255,0.278443,-1.011204
2875,0,2.394814,-0.502566,0.394805,-1.379175,0.025223,1.026335,-0.632337,-0.194868,-1.489826,0.425953,1.955181,0.750938,-1.533586,-0.767492,0.857581,-1.267844,-0.733480,-0.562527,0.907486,-0.314987,1.271060,-0.325132,-0.725803,0.141002,1.177869,-0.169482,-2.116673,0.528057,-0.479095,0.078037,0.835117,-0.157520
2876,3,0.241268,-0.216227,1.561076,1.346750,0.000657,1.781470,-0.215981,-0.479994,-1.474347,-0.927066,0.552282,-0.693429,0.855251,0.217033,-1.701957,0.131081,1.368569,1.312398,-0.783703,-1.377968,1.224888,-1.542108,-0.803387,0.225013,-0.877509,-0.719200,1.245543,-0.821995,1.207593,-0.514142,0.473278,-0.024731
2877,3,1.457177,0.528949,-1.560934,-0.556448,0.405794,0.414090,-0.892398,-1.414098,-0.343867,0.252283,1.583250,1.002179,0.841358,0.431002,-0.122189,-0.866392,0.676330,-2.957493,-0.255086,0.888136,-2.204484,-2.054255,0.675920,1.397114,-0.245572,-1.594999,-0.557192,0.213404,0.668456,1.903981,-1.741652,-1.036479
2878,0,0.087131,-0.716361,-0.886763,-1.346971,-0.324678,0.279365,0.665391,1.034034,-1.261335,-0.300647,0.316436,0.459598,0.690380,0.975575,-0.625041,0.231693,0.449319,1.451767,-0.348044,0.802949,0.486252,-0.080655,-0.451009,-0.349356,1.530334,2.161756,-1.797531,-1.179851,-1.175588,-2.020474,-0.440303,1.368721
2879,0,-0.346537,0.760563,-0.564673,-0.117675,0.478885,1.095776,0.614965,-0.887023,0.500836,0.577920,-0.727564,0.228036,0.212636,-0.550824,1.066230,-1.039240,0.400062,0.139630,1.125059,0.405437,1.084784,-0.404986,1.552108,-1.473767,0.220485,-0.162183,-0.056192,1.507628,-0.898145,-2.378457,1.988506,-0.733879
2880,3,0.481960,-0.748759,-0.492052,-0.133618,-0.014642,-0.254553,-1.435080,0.152087,-1.168450,0.314580,2.037138,0.101825,0.283795,-0.882365,0.024640,-0.066172,0.614176,0.941104,-1.197495,2.328649,0.982987,0.128559,-0.293221,-0.365322,-0.604084,-0.727615,0.303609,0.971831,-0.128521,-1.684899,-0.145992,0.855588
2881,3,1.503857,0.159088,0.320081,-0.938130,-1.576364,0.450716,-1.568172,-0.309538,-1.351174,-0.181255,-0.999120,-1.070037,1.590313,-0.145738,-0.941100,-0.370979,0.049612,-0.759130,0.048960,-0.667990,1.129975,-0.430319,-1.349873,0.882412,-0.954164,-0.493690,0.023382,0.616288,-0.100520,0.614471,0.512797,-0.242725
2882,0,1.572642,-0.273875,0.742017,-0.250099,-1.071250,0.250492,0.993565,-0.067213,0.158287,-0.525801,0.578960,-0.839740,1.371286,-0.069960,0.382494,-1.195664,-0.052189,0.653777,0.015530,0.420683,0.100269,0.476350,-0.302464,-0.387752,-0.344310,1.431342,1.100138,-0.002354,0.874093,0.729641,0.847378,3.184458
2883,0,1.430932,-1.342288,-0.606511,-0.498970,1.858347,0.149079,-1.088773,0.986784,0.833664,0.849998,-0.345415,0.489854,-0.626254,-0.530488,1.349147,0.495763,-0.100976,0.670339,-0.914241,-1.820753,1.671836,-1.129258,0.428157,0.272538,0.093664,0.124859,0.917801,0.546325,-1.222316,-0.839036,-0.343529,0.152661
2884,0,1.399618,0.015903,0.099266,0.375751,0.557920,1.241421,0.532416,-1.154575,0.322314,-0.954567,-0.398616,0.274561,-1.194896,0.679900,0.105225,-1.312325,-1.934440,-0.706913,-0.228782,0.019272,0.620778,0.328637,-0.533686,0.322799,-0.254933,-0.119634,1.797969,0.145557,-1.116770,0.894500,-0.592080,0.989925
2885,0,0.910081,0.501178,-1.322359,0.600521,-0.947759,-0.022831,0.697567,1.122723,0.989867,1.378221,-0.920162,-0.982321,-0.377321,0.280273,1.144021,-0.526621,1.668918,0.030080,-0.699260,-2.684025,1.640532,0.432114,0.339310,-1.097827,-1.083259,-1.875056,1.372839,1.360623,-0.791441,0.017907,-0.622205,-0.896176
2886,3,0.881227,0.259158,1.065737,1.367590,-0.984066,-1.071541,-1.624942,-2.370050,-1.848587,2.108830,0.509185,-0.970213,0.660676,-0.225706,0.599906,0.846703,-1.771047,0.439562,0.195208,1.253682,-0.964077,-0.777341,-1.140220,-1.036120,0.504871,-0.068317,-0.530501,-1.650911,1.175798,-1.004075,1.130771,0.977009
2887,3,-1.515852,-0.539519,0.107114,1.372836,0.433695,-0.813992,-0.979355,-2.304847,-2.128016,0.352736,0.561810,0.209402,0.177332,-1.158151,1.990969,-0.777280,0.233043,0.807490,-1.035575,-0.667066,0.246913,0.809684,-0.138495,0.788513,1.193951,-0.728207,0.161270,-0.512330,0.625678,-0.273534,-0.198481,-0.255039
2888,3,-0.143490,0.871088,-0.209282,0.365257,0.836443,-0.592622,-0.403992,1.344632,-0.357248,-0.682539,0.068486,-0.405478,-0.923974,0.017678,-0.650136,-0.696598,0.044042,0.591187,-0.830245,0.454725,-0.188111,-1.896141,-0.413164,-1.014325,-1.757187,1.153335,2.442166,0.990554,0.740778,0.823104,0.761927,-1.015189
2889,2,1.280045,-0.901460,1.725643,-0.760283,-0.945892,0.471264,0.348271,0.555180,1.500630,0.123562,1.155248,1.552815,-1.035776,-0.581566,0.032895,-1.116717,-1.501169,-0.577034,-1.003574,-1.847881,-0.218677,0.197257,-0.805675,-0.619304,-0.618556,0.690430,-0.456414,1.374839,-1.891115,-2.583515,-0.072020,0.556541
2890,1,-0.364239,0.963367,-0.784491,-1.420264,1.440776,0.452517,-1.064411,-0.034221,0.808504,0.797135,1.072920,-1.828709,1.441138,-0.358546,0.953696,1.464927,-0.275573,-0.823369,0.425101,0.395576,-0.468952,-0.198011,-0.313730,1.079197,0.078934,-0.702610,0.941560,2.167551,-0.608050,0.354611,0.453289,-0.147927
2891,0,1.344266,-0.543954,0.325909,-1.076426,-0.270289,0.874099,-0.550755,1.895738,0.260856,1.284743,0.755989,0.524811,1.805546,0.016988,0.174288,0.390732,0.395552,0.391956,-0.874387,-1.022770,0.147854,-0.320906,1.193362,0.030984,-0.225486,0.179572,1.573286,-0.524160,-0.136519,-0.463008,-1.320476,2.642558
2892,2,0.234381,0.082333,0.686030,-0.897280,-0.190457,-1.419744,-0.394645,-1.186654,2.349776,-1.008327,-0.134969,-0.907864,0.129448,1.433065,0.441573,0.427801,0.912236,-0.031522,0.695944,0.803924,-0.894780,0.979030,-1.022411,0.930683,1.123600,-1.057617,-0.082814,0.448354,-0.489186,-1.374356,0.931727,-0.674380
2893,0,-2.070002,-0.397302,0.165111,0.415890,-0.354994,-0.799988,-0.995984,-0.678841,0.627185,0.558653,-0.588244,-1.678563,1.861855,1.870738,-0.801681,-0.867223,-1.022955,2.188369,-0.085375,-0.640620,-0.404855,1.355506,-1.004194,-0.297479,-0.578664,-1.117835,-0.472242,0.947962,1.288371,0.462758,1.415120,0.830102
2894,3,0.226622,0.418729,1.289441,1.437246,-1.468575,-0.366218,-0.216237,1.047444,-1.823756,0.223687,0.107160,-0.738100,0.826614,-0.414656,0.809899,0.570008,-1.577819,0.950475,0.700053,2.549979,-0.283960,0.527864,-1.403859,0.648626,-0.966128,1.365881,0.178341,1.072159,0.181778,-0.974576,-0.940867,0.260533
2895,1,-1.549366,0.205403,-0.690711,-1.459845,-0.844612,1.029087,0.373144,0.357566,1.029265,0.135300,0.038899,-0.436383,-0.641547,-0.332251,0.610113,0.810130,0.031270,-0.565881,0.615374,-0.431859,0.357765,0.423526,0.580762,-0.395610,-0.184410,0.199395,1.986826,1.000096,0.565283,-0.642097,1.509897,-2.429829
2896,2,0.160593,0.279321,1.414704,-0.763329,-0.169466,0.100040,-1.326112,-0.262002,-1.464532,-0.585649,0.295907,0.314982,-0.414508,-0.978307,-1.208445,-1.436228,-0.314968,-2.763942,0.644859,1.555774,0.636523,-0.601604,0.455612,-0.768127,-1.053692,1.112261,0.349471,0.677707,-0.919691,-0.157766,0.842101,-2.019583
2897,1,-1.331308,1.287384,0.630069,-0.617638,-0.365263,0.967754,-0.749508,0.922666,0.217131,0.178085,-0.711203,-0.402134,0.072482,0.974837,0.070662,0.538924,0.101629,-0.931664,1.443268,0.673678,-1.357881,-0.147728,-1.425488,-0.557750,0.160844,0.546850,-1.332224,0.706172,-0.011012,-1.078317,-1.073711,-0.066084
2898,3,-0.366875,-0.056033,-1.029551,-0.620933,-0.090857,0.997181,-0.899772,0.064753,-1.403492,-0.668960,-0.834537,0.030988,0.361683,0.635806,-0.530124,0.890139,-0.471884,-1.999813,0.491866,-2.672720,-1.397493,-1.559733,-0.114072,-1.715966,0.201140,0.651431,-1.486659,-0.023940,-0.045803,1.519759,2.337145,-0.064816
2899,2,-0.572597,0.048663,-0.130440,0.754180,-0.095949,0.817466,0.459161,0.151622,1.532376,1.509794,-0.223784,1.250426,-0.372685,-1.586070,-1.684229,-0.976409,1.117744,-1.270174,-1.148940,0.709826,-0.240036,1.896483,-1.022907,-1.277966,0.705994,0.188201,0.272675,-1.086565,-1.671113,1.025754,1.332317,0.308400
2900,3,0.495548,-1.659156,-0.033467,0.911385,0.167407,1.231508,0.067055,0.750411,-0.001126,-1.375363,1.418317,1.440571,0.861566,-0.709233,-0.794634,-0.124514,-1.267954,2.098579,0.268015,1.292043,-0.402726,0.743815,-0.511343,-1.716311,0.161651,-0.034661,-0.888306,-1.457758,-0.215033,-0.935160,-0.558317,0.611504
2901,2,1.119340,1.216498,-0.709560,-0.132321,-0.079561,-1.501586,-0.628119,1.771652,-1.069906,0.901191,-0.393305,-0.321849,2.544465,0.290737,0.335381,0.511945,-0.417347,-0.234589,-1.055770,0.006892,-0.142483,-0.379300,-2.622859,0.984481,-1.243031,0.810973,-0.401656,-0.933848,-0.580701,0.732697,1.001677,0.307192
2902,3,1.074628,0.056925,-0.076887,-0.984489,0.271429,0.714509,-0.322673,-1.385245,-2.078565,-1.045749,-1.107765,-0.553016,1.189979,-0.925643,-0.235888,-1.013693,2.438020,1.233919,-0.271546,0.713000,1.316269,0.593633,-0.452202,-0.916359,0.990857,-0.141926,-0.329225,-1.175984,0.296571,0.241524,-1.589560,-0.093079
2903,0,-0.730105,-0.019577,1.032497,0.628304,0.750309,0.150040,0.540744,1.170071,-0.327586,0.427751,1.810782,0.431382,0.600471,-0.087359,-0.353423,-0.121957,-0.014901,-0.503235,0.473744,-0.216034,-0.416068,0.660311,2.250667,-1.072954,-0.043424,-1.389823,-0.560471,2.839426,0.514821,-1.421501,0.315223,0.337051
2904,1,2.112972,-0.121978,2.400208,-0.913355,1.865432,-0.784315,0.178029,1.297729,0.871565,-0.100513,0.882983,1.566168,0.130113,-0.140949,0.147734,0.152343,2.369815,0.972179,-0.002036,-1.834897,-2.790751,0.183662,2.290363,1.252963,-0.427934,-2.490351,-0.285263,-1.570164,0.186810,0.723485,-0.345190,-1.004561
2905,1,-1.216496,0.015635,1.466284,0.553238,-0.731010,1.508865,0.490904,1.010782,-0.034349,-1.506233,0.276117,-2.024750,-0.396589,-0.957372,1.076534,0.518309,1.080782,-0.128237,1.421416,1.274549,0.127771,-1.061451,0.959434,0.374635,-0.935902,0.328293,0.666605,1.202964,1.044834,0.548401,1.486566,1.596019
2906,0,-0.575343,-0.006279,-0.416318,0.260249,1.416821,0.813758,0.916310,0.256474,1.572448,0.287775,0.689768,1.092367,1.452108,-1.409035,-0.732467,-2.241023,-0.671590,0.900833,-1.598771,-0.459098,0.192813,0.226497,0.514532,-0.582463,-0.962290,-0.165764,-0.545711,0.984255,-1.488242,0.497166,-0.273247,-0.155029
2907,0,2.843210,-0.464877,-0.115602,0.657561,1.656735,0.001306,0.748911,-1.970745,-0.189168,0.727503,1.952095,1.586162,-0.765290,0.408493,1.167277,-0.628245,-1.577195,1.301849,-1.393777,0.638836,-0.947142,-1.407347,0.504882,-0.665669,-0.571476,-0.017203,-0.644240,-0.751112,-0.625312,0.058762,-2.425328,-2.409855
2908,1,-1.334982,0.834823,-1.429487,-0.345096,1.981969,-0.483938,-0.319663,-0.114438,-0.396305,-0.134442,0.310549,0.211172,1.179281,0.017440,-0.973207,-0.606575,1.851659,-1.363158,-1.565107,-0.566227,-0.740961,-1.469249,0.181717,1.221449,-0.891711,1.299790,0.190836,-1.657207,0.190057,-1.423487,-0.409473,-1.133509
2909,3,-0.291291,-1.937090,1.129790,-1.287881,1.202869,0.194990,-1.159158,0.649650,-0.489951,1.598215,-0.970489,0.092813,2.484056,-1.253316,0.239394,-1.248854,-2.052170,-0.620756,0.002946,-0.760479,-0.409266,1.390142,1.833685,0.202272,-0.637818,-0.666368,-0.016378,0.462221,-0.385637,1.707044,-0.361187,-1.781468
2910,2,0.728541,0.856929,1.642274,-1.321548,-0.035937,-0.160511,-1.256726,-0.225513,-1.677929,0.160015,1.181755,0.305565,0.693576,1.214340,-0.074497,1.427451,0.405607,-0.879459,-0.509364,1.556222,-0.940535,1.672852,-0.901724,1.208790,0.086602,-0.933776,0.986814,0.753573,-0.242718,1.168198,2.021452,1.624170
2911,1,0.657724,1.342820,0.294619,0.031101,-0.272049,-1.206124,-0.010447,0.437283,-2.299981,0.126326,0.401170,0.212300,-1.126280,1.281739,-1.140954,-0.046563,0.342356,-1.176714,-0.348962,0.926255,0.809903,-1.245417,-0.391954,-0.740903,0.225331,-0.246025,-0.270944,-1.139064,1.034521,1.853835,-0.698559,-0.134741
2912,3,0.457176,-1.162838,-0.667295,1.535560,2.140417,0.399066,-0.570015,-0.261619,0.843298,0.438180,0.351514,0.688063,1.158826,1.454708,-2.176454,0.639979,-0.017061,0.594470,0.365668,1.520848,-1.604858,-0.194395,0.839617,1.306458,-0.618433,-0.427577,-0.091814,-1.297974,-0.693126,-0.392718,1.586565,-0.574315
2913,2,0.087408,-0.852196,-0.489756,-0.607356,0.533819,-0.298004,-0.920366,0.915284,-0.067750,1.663856,0.871555,2.607277,0.057175,-0.630687,1.072936,0.620533,-0.550607,0.244286,0.537763,-0.598440,-2.575289,-0.561730,0.986338,-2.611658,-0.303392,-0.030472,-1.117370,-0.757565,1.241122,-1.001742,0.745805,0.581182
2914,0,0.987365,-1.752147,-1.172127,1.458868,0.692213,-0.878628,-1.573979,0.037014,-1.851841,-0.927448,-0.191252,-1.522279,-0.041864,-0.517467,-0.494577,1.507100,-0.170803,-0.240284,0.221988,0.738102,0.293263,-0.376939,0.187330,1.364687,-0.667179,-1.053714,-1.609654,0.085547,0.259015,0.231989,-0.987741,-0.565779
2915,1,-1.407078,0.746920,-2.556497,0.262374,0.162353,0.146475,2.447175,-1.302431,2.490888,-0.763558,0.043685,-1.317690,0.676786,-1.345771,0.870752,-0.701368,1.089705,-0.534425,-0.527945,-0.692027,0.462560,-0.879229,-1.665410,-0.321026,-0.564560,0.027557,0.474824,0.742723,0.275477,1.436564,0.244401,-0.821485
2916,2,-0.504562,1.634118,-0.113528,-0.028955,0.550850,0.803726,-0.337043,-1.939048,-0.707082,-1.140511,0.725955,0.242686,0.309743,0.667694,-0.182214,2.008364,-0.480228,0.786657,-1.939156,2.201216,0.172573,0.389205,-0.460128,-0.328943,0.612016,-0.588554,0.780712,0.465973,-1.875774,0.272364,0.211578,1.178488
2917,0,-0.273831,0.711142,-0.953755,0.454212,1.274599,-0.347562,0.824655,-0.444514,-0.975004,0.091258,0.118570,-0.168698,0.230472,-1.312990,-1.818802,0.232671,0.600492,0.579334,0.484135,1.127955,0.425948,-0.364862,-0.284499,0.475669,-1.291714,-1.341987,0.345815,0.496234,1.353570,-1.455993,-0.026410,0.218142
2918,1,0.107265,1.328459,-0.320426,-0.958395,0.745037,-0.356286,0.500226,-0.037047,0.373787,-0.850187,0.539961,-1.001201,-0.868420,0.514654,0.330148,0.830297,2.040066,0.789254,-1.412537,0.936724,-0.618249,1.446275,1.022790,-0.074101,0.913705,1.479071,-1.736758,1.962742,-1.813543,0.979298,-0.741732,-0.587413
2919,0,1.187284,0.047744,0.466824,-0.272521,0.509482,0.528470,-1.499831,-0.239131,-0.604243,0.054771,0.586178,0.449988,0.891108,0.261618,0.431233,-0.175740,-1.145427,1.431873,0.939401,-1.113768,-2.652066,1.766002,-0.257444,-0.452432,0.542488,1.664790,-0.821885,1.334371,-0.490292,0.988958,-1.470960,-0.956934
2920,0,2.099530,-0.360631,-0.978987,1.002959,0.922059,1.278185,-1.179407,-0.558337,1.492722,-1.968923,-1.911965,-1.157999,0.879624,1.648527,-0.069543,-0.369468,1.078522,0.354595,0.686111,0.620135,-0.163567,0.499066,0.567704,0.152204,-0.546201,1.055418,0.534919,-2.002213,-0.696856,0.636934,-1.734605,0.161790
2921,0,1.033000,2.030695,0.396199,0.395666,-0.459924,-0.572999,-0.297750,0.246651,1.647603,0.637353,0.349016,0.146211,0.190470,0.886446,-0.267080,-1.336648,-1.450252,-0.694322,0.142736,-2.552490,0.260723,0.984111,-0.128096,0.398264,1.677988,-0.231814,-0.688646,-0.405733,1.132340,-0.387403,-0.294040,0.150314
2922,1,1.139628,0.900513,1.532950,-0.938073,0.703972,0.905492,0.975880,1.294978,1.668339,-2.119028,0.896155,-0.287833,0.658538,-0.152611,-1.365587,2.055097,0.067038,0.453295,1.524185,0.635389,0.819646,-0.560638,-0.001075,-1.238675,0.085683,-0.288920,-0.620288,-0.213393,1.113661,-0.777241,0.786794,1.776800
2923,2,0.810531,0.757639,1.428965,0.796650,-0.656095,-0.010647,-0.604026,-0.146832,1.176537,0.376921,1.004222,1.144313,0.536829,0.311522,-0.862870,-1.394926,-1.187501,-2.045933,0.045643,0.041272,1.265275,0.119068,0.474092,-0.270103,1.497683,0.571816,1.035249,-0.004748,-0.944458,0.132192,-1.047484,-1.405672
2924,2,-0.427651,0.058411,-0.188068,-0.427627,-1.144830,-1.844260,-0.131293,0.058328,0.939943,1.938053,-1.170803,1.071262,0.647129,-0.257243,0.613403,0.592203,0.582590,1.178533,-0.161308,1.741378,-0.609180,-0.038244,-0.404309,-1.264027,-0.669599,0.214476,-0.764181,-0.385933,-1.238619,0.514850,-1.158319,-0.912051
2925,3,1.438822,-0.263681,-0.428099,0.815706,0.961453,1.307231,1.229273,-0.849968,-0.061882,1.512119,1.517252,0.331010,-0.230612,0.408091,-0.054570,1.623512,-0.744148,-0.416797,1.740917,-0.377193,-1.296144,-1.302591,-0.503314,0.493441,0.460396,1.390194,-0.483922,-1.067560,0.072384,-0.019671,1.221383,0.395987
2926,0,1.698448,2.021913,0.399772,-0.420656,-0.766991,0.878537,0.272981,-1.703201,-0.080443,-0.227544,1.334216,-1.019833,-1.511552,-0.894030,-0.088674,-0.299432,-1.177827,0.381595,0.015053,-1.099449,-0.290917,0.491244,2.178100,-0.834331,0.202412,0.977843,-0.540065,-0.463797,0.316667,-0.732262,0.460496,3.273964
2927,0,0.116409,-0.922360,-0.683741,-0.205043,0.537633,1.167239,1.044219,-1.209693,-1.026054,-0.180514,0.420778,0.306004,0.092599,0.005061,1.758099,0.467549,-0.470542,-0.985619,0.768531,0.522007,-1.026682,0.468195,-1.817660,0.073210,1.024553,-0.658117,-0.037182,-1.424355,0.847068,0.480665,-1.032681,-0.819067
2928,0,0.801307,0.548560,-1.575506,-0.510409,-0.642918,-0.331892,0.894626,-1.467784,-1.801398,-1.075272,-0.171071,0.807999,1.394555,-0.322411,1.393859,0.062544,-1.650393,-0.400180,1.411881,0.912800,0.495412,-0.412396,0.038124,-0.813385,0.432222,0.088478,-0.316205,0.163084,0.536569,-0.653407,-1.306731,1.026576
2929,0,-0.129374,1.336226,-0.313756,-0.272008,-0.015072,0.502181,-0.920900,-0.631110,0.690993,0.038745,1.000719,0.336084,0.357320,0.787656,-2.377515,-1.661356,-2.190227,0.882610,-1.767071,-1.579246,1.698425,0.405769,-0.190732,1.639019,-0.906070,-0.248063,1.454466,0.087104,0.663198,-0.147915,1.839191,-2.391058
2930,1,-0.179424,1.793091,1.908383,-0.542326,-1.116085,0.749482,-1.315049,0.838216,0.172807,-1.202593,0.862889,-1.154763,0.702689,0.232426,-0.118274,-0.335910,-1.334402,-2.006488,-0.860045,0.943105,-0.091697,1.355288,1.158158,-0.523579,-1.195047,-1.077978,2.777640,-2.058427,0.569277,-0.713755,1.138020,-2.019444
2931,3,1.928183,-2.058031,-1.426652,-0.044978,-0.552278,1.305407,0.056101,-0.296875,1.248259,1.561542,-0.890182,-0.449589,-1.262708,0.352802,-0.094231,0.482323,0.092814,1.012000,-1.454797,-1.834965,-0.095931,-0.435159,-1.339930,-0.777595,0.131187,-0.005593,-0.096844,0.125553,0.324412,0.114999,-1.400369,-1.019749
2932,2,1.539129,-0.951045,-0.281449,0.261732,1.666719,-0.065855,-0.132248,0.359765,-0.045820,0.543774,-1.011855,0.091805,-1.028519,0.240927,0.044050,0.476778,-2.294396,-0.523031,-0.148951,-0.323630,-0.661494,1.050815,-1.266752,-0.095074,-0.120193,0.048357,1.407021,-0.996988,-0.340991,-0.619672,-0.556994,0.334513
2933,2,0.204013,-0.440129,-0.056290,-0.224724,-0.953488,0.294732,0.439324,0.114923,0.210337,0.537937,-0.170726,-0.828682,0.938072,0.368205,0.228993,-0.901245,-0.822893,0.748827,-0.734768,0.122704,0.692962,-0.240507,0.861151,0.596575,-0.727011,0.173722,-1.120337,1.973405,-0.349525,2.028265,-0.993482,0.732065
2934,1,1.743754,0.470122,0.065617,0.530725,-1.477107,-0.538811,-0.619766,0.354036,-1.416555,-1.039503,-0.877646,0.921272,2.618522,-0.914392,0.517141,0.774915,0.716352,-0.293079,-0.872391,0.275912,-0.279638,0.392671,1.927756,-2.443142,-0.890489,-0.547947,-2.354382,-1.045091,-1.676672,-0.831463,2.237386,-3.044276
2935,3,-0.331816,-0.854999,0.693123,0.649758,-1.334572,-0.338064,0.144132,0.345618,2.085178,0.316462,-0.064435,-1.572704,-1.072954,1.349376,-0.077063,-1.007292,0.997594,0.460537,-0.570460,-0.601608,-0.245082,0.585318,-2.025059,0.596249,-0.372489,-0.556639,0.768915,-0.381187,0.385298,-0.831183,-0.519946,0.118424
2936,3,-0.156994,1.373427,0.450453,2.179471,-2.089315,0.657009,0.852451,-0.622722,1.711757,0.395910,0.585278,-0.049368,-0.460854,1.217785,0.194525,-0.056282,-0.407919,0.183987,-2.117213,0.762609,0.648323,-0.397509,1.054610,0.651765,2.745947,0.551083,-0.082292,-1.868878,1.324627,0.092945,-1.975708,0.904866
2937,1,1.795617,0.716661,-1.236972,-0.909739,-0.569706,-0.835990,1.152550,1.234313,1.583656,-0.566620,1.184835,1.270969,-0.489757,-0.167146,1.198073,-0.609963,-0.634568,-0.580900,-1.520681,-1.075410,0.593923,-1.480153,-0.086046,0.395578,0.761930,0.312921,-0.103569,0.650954,-0.119557,1.392959,0.742021,-0.992920
2938,2,-0.059909,0.773847,0.372231,1.163933,-1.554231,2.318813,0.723932,-1.241069,2.953883,0.887678,0.622912,-1.941049,-0.748797,1.390446,0.348689,-0.991962,0.107871,-0.509371,-1.762928,0.973712,0.783044,0.730520,1.339222,1.243801,1.491897,-0.038193,-0.208652,-0.113409,0.463567,2.211029,-0.708261,-0.195433
2939,1,-1.421377,1.580816,-1.089156,-0.048489,-1.233400,-0.593396,-1.077438,0.148167,-0.961702,0.590375,-0.689910,-1.879721,0.143771,-0.552073,-0.195155,0.131292,-1.069200,0.348562,-0.278998,-0.330970,0.894526,1.198830,1.577983,0.563049,0.944947,1.125002,-0.025342,-0.393774,-0.655969,-1.128239,-0.286799,1.808020
2940,1,0.904008,1.203025,-1.460211,-0.236212,-0.180208,-0.858606,-0.817227,-1.899837,0.613331,1.780471,0.513542,-1.455018,-0.115642,0.187168,-0.374053,-0.231971,-0.827851,-1.260359,-1.415765,-2.234619,-0.381170,0.208921,0.892063,-1.431688,-0.073681,1.154293,-1.155907,1.196360,0.977397,1.164659,2.684721,0.640392
2941,1,-0.304328,-0.228157,1.192427,-0.141636,0.574313,0.086426,-0.385928,-0.300918,0.723344,-0.227480,1.864420,-0.037461,-1.326381,-2.231009,-1.552394,0.693986,-0.394635,-1.403872,-0.688973,0.506586,2.289975,0.427871,0.001721,-0.340981,-1.270401,-1.945002,-0.248541,-0.402507,-0.158718,-0.792594,1.770343,1.612127
2942,3,0.295338,-1.214217,-1.189982,1.072428,1.286641,0.602231,0.295405,-0.502790,-0.234733,0.030111,1.155203,0.187804,-0.197452,0.781896,1.388913,0.431853,0.048369,0.918826,-0.864005,1.196563,-1.947079,0.570249,-1.069012,0.696243,0.259897,-1.194754,0.233826,-0.530149,-0.013512,-1.068539,1.167581,-0.551942
2943,3,0.724419,-0.978115,-1.153570,-0.127680,-0.526121,-1.866665,1.535783,-1.799926,0.337609,-0.975357,-0.376624,1.896690,0.839556,1.928658,-1.110594,-0.811594,-1.318356,0.768855,0.530372,0.838732,-0.663020,0.125062,-0.415434,-0.188562,-0.441795,1.198218,0.759103,-0.641542,0.064431,-0.027618,1.033498,0.936073
2944,3,0.041306,-0.436424,0.857275,1.730278,-0.152650,0.826302,-0.742697,1.518906,0.926036,-0.135676,-1.843795,-0.527854,-1.874698,-0.385803,0.064329,-0.036008,-0.539678,0.317904,-0.392572,-0.318912,-0.720699,0.679477,0.361636,-1.117673,-0.267452,-0.194993,-0.533598,-0.108159,2.161565,-0.672297,0.258903,0.031742
2945,0,1.004835,-1.471105,1.409696,-0.090116,0.159100,1.931428,0.113826,-3.322531,0.677139,0.543129,-0.144999,-0.794563,0.482758,0.215862,1.363611,-2.361848,1.478064,0.050864,0.207188,2.807223,-0.512588,0.276253,-0.416347,-0.195638,0.016101,-0.707215,-0.757949,0.108960,-0.519018,0.404360,-1.166946,0.601501
2946,1,-0.207642,0.272515,0.956686,-0.033923,-0.342333,0.237731,0.161197,0.045580,-0.997508,-1.585562,-1.234865,-1.501703,0.825342,-0.612816,-1.021599,0.520884,0.630691,-0.552877,-1.220939,-1.551563,-0.275046,-0.880660,1.489288,0.155634,-0.011304,-0.320082,0.305431,1.630691,-0.924530,1.974592,-1.775745,0.921668
2947,1,-1.827346,0.319185,-1.973103,-0.134344,-0.176045,0.275171,0.038595,-0.484517,0.624043,-2.353565,0.953874,0.175436,1.508607,0.623381,0.078891,0.415555,0.338973,-0.449296,-0.236137,0.289719,1.085552,-1.634997,-1.017482,0.339155,0.269877,-0.191751,0.465398,-0.067597,1.286969,0.603211,-0.658417,0.454717
2948,3,-0.678319,0.933003,0.138012,1.086847,-1.388589,0.201204,-0.429428,-0.964365,-0.451266,-1.361763,0.070200,-1.005191,1.339970,1.040522,-0.209514,0.255309,-0.549758,-1.787032,-2.498585,-1.787664,2.403945,-0.488577,-0.390067,-0.884367,-0.360426,-0.842139,0.702224,-0.563877,1.102634,0.322884,0.554697,0.160447
2949,2,0.380188,0.003840,0.800123,0.141069,-0.114224,0.950450,-1.775463,-0.384095,0.579809,1.388502,1.822517,-0.912429,0.797940,-0.945162,-0.731509,0.932769,1.248059,1.037071,-1.880271,-1.095937,0.480635,-0.091226,-0.260989,-0.807890,-1.467455,1.000255,0.624619,0.952891,0.558469,-0.700074,0.530859,0.243878
2950,3,-0.229128,-1.615265,-0.096163,-0.597932,-0.880949,0.139435,0.477656,-0.534060,0.300465,-0.034164,1.431620,-0.629812,0.523066,-1.835323,-1.549222,-0.768661,-0.609230,-0.914700,0.318575,-1.384011,1.736881,1.714320,0.983800,-0.467468,0.677941,0.285273,0.893134,0.269799,-0.405936,-0.185490,-1.144810,0.786307
2951,3,0.948623,-0.055670,1.271126,0.275312,-0.049146,0.499553,-1.412388,-2.539961,-0.616750,-1.468483,0.401132,0.117780,0.861596,0.091490,0.251868,-1.121942,-0.580378,-0.427398,0.513370,1.033471,0.732519,0.012048,-0.184619,0.695713,-0.607332,0.704547,0.375485,1.020646,-0.337846,-1.265192,-1.929126,0.426157
2952,0,0.420974,-1.387495,-1.120214,-0.597768,-0.477704,-0.272758,1.376245,-2.472776,0.870661,1.931414,2.124867,-1.530671,1.593588,0.861677,1.680491,-1.069457,-1.561767,-1.344352,2.293782,2.557242,1.822791,-0.681984,1.726842,-1.272984,-0.929696,0.763394,-2.061221,-0.670691,0.514959,-1.008160,-0.164142,-0.652640
2953,3,0.636231,-0.274736,-0.661936,1.188545,0.428903,1.161781,0.047039,-0.105465,-1.157450,1.708639,-1.562292,0.459468,-1.075046,-1.763558,2.264839,-1.170402,0.375601,-1.129305,-0.734473,-0.125048,1.579997,0.712722,-0.481415,1.315482,-1.309033,-0.236208,0.652565,-1.842866,0.851735,-0.348200,-2.053633,-1.589223
2954,2,0.521801,-0.228590,1.610379,-0.303803,-0.159306,1.853388,0.632137,1.738029,0.221876,-0.078157,0.146509,-0.485695,-1.251546,-0.363015,-0.112187,-1.035808,-0.825592,0.291768,-0.936493,-0.355938,-0.155517,0.278703,0.044173,1.393095,-0.070103,-2.144302,1.801784,0.798691,-0.169854,0.223748,-1.382008,0.144955
2955,0,0.392722,-0.955563,1.061508,-0.252885,-0.079819,-1.699480,1.147976,-1.339144,-0.747615,1.228447,0.687899,0.616906,0.597151,2.159772,-0.677349,0.566629,-0.658877,0.658219,-0.098766,0.354982,1.705942,-0.445439,-2.736414,1.113051,-0.107160,-0.786643,0.288881,2.196562,0.299989,-2.024455,-1.940241,-0.202319
2956,3,0.532258,-0.417892,0.560705,2.358200,-1.575064,1.134758,-1.995768,-1.455542,-1.666998,0.432686,-1.745294,-0.235428,-0.020433,-0.066879,1.145376,-0.292593,-0.406999,-1.054061,0.377301,-0.072381,0.071364,-0.754766,-0.642349,0.469984,1.043775,-1.018969,1.124542,0.715087,-0.493277,-1.530969,-0.125216,0.653524
2957,3,1.451595,0.642224,0.088820,1.469001,0.470378,0.788649,0.983819,-0.215200,-0.085455,-0.996004,0.362841,0.389588,-0.669737,-0.925966,-0.294429,-0.580276,-1.082620,-1.377317,0.284533,0.803054,0.311238,0.249001,-0.086242,0.848034,0.388244,-0.139833,1.815781,1.250884,-0.061474,1.294692,-1.494720,-1.131553
2958,2,-1.656888,-2.797961,2.506321,-0.065301,-0.101555,0.661133,1.837822,-1.096328,-0.647045,0.359397,0.318166,-1.402478,-0.598647,-0.440480,-0.815680,-0.385817,-1.202810,0.764864,-0.405378,-2.309722,0.048659,1.567191,1.881521,0.778428,1.516162,-0.343510,-0.589668,0.301660,-0.358768,-0.491803,-1.990361,1.886671
2959,3,-1.189907,0.478877,-0.877757,-0.542209,-0.580750,1.562554,-0.327061,-0.709170,0.231974,-0.629061,0.699634,-0.260324,1.654420,0.988424,1.342774,0.061117,0.028625,-0.537459,-1.725172,0.709754,-0.395135,0.425751,-0.863517,0.927450,-0.170343,-1.676165,0.008596,0.495387,0.071744,-0.082357,0.492638,0.912341
2960,1,0.116980,-0.167687,-0.089698,-0.117975,1.112529,0.883151,-0.286954,-0.269719,1.033731,-0.342635,-0.904665,0.221785,0.805507,0.245081,0.084864,2.804274,0.490447,1.075709,-0.717968,0.435149,-0.742310,-0.095337,-0.156025,-0.896119,-0.484572,-2.686008,0.376612,-0.592336,-0.693679,-0.723526,0.288337,-0.483057
2961,1,0.450743,0.301923,-0.090903,-0.075108,-1.141872,0.028605,-0.547610,-0.811773,0.145375,-1.815382,0.933736,0.722030,-1.431319,-2.048678,1.134541,0.085164,0.573904,2.298848,1.646216,-1.316766,0.036285,-0.258197,-0.612981,0.744671,-1.273315,0.363107,2.653452,0.581166,1.077358,-0.415453,-0.620160,-1.713525
2962,3,-0.134827,-0.181495,1.125577,-1.839975,-1.141263,-1.026634,0.906495,0.197269,0.443813,0.423169,-0.580048,-0.153258,0.951482,-1.052932,0.610129,1.622163,-0.457226,0.855629,-0.131881,0.389414,-0.937895,1.020938,-1.731708,1.478302,-0.112641,0.567803,-0.538524,-1.242251,-1.244794,-0.068732,1.052482,1.088201
2963,2,-0.571547,0.492395,1.447855,0.582142,-0.383500,-1.078947,-0.526080,-1.349627,-0.920259,0.809483,-0.216765,0.546292,-0.343042,-0.398419,0.201072,0.677099,-0.669520,-0.315452,-0.787990,-0.481797,0.068616,0.137433,-0.983200,1.504372,-0.961392,-0.579831,1.161902,1.085073,-1.273282,-2.044368,1.337017,-0.667995
2964,3,0.453028,-1.619127,-2.003640,1.105917,1.230947,-1.535276,0.413744,-0.083315,1.484644,-1.629529,0.036111,-0.660287,-0.243161,-0.098280,0.968161,0.199745,-0.375923,-0.173932,0.294345,-0.092418,1.033785,-1.003354,-0.021921,-0.727115,1.943134,-0.031437,-0.615731,2.442707,-0.192817,1.691909,1.016555,-1.056014
2965,1,-1.971877,-0.685361,-0.083440,-0.294111,0.197200,0.038439,-0.373372,-0.932545,0.709784,0.115172,-0.160490,-0.530513,0.546279,0.204868,-0.604495,-0.505669,-2.684416,-0.687677,-0.461656,1.693244,0.434308,0.795061,-0.933656,0.460710,1.291499,-0.250820,1.546744,-0.825891,-0.811428,0.500480,-0.253687,-1.496156
2966,1,2.198953,0.145398,-0.148417,-1.679991,-0.129364,-0.704623,1.313078,0.581920,1.946017,-0.502191,-0.904253,1.069712,-0.434280,-0.347536,-1.030772,0.095903,1.879244,-0.027306,1.100446,0.814855,0.349965,-0.033882,0.733084,0.224221,-0.894655,0.027779,-0.651239,0.479503,-1.276476,-0.460407,-0.796655,0.096588
2967,0,0.488984,-0.085614,0.083469,1.760002,0.977695,0.257982,-0.332188,-0.614861,-0.670463,-1.581086,0.553304,-0.342446,0.704232,0.363711,-1.324371,0.067176,1.422656,-1.675710,-1.232071,-2.540157,-1.421839,1.302205,0.917169,0.947658,0.191974,0.898300,-0.974512,-0.638625,1.881751,0.727416,0.351595,-0.384888
2968,3,-0.200801,-1.508346,-1.116035,-1.117077,0.251867,1.132918,-1.181794,1.761073,-0.250997,1.514310,0.846128,0.112207,-1.338246,0.313054,-0.703315,2.218026,-0.300280,0.107161,-0.718153,0.677168,0.864838,-0.340493,0.074062,0.117518,-0.181377,0.984271,0.050127,-1.904112,0.910977,-1.453267,-0.249620,-0.431840
2969,1,0.206133,2.479784,-0.014223,1.587333,0.903204,1.823949,0.390238,-1.415056,-1.342813,-1.520334,2.174669,0.799037,-0.172906,-0.703820,0.765036,0.037929,-1.438409,-1.673733,1.111892,-1.329986,1.723673,-0.562477,1.080486,-0.233760,1.773657,-0.017551,0.334202,-0.616331,-0.442367,-0.328170,-0.949629,-0.360333
2970,0,-0.184401,1.770289,0.398195,-1.791423,-0.524505,-0.772272,0.738512,-0.069788,-0.468920,1.865284,0.227129,0.699061,-0.196679,1.190661,-0.030927,-0.226645,1.538126,0.531659,1.549878,0.395655,0.763406,-0.846391,0.065473,0.751108,-0.445692,0.366273,0.672949,0.003246,0.088947,-0.238341,-0.986670,-0.523403
2971,3,-1.466508,-0.130258,0.949588,-1.093213,-1.171491,-0.387230,-0.567013,-0.826905,0.430051,0.503003,-0.794471,1.551859,-0.568069,-0.262524,0.625989,0.778884,-1.908973,0.429834,1.424520,0.780822,0.061174,0.758846,-0.381452,0.203462,0.525706,-0.629320,-0.343682,0.154261,-1.478407,0.952077,-0.060619,-0.307062
2972,1,0.747580,-0.092665,-0.756909,0.307289,-0.222255,-0.490704,1.454059,0.498773,-1.460481,0.370958,0.375748,-0.045347,-0.341799,0.982807,-0.051580,0.518102,-1.613020,-0.003872,-0.737359,0.338772,-0.039270,-0.111931,-1.333069,-0.278410,-0.636436,1.652623,2.289727,-0.059382,1.353436,0.874544,-0.275226,-0.024786
2973,2,0.738265,-1.684311,0.476087,1.359457,0.672430,-0.206480,0.224858,1.992721,-2.238402,-0.180680,-1.202958,-0.796977,-0.517745,-2.293176,0.980480,1.217001,-0.095477,1.991550,0.002142,-0.053615,-1.615488,0.502724,0.588564,0.235369,-2.361085,-0.232765,1.021577,0.886487,0.982156,1.374344,0.551955,-0.770149
2974,3,-0.737350,0.974093,-1.394605,0.431099,-1.187105,-1.542841,1.240687,-0.028676,1.106934,0.696819,0.296863,0.107770,1.267773,0.576093,-0.187541,-0.865445,-0.845314,0.591565,0.821163,-0.370583,-0.411321,-0.431213,0.067394,2.230414,-0.430177,-0.794887,-1.764513,-0.449667,1.171264,-0.469601,0.735436,-0.435626
2975,0,-0.387711,0.550301,1.199577,1.757102,-0.911520,0.235513,1.243973,-1.898700,1.646146,-1.469280,0.341702,-0.769965,0.038394,-0.125649,1.577447,-0.175739,0.190744,-0.361595,0.432742,0.905008,-0.063014,-1.513360,0.468787,-1.234895,0.094125,1.166319,0.259748,0.353078,-0.094374,-1.452580,1.071810,0.104688
2976,3,0.790387,1.657677,0.513248,-1.264834,-0.930253,0.069431,0.560417,2.159167,-0.609952,-0.005612,0.855470,-0.394799,0.532556,1.054492,-0.398942,0.808796,0.493054,1.451812,-1.692661,-0.334316,0.308005,-1.204200,0.110856,-0.642462,-0.743412,-1.221079,-0.088376,-1.685008,-1.239578,-0.021127,0.283326,-0.124467
2977,2,0.408195,-0.257731,1.470747,0.291286,-0.046522,-0.120222,1.787160,-0.428463,0.266325,0.588884,0.450333,0.104255,0.133316,0.885168,1.302442,0.694261,-0.114876,0.021488,0.336823,-0.921986,0.959439,-1.372018,1.918967,-1.326256,-1.071391,0.789133,-0.785301,-0.702666,0.146476,0.332228,-1.679066,-0.196326
2978,2,0.629421,0.454051,-0.023789,-0.889308,-0.328087,-0.102933,0.740790,-0.137916,0.791275,-0.461954,0.791598,0.392262,-0.221076,-0.158521,-0.798749,1.179930,-0.948568,-0.170006,-0.007736,0.592565,-0.054998,-0.614970,0.593846,0.694834,-0.952586,0.148011,-1.070372,0.353195,1.778557,-0.084921,1.183533,0.064146
2979,2,-1.818111,-0.420649,-0.127829,0.007136,0.203105,-0.348585,-0.040928,-0.004001,-0.018864,-1.447366,-1.599877,0.311512,1.070801,-0.598830,-0.014919,0.855487,-0.601813,-0.666207,-1.043230,-0.322772,-0.295715,0.531044,-1.296763,0.811414,0.294624,0.917830,-0.047519,1.831544,-0.201564,0.359586,-0.507502,0.027506
2980,2,0.602230,1.935081,-0.164904,-0.066047,1.589903,-0.465850,-0.895002,0.522354,0.490984,0.781671,-1.051529,0.222242,0.537832,0.451827,1.339921,-0.150877,0.792124,-0.139394,0.477672,0.136270,1.133065,0.895176,0.815090,1.777392,-0.510604,-0.281191,-0.056744,0.191409,-0.348706,-0.814233,-0.046465,1.428119
2981,3,1.154135,1.928006,-0.659637,0.107266,-0.593890,0.662869,-0.107829,2.867992,-1.863052,-0.756863,0.038712,-0.754556,-1.042135,0.675009,0.136276,-0.169800,0.112069,0.288736,-0.317285,-1.224874,-0.366884,1.483776,-0.447154,0.933332,-0.958462,-0.205153,1.390904,-1.562324,-1.027189,2.007324,0.797075,-1.588720
2982,3,-0.674342,-0.102135,0.294749,1.313556,-0.397573,-0.008557,-0.950710,0.389162,-0.563201,0.767873,-0.975564,-1.322889,-1.312996,0.652699,0.319359,0.063595,-0.426276,1.470225,0.207674,0.739469,-0.057872,-0.607435,-0.585505,1.066295,-0.287200,-0.183963,0.568017,0.766670,1.224936,0.724756,0.820569,0.387523
2983,2,-0.713547,-0.177675,2.511833,0.377408,-0.147761,-0.836237,-0.788757,2.124604,-0.133469,-0.018443,-2.011261,-1.495950,-0.631560,-0.756244,0.405348,-0.173147,0.898379,0.939458,1.766879,-1.220350,-0.281009,-0.006645,-0.222508,-1.013715,-0.803964,0.575970,-0.300667,-1.643174,-0.247772,1.512396,-0.192430,-0.170258
2984,0,0.542796,0.548997,0.755159,0.259303,-1.246045,-0.267427,-0.103955,-0.292069,1.578343,-1.038724,1.264018,0.737296,1.676123,0.198222,-0.155234,0.139640,0.332750,0.205073,-1.339864,0.054740,-0.952193,-0.424755,-0.604469,1.207919,-0.808042,2.053273,-1.221038,1.280597,-0.199831,2.222157,0.880603,0.956509
2985,0,0.417554,-1.513497,1.061522,0.201568,0.054975,0.944334,0.730186,0.320958,-0.642727,-0.545114,1.424622,-0.884192,0.312503,0.485848,-0.363327,0.433404,-0.197394,-1.433691,-0.823253,-0.272210,-0.826090,0.389548,0.156187,1.649566,1.374831,1.671204,-0.178864,-0.886735,-0.185264,-0.626075,1.093590,-0.416196
2986,2,1.710552,-1.381798,0.546393,-0.337471,-0.000207,-1.066835,0.030339,-1.045620,-0.627768,-1.269743,-0.361434,-0.696199,0.204949,-0.868396,-0.975134,-1.239908,-0.735526,-1.101879,0.428789,-0.649852,-0.974749,-0.382123,-0.690709,0.774839,0.477941,-1.389667,-2.082871,-1.976591,-1.519994,1.176472,0.693913,-1.251466
2987,3,0.266684,0.067413,-0.417152,-0.326198,0.442479,0.678611,-1.143834,0.284111,1.025982,-1.023211,1.250215,-0.677263,-0.106251,-0.924270,0.451006,-1.643184,0.051772,-0.083604,-0.205820,-1.037880,-0.711837,2.048184,-0.614922,-0.556717,0.420428,0.562905,-1.244228,-0.352517,1.351268,-0.580850,0.373530,0.505626
2988,0,1.853173,-1.067697,1.099127,-0.142267,0.570789,1.257213,1.562274,0.960076,-0.208930,-0.323105,-0.798651,1.166631,-1.669988,-1.279261,-1.771711,0.118615,-0.603200,0.297297,1.720470,-0.149400,-0.158280,0.287724,2.164401,0.108447,0.721853,-0.285348,-1.578125,-1.129104,0.470772,0.026472,0.942223,0.178877
2989,1,-1.537901,-0.258614,0.724719,-1.121316,0.746278,-0.585167,0.564727,-0.003618,-0.101888,-0.646737,0.043717,-0.731006,-0.868426,0.160045,1.219516,-2.428275,0.968802,2.291747,0.556817,-1.448097,-0.728443,-1.556034,-0.299056,-0.309536,-1.307606,-0.633182,0.027842,0.620245,1.385570,2.193217,0.937637,-0.710493
2990,0,0.226426,0.765020,-1.050304,-0.017404,-0.013158,-0.304765,-1.177195,-0.583629,-0.543023,1.061769,1.647104,-1.162304,0.698526,0.093774,-0.599209,0.013722,2.019360,-0.139580,1.573227,-1.169569,0.147710,1.097052,-0.443267,1.275446,0.471151,0.002379,1.574045,0.508420,-0.336164,-1.009573,-1.439244,0.369504
2991,2,-0.547877,-0.413347,1.492475,-1.396816,2.042809,-1.762476,1.139167,0.228654,0.478166,0.712323,-1.076881,-1.311664,-0.825078,1.182972,1.871686,1.353913,-0.778776,-0.016051,-2.052182,1.628937,-0.311840,-1.015411,1.144680,-0.525313,1.710325,0.678119,1.145616,0.423092,0.572457,0.166104,0.265192,0.657407
2992,3,-0.933869,-0.308080,0.051779,-0.058093,-1.179295,-0.075551,1.754875,-0.172749,0.048147,1.510473,0.922951,1.431731,-2.254144,0.702444,-0.713121,2.078398,0.125003,0.844606,0.964457,0.515938,0.063353,-0.747823,0.754279,2.018755,0.312162,0.958460,-0.508945,1.421065,0.906255,1.873335,0.926721,0.763608
2993,2,1.595151,-1.727332,-0.401296,-1.458283,-0.571753,0.459590,-1.257087,0.409966,-0.001922,-0.276160,-0.047126,-0.706639,2.559591,1.127265,0.947204,-0.828872,-0.816844,0.356335,-1.706537,1.160797,0.076880,0.069788,-1.011397,-0.013218,0.710297,-1.774352,0.443582,-1.219047,-1.738947,1.037032,-0.180868,0.366223
2994,3,-0.618690,1.132280,0.757653,-0.631944,0.630624,-0.632876,-0.770670,-0.257703,0.789021,0.376035,1.250996,-0.310315,-0.357845,-0.997505,-0.968002,-0.480577,0.410144,1.002341,1.496360,0.542167,-2.047163,0.794660,-0.288616,-0.324144,0.142773,-0.039427,-0.031639,0.545293,-0.494564,0.076930,0.326834,-1.605107
2995,3,0.584353,-2.661063,-0.808025,0.315642,-0.366909,-0.980388,-0.493555,1.381821,-0.928650,-0.561230,1.975521,-0.282443,-1.047459,0.366582,-0.835015,0.342451,-0.927147,1.046726,0.460895,-0.183193,-0.416248,1.198953,1.226500,-0.672544,0.842106,-1.361957,-1.874553,1.894183,2.005054,-0.453546,-0.457079,0.111936
2996,2,0.871953,0.323884,-0.378515,0.006030,-1.262073,0.751117,-1.023583,-1.446823,1.177123,0.801938,1.338575,-1.538617,0.574386,0.327536,0.243085,-1.502748,-0.124180,-1.014428,0.103153,-0.653392,-1.133242,-0.030961,-0.372162,-0.277123,-0.306607,0.220856,-0.258044,-0.028341,1.272096,-0.312909,-0.457522,1.413886
2997,3,1.005799,-0.548840,-1.579167,0.468603,-1.989732,-1.154900,0.858660,0.386095,-0.194314,0.239051,0.995285,-0.357134,-0.146423,-2.020253,0.602199,1.930382,-1.261962,-0.460693,0.977551,-0.485244,-1.233109,1.136590,0.195953,0.183765,1.352729,-0.218255,0.591710,-0.063598,-0.406764,-0.020103,0.142383,-0.292990
2998,0,2.061241,-0.330934,-0.605693,0.504575,0.673640,-1.313608,-1.279540,0.849852,-0.343327,0.003029,0.696826,0.110233,0.136385,0.935138,-1.796586,-0.234405,0.002274,-0.568923,1.965894,2.084878,0.915387,-0.104419,2.599725,1.621037,0.767627,0.092935,-0.600384,0.123085,-1.853210,-0.471630,0.574130,-1.229454
2999,1,0.346361,0.883707,-1.093487,1.236551,-1.725602,1.265156,-0.356861,1.357515,-0.179049,-0.074174,2.867743,0.353475,-0.273988,0.086643,0.800373,-1.465408,-2.944010,2.052404,-0.743634,0.796733,-0.486405,-0.836677,0.598527,-1.193576,-0.851585,0.080392,0.537312,0.836917,0.206407,1.106738,0.065502,0.575028
